stock_id,peer,corr,dev,start,first,per,rule,ret,sector_avg,excess
1721,4711,0.6382733310404781,0.2892670551921517,20211018,True,is,to_release,-0.14196544409849032,0.057613644402074726,-0.19957908850056505
1721,4711,0.6382733310404781,0.2892670551921517,20211018,True,is,H5,-0.14835279811264546,0.012673377857576546,-0.161026175970222
1721,4711,0.6382733310404781,0.2892670551921517,20211018,True,is,H10,-0.14196544409849032,0.057613644402074726,-0.19957908850056505
3675,5443,0.6308517910968923,0.5159898046441072,20211026,True,is,to_release,-0.006325442289549454,0.0455409659197842,-0.05186640820933366
3675,5443,0.6308517910968923,0.5159898046441072,20211026,True,is,H5,0.050886123154385565,0.061330297982443785,-0.01044417482805822
3675,5443,0.6308517910968923,0.5159898046441072,20211026,True,is,H10,-0.006325442289549454,0.03193926221324548,-0.038264704502794934
4743,4128,0.7841721460064656,0.17526738446313694,20211020,True,is,to_release,0.04202672839971133,-0.05120338883899323,0.09323011723870456
4743,4128,0.7841721460064656,0.17526738446313694,20211020,True,is,H5,0.01045016087244699,-0.052249933091985834,0.06270009396443282
4743,4128,0.7841721460064656,0.17526738446313694,20211020,True,is,H10,0.04202672839971133,-0.05120338883899323,0.09323011723870456
4192,1734,0.7066160410737875,0.47566695121914626,20211008,True,is,to_release,-0.1757762815796693,0.010231927302268962,-0.18600820888193825
4192,1734,0.7066160410737875,0.47566695121914626,20211008,True,is,H5,-0.012998556625183566,-0.002368959053392969,-0.010629597571790597
4192,1734,0.7066160410737875,0.47566695121914626,20211008,True,is,H10,-0.1757762815796693,0.010231927302268962,-0.18600820888193825
3016,3041,0.6915743641193436,0.14619774635420102,20211124,True,is,to_release,-0.03213486114615849,-0.013187616841470759,-0.01894724430468773
3016,3041,0.6915743641193436,0.14619774635420102,20211124,True,is,H5,-0.052149797547862975,-0.02099241603773474,-0.031157381510128236
3016,3041,0.6915743641193436,0.14619774635420102,20211124,True,is,H10,-0.04786088260464061,0.012128927103516866,-0.059989809708157475
5236,8271,0.601369301324049,0.19227348203242656,20211123,True,is,to_release,-0.00994200765271891,-0.00998470423905619,4.2696586337280865e-05
5236,8271,0.601369301324049,0.19227348203242656,20211123,True,is,H5,-0.05849495823691364,-0.03483473399864503,-0.023660224238268614
5236,8271,0.601369301324049,0.19227348203242656,20211123,True,is,H10,-0.00994200765271891,-0.00998470423905619,4.2696586337280865e-05
5468,6679,0.6773594131664512,0.20451482538407562,20211118,True,is,to_release,0.029914549608504037,-0.021802421305052888,0.051716970913556926
5468,6679,0.6773594131664512,0.20451482538407562,20211118,True,is,H5,-0.0051348984148221755,-0.022516889621176428,0.017381991206354253
5468,6679,0.6773594131664512,0.20451482538407562,20211118,True,is,H10,0.029914549608504037,-0.021802421305052888,0.051716970913556926
3228,3169,0.6132933659548684,-0.18669916321433666,20211117,True,is,to_release,0.07395298505246273,-0.03076018186180628,0.104713166914269
3228,3169,0.6132933659548684,-0.18669916321433666,20211117,True,is,H5,0.06103972270714242,-0.020067381369372507,0.08110710407651492
3228,3169,0.6132933659548684,-0.18669916321433666,20211117,True,is,H10,0.07395298505246273,-0.03076018186180628,0.104713166914269
5344,2388,0.7098385598297892,0.0009492565368103278,20211116,True,is,to_release,-0.11144359422072336,-0.014773618879863963,-0.0966699753408594
5344,2388,0.7098385598297892,0.0009492565368103278,20211116,True,is,H5,-0.06957992374820154,0.009376226586741584,-0.07895615033494313
5344,2388,0.7098385598297892,0.0009492565368103278,20211116,True,is,H10,-0.11144359422072336,-0.014773618879863963,-0.0966699753408594
5351,2388,0.7074738314211713,0.17560603526417817,20211105,True,is,to_release,0.24230736941789432,0.08176805900235293,0.1605393104155414
5351,2388,0.7074738314211713,0.17560603526417817,20211105,True,is,H5,0.30658874061387054,0.01817534821337086,0.2884133924004997
5351,2388,0.7074738314211713,0.17560603526417817,20211105,True,is,H10,0.24510221164380597,0.08319572093164335,0.16190649071216262
4192,1734,0.6716029753739131,-0.1014258910630248,20211101,False,is,to_release,-0.006134994433370733,-0.04577201703557436,0.03963702260220363
4192,1734,0.6716029753739131,-0.1014258910630248,20211101,False,is,H5,0.010825159245240634,-0.0287926488889265,0.03961780813416713
4192,1734,0.6716029753739131,-0.1014258910630248,20211101,False,is,H10,-0.006134994433370733,-0.04577201703557436,0.03963702260220363
5227,6207,0.6910751947069503,0.5631029517653279,20211230,True,is,to_release,-0.09992590369344434,-0.07574188376270187,-0.02418401993074247
5227,6207,0.6910751947069503,0.5631029517653279,20211230,True,is,H5,-0.04466896735811687,-0.01699494843008435,-0.027674018928032524
5227,6207,0.6910751947069503,0.5631029517653279,20211230,True,is,H10,-0.09992590369344434,-0.07574188376270187,-0.02418401993074247
5344,2388,0.6433522485969974,0.2276668294170483,20211209,False,is,to_release,-0.03849406910097297,-0.01043817308350755,-0.028055896017465422
5344,2388,0.6433522485969974,0.2276668294170483,20211209,False,is,H5,-0.030828304276037666,-0.025863226814404016,-0.00496507746163365
5344,2388,0.6433522485969974,0.2276668294170483,20211209,False,is,H10,-0.03849406910097297,-0.01043817308350755,-0.028055896017465422
4755,1773,0.6408512124387278,0.5379233065443534,20220103,True,is,to_release,-0.11561538478104227,-0.04651399416867125,-0.06910139061237103
4755,1773,0.6408512124387278,0.5379233065443534,20220103,True,is,H5,-0.12667019247127942,-0.01022399212945369,-0.11644620034182573
4755,1773,0.6408512124387278,0.5379233065443534,20220103,True,is,H10,-0.1404887020840755,-0.044939473240959586,-0.0955492288431159
9955,8390,0.6773935841593753,0.35565634691654213,20220225,True,is,to_release,-0.114679977976484,0.14058980118748865,-0.25526977916397264
9955,8390,0.6773935841593753,0.35565634691654213,20220225,True,is,H5,-0.02309514811198221,-0.03891333905901473,0.015818190947032518
9955,8390,0.6773935841593753,0.35565634691654213,20220225,True,is,H10,-0.06888756304423305,0.23532714285999923,-0.3042147059042323
2745,2743,0.8000697437544986,0.015070259042224032,20220223,True,is,to_release,0.0660385062573623,-0.0367766586296851,0.1028151648870474
2745,2743,0.8000697437544986,0.015070259042224032,20220223,True,is,H5,0.10080063146140694,-0.0007868340087628009,0.10158746547016974
2745,2743,0.8000697437544986,0.015070259042224032,20220223,True,is,H10,0.0660385062573623,-0.0367766586296851,0.1028151648870474
2024,2033,0.7784044045409606,0.08008092267697187,20220309,True,is,to_release,0.11023028880365571,0.056756980289385514,0.05347330851427019
2024,2033,0.7784044045409606,0.08008092267697187,20220309,True,is,H5,0.0398475915584342,0.008993680086187816,0.030853911472246386
2024,2033,0.7784044045409606,0.08008092267697187,20220309,True,is,H10,0.11023028880365571,0.056756980289385514,0.05347330851427019
5603,2641,0.6021260670234037,0.4820788948211221,20220331,True,is,to_release,0.05516384671932473,0.023084570722050154,0.03207927599727457
5603,2641,0.6021260670234037,0.4820788948211221,20220331,True,is,H5,4.334726383770082e-05,-0.012056046992556526,0.012099394256394226
5603,2641,0.6021260670234037,0.4820788948211221,20220331,True,is,H10,0.05516384671932473,0.023084570722050154,0.03207927599727457
4106,4121,0.7803868955878073,0.015721393540734097,20220425,True,is,to_release,-0.2168779607345217,-0.13623761673418688,-0.08064034400033482
4106,4121,0.7803868955878073,0.015721393540734097,20220425,True,is,H5,-0.07054509508121887,-0.06486859931566401,-0.005676495765554859
4106,4121,0.7803868955878073,0.015721393540734097,20220425,True,is,H10,-0.2168779607345217,-0.13623761673418688,-0.08064034400033482
4133,6598,0.8831563874893369,0.22379928655367376,20220418,False,is,to_release,-0.297502725471152,-0.07117659010414812,-0.22632613536700386
4133,6598,0.8831563874893369,0.22379928655367376,20220418,False,is,H5,-0.14052493943445898,-0.0010516346263862262,-0.13947330480807277
4133,6598,0.8831563874893369,0.22379928655367376,20220418,False,is,H10,-0.22812027860410533,-0.04612511133352393,-0.1819951672705814
4133,6598,0.8995111895337403,0.3019620475292253,20220413,True,is,to_release,-0.09525573639661511,0.007039330068285267,-0.10229506646490037
4133,6598,0.8995111895337403,0.3019620475292253,20220413,True,is,H5,0.06739491773433048,0.0576365929658142,0.009758324768516284
4133,6598,0.8995111895337403,0.3019620475292253,20220413,True,is,H10,-0.1633656978139486,-0.023220722374128408,-0.14014497543982019
6598,4133,0.8166542041783255,-0.07108734261689542,20220419,True,is,to_release,-0.03550657438139282,-0.06880501475180746,0.03329844037041464
6598,4133,0.8166542041783255,-0.07108734261689542,20220419,True,is,H5,0.007390550717856659,-0.04206636262252482,0.04945691334038148
6598,4133,0.8166542041783255,-0.07108734261689542,20220419,True,is,H10,-0.03550657438139282,-0.06880501475180746,0.03329844037041464
4736,6598,0.7101948780321342,0.004218608745329089,20220419,False,is,to_release,-0.20971583041558994,-0.06960236954565764,-0.14011346086993232
4736,6598,0.7101948780321342,0.004218608745329089,20220419,False,is,H5,-0.18987245061161462,-0.04106199166921561,-0.148810458942399
4736,6598,0.7101948780321342,0.004218608745329089,20220419,False,is,H10,-0.20971583041558994,-0.06960236954565764,-0.14011346086993232
4736,6598,0.6026125556066548,0.13547124524090015,20220414,True,is,to_release,-0.05457130484271566,-0.0008832694293535216,-0.05368803541336214
4736,6598,0.6026125556066548,0.13547124524090015,20220414,True,is,H5,0.1047706100714334,0.062942661948618,0.0418279481228154
4736,6598,0.6026125556066548,0.13547124524090015,20220414,True,is,H10,-0.013142406965036879,-0.001681446456931528,-0.01146096050810535
5309,6156,0.6280172611345864,0.11829496476439161,20220414,True,is,to_release,-0.142482515613922,-0.08586490746770692,-0.05661760814621508
5309,6156,0.6280172611345864,0.11829496476439161,20220414,True,is,H5,-0.047990230833086844,-0.01746263657298457,-0.030527594260102275
5309,6156,0.6280172611345864,0.11829496476439161,20220414,True,is,H10,-0.142482515613922,-0.08586490746770692,-0.05661760814621508
1568,6605,0.6106580128548375,0.12091538828065795,20220527,True,is,to_release,0.01206922782453157,0.02000593308215036,-0.00793670525761879
1568,6605,0.6106580128548375,0.12091538828065795,20220527,True,is,H5,0.010647782279833873,0.01901442357160079,-0.008366641291766917
1568,6605,0.6106580128548375,0.12091538828065795,20220527,True,is,H10,0.01206922782453157,0.02000593308215036,-0.00793670525761879
2743,5706,0.6657730705419969,0.3097152731232775,20220519,True,is,to_release,0.14579515642309349,0.05703634355671657,0.08875881286637691
2743,5706,0.6657730705419969,0.3097152731232775,20220519,True,is,H5,0.043377712273543256,0.04697053968728541,-0.0035928274137421515
2743,5706,0.6657730705419969,0.3097152731232775,20220519,True,is,H10,0.14579515642309349,0.05703634355671657,0.08875881286637691
2745,2734,0.8969515836262544,0.1390958889203311,20220608,True,is,to_release,0.06581176275063338,-0.0321841432008676,0.09799590595150098
2745,2734,0.8969515836262544,0.1390958889203311,20220608,True,is,H5,0.025642977722343252,0.0020906252936697565,0.023552352428673495
2745,2734,0.8969515836262544,0.1390958889203311,20220608,True,is,H10,0.06581176275063338,-0.0321841432008676,0.09799590595150098
2380,2405,0.6025271864920637,0.16390142546841102,20220729,True,is,to_release,-0.022004852518357154,0.01551304977612761,-0.03751790229448476
2380,2405,0.6025271864920637,0.16390142546841102,20220729,True,is,H5,-0.046809077273326394,-0.007841807904856184,-0.03896726936847021
2380,2405,0.6025271864920637,0.16390142546841102,20220729,True,is,H10,-0.022004852518357154,0.01551304977612761,-0.03751790229448476
2388,5344,0.7338010361259,0.1898992927983414,20220728,True,is,to_release,-0.07781803400612441,0.002407323249316853,-0.08022535725544126
2388,5344,0.7338010361259,0.1898992927983414,20220728,True,is,H5,-0.02429854490826555,-0.06635611957843228,0.04205757467016673
2388,5344,0.7338010361259,0.1898992927983414,20220728,True,is,H10,-0.02841542868502378,-0.03698478307715071,0.00856935439212693
3362,4976,0.8157157257435895,0.299135851931124,20220722,True,is,to_release,-0.04342451617607579,-0.021116313120989275,-0.022308203055086514
3362,4976,0.8157157257435895,0.299135851931124,20220722,True,is,H5,-0.04676140739871715,-0.014766659147816226,-0.03199474825090092
3362,4976,0.8157157257435895,0.299135851931124,20220722,True,is,H10,-0.09125329036727181,-0.04418088972579165,-0.04707240064148016
6143,2439,0.6319771249090254,-0.03909974893613333,20220711,True,is,to_release,0.02248526489928615,0.022757722147614862,-0.000272457248328712
6143,2439,0.6319771249090254,-0.03909974893613333,20220711,True,is,H5,0.008705140035414116,0.006703507485093384,0.0020016325503207323
6143,2439,0.6319771249090254,-0.03909974893613333,20220711,True,is,H10,0.02248526489928615,0.022757722147614862,-0.000272457248328712
4770,1711,0.6372493211603739,0.33204190431271585,20220829,True,is,to_release,-0.010245046273734904,0.006399900798078145,-0.01664494707181305
4770,1711,0.6372493211603739,0.33204190431271585,20220829,True,is,H5,-0.0054169733287287025,0.012874118760330892,-0.018291092089059595
4770,1711,0.6372493211603739,0.33204190431271585,20220829,True,is,H10,-0.010245046273734904,0.006399900798078145,-0.01664494707181305
4743,4128,0.9071172908117262,0.17391521629417195,20220831,False,is,to_release,0.03405475231797728,-0.033451386712004004,0.06750613902998129
4743,4128,0.9071172908117262,0.17391521629417195,20220831,False,is,H5,-0.028773890860836593,-0.048823532699456974,0.02004964183862038
4743,4128,0.9071172908117262,0.17391521629417195,20220831,False,is,H10,0.03405475231797728,-0.033451386712004004,0.06750613902998129
4743,4128,0.9061571455323844,0.16194466351254988,20220826,True,is,to_release,0.10600140975415084,-0.004268447594657991,0.11026985734880884
4743,4128,0.9061571455323844,0.16194466351254988,20220826,True,is,H5,0.11302810231929805,0.035209666944928046,0.07781843537437
4743,4128,0.9061571455323844,0.16194466351254988,20220826,True,is,H10,0.10600140975415084,-0.004268447594657991,0.11026985734880884
6643,6533,0.7839933881803354,0.1051842553410236,20220817,True,is,to_release,0.19900552235746916,-0.01543569923022284,0.214441221587692
6643,6533,0.7839933881803354,0.1051842553410236,20220817,True,is,H5,0.011559915088646289,-0.0019120522875447194,0.013471967376191009
6643,6533,0.7839933881803354,0.1051842553410236,20220817,True,is,H10,0.19900552235746916,-0.01543569923022284,0.214441221587692
3686,8086,0.6198762512537073,0.151982062727805,20221017,True,is,to_release,0.004461349369372369,0.012443777242319442,-0.007982427872947073
3686,8086,0.6198762512537073,0.151982062727805,20221017,True,is,H5,0.051874734741702566,0.021640726811719305,0.03023400792998326
3686,8086,0.6198762512537073,0.151982062727805,20221017,True,is,H10,0.004461349369372369,0.012443777242319442,-0.007982427872947073
6550,4162,0.6239223784508349,-0.18064593156601905,20221004,True,is,to_release,-0.08827714414167254,-0.09145322488771988,0.0031760807460473467
6550,4162,0.6239223784508349,-0.18064593156601905,20221004,True,is,H5,-0.03911561760029214,-0.05084424951226982,0.011728631911977677
6550,4162,0.6239223784508349,-0.18064593156601905,20221004,True,is,H10,-0.04805407697145214,-0.07097754145140601,0.022923464479953873
3228,2342,0.7033983386261323,-0.22158662981689825,20221014,False,is,to_release,0.08178425382962451,0.0027475441454394606,0.07903670968418505
3228,2342,0.7033983386261323,-0.22158662981689825,20221014,False,is,H5,0.08658507152413475,0.005153178244550547,0.08143189327958421
3228,2342,0.7033983386261323,-0.22158662981689825,20221014,False,is,H10,0.08178425382962451,0.0027475441454394606,0.07903670968418505
3228,3016,0.6416122902342948,-0.17379565471998137,20221007,True,is,to_release,-0.12162358728536893,-0.08321150461257604,-0.03841208267279289
3228,3016,0.6416122902342948,-0.17379565471998137,20221007,True,is,H5,-0.12929499700340075,-0.10899594064068058,-0.02029905636272017
3228,3016,0.6416122902342948,-0.17379565471998137,20221007,True,is,H10,-0.12162358728536893,-0.08321150461257604,-0.03841208267279289
1795,4726,0.6282996587595413,0.4815396035220707,20221129,True,is,to_release,0.06151413467502609,0.07894843182026717,-0.017434297145241084
1795,4726,0.6282996587595413,0.4815396035220707,20221129,True,is,H5,0.07618329985269612,0.07376744417617645,0.002415855676519668
1795,4726,0.6282996587595413,0.4815396035220707,20221129,True,is,H10,0.05484633232153957,0.06745030988161105,-0.012603977560071478
4747,1752,0.6660771018923508,0.009777666177880562,20221227,True,is,to_release,-0.14623931239871046,-0.07010323242330402,-0.07613607997540645
4747,1752,0.6660771018923508,0.009777666177880562,20221227,True,is,H5,-0.09670370936382333,-0.05009553120058041,-0.04660817816324292
4747,1752,0.6660771018923508,0.009777666177880562,20221227,True,is,H10,-0.14623931239871046,-0.07010323242330402,-0.07613607997540645
3693,8050,0.634782069880387,0.30932938637676166,20221216,True,is,to_release,-0.0951051339390866,-0.03591600797125405,-0.059189125967832545
3693,8050,0.634782069880387,0.30932938637676166,20221216,True,is,H5,-0.12611041488279828,-0.04677363068806831,-0.07933678419472998
3693,8050,0.634782069880387,0.30932938637676166,20221216,True,is,H10,-0.10773691506430239,-0.045710643272296604,-0.06202627179200578
4979,3234,0.784645924837966,0.3148678492505004,20221206,True,is,to_release,-0.10837585966841112,-0.07555470528860828,-0.03282115437980285
4979,3234,0.784645924837966,0.3148678492505004,20221206,True,is,H5,-0.05146368049830963,-0.036086224566533605,-0.015377455931776023
4979,3234,0.784645924837966,0.3148678492505004,20221206,True,is,H10,-0.09889049647339421,-0.06391887788943014,-0.03497161858396407
8940,2701,0.6430781052843287,0.3925025683682526,20230223,True,is,to_release,-0.05259051311846974,-0.08754549917963325,0.03495498606116351
8940,2701,0.6430781052843287,0.3925025683682526,20230223,True,is,H5,-0.00783100980123197,-0.006221518218306223,-0.001609491582925747
8940,2701,0.6430781052843287,0.3925025683682526,20230223,True,is,H10,-0.05259051311846974,-0.08754549917963325,0.03495498606116351
1435,8401,0.896150222728151,-0.10603843174381045,20230327,True,is,to_release,-0.008386095254278025,0.014839565265871746,-0.023225660520149773
1435,8401,0.896150222728151,-0.10603843174381045,20230327,True,is,H5,-0.003899154508822278,-0.00616138172406358,0.0022622272152413025
1435,8401,0.896150222728151,-0.10603843174381045,20230327,True,is,H10,-0.008386095254278025,0.014839565265871746,-0.023225660520149773
2429,7402,0.7188237875134318,-0.12115260317487309,20230313,True,is,to_release,0.12115095892460781,0.03275996606525798,0.08839099285934983
2429,7402,0.7188237875134318,-0.12115260317487309,20230313,True,is,H5,-0.07870022338685811,-0.002019838586224569,-0.07668038480063355
2429,7402,0.7188237875134318,-0.12115260317487309,20230313,True,is,H10,0.12115095892460781,0.03275996606525798,0.08839099285934983
2739,2722,0.8034726525709882,0.32803446128221836,20230306,False,is,to_release,0.006199662787437665,-0.10649630317859435,0.11269596596603201
2739,2722,0.8034726525709882,0.32803446128221836,20230306,False,is,H5,0.008204044585818693,-0.08692319792050292,0.09512724250632161
2739,2722,0.8034726525709882,0.32803446128221836,20230306,False,is,H10,0.006199662787437665,-0.10649630317859435,0.11269596596603201
2739,2722,0.8106646567832032,0.24420333669302852,20230301,True,is,to_release,0.013056758413478864,-0.09409387646628682,0.10715063487976569
2739,2722,0.8106646567832032,0.24420333669302852,20230301,True,is,H5,0.09034150080790937,-0.006367511000279985,0.09670901180818936
2739,2722,0.8106646567832032,0.24420333669302852,20230301,True,is,H10,0.013056758413478864,-0.09409387646628682,0.10715063487976569
6160,2387,0.630150820553407,0.32361102291315036,20230328,True,is,to_release,0.013326353626126775,0.025875656664899577,-0.012549303038772802
6160,2387,0.630150820553407,0.32361102291315036,20230328,True,is,H5,-0.008944555244776997,0.0054792939674946795,-0.014423849212271677
6160,2387,0.630150820553407,0.32361102291315036,20230328,True,is,H10,0.013326353626126775,0.025875656664899577,-0.012549303038772802
2754,2729,0.6133211725219615,-0.11313129585429049,20230317,False,is,to_release,-0.0037141260244736296,0.05193531265595085,-0.055649438680424476
2754,2729,0.6133211725219615,-0.11313129585429049,20230317,False,is,H5,0.058039130626901914,0.05908295190380858,-0.0010438212769066646
2754,2729,0.6133211725219615,-0.11313129585429049,20230317,False,is,H10,-0.0037141260244736296,0.05193531265595085,-0.055649438680424476
3362,6209,0.6542169030316631,0.40899513804142695,20230310,True,is,to_release,0.016597393366540647,-0.0012049929518175276,0.017802386318358173
3362,6209,0.6542169030316631,0.40899513804142695,20230310,True,is,H5,-0.041654952648917165,-0.03706221330297597,-0.004592739345941198
3362,6209,0.6542169030316631,0.40899513804142695,20230310,True,is,H10,0.014718285430558309,0.002005436009891224,0.012712849420667085
6791,5210,0.6177459032118475,0.2351165641123334,20230301,True,is,to_release,-0.16567607642376336,0.05579205880878971,-0.22146813523255307
6791,5210,0.6177459032118475,0.2351165641123334,20230301,True,is,H5,-0.01785291879313855,0.0666152233427845,-0.08446814213592305
6791,5210,0.6177459032118475,0.2351165641123334,20230301,True,is,H10,-0.16567607642376336,0.05579205880878971,-0.22146813523255307
4147,4174,0.6211121270047777,0.2980754079160719,20230427,True,is,to_release,-0.03942129604576816,-0.006548358447317602,-0.03287293759845056
4147,4174,0.6211121270047777,0.2980754079160719,20230427,True,is,H5,0.023759276443304334,0.06441084308163268,-0.04065156663832835
4147,4174,0.6211121270047777,0.2980754079160719,20230427,True,is,H10,-0.03942129604576816,-0.006548358447317602,-0.03287293759845056
1727,1721,0.8061023798161128,0.27736194865891917,20230502,True,is,to_release,-0.1255459747400689,-0.056550884923353674,-0.06899508981671523
1727,1721,0.8061023798161128,0.27736194865891917,20230502,True,is,H5,-0.06949122953109865,-0.022296876936215633,-0.04719435259488302
1727,1721,0.8061023798161128,0.27736194865891917,20230502,True,is,H10,-0.1255459747400689,-0.056550884923353674,-0.06899508981671523
8033,1584,0.6816927686706279,0.01195874051742063,20230515,False,is,to_release,-0.01198234448825597,0.027171404008296502,-0.03915374849655247
8033,1584,0.6816927686706279,0.01195874051742063,20230515,False,is,H5,-0.01198234448825597,0.02291042104019373,-0.0348927655284497
8033,1584,0.6816927686706279,0.01195874051742063,20230515,False,is,H10,-0.01198234448825597,0.027171404008296502,-0.03915374849655247
2736,5706,0.7667486796035864,0.15525669926517138,20230530,True,is,to_release,0.23347827771725238,0.10721275068311605,0.12626552703413635
2736,5706,0.7667486796035864,0.15525669926517138,20230530,True,is,H5,0.16345549339269239,0.04788253381029021,0.11557295958240218
2736,5706,0.7667486796035864,0.15525669926517138,20230530,True,is,H10,0.1957737015424894,0.07921420783058986,0.11655949371189955
2745,2743,0.7762030252369498,-0.09283177499016637,20230524,False,is,to_release,0.18655311889077142,0.10981812267589428,0.07673499621487714
2745,2743,0.7762030252369498,-0.09283177499016637,20230524,False,is,H5,0.012417336937518675,-0.023867594294205586,0.03628493123172426
2745,2743,0.7762030252369498,-0.09283177499016637,20230524,False,is,H10,0.18655311889077142,0.10981812267589428,0.07673499621487714
2743,2745,0.7745998576405404,0.14989795554202767,20230523,False,is,to_release,0.43934374634469187,0.21495165330177615,0.2243920930429157
2743,2745,0.7745998576405404,0.14989795554202767,20230523,False,is,H5,-0.010625852027143834,0.05391403017598193,-0.06453988220312576
2743,2745,0.7745998576405404,0.14989795554202767,20230523,False,is,H10,0.13610336483323726,0.11804929579103836,0.018054069042198903
2745,2743,0.7456533034092958,-0.12473397842069545,20230519,True,is,to_release,0.3100483754080823,0.13949189831763867,0.1705564770904436
2745,2743,0.7456533034092958,-0.12473397842069545,20230519,True,is,H5,0.2040885803383108,0.1064203193457391,0.09766826099257168
2745,2743,0.7456533034092958,-0.12473397842069545,20230519,True,is,H10,0.3100483754080823,0.13949189831763867,0.1705564770904436
2743,2745,0.8425395320548665,0.01662101275386796,20230518,True,is,to_release,0.12435689547793038,0.11031502635977648,0.014041869118153902
2743,2745,0.8425395320548665,0.01662101275386796,20230518,True,is,H5,0.08333306280508679,0.12135416821889831,-0.038021105413811526
2743,2745,0.8425395320548665,0.01662101275386796,20230518,True,is,H10,0.12435689547793038,0.11031502635977648,0.014041869118153902
4160,1784,0.6901089274768286,0.2012004599322026,20230511,True,is,to_release,-0.10198869017420276,-0.01600020665705864,-0.08598848351714411
4160,1784,0.6901089274768286,0.2012004599322026,20230511,True,is,H5,-0.05842319627029091,-0.03437515011941789,-0.02404804615087302
4160,1784,0.6901089274768286,0.2012004599322026,20230511,True,is,H10,-0.10198869017420276,-0.01600020665705864,-0.08598848351714411
1519,1503,0.7548092143181969,0.07426791363846252,20230630,True,is,to_release,0.03574397963317333,0.014816062590974994,0.020927917042198332
1519,1503,0.7548092143181969,0.07426791363846252,20230630,True,is,H5,0.015632446048063242,0.04598624865542484,-0.030353802607361598
1519,1503,0.7548092143181969,0.07426791363846252,20230630,True,is,H10,0.03574397963317333,0.014816062590974994,0.020927917042198332
2432,5474,0.6785650177740725,0.38642804186677693,20230613,True,is,to_release,0.03350936479038347,0.027442249194734116,0.006067115595649351
2432,5474,0.6785650177740725,0.38642804186677693,20230613,True,is,H5,0.10700336406436617,0.03562094938534688,0.07138241467901929
2432,5474,0.6785650177740725,0.38642804186677693,20230613,True,is,H10,0.03350936479038347,0.027442249194734116,0.006067115595649351
2722,2748,0.757479216454892,0.5963932623559269,20230627,True,is,to_release,-0.19529946797323894,-0.12196991159539237,-0.07332955637784656
2722,2748,0.757479216454892,0.5963932623559269,20230627,True,is,H5,-0.09908527392656086,-0.03218148284280074,-0.06690379108376011
2722,2748,0.757479216454892,0.5963932623559269,20230627,True,is,H10,-0.17197481487101374,-0.08861678801184505,-0.08335802685916868
6643,3443,0.631239398369783,0.05926560055849617,20230628,False,is,to_release,-0.004730481706860745,0.01677292353309003,-0.021503405239950774
6643,3443,0.631239398369783,0.05926560055849617,20230628,False,is,H5,0.023174271142479608,0.032562352876010524,-0.009388081733530916
6643,3443,0.631239398369783,0.05926560055849617,20230628,False,is,H10,-0.004730481706860745,0.01677292353309003,-0.021503405239950774
2743,2745,0.8197551568565677,0.056151662203411945,20230615,False,is,to_release,0.011623284124234079,-0.04365528875409975,0.05527857287833383
2743,2745,0.8197551568565677,0.056151662203411945,20230615,False,is,H5,0.09430403330746473,0.057001029197527926,0.0373030041099368
2743,2745,0.8197551568565677,0.056151662203411945,20230615,False,is,H10,0.07971331286336514,-0.014113097943367804,0.09382641080673294
5703,2705,0.7994253919529023,0.30383513523908734,20230614,True,is,to_release,0.051151435475977225,-0.0025194201726426936,0.05367085564861992
5703,2705,0.7994253919529023,0.30383513523908734,20230614,True,is,H5,0.11434691255870111,0.07944251103982305,0.03490440151887805
5703,2705,0.7994253919529023,0.30383513523908734,20230614,True,is,H10,0.051151435475977225,-0.0025194201726426936,0.05367085564861992
2745,2743,0.8067559765093142,-0.004643721973095705,20230612,False,is,to_release,-0.0017253544769317841,-0.01598101807452833,0.014255663597596547
2745,2743,0.8067559765093142,-0.004643721973095705,20230612,False,is,H5,-0.00783100980123197,-0.007150134448362043,-0.0006808753528699269
2745,2743,0.8067559765093142,-0.004643721973095705,20230612,False,is,H10,-0.0017253544769317841,-0.01598101807452833,0.014255663597596547
2734,2745,0.6329079469358299,-0.17268764012824667,20230609,True,is,to_release,0.015350508661356121,-0.035876788980653794,0.051227297642009915
2734,2745,0.6329079469358299,-0.17268764012824667,20230609,True,is,H5,-0.02637622457130251,-0.05606740671330153,0.02969118214199902
2734,2745,0.6329079469358299,-0.17268764012824667,20230609,True,is,H10,0.015350508661356121,-0.035876788980653794,0.051227297642009915
1519,1504,0.7452328073812906,0.49597699099908277,20230718,False,is,to_release,-0.032949212084745216,-0.041911200266727566,0.00896198818198235
1519,1504,0.7452328073812906,0.49597699099908277,20230718,False,is,H5,-0.029360897472814562,-0.04015127047357574,0.010790373000761175
1519,1504,0.7452328073812906,0.49597699099908277,20230718,False,is,H10,-0.032949212084745216,-0.041911200266727566,0.00896198818198235
3018,6691,0.6746210666946342,0.13841385373215043,20230711,False,is,to_release,0.04844087119312879,0.011710472849002212,0.03673039834412657
3018,6691,0.6746210666946342,0.13841385373215043,20230711,False,is,H5,0.039079791986047496,0.03504888485791539,0.004030907128132109
3018,6691,0.6746210666946342,0.13841385373215043,20230711,False,is,H10,0.04844087119312879,0.011710472849002212,0.03673039834412657
3231,2356,0.6642350806507273,0.450558145959963,20230714,True,is,to_release,0.2614193109590286,0.038344831673987424,0.22307447928504118
3231,2356,0.6642350806507273,0.450558145959963,20230714,True,is,H5,0.11941742946217904,-0.008760243747394139,0.12817767320957318
3231,2356,0.6642350806507273,0.450558145959963,20230714,True,is,H10,0.2614193109590286,0.038344831673987424,0.22307447928504118
3706,6188,0.6980230808727824,0.09969691521512747,20230720,True,is,to_release,0.03755544400573285,-0.04970559909861775,0.0872610431043506
3706,6188,0.6980230808727824,0.09969691521512747,20230720,True,is,H5,0.28770868940691186,0.032880564741406125,0.25482812466550575
3706,6188,0.6980230808727824,0.09969691521512747,20230720,True,is,H10,0.03755544400573285,-0.04970559909861775,0.0872610431043506
6150,2465,0.7056493191031068,0.3772814667690283,20230724,True,is,to_release,-0.06572946546269853,-0.05965816115121352,-0.006071304311485011
6150,2465,0.7056493191031068,0.3772814667690283,20230724,True,is,H5,-0.013094505770456233,0.019120113595127983,-0.032214619365584216
6150,2465,0.7056493191031068,0.3772814667690283,20230724,True,is,H10,-0.040727859608883366,-0.03843225731328881,-0.0022956022955945565
6527,6589,0.6389636510357399,0.3842467967690346,20230724,True,is,to_release,-0.06672688593175247,-0.044338957582098104,-0.022387928349654362
6527,6589,0.6389636510357399,0.3842467967690346,20230724,True,is,H5,-0.03954417387151221,-0.021087094270323094,-0.018457079601189117
6527,6589,0.6389636510357399,0.3842467967690346,20230724,True,is,H10,-0.08031824196187254,-0.04295226052965913,-0.03736598143221341
2745,2743,0.8152428803188845,0.10573664227540025,20230717,False,is,to_release,0.2421643263118436,-0.021358465356207133,0.2635227916680507
2745,2743,0.8152428803188845,0.10573664227540025,20230717,False,is,H5,0.015606052959368899,-0.035359214828316984,0.05096526778768588
2745,2743,0.8152428803188845,0.10573664227540025,20230717,False,is,H10,0.2421643263118436,-0.021358465356207133,0.2635227916680507
2743,2745,0.7995966812359997,-0.056700856859833726,20230712,False,is,to_release,-0.11379080487100324,-0.06107300867749396,-0.052717796193509275
2743,2745,0.7995966812359997,-0.056700856859833726,20230712,False,is,H5,-0.2438323715475409,-0.07799330616273892,-0.16583906538480198
2743,2745,0.7995966812359997,-0.056700856859833726,20230712,False,is,H10,-0.20530153697671494,-0.0898691950767302,-0.11543234189998473
4979,3380,0.638992288334213,0.7860093482834485,20230711,True,is,to_release,0.05750450141252683,-0.00475936332189093,0.062263864734417765
4979,3380,0.638992288334213,0.7860093482834485,20230711,True,is,H5,0.15729203779437628,0.05257057162375697,0.10472146617061931
4979,3380,0.638992288334213,0.7860093482834485,20230711,True,is,H10,0.07089063434179943,-0.004923683126497842,0.07581431746829727
2743,2745,0.8408885791685471,-0.04241652256392969,20230811,False,is,to_release,-0.06377609670542028,-0.04779391475409372,-0.015982181951326564
2743,2745,0.8408885791685471,-0.04241652256392969,20230811,False,is,H5,-0.04208310382420444,-0.06264586399034926,0.02056276016614482
2743,2745,0.8408885791685471,-0.04241652256392969,20230811,False,is,H10,-0.06377609670542028,-0.04779391475409372,-0.015982181951326564
3041,8024,0.6074297777849372,0.2949597493819869,20231026,True,is,to_release,-0.06366735989899808,0.02168138084324224,-0.08534874074224032
3041,8024,0.6074297777849372,0.2949597493819869,20231026,True,is,H5,-0.05507715219164944,-0.006296936215211315,-0.04878021597643812
3041,8024,0.6074297777849372,0.2949597493819869,20231026,True,is,H10,-0.06366735989899808,0.02168138084324224,-0.08534874074224032
6530,4908,0.6621497914911038,0.16802016372285733,20231023,True,is,to_release,0.04043667080303237,0.037858282941307934,0.0025783878617244363
6530,4908,0.6621497914911038,0.16802016372285733,20231023,True,is,H5,0.026492674184023013,0.024974278024595908,0.0015183961594271052
6530,4908,0.6621497914911038,0.16802016372285733,20231023,True,is,H10,0.010403447315934677,0.025429399146791435,-0.015025951830856758
6643,3661,0.6324175265412881,-0.044923554430194135,20231023,True,is,to_release,0.16920306492050918,0.025206952242911692,0.1439961126775975
6643,3661,0.6324175265412881,-0.044923554430194135,20231023,True,is,H5,0.027186719264606918,-0.015551397102482215,0.04273811636708913
6643,3661,0.6324175265412881,-0.044923554430194135,20231023,True,is,H10,0.13223990646212336,0.014156933791811875,0.11808297267031148
8420,8938,0.6070728834708581,-0.2099377432115731,20231003,True,is,to_release,-0.04953086591103539,-0.014794994451900282,-0.03473587145913511
8420,8938,0.6070728834708581,-0.2099377432115731,20231003,True,is,H5,0.006548250926286414,0.024888262173619707,-0.018340011247333293
8420,8938,0.6070728834708581,-0.2099377432115731,20231003,True,is,H10,-0.04953086591103539,-0.014794994451900282,-0.03473587145913511
6643,3661,0.6041180524603026,-0.12145902982887424,20231115,False,is,to_release,-0.07160270872282692,0.06227258765489835,-0.13387529637772527
6643,3661,0.6041180524603026,-0.12145902982887424,20231115,False,is,H5,-0.08495027361339325,0.02615137356061658,-0.11110164717400983
6643,3661,0.6041180524603026,-0.12145902982887424,20231115,False,is,H10,-0.07160270872282692,0.06227258765489835,-0.13387529637772527
6425,1528,0.7531112804984704,0.16504690360801288,20240118,True,is,to_release,-0.07943083383619465,0.043594465743411324,-0.12302529957960598
6425,1528,0.7531112804984704,0.16504690360801288,20240118,True,is,H5,-0.0385166486733588,0.02815102807040526,-0.06666767674376406
6425,1528,0.7531112804984704,0.16504690360801288,20240118,True,is,H10,-0.07943083383619465,0.043594465743411324,-0.12302529957960598
2365,2465,0.627855712356979,-0.08405360030813869,20240220,True,is,to_release,0.2275989200764419,0.02591475581107625,0.20168416426536565
2365,2465,0.627855712356979,-0.08405360030813869,20240220,True,is,H5,0.08465931979356833,-0.0057332867508458575,0.0903926065444142
2365,2465,0.627855712356979,-0.08405360030813869,20240220,True,is,H10,0.30327282610855133,0.034498634417026254,0.26877419169152506
2465,6150,0.7573043009491223,0.6819491521487717,20240222,False,is,to_release,0.04410946083951561,0.019378810474734852,0.02473065036478076
2465,6150,0.7573043009491223,0.6819491521487717,20240222,False,is,H5,0.08120979701147824,-0.0022343846273217786,0.08344418163880002
2465,6150,0.7573043009491223,0.6819491521487717,20240222,False,is,H10,0.04410946083951561,0.019378810474734852,0.02473065036478076
2465,6150,0.744283897642067,0.6455847435745516,20240219,True,is,to_release,0.05687566347260087,0.02132102724579878,0.03555463622680209
2465,6150,0.744283897642067,0.6455847435745516,20240219,True,is,H5,-0.01645856623774289,-0.01355764743238925,-0.0029009188053536385
2465,6150,0.744283897642067,0.6455847435745516,20240219,True,is,H10,0.05687566347260087,0.02132102724579878,0.03555463622680209
4588,8085,0.6177191611712529,0.277048205426335,20240227,True,is,to_release,0.0505318719751664,0.042734980508672825,0.007796891466493573
4588,8085,0.6177191611712529,0.277048205426335,20240227,True,is,H5,0.024909143390406063,0.016387265395935567,0.008521877994470496
4588,8085,0.6177191611712529,0.277048205426335,20240227,True,is,H10,0.0505318719751664,0.042734980508672825,0.007796891466493573
6640,6532,0.6503756360620647,0.3309879554807964,20240227,False,is,to_release,-0.12781423652294366,-0.024572231733413885,-0.10324200478952977
6640,6532,0.6503756360620647,0.3309879554807964,20240227,False,is,H5,-0.10358685420413627,-0.010185844093785626,-0.09340101011035064
6640,6532,0.6503756360620647,0.3309879554807964,20240227,False,is,H10,-0.12781423652294366,-0.024572231733413885,-0.10324200478952977
5443,3592,0.6259507327514429,0.327602074794729,20240223,True,is,to_release,0.0028374739643461933,-0.04810889423047965,0.05094636819482584
5443,3592,0.6259507327514429,0.327602074794729,20240223,True,is,H5,0.03590977363763859,0.014233525356033505,0.02167624828160508
5443,3592,0.6259507327514429,0.327602074794729,20240223,True,is,H10,0.0028374739643461933,-0.04810889423047965,0.05094636819482584
8054,6684,0.7483136053511555,0.1979758981500408,20240219,False,is,to_release,-0.03676927201536273,0.030517197249391413,-0.06728646926475415
8054,6684,0.7483136053511555,0.1979758981500408,20240219,False,is,H5,-0.10291387136194718,0.008635473971945373,-0.11154934533389256
8054,6684,0.7483136053511555,0.1979758981500408,20240219,False,is,H10,-0.03676927201536273,0.030517197249391413,-0.06728646926475415
8080,2540,0.7988943211749202,0.39550871946288435,20240215,False,is,to_release,-0.004494118578590389,0.05342730985390386,-0.057921428432494246
8080,2540,0.7988943211749202,0.39550871946288435,20240215,False,is,H5,-0.02117857469179829,0.0548504837479295,-0.07602905843972779
8080,2540,0.7988943211749202,0.39550871946288435,20240215,False,is,H10,-0.004494118578590389,0.05342730985390386,-0.057921428432494246
8227,3228,0.6233038824454942,-0.14194248852749203,20240205,False,is,to_release,-0.00783100980123197,0.0678508292499362,-0.07568183905116817
8227,3228,0.6233038824454942,-0.14194248852749203,20240205,False,is,H5,0.03350936479038347,0.027866762856058443,0.005642601934325024
8227,3228,0.6233038824454942,-0.14194248852749203,20240205,False,is,H10,0.0025040838466718895,0.03922362460001632,-0.03671954075334443
8080,2540,0.8470152814329919,0.22884148877004606,20240201,True,is,to_release,-0.03106890072891977,0.03730299002844576,-0.06837189075736552
8080,2540,0.8470152814329919,0.22884148877004606,20240201,True,is,H5,0.002380964608401648,0.011759320112354569,-0.00937835550395292
8080,2540,0.8470152814329919,0.22884148877004606,20240201,True,is,H10,-0.03106890072891977,0.03730299002844576,-0.06837189075736552
1503,1513,0.6413575464846472,0.4406865657234307,20240325,True,is,to_release,0.036388220959715945,0.07159305793825255,-0.0352048369785366
1503,1513,0.6413575464846472,0.4406865657234307,20240325,True,is,H5,0.00046009596644580597,0.0173490680640564,-0.016888972097610595
1503,1513,0.6413575464846472,0.4406865657234307,20240325,True,is,H10,0.036388220959715945,0.07159305793825255,-0.0352048369785366
1616,1603,0.6454279821947005,0.1693380309109349,20240329,True,is,to_release,0.010683669488975589,0.11865066288232862,-0.10796699339335303
1616,1603,0.6454279821947005,0.1693380309109349,20240329,True,is,H5,-0.053573158635862206,0.01391925960096968,-0.06749241823683189
1616,1603,0.6454279821947005,0.1693380309109349,20240329,True,is,H10,0.010683669488975589,0.11865066288232862,-0.10796699339335303
1725,4707,0.6410407613913479,0.5313238400938873,20240306,True,is,to_release,-0.021954411796944018,-0.03738322328752728,0.015428811490583262
1725,4707,0.6410407613913479,0.5313238400938873,20240306,True,is,H5,-0.011361860300160065,-0.0296149187672435,0.018253058467083434
1725,4707,0.6410407613913479,0.5313238400938873,20240306,True,is,H10,-0.021954411796944018,-0.03738322328752728,0.015428811490583262
2417,3013,0.602991426256426,0.08654552029001761,20240312,True,is,to_release,-0.07592103854036314,0.012418326978362875,-0.08833936551872601
2417,3013,0.602991426256426,0.08654552029001761,20240312,True,is,H5,-0.1764348904886044,-0.016167182984403342,-0.16026770750420105
2417,3013,0.602991426256426,0.08654552029001761,20240312,True,is,H10,-0.07592103854036314,0.012418326978362875,-0.08833936551872601
3013,6591,0.6722132028466787,0.053492891117801866,20240311,True,is,to_release,-0.04379100615110487,0.010458741724881657,-0.05424974787598653
3013,6591,0.6722132028466787,0.053492891117801866,20240311,True,is,H5,-0.019272826821645994,-0.013250102416200248,-0.0060227244054457466
3013,6591,0.6722132028466787,0.053492891117801866,20240311,True,is,H10,-0.001292828646709765,0.021430629944565367,-0.02272345859127513
4994,5201,0.6200513043394619,0.48695093021373514,20240315,True,is,to_release,-0.013150950767445102,0.009711201344672094,-0.022862152112117194
4994,5201,0.6200513043394619,0.48695093021373514,20240315,True,is,H5,-0.015810921250551724,0.021657175533638374,-0.037468096784190094
4994,5201,0.6200513043394619,0.48695093021373514,20240315,True,is,H10,-0.013150950767445102,0.009711201344672094,-0.022862152112117194
1617,1618,0.691296038658398,-0.06712521340176059,20240423,True,is,to_release,-0.09641752678326487,0.0053440711597287135,-0.10176159794299358
1617,1618,0.691296038658398,-0.06712521340176059,20240423,True,is,H5,-0.0397221559147638,-0.03143654073030995,-0.008285615184453851
1617,1618,0.691296038658398,-0.06712521340176059,20240423,True,is,H10,-0.09641752678326487,0.0053440711597287135,-0.10176159794299358
6197,1815,0.7524170204519814,0.42671495405837656,20240403,True,is,to_release,-0.06251748957596726,-0.031087124538245726,-0.03143036503772153
6197,1815,0.7524170204519814,0.42671495405837656,20240403,True,is,H5,-0.02085160022378796,0.005207482961980331,-0.02605908318576829
6197,1815,0.7524170204519814,0.42671495405837656,20240403,True,is,H10,-0.06251748957596726,-0.031087124538245726,-0.03143036503772153
2745,2743,0.8127933930665209,0.12125453791178531,20240430,True,is,to_release,-0.004523779833902619,-0.027722817315640403,0.023199037481737784
2745,2743,0.8127933930665209,0.12125453791178531,20240430,True,is,H5,-0.05743945931117045,-0.0007922828660845301,-0.05664717644508592
2745,2743,0.8127933930665209,0.12125453791178531,20240430,True,is,H10,-0.004523779833902619,-0.027722817315640403,0.023199037481737784
2365,6117,0.604348759828882,0.12385124440960715,20240529,True,is,to_release,-0.04018434643814828,-0.05012809424505641,0.009943747806908133
2365,6117,0.604348759828882,0.12385124440960715,20240529,True,is,H5,0.1467460430195906,-0.007270793918700852,0.15401683693829146
2365,6117,0.604348759828882,0.12385124440960715,20240529,True,is,H10,-0.04018434643814828,-0.05012809424505641,0.009943747806908133
2609,2615,0.7593923623497187,0.025356645966276403,20240517,True,is,to_release,0.23779636190305276,0.0031701491288496178,0.23462621277420315
2609,2615,0.7593923623497187,0.025356645966276403,20240517,True,is,H5,-0.0036912226376765167,-0.04751008406298476,0.04381886142530824
2609,2615,0.7593923623497187,0.025356645966276403,20240517,True,is,H10,0.23779636190305276,0.0031701491288496178,0.23462621277420315
2615,2609,0.75981311762872,-0.008749692043073964,20240516,True,is,to_release,0.02661930235844756,0.029029746714885295,-0.0024104443564377347
2615,2609,0.75981311762872,-0.008749692043073964,20240516,True,is,H5,-0.0023189598556832003,-0.022962352411872066,0.020643392556188866
2615,2609,0.75981311762872,-0.008749692043073964,20240516,True,is,H10,0.05693557705896546,0.019109950569221202,0.03782562648974426
6442,6170,0.6131526761634395,0.22827073901009132,20240509,True,is,to_release,-0.04326561659404504,0.07628455879880348,-0.11955017539284853
6442,6170,0.6131526761634395,0.22827073901009132,20240509,True,is,H5,-0.03617869523548256,0.007172623026616469,-0.04335131826209903
6442,6170,0.6131526761634395,0.22827073901009132,20240509,True,is,H10,-0.03440696489584172,0.046378330027612893,-0.08078529492345461
3537,2478,0.6924209351604655,0.29577238503420245,20240530,True,is,to_release,-0.033364770578406144,0.0008103869654397715,-0.03417515754384592
3537,2478,0.6924209351604655,0.29577238503420245,20240530,True,is,H5,-0.009654849856744252,-0.009136116446606049,-0.0005187334101382033
3537,2478,0.6924209351604655,0.29577238503420245,20240530,True,is,H10,-0.033364770578406144,0.0008103869654397715,-0.03417515754384592
8071,4545,0.6166949351729362,0.14056155284354044,20240524,True,is,to_release,0.0405372284709582,0.016317147266968396,0.0242200812039898
8071,4545,0.6166949351729362,0.14056155284354044,20240524,True,is,H5,0.007051525051749774,0.017926171012025385,-0.010874645960275611
8071,4545,0.6166949351729362,0.14056155284354044,20240524,True,is,H10,0.0405372284709582,0.016317147266968396,0.0242200812039898
1519,1503,0.7773924059796066,0.22372748439592782,20240619,True,is,to_release,0.10080063146140694,0.0519715468746009,0.04882908458680604
1519,1503,0.7773924059796066,0.22372748439592782,20240619,True,is,H5,0.07545324850012447,-0.016463678714429473,0.09191692721455394
1519,1503,0.7773924059796066,0.22372748439592782,20240619,True,is,H10,0.06821113908261522,0.004624400839815654,0.06358673824279958
6695,6684,0.6392783264844937,0.19712493091590066,20240604,True,is,to_release,-0.03017715822913203,0.047876165435726314,-0.07805332366485834
6695,6684,0.6392783264844937,0.19712493091590066,20240604,True,is,H5,-0.0815732996133024,-0.009212143095124276,-0.07236115651817812
6695,6684,0.6392783264844937,0.19712493091590066,20240604,True,is,H10,-0.03017715822913203,0.047876165435726314,-0.07805332366485834
8374,4566,0.6147241867191027,0.5433855698267811,20240604,False,is,to_release,0.18556908708664532,0.019710181342585256,0.16585890574406006
8374,4566,0.6147241867191027,0.5433855698267811,20240604,False,is,H5,0.08357040585125786,-0.026393310872731123,0.10996371672398898
8374,4566,0.6147241867191027,0.5433855698267811,20240604,False,is,H10,0.18556908708664532,0.019710181342585256,0.16585890574406006
3363,3163,0.6442295176205112,-0.02816024752848234,20240624,False,is,to_release,0.06378054344199402,0.03554622007088294,0.028234323371111078
3363,3163,0.6442295176205112,-0.02816024752848234,20240624,False,is,H5,0.026585419545420708,-0.014461857244467255,0.04104727678988796
3363,3163,0.6442295176205112,-0.02816024752848234,20240624,False,is,H10,0.06378054344199402,0.03554622007088294,0.028234323371111078
6187,5351,0.6291686123776479,0.024112574869202374,20240621,True,is,to_release,-0.06547130351754149,0.018893062830330033,-0.08436436634787152
6187,5351,0.6291686123776479,0.024112574869202374,20240621,True,is,H5,-0.06925099490877462,-0.018947547435120064,-0.05030344747365456
6187,5351,0.6291686123776479,0.024112574869202374,20240621,True,is,H10,-0.06547130351754149,0.018893062830330033,-0.08436436634787152
6640,2388,0.6131911230834346,0.25850483592203766,20240619,True,is,to_release,-0.12204887723429292,-0.0002520194061946087,-0.1217968578280983
6640,2388,0.6131911230834346,0.25850483592203766,20240619,True,is,H5,-0.09137809565295829,-0.012128946947934753,-0.07924914870502353
6640,2388,0.6131911230834346,0.25850483592203766,20240619,True,is,H10,-0.12204887723429292,-0.0002520194061946087,-0.1217968578280983
6643,6531,0.6592079092481177,0.1358764016516134,20240619,True,is,to_release,0.07925564243812744,-0.0007369666183483313,0.07999260905647577
6643,6531,0.6592079092481177,0.1358764016516134,20240619,True,is,H5,0.09885302115944228,-0.012687167304505129,0.1115401884639474
6643,6531,0.6592079092481177,0.1358764016516134,20240619,True,is,H10,0.07925564243812744,-0.0007369666183483313,0.07999260905647577
3379,4566,0.6784693238773246,0.24748149818341658,20240605,True,is,to_release,0.13751858748903345,0.01543925769895816,0.1220793297900753
3379,4566,0.6784693238773246,0.24748149818341658,20240605,True,is,H5,0.06421183407307351,-0.01087797990179137,0.07508981397486489
3379,4566,0.6784693238773246,0.24748149818341658,20240605,True,is,H10,0.13751858748903345,0.01543925769895816,0.1220793297900753
6160,2397,0.616055926262486,0.18332947320112836,20240603,True,is,to_release,-0.05418233888880064,-0.03846887855318163,-0.01571346033561901
6160,2397,0.616055926262486,0.18332947320112836,20240603,True,is,H5,-0.026622089161057017,-0.047620071201898324,0.020997982040841308
6160,2397,0.616055926262486,0.18332947320112836,20240603,True,is,H10,-0.05418233888880064,-0.03846887855318163,-0.01571346033561901
2349,8104,0.7106181543017421,0.4525727176816985,20240710,False,oos,to_release,-0.19581034229076555,-0.08179066747139385,-0.1140196748193717
2349,8104,0.7106181543017421,0.4525727176816985,20240710,False,oos,H5,0.037404658444912586,0.00671495767276743,0.030689700772145157
2349,8104,0.7106181543017421,0.4525727176816985,20240710,False,oos,H10,-0.19581034229076555,-0.08179066747139385,-0.1140196748193717
2349,8104,0.795825107342266,0.19511357424250386,20240705,True,oos,to_release,-0.12870438931783323,-0.007377729949581144,-0.12132665936825208
2349,8104,0.795825107342266,0.19511357424250386,20240705,True,oos,H5,-0.12366799850464127,-0.018725138998041697,-0.10494285950659958
2349,8104,0.795825107342266,0.19511357424250386,20240705,True,oos,H10,-0.12870438931783323,-0.007377729949581144,-0.12132665936825208
2429,6477,0.6207345444254678,0.7023576201171644,20240704,True,oos,to_release,-0.0605030363664969,0.00542406297584308,-0.06592709934233998
2429,6477,0.6207345444254678,0.7023576201171644,20240704,True,oos,H5,-0.02395509956610886,0.002521380924302532,-0.026476480490411392
2429,6477,0.6207345444254678,0.7023576201171644,20240704,True,oos,H10,-0.0605030363664969,0.00542406297584308,-0.06592709934233998
8104,2349,0.7844046531906884,-0.2192440491719463,20240708,True,oos,to_release,-0.1545427151188442,-0.06282666189575552,-0.09171605322308869
8104,2349,0.7844046531906884,-0.2192440491719463,20240708,True,oos,H5,-0.17940910585064285,-0.02565138444497501,-0.15375772140566785
8104,2349,0.7844046531906884,-0.2192440491719463,20240708,True,oos,H10,-0.1545427151188442,-0.06282666189575552,-0.09171605322308869
3363,3163,0.7138022072058119,-0.1663698510391305,20240716,False,oos,to_release,-0.02039011094298837,-0.10113284943253104,0.08074273848954266
3363,3163,0.7138022072058119,-0.1663698510391305,20240716,False,oos,H5,0.03298606890947697,-0.04328706815508092,0.07627313706455789
3363,3163,0.7138022072058119,-0.1663698510391305,20240716,False,oos,H10,0.05182472062211163,-0.06341652740681925,0.11524124802893088
1784,4160,0.8032087866757809,0.01719254360138356,20240704,True,oos,to_release,0.17766145358375507,2.3132839466197773e-05,0.17763832074428887
1784,4160,0.8032087866757809,0.01719254360138356,20240704,True,oos,H5,0.12158233674643348,-0.027285051291684473,0.14886738803811794
1784,4160,0.8032087866757809,0.01719254360138356,20240704,True,oos,H10,0.17766145358375507,2.3132839466197773e-05,0.17763832074428887
1225,1229,0.6938321875534068,0.5203166605159593,20240820,True,oos,to_release,0.014865666445144976,0.002269996483565989,0.012595669961578987
1225,1229,0.6938321875534068,0.5203166605159593,20240820,True,oos,H5,0.013244475284689639,-0.005875278823490204,0.019119754108179843
1225,1229,0.6938321875534068,0.5203166605159593,20240820,True,oos,H10,0.014865666445144976,0.002269996483565989,0.012595669961578987
2524,3489,0.7312669689541387,0.46531362672099075,20240805,True,oos,to_release,-0.12137623483760329,-0.004972616422171984,-0.11640361841543131
2524,3489,0.7312669689541387,0.46531362672099075,20240805,True,oos,H5,-0.14030043901033185,-0.04425525003872914,-0.0960451889716027
2524,3489,0.7312669689541387,0.46531362672099075,20240805,True,oos,H10,-0.07136226666682055,0.022103275353441098,-0.09346554202026165
3550,8039,0.6289520165812134,0.27148407374841543,20240830,True,oos,to_release,-0.024815357707629992,-0.0538524066710145,0.029037048963384507
3550,8039,0.6289520165812134,0.27148407374841543,20240830,True,oos,H5,-0.07718376375235814,-0.06276163475276914,-0.014422128999589001
3550,8039,0.6289520165812134,0.27148407374841543,20240830,True,oos,H10,-0.024815357707629992,-0.0538524066710145,0.029037048963384507
8039,3550,0.6289520165812132,-0.21756458128648604,20240830,True,oos,to_release,-0.08935190879551969,-0.0538524066710145,-0.035499502124505186
8039,3550,0.6289520165812132,-0.21756458128648604,20240830,True,oos,H5,-0.07941033574743572,-0.06276163475276914,-0.016648700994666588
8039,3550,0.6289520165812132,-0.21756458128648604,20240830,True,oos,H10,-0.08935190879551969,-0.0538524066710145,-0.035499502124505186
4741,1776,0.7283318340701467,0.03648419533438996,20240829,True,oos,to_release,-0.1501674894078061,-0.02766654410950418,-0.12250094529830192
4741,1776,0.7283318340701467,0.03648419533438996,20240829,True,oos,H5,-0.11249018598253657,-0.02699878442744282,-0.08549140155509376
4741,1776,0.7283318340701467,0.03648419533438996,20240829,True,oos,H10,-0.1501674894078061,-0.02766654410950418,-0.12250094529830192
6570,3594,0.6065027283685763,0.20042378822464313,20240822,True,oos,to_release,-0.16093078781611359,-0.04117495670413146,-0.11975583111198213
6570,3594,0.6065027283685763,0.20042378822464313,20240822,True,oos,H5,-0.10019820658751877,-0.0010727307690872835,-0.09912547581843148
6570,3594,0.6065027283685763,0.20042378822464313,20240822,True,oos,H10,-0.16093078781611359,-0.04117495670413146,-0.11975583111198213
6187,3583,0.6270570894068702,0.06271452037947323,20240819,False,oos,to_release,-0.04181690891301315,0.03188665620562434,-0.07370356511863749
6187,3583,0.6270570894068702,0.06271452037947323,20240819,False,oos,H5,0.03931072122478674,0.019761351794918842,0.019549369429867895
6187,3583,0.6270570894068702,0.06271452037947323,20240819,False,oos,H10,-0.04181690891301315,0.03188665620562434,-0.07370356511863749
6643,3661,0.6700310848344649,-0.09996031401224559,20240812,True,oos,to_release,0.15317887018716458,0.0880260034706373,0.06515286671652729
6643,3661,0.6700310848344649,-0.09996031401224559,20240812,True,oos,H5,0.07702554857103117,0.057780533235797564,0.019245015335233602
6643,3661,0.6700310848344649,-0.09996031401224559,20240812,True,oos,H10,0.15317887018716458,0.0880260034706373,0.06515286671652729
6640,5443,0.6326866127274227,0.1139253258913071,20240807,True,oos,to_release,0.4649083325875929,0.14580988883735804,0.3190984437502349
6640,5443,0.6326866127274227,0.1139253258913071,20240807,True,oos,H5,0.20227536459380135,0.10637259120839664,0.09590277338540472
6640,5443,0.6326866127274227,0.1139253258913071,20240807,True,oos,H10,0.4649083325875929,0.14580988883735804,0.3190984437502349
1721,1727,0.716094037445994,0.29450548946219146,20240924,True,oos,to_release,-0.00042676360571891614,-0.0416695650768963,0.041242801471177384
1721,1727,0.716094037445994,0.29450548946219146,20240924,True,oos,H5,0.030424262208919473,-0.013478778512089123,0.0439030407210086
1721,1727,0.716094037445994,0.29450548946219146,20240924,True,oos,H10,-0.0868096358867061,-0.0666387596430692,-0.020170876243636893
2033,2014,0.6489698366529814,0.4129163238404667,20240923,True,oos,to_release,0.18640313113715146,0.010923935056453326,0.17547919608069812
2033,2014,0.6489698366529814,0.4129163238404667,20240923,True,oos,H5,0.16278005994194245,0.03795524077872038,0.12482481916322206
2033,2014,0.6489698366529814,0.4129163238404667,20240923,True,oos,H10,0.144406560123447,-0.0019635599157315285,0.14637012003917851
2425,6150,0.6849451698613089,0.1841276960966891,20240903,True,oos,to_release,-0.10140767166752418,-0.049151787332152176,-0.052255884335372
2425,6150,0.6849451698613089,0.1841276960966891,20240903,True,oos,H5,-0.06807899757815983,-0.05333965999361046,-0.014739337584549365
2425,6150,0.6849451698613089,0.1841276960966891,20240903,True,oos,H10,-0.10140767166752418,-0.049151787332152176,-0.052255884335372
4583,1539,0.704825117855999,0.375413126695193,20240903,True,oos,to_release,0.06476672118892202,-0.02727674380898379,0.0920434649979058
4583,1539,0.704825117855999,0.375413126695193,20240903,True,oos,H5,0.16156369584246044,-0.03576810485139121,0.19733180069385164
4583,1539,0.704825117855999,0.375413126695193,20240903,True,oos,H10,0.06476672118892202,-0.02727674380898379,0.0920434649979058
5234,3437,0.6458356155974684,0.44426015208045166,20240923,True,oos,to_release,-0.04048008077669418,0.0045084417726546505,-0.04498852254934883
5234,3437,0.6458356155974684,0.44426015208045166,20240923,True,oos,H5,-0.04229391805310889,-0.0098617583114702,-0.03243215974163869
5234,3437,0.6458356155974684,0.44426015208045166,20240923,True,oos,H10,-0.04048008077669418,0.0045084417726546505,-0.04498852254934883
8249,6194,0.6564906269852467,0.4098255512477289,20240918,True,oos,to_release,-0.020105265350082724,-0.009565059811664044,-0.01054020553841868
8249,6194,0.6564906269852467,0.4098255512477289,20240918,True,oos,H5,-0.018059556091940654,0.013650922917244204,-0.03171047900918486
8249,6194,0.6564906269852467,0.4098255512477289,20240918,True,oos,H10,-0.020105265350082724,-0.009565059811664044,-0.01054020553841868
8996,6125,0.63093164820006,0.08970475486042351,20240920,True,oos,to_release,-0.042478180887538075,-0.0224583852671707,-0.020019795620367375
8996,6125,0.63093164820006,0.08970475486042351,20240920,True,oos,H5,-0.009930838351917326,-0.017992382062022035,0.008061543710104709
8996,6125,0.63093164820006,0.08970475486042351,20240920,True,oos,H10,-0.042478180887538075,-0.0297061097034348,-0.012772071184103274
6643,6679,0.6277527984620972,-0.05280338742469004,20240923,False,oos,to_release,-0.015257424398527952,-0.0063055016693682065,-0.008951922729159746
6643,6679,0.6277527984620972,-0.05280338742469004,20240923,False,oos,H5,0.041183326540922716,0.002236580168651442,0.038946746372271274
6643,6679,0.6277527984620972,-0.05280338742469004,20240923,False,oos,H10,-0.00783100980123197,0.007628026210496223,-0.015459036011728194
4950,2025,0.6914969215341512,0.3535314699129326,20240920,False,oos,to_release,0.04177743970870651,0.039784036786908776,0.0019934029217977337
4950,2025,0.6914969215341512,0.3535314699129326,20240920,False,oos,H5,0.059816875894138644,0.007808901987434054,0.05200797390670459
4950,2025,0.6914969215341512,0.3535314699129326,20240920,False,oos,H10,0.03275772161599044,0.03321349925375197,-0.0004557776377615286
5314,1437,0.6028712259796811,0.18259506253715818,20240920,True,oos,to_release,0.01478252843691652,0.014203450781975841,0.0005790776549406788
5314,1437,0.6028712259796811,0.18259506253715818,20240920,True,oos,H5,0.031742682115528,-0.001272804424090661,0.03301548653961866
5314,1437,0.6028712259796811,0.18259506253715818,20240920,True,oos,H10,-0.005004317521463242,0.022256514644050745,-0.027260832165513987
5443,6640,0.6714267477759149,0.128542418772851,20240920,True,oos,to_release,-0.0732937060617691,-0.01054013051966868,-0.06275357554210043
5443,6640,0.6714267477759149,0.128542418772851,20240920,True,oos,H5,-0.03340237552800429,0.011551525331357615,-0.044953900859361906
5443,6640,0.6714267477759149,0.128542418772851,20240920,True,oos,H10,-0.020105265350082724,-0.005097134079741153,-0.015008131270341571
4950,5011,0.6930751835842504,0.2621202716130937,20240916,True,oos,to_release,0.02752931060417474,0.07487990138370614,-0.047350590779531396
4950,5011,0.6930751835842504,0.2621202716130937,20240916,True,oos,H5,0.004649103283028921,0.032887217518143316,-0.028238114235114395
4950,5011,0.6930751835842504,0.2621202716130937,20240916,True,oos,H10,0.02752931060417474,0.07487990138370614,-0.047350590779531396
3081,6530,0.6908244901672234,0.24897866890078846,20240904,True,oos,to_release,0.26368848751653795,0.07401545550830975,0.18967303200822822
3081,6530,0.6908244901672234,0.24897866890078846,20240904,True,oos,H5,0.16365498850472804,0.002696764717903934,0.16095822378682412
3081,6530,0.6908244901672234,0.24897866890078846,20240904,True,oos,H10,0.30860148707286084,0.06037304993051576,0.24822843714234508
8111,6456,0.6228087896766408,0.31864465485144344,20240903,True,oos,to_release,-0.02581100797616842,-0.03086875630050322,0.005057748324334799
8111,6456,0.6228087896766408,0.31864465485144344,20240903,True,oos,H5,-0.051963732594258016,-0.04751589457477992,-0.004447838019478095
8111,6456,0.6228087896766408,0.31864465485144344,20240903,True,oos,H10,-0.02581100797616842,-0.03086875630050322,0.005057748324334799
2929,5907,0.8520042851902023,-0.005609422497183769,20241009,True,oos,to_release,-0.02909177387691997,-0.04309152390981693,0.013999750032896961
2929,5907,0.8520042851902023,-0.005609422497183769,20241009,True,oos,H5,-0.142482515613922,-0.04822846710302079,-0.09425404851090122
2929,5907,0.8520042851902023,-0.005609422497183769,20241009,True,oos,H10,-0.02909177387691997,-0.04309152390981693,0.013999750032896961
4956,8215,0.6773697730302315,0.3296988262714857,20241017,True,oos,to_release,-0.03879022049094061,-0.02548655992993318,-0.013303660561007426
4956,8215,0.6773697730302315,0.3296988262714857,20241017,True,oos,H5,-0.03879022049094061,0.02653870947811851,-0.06532892996905912
4956,8215,0.6773697730302315,0.3296988262714857,20241017,True,oos,H10,-0.06532668679640574,-0.05850412357028093,-0.00682256322612481
5907,2929,0.8480762052798961,0.005552874964337873,20241008,True,oos,to_release,-0.10419274625938557,-0.0511039084801454,-0.05308883777924017
5907,2929,0.8480762052798961,0.005552874964337873,20241008,True,oos,H5,-0.06850321423784722,-0.049478722090704676,-0.019024492147142545
5907,2929,0.8480762052798961,0.005552874964337873,20241008,True,oos,H10,-0.10419274625938557,-0.0511039084801454,-0.05308883777924017
6187,6532,0.6501322559077979,0.2813174148688,20241017,False,oos,to_release,0.004745780215372086,-0.06292850790946095,0.06767428812483303
6187,6532,0.6501322559077979,0.2813174148688,20241017,False,oos,H5,0.1794234193348736,0.011277981379989909,0.16814543795488368
6187,6532,0.6501322559077979,0.2813174148688,20241017,False,oos,H10,0.004745780215372086,-0.06292850790946095,0.06767428812483303
3234,4908,0.6996190406988049,0.2869969251573745,20241014,True,oos,to_release,0.0020413184594523237,0.011891540089561782,-0.009850221630109459
3234,4908,0.6996190406988049,0.2869969251573745,20241014,True,oos,H5,0.06621145215390012,-9.553389494798777e-05,0.0663069860488481
3234,4908,0.6996190406988049,0.2869969251573745,20241014,True,oos,H10,0.0020413184594523237,0.011891540089561782,-0.009850221630109459
3363,3234,0.6206171771576464,0.057995896405913516,20241014,True,oos,to_release,-0.1131151292647703,0.013077681170102176,-0.12619281043487246
3363,3234,0.6206171771576464,0.057995896405913516,20241014,True,oos,H5,-0.056011878030308826,0.002190034538512951,-0.058201912568821776
3363,3234,0.6206171771576464,0.057995896405913516,20241014,True,oos,H10,-0.1131151292647703,0.013077681170102176,-0.12619281043487246
3081,6416,0.6164818588807248,0.7484332177858151,20241008,False,oos,to_release,-0.00783100980123197,-0.016783516879453897,0.008952507078221927
3081,6416,0.6164818588807248,0.7484332177858151,20241008,False,oos,H5,-0.06470693917568349,-0.020680793578809028,-0.044026145596874455
3081,6416,0.6164818588807248,0.7484332177858151,20241008,False,oos,H10,0.0016483117611767462,-0.00603504899552311,0.007683360756699856
3363,3234,0.6259234724738759,-0.07901721994841082,20241128,False,oos,to_release,-0.03517424968859939,0.015327275138278182,-0.05050152482687757
3363,3234,0.6259234724738759,-0.07901721994841082,20241128,False,oos,H5,0.09372959549470505,0.04520378318017796,0.04852581231452709
3363,3234,0.6259234724738759,-0.07901721994841082,20241128,False,oos,H10,-0.03517424968859939,0.015327275138278182,-0.05050152482687757
3363,3234,0.6406427054038383,0.07857092722048709,20241105,False,oos,to_release,0.09229613599864384,-0.04696406605925471,0.13926020205789855
3363,3234,0.6406427054038383,0.07857092722048709,20241105,False,oos,H5,0.22883315299847395,-0.0070893263859892475,0.2359224793844632
3363,3234,0.6406427054038383,0.07857092722048709,20241105,False,oos,H10,0.09229613599864384,-0.04696406605925471,0.13926020205789855
6426,4908,0.6532090411039777,0.2598236794482103,20241210,True,oos,to_release,-0.12379881385043856,-0.007924674273266069,-0.11587413957717249
6426,4908,0.6532090411039777,0.2598236794482103,20241210,True,oos,H5,-0.1023232945820669,-0.05544178701442628,-0.046881507567640625
6426,4908,0.6532090411039777,0.2598236794482103,20241210,True,oos,H10,-0.12379881385043856,-0.007924674273266069,-0.11587413957717249
6535,4123,0.6235594835136172,-0.33421604050549036,20241212,False,oos,to_release,-0.030665739149880245,-0.016433412185962733,-0.014232326963917512
6535,4123,0.6235594835136172,-0.33421604050549036,20241212,False,oos,H5,-0.040941367356771896,-0.03687277260184186,-0.004068594754930037
6535,4123,0.6235594835136172,-0.33421604050549036,20241212,False,oos,H10,-0.030665739149880245,-0.016433412185962733,-0.014232326963917512
6535,4123,0.6039552828701871,-0.2578226065821484,20241209,True,oos,to_release,-0.03315318820537683,-0.07820757581944675,0.04505438761406992
6535,4123,0.6039552828701871,-0.2578226065821484,20241209,True,oos,H5,-0.008982017910511342,-0.07191489877156002,0.06293288086104867
6535,4123,0.6039552828701871,-0.2578226065821484,20241209,True,oos,H10,-0.03315318820537683,-0.07820757581944675,0.04505438761406992
6104,3035,0.6707414781954218,0.3516123766145185,20241206,True,oos,to_release,0.026829915620559364,-0.020671977255577064,0.04750189287613643
6104,3035,0.6707414781954218,0.3516123766145185,20241206,True,oos,H5,-0.003498394123508164,-0.02690959846207915,0.023411204338570985
6104,3035,0.6707414781954218,0.3516123766145185,20241206,True,oos,H10,0.005166837231939558,-0.03135136934965615,0.03651820658159571
3081,3363,0.6425727969168736,-0.04818379077700541,20250122,False,oos,to_release,-0.0005676936211531647,0.01891018366682965,-0.019477877287982816
3081,3363,0.6425727969168736,-0.04818379077700541,20250122,False,oos,H5,-0.07174819218592565,0.008155687098580626,-0.07990387928450628
3081,3363,0.6425727969168736,-0.04818379077700541,20250122,False,oos,H10,-0.002020356857168948,0.03062257161573883,-0.03264292847290778
6547,4142,0.6795591406730195,0.22181391431976416,20250116,True,oos,to_release,0.09181915078641745,0.03347957711201148,0.05833957367440597
6547,4142,0.6795591406730195,0.22181391431976416,20250116,True,oos,H5,-0.03815931954529905,-0.025447991649970803,-0.01271132789532825
6547,4142,0.6795591406730195,0.22181391431976416,20250116,True,oos,H10,0.09181915078641745,0.03347957711201148,0.05833957367440597
3363,3081,0.6254301558991344,0.1640706694904539,20250114,False,oos,to_release,0.31570235656793155,0.0747018686096335,0.24100048795829804
3363,3081,0.6254301558991344,0.1640706694904539,20250114,False,oos,H5,0.3210945793407509,0.03260865670901316,0.2884859226317378
3363,3081,0.6254301558991344,0.1640706694904539,20250114,False,oos,H10,0.26447624022614735,0.05962128430784481,0.20485495591830255
3363,3081,0.7150882411755021,0.09956416173510019,20250221,False,oos,to_release,-0.1906576551861734,-0.03697106978137572,-0.15368658540479768
3363,3081,0.7150882411755021,0.09956416173510019,20250221,False,oos,H5,-0.15275457016734417,-0.030483637821883666,-0.1222709323454605
3363,3081,0.7150882411755021,0.09956416173510019,20250221,False,oos,H10,-0.1906576551861734,-0.03697106978137572,-0.15368658540479768
8234,6188,0.6012630514524462,0.3894308125403927,20250218,True,oos,to_release,-0.06074668927849969,-0.008035950000800282,-0.052710739277699405
8234,6188,0.6012630514524462,0.3894308125403927,20250218,True,oos,H5,-0.029879209583426936,0.028275749992167674,-0.058154959575594606
8234,6188,0.6012630514524462,0.3894308125403927,20250218,True,oos,H10,-0.06956596919137736,0.007167555890076854,-0.07673352508145422
6148,2453,0.6903195489837147,0.22714624710818399,20250211,True,oos,to_release,-0.06262243164802961,-0.027618596528111314,-0.035003835119918295
6148,2453,0.6903195489837147,0.22714624710818399,20250211,True,oos,H5,-0.015235255996745134,-0.011407020985226383,-0.0038282350115187505
6148,2453,0.6903195489837147,0.22714624710818399,20250211,True,oos,H10,-0.04781393925700317,-0.026163101413058013,-0.021650837843945156
6104,2388,0.6589394045368855,0.19408840541532535,20250204,False,oos,to_release,0.06590395340479693,0.083690703408894,-0.01778675000409706
6104,2388,0.6589394045368855,0.19408840541532535,20250204,False,oos,H5,0.025783458719163432,0.033921256764714115,-0.008137798045550683
6104,2388,0.6589394045368855,0.19408840541532535,20250204,False,oos,H10,0.06590395340479693,0.083690703408894,-0.01778675000409706
2468,6148,0.6858627625294077,0.2952856441957834,20250328,True,oos,to_release,0.37214842031416007,-0.10389613169841387,0.47604455201257395
2468,6148,0.6858627625294077,0.2952856441957834,20250328,True,oos,H5,-0.1805790219933986,-0.22877669566679842,0.04819767367339983
2468,6148,0.6858627625294077,0.2952856441957834,20250328,True,oos,H10,0.10952654164868991,-0.16178412347372742,0.2713106651224173
6140,6148,0.7309251987256099,-0.03444495282906668,20250328,True,oos,to_release,0.37214842031416007,-0.09320950425296227,0.4653579245671223
6140,6148,0.7309251987256099,-0.03444495282906668,20250328,True,oos,H5,-0.1805790219933986,-0.22998139381578997,0.04940237182239138
6140,6148,0.7309251987256099,-0.03444495282906668,20250328,True,oos,H10,0.10952654164868991,-0.1512008306143457,0.2607273722630356
3363,3081,0.6361206641546799,0.3264093268136403,20250317,False,oos,to_release,-0.1002691144781358,-0.09978419113139989,-0.00048492334673591597
3363,3081,0.6361206641546799,0.3264093268136403,20250317,False,oos,H5,0.11850106659053661,0.0016325905577106957,0.11686847603282591
3363,3081,0.6361206641546799,0.3264093268136403,20250317,False,oos,H10,-0.1002691144781358,-0.09978419113139989,-0.00048492334673591597
3081,3363,0.6174221448880074,-0.13923503337650678,20250307,False,oos,to_release,-0.11296149882891593,-0.03834208645382949,-0.07461941237508643
3081,3363,0.6174221448880074,-0.13923503337650678,20250307,False,oos,H5,-0.08503621268093742,-0.050858589137724466,-0.03417762354321295
3081,3363,0.6174221448880074,-0.13923503337650678,20250307,False,oos,H10,-0.11296149882891593,-0.03834208645382949,-0.07461941237508643
6668,6209,0.6379112563431302,-0.2216934884811137,20250415,True,oos,to_release,0.01495366429519085,0.07324455682115665,-0.058290892525965796
6668,6209,0.6379112563431302,-0.2216934884811137,20250415,True,oos,H5,-0.0720423640729686,-0.0367372438246209,-0.0353051202483477
6668,6209,0.6379112563431302,-0.2216934884811137,20250415,True,oos,H10,0.01495366429519085,0.07324455682115665,-0.058290892525965796
3147,6112,0.6751764111806903,0.5663412305510973,20250429,True,oos,to_release,-0.03965529816609803,-0.03721688828578321,-0.0024384098803148166
3147,6112,0.6751764111806903,0.5663412305510973,20250429,True,oos,H5,-0.04152731512873742,-0.021003083206178472,-0.020524231922558946
3147,6112,0.6751764111806903,0.5663412305510973,20250429,True,oos,H10,-0.03216723031554125,-0.03786949153762482,0.005702261222083567
3709,2353,0.6147475003876702,0.6447568670499042,20250429,True,oos,to_release,0.03855999879026406,0.0672124423995265,-0.028652443609262446
3709,2353,0.6147475003876702,0.6447568670499042,20250429,True,oos,H5,0.02209867316102354,0.010581518287597557,0.011517154873425984
3709,2353,0.6147475003876702,0.6447568670499042,20250429,True,oos,H10,0.03855999879026406,0.0672124423995265,-0.028652443609262446
3081,3363,0.750305506259704,0.06753970801839171,20250422,True,oos,to_release,0.2213725860358251,0.06034565089501691,0.16102693514080818
3081,3363,0.750305506259704,0.06753970801839171,20250422,True,oos,H5,0.18369528261055557,0.0933409490116935,0.09035433359886207
3081,3363,0.750305506259704,0.06753970801839171,20250422,True,oos,H10,0.2213725860358251,0.06034565089501691,0.16102693514080818
3128,3356,0.6553120983221673,0.040032917342671004,20250421,True,oos,to_release,0.10284146072974609,0.02133208272040578,0.08150937800934031
3128,3356,0.6553120983221673,0.040032917342671004,20250421,True,oos,H5,0.22322204271081003,0.029831674993961926,0.19339036771684812
3128,3356,0.6553120983221673,0.040032917342671004,20250421,True,oos,H10,0.10284146072974609,0.02133208272040578,0.08150937800934031
6560,3356,0.7606454944931241,0.21806913962462393,20250421,True,oos,to_release,0.10284146072974609,0.01945654139392167,0.08338491933582443
6560,3356,0.7606454944931241,0.21806913962462393,20250421,True,oos,H5,0.22322204271081003,0.029272172442115246,0.19394987026869479
6560,3356,0.7606454944931241,0.21806913962462393,20250421,True,oos,H10,0.10284146072974609,0.01945654139392167,0.08338491933582443
3434,5251,0.77585487914561,0.2324898213395563,20250418,True,oos,to_release,0.2969529283644028,0.07650663808902054,0.22044629027538226
3434,5251,0.77585487914561,0.2324898213395563,20250418,True,oos,H5,0.3358615162153349,0.021577120208794147,0.31428439600654073
3434,5251,0.77585487914561,0.2324898213395563,20250418,True,oos,H10,0.2969529283644028,0.07650663808902054,0.22044629027538226
3297,5251,0.677660199470957,-0.0012232413149529942,20250415,True,oos,to_release,0.22257790261459554,0.08381193427470608,0.13876596833988947
3297,5251,0.677660199470957,-0.0012232413149529942,20250415,True,oos,H5,-0.023113233583914594,-0.03528118434653193,0.012167950762617334
3297,5251,0.677660199470957,-0.0012232413149529942,20250415,True,oos,H10,0.17555567559095753,0.0720597133427376,0.10349596224821993
5245,6668,0.621920908192841,-0.011837844601942149,20250415,True,oos,to_release,0.09122865166076877,0.07231930455883971,0.018909347101929055
5245,6668,0.621920908192841,-0.011837844601942149,20250415,True,oos,H5,0.033050755246577745,-0.03729764255872166,0.0703483978052994
5245,6668,0.621920908192841,-0.011837844601942149,20250415,True,oos,H10,0.09122865166076877,0.07231930455883971,0.018909347101929055
6517,6668,0.6284555276888547,0.36778434849139496,20250415,True,oos,to_release,0.09122865166076877,0.07290353394052115,0.018325117720247613
6517,6668,0.6284555276888547,0.36778434849139496,20250415,True,oos,H5,0.033050755246577745,-0.03586724273652643,0.06891799798310418
6517,6668,0.6284555276888547,0.36778434849139496,20250415,True,oos,H10,0.09122865166076877,0.07290353394052115,0.018325117720247613
3363,3081,0.7165472006485073,-0.06671166273893814,20250414,False,oos,to_release,0.08391795058274032,0.049471540136263065,0.034446410446477255
3363,3081,0.7165472006485073,-0.06671166273893814,20250414,False,oos,H5,0.030575531754849505,0.024831853564755434,0.005743678190094071
3363,3081,0.7165472006485073,-0.06671166273893814,20250414,False,oos,H10,0.08391795058274032,0.049471540136263065,0.034446410446477255
3363,3081,0.6789054316452872,-0.02614912270463643,20250409,False,oos,to_release,0.14228439297115858,0.09646287839864806,0.04582151457251052
3363,3081,0.6789054316452872,-0.02614912270463643,20250409,False,oos,H5,0.20326877534744203,0.13387532876793387,0.06939344657950816
3363,3081,0.6789054316452872,-0.02614912270463643,20250409,False,oos,H10,0.14228439297115858,0.09646287839864806,0.04582151457251052
6442,3062,0.7934656105026476,0.14154106131069977,20250516,True,oos,to_release,-0.07812638360073965,-0.048040802278230016,-0.03008558132250963
6442,3062,0.7934656105026476,0.14154106131069977,20250516,True,oos,H5,-0.03996603782386421,-0.02240773174404132,-0.01755830607982289
6442,3062,0.7934656105026476,0.14154106131069977,20250516,True,oos,H10,-0.07812638360073965,-0.048040802278230016,-0.03008558132250963
6591,3706,0.8043558464563133,0.3615607167689361,20250520,True,oos,to_release,-0.029185640384980283,-0.01821766569290624,-0.010967974692074042
6591,3706,0.8043558464563133,0.3615607167689361,20250520,True,oos,H5,0.036520915257322484,-0.006972195272849606,0.04349311053017209
6591,3706,0.8043558464563133,0.3615607167689361,20250520,True,oos,H10,-0.029185640384980283,-0.01821766569290624,-0.010967974692074042
5475,3294,0.78812350330148,0.1504773966568287,20250529,True,oos,to_release,-0.061245221924987936,0.01588241155641952,-0.07712763348140746
5475,3294,0.78812350330148,0.1504773966568287,20250529,True,oos,H5,0.009528609138988564,0.002825583368295533,0.006703025770693032
5475,3294,0.78812350330148,0.1504773966568287,20250529,True,oos,H10,-0.061245221924987936,0.01588241155641952,-0.07712763348140746
3297,5251,0.7048289752002682,0.13236102584436038,20250528,True,oos,to_release,-0.00585457754984009,-0.031367884251340274,0.025513306701500184
3297,5251,0.7048289752002682,0.13236102584436038,20250528,True,oos,H5,0.043556228734959124,-0.028591582475660925,0.07214781121062006
3297,5251,0.7048289752002682,0.13236102584436038,20250528,True,oos,H10,-0.0019017130470561083,-0.005551495496522108,0.003649782449466
6560,3128,0.6641560508589205,0.3622091107562564,20250527,False,oos,to_release,0.14076918691537643,-0.018859040270296633,0.15962822718567307
6560,3128,0.6641560508589205,0.3622091107562564,20250527,False,oos,H5,0.05671250998476984,-0.046321673697452846,0.1030341836822227
6560,3128,0.6641560508589205,0.3622091107562564,20250527,False,oos,H10,0.14076918691537643,-0.018859040270296633,0.15962822718567307
8038,8358,0.778512321969545,0.2114936479999463,20250520,True,oos,to_release,0.06330563477905726,0.002250707855826001,0.061054926923231265
8038,8358,0.778512321969545,0.2114936479999463,20250520,True,oos,H5,0.048329499077943705,0.015653839983247063,0.03267565909469664
8038,8358,0.778512321969545,0.2114936479999463,20250520,True,oos,H10,0.06330563477905726,0.002250707855826001,0.061054926923231265
4554,3498,0.6532466777296163,0.3895242971594588,20250519,True,oos,to_release,-0.13241331513162036,-0.026519717190411744,-0.10589359794120862
4554,3498,0.6532466777296163,0.3895242971594588,20250519,True,oos,H5,-0.05945971291112273,-0.01635232731462384,-0.04310738559649889
4554,3498,0.6532466777296163,0.3895242971594588,20250519,True,oos,H10,-0.13241331513162036,-0.026519717190411744,-0.10589359794120862
3081,2332,0.7444142942399474,0.09067898747933034,20250516,False,oos,to_release,-0.04201953832614158,-0.0649840319911828,0.02296449366504122
3081,2332,0.7444142942399474,0.09067898747933034,20250516,False,oos,H5,-0.05643871249108523,-0.021258224294134282,-0.03518048819695095
3081,2332,0.7444142942399474,0.09067898747933034,20250516,False,oos,H10,0.021270462144804325,-0.050300165824143095,0.07157062796894742
6499,4123,0.6007870789375838,0.6695152497403996,20250515,True,oos,to_release,0.02467780377015627,-0.003061737529931965,0.027739541300088235
6499,4123,0.6007870789375838,0.6695152497403996,20250515,True,oos,H5,0.0194763935987341,0.0029872794640474396,0.01648911413468666
6499,4123,0.6007870789375838,0.6695152497403996,20250515,True,oos,H10,0.02467780377015627,-0.003061737529931965,0.027739541300088235
3363,6442,0.7052459508601211,-0.1027702487138652,20250513,False,oos,to_release,0.032392057368988425,-0.02478586929964085,0.057177926668629274
3363,6442,0.7052459508601211,-0.1027702487138652,20250513,False,oos,H5,0.0033420644127182264,-0.016233680489979075,0.0195757449026973
3363,6442,0.7052459508601211,-0.1027702487138652,20250513,False,oos,H10,0.032392057368988425,-0.02478586929964085,0.057177926668629274
6441,3325,0.7722641934776262,0.056648484786595565,20250507,True,oos,to_release,0.19117136645640076,0.048686955074755484,0.14248441138164528
6441,3325,0.7722641934776262,0.056648484786595565,20250507,True,oos,H5,0.0632412674336369,0.04544629861805393,0.017794968815582964
6441,3325,0.7722641934776262,0.056648484786595565,20250507,True,oos,H10,0.19117136645640076,0.048686955074755484,0.14248441138164528
7714,8932,0.6749715959910234,0.4752773268748036,20250505,True,oos,to_release,-0.027674389605207295,0.022056444583281782,-0.04973083418848907
7714,8932,0.6749715959910234,0.4752773268748036,20250505,True,oos,H5,-0.03263523455620121,0.008880409522829202,-0.04151564407903041
7714,8932,0.6749715959910234,0.4752773268748036,20250505,True,oos,H10,-0.027674389605207295,0.022056444583281782,-0.04973083418848907
2314,4909,0.6272452720300906,0.26088895503232523,20250627,False,oos,to_release,-0.02559712119597568,-0.017831670820195277,-0.0077654503757804035
2314,4909,0.6272452720300906,0.26088895503232523,20250627,False,oos,H5,-0.0023645139874645116,-0.002865955984805207,0.0005014419973406953
2314,4909,0.6272452720300906,0.26088895503232523,20250627,False,oos,H10,-0.02559712119597568,-0.017831670820195277,-0.0077654503757804035
3040,5871,0.640500394872131,0.3237495104244581,20250626,True,oos,to_release,0.036534270248306244,-0.005588327874803715,0.04212259812310996
3040,5871,0.640500394872131,0.3237495104244581,20250626,True,oos,H5,0.040567477525537354,0.010860360514097006,0.029707117011440347
3040,5871,0.640500394872131,0.3237495104244581,20250626,True,oos,H10,0.036534270248306244,-0.005588327874803715,0.04212259812310996
6885,4164,0.6894467130986283,0.33485563529610785,20250610,True,oos,to_release,0.04134978066120709,0.0006871264769841312,0.04066265418422296
6885,4164,0.6894467130986283,0.33485563529610785,20250610,True,oos,H5,0.08197739017365668,0.018148075013398934,0.06382931516025775
6885,4164,0.6894467130986283,0.33485563529610785,20250610,True,oos,H10,0.04134978066120709,0.0006871264769841312,0.04066265418422296
6739,6139,0.7375865444901575,0.1373904045990031,20250626,True,oos,to_release,-0.09100685329094904,0.017476343406748498,-0.10848319669769754
6739,6139,0.7375865444901575,0.1373904045990031,20250626,True,oos,H5,-0.0702128924185198,0.02112032730154459,-0.09133321972006439
6739,6139,0.7375865444901575,0.1373904045990031,20250626,True,oos,H10,-0.08060987285473431,0.003624059644459087,-0.08423393249919339
6895,3041,0.6735156596397134,0.4254126892721226,20250626,True,oos,to_release,0.0019152474698758137,-0.02114367037801482,0.023058917847890634
6895,3041,0.6735156596397134,0.4254126892721226,20250626,True,oos,H5,0.062342042550743715,-0.0036877639589294542,0.06602980650967318
6895,3041,0.6735156596397134,0.4254126892721226,20250626,True,oos,H10,0.0019152474698758137,-0.02114367037801482,0.023058917847890634
7642,8222,0.616035703993588,0.32383521198542553,20250618,True,oos,to_release,-0.12211225474559251,-0.024198309033494198,-0.09791394571209831
7642,8222,0.616035703993588,0.32383521198542553,20250618,True,oos,H5,-0.0718977683306462,-0.004689189744653596,-0.0672085785859926
7642,8222,0.616035703993588,0.32383521198542553,20250618,True,oos,H10,-0.12211225474559251,-0.024198309033494198,-0.09791394571209831
3081,2455,0.7899546626575018,0.013052005321374516,20250616,False,oos,to_release,0.09998811286010612,0.01701018140064229,0.08297793145946383
3081,2455,0.7899546626575018,0.013052005321374516,20250616,False,oos,H5,-0.0316706960150418,-0.032981270884216395,0.0013105748691745953
3081,2455,0.7899546626575018,0.013052005321374516,20250616,False,oos,H10,0.09998811286010612,0.01701018140064229,0.08297793145946383
6276,2376,0.6683192107338224,0.25965964767744465,20250611,True,oos,to_release,-0.012989600738140594,0.008172408906183518,-0.02116200964432411
6276,2376,0.6683192107338224,0.25965964767744465,20250611,True,oos,H5,-0.019867721987352316,-0.010105621156452723,-0.009762100830899593
6276,2376,0.6683192107338224,0.25965964767744465,20250611,True,oos,H10,-0.014709131050443691,-0.00022108878689296822,-0.014488042263550722
3363,3081,0.699711157645741,0.17295458409000242,20250606,False,oos,to_release,0.2200997041633499,-0.0063393749184871805,0.22643907908183708
3363,3081,0.699711157645741,0.17295458409000242,20250606,False,oos,H5,0.23350739322009018,0.019956138822278494,0.2135512543978117
3363,3081,0.699711157645741,0.17295458409000242,20250606,False,oos,H10,0.20669201510660984,0.001689179602905433,0.2050028355037044
4168,6838,0.7074793600730191,0.2603673002608051,20250606,True,oos,to_release,0.24315910826263298,-0.016059535299426667,0.25921864356205965
4168,6838,0.7074793600730191,0.2603673002608051,20250606,True,oos,H5,0.24652810313597362,0.005724955578173516,0.2408031475578001
4168,6838,0.7074793600730191,0.2603673002608051,20250606,True,oos,H10,0.24315910826263298,-0.016059535299426667,0.25921864356205965
3294,3645,0.8271123421278379,0.18866789196114708,20250602,True,oos,to_release,0.021249805428731783,0.03538462009776058,-0.0141348146690288
3294,3645,0.8271123421278379,0.18866789196114708,20250602,True,oos,H5,-0.014673554561223434,0.02022583088622934,-0.034899385447452774
3294,3645,0.8271123421278379,0.18866789196114708,20250602,True,oos,H10,-0.004409737421236071,0.01770109082963215,-0.02211082825086822
3081,2455,0.6461568697314741,-0.017187841062673126,20250714,False,oos,to_release,0.14042412666525061,0.011346904839080822,0.1290772218261698
3081,2455,0.6461568697314741,-0.017187841062673126,20250714,False,oos,H5,0.03778595526537809,0.008489058917240782,0.029296896348137307
3081,2455,0.6461568697314741,-0.017187841062673126,20250714,False,oos,H10,0.14042412666525061,0.011346904839080822,0.1290772218261698
8227,6643,0.6574469176640777,0.24265456078889436,20250707,True,oos,to_release,0.01361075619520502,-0.008352904139751677,0.021963660334956697
8227,6643,0.6574469176640777,0.24265456078889436,20250707,True,oos,H5,0.04284952800852837,-0.007040218848759607,0.049889746857287975
8227,6643,0.6574469176640777,0.24265456078889436,20250707,True,oos,H10,0.01361075619520502,0.015528071858469342,-0.0019173156632643212
3122,3545,0.7706331712555817,0.17108311790843822,20250702,True,oos,to_release,-0.0033005577911919826,-0.00643242862083018,0.0031318708296381977
3122,3545,0.7706331712555817,0.17108311790843822,20250702,True,oos,H5,-0.01840206449132531,-0.02910465211201208,0.010702587620686769
3122,3545,0.7706331712555817,0.17108311790843822,20250702,True,oos,H10,-0.0033005577911919826,-0.00643242862083018,0.0031318708296381977
1802,1809,0.7275904801008288,0.508482175396382,20250820,True,oos,to_release,-0.027526672137683783,0.0473653730062536,-0.07489204514393738
1802,1809,0.7275904801008288,0.508482175396382,20250820,True,oos,H5,0.03402227266372848,0.05202344338277365,-0.018001170719045168
1802,1809,0.7275904801008288,0.508482175396382,20250820,True,oos,H10,-0.03983646109796646,0.002465777346865039,-0.0423022384448315
6418,4974,0.6021991486586195,0.5755887896312228,20250820,True,oos,to_release,-0.04510586689157248,0.0052536816956337065,-0.050359548587206183
6418,4974,0.6021991486586195,0.5755887896312228,20250820,True,oos,H5,-0.00783100980123197,0.021589234342637927,-0.029420244143869897
6418,4974,0.6021991486586195,0.5755887896312228,20250820,True,oos,H10,-0.04510586689157248,0.0052536816956337065,-0.050359548587206183
1815,5340,0.6201581344640555,0.3906568315448051,20250819,True,oos,to_release,-0.11108111609833937,-0.0062486611225388965,-0.10483245497580047
1815,5340,0.6201581344640555,0.3906568315448051,20250819,True,oos,H5,-0.1401202084944011,-0.023301241400176944,-0.11681896709422415
1815,5340,0.6201581344640555,0.3906568315448051,20250819,True,oos,H10,-0.11108111609833937,-0.0062486611225388965,-0.10483245497580047
3363,3163,0.6531475173825215,0.11901833329073486,20250819,True,oos,to_release,0.1415779675463471,0.0028296641769037924,0.13874830336944333
3363,3163,0.6531475173825215,0.11901833329073486,20250819,True,oos,H5,-0.01016552507228774,-0.021988318657674033,0.011822793585386293
3363,3163,0.6531475173825215,0.11901833329073486,20250819,True,oos,H10,0.1415779675463471,0.0028296641769037924,0.13874830336944333
6727,8103,0.6196038320483667,0.6544813636691611,20250814,False,oos,to_release,-0.0855509140334687,0.06226163531825796,-0.14781254935172666
6727,8103,0.6196038320483667,0.6544813636691611,20250814,False,oos,H5,-0.0640539192458287,-0.0011255315869598622,-0.06292838765886884
6727,8103,0.6196038320483667,0.6544813636691611,20250814,False,oos,H10,-0.0855509140334687,0.06226163531825796,-0.14781254935172666
6129,8028,0.6580244532319571,0.19120397312017912,20250811,True,oos,to_release,-0.08265031070146689,0.020371630004268646,-0.10302194070573553
6129,8028,0.6580244532319571,0.19120397312017912,20250811,True,oos,H5,-0.06313223220575337,0.018873520245579502,-0.08200575245133288
6129,8028,0.6580244532319571,0.19120397312017912,20250811,True,oos,H10,-0.08265031070146689,0.020371630004268646,-0.10302194070573553
6727,8103,0.65131687899443,0.4705443757155463,20250811,True,oos,to_release,-0.036485709879174766,0.08804960194301893,-0.1245353118221937
6727,8103,0.65131687899443,0.4705443757155463,20250811,True,oos,H5,0.004705421482868122,0.07102201308406107,-0.06631659160119295
6727,8103,0.65131687899443,0.4705443757155463,20250811,True,oos,H10,-0.036485709879174766,0.08804960194301893,-0.1245353118221937
3081,4979,0.6396662434714886,0.13898452711621712,20250804,False,oos,to_release,0.06527617895025606,0.08050348573335124,-0.015227306783095182
3081,4979,0.6396662434714886,0.13898452711621712,20250804,False,oos,H5,-0.026107806989103977,0.00573650214110718,-0.031844309130211156
3081,4979,0.6396662434714886,0.13898452711621712,20250804,False,oos,H10,0.06527617895025606,0.08050348573335124,-0.015227306783095182
2342,4973,0.7801152444958778,0.19942861933943257,20250922,True,oos,to_release,-0.02211824326009415,-0.04404493719510388,0.021926693935009726
2342,4973,0.7801152444958778,0.19942861933943257,20250922,True,oos,H5,-0.05228018056213679,-0.04535229598037763,-0.006927884581759164
2342,4973,0.7801152444958778,0.19942861933943257,20250922,True,oos,H10,0.0969420355637578,-0.0077750638744681485,0.10471709943822595
2408,2344,0.7410927304928144,-0.03431383176836167,20250923,True,oos,to_release,0.2161157051293472,-0.001492653844252762,0.21760835897359995
2408,2344,0.7410927304928144,-0.03431383176836167,20250923,True,oos,H5,-0.05318730649603265,-0.032823241430751174,-0.020364065065281475
2408,2344,0.7410927304928144,-0.03431383176836167,20250923,True,oos,H10,0.2161157051293472,-0.001492653844252762,0.21760835897359995
6127,2492,0.6508893643144655,0.03891087672261717,20250930,True,oos,to_release,-0.08892174457709279,0.009258041611074639,-0.09817978618816743
6127,2492,0.6508893643144655,0.03891087672261717,20250930,True,oos,H5,-0.012601053023341358,0.02453771854918435,-0.03713877157252571
6127,2492,0.6508893643144655,0.03891087672261717,20250930,True,oos,H10,-0.08892174457709279,0.009258041611074639,-0.09817978618816743
6488,5483,0.7992483285666848,0.19255582324289167,20250923,True,oos,to_release,-0.03945392582350338,0.002155142719835085,-0.041609068543338464
6488,5483,0.7992483285666848,0.19255582324289167,20250923,True,oos,H5,-0.07898257085134286,-0.03263455372758744,-0.04634801712375542
6488,5483,0.7992483285666848,0.19255582324289167,20250923,True,oos,H10,-0.03945392582350338,0.002155142719835085,-0.041609068543338464
3081,3363,0.6810655539907892,0.042077295410087645,20250922,False,oos,to_release,0.0045539013108191195,-0.02938661219254507,0.03394051350336419
3081,3363,0.6810655539907892,0.042077295410087645,20250922,False,oos,H5,-0.03535303449467886,-0.038336902455391654,0.002983867960712795
3081,3363,0.6810655539907892,0.042077295410087645,20250922,False,oos,H10,0.0045539013108191195,-0.02938661219254507,0.03394051350336419
8299,3260,0.6822717412766,-0.010160097243612887,20250917,True,oos,to_release,0.24207621705334503,0.017659236962017218,0.22441698009132782
8299,3260,0.6822717412766,-0.010160097243612887,20250917,True,oos,H5,0.12644750015048123,0.02763865695348278,0.09880884319699845
8299,3260,0.6822717412766,-0.010160097243612887,20250917,True,oos,H10,0.24207621705334503,0.017659236962017218,0.22441698009132782
5475,5340,0.6262222837450084,0.37720952782255956,20250915,False,oos,to_release,-0.08239903411679705,-0.013318123684011572,-0.06908091043278548
5475,5340,0.6262222837450084,0.37720952782255956,20250915,False,oos,H5,-0.02750868288450603,0.012214241837805591,-0.03972292472231162
5475,5340,0.6262222837450084,0.37720952782255956,20250915,False,oos,H10,-0.08239903411679705,-0.013318123684011572,-0.06908091043278548
3363,3234,0.6811297020081247,0.14781697749044498,20250909,False,oos,to_release,-0.07313833573836614,-0.029232414955555387,-0.04390592078281076
3363,3234,0.6811297020081247,0.14781697749044498,20250909,False,oos,H5,-0.10328017847858173,-0.05517440384299562,-0.04810577463558611
3363,3234,0.6811297020081247,0.14781697749044498,20250909,False,oos,H10,-0.07313833573836614,-0.029232414955555387,-0.04390592078281076
7402,4976,0.6549695426295088,-0.05297312268992216,20250901,True,oos,to_release,-0.020885864935426435,-0.022052081036294358,0.0011662161008679228
7402,4976,0.6549695426295088,-0.05297312268992216,20250901,True,oos,H5,0.1858160080226503,-0.004611467320516517,0.1904274753431668
7402,4976,0.6549695426295088,-0.05297312268992216,20250901,True,oos,H10,0.01936660506167276,-0.025596388110648946,0.044962993172321705
2344,8110,0.7940415644989997,0.13787410987790572,20251021,True,oos,to_release,-0.14164956339258794,-0.05684742944593201,-0.08480213394665592
2344,8110,0.7940415644989997,0.13787410987790572,20251021,True,oos,H5,-0.08047536746511086,0.004717130316305907,-0.08519249778141677
2344,8110,0.7940415644989997,0.13787410987790572,20251021,True,oos,H10,-0.14164956339258794,-0.05684742944593201,-0.08480213394665592
4967,6485,0.6024592483778042,0.06786164395124317,20251016,True,oos,to_release,-0.07820578701300485,0.03889980789199437,-0.11710559490499922
4967,6485,0.6024592483778042,0.06786164395124317,20251016,True,oos,H5,-0.10243316933181212,0.01758293226389958,-0.1200161015957117
4967,6485,0.6024592483778042,0.06786164395124317,20251016,True,oos,H10,-0.08628158111927398,0.02471657810786798,-0.11099815922714196
8043,3236,0.7868606898869885,0.3129468908090409,20251028,True,oos,to_release,0.06786023275001418,-0.014597655818540674,0.08245788856855485
8043,3236,0.7868606898869885,0.3129468908090409,20251028,True,oos,H5,-0.03033381164079163,0.0013505691617002858,-0.03168438080249192
8043,3236,0.7868606898869885,0.3129468908090409,20251028,True,oos,H10,-0.06101945051291846,-0.04449227196627415,-0.01652717854664431
6127,3236,0.7528043258434374,0.06388595565411226,20251027,False,oos,to_release,-0.07913678938430557,-0.044086408528892326,-0.035050380855413246
6127,3236,0.7528043258434374,0.06388595565411226,20251027,False,oos,H5,-0.04246524559872489,-0.011418285883091874,-0.031046959715633014
6127,3236,0.7528043258434374,0.06388595565411226,20251027,False,oos,H10,-0.07913678938430557,-0.044086408528892326,-0.035050380855413246
8358,2476,0.6914582854943736,0.1295725980561342,20251021,True,oos,to_release,-0.07946077104485016,-0.027560772696569535,-0.05189999834828063
8358,2476,0.6914582854943736,0.1295725980561342,20251021,True,oos,H5,-0.08430061977752745,0.02575692099020277,-0.11005754076773022
8358,2476,0.6914582854943736,0.1295725980561342,20251021,True,oos,H10,-0.07946077104485016,-0.027560772696569535,-0.05189999834828063
5475,5340,0.6478182860756939,0.42523791475841066,20251014,False,oos,to_release,-0.04957588903660093,0.05884587129153646,-0.10842176032813738
5475,5340,0.6478182860756939,0.42523791475841066,20251014,False,oos,H5,-0.05540075590665239,0.02587638466493183,-0.08127714057158422
5475,5340,0.6478182860756939,0.42523791475841066,20251014,False,oos,H10,-0.04957588903660093,0.05884587129153646,-0.10842176032813738
8299,3260,0.7120548032564529,-0.049255038410297325,20251013,False,oos,to_release,0.2296882333069583,0.08173388048948972,0.1479543528174686
8299,3260,0.7120548032564529,-0.049255038410297325,20251013,False,oos,H5,0.14851077047251326,0.05248964734772545,0.0960211231247878
8299,3260,0.7120548032564529,-0.049255038410297325,20251013,False,oos,H10,0.2296882333069583,0.08173388048948972,0.1479543528174686
1519,1503,0.7058872815607264,0.231922617847083,20251106,True,oos,to_release,-0.12730685678851805,-0.06929379280306479,-0.058013063985453264
1519,1503,0.7058872815607264,0.231922617847083,20251106,True,oos,H5,-0.08055543840218882,-0.0256114808940543,-0.05494395750813452
1519,1503,0.7058872815607264,0.231922617847083,20251106,True,oos,H10,-0.12730685678851805,-0.06929379280306479,-0.058013063985453264
2344,2408,0.7545373033868915,-0.027531179029392616,20251104,False,oos,to_release,0.16104881831770723,-0.04396933794886379,0.20501815626657102
2344,2408,0.7545373033868915,-0.027531179029392616,20251104,False,oos,H5,0.17864046708009673,-0.022274836164841213,0.20091530324493795
2344,2408,0.7545373033868915,-0.027531179029392616,20251104,False,oos,H10,0.16104881831770723,-0.04396933794886379,0.20501815626657102
2451,8110,0.6348025641219445,-0.19321939628826423,20251114,True,oos,to_release,-0.12689128862508403,-0.020622892760159252,-0.10626839586492479
2451,8110,0.6348025641219445,-0.19321939628826423,20251114,True,oos,H5,-0.19014206175025572,-0.06428371310066798,-0.12585834864958773
2451,8110,0.6348025641219445,-0.19321939628826423,20251114,True,oos,H10,-0.12689128862508403,-0.020622892760159252,-0.10626839586492479
6155,8043,0.6916311358608169,-0.17053403705743309,20251119,True,oos,to_release,0.1639475019346741,0.04300909869403021,0.1209384032406439
6155,8043,0.6916311358608169,-0.17053403705743309,20251119,True,oos,H5,0.1535815572609558,0.014833715862416434,0.13874784139853935
6155,8043,0.6916311358608169,-0.17053403705743309,20251119,True,oos,H10,0.1639475019346741,0.04300909869403021,0.1209384032406439
8110,8131,0.6433520192790623,0.439834244528138,20251114,True,oos,to_release,-0.14442631368131842,-0.020375284587794005,-0.12405102909352442
8110,8131,0.6433520192790623,0.439834244528138,20251114,True,oos,H5,-0.15289734027853308,-0.06389842459427426,-0.08899891568425881
8110,8131,0.6433520192790623,0.439834244528138,20251114,True,oos,H10,-0.14442631368131842,-0.020375284587794005,-0.12405102909352442
8277,8299,0.6322542057761024,-0.48025276977370324,20251126,True,oos,to_release,0.032211684870466994,0.04555377187678849,-0.013342087006321494
8277,8299,0.6322542057761024,-0.48025276977370324,20251126,True,oos,H5,-0.0345261395823645,0.014780440787449214,-0.04930658036981372
8277,8299,0.6322542057761024,-0.48025276977370324,20251126,True,oos,H10,0.032211684870466994,0.04555377187678849,-0.013342087006321494
8358,1815,0.6517713291884252,-0.09793662256496416,20251126,False,oos,to_release,0.10512506776123232,0.05163825847540324,0.05348680928582908
8358,1815,0.6517713291884252,-0.09793662256496416,20251126,False,oos,H5,0.057349467562225254,0.019153239688069427,0.03819622787415583
8358,1815,0.6517713291884252,-0.09793662256496416,20251126,False,oos,H10,0.10512506776123232,0.05163825847540324,0.05348680928582908
8043,3357,0.6744132170995153,0.7882723717426579,20251125,False,oos,to_release,-0.02967120769868903,0.04787258427840266,-0.07754379197709169
8043,3357,0.6744132170995153,0.7882723717426579,20251125,False,oos,H5,-0.02967120769868903,0.030246228284898275,-0.0599174359835873
8043,3357,0.6744132170995153,0.7882723717426579,20251125,False,oos,H10,-0.02967120769868903,0.04787258427840266,-0.07754379197709169
5340,1815,0.634405743030235,0.06691137744762665,20251118,True,oos,to_release,-0.05350670803608404,0.03022460476500586,-0.08373131280108989
5340,1815,0.634405743030235,0.06691137744762665,20251118,True,oos,H5,-0.030061211232571994,-0.00695523903232429,-0.023105972200247703
5340,1815,0.634405743030235,0.06691137744762665,20251118,True,oos,H10,-0.05350670803608404,0.03022460476500586,-0.08373131280108989
6488,5483,0.7947268228825289,-0.04147463750416469,20251112,True,oos,to_release,-0.021871137021025944,-0.04691789698503496,0.025046759964009013
6488,5483,0.7947268228825289,-0.04147463750416469,20251112,True,oos,H5,-0.06960756956832492,-0.052319982417725085,-0.017287587150599838
6488,5483,0.7947268228825289,-0.04147463750416469,20251112,True,oos,H10,-0.021871137021025944,-0.04691789698503496,0.025046759964009013
8358,1815,0.6803152588285297,-0.03896700318262425,20251106,False,oos,to_release,0.08550447510148751,-0.00703040088424285,0.09253487598573036
8358,1815,0.6803152588285297,-0.03896700318262425,20251106,False,oos,H5,0.19546134772660873,0.005801004738903843,0.18966034298770487
8358,1815,0.6803152588285297,-0.03896700318262425,20251106,False,oos,H10,0.08550447510148751,-0.00703040088424285,0.09253487598573036
5475,5340,0.654417099877818,0.21317553153607327,20251105,False,oos,to_release,0.27201152589585664,-0.005257933039024035,0.2772694589348807
5475,5340,0.654417099877818,0.21317553153607327,20251105,False,oos,H5,0.20417091118141073,0.02028496959505433,0.1838859415863564
5475,5340,0.654417099877818,0.21317553153607327,20251105,False,oos,H10,0.27201152589585664,-0.005257933039024035,0.2772694589348807
3163,6530,0.6967214645964565,0.1803700926395404,20251104,True,oos,to_release,-0.03752620845154708,-0.06707300379568759,0.02954679534414051
3163,6530,0.6967214645964565,0.1803700926395404,20251104,True,oos,H5,-0.0025906806276467798,-0.04936037384303018,0.0467696932153834
3163,6530,0.6967214645964565,0.1803700926395404,20251104,True,oos,H10,-0.0008439042364519755,-0.05334930471027192,0.05250540047381994
3081,6442,0.7315556274071454,-0.1662601487383103,20251103,False,oos,to_release,0.06978051797330176,-0.04425987086769122,0.11404038884099298
3081,6442,0.7315556274071454,-0.1662601487383103,20251103,False,oos,H5,-0.06027123127051148,-0.04942163015749405,-0.010849601113017436
3081,6442,0.7315556274071454,-0.1662601487383103,20251103,False,oos,H10,0.06978051797330176,-0.04425987086769122,0.11404038884099298
2349,8104,0.6677556836634422,0.4781658145013603,20251217,True,oos,to_release,-0.1134400339680477,0.025752654317951526,-0.13919268828599923
2349,8104,0.6677556836634422,0.4781658145013603,20251217,True,oos,H5,-0.0898169627728388,0.01706345694952683,-0.10688041972236562
2349,8104,0.6677556836634422,0.4781658145013603,20251217,True,oos,H10,-0.1134400339680477,0.025752654317951526,-0.13919268828599923
2408,2344,0.8027570498412075,0.02805128914829047,20251208,True,oos,to_release,0.15466595867226718,0.00902041785426232,0.14564554081800485
2408,2344,0.8027570498412075,0.02805128914829047,20251208,True,oos,H5,0.12497901250883925,-0.006959054268912342,0.13193806677775158
2408,2344,0.8027570498412075,0.02805128914829047,20251208,True,oos,H10,0.15466595867226718,0.00902041785426232,0.14564554081800485
6442,3081,0.629266144773394,0.08965327725311933,20251201,True,oos,to_release,0.14754639809782044,0.02692866687030761,0.12061773122751283
6442,3081,0.629266144773394,0.08965327725311933,20251201,True,oos,H5,0.06330563477905726,-0.006989875709564179,0.07029551048862144
6442,3081,0.629266144773394,0.08965327725311933,20251201,True,oos,H10,0.10074597403184082,0.003907648790516854,0.09683832524132396
6443,6244,0.7395035317472881,0.2268190466368769,20251217,True,oos,to_release,-0.09033546740837894,0.023682991719055274,-0.11401845912743422
6443,6244,0.7395035317472881,0.2268190466368769,20251217,True,oos,H5,0.019670476067817244,0.01330303805314339,0.006367438014673854
6443,6244,0.7395035317472881,0.2268190466368769,20251217,True,oos,H10,-0.09033546740837894,0.023682991719055274,-0.11401845912743422
8033,4541,0.7113716667352566,0.07058362843052701,20251204,True,oos,to_release,-0.050319728131503094,-0.021321776254772377,-0.028997951876730717
8033,4541,0.7113716667352566,0.07058362843052701,20251204,True,oos,H5,-0.038836290744943436,-0.016327041159210676,-0.02250924958573276
8033,4541,0.7113716667352566,0.07058362843052701,20251204,True,oos,H10,-0.059506478040751154,-0.03420653785179584,-0.025299940188955317
8110,2344,0.6511494570504672,0.37711232683317353,20251216,False,oos,to_release,0.34651505812689964,0.09592512248383596,0.2505899356430637
8110,2344,0.6511494570504672,0.37711232683317353,20251216,False,oos,H5,0.04886436106726899,0.025035030954998636,0.023829330112270355
8110,2344,0.6511494570504672,0.37711232683317353,20251216,False,oos,H10,0.19202017251023418,0.0560984184029857,0.1359217541072485
3081,6530,0.7255285516020544,0.19311848163343948,20251223,False,oos,to_release,-0.1007992254726986,-0.021871697527099356,-0.07892752794559924
3081,6530,0.7255285516020544,0.19311848163343948,20251223,False,oos,H5,-0.056601221301017635,-0.01366593288284839,-0.042935288418169244
3081,6530,0.7255285516020544,0.19311848163343948,20251223,False,oos,H10,-0.09165481081648863,-0.01893996083776041,-0.07271484997872822
8358,6672,0.6304176069530758,0.07441470324569188,20251217,False,oos,to_release,0.026419812800284603,0.039829385413295254,-0.01340957261301065
8358,6672,0.6304176069530758,0.07441470324569188,20251217,False,oos,H5,0.04299279147843782,0.029648834246516483,0.013343957231921336
8358,6672,0.6304176069530758,0.07441470324569188,20251217,False,oos,H10,0.026419812800284603,0.039829385413295254,-0.01340957261301065
3163,4977,0.754462754761175,0.2892541361946763,20251216,True,oos,to_release,0.01697321495373716,0.002128207939399623,0.014845007014337535
3163,4977,0.754462754761175,0.2892541361946763,20251216,True,oos,H5,-0.0113744704805131,0.0016568804562682531,-0.013031350936781353
3163,4977,0.754462754761175,0.2892541361946763,20251216,True,oos,H10,0.006342832915893437,-0.0034271590059506253,0.009769991921844062
3363,4908,0.7348147863752752,0.10647237692196221,20251205,True,oos,to_release,-0.06576788514130594,0.025793562104564172,-0.0915614472458701
3363,4908,0.7348147863752752,0.10647237692196221,20251205,True,oos,H5,-0.01869417392749584,0.029211663403875644,-0.04790583733137148
3363,4908,0.7348147863752752,0.10647237692196221,20251205,True,oos,H10,-0.06576788514130594,0.025793562104564172,-0.0915614472458701
4991,2449,0.6319257026830075,-0.10993046762478265,20251205,False,oos,to_release,-0.04390988217209624,0.01008762361569613,-0.05399750578779237
4991,2449,0.6319257026830075,-0.10993046762478265,20251205,False,oos,H5,0.010208426384200164,0.022775038152791183,-0.012566611768591019
4991,2449,0.6319257026830075,-0.10993046762478265,20251205,False,oos,H10,-0.04390988217209624,0.01008762361569613,-0.05399750578779237
3081,6530,0.7482784127333134,0.12739830410796849,20251202,False,oos,to_release,0.03835342152423227,0.03547826231487242,0.002875159209359844
3081,6530,0.7482784127333134,0.12739830410796849,20251202,False,oos,H5,0.03676085492680259,0.006714165014941758,0.03004668991186083
3081,6530,0.7482784127333134,0.12739830410796849,20251202,False,oos,H10,0.03835342152423227,0.03547826231487242,0.002875159209359844
6465,4903,0.6571074784238173,0.15955089989697724,20251201,True,oos,to_release,0.13180758881933574,0.0051422270141658274,0.1266653618051699
6465,4903,0.6571074784238173,0.15955089989697724,20251201,True,oos,H5,0.07423728938804897,-0.007291742086504165,0.08152903147455313
6465,4903,0.6571074784238173,0.15955089989697724,20251201,True,oos,H10,0.13180758881933574,0.0051422270141658274,0.1266653618051699
1471,2431,0.768743593861588,0.066489158516299,20260129,True,oos,to_release,-0.09668196414739028,-0.03174791803140292,-0.06493404611598735
1471,2431,0.768743593861588,0.066489158516299,20260129,True,oos,H5,-0.0670649793653374,-0.03484453902304158,-0.03222044034229581
1471,2431,0.768743593861588,0.066489158516299,20260129,True,oos,H10,-0.09668196414739028,-0.03174791803140292,-0.06493404611598735
1802,1809,0.7342901517400756,0.04079812124008608,20260123,True,oos,to_release,-0.06575424651716755,-0.10558164922968194,0.03982740271251439
1802,1809,0.7342901517400756,0.04079812124008608,20260123,True,oos,H5,-0.0638857550102021,-0.04693126557261218,-0.016954489437589926
1802,1809,0.7342901517400756,0.04079812124008608,20260123,True,oos,H10,-0.06575424651716755,-0.10558164922968194,0.03982740271251439
2337,2344,0.6869656656495475,0.03380126783596493,20260112,True,oos,to_release,0.08218228288754514,0.05804577946353267,0.024136503424012475
2337,2344,0.6869656656495475,0.03380126783596493,20260112,True,oos,H5,0.16309310777633357,0.03182866839867788,0.1312644393776557
2337,2344,0.6869656656495475,0.03380126783596493,20260112,True,oos,H10,0.08218228288754514,0.05804577946353267,0.024136503424012475
2344,2408,0.800933599483992,0.08569401400066279,20260109,True,oos,to_release,0.2050807906706067,0.09920850382144507,0.10587228684916163
2344,2408,0.800933599483992,0.08569401400066279,20260109,True,oos,H5,0.04113870430729083,0.03885886124095156,0.002279843066339271
2344,2408,0.800933599483992,0.08569401400066279,20260109,True,oos,H10,0.17101490259511265,0.07682686385236459,0.09418803874274806
2408,2344,0.800933599483992,-0.08242190480726408,20260109,False,oos,to_release,0.025720598562977592,0.07682686385236459,-0.051106265289387
2408,2344,0.800933599483992,-0.08242190480726408,20260109,False,oos,H5,-0.02221027052875013,0.03885886124095156,-0.06106913176970169
2408,2344,0.800933599483992,-0.08242190480726408,20260109,False,oos,H10,0.025720598562977592,0.07682686385236459,-0.051106265289387
3006,3260,0.6032767796409403,0.13170167129670118,20260109,False,oos,to_release,0.07631053000361065,0.07685033631264451,-0.0005398063090338578
3006,3260,0.6032767796409403,0.13170167129670118,20260109,False,oos,H5,-0.013089856039034453,0.038410846901886064,-0.05150070294092052
3006,3260,0.6032767796409403,0.13170167129670118,20260109,False,oos,H10,0.07631053000361065,0.07685033631264451,-0.0005398063090338578
3006,3260,0.6068626448616314,0.06324734106582275,20260106,True,oos,to_release,0.002612874306123558,0.08961150054273127,-0.08699862623660772
3006,3260,0.6068626448616314,0.06324734106582275,20260106,True,oos,H5,-0.04090330947452436,0.06011612924219475,-0.10101943871671912
3006,3260,0.6068626448616314,0.06324734106582275,20260106,True,oos,H10,0.002612874306123558,0.08961150054273127,-0.08699862623660772
3432,5328,0.6543841079214814,-0.07581758476456035,20260122,True,oos,to_release,-0.201272762607281,-0.02237894372309372,-0.1788938188841873
3432,5328,0.6543841079214814,-0.07581758476456035,20260122,True,oos,H5,-0.10611190033978912,0.00507581400162297,-0.11118771434141209
3432,5328,0.6543841079214814,-0.07581758476456035,20260122,True,oos,H10,-0.201272762607281,-0.02237894372309372,-0.1788938188841873
3481,2409,0.7880701922974966,0.2387099623441653,20260107,True,oos,to_release,-0.013880820717077968,0.04635875550238047,-0.06023957621945844
3481,2409,0.7880701922974966,0.2387099623441653,20260107,True,oos,H5,-0.08345364624930862,0.006832438755724628,-0.09028608500503325
3481,2409,0.7880701922974966,0.2387099623441653,20260107,True,oos,H10,-0.013880820717077968,0.04635875550238047,-0.06023957621945844
4967,3260,0.7433536871536645,0.032815286005224875,20260113,True,oos,to_release,0.26046877157738235,0.061935949915678225,0.19853282166170413
4967,3260,0.7433536871536645,0.032815286005224875,20260113,True,oos,H5,0.03718573204081732,0.015917589099218313,0.021268142941599007
4967,3260,0.7433536871536645,0.032815286005224875,20260113,True,oos,H10,0.26046877157738235,0.061935949915678225,0.19853282166170413
6116,2409,0.6951212142492882,0.15889278351749292,20260112,True,oos,to_release,0.029417655359813777,0.06223390865543187,-0.032816253295618096
6116,2409,0.6951212142492882,0.15889278351749292,20260112,True,oos,H5,0.08698377424506676,0.0356153468875085,0.051368427357558255
6116,2409,0.6951212142492882,0.15889278351749292,20260112,True,oos,H10,0.029417655359813777,0.06223390865543187,-0.032816253295618096
6770,2337,0.6313621832709728,-0.18120501844855352,20260109,True,oos,to_release,0.15988159991641138,0.07397238993230178,0.0859092099841096
6770,2337,0.6313621832709728,-0.18120501844855352,20260109,True,oos,H5,0.0031408431709505358,0.03810666939123254,-0.034965826220282006
6770,2337,0.6313621832709728,-0.18120501844855352,20260109,True,oos,H10,0.15988159991641138,0.07397238993230178,0.0859092099841096
8046,3037,0.7478294743963881,-0.14643894426437598,20260127,False,oos,to_release,0.05910692806825013,-0.05886039766096274,0.11796732572921287
8046,3037,0.7478294743963881,-0.14643894426437598,20260127,False,oos,H5,0.14389498270292744,-0.07186142341440833,0.21575640611733576
8046,3037,0.7478294743963881,-0.14643894426437598,20260127,False,oos,H10,0.05910692806825013,-0.05886039766096274,0.11796732572921287
8046,3037,0.7428035183160991,-0.15595265992953322,20260122,True,oos,to_release,0.12524679812408746,-0.025674307132321147,0.15092110525640862
8046,3037,0.7428035183160991,-0.15595265992953322,20260122,True,oos,H5,0.07940888650536615,0.0033526013631066153,0.07605628514225954
8046,3037,0.7428035183160991,-0.15595265992953322,20260122,True,oos,H10,0.12524679812408746,-0.025674307132321147,0.15092110525640862
4561,1597,0.6955167921030583,0.18794155306489135,20260123,True,oos,to_release,-0.06743126716299541,-0.07929156089148823,0.011860293728492816
4561,1597,0.6955167921030583,0.18794155306489135,20260123,True,oos,H5,-0.03003502724973206,-0.031289323293707615,0.0012542960439755543
4561,1597,0.6955167921030583,0.18794155306489135,20260123,True,oos,H10,-0.06743126716299541,-0.07929156089148823,0.011860293728492816
5475,1815,0.6075542850691092,0.23026329843194415,20260123,False,oos,to_release,-0.07232199416415164,-0.05922899076192004,-0.013093003402231594
5475,1815,0.6075542850691092,0.23026329843194415,20260123,False,oos,H5,-0.09414971194852484,-0.03928185448490463,-0.05486785746362021
5475,1815,0.6075542850691092,0.23026329843194415,20260123,False,oos,H10,-0.07232199416415164,-0.05922899076192004,-0.013093003402231594
5340,1815,0.7323080019232798,0.30127397304787884,20260122,True,oos,to_release,-0.1395188939548866,-0.023848795316997164,-0.11567009863788943
5340,1815,0.7323080019232798,0.30127397304787884,20260122,True,oos,H5,-0.14132283757342978,0.005696909864240831,-0.1470197474376706
5340,1815,0.7323080019232798,0.30127397304787884,20260122,True,oos,H10,-0.1395188939548866,-0.023848795316997164,-0.11567009863788943
5328,3236,0.6577711814280776,0.18212610061980405,20260121,True,oos,to_release,-0.2143094212750296,-0.03540963905360414,-0.17889978222142547
5328,3236,0.6577711814280776,0.18212610061980405,20260121,True,oos,H5,-0.08559560633032448,0.017907840429164736,-0.10350344675948922
5328,3236,0.6577711814280776,0.18212610061980405,20260121,True,oos,H10,-0.2143094212750296,-0.03540963905360414,-0.17889978222142547
3163,4977,0.7610593615271063,0.218109060765185,20260112,False,oos,to_release,-0.0578240209352785,0.09105347000699343,-0.14887749094227193
3163,4977,0.7610593615271063,0.218109060765185,20260112,False,oos,H5,-0.0808977183817613,0.04747063598285879,-0.12836835436462007
3163,4977,0.7610593615271063,0.218109060765185,20260112,False,oos,H10,-0.0578240209352785,0.09105347000699343,-0.14887749094227193
8358,6672,0.6508010893791366,0.07979512817137446,20260109,False,oos,to_release,0.11455106828495998,0.10170139420389045,0.012849674081069531
8358,6672,0.6508010893791366,0.07979512817137446,20260109,False,oos,H5,0.11455106828495998,0.0671545118831677,0.04739655640179227
8358,6672,0.6508010893791366,0.07979512817137446,20260109,False,oos,H10,0.11455106828495998,0.10170139420389045,0.012849674081069531
3260,4967,0.7150673900524653,0.008494234719636617,20260107,False,oos,to_release,0.009108460763137094,0.07598721100696845,-0.06687875024383136
3260,4967,0.7150673900524653,0.008494234719636617,20260107,False,oos,H5,-0.058649421494339604,0.012449324992049858,-0.07109874648638946
3260,4967,0.7150673900524653,0.008494234719636617,20260107,False,oos,H10,-0.0005712367022165932,0.07733237953618605,-0.07790361623840264
5351,2344,0.6544313969636361,-0.11416210318201125,20260107,True,oos,to_release,0.0194763935987341,0.07601668119528239,-0.05654028759654829
5351,2344,0.6544313969636361,-0.11416210318201125,20260107,True,oos,H5,-0.09885568780111909,0.012180831197782667,-0.11103651899890175
5351,2344,0.6544313969636361,-0.11416210318201125,20260107,True,oos,H10,0.0194763935987341,0.07601668119528239,-0.05654028759654829
8299,2408,0.7253318063292977,-0.06345321317919295,20260107,True,oos,to_release,0.09056591484657961,0.07480467643153042,0.015761238415049186
8299,2408,0.7253318063292977,-0.06345321317919295,20260107,True,oos,H5,-0.07752883142676503,0.011654656134379727,-0.08918348756114476
8299,2408,0.7253318063292977,-0.06345321317919295,20260107,True,oos,H10,0.09056591484657961,0.07480467643153042,0.015761238415049186
3264,6257,0.7019922561964794,0.1965215896304282,20260106,True,oos,to_release,0.18033897109853458,0.08703061137596492,0.09330835972256966
3264,6257,0.7019922561964794,0.1965215896304282,20260106,True,oos,H5,0.03921148542370956,0.05973537992038803,-0.02052389449667847
3264,6257,0.7019922561964794,0.1965215896304282,20260106,True,oos,H10,0.18033897109853458,0.08703061137596492,0.09330835972256966
3260,4967,0.6839821300375253,0.03610618953323019,20260102,True,oos,to_release,0.044388410735545225,0.09532882392874242,-0.0509404131931972
3260,4967,0.6839821300375253,0.03610618953323019,20260102,True,oos,H5,0.09660783127232264,0.047084472653343964,0.04952335861897868
3260,4967,0.6839821300375253,0.03610618953323019,20260102,True,oos,H10,0.044388410735545225,0.09532882392874242,-0.0509404131931972
6426,6588,0.6957833713008634,-0.15033171671641432,20260205,True,oos,to_release,0.31000667537066784,0.06632107548049321,0.24368559989017463
6426,6588,0.6957833713008634,-0.15033171671641432,20260205,True,oos,H5,0.43170128455810697,-0.021770089493520713,0.4534713740516277
6426,6588,0.6957833713008634,-0.15033171671641432,20260205,True,oos,H10,0.6607734900874043,0.12270717601005422,0.5380663140773501
5475,1815,0.6239912920147852,0.7872300476295686,20260226,False,oos,to_release,-0.13612872405107268,-0.07018549368941504,-0.06594323036165764
5475,1815,0.6239912920147852,0.7872300476295686,20260226,False,oos,H5,-0.0976394097761204,-0.05435086113409783,-0.04328854864202257
5475,1815,0.6239912920147852,0.7872300476295686,20260226,False,oos,H10,-0.13612872405107268,-0.07018549368941504,-0.06594323036165764
6907,3228,0.8332258962186188,0.5103048066418083,20260226,True,oos,to_release,0.055667805571489204,-0.03570092969251202,0.09136873526400122
6907,3228,0.8332258962186188,0.5103048066418083,20260226,True,oos,H5,0.043761777689104164,-0.05640153400113597,0.10016331169024013
6907,3228,0.8332258962186188,0.5103048066418083,20260226,True,oos,H10,0.055667805571489204,-0.03570092969251202,0.09136873526400122
6588,6426,0.7541486205694465,0.17837732320300925,20260225,False,oos,to_release,-0.3127162724143949,-0.015451942537187303,-0.29726432987720763
6588,6426,0.7541486205694465,0.17837732320300925,20260225,False,oos,H5,-0.18869514863954906,0.015390656243526868,-0.20408580488307593
6588,6426,0.7541486205694465,0.17837732320300925,20260225,False,oos,H10,-0.3127162724143949,-0.015451942537187303,-0.29726432987720763
3163,4979,0.6741764607306413,0.32337846684483407,20260224,False,oos,to_release,0.00316255241703689,-0.0182015793325644,0.02136413174960129
3163,4979,0.6741764607306413,0.32337846684483407,20260224,False,oos,H5,0.19417569595945894,0.04565004442275075,0.1485256515367082
3163,4979,0.6741764607306413,0.32337846684483407,20260224,False,oos,H10,0.00316255241703689,-0.0182015793325644,0.02136413174960129
5340,1815,0.7432635337996835,0.21645970472984444,20260223,False,oos,to_release,0.021934059904731074,-0.01303637308182399,0.03497043298655506
5340,1815,0.7432635337996835,0.21645970472984444,20260223,False,oos,H5,0.09138588921864477,0.090605289876068,0.0007805993425767654
5340,1815,0.7432635337996835,0.21645970472984444,20260223,False,oos,H10,0.021934059904731074,-0.01303637308182399,0.03497043298655506
6588,6426,0.7362051746169155,0.03850599541183897,20260204,True,oos,to_release,0.3670725399303636,0.06473242413950903,0.30234011579085457
6588,6426,0.7362051746169155,0.03850599541183897,20260204,True,oos,H5,0.12849755373753013,-0.008334657933648211,0.13683221167117834
6588,6426,0.7362051746169155,0.03850599541183897,20260204,True,oos,H10,0.3670725399303636,0.06473242413950903,0.30234011579085457
8096,8112,0.6973711008625566,0.3745407111317922,20260203,True,oos,to_release,-0.06365637497865628,0.03164610166395581,-0.0953024766426121
8096,8112,0.6973711008625566,0.3745407111317922,20260203,True,oos,H5,-0.07253768307506481,-0.015967875658530223,-0.056569807416534584
8096,8112,0.6973711008625566,0.3745407111317922,20260203,True,oos,H10,-0.06365637497865628,0.03164610166395581,-0.0953024766426121
3163,4977,0.772981671191486,0.31292496092497135,20260202,False,oos,to_release,0.23530921704589702,0.09756943029197668,0.13773978675392035
3163,4977,0.772981671191486,0.31292496092497135,20260202,False,oos,H5,0.03530677238132318,0.02105607199491341,0.01425070038640977
3163,4977,0.772981671191486,0.31292496092497135,20260202,False,oos,H10,0.23530921704589702,0.09756943029197668,0.13773978675392035
1711,4721,0.6489882231772394,0.7000545048486906,20260320,True,oos,to_release,0.012983724258882168,-0.08303663870822482,0.09602036296710699
1711,4721,0.6489882231772394,0.7000545048486906,20260320,True,oos,H5,0.010208426384200164,-0.07274426104650676,0.08295268743070693
1711,4721,0.6489882231772394,0.7000545048486906,20260320,True,oos,H10,0.012983724258882168,-0.08303663870822482,0.09602036296710699
1735,1711,0.624890897787913,-0.07130358080272825,20260320,True,oos,to_release,-0.10157926084363533,-0.07068231526098027,-0.030896945582655058
1735,1711,0.624890897787913,-0.07130358080272825,20260320,True,oos,H5,-0.15961389244131352,-0.06491867622299906,-0.09469521621831446
1735,1711,0.624890897787913,-0.07130358080272825,20260320,True,oos,H10,-0.10157926084363533,-0.07068231526098027,-0.030896945582655058
1802,1809,0.6072773467493986,0.16898698979248117,20260304,False,oos,to_release,-0.0004951947165832138,-0.05482848828433151,0.0543332935677483
1802,1809,0.6072773467493986,0.16898698979248117,20260304,False,oos,H5,-0.1197021898421281,-0.07832722752588128,-0.04137496231624682
1802,1809,0.6072773467493986,0.16898698979248117,20260304,False,oos,H10,-0.0004951947165832138,-0.05482848828433151,0.0543332935677483
2337,2344,0.7435936966934028,0.819184055535835,20260324,False,oos,to_release,-0.1255990424182415,0.013598464825401314,-0.1391975072436428
2337,2344,0.7435936966934028,0.819184055535835,20260324,False,oos,H5,-0.19846578888338784,-0.04984066257796439,-0.14862512630542346
2337,2344,0.7435936966934028,0.819184055535835,20260324,False,oos,H10,-0.1255990424182415,0.013598464825401314,-0.1391975072436428
2337,2344,0.7919930158935454,0.5637804923912955,20260319,True,oos,to_release,-0.22472141817649727,-0.04039389504674656,-0.1843275231297507
2337,2344,0.7919930158935454,0.5637804923912955,20260319,True,oos,H5,-0.1966242994341959,-0.009631173626600204,-0.1869931258075957
2337,2344,0.7919930158935454,0.5637804923912955,20260319,True,oos,H10,-0.22472141817649727,-0.04039389504674656,-0.1843275231297507
2367,2355,0.7026121982172947,0.58690411137052,20260305,True,oos,to_release,0.0832981741435459,0.050689806532254564,0.032608367611291336
2367,2355,0.7026121982172947,0.58690411137052,20260305,True,oos,H5,-0.044282683379142984,-0.014066658305748013,-0.03021602507339497
2367,2355,0.7026121982172947,0.58690411137052,20260305,True,oos,H10,0.0832981741435459,0.050689806532254564,0.032608367611291336
2399,2425,0.6062950318191515,0.4232061258615327,20260323,True,oos,to_release,-0.15411233527925527,-0.03277173149986671,-0.12134060377938857
2399,2425,0.6062950318191515,0.4232061258615327,20260323,True,oos,H5,-0.11436197509500978,-0.028994916759103193,-0.08536705833590659
2399,2425,0.6062950318191515,0.4232061258615327,20260323,True,oos,H10,-0.15411233527925527,-0.03277173149986671,-0.12134060377938857
2451,2344,0.6874062011806269,0.24435228874122994,20260323,True,oos,to_release,-0.10285458514297907,0.02136764938588771,-0.12422223452886678
2451,2344,0.6874062011806269,0.24435228874122994,20260323,True,oos,H5,-0.12116367524210181,-0.014843622357385707,-0.1063200528847161
2451,2344,0.6874062011806269,0.24435228874122994,20260323,True,oos,H10,-0.10285458514297907,0.02136764938588771,-0.12422223452886678
2616,9918,0.8210236230685665,0.1199111278992604,20260310,True,oos,to_release,-0.16600287780393408,-0.04743848326292169,-0.11856439454101239
2616,9918,0.8210236230685665,0.1199111278992604,20260310,True,oos,H5,-0.16330676641752462,-0.022590438569362853,-0.14071632784816177
2616,9918,0.8210236230685665,0.1199111278992604,20260310,True,oos,H10,-0.16600287780393408,-0.04743848326292169,-0.11856439454101239
3006,8299,0.7301699066747356,0.3446528471031407,20260320,True,oos,to_release,-0.18777097779697816,-0.061889445642241386,-0.12588153215473677
3006,8299,0.7301699066747356,0.3446528471031407,20260320,True,oos,H5,-0.21526180624077274,-0.06566189353283663,-0.1495999127079361
3006,8299,0.7301699066747356,0.3446528471031407,20260320,True,oos,H10,-0.18777097779697816,-0.061889445642241386,-0.12588153215473677
3037,8046,0.8162378223494149,0.11117475721085945,20260319,False,oos,to_release,0.05306022786439635,-0.026399222618531958,0.07945945048292831
3037,8046,0.8162378223494149,0.11117475721085945,20260319,False,oos,H5,-0.01499468482071764,-0.014017121070646524,-0.000977563750071117
3037,8046,0.8162378223494149,0.11117475721085945,20260319,False,oos,H10,0.05306022786439635,-0.026399222618531958,0.07945945048292831
3037,8046,0.7556803683440124,0.013846892814100453,20260303,True,oos,to_release,0.05588626479868908,-0.035782645898331626,0.09166891069702071
3037,8046,0.7556803683440124,0.013846892814100453,20260303,True,oos,H5,-0.2089955481809821,-0.09651257692002747,-0.11248297126095462
3037,8046,0.7556803683440124,0.013846892814100453,20260303,True,oos,H10,0.05588626479868908,-0.035782645898331626,0.09166891069702071
3437,3031,0.6785256172689438,0.28890787548329766,20260319,True,oos,to_release,0.02583988353130562,-0.04675489417995057,0.07259477771125619
3437,3031,0.6785256172689438,0.28890787548329766,20260319,True,oos,H5,0.10216057508505694,-0.008714678665218903,0.11087525375027583
3437,3031,0.6785256172689438,0.28890787548329766,20260319,True,oos,H10,0.02583988353130562,-0.04675489417995057,0.07259477771125619
3576,6244,0.7558341467146567,0.657095473070642,20260304,True,oos,to_release,-0.023810305397405473,0.08260349872883303,-0.1064138041262385
3576,6244,0.7558341467146567,0.657095473070642,20260304,True,oos,H5,-0.11242276279436691,-0.02931250742803004,-0.08311025536633687
3576,6244,0.7558341467146567,0.657095473070642,20260304,True,oos,H10,-0.023810305397405473,0.08260349872883303,-0.1064138041262385
6230,3483,0.6159018459417099,0.47348855078426033,20260309,True,oos,to_release,-0.025548313197638395,0.08650903093762917,-0.11205734413526756
6230,3483,0.6159018459417099,0.47348855078426033,20260309,True,oos,H5,-0.04444677015380549,0.08691534164396424,-0.13136211179776974
6230,3483,0.6159018459417099,0.47348855078426033,20260309,True,oos,H10,-0.025548313197638395,0.08650903093762917,-0.11205734413526756
6426,6588,0.7718034734817529,-0.1556158448006949,20260323,False,oos,to_release,0.29926891573648207,0.05166564439308846,0.2476032713433936
6426,6588,0.7718034734817529,-0.1556158448006949,20260323,False,oos,H5,0.14335664584810393,0.012170828310030352,0.13118581753807357
6426,6588,0.7718034734817529,-0.1556158448006949,20260323,False,oos,H10,0.29926891573648207,0.05166564439308846,0.2476032713433936
6426,6588,0.769448493823336,-0.13943470562957772,20260302,False,oos,to_release,-0.24722591294093454,0.021909893880137223,-0.26913580682107174
6426,6588,0.769448493823336,-0.13943470562957772,20260302,False,oos,H5,-0.34371207162081496,-0.06129644088484545,-0.28241563073596954
6426,6588,0.769448493823336,-0.13943470562957772,20260302,False,oos,H10,-0.24722591294093454,0.021909893880137223,-0.26913580682107174
6515,6223,0.692769638983169,0.400096303242927,20260326,True,oos,to_release,0.1828210706683353,0.02015242778968815,0.16266864287864716
6515,6223,0.692769638983169,0.400096303242927,20260326,True,oos,H5,0.0505318719751664,-0.04160924736432213,0.09214111933948853
6515,6223,0.692769638983169,0.400096303242927,20260326,True,oos,H10,0.1828210706683353,0.02015242778968815,0.16266864287864716
8046,3037,0.7509257207669002,-0.0026703342640884697,20260302,False,oos,to_release,0.1109723967921481,-0.004280299433719737,0.11525269622586784
8046,3037,0.7509257207669002,-0.0026703342640884697,20260302,False,oos,H5,-0.16730585288603939,-0.09509666203965314,-0.07220919084638625
8046,3037,0.7509257207669002,-0.0026703342640884697,20260302,False,oos,H10,0.1109723967921481,-0.004280299433719737,0.11525269622586784
8271,4973,0.6984627159847485,-0.1689715461726008,20260320,False,oos,to_release,-0.25031630272150107,-0.06135580914965097,-0.1889604935718501
8271,4973,0.6984627159847485,-0.1689715461726008,20260320,False,oos,H5,-0.4018696107966694,-0.06355706544514032,-0.33831254535152905
8271,4973,0.6984627159847485,-0.1689715461726008,20260320,False,oos,H10,-0.25031630272150107,-0.06135580914965097,-0.1889604935718501
8271,4973,0.7408410883268615,-0.0008543979828392612,20260317,True,oos,to_release,-0.22790318978336255,-0.03440796893800811,-0.19349522084535442
8271,4973,0.7408410883268615,-0.0008543979828392612,20260317,True,oos,H5,0.005692978912753777,0.009440749938039705,-0.0037477710252859283
8271,4973,0.7408410883268615,-0.0008543979828392612,20260317,True,oos,H10,-0.22790318978336255,-0.03440796893800811,-0.19349522084535442
6187,3583,0.7009744157968337,0.44255068747027626,20260330,False,oos,to_release,0.42327776140779627,0.10874082230411578,0.3145369391036805
6187,3583,0.7009744157968337,0.44255068747027626,20260330,False,oos,H5,0.13037132355285852,0.022023358180677646,0.10834796537218087
6187,3583,0.7009744157968337,0.44255068747027626,20260330,False,oos,H10,0.42327776140779627,0.10874082230411578,0.3145369391036805
6584,5439,0.6258827452122767,0.593264938032652,20260330,False,oos,to_release,0.26944180564152154,0.13780487764720692,0.13163692799431462
6584,5439,0.6258827452122767,0.593264938032652,20260330,False,oos,H5,-0.04791864576885896,0.017994145467379916,-0.06591279123623887
6584,5439,0.6258827452122767,0.593264938032652,20260330,False,oos,H10,0.26944180564152154,0.13780487764720692,0.13163692799431462
4979,3163,0.7527345593361349,-0.21536274540938816,20260327,False,oos,to_release,0.5820017363405554,0.12367668451711937,0.458325051823436
4979,3163,0.7527345593361349,-0.21536274540938816,20260327,False,oos,H5,0.2799240385372559,0.01642836928600788,0.263495669251248
4979,3163,0.7527345593361349,-0.21536274540938816,20260327,False,oos,H10,0.5820017363405554,0.12367668451711937,0.458325051823436
4991,3105,0.6176235583459555,0.13837105748278034,20260327,False,oos,to_release,0.35374661053359624,0.10087288469714356,0.2528737258364527
4991,3105,0.6176235583459555,0.13837105748278034,20260327,False,oos,H5,0.14692421170207437,-0.0093769000934841,0.15630111179555847
4991,3105,0.6176235583459555,0.13837105748278034,20260327,False,oos,H10,0.35374661053359624,0.10087288469714356,0.2528737258364527
3363,4977,0.67893012621442,0.08907043874072684,20260325,False,oos,to_release,-0.0026902378312901876,0.07137883559985536,-0.07406907343114555
3363,4977,0.67893012621442,0.08907043874072684,20260325,False,oos,H5,-0.023253325711057427,-0.003635729177625118,-0.01961759653343231
3363,4977,0.67893012621442,0.08907043874072684,20260325,False,oos,H10,-0.0026902378312901876,0.07137883559985536,-0.07406907343114555
6584,5439,0.6560677891195511,0.6186155071964572,20260325,False,oos,to_release,0.1789716775186072,0.07429976703521604,0.10467191048339117
6584,5439,0.6560677891195511,0.6186155071964572,20260325,False,oos,H5,-0.009593299304249348,-0.011687422630878578,0.0020941233266292304
6584,5439,0.6560677891195511,0.6186155071964572,20260325,False,oos,H10,0.1789716775186072,0.07429976703521604,0.10467191048339117
6465,8059,0.6169408770150149,0.21721175467360987,20260324,True,oos,to_release,-0.09712621891912121,0.05343370289269308,-0.1505599218118143
6465,8059,0.6169408770150149,0.21721175467360987,20260324,True,oos,H5,-0.1020870638701149,-0.023156917924666953,-0.07893014594544795
6465,8059,0.6169408770150149,0.21721175467360987,20260324,True,oos,H10,-0.09712621891912121,0.05343370289269308,-0.1505599218118143
8155,5439,0.6440872610663075,0.4086738660104503,20260324,True,oos,to_release,0.04169205511402496,0.030363000391441963,0.011329054722582999
8155,5439,0.6440872610663075,0.4086738660104503,20260324,True,oos,H5,-0.009538701694861484,-0.02723585339813108,0.017697151703269597
8155,5439,0.6440872610663075,0.4086738660104503,20260324,True,oos,H10,0.04169205511402496,0.030363000391441963,0.011329054722582999
1799,6499,0.7504903664085829,-0.03588829300717156,20260320,True,oos,to_release,-0.2771909444897328,-0.010975249925416366,-0.26621569456431643
1799,6499,0.7504903664085829,-0.03588829300717156,20260320,True,oos,H5,-0.23096941723549302,-0.03926402610759041,-0.1917053911279026
1799,6499,0.7504903664085829,-0.03588829300717156,20260320,True,oos,H10,-0.2771909444897328,-0.010975249925416366,-0.26621569456431643
4973,8271,0.6984627159847485,0.1970851444522579,20260320,False,oos,to_release,-0.2582355644704448,-0.06135580914965097,-0.19687975532079385
4973,8271,0.6984627159847485,0.1970851444522579,20260320,False,oos,H5,-0.36926399908792606,-0.06355706544514032,-0.3057069336427857
4973,8271,0.6984627159847485,0.1970851444522579,20260320,False,oos,H10,-0.2582355644704448,-0.06135580914965097,-0.19687975532079385
6167,8215,0.6429024558934048,0.06504159309663704,20260320,True,oos,to_release,-0.09870256217457718,-0.06593208142792001,-0.03277048074665717
6167,8215,0.6429024558934048,0.06504159309663704,20260320,True,oos,H5,-0.1617562923928163,-0.06837638453766971,-0.09337990785514659
6167,8215,0.6429024558934048,0.06504159309663704,20260320,True,oos,H10,-0.09870256217457718,-0.06593208142792001,-0.03277048074665717
7751,6789,0.6130777801212896,0.5690548386202381,20260320,False,oos,to_release,-0.07444807057172076,-0.06570607331323608,-0.00874199725848468
7751,6789,0.6130777801212896,0.5690548386202381,20260320,False,oos,H5,-0.0900392975605584,-0.06862435561135619,-0.02141494194920221
7751,6789,0.6130777801212896,0.5690548386202381,20260320,False,oos,H10,-0.07444807057172076,-0.06570607331323608,-0.00874199725848468
3260,4967,0.8114742114257818,0.3098478421162567,20260319,True,oos,to_release,-0.11628672937761564,-0.039809118304956356,-0.07647761107265928
3260,4967,0.8114742114257818,0.3098478421162567,20260319,True,oos,H5,-0.0018056920469883275,-0.009965140080997815,0.008159448034009488
3260,4967,0.8114742114257818,0.3098478421162567,20260319,True,oos,H10,-0.11628672937761564,-0.039809118304956356,-0.07647761107265928
5351,2344,0.7482125870457751,0.19776088923501223,20260319,True,oos,to_release,-0.22472141817649727,-0.03950253826427104,-0.18521887991222624
5351,2344,0.7482125870457751,0.19776088923501223,20260319,True,oos,H5,-0.1966242994341959,-0.00906096595218133,-0.18756333348201457
5351,2344,0.7482125870457751,0.19776088923501223,20260319,True,oos,H10,-0.22472141817649727,-0.03950253826427104,-0.18521887991222624
6103,7712,0.6434160558690439,-0.020426810950996632,20260319,True,oos,to_release,-0.16407809487190417,-0.040696620998501694,-0.12338147387340248
6103,7712,0.6434160558690439,-0.020426810950996632,20260319,True,oos,H5,-0.023455718308298956,-0.01110890193579155,-0.012346816372507407
6103,7712,0.6434160558690439,-0.020426810950996632,20260319,True,oos,H10,-0.16407809487190417,-0.040696620998501694,-0.12338147387340248
3163,4979,0.7415056340239029,0.45685525669573224,20260318,False,oos,to_release,-0.06531183291098419,-0.0012431502369745786,-0.06406868267400961
3163,4979,0.7415056340239029,0.45685525669573224,20260318,False,oos,H5,0.02840690042013372,-0.004309328048237461,0.03271622846837118
3163,4979,0.7415056340239029,0.45685525669573224,20260318,False,oos,H10,-0.06531183291098419,-0.0012431502369745786,-0.06406868267400961
4973,8271,0.7408410883268615,-0.0035584460028353915,20260317,True,oos,to_release,-0.2692088620578966,-0.03440796893800811,-0.2348008931198885
4973,8271,0.7408410883268615,-0.0035584460028353915,20260317,True,oos,H5,-0.09317887992585727,0.009440749938039705,-0.10261962986389697
4973,8271,0.7408410883268615,-0.0035584460028353915,20260317,True,oos,H10,-0.2692088620578966,-0.03440796893800811,-0.2348008931198885
5340,1815,0.6922721574132739,0.159076536421342,20260317,False,oos,to_release,-0.09641752678326487,-0.016549340606341795,-0.07986818617692308
5340,1815,0.6922721574132739,0.159076536421342,20260317,False,oos,H5,-0.05655359414134997,0.0025322974729368067,-0.059085891614286776
5340,1815,0.6922721574132739,0.159076536421342,20260317,False,oos,H10,-0.09641752678326487,-0.016549340606341795,-0.07986818617692308
7717,3491,0.6559995669514056,-0.04304139663971707,20260312,False,oos,to_release,0.18297071908314666,0.07100338248806513,0.11196733659508153
7717,3491,0.6559995669514056,-0.04304139663971707,20260312,False,oos,H5,0.0837538200632697,0.04011922211301085,0.043634597950258855
7717,3491,0.6559995669514056,-0.04304139663971707,20260312,False,oos,H10,0.18297071908314666,0.07100338248806513,0.11196733659508153
1815,5340,0.6906760658455482,-0.14842747794562072,20260306,True,oos,to_release,0.04728948965425506,0.08498486770896564,-0.037695378054710585
1815,5340,0.6906760658455482,-0.14842747794562072,20260306,True,oos,H5,0.019729239926511433,-0.02048768070305537,0.040216920629566805
1815,5340,0.6906760658455482,-0.14842747794562072,20260306,True,oos,H10,0.04728948965425506,0.08498486770896564,-0.037695378054710585
6187,3583,0.6571978584161215,0.42719184232778984,20260306,False,oos,to_release,0.16676856109966853,0.12461170403045212,0.042156857069216416
6187,3583,0.6571978584161215,0.42719184232778984,20260306,False,oos,H5,0.030968894843412587,0.012575495848032628,0.018393398995379957
6187,3583,0.6571978584161215,0.42719184232778984,20260306,False,oos,H10,0.16676856109966853,0.12461170403045212,0.042156857069216416
6907,3228,0.7096671382024804,0.5644539530256396,20260304,False,oos,to_release,-0.040539877609982566,0.10092080510855228,-0.14146068271853485
6907,3228,0.7096671382024804,0.5644539530256396,20260304,False,oos,H5,-0.06234578948248293,-0.010627338261662896,-0.05171845122082003
6907,3228,0.7096671382024804,0.5644539530256396,20260304,False,oos,H10,-0.040539877609982566,0.10092080510855228,-0.14146068271853485
3105,8086,0.6299084071983461,0.4348625828295276,20260303,True,oos,to_release,-0.00031457805730183974,0.005643851365964657,-0.005958429423266497
3105,8086,0.6299084071983461,0.4348625828295276,20260303,True,oos,H5,-0.015347441545161877,-0.08868744454670688,0.073340003001545
3105,8086,0.6299084071983461,0.4348625828295276,20260303,True,oos,H10,-0.00031457805730183974,0.005643851365964657,-0.005958429423266497
4979,3163,0.6620215512328033,-0.20319135326842241,20260303,True,oos,to_release,0.07721204650151958,-0.05573566257858913,0.13294770908010872
4979,3163,0.6620215512328033,-0.20319135326842241,20260303,True,oos,H5,-0.15429405121152628,-0.106165176573111,-0.04812887463841528
4979,3163,0.6620215512328033,-0.20319135326842241,20260303,True,oos,H10,0.07721204650151958,-0.05573566257858913,0.13294770908010872
6187,3583,0.6255202733139706,0.348621075953103,20260303,True,oos,to_release,0.11736806223199125,0.0025831139293736563,0.1147849483026176
6187,3583,0.6255202733139706,0.348621075953103,20260303,True,oos,H5,-0.08456592491836867,-0.08927273943784392,0.004706814519475244
6187,3583,0.6255202733139706,0.348621075953103,20260303,True,oos,H10,0.11736806223199125,0.0025831139293736563,0.1147849483026176
6588,6426,0.7598491722065817,0.23277918483481197,20260303,False,oos,to_release,-0.07453144611711537,-0.05099841056097716,-0.023533035556138213
6588,6426,0.7598491722065817,0.23277918483481197,20260303,False,oos,H5,-0.2551784611393002,-0.10139865075899508,-0.15377981038030514
6588,6426,0.7598491722065817,0.23277918483481197,20260303,False,oos,H10,-0.07453144611711537,-0.05099841056097716,-0.023533035556138213
3163,4979,0.6716704311893114,0.3141448145399426,20260302,False,oos,to_release,0.025654693617976454,0.0065244477078227146,0.01913024591015374
3163,4979,0.6716704311893114,0.3141448145399426,20260302,False,oos,H5,-0.1529357246178017,-0.06828335140679083,-0.08465237321101086
3163,4979,0.6716704311893114,0.3141448145399426,20260302,False,oos,H10,0.025654693617976454,0.0065244477078227146,0.01913024591015374
8291,3236,1.0,-0.03616236162361619,20260302,True,oos,to_release,-0.11344899908045558,-0.0025122255323906753,-0.1109367735480649
8291,3236,1.0,-0.03616236162361619,20260302,True,oos,H5,-0.14865499550686323,-0.09624906481931582,-0.05240593068754741
8291,3236,1.0,-0.03616236162361619,20260302,True,oos,H10,-0.11344899908045558,-0.0025122255323906753,-0.1109367735480649
1711,1735,0.6551277021183227,0.3693035931069897,20260424,False,oos,to_release,-0.1453593846802691,0.026520282989592716,-0.17187966766986182
1711,1735,0.6551277021183227,0.3693035931069897,20260424,False,oos,H5,-0.10115383561200708,-0.015088777539221238,-0.08606505807278585
1711,1735,0.6551277021183227,0.3693035931069897,20260424,False,oos,H10,-0.1453593846802691,0.026520282989592716,-0.17187966766986182
1905,1909,0.7935705176030898,0.2996319244799386,20260402,True,oos,to_release,-0.05225648697431129,-0.03260787504359134,-0.01964861193071995
1905,1909,0.7935705176030898,0.2996319244799386,20260402,True,oos,H5,-0.03942246023542162,-0.02909526317032618,-0.01032719706509544
1905,1909,0.7935705176030898,0.2996319244799386,20260402,True,oos,H10,-0.05225648697431129,-0.03260787504359134,-0.01964861193071995
2455,4977,0.6500665707701188,0.10692453923967404,20260413,False,oos,to_release,0.10684178806093714,0.00023464159757350064,0.10660714646336364
2455,4977,0.6500665707701188,0.10692453923967404,20260413,False,oos,H5,0.24644345502357812,0.07511545468760206,0.17132800033597606
2455,4977,0.6500665707701188,0.10692453923967404,20260413,False,oos,H10,0.10684178806093714,0.00023464159757350064,0.10660714646336364
2484,8182,0.7921269124190559,0.08204305448001747,20260422,True,oos,to_release,-0.11807200871220613,0.022567702118351674,-0.14063971083055782
2484,8182,0.7921269124190559,0.08204305448001747,20260422,True,oos,H5,-0.16644305925477643,-0.04474666953951478,-0.12169638971526164
2484,8182,0.7921269124190559,0.08204305448001747,20260422,True,oos,H10,-0.11807200871220613,0.022567702118351674,-0.14063971083055782
2486,3031,0.6206676236294921,-0.012497785244292792,20260415,False,oos,to_release,0.045714618241241345,-0.0023857509024166057,0.04810036914365795
2486,3031,0.6206676236294921,-0.012497785244292792,20260415,False,oos,H5,-0.0031063955621901673,0.06260249586351478,-0.06570889142570495
2486,3031,0.6206676236294921,-0.012497785244292792,20260415,False,oos,H10,0.045714618241241345,-0.0023857509024166057,0.04810036914365795
3026,3090,0.714948054061688,0.7150627159050176,20260415,True,oos,to_release,-0.1016848331984127,0.0316363239147927,-0.1333211571132054
3026,3090,0.714948054061688,0.7150627159050176,20260415,True,oos,H5,-0.03017715822913203,0.07386986280796339,-0.10404702103709541
3026,3090,0.714948054061688,0.7150627159050176,20260415,True,oos,H10,-0.1016848331984127,0.0316363239147927,-0.1333211571132054
3037,8046,0.7947692260162854,0.026405942947285377,20260414,False,oos,to_release,0.377277546394438,0.02121663592389893,0.35606091047053906
3037,8046,0.7947692260162854,0.026405942947285377,20260414,False,oos,H5,0.19354254820948102,0.07762803373379634,0.11591451447568468
3037,8046,0.7947692260162854,0.026405942947285377,20260414,False,oos,H10,0.377277546394438,0.02121663592389893,0.35606091047053906
3042,8182,0.660898917675858,0.15882683874991654,20260421,False,oos,to_release,-0.03551944673701135,0.03747497498956561,-0.07299442172657697
3042,8182,0.660898917675858,0.15882683874991654,20260421,False,oos,H5,-0.19242058937309592,-0.05453012387896418,-0.13789046549413175
3042,8182,0.660898917675858,0.15882683874991654,20260421,False,oos,H10,-0.03551944673701135,0.03747497498956561,-0.07299442172657697
3042,2428,0.6309240544975538,0.30559263438233897,20260416,True,oos,to_release,-0.024096075214326662,0.04123347860910021,-0.06532955382342687
3042,2428,0.6309240544975538,0.30559263438233897,20260416,True,oos,H5,0.003012367140831307,0.08303087876043955,-0.08001851161960824
3042,2428,0.6309240544975538,0.30559263438233897,20260416,True,oos,H10,-0.024096075214326662,0.04123347860910021,-0.06532955382342687
3135,2369,0.6646857530249785,-0.11610718729347846,20260401,True,oos,to_release,0.037343632248290515,0.1371628830105369,-0.09981925076224638
3135,2369,0.6646857530249785,-0.11610718729347846,20260401,True,oos,H5,0.049055576483352015,0.061043093152918844,-0.01198751666956683
3135,2369,0.6646857530249785,-0.11610718729347846,20260401,True,oos,H10,0.037343632248290515,0.1371628830105369,-0.09981925076224638
3443,3661,0.6662468796881136,0.22739523697659414,20260417,True,oos,to_release,0.20407495557361077,0.10258925613569432,0.10148569943791645
3443,3661,0.6662468796881136,0.22739523697659414,20260417,True,oos,H5,0.16197443265145672,0.079789831394555,0.08218460125690172
3443,3661,0.6662468796881136,0.22739523697659414,20260417,True,oos,H10,0.20407495557361077,0.10258925613569432,0.10148569943791645
3532,6488,0.7056040819416637,0.2601308278549299,20260416,True,oos,to_release,0.07069974038824589,0.10364126346766277,-0.032941523079416876
3532,6488,0.7056040819416637,0.2601308278549299,20260416,True,oos,H5,0.18562278944601807,0.16912470489389597,0.016498084552122094
3532,6488,0.7056040819416637,0.2601308278549299,20260416,True,oos,H10,0.07069974038824589,0.10364126346766277,-0.032941523079416876
3583,8028,0.7088562160688314,0.6700704481905446,20260414,True,oos,to_release,0.11867053644911096,0.08429536715187738,0.03437516929723358
3583,8028,0.7088562160688314,0.6700704481905446,20260414,True,oos,H5,0.012012370002743467,0.08843305004261261,-0.07642068003986914
3583,8028,0.7088562160688314,0.6700704481905446,20260414,True,oos,H10,0.11867053644911096,0.08429536715187738,0.03437516929723358
4576,2049,0.7009923150992791,0.2791539910284693,20260416,True,oos,to_release,0.08790459451619315,0.01287699005235203,0.07502760446384112
4576,2049,0.7009923150992791,0.2791539910284693,20260416,True,oos,H5,0.09834847862354845,0.02904826046994822,0.06930021815360024
4576,2049,0.7009923150992791,0.2791539910284693,20260416,True,oos,H10,0.08790459451619315,0.01287699005235203,0.07502760446384112
4764,4772,0.6874659826270937,0.6627634240186386,20260421,False,oos,to_release,-0.07328143794028108,0.026084594401850115,-0.09936603234213119
4764,4772,0.6874659826270937,0.6627634240186386,20260421,False,oos,H5,-0.08071898659244581,-0.02594781759720624,-0.054771168995239566
4764,4772,0.6874659826270937,0.6627634240186386,20260421,False,oos,H10,-0.07328143794028108,0.026084594401850115,-0.09936603234213119
4764,4772,0.6462395512252151,0.5098868347060401,20260416,True,oos,to_release,-0.006258634222470083,0.07510414922086137,-0.08136278344333145
4764,4772,0.6462395512252151,0.5098868347060401,20260416,True,oos,H5,0.0534916377704826,0.10472553002709205,-0.051233892256609445
4764,4772,0.6462395512252151,0.5098868347060401,20260416,True,oos,H10,-0.006258634222470083,0.07510414922086137,-0.08136278344333145
4956,3437,0.6460272706100997,0.22983309553947207,20260422,True,oos,to_release,-0.04024306392750754,0.002049589948546685,-0.04229265387605422
4956,3437,0.6460272706100997,0.22983309553947207,20260422,True,oos,H5,-0.10506717218005857,-0.06398613954138832,-0.041081032638670245
4956,3437,0.6460272706100997,0.22983309553947207,20260422,True,oos,H10,-0.04024306392750754,0.002049589948546685,-0.04229265387605422
4989,5498,0.7143134749449421,0.4237687618486663,20260417,True,oos,to_release,0.06414711039810994,0.03281428719082456,0.03133282320728538
4989,5498,0.7143134749449421,0.4237687618486663,20260417,True,oos,H5,0.08531714575085725,0.013013392010423125,0.07230375374043413
4989,5498,0.7143134749449421,0.4237687618486663,20260417,True,oos,H10,0.06414711039810994,0.03281428719082456,0.03133282320728538
6213,3090,0.6893160270793041,0.8139339479844441,20260423,True,oos,to_release,0.09930460885872883,0.019501494916291547,0.07980311394243728
6213,3090,0.6893160270793041,0.8139339479844441,20260423,True,oos,H5,-0.07863367952433642,-0.04481714382867384,-0.03381653569566258
6213,3090,0.6893160270793041,0.8139339479844441,20260423,True,oos,H10,0.11793689036480903,0.012098809475195527,0.10583808088961351
6224,8043,0.6977578726485639,0.14508024444437018,20260420,True,oos,to_release,-0.026630001194471675,0.012624025113407357,-0.03925402630787903
6224,8043,0.6977578726485639,0.14508024444437018,20260420,True,oos,H5,-0.12480251180361301,-0.024730860675855244,-0.10007165112775777
6224,8043,0.6977578726485639,0.14508024444437018,20260420,True,oos,H10,-0.026630001194471675,0.012624025113407357,-0.03925402630787903
6442,3081,0.671590148888353,-0.43478527124565425,20260422,True,oos,to_release,-0.11504652675238525,-0.06651735527029787,-0.04852917148208738
6442,3081,0.671590148888353,-0.43478527124565425,20260422,True,oos,H5,-0.15589053320996749,-0.10081582179447628,-0.05507471141549121
6442,3081,0.671590148888353,-0.43478527124565425,20260422,True,oos,H10,-0.11504652675238525,-0.06651735527029787,-0.04852917148208738
6443,6477,0.738633365852303,-0.06624986659070253,20260428,False,oos,to_release,0.020516675633018844,0.077035939162598,-0.05651926352957916
6443,6477,0.738633365852303,-0.06624986659070253,20260428,False,oos,H5,0.05930824517462452,0.108140172652827,-0.048831927478202475
6443,6477,0.738633365852303,-0.06624986659070253,20260428,False,oos,H10,0.020516675633018844,0.077035939162598,-0.05651926352957916
6443,6477,0.6778447381926993,-0.06876873351262491,20260414,True,oos,to_release,-0.006336779394305991,-0.00517174199938706,-0.0011650373949189316
6443,6477,0.6778447381926993,-0.06876873351262491,20260414,True,oos,H5,0.04894974566195076,0.08783392553258522,-0.03888417987063446
6443,6477,0.6778447381926993,-0.06876873351262491,20260414,True,oos,H10,-0.006336779394305991,-0.00517174199938706,-0.0011650373949189316
6451,3583,0.6561351751666437,0.1680188196216692,20260420,False,oos,to_release,-0.014047607484181657,0.09736190859725687,-0.11140951608143852
6451,3583,0.6561351751666437,0.1680188196216692,20260420,False,oos,H5,-0.04264395682575006,0.0520202653101707,-0.09466422213592077
6451,3583,0.6561351751666437,0.1680188196216692,20260420,False,oos,H10,-0.014047607484181657,0.09736190859725687,-0.11140951608143852
6451,3583,0.6918107755904962,0.249896944687497,20260415,False,oos,to_release,0.04824810703608984,0.07824655994217748,-0.029998452906087644
6451,3583,0.6918107755904962,0.249896944687497,20260415,False,oos,H5,0.14746500605596657,0.1130079968195631,0.03445700923640348
6451,3583,0.6918107755904962,0.249896944687497,20260415,False,oos,H10,0.04824810703608984,0.07824655994217748,-0.029998452906087644
6806,6869,0.6236480311758633,-0.41990243077621503,20260416,False,oos,to_release,-0.0623208399265649,-0.02478279803473919,-0.037538041891825705
6806,6869,0.6236480311758633,-0.41990243077621503,20260416,False,oos,H5,0.010332266907212118,0.03126856988371899,-0.020936302976506872
6806,6869,0.6236480311758633,-0.41990243077621503,20260416,False,oos,H10,-0.0623208399265649,-0.02478279803473919,-0.037538041891825705
6806,6869,0.6856901571580344,-0.33136230332907934,20260413,False,oos,to_release,-0.009048395065279324,0.016289934691768922,-0.025338329757048247
6806,6869,0.6856901571580344,-0.33136230332907934,20260413,False,oos,H5,0.07251641762590744,0.04856565170328864,0.0239507659226188
6806,6869,0.6856901571580344,-0.33136230332907934,20260413,False,oos,H10,-0.009048395065279324,0.016289934691768922,-0.025338329757048247
7610,8390,0.6895841652500909,1.1638972775844234,20260420,False,oos,to_release,-0.046202186217758845,-0.05434059032446444,0.008138404106705598
7610,8390,0.6895841652500909,1.1638972775844234,20260420,False,oos,H5,-0.07361016937242093,-0.03682447245039456,-0.03678569692202637
7610,8390,0.6895841652500909,1.1638972775844234,20260420,False,oos,H10,-0.046202186217758845,-0.05434059032446444,0.008138404106705598
7610,8390,0.7036081934094097,1.192057347638385,20260415,True,oos,to_release,-0.0585730582662396,0.012965183596457402,-0.071538241862697
7610,8390,0.7036081934094097,1.192057347638385,20260415,True,oos,H5,-0.0661303846333684,0.0912329921211152,-0.15736337675448359
7610,8390,0.7036081934094097,1.192057347638385,20260415,True,oos,H10,-0.0585730582662396,0.012965183596457402,-0.071538241862697
8021,4577,0.6535889733990129,-0.1549218270467927,20260427,False,oos,to_release,-0.2676847929485283,0.052794586047992066,-0.3204793789965204
8021,4577,0.6535889733990129,-0.1549218270467927,20260427,False,oos,H5,-0.1653181511026237,0.030184931943142524,-0.19550308304576625
8021,4577,0.6535889733990129,-0.1549218270467927,20260427,False,oos,H10,-0.2676847929485283,0.052794586047992066,-0.3204793789965204
8021,4760,0.6693927063764431,0.04804332972558156,20260415,True,oos,to_release,-0.15141019576691628,0.05397028415576376,-0.20538047992268005
8021,4760,0.6693927063764431,0.04804332972558156,20260415,True,oos,H5,-0.042805426895437204,0.06134370469709865,-0.10414913159253586
8021,4760,0.6693927063764431,0.04804332972558156,20260415,True,oos,H10,-0.15141019576691628,0.05397028415576376,-0.20538047992268005
8271,4973,0.7628738010296737,0.1337805371350438,20260424,False,oos,to_release,0.26406145385900714,0.09475484136078462,0.16930661249822254
8271,4973,0.7628738010296737,0.1337805371350438,20260424,False,oos,H5,0.011249163087205805,0.0098031564352614,0.0014460066519444044
8271,4973,0.7628738010296737,0.1337805371350438,20260424,False,oos,H10,0.26406145385900714,0.09475484136078462,0.16930661249822254
7751,2330,0.6188059069336244,0.6692417845112724,20260429,False,oos,to_release,0.026381713998725687,0.1497897935015841,-0.12340807950285843
7751,2330,0.6188059069336244,0.6692417845112724,20260429,False,oos,H5,0.06515613430534395,0.10319898719344459,-0.03804285288810064
7751,2330,0.6188059069336244,0.6692417845112724,20260429,False,oos,H10,0.026381713998725687,0.1497897935015841,-0.12340807950285843
3581,3661,0.6065687071228633,0.5969011525940007,20260427,False,oos,to_release,0.2655565420331014,0.12564263592109143,0.13991390611201
3581,3661,0.6065687071228633,0.5969011525940007,20260427,False,oos,H5,-0.029474190988116655,0.02879110326302387,-0.05826529425114052
3581,3661,0.6065687071228633,0.5969011525940007,20260427,False,oos,H10,0.2655565420331014,0.12564263592109143,0.13991390611201
4971,3105,0.6480948528357481,-0.07764993303528211,20260427,False,oos,to_release,-0.00783100980123197,0.12937797827423506,-0.13720898807546703
4971,3105,0.6480948528357481,-0.07764993303528211,20260427,False,oos,H5,-0.0632494579024242,0.02956453796833711,-0.0928139958707613
4971,3105,0.6480948528357481,-0.07764993303528211,20260427,False,oos,H10,-0.00783100980123197,0.12937797827423506,-0.13720898807546703
3363,4979,0.7077334026051001,0.06805411166501796,20260424,False,oos,to_release,0.17334767536549966,-0.011101322163915801,0.18444899752941546
3363,4979,0.7077334026051001,0.06805411166501796,20260424,False,oos,H5,0.14573949476866432,-0.02546596675166929,0.1712054615203336
3363,4979,0.7077334026051001,0.06805411166501796,20260424,False,oos,H10,0.17334767536549966,-0.011101322163915801,0.18444899752941546
5498,8074,0.7039168236541898,0.015867635883766384,20260424,True,oos,to_release,0.10699408564526913,0.04671696485226181,0.06027712079300732
5498,8074,0.7039168236541898,0.015867635883766384,20260424,True,oos,H5,0.11937014278835378,0.009778448099827163,0.10959169468852661
5498,8074,0.7039168236541898,0.015867635883766384,20260424,True,oos,H10,0.10699408564526913,0.04671696485226181,0.06027712079300732
6423,3588,0.6704005610739735,0.0627706598999016,20260424,True,oos,to_release,-0.1381889793163984,0.09865517887988397,-0.23684415819628235
6423,3588,0.6704005610739735,0.0627706598999016,20260424,True,oos,H5,-0.10777211976285961,0.01106898213296832,-0.11884110189582793
6423,3588,0.6704005610739735,0.0627706598999016,20260424,True,oos,H10,-0.1381889793163984,0.09865517887988397,-0.23684415819628235
6829,8383,0.6415797595513072,0.3357772246769566,20260423,False,oos,to_release,-0.14994892405995774,0.03693292630514072,-0.18688185036509847
6829,8383,0.6415797595513072,0.3357772246769566,20260423,False,oos,H5,-0.1672155865399899,-0.06148125570900432,-0.1057343308309856
6829,8383,0.6415797595513072,0.3357772246769566,20260423,False,oos,H10,-0.14994892405995774,0.03693292630514072,-0.18688185036509847
3388,6174,0.6158053017057485,0.23133274891408084,20260422,True,oos,to_release,0.21053410030159858,0.018811936388104706,0.19172216391349386
3388,6174,0.6158053017057485,0.23133274891408084,20260422,True,oos,H5,-0.10895310776831468,-0.04595036165826128,-0.06300274611005341
3388,6174,0.6158053017057485,0.23133274891408084,20260422,True,oos,H10,0.21053410030159858,0.018811936388104706,0.19172216391349386
4939,2457,0.6432247713541964,0.4764753760815559,20260422,True,oos,to_release,-0.019412748986431638,0.021085415473614554,-0.04049816446004619
4939,2457,0.6432247713541964,0.4764753760815559,20260422,True,oos,H5,-0.07539115504822969,-0.0465078183646329,-0.028883336683596786
4939,2457,0.6432247713541964,0.4764753760815559,20260422,True,oos,H10,-0.019412748986431638,0.021085415473614554,-0.04049816446004619
8182,2484,0.7921269124190559,-0.07784007090646927,20260422,True,oos,to_release,-0.17234623642579738,0.022567702118351674,-0.19491393854414907
8182,2484,0.7921269124190559,-0.07784007090646927,20260422,True,oos,H5,-0.1875791277799237,-0.04474666953951478,-0.1428324582404089
8182,2484,0.7921269124190559,-0.07784007090646927,20260422,True,oos,H10,-0.17234623642579738,0.022567702118351674,-0.19491393854414907
8289,8182,0.6696182049479626,0.10198936310720108,20260422,True,oos,to_release,-0.11807200871220613,0.02241810703825992,-0.14049011575046605
8289,8182,0.6696182049479626,0.10198936310720108,20260422,True,oos,H5,-0.16644305925477643,-0.044755643956126516,-0.1216874152986499
8289,8182,0.6696182049479626,0.10198936310720108,20260422,True,oos,H10,-0.11807200871220613,0.02241810703825992,-0.14049011575046605
4979,3363,0.7125889002456677,0.0688006163866337,20260421,False,oos,to_release,-0.13681297852707175,-0.04381636453187244,-0.09299661399519932
4979,3363,0.7125889002456677,0.0688006163866337,20260421,False,oos,H5,-0.2697636232137067,-0.10855047825407844,-0.1612131449596283
4979,3363,0.7125889002456677,0.0688006163866337,20260421,False,oos,H10,-0.13681297852707175,-0.04381636453187244,-0.09299661399519932
5340,1815,0.6958522546102693,0.04078978988540971,20260421,False,oos,to_release,-0.03653011282351026,0.03750945641518153,-0.07403956923869179
5340,1815,0.6958522546102693,0.04078978988540971,20260421,False,oos,H5,-0.11032780630936911,-0.05515000032067286,-0.05517780598869625
5340,1815,0.6958522546102693,0.04078978988540971,20260421,False,oos,H10,-0.03653011282351026,0.03750945641518153,-0.07403956923869179
6173,3624,0.8174978995778384,0.281450849958482,20260421,True,oos,to_release,-0.040672840487253836,0.03758662044317546,-0.07825946093042929
6173,3624,0.8174978995778384,0.281450849958482,20260421,True,oos,H5,-0.13833407384305596,-0.054787243523949175,-0.08354683031910679
6173,3624,0.8174978995778384,0.281450849958482,20260421,True,oos,H10,-0.040672840487253836,0.03758662044317546,-0.07825946093042929
5228,6173,0.7108827792308903,0.09245090690070068,20260420,True,oos,to_release,-0.03435959242686726,0.015788093253331668,-0.05014768568019892
5228,6173,0.7108827792308903,0.09245090690070068,20260420,True,oos,H5,-0.17761393860529928,-0.02251888452220639,-0.1550950540830929
5228,6173,0.7108827792308903,0.09245090690070068,20260420,True,oos,H10,-0.03435959242686726,0.015788093253331668,-0.05014768568019892
6829,8383,0.612742429800078,0.1810211027288955,20260420,True,oos,to_release,-0.003251768308006997,0.09553899838514669,-0.09879076669315369
6829,8383,0.612742429800078,0.1810211027288955,20260420,True,oos,H5,-0.01851590661875724,0.04927386912191822,-0.06778977574067546
6829,8383,0.612742429800078,0.1810211027288955,20260420,True,oos,H10,-0.003251768308006997,0.09553899838514669,-0.09879076669315369
8043,6173,0.7988528425433127,-0.09168814285808813,20260420,True,oos,to_release,-0.03435959242686726,0.014849820955830564,-0.049209413382697825
8043,6173,0.7988528425433127,-0.09168814285808813,20260420,True,oos,H5,-0.17761393860529928,-0.023463532537486752,-0.15415040606781252
8043,6173,0.7988528425433127,-0.09168814285808813,20260420,True,oos,H10,-0.03435959242686726,0.014849820955830564,-0.049209413382697825
6274,6213,0.7071145370783253,-0.06028002175245817,20260417,True,oos,to_release,0.1000134456551558,0.032674907007670034,0.06733853864748576
6274,6213,0.7071145370783253,-0.06028002175245817,20260417,True,oos,H5,0.08628778768797907,0.013628033145312884,0.07265975454266618
6274,6213,0.7071145370783253,-0.06028002175245817,20260417,True,oos,H10,0.1000134456551558,0.032674907007670034,0.06733853864748576
4577,8021,0.6355490366315664,0.2525666059089371,20260416,True,oos,to_release,0.1052366813895107,0.04481049471371133,0.06042618667579937
4577,8021,0.6355490366315664,0.2525666059089371,20260416,True,oos,H5,0.32289198693169063,0.08070814914341425,0.2421838377882764
4577,8021,0.6355490366315664,0.2525666059089371,20260416,True,oos,H10,0.1052366813895107,0.04481049471371133,0.06042618667579937
4991,3105,0.6474848392563834,0.25898339438858575,20260415,False,oos,to_release,0.07971331286336514,0.07668171500345217,0.003031597859912971
4991,3105,0.6474848392563834,0.25898339438858575,20260415,False,oos,H5,0.32937675157351287,0.11059611136256582,0.21878064021094706
4991,3105,0.6474848392563834,0.25898339438858575,20260415,False,oos,H10,0.07971331286336514,0.07668171500345217,0.003031597859912971
6903,6691,0.6251701305996611,0.2950361860873254,20260415,True,oos,to_release,-0.010921878929576967,0.051598808907759114,-0.06252068783733608
6903,6691,0.6251701305996611,0.2950361860873254,20260415,True,oos,H5,0.06016811102235975,0.06395356926828072,-0.0037854582459209696
6903,6691,0.6251701305996611,0.2950361860873254,20260415,True,oos,H10,-0.010921878929576967,0.051598808907759114,-0.06252068783733608
3163,4979,0.7682455322939028,0.6097321894474661,20260410,False,oos,to_release,0.29071757774726614,0.04453974997580982,0.24617782777145633
3163,4979,0.7682455322939028,0.6097321894474661,20260410,False,oos,H5,0.38275135285620165,0.05301962513264183,0.32973172772355985
3163,4979,0.7682455322939028,0.6097321894474661,20260410,False,oos,H10,0.29071757774726614,0.04453974997580982,0.24617782777145633
1597,4540,0.6665282816520878,0.3864244138783448,20260507,True,oos,to_release,-0.07315900915588358,-0.02350106470530295,-0.04965794445058063
1597,4540,0.6665282816520878,0.3864244138783448,20260507,True,oos,H5,-0.10582300883320905,-0.011882541199641956,-0.0939404676335671
1597,4540,0.6665282816520878,0.3864244138783448,20260507,True,oos,H10,-0.07315900915588358,-0.02350106470530295,-0.04965794445058063
2327,2492,0.8518023047510895,-0.0012140039432221306,20260526,True,oos,to_release,0.34417614018678,-0.007828275305273625,0.35200441549205364
2327,2492,0.8518023047510895,-0.0012140039432221306,20260526,True,oos,H5,0.28032368042151257,0.03484591292898194,0.24547776749253064
2327,2492,0.8518023047510895,-0.0012140039432221306,20260526,True,oos,H10,0.34417614018678,-0.007828275305273625,0.35200441549205364
2454,8227,0.6934305576719142,0.35204176540501964,20260507,True,oos,to_release,0.0020906801007556375,0.01590769437056172,-0.013817014269806083
2454,8227,0.6934305576719142,0.35204176540501964,20260507,True,oos,H5,0.01945363742923445,0.029813172798556872,-0.010359535369322423
2454,8227,0.6934305576719142,0.35204176540501964,20260507,True,oos,H10,0.0020906801007556375,0.01590769437056172,-0.013817014269806083
2455,4977,0.6318679556477551,0.2225462465907624,20260527,False,oos,to_release,-0.23035450760301335,-0.08536894571930671,-0.14498556188370665
2455,4977,0.6318679556477551,0.2225462465907624,20260527,False,oos,H5,-0.11194750877270754,-0.0038213618136551403,-0.1081261469590524
2455,4977,0.6318679556477551,0.2225462465907624,20260527,False,oos,H10,-0.23035450760301335,-0.08536894571930671,-0.14498556188370665
2455,6442,0.660467791406694,0.49246427285492267,20260506,False,oos,to_release,-0.1540201605310021,-0.04373279121132186,-0.11028736931968022
2455,6442,0.660467791406694,0.49246427285492267,20260506,False,oos,H5,-0.10369274798468786,-0.019382337369121823,-0.08431041061556604
2455,6442,0.660467791406694,0.49246427285492267,20260506,False,oos,H10,-0.1540201605310021,-0.04373279121132186,-0.11028736931968022
2478,2375,0.7680313339906748,0.04471645828361481,20260526,True,oos,to_release,0.1624666526955716,-0.007736591832260526,0.17020324452783211
2478,2375,0.7680313339906748,0.04471645828361481,20260526,True,oos,H5,0.18838151437986772,0.035092839916633645,0.15328867446323408
2478,2375,0.7680313339906748,0.04471645828361481,20260526,True,oos,H10,0.1624666526955716,-0.007736591832260526,0.17020324452783211
2492,2327,0.8453334538508909,0.0659649962742328,20260527,False,oos,to_release,0.2551010359176218,-0.004119880863337851,0.25922091678095965
2492,2327,0.8453334538508909,0.0659649962742328,20260527,False,oos,H5,0.1766572211727706,0.012566661202902424,0.16409055996986818
2492,2327,0.8453334538508909,0.0659649962742328,20260527,False,oos,H10,0.2551010359176218,-0.004119880863337851,0.25922091678095965
2492,3624,0.9097804822733241,0.17331329186252664,20260515,True,oos,to_release,0.4326866660090174,0.13327621259265313,0.2994104534163643
2492,3624,0.9097804822733241,0.17331329186252664,20260515,True,oos,H5,0.22782586236473756,0.04676841644267688,0.1810574459220607
2492,3624,0.9097804822733241,0.17331329186252664,20260515,True,oos,H10,0.4326866660090174,0.13327621259265313,0.2994104534163643
3008,3406,0.6365533856061912,0.14877158811159719,20260520,True,oos,to_release,0.08887860296182493,0.11420055252362889,-0.02532194956180396
3008,3406,0.6365533856061912,0.14877158811159719,20260520,True,oos,H5,0.06917849665823939,0.09175039523921825,-0.02257189858097887
3008,3406,0.6365533856061912,0.14877158811159719,20260520,True,oos,H10,0.08887860296182493,0.11420055252362889,-0.02532194956180396
3016,3707,0.8097226313413188,0.5129177428010165,20260512,False,oos,to_release,0.19272791592837168,0.07935522817758713,0.11337268775078456
3016,3707,0.8097226313413188,0.5129177428010165,20260512,False,oos,H5,0.0027946286480184934,-0.03934029671542575,0.042134925363444244
3016,3707,0.8097226313413188,0.5129177428010165,20260512,False,oos,H10,0.19272791592837168,0.07935522817758713,0.11337268775078456
3016,3707,0.822369243110365,0.41723585219954673,20260507,True,oos,to_release,0.03012080949598883,0.015690452351506342,0.01443035714448249
3016,3707,0.822369243110365,0.41723585219954673,20260507,True,oos,H5,0.007078633494104869,0.029453961272577725,-0.022375327778472856
3016,3707,0.822369243110365,0.41723585219954673,20260507,True,oos,H10,0.03012080949598883,0.015690452351506342,0.01443035714448249
3026,2327,0.6483872089861227,0.2801461651049053,20260529,False,oos,to_release,0.1849643159095946,0.012080928054480234,0.17288338785511437
3026,2327,0.6483872089861227,0.2801461651049053,20260529,False,oos,H5,-0.09360561927648015,-0.011022924055445414,-0.08258269522103473
3026,2327,0.6483872089861227,0.2801461651049053,20260529,False,oos,H10,0.1849643159095946,0.012080928054480234,0.17288338785511437
3026,2327,0.7044712249776189,0.23189288755506188,20260526,False,oos,to_release,0.16292804489173096,-0.006814531239867841,0.1697425761315988
3026,2327,0.7044712249776189,0.23189288755506188,20260526,False,oos,H5,0.13495888938167688,0.03529623395931765,0.09966265542235923
3026,2327,0.7044712249776189,0.23189288755506188,20260526,False,oos,H10,0.16292804489173096,-0.006814531239867841,0.1697425761315988
3026,2327,0.6647353625184342,0.344934416754602,20260515,False,oos,to_release,0.6643527432987995,0.13255760933394642,0.531795133964853
3026,2327,0.6647353625184342,0.344934416754602,20260515,False,oos,H5,0.29926891573648207,0.04645744342809179,0.2528114723083903
3026,2327,0.6647353625184342,0.344934416754602,20260515,False,oos,H10,0.6643527432987995,0.13255760933394642,0.531795133964853
3026,2327,0.6730749515150916,0.5136453461029757,20260512,False,oos,to_release,0.6759947353232323,0.11240470596789474,0.5635900293553375
3026,2327,0.6730749515150916,0.5136453461029757,20260512,False,oos,H5,0.2458061756631149,-0.019188903587896898,0.2649950792510118
3026,2327,0.6730749515150916,0.5136453461029757,20260512,False,oos,H10,0.6759947353232323,0.11240470596789474,0.5635900293553375
3090,2327,0.7628291639012141,0.041035376805262924,20260527,False,oos,to_release,0.2551010359176218,-0.0022402554726717477,0.25734129139029355
3090,2327,0.7628291639012141,0.041035376805262924,20260527,False,oos,H5,0.1766572211727706,0.015008066062057436,0.16164915511071318
3090,2327,0.7628291639012141,0.041035376805262924,20260527,False,oos,H10,0.2551010359176218,-0.0022402554726717477,0.25734129139029355
3090,2478,0.7633351084380995,0.14952636339413816,20260522,True,oos,to_release,0.06332055124887881,0.05927146726243599,0.004049083986442818
3090,2478,0.7633351084380995,0.14952636339413816,20260522,True,oos,H5,0.0988963317739342,0.07230562533283169,0.026590706441102507
3090,2478,0.7633351084380995,0.14952636339413816,20260522,True,oos,H10,0.06332055124887881,0.05927146726243599,0.004049083986442818
3135,8110,0.6579153650220507,0.7094768749001636,20260518,True,oos,to_release,0.33237023044092484,0.14407899081582665,0.1882912396250982
3135,8110,0.6579153650220507,0.7094768749001636,20260518,True,oos,H5,0.008417407643169561,0.10320616568630599,-0.09478875804313643
3135,8110,0.6579153650220507,0.7094768749001636,20260518,True,oos,H10,0.33237023044092484,0.14407899081582665,0.1882912396250982
3189,3105,0.6806387799323583,0.2772805079441334,20260528,True,oos,to_release,-0.11168810158497477,-0.1296624023208566,0.017974300735881826
3189,3105,0.6806387799323583,0.2772805079441334,20260528,True,oos,H5,-0.08428847678787554,-0.01951161980319487,-0.06477685698468068
3189,3105,0.6806387799323583,0.2772805079441334,20260528,True,oos,H10,-0.11168810158497477,-0.1296624023208566,0.017974300735881826
3532,5483,0.6729035167978947,0.30015391803143476,20260529,False,oos,to_release,-0.1023232945820669,-0.09930889473928524,-0.003014399842781665
3532,5483,0.6729035167978947,0.30015391803143476,20260529,False,oos,H5,-0.0698415716886549,-0.05362256670693473,-0.016219004981720173
3532,5483,0.6729035167978947,0.30015391803143476,20260529,False,oos,H10,-0.1023232945820669,-0.09930889473928524,-0.003014399842781665
3532,6488,0.6177669268139255,0.030003453969638993,20260511,False,oos,to_release,-0.06469923241018583,0.07782668073810184,-0.14252591314828766
3532,6488,0.6177669268139255,0.030003453969638993,20260511,False,oos,H5,-0.20021499692513933,-0.02614415529936245,-0.17407084162577688
3532,6488,0.6177669268139255,0.030003453969638993,20260511,False,oos,H10,-0.06469923241018583,0.07782668073810184,-0.14252591314828766
4722,4772,0.6305732538754935,0.46192382554161093,20260526,True,oos,to_release,-0.07267865621945213,-0.026949656357385998,-0.04572899986206613
4722,4772,0.6305732538754935,0.46192382554161093,20260526,True,oos,H5,-0.00620981864077641,-0.012880117091292283,0.006670298450515873
4722,4772,0.6305732538754935,0.46192382554161093,20260526,True,oos,H10,-0.07267865621945213,-0.026949656357385998,-0.04572899986206613
4764,4772,0.6299069481187791,1.1787179603259248,20260507,False,oos,to_release,-0.07163608955677969,-0.03083023907326219,-0.0408058504835175
4764,4772,0.6299069481187791,1.1787179603259248,20260507,False,oos,H5,-0.00783100980123197,0.021257691364193133,-0.029088701165425102
4764,4772,0.6299069481187791,1.1787179603259248,20260507,False,oos,H10,-0.07163608955677969,-0.03083023907326219,-0.0408058504835175
4958,8046,0.7213112623613408,0.3957784923709715,20260528,True,oos,to_release,-0.07361016937242104,-0.00984036615541853,-0.06376980321700251
4958,8046,0.7213112623613408,0.3957784923709715,20260528,True,oos,H5,-0.046202186217758734,0.017960345981511278,-0.06416253219927001
4958,8046,0.7213112623613408,0.3957784923709715,20260528,True,oos,H10,-0.07361016937242104,-0.00984036615541853,-0.06376980321700251
6239,2441,0.7504385694089579,0.07725292900422676,20260529,True,oos,to_release,-0.12537019330909993,-0.09849387599160153,-0.0268763173174984
6239,2441,0.7504385694089579,0.07725292900422676,20260529,True,oos,H5,-0.066600601555166,-0.053759025026737225,-0.01284157652842878
6239,2441,0.7504385694089579,0.07725292900422676,20260529,True,oos,H10,-0.12537019330909993,-0.09849387599160153,-0.0268763173174984
6271,6239,0.6986907422376791,-0.04381141380035136,20260528,True,oos,to_release,-0.10603696516297301,-0.12931861089248128,0.023281645729508277
6271,6239,0.6986907422376791,-0.04381141380035136,20260528,True,oos,H5,-0.017940446382587738,-0.019825123004653507,0.0018846766220657687
6271,6239,0.6986907422376791,-0.04381141380035136,20260528,True,oos,H10,-0.10603696516297301,-0.12931861089248128,0.023281645729508277
6449,2375,0.7414580183061724,0.1864731556696091,20260522,False,oos,to_release,0.07516411485417818,0.057799266916237456,0.01736484793794072
6449,2375,0.7414580183061724,0.1864731556696091,20260522,False,oos,H5,0.29396944349116905,0.0691251021950321,0.22484434129613695
6449,2375,0.7414580183061724,0.1864731556696091,20260522,False,oos,H10,0.07516411485417818,0.057799266916237456,0.01736484793794072
6449,3624,0.7415128397641666,0.035509656354167696,20260519,True,oos,to_release,0.27292664210153683,0.17512271513201172,0.09780392696952511
6449,3624,0.7415128397641666,0.035509656354167696,20260519,True,oos,H5,0.11827200334153698,0.1256022902404565,-0.007330286898919514
6449,3624,0.7415128397641666,0.035509656354167696,20260519,True,oos,H10,0.27292664210153683,0.17512271513201172,0.09780392696952511
6742,3362,0.6154461439580738,0.2559550722224637,20260525,True,oos,to_release,0.0946657867069054,-0.09858776957250055,0.19325355627940594
6742,3362,0.6154461439580738,0.2559550722224637,20260525,True,oos,H5,-0.07342895956643969,-0.020073520347183894,-0.0533554392192558
6742,3362,0.6154461439580738,0.2559550722224637,20260525,True,oos,H10,0.0946657867069054,-0.09858776957250055,0.19325355627940594
6834,3090,0.6343768035716361,-0.021799471765396206,20260528,False,oos,to_release,-0.05292960026481219,-0.009932467852978365,-0.042997132411833824
6834,3090,0.6343768035716361,-0.021799471765396206,20260528,False,oos,H5,-0.09802819072839275,0.01836750771028596,-0.11639569843867871
6834,3090,0.6343768035716361,-0.021799471765396206,20260528,False,oos,H10,-0.05292960026481219,-0.009932467852978365,-0.042997132411833824
6834,2375,0.6791951959023966,0.2484761855428277,20260525,True,oos,to_release,-0.018311668148402016,-0.07585554921941962,0.0575438810710176
6834,2375,0.6791951959023966,0.2484761855428277,20260525,True,oos,H5,0.14239175984153918,0.03539710713812351,0.10699465270341567
6834,2375,0.6791951959023966,0.2484761855428277,20260525,True,oos,H10,-0.018311668148402016,-0.07585554921941962,0.0575438810710176
7769,2408,0.6323911344270237,0.25621212059941145,20260514,True,oos,to_release,-0.10197843222885228,0.08315034740115583,-0.18512877963000812
7769,2408,0.6323911344270237,0.25621212059941145,20260514,True,oos,H5,-0.15557004191842072,-0.019408642749136056,-0.13616139916928466
7769,2408,0.6323911344270237,0.25621212059941145,20260514,True,oos,H10,-0.10197843222885228,0.08315034740115583,-0.18512877963000812
8114,6206,0.6980704295213425,0.00787495872520072,20260515,True,oos,to_release,0.02487785800751885,0.06818501087689481,-0.04330715286937596
8114,6206,0.6980704295213425,0.00787495872520072,20260515,True,oos,H5,-0.00783100980123197,0.010302390742346098,-0.018133400543578065
8114,6206,0.6980704295213425,0.00787495872520072,20260515,True,oos,H10,0.02487785800751885,0.06818501087689481,-0.04330715286937596
3236,6284,0.8071635370542717,0.24741659372841363,20260528,True,oos,to_release,-0.2005720349464024,-0.008726380653590998,-0.19184565429281142
3236,6284,0.8071635370542717,0.24741659372841363,20260528,True,oos,H5,-0.15421659851908298,0.018631896083383954,-0.17284849460246693
3236,6284,0.8071635370542717,0.24741659372841363,20260528,True,oos,H10,-0.2005720349464024,-0.008726380653590998,-0.19184565429281142
6173,8042,0.7319829323584202,0.16614200811667512,20260528,False,oos,to_release,0.05973986430525313,-0.011786686009738558,0.0715265503149917
6173,8042,0.7319829323584202,0.16614200811667512,20260528,False,oos,H5,0.12252695971393468,0.016209103868370496,0.10631785584556419
6173,8042,0.7319829323584202,0.16614200811667512,20260528,False,oos,H10,0.05973986430525313,-0.011786686009738558,0.0715265503149917
6182,6488,0.7881876906780306,0.27225386941315266,20260528,False,oos,to_release,-0.17973622521535004,-0.12872541031337362,-0.051010814901976426
6182,6488,0.7881876906780306,0.27225386941315266,20260528,False,oos,H5,-0.014197869631384363,-0.020192619265998364,0.005994749634614001
6182,6488,0.7881876906780306,0.27225386941315266,20260528,False,oos,H10,-0.17973622521535004,-0.12872541031337362,-0.051010814901976426
6570,6161,0.6868557301338367,0.04395691643697752,20260528,True,oos,to_release,-0.10934004840242595,-0.023261427045832894,-0.08607862135659305
6570,6161,0.6868557301338367,0.04395691643697752,20260528,True,oos,H5,-0.058585529101828904,0.0725877822742894,-0.13117331137611832
6570,6161,0.6868557301338367,0.04395691643697752,20260528,True,oos,H10,-0.10934004840242595,-0.023261427045832894,-0.08607862135659305
8042,6173,0.7319829323584202,-0.1546066814464978,20260528,False,oos,to_release,0.13066397510065575,-0.011786686009738558,0.1424506611103943
8042,6173,0.7319829323584202,-0.1546066814464978,20260528,False,oos,H5,0.021684314849989894,0.016209103868370496,0.005475210981619398
8042,6173,0.7319829323584202,-0.1546066814464978,20260528,False,oos,H10,0.13066397510065575,-0.011786686009738558,0.1424506611103943
3491,7717,0.7924743074445697,0.2991211995857175,20260526,True,oos,to_release,-0.21713789266508166,-0.08096808611038828,-0.13616980655469338
3491,7717,0.7924743074445697,0.2991211995857175,20260526,True,oos,H5,-0.08258346796689253,-0.01866308323798654,-0.06392038472890599
3491,7717,0.7924743074445697,0.2991211995857175,20260526,True,oos,H10,-0.21713789266508166,-0.08096808611038828,-0.13616980655469338
6538,3537,0.6521778785527821,0.12678404040392732,20260525,True,oos,to_release,-0.025941004407206925,-0.07543085964326857,0.04948985523606164
6538,3537,0.6521778785527821,0.12678404040392732,20260525,True,oos,H5,0.045205402973409026,0.03740551253461177,0.007799890438797252
6538,3537,0.6521778785527821,0.12678404040392732,20260525,True,oos,H10,-0.025941004407206925,-0.07543085964326857,0.04948985523606164
3624,2327,0.8164091708428186,-0.04866625252000223,20260521,True,oos,to_release,0.37064343565783453,0.1161896138917065,0.254453821766128
3624,2327,0.8164091708428186,-0.04866625252000223,20260521,True,oos,H5,0.25391767210503846,0.09212407593439997,0.1617935961706385
3624,2327,0.8164091708428186,-0.04866625252000223,20260521,True,oos,H10,0.37064343565783453,0.1161896138917065,0.254453821766128
6217,3037,0.6233644278688419,0.039891918667547044,20260520,False,oos,to_release,0.18236499930891026,0.16969225598220006,0.0126727433267102
6217,3037,0.6233644278688419,0.039891918667547044,20260520,False,oos,H5,0.33864070106183,0.1439266788105268,0.1947140222513032
6217,3037,0.6233644278688419,0.039891918667547044,20260520,False,oos,H10,0.18236499930891026,0.16969225598220006,0.0126727433267102
4971,4991,0.7282785896465118,-0.1824998798368942,20260519,False,oos,to_release,0.11122926902262043,0.12424733962856972,-0.013018070605949297
4971,4991,0.7282785896465118,-0.1824998798368942,20260519,False,oos,H5,0.24939798765770793,0.117456075802066,0.1319419118556419
4971,4991,0.7282785896465118,-0.1824998798368942,20260519,False,oos,H10,0.11122926902262043,0.12424733962856972,-0.013018070605949297
5228,6173,0.7231696650938044,-0.14329765871343214,20260518,False,oos,to_release,0.4470403118591262,0.20126748197880256,0.24577282988032362
5228,6173,0.7231696650938044,-0.14329765871343214,20260518,False,oos,H5,0.29134610108947356,0.14877141833342725,0.14257468275604632
5228,6173,0.7231696650938044,-0.14329765871343214,20260518,False,oos,H10,0.4470403118591262,0.20126748197880256,0.24577282988032362
6829,8383,0.7364212603471848,0.20221877798712384,20260518,False,oos,to_release,0.1417238747507883,0.14551688224650483,-0.0037930074957165383
6829,8383,0.7364212603471848,0.20221877798712384,20260518,False,oos,H5,0.09977555347400213,0.10178879511010086,-0.002013241636098728
6829,8383,0.7364212603471848,0.20221877798712384,20260518,False,oos,H10,0.1417238747507883,0.14551688224650483,-0.0037930074957165383
6173,3624,0.8005016572703171,0.6567683032322207,20260515,False,oos,to_release,0.4326866660090174,0.1373221213462899,0.2953645446627275
6173,3624,0.8005016572703171,0.6567683032322207,20260515,False,oos,H5,0.22782586236473756,0.04844686769789847,0.1793789946668391
6173,3624,0.8005016572703171,0.6567683032322207,20260515,False,oos,H10,0.4326866660090174,0.1373221213462899,0.2953645446627275
8069,8105,0.6007198427955428,0.17921626846698446,20260515,True,oos,to_release,0.04728948965425506,0.052606368761719126,-0.005316879107464069
8069,8105,0.6007198427955428,0.17921626846698446,20260515,True,oos,H5,0.010542490017263706,0.031925571740809795,-0.02138308172354609
8069,8105,0.6007198427955428,0.17921626846698446,20260515,True,oos,H10,0.04728948965425506,0.052606368761719126,-0.005316879107464069
8042,6449,0.7594349561974741,0.33624924674697043,20260514,False,oos,to_release,0.5887131847232885,0.10453005342697312,0.48418313129631535
8042,6449,0.7594349561974741,0.33624924674697043,20260514,False,oos,H5,0.19723105706657185,0.0018169966853561468,0.1954140603812157
8042,6449,0.7594349561974741,0.33624924674697043,20260514,False,oos,H10,0.5887131847232885,0.10453005342697312,0.48418313129631535
4979,3163,0.6675243428992726,0.20119820397491606,20260513,False,oos,to_release,0.19157550293479497,0.06257230680442101,0.12900319613037398
4979,3163,0.6675243428992726,0.20119820397491606,20260513,False,oos,H5,-0.12066591456893505,-0.02926477045517708,-0.09140114411375796
4979,3163,0.6675243428992726,0.20119820397491606,20260513,False,oos,H10,0.19157550293479497,0.06257230680442101,0.12900319613037398
4561,8374,0.6156037166814351,0.22595823244308777,20260512,True,oos,to_release,0.22367508791181412,0.042383405071322204,0.1812916828404919
4561,8374,0.6156037166814351,0.22595823244308777,20260512,True,oos,H5,0.2126509880207168,-0.02531045580208901,0.23796144382280582
4561,8374,0.6156037166814351,0.22595823244308777,20260512,True,oos,H10,0.22367508791181412,0.042383405071322204,0.1812916828404919
6173,3624,0.8003323523344469,0.5641772581984501,20260512,False,oos,to_release,0.47803304403619973,0.11387902581663373,0.364154018219566
6173,3624,0.8003323523344469,0.5641772581984501,20260512,False,oos,H5,0.31136123268743665,-0.02010254619945157,0.3314637788868882
6173,3624,0.8003323523344469,0.5641772581984501,20260512,False,oos,H10,0.47803304403619973,0.11387902581663373,0.364154018219566
6182,6488,0.773181190700223,-0.05477008784516124,20260512,True,oos,to_release,0.03645156274081218,0.0778611935969253,-0.041409630856113114
6182,6488,0.773181190700223,-0.05477008784516124,20260512,True,oos,H5,-0.1861581262543277,-0.03885305239877723,-0.14730507385555047
6182,6488,0.773181190700223,-0.05477008784516124,20260512,True,oos,H10,0.03645156274081218,0.0778611935969253,-0.041409630856113114
6488,5483,0.8089665802835362,0.23943785012926933,20260512,True,oos,to_release,-0.03456610235149815,0.08104899401962255,-0.1156150963711207
6488,5483,0.8089665802835362,0.23943785012926933,20260512,True,oos,H5,-0.18012382845850305,-0.03790580934123714,-0.14221801911726592
6488,5483,0.8089665802835362,0.23943785012926933,20260512,True,oos,H10,-0.03456610235149815,0.08104899401962255,-0.1156150963711207
8227,3227,0.6917582672681156,0.38398238516532346,20260512,True,oos,to_release,0.007137056861249436,0.08070569758158001,-0.07356864072033058
8227,3227,0.6917582672681156,0.38398238516532346,20260512,True,oos,H5,-0.054873505026173386,-0.03938457404906102,-0.015488930977112368
8227,3227,0.6917582672681156,0.38398238516532346,20260512,True,oos,H10,0.007137056861249436,0.08070569758158001,-0.07356864072033058
4991,3105,0.6865644601560538,0.12206695536112888,20260511,False,oos,to_release,0.09337022719904264,0.07483775512316691,0.01853247207587573
4991,3105,0.6865644601560538,0.12206695536112888,20260511,False,oos,H5,-0.1110165847819038,-0.027799531693642302,-0.0832170530882615
4991,3105,0.6865644601560538,0.12206695536112888,20260511,False,oos,H10,0.09337022719904264,0.07483775512316691,0.01853247207587573
6274,6213,0.6364749060153861,0.20033663576566352,20260511,False,oos,to_release,-0.07466104541047536,0.14382722234399772,-0.21848826775447308
6274,6213,0.6364749060153861,0.20033663576566352,20260511,False,oos,H5,-0.16719494086942788,-0.016807194402415973,-0.15038774646701192
6274,6213,0.6364749060153861,0.20033663576566352,20260511,False,oos,H10,-0.07466104541047536,0.14382722234399772,-0.21848826775447308
8042,6449,0.7451771301669902,0.28740782443882407,20260511,True,oos,to_release,0.6002725648367226,0.1363434061042563,0.4639291587324663
8042,6449,0.7451771301669902,0.28740782443882407,20260511,True,oos,H5,0.4029056151735271,-0.02309979716435413,0.4260054123378812
8042,6449,0.7451771301669902,0.28740782443882407,20260511,True,oos,H10,0.6002725648367226,0.1363434061042563,0.4639291587324663
3163,4979,0.6686751384756934,-0.186681769839098,20260507,False,oos,to_release,-0.17933450667844753,0.005649308288860039,-0.18498381496730756
3163,4979,0.6686751384756934,-0.186681769839098,20260507,False,oos,H5,-0.1070479088211087,0.01186725072272264,-0.11891515954383135
3163,4979,0.6686751384756934,-0.186681769839098,20260507,False,oos,H10,-0.17933450667844753,0.005649308288860039,-0.18498381496730756
1303,1301,0.7128719562978134,0.6057601926984584,20260624,True,oos,to_release,0.16273308388903285,0.07408756428289993,0.08864551960613291
1303,1301,0.7128719562978134,0.6057601926984584,20260624,True,oos,H5,0.11989554921943668,0.03070656534885975,0.08918898387057693
1303,1301,0.7128719562978134,0.6057601926984584,20260624,True,oos,H10,0.16273308388903285,0.07408756428289993,0.08864551960613291
1409,1440,0.629875656741845,0.42662711909642415,20260604,True,oos,to_release,-0.1397015717896758,-0.016458074248527983,-0.12324349754114781
1409,1440,0.629875656741845,0.42662711909642415,20260604,True,oos,H5,-0.17423909992950637,-0.015483766598633653,-0.15875533333087272
1409,1440,0.629875656741845,0.42662711909642415,20260604,True,oos,H10,-0.1397015717896758,-0.016458074248527983,-0.12324349754114781
2302,3257,0.6038542316981338,0.5043106470338843,20260602,True,oos,to_release,-0.14592412190151438,-0.05027007637446137,-0.095654045527053
2302,3257,0.6038542316981338,0.5043106470338843,20260602,True,oos,H5,-0.15793221860588658,-0.10863762095301986,-0.049294597652866715
2302,3257,0.6038542316981338,0.5043106470338843,20260602,True,oos,H10,-0.14592412190151438,-0.05027007637446137,-0.095654045527053
2337,4967,0.707078589845383,0.0053423703018868895,20260603,True,oos,to_release,-0.14033052518548705,-0.07067895809738596,-0.0696515670881011
2337,4967,0.707078589845383,0.0053423703018868895,20260603,True,oos,H5,-0.11666989743829881,-0.10298354561132285,-0.01368635182697596
2337,4967,0.707078589845383,0.0053423703018868895,20260603,True,oos,H10,-0.14033052518548705,-0.07067895809738596,-0.0696515670881011
2342,6182,0.7038843811384693,-0.2708012395793722,20260624,True,oos,to_release,0.31993910303228956,-0.031130476560024992,0.35106957959231455
2342,6182,0.7038843811384693,-0.2708012395793722,20260624,True,oos,H5,0.1959179792574437,-0.004775006183791724,0.20069298544123543
2342,6182,0.7038843811384693,-0.2708012395793722,20260624,True,oos,H10,0.31993910303228956,-0.031130476560024992,0.35106957959231455
2375,2492,0.8345560526360641,-0.2686361492769571,20260601,True,oos,to_release,0.08214509960404848,0.004544925695959259,0.07760017390808922
2375,2492,0.8345560526360641,-0.2686361492769571,20260601,True,oos,H5,-0.08929586561412095,-0.11090186641113552,0.021606000797014566
2375,2492,0.8345560526360641,-0.2686361492769571,20260601,True,oos,H10,0.08214509960404848,0.004544925695959259,0.07760017390808922
2383,6274,0.7073835923002924,-0.18832333702258608,20260618,True,oos,to_release,-0.08265939733018934,0.005885087786579182,-0.08854448511676853
2383,6274,0.7073835923002924,-0.18832333702258608,20260618,True,oos,H5,-0.06880228852853043,-0.002435166954175512,-0.06636712157435493
2383,6274,0.7073835923002924,-0.18832333702258608,20260618,True,oos,H10,-0.08265939733018934,0.005885087786579182,-0.08854448511676853
2455,4979,0.6138386874335685,0.16314803699700087,20260622,False,oos,to_release,-0.19118521006248967,-0.0258226849482816,-0.16536252511420807
2455,4979,0.6138386874335685,0.16314803699700087,20260622,False,oos,H5,-0.2108915026139332,-0.07899543375524554,-0.13189606885868765
2455,4979,0.6138386874335685,0.16314803699700087,20260622,False,oos,H10,-0.19118521006248967,-0.0258226849482816,-0.16536252511420807
2472,2428,0.6965891152118592,0.3489394124614318,20260601,True,oos,to_release,0.01092132506506771,0.0056259031896016675,0.005295421875466043
2472,2428,0.6965891152118592,0.3489394124614318,20260601,True,oos,H5,-0.12886880757462105,-0.11061575134955594,-0.01825305622506511
2472,2428,0.6965891152118592,0.3489394124614318,20260601,True,oos,H10,0.01092132506506771,0.0056259031896016675,0.005295421875466043
2478,5328,0.6911448842405731,0.3382464754424277,20260622,False,oos,to_release,0.42709238316261144,0.006068364838931625,0.4210240183236798
2478,5328,0.6911448842405731,0.3382464754424277,20260622,False,oos,H5,0.20963068668068985,-0.06889032465160513,0.278521011332295
2478,5328,0.6911448842405731,0.3382464754424277,20260622,False,oos,H10,0.42709238316261144,0.006068364838931625,0.4210240183236798
2481,5425,0.6912118358512132,-0.037742907429696104,20260626,True,oos,to_release,0.04481469171951913,-0.02226505155688689,0.06707974327640602
2481,5425,0.6912118358512132,-0.037742907429696104,20260626,True,oos,H5,0.061013369110519244,-0.01365970085288395,0.0746730699634032
2481,5425,0.6912118358512132,-0.037742907429696104,20260626,True,oos,H10,0.04481469171951913,-0.02226505155688689,0.06707974327640602
2492,2327,0.7586603686359322,0.19184351292293433,20260624,False,oos,to_release,-0.10556705958200618,-0.014408463545637656,-0.09115859603636853
2492,2327,0.7586603686359322,0.19184351292293433,20260624,False,oos,H5,0.18467939128211097,0.027155863759515616,0.15752352752259535
2492,2327,0.7586603686359322,0.19184351292293433,20260624,False,oos,H10,-0.10556705958200618,-0.014408463545637656,-0.09115859603636853
2492,2327,0.841447855235861,0.10114546377668332,20260604,False,oos,to_release,0.3087473130013476,0.0496652331465272,0.2590820798548204
2492,2327,0.841447855235861,0.10114546377668332,20260604,False,oos,H5,0.08818534408897127,-0.03634582517336397,0.12453116926233523
2492,2327,0.841447855235861,0.10114546377668332,20260604,False,oos,H10,0.3087473130013476,0.0496652331465272,0.2590820798548204
2492,2327,0.8434559090022216,0.14327476125567928,20260601,False,oos,to_release,0.20306656793526767,0.003959753536460455,0.19910681439880723
2492,2327,0.8434559090022216,0.14327476125567928,20260601,False,oos,H5,-0.10121162064346889,-0.11120376550976903,0.009992144866300137
2492,2327,0.8434559090022216,0.14327476125567928,20260601,False,oos,H10,0.20306656793526767,0.003959753536460455,0.19910681439880723
3026,6173,0.6340765760396828,0.13999405124489828,20260618,False,oos,to_release,-0.006217726890339614,0.005453243827378588,-0.011670970717718204
3026,6173,0.6340765760396828,0.13999405124489828,20260618,False,oos,H5,-0.04009666801907785,-0.0016500849246899115,-0.03844658309438794
3026,6173,0.6340765760396828,0.13999405124489828,20260618,False,oos,H10,-0.006217726890339614,0.005453243827378588,-0.011670970717718204
3090,6834,0.6877744246968708,0.03644088914652488,20260623,False,oos,to_release,0.1959179792574437,-0.06578153816076707,0.26169951741821074
3090,6834,0.6877744246968708,0.03644088914652488,20260623,False,oos,H5,0.01874494529337789,-0.06952958366144796,0.08827452895482585
3090,6834,0.6877744246968708,0.03644088914652488,20260623,False,oos,H10,0.1560540466155289,-0.019485155645591352,0.17553920226112027
3481,2409,0.7155723008966626,0.21724586600052853,20260604,True,oos,to_release,-0.041019761233937135,-0.025947410238250444,-0.015072350995686691
3481,2409,0.7155723008966626,0.21724586600052853,20260604,True,oos,H5,-0.2052167420062686,-0.09788783825609679,-0.10732890375017182
3481,2409,0.7155723008966626,0.21724586600052853,20260604,True,oos,H10,-0.041019761233937135,-0.025947410238250444,-0.015072350995686691
3532,5483,0.6848241776149135,0.3453017196746011,20260622,False,oos,to_release,0.14686200479965117,0.008935643687748792,0.13792636111190237
3532,5483,0.6848241776149135,0.3453017196746011,20260622,False,oos,H5,-0.12518433122259165,-0.06724384971573254,-0.05794048150685911
3532,5483,0.6848241776149135,0.3453017196746011,20260622,False,oos,H10,0.14686200479965117,0.008935643687748792,0.13792636111190237
6116,3481,0.7144847508458406,0.19516702893443383,20260604,False,oos,to_release,0.10606564268577712,-0.025139487648143038,0.13120513033392014
6116,3481,0.7144847508458406,0.19516702893443383,20260604,False,oos,H5,-0.2400258648642889,-0.09621846531609893,-0.14380739954818997
6116,3481,0.7144847508458406,0.19516702893443383,20260604,False,oos,H10,0.10606564268577712,-0.025139487648143038,0.13120513033392014
6116,3481,0.738960401776335,0.05447618301063595,20260601,True,oos,to_release,-0.05010598150048673,-0.020409260732186147,-0.029696720768300582
6116,3481,0.738960401776335,0.05447618301063595,20260601,True,oos,H5,-0.11979136374109267,-0.08508513655460437,-0.0347062271864883
6116,3481,0.738960401776335,0.05447618301063595,20260601,True,oos,H10,-0.05010598150048673,-0.020409260732186147,-0.029696720768300582
6243,8040,0.7021396560487042,-0.044716811085170116,20260629,True,oos,to_release,-0.1330112094992073,0.03268923435004698,-0.16570044384925428
6243,8040,0.7021396560487042,-0.044716811085170116,20260629,True,oos,H5,-0.04028513564885505,0.07757566883652876,-0.11786080448538382
6243,8040,0.7021396560487042,-0.044716811085170116,20260629,True,oos,H10,-0.18308328937839746,-0.011049504038191067,-0.17203378534020639
6415,6719,0.6235987064815871,0.05033429656641086,20260624,True,oos,to_release,0.01742420085837293,-0.028559093759493146,0.04598329461786607
6415,6719,0.6235987064815871,0.05033429656641086,20260624,True,oos,H5,0.028247862569632298,-0.0032276037912230006,0.0314754663608553
6415,6719,0.6235987064815871,0.05033429656641086,20260624,True,oos,H10,0.01742420085837293,-0.028559093759493146,0.04598329461786607
6442,3081,0.677495105253782,-0.141343386745597,20260608,True,oos,to_release,-0.0016040077706958034,0.07637548058443784,-0.07797948835513364
6442,3081,0.677495105253782,-0.141343386745597,20260608,True,oos,H5,-0.04311735464093702,0.04972746415807443,-0.09284481879901145
6442,3081,0.677495105253782,-0.141343386745597,20260608,True,oos,H10,-0.0016040077706958034,0.07637548058443784,-0.07797948835513364
6449,3357,0.6581423282903747,0.31373463905851096,20260601,False,oos,to_release,0.0054866947651943665,0.00488296277672462,0.0006037319884697467
6449,3357,0.6581423282903747,0.31373463905851096,20260601,False,oos,H5,-0.11270793326183992,-0.11054412174500114,-0.0021638115168387817
6449,3357,0.6581423282903747,0.31373463905851096,20260601,False,oos,H10,0.0054866947651943665,0.00488296277672462,0.0006037319884697467
6770,8110,0.7784754401941034,0.1274900945070052,20260602,True,oos,to_release,-0.0978870370806193,-0.049641863118219026,-0.04824517396240027
6770,8110,0.7784754401941034,0.1274900945070052,20260602,True,oos,H5,-0.1863903742345001,-0.1082343217753518,-0.0781560524591483
6770,8110,0.7784754401941034,0.1274900945070052,20260602,True,oos,H10,-0.0978870370806193,-0.049641863118219026,-0.04824517396240027
6834,3090,0.6603775709764388,0.11983162132300107,20260626,False,oos,to_release,-0.05980184555471668,-0.036802801342976935,-0.022999044211739747
6834,3090,0.6603775709764388,0.11983162132300107,20260626,False,oos,H5,0.0009090300377361249,0.0009419790059809855,-3.2948968244860574e-05
6834,3090,0.6603775709764388,0.11983162132300107,20260626,False,oos,H10,-0.05980184555471668,-0.036802801342976935,-0.022999044211739747
5425,2481,0.6912118358512133,0.030834416876446058,20260626,True,oos,to_release,0.144406560123447,-0.02226505155688689,0.16667161168033387
5425,2481,0.6912118358512133,0.030834416876446058,20260626,True,oos,H5,0.10765956048645564,-0.01365970085288395,0.1213192613393396
5425,2481,0.6912118358512133,0.030834416876446058,20260626,True,oos,H10,0.144406560123447,-0.02226505155688689,0.16667161168033387
7712,5299,0.7119138757828958,0.08123834659185047,20260625,True,oos,to_release,-0.08215078434795609,-0.06684654168240757,-0.015304242665548515
7712,5299,0.7119138757828958,0.08123834659185047,20260625,True,oos,H5,-0.08586677307529234,-0.07796137388982143,-0.00790539918547091
7712,5299,0.7119138757828958,0.08123834659185047,20260625,True,oos,H10,-0.08215078434795609,-0.06684654168240757,-0.015304242665548515
3624,2492,0.665497853959353,-0.19146097312903165,20260624,False,oos,to_release,-0.1474856000666246,-0.01784529075687318,-0.1296403093097514
3624,2492,0.665497853959353,-0.19146097312903165,20260624,False,oos,H5,0.07096941541311064,0.0281678075415479,0.04280160787156274
3624,2492,0.665497853959353,-0.19146097312903165,20260624,False,oos,H10,-0.08663143501557458,-0.014232763978216436,-0.07239867103735814
3163,3363,0.724663528565128,-0.05398919347124154,20260622,True,oos,to_release,-0.15707091361943082,-0.026786199515783028,-0.13028471410364778
3163,3363,0.724663528565128,-0.05398919347124154,20260622,True,oos,H5,-0.21234495207061588,-0.078226750670125,-0.13411820140049088
3163,3363,0.724663528565128,-0.05398919347124154,20260622,True,oos,H10,-0.15707091361943082,-0.026786199515783028,-0.13028471410364778
6488,5483,0.8259285279984157,0.2807621236112603,20260622,False,oos,to_release,0.14686200479965117,0.00950604662602874,0.13735595817362242
6488,5483,0.8259285279984157,0.2807621236112603,20260622,False,oos,H5,-0.12518433122259165,-0.066531170381172,-0.05865316084141965
6488,5483,0.8259285279984157,0.2807621236112603,20260622,False,oos,H10,0.14686200479965117,0.00950604662602874,0.13735595817362242
4991,4971,0.7453289578476329,0.1654259614424647,20260618,False,oos,to_release,-0.11306105421625279,0.03833592932330622,-0.151396983539559
4991,4971,0.7453289578476329,0.1654259614424647,20260618,False,oos,H5,-0.034138520904987146,0.04320471177230293,-0.07734323267729007
4991,4971,0.7453289578476329,0.1654259614424647,20260618,False,oos,H10,-0.11306105421625279,0.03833592932330622,-0.151396983539559
7828,6552,0.6385206541231053,0.5375611027680129,20260618,False,oos,to_release,0.0003823096540558346,0.037076712385983694,-0.03669440273192786
7828,6552,0.6385206541231053,0.5375611027680129,20260618,False,oos,H5,-0.0012603542370015486,0.04302565771190069,-0.04428601194890224
7828,6552,0.6385206541231053,0.5375611027680129,20260618,False,oos,H10,0.0003823096540558346,0.037076712385983694,-0.03669440273192786
8042,6173,0.7038715692168023,-0.11810535997336113,20260618,False,oos,to_release,-0.006217726890339614,0.005479842783227329,-0.011697569673566943
8042,6173,0.7038715692168023,-0.11810535997336113,20260618,False,oos,H5,-0.04009666801907785,-0.0024257526041915984,-0.03767091541488626
8042,6173,0.7038715692168023,-0.11810535997336113,20260618,False,oos,H10,-0.006217726890339614,0.005479842783227329,-0.011697569673566943
6173,8042,0.7045349253859825,0.08766559735311197,20260617,False,oos,to_release,0.028819032053076343,0.033686618474110606,-0.004867586421034263
6173,8042,0.7045349253859825,0.08766559735311197,20260617,False,oos,H5,0.0209654516557245,0.05382148460694564,-0.032856032951221144
6173,8042,0.7045349253859825,0.08766559735311197,20260617,False,oos,H10,0.028819032053076343,0.033686618474110606,-0.004867586421034263
6127,6155,0.6201984933174499,-0.018981663115496095,20260612,True,oos,to_release,-0.0481448739628072,0.008526223488960398,-0.0566710974517676
6127,6155,0.6201984933174499,-0.018981663115496095,20260612,True,oos,H5,0.10863126444331872,0.07306675961393029,0.03556450482938843
6127,6155,0.6201984933174499,-0.018981663115496095,20260612,True,oos,H10,-0.0481448739628072,0.008526223488960398,-0.0566710974517676
3581,7749,0.6225726816851951,0.13559737304839237,20260608,False,oos,to_release,0.11966734174300253,0.23381721610003373,-0.1141498743570312
3581,7749,0.6225726816851951,0.13559737304839237,20260608,False,oos,H5,0.18457559343824892,0.0859319196470737,0.09864367379117522
3581,7749,0.6225726816851951,0.13559737304839237,20260608,False,oos,H10,0.11966734174300253,0.23381721610003373,-0.1141498743570312
4979,3163,0.6824243072920179,0.24556744982218803,20260603,False,oos,to_release,-0.18111122780777733,-0.09219394442349124,-0.08891728338428609
4979,3163,0.6824243072920179,0.24556744982218803,20260603,False,oos,H5,-0.140120208494401,-0.07992457178675809,-0.0601956367076429
4979,3163,0.6824243072920179,0.24556744982218803,20260603,False,oos,H10,-0.18111122780777733,-0.09219394442349124,-0.08891728338428609
3485,6203,0.7035872371146735,0.23159531874917705,20260602,True,oos,to_release,-0.06683967726810214,0.029261176117008923,-0.09610085338511107
3485,6203,0.7035872371146735,0.23159531874917705,20260602,True,oos,H5,-0.04899984756881559,-0.04411451008737217,-0.004885337481443423
3485,6203,0.7035872371146735,0.23159531874917705,20260602,True,oos,H10,-0.06683967726810214,0.029261176117008923,-0.09610085338511107
4973,8271,0.6792373490938295,0.38955401082692864,20260602,True,oos,to_release,-0.1580398609070215,-0.052410766884561234,-0.10562909402246026
4973,8271,0.6792373490938295,0.38955401082692864,20260602,True,oos,H5,-0.15013413190145375,-0.11017166256405986,-0.03996246933739389
4973,8271,0.6792373490938295,0.38955401082692864,20260602,True,oos,H10,-0.1580398609070215,-0.052410766884561234,-0.10562909402246026
6182,6488,0.8177636705271335,0.3198128252349277,20260602,False,oos,to_release,0.025554276935214393,-0.05177032434012484,0.07732460127533923
6182,6488,0.8177636705271335,0.3198128252349277,20260602,False,oos,H5,-0.18310376516757587,-0.10856921270589634,-0.07453455246167953
6182,6488,0.8177636705271335,0.3198128252349277,20260602,False,oos,H10,0.025554276935214393,-0.05177032434012484,0.07732460127533923
6488,5483,0.8216721421149844,0.3388714669745738,20260601,False,oos,to_release,-0.056160158320942566,-0.07476578915682393,0.018605630835881362
6488,5483,0.8216721421149844,0.3388714669745738,20260601,False,oos,H5,-0.20399049496946986,-0.15234605380273736,-0.0516444411667325
6488,5483,0.8216721421149844,0.3388714669745738,20260601,False,oos,H10,-0.056160158320942566,-0.07476578915682393,0.018605630835881362
7828,6552,0.7326324742524112,0.00036789037126627733,20260601,True,oos,to_release,-0.1495694369724846,-0.07415309205316165,-0.07541634491932295
7828,6552,0.7326324742524112,0.00036789037126627733,20260601,True,oos,H5,-0.16781299690541818,-0.1534235966915578,-0.01438940021386037
7828,6552,0.7326324742524112,0.00036789037126627733,20260601,True,oos,H10,-0.1495694369724846,-0.07415309205316165,-0.07541634491932295
2303,2363,0.6232599504997336,0.26118042508161166,20260702,True,oos,to_release,-0.12415427072108753,-0.026972383571413797,-0.09718188714967374
2303,2363,0.6232599504997336,0.26118042508161166,20260702,True,oos,H5,-0.0776249663531452,0.0096520128607472,-0.0872769792138924
2303,2363,0.6232599504997336,0.26118042508161166,20260702,True,oos,H10,-0.17889462880101958,-0.07696149517539619,-0.1019331336256234
2492,2327,0.810535594184008,-0.10122859589352162,20260721,False,oos,to_release,-0.07173883525686908,-0.07050668430963691,-0.001232150947232169
2492,2327,0.810535594184008,-0.10122859589352162,20260721,False,oos,H5,-0.08132500907521467,-0.05197097358987203,-0.02935403548534264
2492,2327,0.810535594184008,-0.10122859589352162,20260721,False,oos,H10,-0.07173883525686908,-0.07050668430963691,-0.001232150947232169
2492,2327,0.7929026919765506,-0.031183239867253798,20260716,False,oos,to_release,-0.3861354441286332,-0.22989733243732124,-0.15623811169131196
2492,2327,0.7929026919765506,-0.031183239867253798,20260716,False,oos,H5,-0.09360561927648015,-0.06192639502482458,-0.03167922425165556
2492,2327,0.7929026919765506,-0.031183239867253798,20260716,False,oos,H10,-0.3861354441286332,-0.22989733243732124,-0.15623811169131196
3026,6173,0.7579948507126159,0.38852834607008835,20260722,False,oos,to_release,-0.11634949310422216,-0.055644979484760236,-0.06070451361946192
3026,6173,0.7579948507126159,0.38852834607008835,20260722,False,oos,H5,-0.22745174981918836,-0.12430584332448126,-0.1031459064947071
3026,6173,0.7579948507126159,0.38852834607008835,20260722,False,oos,H10,-0.11634949310422216,-0.055644979484760236,-0.06070451361946192
3090,3236,0.7227377423081786,-0.001591183523023676,20260720,False,oos,to_release,-0.1948962048282913,-0.11545962614209478,-0.07943657868619651
3090,3236,0.7227377423081786,-0.001591183523023676,20260720,False,oos,H5,-0.140120208494401,-0.030533216168858256,-0.10958699232554273
3090,3236,0.7227377423081786,-0.001591183523023676,20260720,False,oos,H10,-0.1948962048282913,-0.11545962614209478,-0.07943657868619651
3532,5483,0.8116547655164459,-0.03885707868212929,20260731,False,oos,to_release,0.12248372323980017,0.16960443783846302,-0.04712071459866285
3532,5483,0.8116547655164459,-0.03885707868212929,20260731,False,oos,H5,0.039556165850052505,0.1247583703211068,-0.0852022044710543
3532,5483,0.8116547655164459,-0.03885707868212929,20260731,False,oos,H10,0.12248372323980017,0.16960443783846302,-0.04712071459866285
6226,3230,0.6069739078195067,0.3106373904522597,20260703,False,oos,to_release,-0.01971327315690563,-0.09844525046465158,0.07873197730774595
6226,3230,0.6069739078195067,0.3106373904522597,20260703,False,oos,H5,0.06940370201064816,-0.021218465516003406,0.09062216752665156
6226,3230,0.6069739078195067,0.3106373904522597,20260703,False,oos,H10,-0.13259477503580763,-0.12955797844801425,-0.003036796587793378
8028,2441,0.6245123031989347,-0.010455558252702501,20260723,True,oos,to_release,-0.09662434355442906,-0.06354409017875579,-0.033080253375673274
8028,2441,0.6245123031989347,-0.010455558252702501,20260723,True,oos,H5,-0.2664898516040236,-0.20707764346663524,-0.05941220813738837
8028,2441,0.6245123031989347,-0.010455558252702501,20260723,True,oos,H10,-0.09662434355442906,-0.06354409017875579,-0.033080253375673274
8033,4541,0.6468783540523072,-0.14439561407095391,20260727,False,oos,to_release,-0.09676492488907684,-0.026334617055264704,-0.07043030783381214
8033,4541,0.6468783540523072,-0.14439561407095391,20260727,False,oos,H5,-0.1801404702839312,-0.0690841122077836,-0.11105635807614761
8033,4541,0.6468783540523072,-0.14439561407095391,20260727,False,oos,H10,-0.09676492488907684,-0.026334617055264704,-0.07043030783381214
8261,5299,0.7304684116194778,0.7123017902447306,20260709,True,oos,to_release,-0.23338821963712675,-0.1433878474701507,-0.09000037216697604
8261,5299,0.7304684116194778,0.7123017902447306,20260709,True,oos,H5,-0.1495919103117478,-0.0934689608044333,-0.05612294950731449
8261,5299,0.7304684116194778,0.7123017902447306,20260709,True,oos,H10,-0.22343222248955708,-0.13090403029161576,-0.09252819219794131
6217,6197,0.6356901830258811,-0.541819213545793,20260731,False,oos,to_release,0.08173980181393459,0.1909269739260028,-0.10918717211206821
6217,6197,0.6356901830258811,-0.541819213545793,20260731,False,oos,H5,0.05762458330215914,0.12153807355761448,-0.06391349025545534
6217,6197,0.6356901830258811,-0.541819213545793,20260731,False,oos,H10,0.08173980181393459,0.1909269739260028,-0.10918717211206821
4979,3081,0.7668081499352994,0.08805918127722712,20260730,True,oos,to_release,0.7719673604218797,0.14406673682222282,0.6279006235996569
4979,3081,0.7668081499352994,0.08805918127722712,20260730,True,oos,H5,0.45009313952127616,0.138323392114384,0.3117697474068922
4979,3081,0.7668081499352994,0.08805918127722712,20260730,True,oos,H10,0.8847892522839476,0.17308582255059055,0.711703429733357
4991,4971,0.7615386609756126,0.0006587425691644277,20260730,False,oos,to_release,0.5290705640088609,0.22105193504230197,0.3080186289665589
4991,4971,0.7615386609756126,0.0006587425691644277,20260730,False,oos,H5,0.45999550772919995,0.1780686200138777,0.28192688771532226
4991,4971,0.7615386609756126,0.0006587425691644277,20260730,False,oos,H10,0.6797797777099395,0.24190794671988314,0.43787183099005633
6217,5475,0.6117046873689795,0.025630103573430096,20260728,False,oos,to_release,0.03138515581927259,0.0620082118051568,-0.03062305598588421
6217,5475,0.6117046873689795,0.025630103573430096,20260728,False,oos,H5,-0.003909393239181491,-0.02576479997451337,0.02185540673533188
6217,5475,0.6117046873689795,0.025630103573430096,20260728,False,oos,H10,0.03138515581927259,0.0620082118051568,-0.03062305598588421
6182,6488,0.7975801289485269,0.11894331558009852,20260724,True,oos,to_release,-0.2146101544875172,0.008454929943283828,-0.22306508443080103
6182,6488,0.7975801289485269,0.11894331558009852,20260724,True,oos,H5,-0.20719206857948902,-0.11398525395378434,-0.09320681462570468
6182,6488,0.7975801289485269,0.11894331558009852,20260724,True,oos,H10,-0.18493781085540462,-0.001703334033794422,-0.1832344768216102
3624,2492,0.7126612998996115,0.07653130476184788,20260722,False,oos,to_release,-0.09381898895179175,-0.055964415048876476,-0.03785457390291527
3624,2492,0.7126612998996115,0.07653130476184788,20260722,False,oos,H5,-0.22445457266129631,-0.12458194492922811,-0.0998726277320682
3624,2492,0.7126612998996115,0.07653130476184788,20260722,False,oos,H10,-0.09381898895179175,-0.055964415048876476,-0.03785457390291527
3675,5425,0.7143100216463059,-0.09673599260854593,20260722,False,oos,to_release,-0.06608287842904514,-0.03755966769426442,-0.028523210734780723
3675,5425,0.7143100216463059,-0.09673599260854593,20260722,False,oos,H5,-0.15727713853538539,-0.1258096726604869,-0.03146746587489849
3675,5425,0.7143100216463059,-0.09673599260854593,20260722,False,oos,H10,-0.06608287842904514,-0.03755966769426442,-0.028523210734780723
6173,8042,0.7974682617270031,-0.04437044199106799,20260722,False,oos,to_release,-0.13279885971176375,-0.0565455453027089,-0.07625331440905485
6173,8042,0.7974682617270031,-0.04437044199106799,20260722,False,oos,H5,-0.21232385510937501,-0.12514643736454437,-0.08717741774483065
6173,8042,0.7974682617270031,-0.04437044199106799,20260722,False,oos,H10,-0.13279885971176375,-0.0565455453027089,-0.07625331440905485
6683,4991,0.610769794219822,0.03225036403776693,20260722,False,oos,to_release,0.14895618864993154,-0.03908437059210394,0.1880405592420355
6683,4991,0.610769794219822,0.03225036403776693,20260722,False,oos,H5,-0.038453509498724836,-0.1270683426327497,0.08861483313402485
6683,4991,0.610769794219822,0.03225036403776693,20260722,False,oos,H10,0.14895618864993154,-0.03908437059210394,0.1880405592420355
6727,3078,0.6051429432939089,-0.25401952655420723,20260722,True,oos,to_release,-0.022529809656028466,-0.05897392081362721,0.03644411115759875
6727,3078,0.6051429432939089,-0.25401952655420723,20260722,True,oos,H5,-0.04641535942007302,-0.1271836477544545,0.08076828833438149
6727,3078,0.6051429432939089,-0.25401952655420723,20260722,True,oos,H10,-0.022529809656028466,-0.05897392081362721,0.03644411115759875
8383,6829,0.6791282539881045,0.4906231350027439,20260720,True,oos,to_release,-0.1764508628153083,-0.11023458102251904,-0.06621628179278927
8383,6829,0.6791282539881045,0.4906231350027439,20260720,True,oos,H5,-0.042043733601189404,-0.02171656626320805,-0.020327167337981355
8383,6829,0.6791282539881045,0.4906231350027439,20260720,True,oos,H10,-0.1764508628153083,-0.11023458102251904,-0.06621628179278927
6173,8042,0.7844347999650082,-0.008596023428218302,20260717,False,oos,to_release,-0.24671477436447375,-0.15947780196908473,-0.08723697239538902
6173,8042,0.7844347999650082,-0.008596023428218302,20260717,False,oos,H5,-0.07651963219960811,-0.05093529190984239,-0.025584340289765722
6173,8042,0.7844347999650082,-0.008596023428218302,20260717,False,oos,H10,-0.24671477436447375,-0.15947780196908473,-0.08723697239538902
6174,2484,0.675522809404361,-0.17880484102443173,20260709,True,oos,to_release,-0.20301179475836661,-0.11907308917045263,-0.08393870558791398
6174,2484,0.675522809404361,-0.17880484102443173,20260709,True,oos,H5,-0.06204789451154713,-0.10953233550510723,0.0474844409935601
6174,2484,0.675522809404361,-0.17880484102443173,20260709,True,oos,H10,-0.24963831560923777,-0.14399542459801473,-0.10564289101122304
3230,6226,0.6033859828517817,-0.15730963527553854,20260706,False,oos,to_release,-0.1607903957902086,-0.1541719718793337,-0.006618423910874888
3230,6226,0.6033859828517817,-0.15730963527553854,20260706,False,oos,H5,0.09138588921864477,-0.07535541108879718,0.16674130030744194
3230,6226,0.6033859828517817,-0.15730963527553854,20260706,False,oos,H10,-0.20213077038182392,-0.1702386851111675,-0.03189208527065643
2059,5498,0.611933776959516,0.8405905419960011,20260810,True,oos,to_release,0.04027415335992046,0.04684934757485313,-0.006575194214932668
2059,5498,0.611933776959516,0.8405905419960011,20260810,True,oos,H5,0.04027415335992046,0.04684934757485313,-0.006575194214932668
2059,5498,0.611933776959516,0.8405905419960011,20260810,True,oos,H10,0.012212808182581414,0.02273422478962534,-0.010521416607043928
2455,4979,0.7679222742423363,-0.05224873606301983,20260824,False,oos,to_release,0.0348612875395069,0.030993251026630444,0.0038680365128764584
2455,4979,0.7679222742423363,-0.05224873606301983,20260824,False,oos,H5,0.0348612875395069,0.030993251026630444,0.0038680365128764584
2455,4979,0.7679222742423363,-0.05224873606301983,20260824,False,oos,H10,0.07584589298661593,0.06431713139614954,0.011528761590466383
2455,4979,0.7289317801874415,0.01696856723925433,20260810,True,oos,to_release,0.03630803618439993,-0.0028873898851420163,0.03919542606954195
2455,4979,0.7289317801874415,0.01696856723925433,20260810,True,oos,H5,0.03630803618439993,-0.0028873898851420163,0.03919542606954195
2455,4979,0.7289317801874415,0.01696856723925433,20260810,True,oos,H10,0.11499068337617846,0.0003753404032620338,0.11461534297291642
2486,8064,0.7280001393381549,0.28012786099611575,20260827,True,oos,to_release,0.02621400456833367,0.023931734133432706,0.0022822704349009654
2486,8064,0.7280001393381549,0.28012786099611575,20260827,True,oos,H5,0.02621400456833367,0.023931734133432706,0.0022822704349009654
2486,8064,0.7280001393381549,0.28012786099611575,20260827,True,oos,H10,0.2742562521180256,-0.023292339391910447,0.29754859150993607
2491,3049,0.6479690039162678,0.27510499459235715,20260811,True,oos,to_release,-0.016891913821312166,0.018655525505757272,-0.03554743932706944
2491,3049,0.6479690039162678,0.27510499459235715,20260811,True,oos,H5,-0.016891913821312166,0.018655525505757272,-0.03554743932706944
2491,3049,0.6479690039162678,0.27510499459235715,20260811,True,oos,H10,0.17791752261040994,0.012046161917912324,0.1658713606924976
3006,5351,0.8537289315929121,-0.059104419062814495,20260811,True,oos,to_release,0.18033897109853458,0.007087614955410361,0.17325135614312423
3006,5351,0.8537289315929121,-0.059104419062814495,20260811,True,oos,H5,0.18033897109853458,0.007087614955410361,0.17325135614312423
3006,5351,0.8537289315929121,-0.059104419062814495,20260811,True,oos,H10,-0.020660781226216174,-0.03634328166728324,0.015682500441067067
3026,6173,0.7566156745756106,0.01440101199046806,20260814,False,oos,to_release,-0.023333650273087647,-0.03755136783737973,0.014217717564292083
3026,6173,0.7566156745756106,0.01440101199046806,20260814,False,oos,H5,-0.023333650273087647,-0.03755136783737973,0.014217717564292083
3026,6173,0.7566156745756106,0.01440101199046806,20260814,False,oos,H10,0.014315619444276395,0.023601919331077168,-0.009286299886800773
3026,6173,0.7577009824652515,0.06558480113787502,20260803,False,oos,to_release,0.4319964806992529,0.16425561530253863,0.26774086539671427
3026,6173,0.7577009824652515,0.06558480113787502,20260803,False,oos,H5,0.10468299939656656,0.11299651214031349,-0.008313512743746934
3026,6173,0.7577009824652515,0.06558480113787502,20260803,False,oos,H10,0.4319964806992529,0.16425561530253863,0.26774086539671427
3037,3044,0.7860253635582043,0.22483494137914883,20260810,True,oos,to_release,0.20361484056899748,0.0459944735428883,0.15762036702610918
3037,3044,0.7860253635582043,0.22483494137914883,20260810,True,oos,H5,0.20361484056899748,0.0459944735428883,0.15762036702610918
3037,3044,0.7860253635582043,0.22483494137914883,20260810,True,oos,H10,0.1485638499400619,0.02158201682246562,0.12698183311759625
3189,6271,0.7271460331352372,0.3133973842858191,20260810,False,oos,to_release,-0.027874827785045575,0.010808084027010487,-0.03868291181205606
3189,6271,0.7271460331352372,0.3133973842858191,20260810,False,oos,H5,-0.027874827785045575,0.010808084027010487,-0.03868291181205606
3189,6271,0.7271460331352372,0.3133973842858191,20260810,False,oos,H10,-0.03539125952897548,-0.020691811881990214,-0.014699447646985268
3450,4971,0.7831491645642489,0.10377718414041848,20260811,False,oos,to_release,0.1706763817408059,0.0062965577826751586,0.16437982395813075
3450,4971,0.7831491645642489,0.10377718414041848,20260811,False,oos,H5,0.1706763817408059,0.0062965577826751586,0.16437982395813075
3450,4971,0.7831491645642489,0.10377718414041848,20260811,False,oos,H10,0.0793470186262748,-0.03704432994614698,0.11639134857242178
3653,3338,0.6176027740678375,0.3503629198704661,20260810,True,oos,to_release,-0.017074820268922375,0.04675633436318498,-0.06383115463210735
3653,3338,0.6176027740678375,0.3503629198704661,20260810,True,oos,H5,-0.017074820268922375,0.04675633436318498,-0.06383115463210735
3653,3338,0.6176027740678375,0.3503629198704661,20260810,True,oos,H10,-0.05250942706173556,0.02274259660760381,-0.07525202366933936
6213,6672,0.7230410226425816,0.34284871936878103,20260814,False,oos,to_release,0.06906677582854037,-0.039485644911184434,0.1085524207397248
6213,6672,0.7230410226425816,0.34284871936878103,20260814,False,oos,H5,0.06906677582854037,-0.039485644911184434,0.1085524207397248
6213,6672,0.7230410226425816,0.34284871936878103,20260814,False,oos,H10,0.06344010858733751,0.02154796004555211,0.0418921485417854
6213,3715,0.7417943569907234,0.6277813802358745,20260811,True,oos,to_release,-0.0835386837521419,0.035788271445750905,-0.11932695519789281
6213,3715,0.7417943569907234,0.6277813802358745,20260811,True,oos,H5,-0.0835386837521419,0.035788271445750905,-0.11932695519789281
6213,3715,0.7417943569907234,0.6277813802358745,20260811,True,oos,H10,-0.14330790002917615,-0.005446326761998145,-0.13786157326717802
6426,6442,0.6568648413386894,0.202900042417401,20260812,True,oos,to_release,-0.001081560888315014,-0.038635300420603,0.03755373953228799
6426,6442,0.6568648413386894,0.202900042417401,20260812,True,oos,H5,-0.001081560888315014,-0.038635300420603,0.03755373953228799
6426,6442,0.6568648413386894,0.202900042417401,20260812,True,oos,H10,0.09341072389251992,0.016191578466881507,0.07721914542563842
6451,2441,0.7049618345766745,-0.1340971360721277,20260811,True,oos,to_release,-0.07397560914781642,0.008629535578328434,-0.08260514472614486
6451,2441,0.7049618345766745,-0.1340971360721277,20260811,True,oos,H5,-0.07397560914781642,0.008629535578328434,-0.08260514472614486
6451,2441,0.7049618345766745,-0.1340971360721277,20260811,True,oos,H10,-0.11677505578384184,-0.03478622046927096,-0.08198883531457088
6531,6770,0.755840024210382,0.00987059614909569,20260811,False,oos,to_release,0.1206728051943915,0.0077860646886375555,0.11288674050575394
6531,6770,0.755840024210382,0.00987059614909569,20260811,False,oos,H5,0.1206728051943915,0.0077860646886375555,0.11288674050575394
6531,6770,0.755840024210382,0.00987059614909569,20260811,False,oos,H10,0.05343243688272792,-0.036340029815251744,0.08977246669797967
6531,2329,0.7309260799471765,-0.08510726766087096,20260803,True,oos,to_release,0.11328456360157713,0.14138781628860309,-0.02810325268702596
6531,2329,0.7309260799471765,-0.08510726766087096,20260803,True,oos,H5,0.09248693988594314,0.1182517050891806,-0.025764765203237464
6531,2329,0.7309260799471765,-0.08510726766087096,20260803,True,oos,H10,0.11328456360157713,0.14138781628860309,-0.02810325268702596
7711,2376,0.6954436387065293,0.1823307712574731,20260813,True,oos,to_release,-0.08890318409762943,-0.05123921362299528,-0.03766397047463415
7711,2376,0.6954436387065293,0.1823307712574731,20260813,True,oos,H5,-0.08890318409762943,-0.05123921362299528,-0.03766397047463415
7711,2376,0.6954436387065293,0.1823307712574731,20260813,True,oos,H10,-0.09662434355442917,-0.03983737657300501,-0.05678696698142416
7795,4989,0.6051899107547883,0.4938591393352998,20260818,True,oos,to_release,-0.07273926149647847,-0.04767352914285582,-0.025065732353622652
7795,4989,0.6051899107547883,0.4938591393352998,20260818,True,oos,H5,-0.07273926149647847,-0.04767352914285582,-0.025065732353622652
7795,4989,0.6051899107547883,0.4938591393352998,20260818,True,oos,H10,0.006077901276320796,0.029762224012364225,-0.02368432273604343
8021,1785,0.6045279692820257,0.04164056847762865,20260811,False,oos,to_release,-0.017103617186267073,0.005451505397054632,-0.022555122583321704
8021,1785,0.6045279692820257,0.04164056847762865,20260811,False,oos,H5,-0.017103617186267073,0.005451505397054632,-0.022555122583321704
8021,1785,0.6045279692820257,0.04164056847762865,20260811,False,oos,H10,-0.06346665411144314,-0.027409918683275403,-0.036056735428167744
8033,4541,0.611025332026642,-0.10934394307835116,20260818,False,oos,to_release,-0.08879639074414647,-0.0035775698363296835,-0.08521882090781678
8033,4541,0.611025332026642,-0.10934394307835116,20260818,False,oos,H5,-0.08879639074414647,-0.0035775698363296835,-0.08521882090781678
8033,4541,0.611025332026642,-0.10934394307835116,20260818,False,oos,H10,-0.08467950696738813,-0.007405431456877355,-0.07727407551051077
8046,3037,0.7671635960308748,0.07539662739429676,20260803,True,oos,to_release,0.30796624598649935,0.11670482217839205,0.1912614238081073
8046,3037,0.7671635960308748,0.07539662739429676,20260803,True,oos,H5,0.15360266200070538,0.11358250330671649,0.040020158693988894
8046,3037,0.7671635960308748,0.07539662739429676,20260803,True,oos,H10,0.23137362797828098,0.16668388535452028,0.0646897426237607
3163,3363,0.809996351575368,-0.12045311258317593,20260831,False,oos,to_release,0.07497079465166667,0.0307539415161395,0.04421685313552717
3163,3363,0.809996351575368,-0.12045311258317593,20260831,False,oos,H5,0.07497079465166667,0.0307539415161395,0.04421685313552717
3163,3363,0.809996351575368,-0.12045311258317593,20260831,False,oos,H10,-0.04124226422959454,-0.01099529327225612,-0.03024697095733842
3441,3362,0.6743126172824991,0.4208974569107755,20260831,True,oos,to_release,0.0022162711121733736,-0.008840917927932582,0.011057189040105955
3441,3362,0.6743126172824991,0.4208974569107755,20260831,True,oos,H5,0.0022162711121733736,-0.008840917927932582,0.011057189040105955
3441,3362,0.6743126172824991,0.4208974569107755,20260831,True,oos,H10,-0.1233747403053923,-0.05765493847343276,-0.06571980183195955
4979,6530,0.8077671952802961,0.2017723318689466,20260828,False,oos,to_release,0.06644309337565923,0.005239458018819956,0.06120363535683928
4979,6530,0.8077671952802961,0.2017723318689466,20260828,False,oos,H5,0.06644309337565923,0.005239458018819956,0.06120363535683928
4979,6530,0.8077671952802961,0.2017723318689466,20260828,False,oos,H10,0.05979168115086275,-0.011067549644273774,0.07085923079513652
3362,3630,0.7503419149840987,0.22047531798475695,20260827,False,oos,to_release,0.057566192942566374,0.0015266381338678507,0.05603955480869852
3362,3630,0.7503419149840987,0.22047531798475695,20260827,False,oos,H5,0.014590888282356218,0.02621004140384385,-0.011619153121487633
3362,3630,0.7503419149840987,0.22047531798475695,20260827,False,oos,H10,0.005248430747527788,-0.01791137839365572,0.02315980914118351
3234,6442,0.6977016854914805,0.4414476675998882,20260826,True,oos,to_release,0.007480240047514464,0.043707577480489576,-0.03622733743297511
3234,6442,0.6977016854914805,0.4414476675998882,20260826,True,oos,H5,0.007480240047514464,0.043707577480489576,-0.03622733743297511
3234,6442,0.6977016854914805,0.4414476675998882,20260826,True,oos,H10,0.07791198935174792,0.04275218442247331,0.03515980492927461
4971,4991,0.7826192642410932,0.2199432485795738,20260825,False,oos,to_release,0.2088495742651657,0.04632531930461477,0.16252425496055095
4971,4991,0.7826192642410932,0.2199432485795738,20260825,False,oos,H5,0.2088495742651657,0.04632531930461477,0.16252425496055095
4971,4991,0.7826192642410932,0.2199432485795738,20260825,False,oos,H10,0.14042412666525061,0.06448112077339387,0.07594300589185675
5475,4989,0.6619554163100675,0.16990952887462707,20260820,False,oos,to_release,0.0869622058228543,0.012729466379150475,0.07423273944370383
5475,4989,0.6619554163100675,0.16990952887462707,20260820,False,oos,H5,0.0869622058228543,0.012729466379150475,0.07423273944370383
5475,4989,0.6619554163100675,0.16990952887462707,20260820,False,oos,H10,0.015867294104789487,0.03910934244370235,-0.023242048338912864
3498,6215,0.6121492462097102,0.47382728604075464,20260819,True,oos,to_release,-0.04057258647779105,0.0009668851345989218,-0.041539471612389973
3498,6215,0.6121492462097102,0.47382728604075464,20260819,True,oos,H5,-0.04057258647779105,0.0009668851345989218,-0.041539471612389973
3498,6215,0.6121492462097102,0.47382728604075464,20260819,True,oos,H10,-0.018744868693418182,0.04302638439564209,-0.06177125308906027
5475,4989,0.6879328992369681,0.05218544840762118,20260817,True,oos,to_release,-0.058048151943194126,-0.03248945226737803,-0.025558699675816095
5475,4989,0.6879328992369681,0.05218544840762118,20260817,True,oos,H5,-0.058048151943194126,-0.03248945226737803,-0.025558699675816095
5475,4989,0.6879328992369681,0.05218544840762118,20260817,True,oos,H10,0.016516695479719345,0.032105385764473124,-0.015588690284753778
6716,2436,0.6012681018587606,0.2715276667608686,20260817,True,oos,to_release,-0.09529099304129673,-0.038546642846897725,-0.05674435019439901
6716,2436,0.6012681018587606,0.2715276667608686,20260817,True,oos,H5,-0.09529099304129673,-0.038546642846897725,-0.05674435019439901
6716,2436,0.6012681018587606,0.2715276667608686,20260817,True,oos,H10,-0.03363887370813623,-0.0032676751563411564,-0.030371198551795073
4979,3081,0.8185895513064857,-0.06945852568986943,20260814,False,oos,to_release,0.04545213967240569,-0.019721103775346478,0.06517324344775216
4979,3081,0.8185895513064857,-0.06945852568986943,20260814,False,oos,H5,0.04545213967240569,-0.019721103775346478,0.06517324344775216
4979,3081,0.8185895513064857,-0.06945852568986943,20260814,False,oos,H10,0.23837388776661061,0.029064017907638462,0.20930986985897215
4991,4971,0.7800633533397693,-0.05735990091190568,20260814,False,oos,to_release,0.21845314585813624,-0.06287236237206115,0.2813255082301974
4991,4971,0.7800633533397693,-0.05735990091190568,20260814,False,oos,H5,0.21845314585813624,-0.06287236237206115,0.2813255082301974
4991,4971,0.7800633533397693,-0.05735990091190568,20260814,False,oos,H10,0.14677943139589278,-0.01619684851388804,0.1629762799097808
3163,3363,0.821406517140651,-0.08136426167043653,20260813,True,oos,to_release,-0.0882361420344655,-0.03544622403393256,-0.05278991800053295
3163,3363,0.821406517140651,-0.08136426167043653,20260813,True,oos,H5,-0.10644107763444288,-0.0429750428560292,-0.06346603477841369
3163,3363,0.821406517140651,-0.08136426167043653,20260813,True,oos,H10,-0.0047968538679025174,0.010138446465077415,-0.014935300332979932
4931,3323,0.6922609200339377,0.21484016910979786,20260813,True,oos,to_release,-0.10065663618485898,-0.07037908802579661,-0.030277548159062376
4931,3323,0.6922609200339377,0.21484016910979786,20260813,True,oos,H5,-0.08848278354438355,-0.050250634048317894,-0.038232149496065654
4931,3323,0.6922609200339377,0.21484016910979786,20260813,True,oos,H10,-0.07478719932384825,-0.038142079579838624,-0.03664511974400963
1815,5340,0.9009103959944375,0.11943300909486076,20260811,True,oos,to_release,0.07406656584440396,0.03474814552208074,0.03931842032232322
1815,5340,0.9009103959944375,0.11943300909486076,20260811,True,oos,H5,0.07406656584440396,0.03474814552208074,0.03931842032232322
1815,5340,0.9009103959944375,0.11943300909486076,20260811,True,oos,H10,0.01902065434487832,-0.007319443056065019,0.026340097400943337
3081,4979,0.823280840000309,0.07192758146165223,20260811,True,oos,to_release,0.049409508864081575,0.0008242510316166148,0.04858525783246496
3081,4979,0.823280840000309,0.07192758146165223,20260811,True,oos,H5,0.049409508864081575,0.0008242510316166148,0.04858525783246496
3081,4979,0.823280840000309,0.07192758146165223,20260811,True,oos,H10,0.022697266820268513,-0.02364119533136268,0.04633846215163119
4971,4991,0.7846460338345479,0.004748291777455282,20260811,True,oos,to_release,0.004293254844781602,0.007183795303784229,-0.002890540459002627
4971,4991,0.7846460338345479,0.004748291777455282,20260811,True,oos,H5,0.004293254844781602,0.007183795303784229,-0.002890540459002627
4971,4991,0.7846460338345479,0.004748291777455282,20260811,True,oos,H10,-0.12099081316402416,-0.03619461298269578,-0.08479620018132838
5351,3006,0.8537289315929121,0.05563791615083202,20260811,True,oos,to_release,0.006653209033786522,0.007087614955410361,-0.00043440592162383856
5351,3006,0.8537289315929121,0.05563791615083202,20260811,True,oos,H5,0.006653209033786522,0.007087614955410361,-0.00043440592162383856
5351,3006,0.8537289315929121,0.05563791615083202,20260811,True,oos,H10,-0.0023994277380998685,-0.03634328166728324,0.03394385392918337
6217,1815,0.7211258324675405,-0.22526781405802487,20260811,False,oos,to_release,0.09930984853294311,0.034928047510020814,0.06438180102292229
6217,1815,0.7211258324675405,-0.22526781405802487,20260811,False,oos,H5,0.09930984853294311,0.034928047510020814,0.06438180102292229
6217,1815,0.7211258324675405,-0.22526781405802487,20260811,False,oos,H10,0.1885938971447556,-0.006261913296847458,0.19485581044160308
6274,2383,0.8070975093006872,-0.05909055778984995,20260810,True,oos,to_release,0.1476025937289691,0.04600530351058039,0.10159729021838873
6274,2383,0.8070975093006872,-0.05909055778984995,20260810,True,oos,H5,0.1476025937289691,0.04600530351058039,0.10159729021838873
6274,2383,0.8070975093006872,-0.05909055778984995,20260810,True,oos,H10,0.05918228034352535,0.023318262994891,0.035864017348634356
3362,4976,0.7252837993534401,0.08434725100039953,20260805,True,oos,to_release,0.027123453268101283,0.025482309077692923,0.0016411441904083598
3362,4976,0.7252837993534401,0.08434725100039953,20260805,True,oos,H5,-0.04412987529630885,0.001952334793749371,-0.04608221009005822
3362,4976,0.7252837993534401,0.08434725100039953,20260805,True,oos,H10,-0.014553021929949783,-0.003985705649352454,-0.01056731628059733
3624,2327,0.764094474550339,-0.13971921349306782,20260803,False,oos,to_release,0.15195650547422512,0.1668755309529315,-0.014919025478706383
3624,2327,0.764094474550339,-0.13971921349306782,20260803,False,oos,H5,0.03676085492680281,0.11385427841019427,-0.07709342348339146
3624,2327,0.764094474550339,-0.13971921349306782,20260803,False,oos,H10,0.15195650547422512,0.1668755309529315,-0.014919025478706383
6182,6488,0.8300282163978947,-0.005509913751178042,20260803,False,oos,to_release,0.14042412666525061,0.14135410330251802,-0.0009299766372674045
6182,6488,0.8300282163978947,-0.005509913751178042,20260803,False,oos,H5,0.0035732314654206565,0.1207722582743298,-0.11719902680890915
6182,6488,0.8300282163978947,-0.005509913751178042,20260803,False,oos,H10,0.14042412666525061,0.14135410330251802,-0.0009299766372674045
6739,3518,0.6178890044572661,-0.14839095465811192,20260803,True,oos,to_release,0.13448009788384385,0.1285534629943185,0.005926634889525356
6739,3518,0.6178890044572661,-0.14839095465811192,20260803,True,oos,H5,0.20864222442395364,0.10671578830511153,0.10192643611884211
6739,3518,0.6178890044572661,-0.14839095465811192,20260803,True,oos,H10,0.13448009788384385,0.1285534629943185,0.005926634889525356
7828,6223,0.69063926498878,-0.08270303871971207,20260803,True,oos,to_release,0.05106486632928853,0.14349800922614406,-0.09243314289685553
7828,6223,0.69063926498878,-0.08270303871971207,20260803,True,oos,H5,0.12898864090197715,0.12062728105468905,0.0083613598472881
7828,6223,0.69063926498878,-0.08270303871971207,20260803,True,oos,H10,0.05106486632928853,0.14349800922614406,-0.09243314289685553
