stock_id,start,release,first,per,rule,ret,bb,ma20_up,dev
1721,20211021,20211104,False,is,H5,0.5360688583197795,0.5667659061633962,True,
1721,20211021,20211104,False,is,H10,0.33883044460556655,0.5667659061633962,True,
1721,20211021,20211104,False,is,H20,0.9514649114451672,0.5667659061633962,True,
1721,20211021,20211104,False,is,S7,0.9514649114451672,0.5667659061633962,True,
2243,20211019,20211102,True,is,H5,-0.10606556328625849,0.6258437106476934,True,
2243,20211019,20211102,True,is,H10,-0.10115383561200708,0.6258437106476934,True,
2243,20211019,20211102,True,is,H20,-0.10606556328625849,0.6258437106476934,True,
2243,20211019,20211102,True,is,S7,-0.13553592933176628,0.6258437106476934,True,
4968,20211029,20211112,True,is,H5,0.1116274639350745,0.6270189867189941,True,
4968,20211029,20211112,True,is,H10,-0.03935477370386831,0.6270189867189941,True,
4968,20211029,20211112,True,is,H20,-0.12894862900609838,0.6270189867189941,True,
4968,20211029,20211112,True,is,S7,-0.08746999229210295,0.6270189867189941,True,
3675,20211026,20211111,True,is,H5,-0.050463271098835194,0.5552036617753658,True,0.277254550011393
3675,20211026,20211111,True,is,H10,-0.052401101157817265,0.5552036617753658,True,0.277254550011393
3675,20211026,20211111,True,is,H20,0.07937134285295655,0.5552036617753658,True,0.277254550011393
3675,20211026,20211111,True,is,S7,-0.060152421393745104,0.5552036617753658,True,0.277254550011393
4192,20211008,20211025,True,is,H5,-0.4118817297916805,0.3257724909267506,True,0.3018472822077496
4192,20211008,20211025,True,is,H10,-0.6134581445424709,0.3257724909267506,True,0.3018472822077496
4192,20211008,20211025,True,is,H20,-0.6857383288963178,0.3257724909267506,True,0.3018472822077496
4192,20211008,20211025,True,is,S7,-0.19549012197457372,0.3257724909267506,True,0.3018472822077496
6259,20211001,20211018,True,is,H5,0.1019742539361812,0.48920201270830005,True,
6259,20211001,20211018,True,is,H10,0.06667970487772701,0.48920201270830005,True,
6259,20211001,20211018,True,is,H20,0.1529552692428373,0.48920201270830005,True,
6259,20211001,20211018,True,is,S7,-0.10194980729044323,0.48920201270830005,True,
1236,20211122,20211206,True,is,H5,0.510247379169553,0.6673516612267021,True,
1236,20211122,20211206,True,is,H10,0.46870335741246216,0.6673516612267021,True,
1236,20211122,20211206,True,is,H20,0.49558478325528577,0.6673516612267021,True,
1236,20211122,20211206,True,is,S7,0.49558478325528577,0.6673516612267021,True,
1721,20211112,20211130,False,is,H5,0.05557828656485464,0.7155607196298684,True,
1721,20211112,20211130,False,is,H10,0.03506351421112064,0.7155607196298684,True,
1721,20211112,20211130,False,is,H20,0.05371330725996981,0.7155607196298684,True,
1721,20211112,20211130,False,is,S7,-0.06564536825266398,0.7155607196298684,True,
8427,20211119,20211203,True,is,H5,-0.0064755876834742265,0.6348603182740904,True,
8427,20211119,20211203,True,is,H10,-0.009186431918989935,0.6348603182740904,True,
8427,20211119,20211203,True,is,H20,0.0003015229053151547,0.6348603182740904,True,
8427,20211119,20211203,True,is,S7,0.0003015229053151547,0.6348603182740904,True,
9105,20211122,20211206,False,is,H5,0.04567922787240963,0.3690546576183499,False,
9105,20211122,20211206,False,is,H10,0.016694515799186904,0.3690546576183499,False,
9105,20211122,20211206,False,is,H20,0.043449634636007595,0.3690546576183499,False,
9105,20211122,20211206,False,is,S7,0.043449634636007595,0.3690546576183499,False,
9105,20211108,20211122,False,is,H5,-0.07779164372550407,0.8204667074669212,True,
9105,20211108,20211122,False,is,H10,-0.056591451627239664,0.8204667074669212,True,
9105,20211108,20211122,False,is,H20,-0.033271240319149076,0.8204667074669212,True,
9105,20211108,20211122,False,is,S7,-0.07779164372550407,0.8204667074669212,True,
8450,20211124,20211208,True,is,H5,0.33234121540977424,0.5645523788658163,True,
8450,20211124,20211208,True,is,H10,0.3606889008440246,0.5645523788658163,True,
8450,20211124,20211208,True,is,H20,0.8000780250749078,0.5645523788658163,True,
8450,20211124,20211208,True,is,S7,0.8000780250749078,0.5645523788658163,True,
3642,20211123,20211207,True,is,H5,0.21431500309861806,0.3030782261191909,False,
3642,20211123,20211207,True,is,H10,0.20557892393963506,0.3030782261191909,False,
3642,20211123,20211207,True,is,H20,0.15441046029416405,0.3030782261191909,False,
3642,20211123,20211207,True,is,S7,0.15441046029416405,0.3030782261191909,False,
5236,20211123,20211207,True,is,H5,-0.07870022338685823,0.5700677153702364,True,0.09216527493231719
5236,20211123,20211207,True,is,H10,-0.09346464288386369,0.5700677153702364,True,0.09216527493231719
5236,20211123,20211207,True,is,H20,-0.12004059797847355,0.5700677153702364,True,0.09216527493231719
5236,20211123,20211207,True,is,S7,-0.0816531072862593,0.5700677153702364,True,0.09216527493231719
4803,20211122,20211206,True,is,H5,0.6383508453538633,0.17455751955417179,False,
3228,20211117,20211201,True,is,H5,-0.09117320497792847,0.6578422601431999,True,-0.17598019474741855
3228,20211117,20211201,True,is,H10,-0.20626480784098544,0.6578422601431999,True,-0.17598019474741855
3228,20211117,20211201,True,is,H20,-0.09514188093872356,0.6578422601431999,True,-0.17598019474741855
3228,20211117,20211201,True,is,S7,-0.08522019103673573,0.6578422601431999,True,-0.17598019474741855
3508,20211116,20211202,True,is,H5,0.18528759721959975,0.7441681838930543,True,
3508,20211116,20211202,True,is,H10,0.2402112377484602,0.7441681838930543,True,
3508,20211116,20211202,True,is,H20,0.25792854114486663,0.7441681838930543,True,
3508,20211116,20211202,True,is,S7,-0.07515676270757687,0.7441681838930543,True,
5344,20211116,20211130,True,is,H5,0.4502601432227069,0.4210659349407022,True,-0.14541335061642802
5344,20211116,20211130,True,is,H10,0.4068391808507694,0.4210659349407022,True,-0.14541335061642802
5344,20211116,20211130,True,is,H20,0.7064438212171369,0.4210659349407022,True,-0.14541335061642802
5344,20211116,20211130,True,is,S7,0.7064438212171369,0.4210659349407022,True,-0.14541335061642802
6118,20211116,20211130,True,is,H5,0.37377244796752507,0.5614729760045035,True,
6118,20211116,20211130,True,is,H10,0.8374206491565646,0.5614729760045035,True,
6118,20211116,20211130,True,is,H20,0.7515598711585942,0.5614729760045035,True,
6118,20211116,20211130,True,is,S7,0.7515598711585942,0.5614729760045035,True,
4192,20211109,20211123,False,is,H5,-0.05170724189276077,0.279422367706473,False,
4192,20211109,20211123,False,is,H10,-0.19324347444608025,0.279422367706473,False,
4192,20211109,20211123,False,is,H20,-0.08850666235662374,0.279422367706473,False,
4192,20211109,20211123,False,is,S7,-0.07859912607789155,0.279422367706473,False,
8476,20211109,20211123,False,is,H5,-0.0025628558709730465,0.2544345868810987,True,
8476,20211109,20211123,False,is,H10,0.10631232535437851,0.2544345868810987,True,
8476,20211109,20211123,False,is,H20,0.0378263242610124,0.2544345868810987,True,
8476,20211109,20211123,False,is,S7,0.0378263242610124,0.2544345868810987,True,
4192,20211104,20211118,False,is,H5,-0.09901800890043277,0.29259877976042165,False,
4192,20211104,20211118,False,is,H10,-0.11398900875254059,0.29259877976042165,False,
4192,20211104,20211118,False,is,H20,-0.07043700918277296,0.29259877976042165,False,
4192,20211104,20211118,False,is,S7,-0.13848700851053475,0.29259877976042165,False,
4192,20211101,20211115,False,is,H5,-0.08374895364229862,0.21799817252345743,False,-0.5137660074141398
4192,20211101,20211115,False,is,H10,-0.07458644317872143,0.21799817252345743,False,-0.5137660074141398
4192,20211101,20211115,False,is,H20,-0.08374895364229862,0.21799817252345743,False,-0.5137660074141398
4192,20211101,20211115,False,is,S7,-0.08374895364229862,0.21799817252345743,False,-0.5137660074141398
1236,20211216,20211230,False,is,H5,-0.023121285335117037,0.6245615106761678,True,
1236,20211216,20211230,False,is,H10,-0.07748670945559755,0.6245615106761678,True,
1236,20211216,20211230,False,is,H20,-0.13015321407231284,0.6245615106761678,True,
1236,20211216,20211230,False,is,S7,-0.07748670945559755,0.6245615106761678,True,
2406,20211220,20220106,True,is,H5,-0.15702781624233997,0.5551862532480023,True,
2406,20211220,20220106,True,is,H10,-0.18620171695526455,0.5551862532480023,True,
2406,20211220,20220106,True,is,H20,-0.22305295996106378,0.5551862532480023,True,
2406,20211220,20220106,True,is,S7,-0.13861692214561494,0.5551862532480023,True,
2939,20211227,20220111,True,is,H5,-0.14659590353532537,0.6878521449045966,True,
2939,20211227,20220111,True,is,H10,-0.1896130205928943,0.6878521449045966,True,
2939,20211227,20220111,True,is,H20,-0.23401778658780426,0.6878521449045966,True,
2939,20211227,20220111,True,is,S7,-0.11190468010180199,0.6878521449045966,True,
9103,20211220,20220104,False,is,H5,0.03280389764718161,0.36429504481155445,False,
9103,20211220,20220104,False,is,H10,-0.004444767513864245,0.36429504481155445,False,
9103,20211220,20220104,False,is,H20,-0.062010886399116893,0.36429504481155445,False,
9103,20211220,20220104,False,is,S7,-0.09925955156016264,0.36429504481155445,False,
9103,20211202,20211216,True,is,H5,-0.10012579958716383,0.6025806709888922,True,
9103,20211202,20211216,True,is,H10,-0.08364458712539036,0.6025806709888922,True,
9103,20211202,20211216,True,is,H20,0.011946445152896334,0.6025806709888922,True,
9103,20211202,20211216,True,is,S7,-0.10012579958716383,0.6025806709888922,True,
5227,20211230,20220114,True,is,H5,0.030968894843412587,0.6039592836269405,True,0.39995978672966936
5227,20211230,20220114,True,is,H10,-0.08432225038638841,0.6039592836269405,True,0.39995978672966936
5227,20211230,20220114,True,is,H20,-0.09429936872358269,0.6039592836269405,True,0.39995978672966936
5227,20211230,20220114,True,is,S7,-0.12977356725582911,0.6039592836269405,True,0.39995978672966936
6158,20211230,20220114,True,is,H5,-0.08947824961967232,0.5762520412625831,True,
6158,20211230,20220114,True,is,H10,-0.09361228707883373,0.5762520412625831,True,
6158,20211230,20220114,True,is,H20,-0.01093153789560286,0.5762520412625831,True,
6158,20211230,20220114,True,is,S7,-0.07500911851260694,0.5762520412625831,True,
8080,20211230,20220114,True,is,H5,-0.015157152133923324,0.5880704052266669,True,
8080,20211230,20220114,True,is,H10,0.7792059950821788,0.5880704052266669,True,
8080,20211230,20220114,True,is,H20,0.7373423246096573,0.5880704052266669,True,
8080,20211230,20220114,True,is,S7,0.7373423246096573,0.5880704052266669,True,
8440,20211230,20220114,True,is,H5,0.022121261600995146,0.6309829993657862,True,
8440,20211230,20220114,True,is,H10,0.21681102571547028,0.6309829993657862,True,
8440,20211230,20220114,True,is,H20,0.4788934004849561,0.6309829993657862,True,
8440,20211230,20220114,True,is,S7,-0.09207177311999526,0.6309829993657862,True,
3491,20211223,20220111,True,is,H5,-0.015404818886718852,0.2928365349868795,True,
3491,20211223,20220111,True,is,H10,-0.10376592488406444,0.2928365349868795,True,
3491,20211223,20220111,True,is,H20,-0.17950401573893215,0.2928365349868795,True,
3491,20211223,20220111,True,is,S7,-0.08609370368459535,0.2928365349868795,True,
6446,20211217,20220103,False,is,H5,-0.13874219600801374,0.37784908808724565,True,
6446,20211217,20220103,False,is,H10,-0.16974747695172532,0.37784908808724565,True,
6446,20211217,20220103,False,is,H20,-0.0009409473692961745,0.37784908808724565,True,
6446,20211217,20220103,False,is,S7,-0.03539125952897548,0.37784908808724565,True,
6514,20211215,20211229,True,is,H5,-0.0650715284665454,0.5909491972151085,True,
6514,20211215,20211229,True,is,H10,-0.14775227764977628,0.5909491972151085,True,
6514,20211215,20211229,True,is,H20,-0.18082457732306834,0.5909491972151085,True,
6514,20211215,20211229,True,is,S7,-0.10577589729521286,0.5909491972151085,True,
6134,20211214,20211228,False,is,H5,0.00590143296968515,0.6152574955693523,True,
6134,20211214,20211228,False,is,H10,-0.10739121989038158,0.6152574955693523,True,
6134,20211214,20211228,False,is,H20,-0.30994475076141037,0.6152574955693523,True,
6134,20211214,20211228,False,is,S7,-0.10739121989038158,0.6152574955693523,True,
6446,20211214,20211228,False,is,H5,-0.04084538951012273,0.3851425294182717,True,
6446,20211214,20211228,False,is,H10,-0.0964485553356228,0.3851425294182717,True,
6446,20211214,20211228,False,is,H20,0.0008569848590025408,0.3851425294182717,True,
6446,20211214,20211228,False,is,S7,-0.026944598053747604,0.3851425294182717,True,
8121,20211214,20211228,False,is,H5,-0.0698415716886549,0.3882172921036333,False,
8121,20211214,20211228,False,is,H10,-0.1796888527463758,0.3882172921036333,False,
8121,20211214,20211228,False,is,H20,-0.24612874048290034,0.3882172921036333,False,
8121,20211214,20211228,False,is,S7,-0.07870022338685823,0.3882172921036333,False,
6556,20211210,20211224,True,is,H5,0.021934059904731074,0.6577735785728526,True,
6556,20211210,20211224,True,is,H10,-0.03476131096377,0.6577735785728526,True,
6556,20211210,20211224,True,is,H20,-0.06594376494144538,0.6577735785728526,True,
6556,20211210,20211224,True,is,S7,-0.06594376494144538,0.6577735785728526,True,
5344,20211209,20211223,False,is,H5,0.18936063613811638,0.6164479901989313,True,0.13056004586856162
5344,20211209,20211223,False,is,H10,0.08998846810568883,0.6164479901989313,True,0.13056004586856162
5344,20211209,20211223,False,is,H20,-0.13359890996727297,0.6164479901989313,True,0.13056004586856162
5344,20211209,20211223,False,is,S7,-0.15223119147335307,0.6164479901989313,True,0.13056004586856162
6134,20211209,20211223,True,is,H5,0.303365905943769,0.6382976079210513,True,
6134,20211209,20211223,True,is,H10,0.03244153223635626,0.6382976079210513,True,
6134,20211209,20211223,True,is,H20,-0.1670906078589678,0.6382976079210513,True,
6134,20211209,20211223,True,is,S7,-0.12132635554352644,0.6382976079210513,True,
8406,20211203,20211217,True,is,H5,-0.017155906325656334,0.6713124098438991,True,
8406,20211203,20211217,True,is,H10,0.0014938867231926167,0.6713124098438991,True,
8406,20211203,20211217,True,is,H20,0.003358866028077445,0.6713124098438991,True,
8406,20211203,20211217,True,is,S7,0.003358866028077445,0.6713124098438991,True,
2323,20220106,20220120,True,is,H5,-0.13985349640026157,0.5985747607006091,True,
2323,20220106,20220120,True,is,H10,-0.1358528149881697,0.5985747607006091,True,
2323,20220106,20220120,True,is,H20,-0.12785145216398608,0.5985747607006091,True,
2323,20220106,20220120,True,is,S7,-0.1358528149881697,0.5985747607006091,True,
2359,20220106,20220120,True,is,H5,-0.1357851501862739,0.5158729257901206,True,
2359,20220106,20220120,True,is,H10,-0.0246118806714013,0.5158729257901206,True,
2359,20220106,20220120,True,is,H20,-0.05397840469419779,0.5158729257901206,True,
2359,20220106,20220120,True,is,S7,-0.09383297301085014,0.5158729257901206,True,
2443,20220111,20220125,False,is,H5,0.026564181858991898,0.4241497429811953,True,
2443,20220111,20220125,False,is,H10,0.00804369404194838,0.4241497429811953,True,
2443,20220111,20220125,False,is,H20,-0.04222620146145584,0.4241497429811953,True,
2443,20220111,20220125,False,is,S7,-0.04222620146145584,0.4241497429811953,True,
3383,20220107,20220121,False,is,H5,-0.16357846756499195,0.5449185462089462,True,
3383,20220107,20220121,False,is,H10,-0.2627953665848689,0.5449185462089462,True,
3383,20220107,20220121,False,is,H20,-0.1601174129480195,0.5449185462089462,True,
3383,20220107,20220121,False,is,S7,-0.22703113554282017,0.5449185462089462,True,
3383,20220104,20220118,False,is,H5,0.16783169666018938,0.38650471921609775,True,
3383,20220104,20220118,False,is,H10,0.14994012470578522,0.38650471921609775,True,
3383,20220104,20220118,False,is,H20,0.04259069297936113,0.38650471921609775,True,
3383,20220104,20220118,False,is,S7,0.04259069297936113,0.38650471921609775,True,
4755,20220103,20220119,True,is,H5,-0.1742804127622095,0.4778283587583989,True,0.2819237236001282
4755,20220103,20220119,True,is,H10,-0.017622151151877707,0.4778283587583989,True,0.2819237236001282
4755,20220103,20220119,True,is,H20,-0.050259288987363426,0.4778283587583989,True,0.2819237236001282
4755,20220103,20220119,True,is,S7,-0.17754412654575802,0.4778283587583989,True,0.2819237236001282
6225,20220117,20220209,False,is,H5,-0.04001546250342902,0.5398507321596394,True,
6225,20220117,20220209,False,is,H10,0.018804399331620925,0.5398507321596394,True,
6225,20220117,20220209,False,is,H20,0.22633862882509947,0.5398507321596394,True,
6225,20220117,20220209,False,is,S7,-0.08218819363044605,0.5398507321596394,True,
9103,20220118,20220210,False,is,H5,-0.08663143501557458,0.26835265745697534,False,
9103,20220118,20220210,False,is,H10,-0.2478141229540025,0.26835265745697534,False,
9103,20220118,20220210,False,is,H20,-0.26930514801245975,0.26835265745697534,False,
9103,20220118,20220210,False,is,S7,-0.0794677599960888,0.26835265745697534,False,
9103,20220105,20220119,False,is,H5,-0.09306889555713982,0.5984051352119628,True,
9103,20220105,20220119,False,is,H10,-0.058973741254776724,0.5984051352119628,True,
9103,20220105,20220119,False,is,H20,-0.3528739713411472,0.5984051352119628,True,
9103,20220105,20220119,False,is,S7,-0.09306889555713982,0.5984051352119628,True,
4946,20220111,20220125,False,is,H5,0.05005891507260207,0.4175766172878135,True,
4946,20220111,20220125,False,is,H10,0.07739582404080148,0.4175766172878135,True,
4946,20220111,20220125,False,is,H20,0.26714613334948,0.4175766172878135,True,
4946,20220111,20220125,False,is,S7,-0.12843501995505302,0.4175766172878135,True,
6228,20220104,20220118,True,is,H5,0.17421834619854204,0.4964086011941771,True,
6228,20220104,20220118,True,is,H10,0.426053288664896,0.4964086011941771,True,
6228,20220104,20220118,True,is,H20,0.4017800411982595,0.4964086011941771,True,
6228,20220104,20220118,True,is,S7,0.4017800411982595,0.4964086011941771,True,
9103,20220221,20220308,False,is,H5,0.1322048536802758,0.21045212338197758,False,
9103,20220221,20220308,False,is,H10,0.15206809672729826,0.21045212338197758,False,
9103,20220221,20220308,False,is,H20,0.15703390748905388,0.21045212338197758,False,
9103,20220221,20220308,False,is,S7,0.15703390748905388,0.21045212338197758,False,
9955,20220225,20220316,True,is,H5,0.4032104289954004,0.3390658140514954,True,0.17653248830667523
9955,20220225,20220316,True,is,H10,0.25944716715027316,0.3390658140514954,True,0.17653248830667523
9955,20220225,20220316,True,is,H20,0.3363908847575241,0.3390658140514954,True,0.17653248830667523
9955,20220225,20220316,True,is,S7,0.3363908847575241,0.3390658140514954,True,0.17653248830667523
2743,20220224,20220315,True,is,H5,-0.07179800916932821,0.5635947142340992,True,
2743,20220224,20220315,True,is,H10,0.05477498958030891,0.5635947142340992,True,
2743,20220224,20220315,True,is,H20,0.5869259843234067,0.5635947142340992,True,
2743,20220224,20220315,True,is,S7,-0.10990600879287471,0.5635947142340992,True,
5301,20220224,20220311,True,is,H5,-0.033940720069620456,0.6708407716271557,True,
5301,20220224,20220311,True,is,H10,-0.0698415716886549,0.6708407716271557,True,
5301,20220224,20220311,True,is,H20,-0.1710166989786609,0.6708407716271557,True,
5301,20220224,20220311,True,is,S7,-0.07963271303930064,0.6708407716271557,True,
2745,20220223,20220310,True,is,H5,-0.010874472961351023,0.45132883043920113,True,-0.10891994914841574
2745,20220223,20220310,True,is,H10,0.03021227970025442,0.45132883043920113,True,-0.10891994914841574
2745,20220223,20220310,True,is,H20,0.07434249552197891,0.45132883043920113,True,-0.10891994914841574
2745,20220223,20220310,True,is,S7,0.07434249552197891,0.45132883043920113,True,-0.10891994914841574
8440,20220216,20220307,False,is,H5,0.6343267292321102,0.39698504880274693,True,
8440,20220216,20220307,False,is,H10,1.0210327083422985,0.39698504880274693,True,
8440,20220216,20220307,False,is,H20,0.9786926376368035,0.39698504880274693,True,
8440,20220216,20220307,False,is,S7,0.9786926376368035,0.39698504880274693,True,
1432,20220324,20220411,True,is,H5,-0.048402975943188875,0.4286548034183911,True,
1432,20220324,20220411,True,is,H10,-0.11110510543530439,0.4286548034183911,True,
1432,20220324,20220411,True,is,H20,-0.2623278883280534,0.4286548034183911,True,
1432,20220324,20220411,True,is,S7,-0.10741674487694464,0.4286548034183911,True,
1435,20220304,20220318,False,is,H5,0.10757753593369435,0.6949863006898105,True,
1435,20220304,20220318,False,is,H10,-0.24037061687906813,0.6949863006898105,True,
1435,20220304,20220318,False,is,H20,0.01800672431852779,0.6949863006898105,True,
1435,20220304,20220318,False,is,S7,-0.06122899364873513,0.6949863006898105,True,
2497,20220303,20220317,False,is,H5,-0.11379080487100324,0.09170920211942454,True,
2497,20220303,20220317,False,is,H10,0.0066180531628279304,0.09170920211942454,True,
2497,20220303,20220317,False,is,H20,-0.0608109073361176,0.09170920211942454,True,
2497,20220303,20220317,False,is,S7,-0.10223155449975552,0.09170920211942454,True,
9103,20220322,20220407,False,is,H5,-0.10151220200884092,0.7475787751565607,True,
9103,20220322,20220407,False,is,H10,-0.08873749398053066,0.7475787751565607,True,
9103,20220322,20220407,False,is,H20,-0.1773088029768154,0.7475787751565607,True,
9103,20220322,20220407,False,is,S7,-0.10151220200884092,0.7475787751565607,True,
9105,20220317,20220331,True,is,H5,-0.042416421224282796,0.6893049220801059,True,
9105,20220317,20220331,True,is,H10,-0.05106277408004534,0.6893049220801059,True,
9105,20220317,20220331,True,is,H20,-0.10510247942856232,0.6893049220801059,True,
9105,20220317,20220331,True,is,S7,-0.09213295014491807,0.6893049220801059,True,
8440,20220325,20220414,False,is,H5,0.1590279406849775,0.6140438519562477,True,
8440,20220325,20220414,False,is,H10,0.16287853185004386,0.6140438519562477,True,
8440,20220325,20220414,False,is,H20,-0.17982408184086307,0.6140438519562477,True,
8440,20220325,20220414,False,is,S7,-0.1528699436853984,0.6140438519562477,True,
1760,20220421,20220510,True,is,H5,-0.15350661550501932,0.38194984312222735,True,
1760,20220421,20220510,True,is,H10,-0.16138097257008888,0.38194984312222735,True,
1760,20220421,20220510,True,is,H20,-0.177129686700228,0.38194984312222735,True,
1760,20220421,20220510,True,is,S7,-0.10626047311460174,0.38194984312222735,True,
4106,20220425,20220510,True,is,H5,-0.06386713217126205,0.25772869086219136,True,-0.031798637141709496
4106,20220425,20220510,True,is,H10,-0.07705210214068092,0.25772869086219136,True,-0.031798637141709496
4106,20220425,20220510,True,is,H20,-0.10012579958716383,0.25772869086219136,True,-0.031798637141709496
4106,20220425,20220510,True,is,S7,-0.09023707211009968,0.25772869086219136,True,-0.031798637141709496
4133,20220418,20220505,False,is,H5,-0.18890185051250707,0.18553800033638262,True,0.2118823484275445
4133,20220418,20220505,False,is,H10,-0.17401931565952566,0.18553800033638262,True,0.2118823484275445
4133,20220418,20220505,False,is,H20,-0.21287926777564403,0.18553800033638262,True,0.2118823484275445
4133,20220418,20220505,False,is,S7,-0.13350574855974262,0.18553800033638262,True,0.2118823484275445
4133,20220413,20220429,True,is,H5,-0.04513059589893009,0.5379542087434533,True,0.2030819289514616
4133,20220413,20220429,True,is,H10,-0.295037822753507,0.5379542087434533,True,0.2030819289514616
4133,20220413,20220429,True,is,H20,-0.31070364891454005,0.5379542087434533,True,0.2030819289514616
4133,20220413,20220429,True,is,S7,-0.10480993365524693,0.5379542087434533,True,0.2030819289514616
4148,20220418,20220505,True,is,H5,-0.19817518058277017,0.4971035873265948,True,
4148,20220418,20220505,True,is,H10,-0.17914076350461638,0.4971035873265948,True,
4148,20220418,20220505,True,is,H20,-0.25884738501938553,0.4971035873265948,True,
4148,20220418,20220505,True,is,S7,-0.14345123148307792,0.4971035873265948,True,
6598,20220419,20220504,True,is,H5,-0.22662810152628776,0.3734691224219293,True,-0.19322923216726184
6598,20220419,20220504,True,is,H10,-0.22879440936514972,0.3734691224219293,True,-0.19322923216726184
6598,20220419,20220504,True,is,H20,-0.24612487207604528,0.3734691224219293,True,-0.19322923216726184
6598,20220419,20220504,True,is,S7,-0.12264532526091476,0.3734691224219293,True,-0.19322923216726184
9103,20220426,20220511,False,is,H5,-0.11931067162131814,0.12441560154787289,False,
9103,20220426,20220511,False,is,H10,-0.10005509367057586,0.12441560154787289,False,
9103,20220426,20220511,False,is,H20,-0.018978975983240498,0.12441560154787289,False,
9103,20220426,20220511,False,is,S7,-0.11120305985258461,0.12441560154787289,False,
9103,20220412,20220426,False,is,H5,-0.03617869523548245,0.5371593050726837,False,
9103,20220412,20220426,False,is,H10,-0.07492053199562487,0.5371593050726837,False,
9103,20220412,20220426,False,is,H20,-0.16090851114618465,0.5371593050726837,False,
9103,20220412,20220426,False,is,S7,-0.0975986803430251,0.5371593050726837,False,
6492,20220421,20220506,True,is,H5,-0.07203017975526993,0.38504527247724746,True,
6492,20220421,20220506,True,is,H10,-0.03817970832495887,0.38504527247724746,True,
6492,20220421,20220506,True,is,H20,-0.08953904428818937,0.38504527247724746,True,
6492,20220421,20220506,True,is,S7,-0.07203017975526993,0.38504527247724746,True,
8409,20220421,20220506,False,is,H5,-0.20241172438390298,0.6432316759548453,True,
8409,20220421,20220506,False,is,H10,-0.16195434808453568,0.6432316759548453,True,
8409,20220421,20220506,False,is,H20,-0.01939026017247958,0.6432316759548453,True,
8409,20220421,20220506,False,is,S7,-0.12149697178516838,0.6432316759548453,True,
6578,20220420,20220505,True,is,H5,0.292239611624737,0.3743114160171247,True,
6578,20220420,20220505,True,is,H10,0.16156369584246022,0.3743114160171247,True,
6578,20220420,20220505,True,is,H20,0.07202649428793717,0.3743114160171247,True,
6578,20220420,20220505,True,is,S7,0.07202649428793717,0.3743114160171247,True,
4736,20220419,20220504,False,is,H5,-0.21069717790029274,0.5782941373061461,True,0.15544441152957433
4736,20220419,20220504,False,is,H10,-0.256725636208483,0.5782941373061461,True,0.15544441152957433
4736,20220419,20220504,False,is,H20,-0.23115427048171067,0.5782941373061461,True,0.15544441152957433
4736,20220419,20220504,False,is,S7,-0.1305735652897393,0.5782941373061461,True,0.15544441152957433
5309,20220414,20220428,True,is,H5,-0.01644786207342941,0.06524042108105763,False,0.12911026545107074
5309,20220414,20220428,True,is,H10,-0.0521462500582488,0.06524042108105763,False,0.12911026545107074
5309,20220414,20220428,True,is,H20,-0.0029070942171188774,0.06524042108105763,False,0.12911026545107074
5309,20220414,20220428,True,is,S7,-0.0029070942171188774,0.06524042108105763,False,0.12911026545107074
1453,20220503,20220517,False,is,H5,0.17782636663435247,0.717076098063882,True,
1453,20220503,20220517,False,is,H10,0.20777110476912397,0.717076098063882,True,
1453,20220503,20220517,False,is,H20,0.11793689036480881,0.717076098063882,True,
1453,20220503,20220517,False,is,S7,0.11793689036480881,0.717076098063882,True,
1539,20220531,20220617,True,is,H5,-0.17319250816769316,0.5849974073714735,True,
1539,20220531,20220617,True,is,H10,-0.11492226588617838,0.5849974073714735,True,
1539,20220531,20220617,True,is,H20,-0.13854533708138705,0.5849974073714735,True,
1539,20220531,20220617,True,is,S7,-0.08342483762589992,0.5849974073714735,True,
4944,20220525,20220609,False,is,H5,-0.00783100980123197,0.6073790831159162,True,
4944,20220525,20220609,False,is,H10,-0.16492443324937012,0.6073790831159162,True,
4944,20220525,20220609,False,is,H20,-0.2567000648427563,0.6073790831159162,True,
4944,20220525,20220609,False,is,S7,-0.1070479088211087,0.6073790831159162,True,
4116,20220510,20220526,True,is,H5,0.002522057922581311,0.7625814152341271,True,
4116,20220510,20220526,True,is,H10,0.26307426230521447,0.7625814152341271,True,
4116,20220510,20220526,True,is,H20,0.5653766833421341,0.7625814152341271,True,
4116,20220510,20220526,True,is,S7,0.5653766833421341,0.7625814152341271,True,
6241,20220506,20220520,False,is,H5,-0.07121958417504215,0.33930610852651055,False,
6241,20220506,20220520,False,is,H10,-0.03539125952897548,0.33930610852651055,False,
6241,20220506,20220520,False,is,H20,-0.25587325735092403,0.33930610852651055,False,
6241,20220506,20220520,False,is,S7,-0.11807200871220624,0.33930610852651055,False,
2364,20220607,20220621,True,is,H5,0.17520706252854068,0.3497454331594406,True,
2364,20220607,20220621,True,is,H10,0.3958791310382668,0.3497454331594406,True,
2364,20220607,20220621,True,is,H20,0.6182618357379905,0.3497454331594406,True,
2364,20220607,20220621,True,is,S7,-0.09336281930112567,0.3497454331594406,True,
8467,20220623,20220707,True,is,H5,0.21500908425410636,0.5668687790145343,True,
8467,20220623,20220707,True,is,H10,0.35965819607124416,0.5668687790145343,True,
8467,20220623,20220707,True,is,H20,0.12185415910818254,0.5668687790145343,True,
8467,20220623,20220707,True,is,S7,0.12185415910818254,0.5668687790145343,True,
9105,20220607,20220621,False,is,H5,0.005054301759790825,-0.09678975949702963,False,
9105,20220607,20220621,False,is,H10,-0.08771994147957429,-0.09678975949702963,False,
9105,20220607,20220621,False,is,H20,-0.07998875454296062,-0.09678975949702963,False,
9105,20220607,20220621,False,is,S7,-0.08771994147957429,-0.09678975949702963,False,
4911,20220623,20220707,False,is,H5,0.247160046145102,0.40772373083991215,True,
4911,20220623,20220707,False,is,H10,0.3559240036577562,0.40772373083991215,True,
4911,20220623,20220707,False,is,H20,0.34142214265606907,0.40772373083991215,True,
4911,20220623,20220707,False,is,S7,0.34142214265606907,0.40772373083991215,True,
3252,20220615,20220701,True,is,H5,-0.2331518300944635,0.6832760948873614,True,
3252,20220615,20220701,True,is,H10,-0.22936492555172006,0.6832760948873614,True,
3252,20220615,20220701,True,is,H20,-0.12143814608353365,0.6832760948873614,True,
3252,20220615,20220701,True,is,S7,-0.14415957333999385,0.6832760948873614,True,
2745,20220608,20220622,True,is,H5,-0.10023890594719564,0.5948246840861201,True,0.005286477810399148
2745,20220608,20220622,True,is,H10,-0.21891009889253854,0.5948246840861201,True,0.005286477810399148
2745,20220608,20220622,True,is,H20,-0.1440110672794942,0.5948246840861201,True,0.005286477810399148
2745,20220608,20220622,True,is,S7,-0.10023890594719564,0.5948246840861201,True,0.005286477810399148
8097,20220607,20220621,True,is,H5,-0.03942874834259402,0.4626594981744244,True,
8097,20220607,20220621,True,is,H10,-0.10262422542531813,0.4626594981744244,True,
8097,20220607,20220621,True,is,H20,-0.03563701971763067,0.4626594981744244,True,
8097,20220607,20220621,True,is,S7,-0.08872122046711883,0.4626594981744244,True,
9103,20220728,20220811,True,is,H5,0.0319087361346333,0.2944425854038867,False,
9103,20220728,20220811,True,is,H10,-0.0012077188119210547,0.2944425854038867,False,
9103,20220728,20220811,True,is,H20,-0.014454300790542662,0.2944425854038867,False,
9103,20220728,20220811,True,is,S7,-0.014454300790542662,0.2944425854038867,False,
3675,20220704,20220720,True,is,H5,-0.05146807187015923,0.41742656215223567,False,
3675,20220704,20220720,True,is,H10,-0.0560614468247832,0.41742656215223567,False,
3675,20220704,20220720,True,is,H20,0.010542490017263706,0.41742656215223567,False,
3675,20220704,20220720,True,is,S7,-0.15481900834919748,0.41742656215223567,False,
1539,20220823,20220906,True,is,H5,-0.18770460271255573,0.4849296224561196,True,
1539,20220823,20220906,True,is,H10,-0.179684760990395,0.4849296224561196,True,
1539,20220823,20220906,True,is,H20,-0.23926072806930476,0.4849296224561196,True,
1539,20220823,20220906,True,is,S7,-0.12698294395905152,0.4849296224561196,True,
2468,20220823,20220906,True,is,H5,-0.1070479088211087,0.5183950775284163,True,
2468,20220823,20220906,True,is,H10,-0.05743945931117034,0.5183950775284163,True,
2468,20220823,20220906,True,is,H20,-0.05247861436017642,0.5183950775284163,True,
2468,20220823,20220906,True,is,S7,-0.11200875377210262,0.5183950775284163,True,
3043,20220831,20220915,False,is,H5,-0.12319949703364674,0.7589236890314907,True,
3043,20220831,20220915,False,is,H10,-0.23972166913838588,0.7589236890314907,True,
3043,20220831,20220915,False,is,H20,-0.20049638347936471,0.7589236890314907,True,
3043,20220831,20220915,False,is,S7,-0.11050896343808114,0.7589236890314907,True,
3043,20220826,20220912,False,is,H5,0.004808085615312763,0.58195192135714,True,
3043,20220826,20220912,False,is,H10,-0.0697625773423014,0.58195192135714,True,
3043,20220826,20220912,False,is,H20,-0.03942874834259402,0.58195192135714,True,
3043,20220826,20220912,False,is,S7,-0.13801369259164353,0.58195192135714,True,
3432,20220811,20220825,True,is,H5,0.25089786519391155,0.5789062401559903,True,
3432,20220811,20220825,True,is,H10,0.005667888024601719,0.5789062401559903,True,
3432,20220811,20220825,True,is,H20,-0.02582954023567685,0.5789062401559903,True,
3432,20220811,20220825,True,is,S7,-0.02582954023567685,0.5789062401559903,True,
4770,20220829,20220913,True,is,H5,-0.02284319534756818,0.6001344321871158,True,0.23943481746466522
4770,20220829,20220913,True,is,H10,-0.02420793948814426,0.6001344321871158,True,0.23943481746466522
4770,20220829,20220913,True,is,H20,-0.15112914456171422,0.6001344321871158,True,0.23943481746466522
4770,20220829,20220913,True,is,S7,-0.10745733206328167,0.6001344321871158,True,0.23943481746466522
8478,20220824,20220912,True,is,H5,-0.17083020104817237,0.45186928310175734,True,
8478,20220824,20220912,True,is,H10,-0.0911023357643429,0.45186928310175734,True,
8478,20220824,20220912,True,is,H20,-0.03617869523548234,0.45186928310175734,True,
8478,20220824,20220912,True,is,S7,-0.08578714474542093,0.45186928310175734,True,
9103,20220819,20220902,False,is,H5,-0.0038463953827628794,0.39441422981386887,False,
9103,20220819,20220902,False,is,H10,0.01474847190342543,0.39441422981386887,False,
9103,20220819,20220902,False,is,H20,-0.209718140336992,0.39441422981386887,False,
9103,20220819,20220902,False,is,S7,-0.13401046638608205,0.39441422981386887,False,
9912,20220808,20220822,True,is,H5,-0.042576227356830865,0.5691664423410834,True,
9912,20220808,20220822,True,is,H10,-0.12364840165322821,0.5691664423410834,True,
9912,20220808,20220822,True,is,H20,-0.050297386813630496,0.5691664423410834,True,
9912,20220808,20220822,True,is,S7,-0.12364840165322821,0.5691664423410834,True,
9928,20220826,20220912,True,is,H5,-0.10054188265587094,0.6659929240430729,True,
9928,20220826,20220912,True,is,H10,-0.2078913143822949,0.6659929240430729,True,
9928,20220826,20220912,True,is,H20,-0.229035899419318,0.6659929240430729,True,
9928,20220826,20220912,True,is,S7,-0.10054188265587094,0.6659929240430729,True,
2230,20220829,20220913,False,is,H5,0.0020906801007556375,0.6297742667104322,True,
2230,20220829,20220913,False,is,H10,-0.10137837173425868,0.6297742667104322,True,
2230,20220829,20220913,False,is,H20,-0.1906735808521478,0.6297742667104322,True,
2230,20220829,20220913,False,is,S7,-0.11271744590795874,0.6297742667104322,True,
6767,20220826,20220912,True,is,H5,0.0645590023591931,0.45975314878105,True,
6767,20220826,20220912,True,is,H10,-0.04757454588930865,0.45975314878105,True,
6767,20220826,20220912,True,is,H20,-0.13415867808118964,0.45975314878105,True,
6767,20220826,20220912,True,is,S7,-0.09299572998996741,0.45975314878105,True,
3520,20220825,20220908,True,is,H5,-0.15665635833104707,0.6023334695861223,True,
3520,20220825,20220908,True,is,H10,-0.1665780482330349,0.6023334695861223,True,
3520,20220825,20220908,True,is,H20,-0.1943587799586003,0.6023334695861223,True,
3520,20220825,20220908,True,is,S7,-0.10307923286031362,0.6023334695861223,True,
6649,20220825,20220908,True,is,H5,0.15825259117818335,0.38631191057793535,True,
6649,20220825,20220908,True,is,H10,0.17991566956680272,0.38631191057793535,True,
6649,20220825,20220908,True,is,H20,0.012387863361479567,0.38631191057793535,True,
6649,20220825,20220908,True,is,S7,0.012387863361479567,0.38631191057793535,True,
6461,20220824,20220907,True,is,H5,-0.03930845238368019,0.5593289267387018,True,
6461,20220824,20220907,True,is,H10,0.10800597890217745,0.5593289267387018,True,
6461,20220824,20220907,True,is,H20,-0.009090107504529765,0.5593289267387018,True,
6461,20220824,20220907,True,is,S7,-0.03175386616389253,0.5593289267387018,True,
6472,20220819,20220906,True,is,H5,-0.063681582097189,0.4049259826300684,True,
6472,20220819,20220906,True,is,H10,-0.011116337583347069,0.4049259826300684,True,
6472,20220819,20220906,True,is,H20,0.0841581680979917,0.4049259826300684,True,
6472,20220819,20220906,True,is,S7,0.0841581680979917,0.4049259826300684,True,
4413,20220818,20220901,True,is,H5,-0.13914749379812763,0.5189643246207268,True,
4413,20220818,20220901,True,is,H10,-0.15191437418671472,0.5189643246207268,True,
4413,20220818,20220901,True,is,H20,-0.41272350212499376,0.5189643246207268,True,
4413,20220818,20220901,True,is,S7,-0.13002829352056544,0.5189643246207268,True,
6512,20220809,20220823,True,is,H5,-0.048209980332577285,0.6403453411354654,True,
6512,20220809,20220823,True,is,H10,-0.042441555970956446,0.6403453411354654,True,
6512,20220809,20220823,True,is,H20,-0.10781703206932491,0.6403453411354654,True,
6512,20220809,20220823,True,is,S7,-0.12319949703364674,0.6403453411354654,True,
2364,20220913,20220927,False,is,H5,0.49089223261251047,0.270224368726833,False,
2364,20220913,20220927,False,is,H10,0.12938385054540613,0.270224368726833,False,
2364,20220913,20220927,False,is,H20,0.22701750117666775,0.270224368726833,False,
2364,20220913,20220927,False,is,S7,-0.11997777066146498,0.270224368726833,False,
6666,20220902,20220919,True,is,H5,0.005949115062639843,0.681509976129356,True,
6666,20220902,20220919,True,is,H10,-0.043659334447298415,0.681509976129356,True,
6666,20220902,20220919,True,is,H20,0.07760576435477318,0.681509976129356,True,
6666,20220902,20220919,True,is,S7,-0.14287623346717526,0.681509976129356,True,
9105,20220916,20220930,True,is,H5,0.011899623526584469,0.07274449191570842,False,
9105,20220916,20220930,True,is,H10,0.09364081874182406,0.07274449191570842,False,
9105,20220916,20220930,True,is,H20,0.0739101854140074,0.07274449191570842,False,
9105,20220916,20220930,True,is,S7,0.0739101854140074,0.07274449191570842,False,
4304,20220929,20221014,True,is,H5,-0.08772274568230787,0.21377562486602808,True,
4304,20220929,20221014,True,is,H10,-0.10931510673124734,0.21377562486602808,True,
4304,20220929,20221014,True,is,H20,-0.12766861362284587,0.21377562486602808,True,
4304,20220929,20221014,True,is,S7,-0.09528007204943656,0.21377562486602808,True,
5703,20220928,20221013,True,is,H5,-0.19553865659559344,0.5908334866478849,True,
5703,20220928,20221013,True,is,H10,-0.125818673500545,0.5908334866478849,True,
5703,20220928,20221013,True,is,H20,-0.015875623235275915,0.5908334866478849,True,
5703,20220928,20221013,True,is,S7,-0.0909586819530207,0.5908334866478849,True,
8426,20220921,20221005,False,is,H5,-0.017558156763964883,0.6757904372603117,True,
8426,20220921,20221005,False,is,H10,0.05247730136771289,0.6757904372603117,True,
8426,20220921,20221005,False,is,H20,0.07387702468572566,0.6757904372603117,True,
8426,20220921,20221005,False,is,S7,0.07387702468572566,0.6757904372603117,True,
3205,20220913,20220927,True,is,H5,-0.03279123596975453,0.008356962722585152,False,
3205,20220913,20220927,True,is,H10,-0.16175240450712058,0.008356962722585152,False,
3205,20220913,20220927,True,is,H20,-0.25743327148645656,0.008356962722585152,False,
3205,20220913,20220927,True,is,S7,-0.1045518862042566,0.008356962722585152,False,
3373,20220908,20220923,True,is,H5,-0.2879331396872786,0.6703375419946852,True,
3373,20220908,20220923,True,is,H10,-0.1360705391466509,0.6703375419946852,True,
3373,20220908,20220923,True,is,H20,-0.2575606195791531,0.6703375419946852,True,
3373,20220908,20220923,True,is,S7,-0.12425900354904651,0.6703375419946852,True,
4168,20220907,20220922,True,is,H5,-0.15793775739587934,0.5850672156166824,True,
4168,20220907,20220922,True,is,H10,-0.2152956202978994,0.5850672156166824,True,
4168,20220907,20220922,True,is,H20,-0.331231726163684,0.5850672156166824,True,
4168,20220907,20220922,True,is,S7,-0.11156331504956563,0.5850672156166824,True,
6683,20220902,20220919,True,is,H5,-0.12077881895332387,0.5881062256062246,True,
6683,20220902,20220919,True,is,H10,-0.19829202131260248,0.5881062256062246,True,
6683,20220902,20220919,True,is,H20,-0.28466387537008464,0.5881062256062246,True,
6683,20220902,20220919,True,is,S7,-0.12077881895332387,0.5881062256062246,True,
2364,20221006,20221025,False,is,H5,0.33583843876109354,0.37634348040230575,True,
2364,20221006,20221025,False,is,H10,0.2711061796140801,0.37634348040230575,True,
2364,20221006,20221025,False,is,H20,0.47118770788666686,0.37634348040230575,True,
2364,20221006,20221025,False,is,S7,0.47118770788666686,0.37634348040230575,True,
2540,20221012,20221026,True,is,H5,-0.16488832811872256,0.6497209531345897,True,
2540,20221012,20221026,True,is,H10,-0.22771125544571869,0.6497209531345897,True,
2540,20221012,20221026,True,is,H20,-0.1973829457016517,0.6497209531345897,True,
2540,20221012,20221026,True,is,S7,-0.12047901742205269,0.6497209531345897,True,
3686,20221017,20221031,True,is,H5,0.02508454911531488,0.3040876419633775,False,0.07943830285958486
3686,20221017,20221031,True,is,H10,0.029786771817678748,0.3040876419633775,False,0.07943830285958486
3686,20221017,20221031,True,is,H20,0.18496012099568504,0.3040876419633775,False,0.07943830285958486
3686,20221017,20221031,True,is,S7,0.18496012099568504,0.3040876419633775,False,0.07943830285958486
6550,20221004,20221021,True,is,H5,-0.11914753065280104,0.3284634926912562,False,-0.21606157453421526
6550,20221004,20221021,True,is,H10,-0.08526858952406258,0.3284634926912562,False,-0.21606157453421526
6550,20221004,20221021,True,is,H20,0.0018486876641217176,0.3284634926912562,False,-0.21606157453421526
6550,20221004,20221021,True,is,S7,-0.05138964839532423,0.3284634926912562,False,-0.21606157453421526
6247,20221021,20221104,True,is,H5,-0.0045886274803209615,0.6720082419232668,True,
6247,20221021,20221104,True,is,H10,-0.0045886274803209615,0.6720082419232668,True,
6247,20221021,20221104,True,is,H20,-0.0045886274803209615,0.6720082419232668,True,
6247,20221021,20221104,True,is,S7,-0.0045886274803209615,0.6720082419232668,True,
3228,20221019,20221102,False,is,H5,0.09896495789377435,0.3045017120889603,False,
3228,20221019,20221102,False,is,H10,0.2608814250442677,0.3045017120889603,False,
3228,20221019,20221102,False,is,H20,0.33667211179556267,0.3045017120889603,False,
3228,20221019,20221102,False,is,S7,0.33667211179556267,0.3045017120889603,False,
3228,20221014,20221028,False,is,H5,0.321536564813933,0.151182930479111,False,-0.5171417807760301
3228,20221014,20221028,False,is,H10,0.5451812142439831,0.151182930479111,False,-0.5171417807760301
3228,20221014,20221028,False,is,H20,0.7606933309674859,0.151182930479111,False,-0.5171417807760301
3228,20221014,20221028,False,is,S7,0.7606933309674859,0.151182930479111,False,-0.5171417807760301
3228,20221007,20221024,True,is,H5,-0.28237640160965816,0.23754787605264568,False,-0.28905138401928954
3228,20221007,20221024,True,is,H10,-0.05132334909761638,0.23754787605264568,False,-0.28905138401928954
3228,20221007,20221024,True,is,H20,0.11177292326382493,0.23754787605264568,False,-0.28905138401928954
3228,20221007,20221024,True,is,S7,-0.20626480784098544,0.23754787605264568,False,-0.28905138401928954
1810,20221129,20221215,True,is,H5,-0.09030349513261571,0.6148433572173205,True,
1810,20221129,20221215,True,is,H10,-0.09530182757694194,0.6148433572173205,True,
1810,20221129,20221215,True,is,H20,-0.13528848713155228,0.6148433572173205,True,
1810,20221129,20221215,True,is,S7,-0.07530849779963689,0.6148433572173205,True,
9103,20221116,20221130,False,is,H5,-0.05917402048284637,0.37175471363442336,False,
9103,20221116,20221130,False,is,H10,-0.04252223323475535,0.37175471363442336,False,
9103,20221116,20221130,False,is,H20,0.17533864992777137,0.37175471363442336,False,
9103,20221116,20221130,False,is,S7,-0.0813764034803014,0.37175471363442336,False,
9103,20221101,20221115,False,is,H5,-0.10979304041454419,0.6687478549821632,True,
9103,20221101,20221115,False,is,H10,-0.09541377968702569,0.6687478549821632,True,
9103,20221101,20221115,False,is,H20,-0.10848583489386054,0.6687478549821632,True,
9103,20221101,20221115,False,is,S7,-0.10979304041454419,0.6687478549821632,True,
9105,20221103,20221117,True,is,H5,0.02665614761209434,0.32060633267403066,False,
9105,20221103,20221117,True,is,H10,0.02930900587465768,0.32060633267403066,False,
9105,20221103,20221117,True,is,H20,0.058490446762857085,0.32060633267403066,False,
9105,20221103,20221117,True,is,S7,0.058490446762857085,0.32060633267403066,False,
6556,20221110,20221124,True,is,H5,0.33849212828701747,0.5946203758024117,True,
6556,20221110,20221124,True,is,H10,0.27297153459464574,0.5946203758024117,True,
6556,20221110,20221124,True,is,H20,0.05768958389113954,0.5946203758024117,True,
6556,20221110,20221124,True,is,S7,0.05768958389113954,0.5946203758024117,True,
3272,20221107,20221123,True,is,H5,-0.06716660627390325,0.5619182299273084,True,
3272,20221107,20221123,True,is,H10,-0.09829347655464893,0.5619182299273084,True,
3272,20221107,20221123,True,is,H20,-0.15373821424222733,0.5619182299273084,True,
3272,20221107,20221123,True,is,S7,-0.07203017975526993,0.5619182299273084,True,
9103,20221202,20221216,False,is,H5,0.05028174533898144,0.5147018667292395,False,
9103,20221202,20221216,False,is,H10,0.17642894552139632,0.5147018667292395,False,
9103,20221202,20221216,False,is,H20,0.10555973193577017,0.5147018667292395,False,
9103,20221202,20221216,False,is,S7,0.10555973193577017,0.5147018667292395,False,
9105,20221209,20221223,False,is,H5,-0.04531850313367913,0.45909159905646324,True,
9105,20221209,20221223,False,is,H10,-0.032822672022863375,0.45909159905646324,True,
9105,20221209,20221223,False,is,H20,0.0196598186425625,0.45909159905646324,True,
9105,20221209,20221223,False,is,S7,0.0196598186425625,0.45909159905646324,True,
4747,20221227,20230111,True,is,H5,0.033691480978011557,0.28255134274746485,True,-0.12837678927717266
4747,20221227,20230111,True,is,H10,0.09051173151802927,0.28255134274746485,True,-0.12837678927717266
4747,20221227,20230111,True,is,H20,0.2434893291257687,0.28255134274746485,True,-0.12837678927717266
4747,20221227,20230111,True,is,S7,0.2434893291257687,0.28255134274746485,True,-0.12837678927717266
3228,20221216,20221230,False,is,H5,-0.06619389157763,0.23297944738867365,False,
3228,20221216,20221230,False,is,H10,-0.039665308951994604,0.23297944738867365,False,
3228,20221216,20221230,False,is,H20,0.08501902938849226,0.23297944738867365,False,
3228,20221216,20221230,False,is,S7,-0.1351682064042823,0.23297944738867365,False,
3693,20221216,20230104,True,is,H5,-0.021805220930791958,0.5853655969410253,True,0.2912160768865457
3693,20221216,20230104,True,is,H10,0.28562742391953044,0.5853655969410253,True,0.2912160768865457
3693,20221216,20230104,True,is,H20,0.17383373488304943,0.5853655969410253,True,0.2912160768865457
3693,20221216,20230104,True,is,S7,0.17383373488304943,0.5853655969410253,True,0.2912160768865457
4979,20221206,20221222,True,is,H5,-0.1402603453574235,0.4819700043657535,True,0.24930884743826254
4979,20221206,20221222,True,is,H10,-0.16863806011946458,0.4819700043657535,True,0.24930884743826254
4979,20221206,20221222,True,is,H20,0.04051620794150468,0.4819700043657535,True,0.24930884743826254
4979,20221206,20221222,True,is,S7,-0.10662749823204154,0.4819700043657535,True,0.24930884743826254
4943,20230105,20230131,False,is,H5,-0.01853786940769353,0.5269499320140354,True,
4943,20230105,20230131,False,is,H10,0.024289569018152823,0.5269499320140354,True,
4943,20230105,20230131,False,is,H20,0.020720615815998933,0.5269499320140354,True,
4943,20230105,20230131,False,is,S7,0.020720615815998933,0.5269499320140354,True,
8940,20230223,20230313,True,is,H5,0.05744326586973991,0.5280753444879028,True,0.22934030609286804
8940,20230223,20230313,True,is,H10,0.031333555601351204,0.5280753444879028,True,0.22934030609286804
8940,20230223,20230313,True,is,H20,0.03350936479038347,0.5280753444879028,True,0.22934030609286804
8940,20230223,20230313,True,is,S7,0.03350936479038347,0.5280753444879028,True,0.22934030609286804
9103,20230224,20230314,True,is,H5,-0.00783100980123197,0.3875201599776435,False,
9103,20230224,20230314,True,is,H10,-0.03168797279045277,0.3875201599776435,False,
9103,20230224,20230314,True,is,H20,-0.013444412857519183,0.3875201599776435,False,
9103,20230224,20230314,True,is,S7,-0.013444412857519183,0.3875201599776435,False,
6874,20230224,20230314,False,is,H5,0.17574210732805562,0.6455386836090841,True,
6874,20230224,20230314,False,is,H10,0.2587870888865429,0.6455386836090841,True,
6874,20230224,20230314,False,is,H20,0.1320342222972728,0.6455386836090841,True,
6874,20230224,20230314,False,is,S7,0.1320342222972728,0.6455386836090841,True,
2719,20230223,20230313,True,is,H5,-0.0354502750530179,0.4800087393753154,True,
2719,20230223,20230313,True,is,H10,0.06440399162651556,0.4800087393753154,True,
2719,20230223,20230313,True,is,H20,0.06227943276099346,0.4800087393753154,True,
2719,20230223,20230313,True,is,S7,0.06227943276099346,0.4800087393753154,True,
6472,20230214,20230306,True,is,H5,-0.05696699788726611,0.7066461080068426,True,
6472,20230214,20230306,True,is,H10,0.11500896041385378,0.7066461080068426,True,
6472,20230214,20230306,True,is,H20,0.4362827286686928,0.7066461080068426,True,
6472,20230214,20230306,True,is,S7,-0.07397560914781642,0.7066461080068426,True,
2429,20230313,20230327,True,is,H5,0.28883081451069215,0.7112316951090989,True,-0.2540864238453957
2429,20230313,20230327,True,is,H10,0.19653602472475984,0.7112316951090989,True,-0.2540864238453957
2429,20230313,20230327,True,is,H20,0.417384271712526,0.7112316951090989,True,-0.2540864238453957
2429,20230313,20230327,True,is,S7,0.417384271712526,0.7112316951090989,True,-0.2540864238453957
2739,20230306,20230320,False,is,H5,0.04906757028185171,0.5145111851422932,True,0.09336679598379716
2739,20230306,20230320,False,is,H10,0.008171715847135497,0.5145111851422932,True,0.09336679598379716
2739,20230306,20230320,False,is,H20,0.26243724559341475,0.5145111851422932,True,0.09336679598379716
2739,20230306,20230320,False,is,S7,0.26243724559341475,0.5145111851422932,True,0.09336679598379716
8033,20230307,20230321,True,is,H5,-0.03023482570894609,0.7538200699241724,True,
8033,20230307,20230321,True,is,H10,-0.03983646109796635,0.7538200699241724,True,
8033,20230307,20230321,True,is,H20,0.14419488385825674,0.7538200699241724,True,
8033,20230307,20230321,True,is,S7,-0.07984327521888457,0.7538200699241724,True,
8996,20230303,20230321,True,is,H5,-0.08321140536048122,0.7028435457738793,False,
8996,20230303,20230321,True,is,H10,-0.050614477551076176,0.7028435457738793,False,
8996,20230303,20230321,True,is,H20,-0.13904873540436968,0.7028435457738793,False,
8996,20230303,20230321,True,is,S7,-0.08932332932474463,0.7028435457738793,False,
9105,20230316,20230330,False,is,H5,-0.010362053143575523,0.2756917586257722,False,
9105,20230316,20230330,False,is,H10,0.004824206910486906,0.2756917586257722,False,
9105,20230316,20230330,False,is,H20,-0.01795518317060707,0.2756917586257722,False,
9105,20230316,20230330,False,is,S7,-0.01795518317060707,0.2756917586257722,False,
3629,20230329,20230417,True,is,H5,0.46675935639436594,0.7805009802895053,True,
3629,20230329,20230417,True,is,H10,0.5303819779495726,0.7805009802895053,True,
3629,20230329,20230417,True,is,H20,0.42721015921139927,0.7805009802895053,True,
3629,20230329,20230417,True,is,S7,0.42721015921139927,0.7805009802895053,True,
6874,20230327,20230413,False,is,H5,0.06033327196814908,0.6622446245461033,True,
6874,20230327,20230413,False,is,H10,0.25725230819080513,0.6622446245461033,True,
6874,20230327,20230413,False,is,H20,0.22317016730611505,0.6622446245461033,True,
6874,20230327,20230413,False,is,S7,0.22317016730611505,0.6622446245461033,True,
8227,20230315,20230331,False,is,H5,-0.17711102708632986,0.47023922944295016,True,
8227,20230315,20230331,False,is,H10,-0.1512488022233287,0.47023922944295016,True,
8227,20230315,20230331,False,is,H20,-0.1441954681697829,0.47023922944295016,True,
8227,20230315,20230331,False,is,S7,-0.07366212763432567,0.47023922944295016,True,
6752,20230307,20230321,True,is,H5,-0.11629964538566306,0.743523146646985,True,
6752,20230307,20230321,True,is,H10,-0.14098007654264033,0.743523146646985,True,
6752,20230307,20230321,True,is,H20,-0.05963349288190567,0.743523146646985,True,
6752,20230307,20230321,True,is,S7,-0.10034837544677622,0.743523146646985,True,
6874,20230303,20230317,False,is,H5,0.474599783598169,0.4704327597437659,True,
6874,20230303,20230317,False,is,H10,0.2697942580984234,0.4704327597437659,True,
6874,20230303,20230317,False,is,H20,0.20607698349850234,0.4704327597437659,True,
6874,20230303,20230317,False,is,S7,0.20607698349850234,0.4704327597437659,True,
5701,20230301,20230315,True,is,H5,-0.055189911481364096,0.5015709886736924,True,
5701,20230301,20230315,True,is,H10,-0.0978129229934831,0.5015709886736924,True,
5701,20230301,20230315,True,is,H20,-0.12386031891755567,0.5015709886736924,True,
5701,20230301,20230315,True,is,S7,-0.05755785656537071,0.5015709886736924,True,
6791,20230301,20230315,True,is,H5,0.09808973374701524,0.5110555626380932,True,0.23140327884481882
6791,20230301,20230315,True,is,H10,0.12624588076616905,0.5110555626380932,True,0.23140327884481882
6791,20230301,20230315,True,is,H20,0.34076890567401086,0.5110555626380932,True,0.23140327884481882
6791,20230301,20230315,True,is,S7,-0.06816561055656245,0.5110555626380932,True,0.23140327884481882
1810,20230421,20230508,True,is,H5,-0.14644285402017754,0.6351254625084536,True,
1810,20230421,20230508,True,is,H10,-0.157385894353252,0.6351254625084536,True,
1810,20230421,20230508,True,is,H20,-0.14826669407568982,0.6351254625084536,True,
1810,20230421,20230508,True,is,S7,-0.0680177316331424,0.6351254625084536,True,
2482,20230410,20230424,True,is,H5,0.16312242329259763,0.3462070814485143,True,
2482,20230410,20230424,True,is,H10,0.046490641836059776,0.3462070814485143,True,
2482,20230410,20230424,True,is,H20,0.04489294619966877,0.3462070814485143,True,
2482,20230410,20230424,True,is,S7,0.04489294619966877,0.3462070814485143,True,
3494,20230417,20230502,False,is,H5,-0.05150282229966452,0.377513523171948,False,
3494,20230417,20230502,False,is,H10,-0.05423231058081657,0.377513523171948,False,
3494,20230417,20230502,False,is,H20,0.024922849572592387,0.377513523171948,False,
3494,20230417,20230502,False,is,S7,-0.09790412307924923,0.377513523171948,False,
4763,20230413,20230427,False,is,H5,0.2151283138389406,0.5992173155351633,True,
4763,20230413,20230427,False,is,H10,0.1816844152929149,0.5992173155351633,True,
4763,20230413,20230427,False,is,H20,0.25972017856697516,0.5992173155351633,True,
4763,20230413,20230427,False,is,S7,0.25972017856697516,0.5992173155351633,True,
9105,20230417,20230502,False,is,H5,0.004889105457726917,0.3036249905671352,False,
9105,20230417,20230502,False,is,H10,-0.028183194215565588,0.3036249905671352,False,
9105,20230417,20230502,False,is,H20,-0.030727217267357276,0.3036249905671352,False,
9105,20230417,20230502,False,is,S7,-0.030727217267357276,0.3036249905671352,False,
4741,20230428,20230515,True,is,H5,0.035371543826041796,0.4068372731557323,True,
4741,20230428,20230515,True,is,H10,-0.034646387914711974,0.4068372731557323,True,
4741,20230428,20230515,True,is,H20,0.0845330703674223,0.4068372731557323,True,
4741,20230428,20230515,True,is,S7,0.0845330703674223,0.4068372731557323,True,
6874,20230427,20230516,False,is,H5,0.058313589545352595,0.4946578763392046,True,
6874,20230427,20230516,False,is,H10,0.031254435267204395,0.4946578763392046,True,
6874,20230427,20230516,False,is,H20,-0.06796246375267234,0.4946578763392046,True,
6874,20230427,20230516,False,is,S7,-0.06796246375267234,0.4946578763392046,True,
4728,20230425,20230510,False,is,H5,-0.15433820648478835,0.6484992767568025,True,
4728,20230425,20230510,False,is,H10,-0.08386639035852061,0.6484992767568025,True,
4728,20230425,20230510,False,is,H20,-0.16731985682383765,0.6484992767568025,True,
4728,20230425,20230510,False,is,S7,-0.10241160512859115,0.6484992767568025,True,
6791,20230425,20230510,True,is,H5,0.05076164710027009,0.6539261948004907,True,
6791,20230425,20230510,True,is,H10,0.027324584339669222,0.6539261948004907,True,
6791,20230425,20230510,True,is,H20,-0.10548543797040211,0.6539261948004907,True,
6791,20230425,20230510,True,is,S7,-0.054705135322433596,0.6539261948004907,True,
1584,20230420,20230509,True,is,H5,-0.12273974714679292,0.5559742645093853,True,
1584,20230420,20230509,True,is,H10,-0.0918503016237926,0.5559742645093853,True,
1584,20230420,20230509,True,is,H20,-0.01771563236859186,0.5559742645093853,True,
1584,20230420,20230509,True,is,S7,-0.08567241251919255,0.5559742645093853,True,
6465,20230418,20230503,True,is,H5,-0.04648694448430091,0.6826603359077335,True,
6465,20230418,20230503,True,is,H10,-0.09802819072839275,0.6826603359077335,True,
6465,20230418,20230503,True,is,H20,-0.06796246375267245,0.6826603359077335,True,
6465,20230418,20230503,True,is,S7,-0.11520860614308992,0.6826603359077335,True,
4804,20230414,20230428,True,is,H5,-0.08744040871762648,0.3578119331905663,False,
4804,20230414,20230428,True,is,H10,-0.10365713812652166,0.3578119331905663,False,
4804,20230414,20230428,True,is,H20,-0.15083307822512582,0.3578119331905663,False,
4804,20230414,20230428,True,is,S7,-0.08006916807721953,0.3578119331905663,False,
5314,20230414,20230428,True,is,H5,-0.001590953259101302,0.5518397433277613,True,
5314,20230414,20230428,True,is,H10,-0.08479170715417617,0.5518397433277613,True,
5314,20230414,20230428,True,is,H20,-0.04319133020663879,0.5518397433277613,True,
5314,20230414,20230428,True,is,S7,-0.04319133020663879,0.5518397433277613,True,
3664,20230413,20230427,False,is,H5,0.5143631955665409,0.6221560422408703,True,
3664,20230413,20230427,False,is,H10,0.29852292401452796,0.6221560422408703,True,
3664,20230413,20230427,False,is,H20,0.026981937223286456,0.6221560422408703,True,
3664,20230413,20230427,False,is,S7,0.026981937223286456,0.6221560422408703,True,
8227,20230412,20230426,False,is,H5,0.09439246191621686,0.18161097994073433,False,
8227,20230412,20230426,False,is,H10,0.07635302573078495,0.18161097994073433,False,
8227,20230412,20230426,False,is,H20,0.19060278823852173,0.18161097994073433,False,
8227,20230412,20230426,False,is,S7,0.19060278823852173,0.18161097994073433,False,
3664,20230410,20230424,True,is,H5,0.24342065684799374,0.6345942316158307,True,
3664,20230410,20230424,True,is,H10,0.4451555716758395,0.6345942316158307,True,
3664,20230410,20230424,True,is,H20,0.46349510938746197,0.6345942316158307,True,
3664,20230410,20230424,True,is,S7,0.46349510938746197,0.6345942316158307,True,
1727,20230502,20230516,True,is,H5,0.10451554706984267,0.5086735443361498,True,0.22393913027795098
1727,20230502,20230516,True,is,H10,0.08827267137763939,0.5086735443361498,True,0.22393913027795098
1727,20230502,20230516,True,is,H20,0.030069033480576213,0.5086735443361498,True,0.22393913027795098
1727,20230502,20230516,True,is,S7,0.030069033480576213,0.5086735443361498,True,0.22393913027795098
2424,20230509,20230523,True,is,H5,0.43056924168194466,0.5991417064135376,True,
2424,20230509,20230523,True,is,H10,0.18918286839566134,0.5991417064135376,True,
2424,20230509,20230523,True,is,H20,0.6098341218430816,0.5991417064135376,True,
2424,20230509,20230523,True,is,S7,0.6098341218430816,0.5991417064135376,True,
8033,20230515,20230529,False,is,H5,0.08349187697213378,0.2152553017129234,False,-0.04698904774060142
8033,20230515,20230529,False,is,H10,0.12992724312808224,0.2152553017129234,False,-0.04698904774060142
8033,20230515,20230529,False,is,H20,0.07110911266388098,0.2152553017129234,False,-0.04698904774060142
8033,20230515,20230529,False,is,S7,0.07110911266388098,0.2152553017129234,False,-0.04698904774060142
9103,20230525,20230608,True,is,H5,0.0012714579987567198,0.353567674129406,False,
9103,20230525,20230608,True,is,H10,-0.010865165734561533,0.353567674129406,False,
9103,20230525,20230608,True,is,H20,-0.04879211490118118,0.353567674129406,False,
9103,20230525,20230608,True,is,S7,-0.04879211490118118,0.353567674129406,False,
9105,20230524,20230607,False,is,H5,-0.03574369238994424,0.9780302730969178,False,
9105,20230524,20230607,False,is,H10,-0.03066865919199646,0.9780302730969178,False,
9105,20230524,20230607,False,is,H20,-0.033206175790970294,0.9780302730969178,False,
9105,20230524,20230607,False,is,S7,-0.033206175790970294,0.9780302730969178,False,
9105,20230509,20230523,False,is,H5,-0.02068293972608637,0.4525280873128852,False,
9105,20230509,20230523,False,is,H10,0.007591306108593487,0.4525280873128852,False,
9105,20230509,20230523,False,is,H20,-0.012971781771173752,0.4525280873128852,False,
9105,20230509,20230523,False,is,S7,-0.012971781771173752,0.4525280873128852,False,
6198,20230519,20230602,True,is,H5,0.43747318265018387,0.6201128452049341,True,
6198,20230519,20230602,True,is,H10,0.21560232184982908,0.6201128452049341,True,
6198,20230519,20230602,True,is,H20,0.28278856843021827,0.6201128452049341,True,
6198,20230519,20230602,True,is,S7,0.28278856843021827,0.6201128452049341,True,
4160,20230511,20230525,True,is,H5,-0.07352256394681245,0.5176434268205935,True,0.11274704669520408
4160,20230511,20230525,True,is,H10,-0.10297050201207258,0.5176434268205935,True,0.11274704669520408
4160,20230511,20230525,True,is,H20,-0.1460097961074529,0.5176434268205935,True,0.11274704669520408
4160,20230511,20230525,True,is,S7,-0.10523572801709258,0.5176434268205935,True,0.11274704669520408
3664,20230509,20230523,False,is,H5,-0.19432894028972225,0.7613477906706213,True,
3664,20230509,20230523,False,is,H10,-0.140866200216355,0.7613477906706213,True,
3664,20230509,20230523,False,is,H20,-0.16697591048474358,0.7613477906706213,True,
3664,20230509,20230523,False,is,S7,-0.15702935419202413,0.7613477906706213,True,
6111,20230509,20230525,True,is,H5,-0.07397560914781642,0.5904542231859061,True,
6111,20230509,20230525,True,is,H10,0.026381713998725687,0.5904542231859061,True,
6111,20230509,20230525,True,is,H20,0.06629655843200943,0.5904542231859061,True,
6111,20230509,20230525,True,is,S7,-0.09108197104779525,0.5904542231859061,True,
6148,20230508,20230524,True,is,H5,-0.13095559533192225,0.7200351006892489,True,
6148,20230508,20230524,True,is,H10,-0.12617405802975956,0.7200351006892489,True,
6148,20230508,20230524,True,is,H20,0.13083357196148748,0.7200351006892489,True,
6148,20230508,20230524,True,is,S7,-0.07835868500813226,0.7200351006892489,True,
6752,20230508,20230522,True,is,H5,-0.03848791680175567,0.5519360273948128,True,
6752,20230508,20230522,True,is,H10,-0.03012694216524925,0.5519360273948128,True,
6752,20230508,20230522,True,is,H20,-0.1917724518043744,0.5519360273948128,True,
6752,20230508,20230522,True,is,S7,-0.0802927899842879,0.5519360273948128,True,
2432,20230613,20230629,True,is,H5,-0.11317713810418994,,False,0.0777928251815363
2432,20230613,20230629,True,is,H10,-0.12945790338737428,,False,0.0777928251815363
2432,20230613,20230629,True,is,H20,-0.08253099168878397,,False,0.0777928251815363
2432,20230613,20230629,True,is,S7,-0.11317713810418994,,False,0.0777928251815363
2468,20230621,20230707,True,is,H5,-0.23499841473535577,0.5996393959542068,True,
2468,20230621,20230707,True,is,H10,-0.24850566583954692,0.5996393959542068,True,
2468,20230621,20230707,True,is,H20,-0.2607849850251752,0.5996393959542068,True,
2468,20230621,20230707,True,is,S7,-0.09501417601919304,0.5996393959542068,True,
2722,20230627,20230713,True,is,H5,-0.11158724407038412,0.13972458638790566,True,0.23824878978475406
2722,20230627,20230713,True,is,H10,-0.12066591456893505,0.13972458638790566,True,0.23824878978475406
2722,20230627,20230713,True,is,H20,-0.20885871369771425,0.13972458638790566,True,0.23824878978475406
2722,20230627,20230713,True,is,S7,-0.09732076185837579,0.13972458638790566,True,0.23824878978475406
6235,20230620,20230710,True,is,H5,0.016666989956762412,0.6610326577879634,True,
6235,20230620,20230710,True,is,H10,-0.27730900713916895,0.6610326577879634,True,
6235,20230620,20230710,True,is,H20,-0.2528110073811747,0.6610326577879634,True,
6235,20230620,20230710,True,is,S7,-0.17931700810719176,0.6610326577879634,True,
9105,20230608,20230626,False,is,H5,-0.002676885176822741,0.4892811079718297,False,
9105,20230608,20230626,False,is,H10,-0.020716321362255097,0.4892811079718297,False,
9105,20230608,20230626,False,is,H20,0.05659554800388289,0.4892811079718297,False,
9105,20230608,20230626,False,is,S7,0.05659554800388289,0.4892811079718297,False,
3089,20230630,20230714,True,is,S7,-0.18104946333869631,0.48014083927691165,True,
3073,20230629,20230713,True,is,H5,-0.03887671484004618,0.5287085656820112,True,
3073,20230629,20230713,True,is,H10,-0.07121599092214415,0.5287085656820112,True,
3073,20230629,20230713,True,is,H20,-0.09450026970125469,0.5287085656820112,True,
3073,20230629,20230713,True,is,S7,-0.09708741178782265,0.5287085656820112,True,
9950,20230629,20230713,True,is,H5,-0.05120451756948419,0.5548507977168277,True,
9950,20230629,20230713,True,is,H10,-0.02409607521432655,0.5548507977168277,True,
9950,20230629,20230713,True,is,H20,-0.02409607521432655,0.5548507977168277,True,
9950,20230629,20230713,True,is,S7,-0.08915633686670477,0.5548507977168277,True,
5703,20230614,20230630,True,is,H5,-0.08017666533655876,0.6116048314509513,True,0.12219592020427372
5703,20230614,20230630,True,is,H10,-0.20567423106110538,0.6116048314509513,True,0.12219592020427372
5703,20230614,20230630,True,is,H20,-0.22782086030661364,0.6116048314509513,True,0.12219592020427372
5703,20230614,20230630,True,is,S7,-0.08017666533655876,0.6116048314509513,True,0.12219592020427372
6577,20230614,20230630,True,is,H5,-0.06805524167457011,0.5936313536297118,True,
6577,20230614,20230630,True,is,H10,-0.1386043308562147,0.5936313536297118,True,
6577,20230614,20230630,True,is,H20,-0.03321618528857262,0.5936313536297118,True,
6577,20230614,20230630,True,is,S7,-0.04192594938507199,0.5936313536297118,True,
8034,20230614,20230630,True,is,H5,-0.07525997030017739,0.5024833357923543,True,
8034,20230614,20230630,True,is,H10,-0.10509029383888147,0.5024833357923543,True,
8034,20230614,20230630,True,is,H20,-0.12497717619801729,0.5024833357923543,True,
8034,20230614,20230630,True,is,S7,-0.11006201442866559,0.5024833357923543,True,
2745,20230612,20230628,False,is,H5,-0.07870022338685823,0.673167098884836,True,0.015559798859782425
2745,20230612,20230628,False,is,H10,-0.08755887508506155,0.673167098884836,True,0.015559798859782425
2745,20230612,20230628,False,is,H20,-0.26916123489822885,0.673167098884836,True,0.015559798859782425
2745,20230612,20230628,False,is,S7,-0.07870022338685823,0.673167098884836,True,0.015559798859782425
2356,20230720,20230804,True,is,H5,0.040005709369066,0.48220440992813696,True,
2356,20230720,20230804,True,is,H10,0.054179552086191185,0.48220440992813696,True,
2356,20230720,20230804,True,is,H20,-0.004287549121950618,0.48220440992813696,True,
2356,20230720,20230804,True,is,S7,-0.004287549121950618,0.48220440992813696,True,
2421,20230728,20230811,True,is,H5,0.17648496861514018,0.4387467221694359,True,
2421,20230728,20230811,True,is,H10,0.09805263737413084,0.4387467221694359,True,
2421,20230728,20230811,True,is,H20,-0.039203942297635685,0.4387467221694359,True,
2421,20230728,20230811,True,is,S7,-0.039203942297635685,0.4387467221694359,True,
3035,20230725,20230810,True,is,H5,0.13605859080095017,0.3759774392721457,True,
3035,20230725,20230810,True,is,H10,0.17788696306902652,0.3759774392721457,True,
3035,20230725,20230810,True,is,H20,0.2213884702278257,0.3759774392721457,True,
3035,20230725,20230810,True,is,S7,0.2213884702278257,0.3759774392721457,True,
3706,20230720,20230804,True,is,H5,-0.03554522740454946,0.4901327371445532,True,-0.06859090966548298
3706,20230720,20230804,True,is,H10,-0.02445954036322251,0.4901327371445532,True,-0.06859090966548298
3706,20230720,20230804,True,is,H20,-0.10205934965251151,0.4901327371445532,True,-0.06859090966548298
3706,20230720,20230804,True,is,S7,-0.07434513204919391,0.4901327371445532,True,-0.06859090966548298
6117,20230710,20230724,True,is,H5,0.23911854062269056,0.5015996607640331,True,
6117,20230710,20230724,True,is,H10,0.11018027978188161,0.5015996607640331,True,
6117,20230710,20230724,True,is,H20,0.5101074278135436,0.5015996607640331,True,
6117,20230710,20230724,True,is,S7,0.5101074278135436,0.5015996607640331,True,
6442,20230721,20230804,True,is,H5,-0.09488971090793175,0.4836113602636333,True,
6442,20230721,20230804,True,is,H10,-0.03484922738606966,0.4836113602636333,True,
6442,20230721,20230804,True,is,H20,-0.09488971090793175,0.4836113602636333,True,
6442,20230721,20230804,True,is,S7,-0.09488971090793175,0.4836113602636333,True,
8210,20230725,20230808,True,is,H5,-0.07044361597882398,0.46165671683488446,True,
8210,20230725,20230808,True,is,H10,0.13906779700004201,0.46165671683488446,True,
8210,20230725,20230808,True,is,H20,0.021067116126887386,0.46165671683488446,True,
8210,20230725,20230808,True,is,S7,-0.07044361597882398,0.46165671683488446,True,
8996,20230726,20230809,False,is,H5,-0.10626667339575535,0.19067464172991813,False,
8996,20230726,20230809,False,is,H10,-0.025018189159005777,0.19067464172991813,False,
8996,20230726,20230809,False,is,H20,-0.012518422353351988,0.19067464172991813,False,
8996,20230726,20230809,False,is,S7,-0.10001678999292851,0.19067464172991813,False,
8996,20230705,20230719,False,is,H5,-0.005220038774393143,0.8142472363856021,True,
8996,20230705,20230719,False,is,H10,-0.11357533638820605,0.8142472363856021,True,
8996,20230705,20230719,False,is,H20,-0.22193063400201873,0.8142472363856021,True,
8996,20230705,20230719,False,is,S7,-0.10313145228085041,0.8142472363856021,True,
9105,20230728,20230811,False,is,H5,-0.02271354465421338,0.4826906361924264,True,
9105,20230728,20230811,False,is,H10,-0.037596079507195124,0.4826906361924264,True,
9105,20230728,20230811,False,is,H20,0.03996016360197996,0.4826906361924264,True,
9105,20230728,20230811,False,is,S7,0.03996016360197996,0.4826906361924264,True,
9105,20230704,20230718,False,is,H5,0.07164505918109842,0.4630505373868965,True,
9105,20230704,20230718,False,is,H10,0.04088012925245432,0.4630505373868965,True,
9105,20230704,20230718,False,is,H20,0.015242687645251163,0.4630505373868965,True,
9105,20230704,20230718,False,is,S7,0.015242687645251163,0.4630505373868965,True,
6811,20230731,20230814,False,is,H5,-0.060050430338009275,0.3937810053563807,True,
6811,20230731,20230814,False,is,H10,-0.08779199749817213,0.3937810053563807,True,
6811,20230731,20230814,False,is,H20,-0.04536371831204056,0.3937810053563807,True,
6811,20230731,20230814,False,is,S7,-0.1073742801994636,0.3937810053563807,True,
4188,20230727,20230810,True,is,H5,-0.02154763178554675,0.5205684845633236,True,
4188,20230727,20230810,True,is,H10,-0.08098632705091058,0.5205684845633236,True,
4188,20230727,20230810,True,is,H20,0.015030026839292665,0.5205684845633236,True,
4188,20230727,20230810,True,is,S7,-0.11299177834764518,0.5205684845633236,True,
6811,20230726,20230809,True,is,H5,-0.09997274023428504,0.44102958022931615,True,
6811,20230726,20230809,True,is,H10,-0.05225648697431118,0.44102958022931615,True,
6811,20230726,20230809,True,is,H20,0.057984511936662875,0.44102958022931615,True,
6811,20230726,20230809,True,is,S7,-0.09997274023428504,0.44102958022931615,True,
3483,20230725,20230808,False,is,H5,-0.09078828322922283,0.6790064534136336,True,
3483,20230725,20230808,False,is,H10,0.012078735821485775,0.6790064534136336,True,
3483,20230725,20230808,False,is,H20,-0.08746999229210306,0.6790064534136336,True,
3483,20230725,20230808,False,is,S7,-0.09078828322922283,0.6790064534136336,True,
4154,20230725,20230808,True,is,H5,0.2807999691656822,0.30365253297412925,False,
4154,20230725,20230808,True,is,H10,0.1996225063312378,0.30365253297412925,False,
4154,20230725,20230808,True,is,H20,0.47021404911272,0.30365253297412925,False,
4154,20230725,20230808,True,is,S7,0.47021404911272,0.30365253297412925,False,
3362,20230724,20230807,True,is,H5,-0.0669669098793042,0.7160194282535474,True,
3362,20230724,20230807,True,is,H10,0.03816357914837987,0.7160194282535474,True,
3362,20230724,20230807,True,is,H20,0.041448906930494855,0.7160194282535474,True,
3362,20230724,20230807,True,is,S7,-0.11296149882891593,0.7160194282535474,True,
6150,20230724,20230807,True,is,H5,-0.10643165478992933,0.27298129155137674,True,0.037291617197498406
6150,20230724,20230807,True,is,H10,-0.05220130004614565,0.27298129155137674,True,0.037291617197498406
6150,20230724,20230807,True,is,H20,-0.06082885648265679,0.27298129155137674,True,0.037291617197498406
6150,20230724,20230807,True,is,S7,-0.10643165478992933,0.27298129155137674,True,0.037291617197498406
6527,20230724,20230807,True,is,H5,-0.03773491908601734,0.39877832615175596,True,0.142147145545249
6527,20230724,20230807,True,is,H10,-0.07511480569199902,0.39877832615175596,True,0.142147145545249
6527,20230724,20230807,True,is,H20,-0.025986954724137368,0.39877832615175596,True,0.142147145545249
6527,20230724,20230807,True,is,S7,-0.07084281865131503,0.39877832615175596,True,0.142147145545249
6530,20230724,20230807,True,is,H5,-0.049588963934176666,0.42294041122585446,True,
6530,20230724,20230807,True,is,H10,-0.07965469090989685,0.42294041122585446,True,
6530,20230724,20230807,True,is,H20,-0.021193555123774077,0.42294041122585446,True,
6530,20230724,20230807,True,is,S7,-0.10136882705902805,0.42294041122585446,True,
6569,20230724,20230807,False,is,H5,-0.1678582662849042,0.4586313467820332,True,
6569,20230724,20230807,False,is,H10,-0.14077673057228268,0.4586313467820332,True,
6569,20230724,20230807,False,is,H20,-0.1924778442054691,0.4586313467820332,True,
6569,20230724,20230807,False,is,S7,-0.17278218186901717,0.4586313467820332,True,
3363,20230720,20230807,True,is,H5,-0.20217338932470197,0.5585007720481384,True,
3363,20230720,20230807,True,is,H10,-0.10719403091097612,0.5585007720481384,True,
3363,20230720,20230807,True,is,H20,-0.27377321335966465,0.5585007720481384,True,
3363,20230720,20230807,True,is,S7,-0.21240193561541099,0.5585007720481384,True,
3483,20230720,20230804,True,is,H5,0.21180945367788473,0.5545773216175086,True,
3483,20230720,20230804,True,is,H10,0.09820231739558283,0.5545773216175086,True,
3483,20230720,20230804,True,is,H20,0.026251131083458557,0.5545773216175086,True,
3483,20230720,20230804,True,is,S7,0.026251131083458557,0.5545773216175086,True,
4419,20230718,20230801,True,is,H5,-0.022863873289092007,0.46151284226396,True,
4419,20230718,20230801,True,is,H10,-0.15815964467983312,0.46151284226396,True,
4419,20230718,20230801,True,is,H20,-0.20927138053855754,0.46151284226396,True,
4419,20230718,20230801,True,is,S7,-0.15815964467983312,0.46151284226396,True,
6703,20230717,20230731,True,is,H5,-0.02463036455983414,0.650233569365063,True,
6703,20230717,20230731,True,is,H10,-0.08652882219353675,0.650233569365063,True,
6703,20230717,20230731,True,is,H20,-0.18969291824970846,0.650233569365063,True,
6703,20230717,20230731,True,is,S7,-0.10864818138594556,0.650233569365063,True,
6419,20230714,20230728,True,is,H5,-0.0593903533930219,0.44818968987051,True,
6419,20230714,20230728,True,is,H10,-0.0315204379380003,0.44818968987051,True,
6419,20230714,20230728,True,is,H20,-0.02594645484699598,0.44818968987051,True,
6419,20230714,20230728,True,is,S7,-0.0998017308028033,0.44818968987051,True,
2743,20230712,20230728,False,is,H5,-0.06164356520184311,0.4709914785070333,False,-0.004062996661489904
2743,20230712,20230728,False,is,H10,-0.15917882186545074,0.4709914785070333,False,-0.004062996661489904
2743,20230712,20230728,False,is,H20,-0.18272181485321815,0.4709914785070333,False,-0.004062996661489904
2743,20230712,20230728,False,is,S7,-0.08854984290214873,0.4709914785070333,False,-0.004062996661489904
6538,20230712,20230726,True,is,H5,0.03172390010702464,0.5746993579307248,True,
6538,20230712,20230726,True,is,H10,-0.034200949740069486,0.5746993579307248,True,
6538,20230712,20230726,True,is,H20,0.1437961448470848,0.5746993579307248,True,
6538,20230712,20230726,True,is,S7,-0.034200949740069486,0.5746993579307248,True,
8093,20230711,20230725,True,is,H5,-0.0725376830750647,0.7382729023630125,True,
8093,20230711,20230725,True,is,H10,-0.2745009360206636,0.7382729023630125,True,
8093,20230711,20230725,True,is,H20,-0.2960698271119413,0.7382729023630125,True,
8093,20230711,20230725,True,is,S7,-0.16077405572120018,0.7382729023630125,True,
4905,20230710,20230724,True,is,H5,0.07224829310126779,0.5870428326840733,True,
4905,20230710,20230724,True,is,H10,0.024743621887920675,0.5870428326840733,True,
4905,20230710,20230724,True,is,H20,-0.06483661525724849,0.5870428326840733,True,
4905,20230710,20230724,True,is,S7,-0.06483661525724849,0.5870428326840733,True,
3664,20230704,20230718,True,is,H5,-0.11998924347587525,0.38535803999654417,True,
3664,20230704,20230718,True,is,H10,-0.12142716954862709,0.38535803999654417,True,
3664,20230704,20230718,True,is,H20,-0.29254037220609586,0.38535803999654417,True,
3664,20230704,20230718,True,is,S7,-0.09123072202083848,0.38535803999654417,True,
6117,20230825,20230912,True,is,H5,-0.11205044154480004,0.5370798438715156,True,
6117,20230825,20230912,True,is,H10,-0.0898169627728389,0.5370798438715156,True,
6117,20230825,20230912,True,is,H20,0.30621687785271967,0.5370798438715156,True,
6117,20230825,20230912,True,is,S7,-0.12177758850753306,0.5370798438715156,True,
3306,20230823,20230908,True,is,H5,-0.1295897250163378,0.49400801459319355,True,
3306,20230823,20230908,True,is,H10,-0.22337684349283815,0.49400801459319355,True,
3306,20230823,20230908,True,is,H20,-0.14110744132046937,0.49400801459319355,True,
3306,20230823,20230908,True,is,S7,-0.09503657610394278,0.49400801459319355,True,
4154,20230818,20230901,False,is,H5,0.048153447325971266,0.697383849387411,True,
4154,20230818,20230901,False,is,H10,-0.05137447645572335,0.697383849387411,True,
4154,20230818,20230901,False,is,H20,-0.08558720025568078,0.697383849387411,True,
4154,20230818,20230901,False,is,S7,-0.09802819072839264,0.697383849387411,True,
2743,20230811,20230825,False,is,H5,-0.13523014083842777,0.3899610356755254,False,0.0349099166246587
2743,20230811,20230825,False,is,H10,-0.16997535839402667,0.3899610356755254,False,0.0349099166246587
2743,20230811,20230825,False,is,H20,-0.2417821413422644,0.3899610356755254,False,0.0349099166246587
2743,20230811,20230825,False,is,S7,-0.1390907205668277,0.3899610356755254,False,0.0349099166246587
5511,20230808,20230822,True,is,H5,-0.05195712392058416,0.16533404105159377,True,
5511,20230808,20230822,True,is,H10,-0.02655117942762386,0.16533404105159377,True,
5511,20230808,20230822,True,is,H20,-0.03323695429419238,0.16533404105159377,True,
5511,20230808,20230822,True,is,S7,-0.03323695429419238,0.16533404105159377,True,
2358,20230911,20230925,True,is,H5,-0.0036796751142078588,0.535127198241426,True,
2358,20230911,20230925,True,is,H10,-0.09916037291576285,0.535127198241426,True,
2358,20230911,20230925,True,is,H20,-0.10331170760278685,0.535127198241426,True,
2358,20230911,20230925,True,is,S7,-0.09916037291576285,0.535127198241426,True,
2816,20230908,20230922,True,is,H5,-0.1346257689320649,0.5697213763743283,True,
2816,20230908,20230922,True,is,H10,-0.04269956856221091,0.5697213763743283,True,
2816,20230908,20230922,True,is,H20,0.11579388035133031,0.5697213763743283,True,
2816,20230908,20230922,True,is,S7,-0.10768188261676293,0.5697213763743283,True,
9103,20230907,20230921,True,is,H5,0.034949079328399746,0.4867275509644184,False,
9103,20230907,20230921,True,is,H10,0.0020413184594523237,0.4867275509644184,False,
9103,20230907,20230921,True,is,H20,-0.034157218496390085,0.4867275509644184,False,
9103,20230907,20230921,True,is,S7,-0.034157218496390085,0.4867275509644184,False,
5321,20230919,20231004,True,is,H5,-0.14682208419912102,0.6016123602340993,True,
5321,20230919,20231004,True,is,H10,-0.26920416228531274,0.6016123602340993,True,
5321,20230919,20231004,True,is,H20,-0.23248953885945534,0.6016123602340993,True,
5321,20230919,20231004,True,is,S7,-0.09524677986279739,0.6016123602340993,True,
6236,20230913,20230927,True,is,H5,-0.024937371701210687,0.6933566251046428,True,
6236,20230913,20230927,True,is,H10,-0.024937371701210687,0.6933566251046428,True,
6236,20230913,20230927,True,is,H20,-0.024937371701210687,0.6933566251046428,True,
6236,20230913,20230927,True,is,S7,-0.024937371701210687,0.6933566251046428,True,
4542,20230911,20230925,False,is,H5,0.14221923871648312,0.5853540062153166,True,
4542,20230911,20230925,False,is,H10,-0.004768759831482727,0.5853540062153166,True,
4542,20230911,20230925,False,is,H20,-0.04457800943822332,0.5853540062153166,True,
4542,20230911,20230925,False,is,S7,-0.0966362589239611,0.5853540062153166,True,
6122,20230907,20230925,True,is,H5,-0.053859468109422104,0.35494358960799,True,
6122,20230907,20230925,True,is,H10,-0.06306515977106031,0.35494358960799,True,
6122,20230907,20230925,True,is,H20,-0.056928031996634765,0.35494358960799,True,
6122,20230907,20230925,True,is,S7,-0.08965938012690366,0.35494358960799,True,
4542,20230906,20230920,True,is,H5,0.12335242811258706,0.6623148477172378,True,
4542,20230906,20230920,True,is,H10,0.07811675986644251,0.6623148477172378,True,
4542,20230906,20230920,True,is,H20,-0.20234438325965298,0.6623148477172378,True,
4542,20230906,20230920,True,is,S7,-0.08322379021147253,0.6623148477172378,True,
2364,20231019,20231102,True,is,H5,-0.16752944315514318,0.5876696282710877,True,
2364,20231019,20231102,True,is,H10,-0.045207238884062195,0.5876696282710877,True,
2364,20231019,20231102,True,is,H20,-0.1573359261325532,0.5876696282710877,True,
2364,20231019,20231102,True,is,S7,-0.11656185804219299,0.5876696282710877,True,
2417,20231011,20231027,True,is,H5,0.14075468438312466,0.4162390779366732,True,
2417,20231011,20231027,True,is,H10,0.06726068510914174,0.4162390779366732,True,
2417,20231011,20231027,True,is,H20,0.28934037856748107,0.4162390779366732,True,
2417,20231011,20231027,True,is,S7,0.28934037856748107,0.4162390779366732,True,
3041,20231026,20231109,True,is,H5,0.04600761757389482,0.6959900897563822,True,0.2763293352204266
3041,20231026,20231109,True,is,H10,0.27097616767710386,0.6959900897563822,True,0.2763293352204266
3041,20231026,20231109,True,is,H20,0.3267376031727711,0.6959900897563822,True,0.2763293352204266
3041,20231026,20231109,True,is,S7,-0.06551525341743936,0.6959900897563822,True,0.2763293352204266
6117,20231005,20231025,False,is,H5,0.007776142853580081,0.4938246669308313,True,
6117,20231005,20231025,False,is,H10,0.212898720602539,0.4938246669308313,True,
6117,20231005,20231025,False,is,H20,0.1593884829288974,0.4938246669308313,True,
6117,20231005,20231025,False,is,S7,0.1593884829288974,0.4938246669308313,True,
9103,20231002,20231018,False,is,H5,-0.046612859580988264,0.4394950862983386,True,
9103,20231002,20231018,False,is,H10,-0.051460590803457884,0.4394950862983386,True,
9103,20231002,20231018,False,is,H20,-0.056308322025927504,0.4394950862983386,True,
9103,20231002,20231018,False,is,S7,-0.056308322025927504,0.4394950862983386,True,
9105,20231006,20231024,True,is,H5,-0.21330979475363943,0.2699672190559262,False,
9105,20231006,20231024,True,is,H10,-0.15166615926791716,0.2699672190559262,False,
9105,20231006,20231024,True,is,H20,-0.17808486019036962,0.2699672190559262,False,
9105,20231006,20231024,True,is,S7,-0.13992451441349385,0.2699672190559262,False,
6404,20231026,20231109,True,is,H5,-0.3061373251363242,0.3009721689742178,False,
6404,20231026,20231109,True,is,S7,-0.22090694932629773,0.3009721689742178,False,
4806,20231023,20231106,True,is,H5,0.405094812709238,0.5075236554862671,True,
4806,20231023,20231106,True,is,H10,0.5484718344142623,0.5075236554862671,True,
4806,20231023,20231106,True,is,H20,0.565677077018865,0.5075236554862671,True,
4806,20231023,20231106,True,is,S7,0.565677077018865,0.5075236554862671,True,
6530,20231023,20231108,True,is,H5,-0.10326821742987535,0.6622273237512346,True,0.05937704170979741
6530,20231023,20231108,True,is,H10,-0.01728023827931524,0.6622273237512346,True,0.05937704170979741
6530,20231023,20231108,True,is,H20,-0.032399003844248986,0.6622273237512346,True,0.05937704170979741
6530,20231023,20231108,True,is,S7,-0.1505143598202927,0.6622273237512346,True,0.05937704170979741
5432,20231004,20231024,True,is,H5,0.044555512881262915,0.258785452689965,True,
5432,20231004,20231024,True,is,H10,0.1318663840187546,0.258785452689965,True,
5432,20231004,20231024,True,is,H20,0.12710397286580033,0.258785452689965,True,
5432,20231004,20231024,True,is,S7,0.12710397286580033,0.258785452689965,True,
1515,20231120,20231206,True,is,H5,0.0370973973021087,0.43488611099813523,True,
1515,20231120,20231206,True,is,H10,-0.00783100980123197,0.43488611099813523,True,
1515,20231120,20231206,True,is,H20,-0.05088739994193314,0.43488611099813523,True,
1515,20231120,20231206,True,is,S7,-0.05088739994193314,0.43488611099813523,True,
2543,20231121,20231205,True,is,H5,-0.09578378187172931,0.6518541242147567,True,
2543,20231121,20231205,True,is,H10,-0.1281874347398071,0.6518541242147567,True,
2543,20231121,20231205,True,is,H20,-0.22231233116612892,0.6518541242147567,True,
2543,20231121,20231205,True,is,S7,-0.12047227929502669,0.6518541242147567,True,
9103,20231107,20231121,False,is,H5,0.21866071879610183,-0.27983102596482007,False,
9103,20231107,20231121,False,is,H10,0.6902367805771177,-0.27983102596482007,False,
9103,20231107,20231121,False,is,H20,0.5381154703251769,-0.27983102596482007,False,
9103,20231107,20231121,False,is,S7,0.5381154703251769,-0.27983102596482007,False,
9105,20231109,20231123,False,is,H5,-0.03841156086900199,0.7305222279773188,False,
9105,20231109,20231123,False,is,H10,0.019351702259008396,0.7305222279773188,False,
9105,20231109,20231123,False,is,H20,0.1824479746204497,0.7305222279773188,False,
9105,20231109,20231123,False,is,S7,0.1824479746204497,0.7305222279773188,False,
6204,20231130,20231214,True,is,H5,-0.16077405572120007,0.7290930350463108,True,
6204,20231130,20231214,True,is,H10,-0.058812025107887966,0.7290930350463108,True,
6204,20231130,20231214,True,is,H20,-0.003909393239181491,0.7290930350463108,True,
6204,20231130,20231214,True,is,S7,-0.08234172448019084,0.7290930350463108,True,
3623,20231129,20231213,False,is,H5,-0.3460261371086706,0.6245256731573828,True,
3623,20231129,20231213,False,is,H10,-0.3411530084731167,0.6245256731573828,True,
3623,20231129,20231213,False,is,H20,-0.4347170782757509,0.6245256731573828,True,
3623,20231129,20231213,False,is,S7,-0.13648160577985424,0.6245256731573828,True,
6716,20231129,20231213,True,is,H5,0.027858522220306492,0.6909363943039278,True,
6716,20231129,20231213,True,is,H10,-0.04352054182277021,0.6909363943039278,True,
6716,20231129,20231213,True,is,H20,-0.11489960586584713,0.6909363943039278,True,
6716,20231129,20231213,True,is,S7,-0.08991693345077034,0.6909363943039278,True,
5314,20231121,20231205,True,is,H5,0.11594835739705522,0.6125066556547007,True,
5314,20231121,20231205,True,is,H10,0.47181403809212963,0.6125066556547007,True,
5314,20231121,20231205,True,is,H20,0.5027588798917015,0.6125066556547007,True,
5314,20231121,20231205,True,is,S7,0.5027588798917015,0.6125066556547007,True,
4183,20231117,20231201,True,is,H5,-0.017371096245450968,0.5830006103373033,True,
4183,20231117,20231201,True,is,H10,0.06848968175251935,0.5830006103373033,True,
4183,20231117,20231201,True,is,H20,0.0303293359756438,0.5830006103373033,True,
4183,20231117,20231201,True,is,S7,0.0303293359756438,0.5830006103373033,True,
1325,20231204,20231218,True,is,H5,0.12409173681799479,0.5603051498328834,True,
1325,20231204,20231218,True,is,H10,0.09111105016318821,0.5603051498328834,True,
1325,20231204,20231218,True,is,H20,0.14882725180909961,0.5603051498328834,True,
1325,20231204,20231218,True,is,S7,0.14882725180909961,0.5603051498328834,True,
6117,20231208,20231222,True,is,H5,0.056223856324237875,0.558710467412213,True,
6117,20231208,20231222,True,is,H10,0.056223856324237875,0.558710467412213,True,
6117,20231208,20231222,True,is,H20,0.07394115972064452,0.558710467412213,True,
6117,20231208,20231222,True,is,S7,0.07394115972064452,0.558710467412213,True,
9103,20231220,20240104,False,is,H5,-0.08610663710174937,0.8005934192570874,True,
9103,20231220,20240104,False,is,H10,-0.19386269546350088,0.8005934192570874,True,
9103,20231220,20240104,False,is,H20,-0.25485669076260553,0.8005934192570874,True,
9103,20231220,20240104,False,is,S7,-0.0850900705134312,0.8005934192570874,True,
9919,20231205,20231221,True,is,H5,-0.10310551548257063,0.7007078594623323,True,
9919,20231205,20231221,True,is,H10,-0.027542976493922455,0.7007078594623323,True,
9919,20231205,20231221,True,is,H20,-0.11788949050208863,0.7007078594623323,True,
9919,20231205,20231221,True,is,S7,-0.10474817937362813,0.7007078594623323,True,
6231,20231229,20240117,True,is,H5,-0.08008487942494336,0.7007037209099676,True,
6231,20231229,20240117,True,is,H10,-0.118855248491325,0.7007037209099676,True,
6231,20231229,20240117,True,is,H20,-0.011355588807266725,0.7007037209099676,True,
6231,20231229,20240117,True,is,S7,-0.07832258992192609,0.7007037209099676,True,
5314,20231225,20240109,False,is,H5,0.5616228339627827,0.47319702221308446,True,
5314,20231225,20240109,False,is,H10,0.5683539668677948,0.47319702221308446,True,
5314,20231225,20240109,False,is,H20,1.3289719851341504,0.47319702221308446,True,
5314,20231225,20240109,False,is,S7,1.3289719851341504,0.47319702221308446,True,
3623,20231220,20240104,False,is,H5,-0.12544374724120744,0.33534411187940777,False,
3623,20231220,20240104,False,is,H10,0.06906962621721369,0.33534411187940777,False,
3623,20231220,20240104,False,is,H20,0.36310146981715263,0.33534411187940777,False,
3623,20231220,20240104,False,is,S7,-0.10282591311813516,0.33534411187940777,False,
5432,20231219,20240105,True,is,H5,0.017609220716684915,0.4345081239654912,True,
5432,20231219,20240105,True,is,H10,-0.016311086640537598,0.4345081239654912,True,
5432,20231219,20240105,True,is,H20,0.18721075750279925,0.4345081239654912,True,
5432,20231219,20240105,True,is,S7,0.18721075750279925,0.4345081239654912,True,
6593,20231215,20231229,True,is,H5,0.029491961616903373,0.05162314760481938,True,
6593,20231215,20231229,True,is,H10,0.09791740921681846,0.05162314760481938,True,
6593,20231215,20231229,True,is,H20,-0.014051505037587786,0.05162314760481938,True,
6593,20231215,20231229,True,is,S7,-0.10424868596474846,0.05162314760481938,True,
3287,20231214,20240102,True,is,H5,0.1976667745765064,0.43691449404335636,True,
3287,20231214,20240102,True,is,H10,0.31486472972943536,0.43691449404335636,True,
3287,20231214,20240102,True,is,H20,0.3566064671811635,0.43691449404335636,True,
3287,20231214,20240102,True,is,S7,0.3566064671811635,0.43691449404335636,True,
6482,20231205,20231219,True,is,H5,-0.08440234402018432,0.6407222040201627,True,
6482,20231205,20231219,True,is,H10,-0.04530208824880433,0.6407222040201627,True,
6482,20231205,20231219,True,is,H20,0.058965260474875825,0.6407222040201627,True,
6482,20231205,20231219,True,is,S7,-0.0795148120487621,0.6407222040201627,True,
3373,20231204,20231220,True,is,H5,-0.08616014060639776,0.7406775161461264,True,
3373,20231204,20231220,True,is,H10,-0.03883629074494355,0.7406775161461264,True,
3373,20231204,20231220,True,is,H20,-0.11226985087478647,0.7406775161461264,True,
3373,20231204,20231220,True,is,S7,-0.1106379939830121,0.7406775161461264,True,
3548,20231204,20231218,True,is,H5,0.062480178480570636,0.00802269052686644,True,
3548,20231204,20231218,True,is,H10,-0.010435127885742967,0.00802269052686644,True,
3548,20231204,20231218,True,is,H20,0.11195842208628348,0.00802269052686644,True,
3548,20231204,20231218,True,is,S7,0.11195842208628348,0.00802269052686644,True,
8467,20240112,20240130,True,is,H5,-0.057733000432530934,0.654022241508866,True,
8467,20240112,20240130,True,is,H10,0.07729591539333724,0.654022241508866,True,
8467,20240112,20240130,True,is,H20,0.06261885932530786,0.654022241508866,True,
8467,20240112,20240130,True,is,S7,0.06261885932530786,0.654022241508866,True,
9103,20240126,20240220,False,is,H5,0.037147317754445464,0.4546128925125432,False,
9103,20240126,20240220,False,is,H10,0.027887073845923815,0.4546128925125432,False,
9103,20240126,20240220,False,is,H20,-0.03428884953986566,0.4546128925125432,False,
9103,20240126,20240220,False,is,S7,-0.03428884953986566,0.4546128925125432,False,
9103,20240112,20240126,False,is,H5,-0.017358009707118538,0.22807999457066153,False,
9103,20240112,20240126,False,is,H10,0.02074998991642807,0.22807999457066153,False,
9103,20240112,20240126,False,is,H20,0.05749698955341942,0.22807999457066153,False,
9103,20240112,20240126,False,is,S7,0.05749698955341942,0.22807999457066153,False,
3288,20240108,20240122,True,is,H5,-0.09901164908741156,0.5316608986619638,True,
3288,20240108,20240122,True,is,H10,-0.06810295780396092,0.5316608986619638,True,
3288,20240108,20240122,True,is,H20,0.08334962948494762,0.5316608986619638,True,
3288,20240108,20240122,True,is,S7,-0.08201186888151368,0.5316608986619638,True,
1418,20240205,20240229,True,is,H5,0.040149528584891625,0.6681509498898194,True,
1418,20240205,20240229,True,is,H10,0.05728543515136453,0.6681509498898194,True,
1418,20240205,20240229,True,is,H20,0.16524164652014228,0.6681509498898194,True,
1418,20240205,20240229,True,is,S7,0.16524164652014228,0.6681509498898194,True,
1519,20240226,20240312,True,is,H5,0.25986741585617157,0.442114201706592,True,
1519,20240226,20240312,True,is,H10,0.4994855870739874,0.442114201706592,True,
1519,20240226,20240312,True,is,H20,0.6118066048323383,0.442114201706592,True,
1519,20240226,20240312,True,is,S7,0.6118066048323383,0.442114201706592,True,
2365,20240220,20240308,True,is,H5,-0.15107409118873993,0.5587069614122882,True,-0.25767474407354973
2365,20240220,20240308,True,is,H10,-0.15318060709149728,0.5587069614122882,True,-0.25767474407354973
2365,20240220,20240308,True,is,H20,-0.03100268473156409,0.5587069614122882,True,-0.25767474407354973
2365,20240220,20240308,True,is,S7,-0.14475454348046746,0.5587069614122882,True,-0.25767474407354973
4588,20240227,20240313,True,is,H5,0.05894959530830057,0.6608269863881356,False,0.07536438836419301
4588,20240227,20240313,True,is,H10,0.0303293359756438,0.6608269863881356,False,0.07536438836419301
4588,20240227,20240313,True,is,H20,-0.05743945931117034,0.6608269863881356,False,0.07536438836419301
4588,20240227,20240313,True,is,S7,-0.08415170135498318,0.6608269863881356,False,0.07536438836419301
6442,20240226,20240314,True,is,H5,-0.04230792451856358,0.4614932746435015,True,
6442,20240226,20240314,True,is,H10,-0.011661778103157716,0.4614932746435015,True,
6442,20240226,20240314,True,is,H20,0.07261512453920882,0.4614932746435015,True,
6442,20240226,20240314,True,is,S7,-0.11509252225515276,0.4614932746435015,True,
4131,20240229,20240314,True,is,H5,0.027548659616708493,0.5398325933028267,True,
4131,20240229,20240314,True,is,H10,-0.0047545168083674705,0.5398325933028267,True,
4131,20240229,20240314,True,is,H20,-0.06013139067992668,0.5398325933028267,True,
4131,20240229,20240314,True,is,S7,-0.06013139067992668,0.5398325933028267,True,
3313,20240227,20240313,True,is,H5,-0.0851105040126936,0.4904272623376058,True,
3313,20240227,20240313,True,is,H10,-0.15241845058396697,0.4904272623376058,True,
3313,20240227,20240313,True,is,H20,-0.045224313451939224,0.4904272623376058,True,
3313,20240227,20240313,True,is,S7,-0.08760339092274083,0.4904272623376058,True,
3362,20240223,20240311,True,is,H5,-0.08445396151955253,0.553146404129336,True,
3362,20240223,20240311,True,is,H10,-0.08445396151955253,0.553146404129336,True,
3362,20240223,20240311,True,is,H20,-0.10017149007715687,0.553146404129336,True,
3362,20240223,20240311,True,is,S7,-0.10410087221655784,0.553146404129336,True,
4945,20240223,20240311,True,is,H5,-0.08770902172401429,0.5641758530715236,True,
4945,20240223,20240311,True,is,H10,0.021597731433477207,0.5641758530715236,True,
4945,20240223,20240311,True,is,H20,-0.08770902172401429,0.5641758530715236,True,
4945,20240223,20240311,True,is,S7,-0.08770902172401429,0.5641758530715236,True,
6425,20240223,20240311,False,is,H5,-0.2162318022630737,0.5778791860173221,True,
6425,20240223,20240311,False,is,H10,-0.08937914598195285,0.5778791860173221,True,
6425,20240223,20240311,False,is,H20,0.32138183626167716,0.5778791860173221,True,
6425,20240223,20240311,False,is,S7,-0.13619381675236641,0.5778791860173221,True,
6785,20240221,20240307,True,is,H5,-0.21375287569154222,0.5848546526512974,False,
6785,20240221,20240307,True,is,H10,-0.20876083045783778,0.5848546526512974,False,
6785,20240221,20240307,True,is,H20,-0.10392788055004343,0.5848546526512974,False,
6785,20240221,20240307,True,is,S7,-0.16757645727977566,0.5848546526512974,False,
8054,20240219,20240305,False,is,H5,-0.2749534302393619,0.6343517832807055,True,0.06862101051030156
8054,20240219,20240305,False,is,H10,-0.28040490820748687,0.6343517832807055,True,0.06862101051030156
8054,20240219,20240305,False,is,H20,-0.17682682681311002,0.6343517832807055,True,0.06862101051030156
8054,20240219,20240305,False,is,S7,-0.13866648103623436,0.6343517832807055,True,0.06862101051030156
8080,20240215,20240301,False,is,H5,0.0763849257063558,0.6746775289925726,True,0.1165681888501302
8080,20240215,20240301,False,is,H10,-0.0315167416627411,0.6746775289925726,True,0.1165681888501302
8080,20240215,20240301,False,is,H20,-0.06309771747808635,0.6746775289925726,True,0.1165681888501302
8080,20240215,20240301,False,is,S7,-0.09467869329343193,0.6746775289925726,True,0.1165681888501302
5314,20240205,20240229,False,is,H5,0.259489132635742,0.6122885764628696,True,
5314,20240205,20240229,False,is,H10,0.2697706765756256,0.6122885764628696,True,
5314,20240205,20240229,False,is,H20,1.0794422618414594,0.6122885764628696,True,
5314,20240205,20240229,False,is,S7,1.0794422618414594,0.6122885764628696,True,
8227,20240205,20240304,False,is,H5,-0.2944040919217499,0.6754191454240029,True,-0.13178130780018782
8227,20240205,20240304,False,is,H10,-0.3654453181617102,0.6754191454240029,True,-0.13178130780018782
8227,20240205,20240304,False,is,H20,-0.3305267493318992,0.6754191454240029,True,-0.13178130780018782
8227,20240205,20240304,False,is,S7,-0.14509710795979947,0.6754191454240029,True,-0.13178130780018782
6465,20240202,20240227,True,is,H5,0.027872040982436008,0.5955919212696621,True,
6465,20240202,20240227,True,is,H10,-0.11306105421625268,0.5955919212696621,True,
6465,20240202,20240227,True,is,H20,-0.1299730256400955,0.5955919212696621,True,
6465,20240202,20240227,True,is,S7,-0.10178640660035776,0.5955919212696621,True,
3360,20240201,20240229,True,is,H5,0.001992445547270627,0.6030830261450698,True,
3360,20240201,20240229,True,is,H10,-0.10115383561200708,0.6030830261450698,True,
3360,20240201,20240229,True,is,H20,-0.2337704828167929,0.6030830261450698,True,
3360,20240201,20240229,True,is,S7,-0.08641865258925296,0.6030830261450698,True,
1725,20240306,20240320,True,is,H5,0.24552642876738195,0.44842626907534844,True,0.11299771339148812
1725,20240306,20240320,True,is,H10,0.2774175748809138,0.44842626907534844,True,0.11299771339148812
1725,20240306,20240320,True,is,H20,0.21363528265385034,0.44842626907534844,True,0.11299771339148812
1725,20240306,20240320,True,is,S7,0.21363528265385034,0.44842626907534844,True,0.11299771339148812
1809,20240301,20240315,False,is,H5,-0.07500911851260683,0.5483418818312238,True,
1809,20240301,20240315,False,is,H10,-0.05261641560881525,0.5483418818312238,True,
1809,20240301,20240315,False,is,H20,-0.15941238330382157,0.5483418818312238,True,
1809,20240301,20240315,False,is,S7,-0.06639654047268695,0.5483418818312238,True,
2404,20240313,20240327,True,is,H5,0.026734877599241313,0.586707677321229,True,
2404,20240313,20240327,True,is,H10,0.03313596785858808,0.586707677321229,True,
2404,20240313,20240327,True,is,H20,0.056179892792236785,0.586707677321229,True,
2404,20240313,20240327,True,is,S7,0.056179892792236785,0.586707677321229,True,
2417,20240312,20240326,True,is,H5,-0.18050130367560302,0.7143356804678971,True,0.13347008722704623
2417,20240312,20240326,True,is,H10,-0.19603249412991164,0.7143356804678971,True,0.13347008722704623
2417,20240312,20240326,True,is,H20,-0.3275908132722898,0.7143356804678971,True,0.13347008722704623
2417,20240312,20240326,True,is,S7,-0.16040211602885102,0.7143356804678971,True,0.13347008722704623
3013,20240311,20240327,True,is,H5,0.11204070834545932,0.4586704687845393,True,0.008766875599838464
3013,20240311,20240327,True,is,H10,0.34809578408048214,0.4586704687845393,True,0.008766875599838464
3013,20240311,20240327,True,is,H20,0.39420029105997867,0.4586704687845393,True,0.008766875599838464
3013,20240311,20240327,True,is,S7,0.39420029105997867,0.4586704687845393,True,0.008766875599838464
3376,20240308,20240326,True,is,H5,-0.18738827484880471,0.785477244016261,True,
3376,20240308,20240326,True,is,H10,-0.1850862586302462,0.785477244016261,True,
3376,20240308,20240326,True,is,H20,-0.27946892359114983,0.785477244016261,True,
3376,20240308,20240326,True,is,S7,-0.09300560988790119,0.785477244016261,True,
4994,20240315,20240329,True,is,H5,0.029375327331222056,0.6032937158191141,True,0.3452083739530334
4994,20240315,20240329,True,is,H10,0.0004370651170910733,0.6032937158191141,True,0.3452083739530334
4994,20240315,20240329,True,is,H20,0.09138588921864477,0.6032937158191141,True,0.3452083739530334
4994,20240315,20240329,True,is,S7,0.09138588921864477,0.6032937158191141,True,0.3452083739530334
6230,20240320,20240403,True,is,H5,-0.09421388208221926,0.6577397983635318,True,
6230,20240320,20240403,True,is,H10,0.22663678639001916,0.6577397983635318,True,
6230,20240320,20240403,True,is,H20,0.6239979988825606,0.6577397983635318,True,
6230,20240320,20240403,True,is,S7,-0.08680963588670598,0.6577397983635318,True,
9103,20240321,20240408,True,is,H5,-0.025036252405834958,0.23061560396081252,False,
9103,20240321,20240408,True,is,H10,-0.05657919718094018,0.23061560396081252,False,
9103,20240321,20240408,True,is,H20,-0.062314278049141025,0.23061560396081252,False,
9103,20240321,20240408,True,is,S7,-0.062314278049141025,0.23061560396081252,False,
3228,20240328,20240415,True,is,H5,-0.17022194232877486,0.5043249302952443,True,
3228,20240328,20240415,True,is,H10,-0.3682596649233393,0.5043249302952443,True,
3228,20240328,20240415,True,is,H20,-0.3662792876973937,0.5043249302952443,True,
3228,20240328,20240415,True,is,S7,-0.09298723051689461,0.5043249302952443,True,
4127,20240328,20240415,False,is,H5,-0.07891177327815857,0.6955229487405296,True,
4127,20240328,20240415,False,is,H10,0.021785974980821132,0.6955229487405296,True,
4127,20240328,20240415,False,is,H20,0.1358113663917242,0.6955229487405296,True,
4127,20240328,20240415,False,is,S7,-0.09964366262559554,0.6955229487405296,True,
5493,20240326,20240411,True,is,H5,0.0010673667924789854,0.6950149638155781,True,
5493,20240326,20240411,True,is,H10,0.16791192792455867,0.6950149638155781,True,
5493,20240326,20240411,True,is,H20,0.06891748831952471,0.6950149638155781,True,
5493,20240326,20240411,True,is,S7,0.06891748831952471,0.6950149638155781,True,
5386,20240315,20240329,True,is,H5,-0.0031343518594625364,0.6841183779710257,True,
5386,20240315,20240329,True,is,H10,-0.1733882022486003,0.6841183779710257,True,
5386,20240315,20240329,True,is,H20,-0.18982650504479293,0.6841183779710257,True,
5386,20240315,20240329,True,is,S7,-0.1252474583454648,0.6841183779710257,True,
6643,20240315,20240329,False,is,H5,0.044984069524938164,0.22039018878858396,False,
6643,20240315,20240329,False,is,H10,-0.09459864012279717,0.22039018878858396,False,
6643,20240315,20240329,False,is,H20,-0.08328112312433222,0.22039018878858396,False,
6643,20240315,20240329,False,is,S7,-0.09459864012279717,0.22039018878858396,False,
8040,20240315,20240329,True,is,H5,-0.015272277227722508,0.5464491979221938,True,
8040,20240315,20240329,True,is,H10,-0.03883629074494355,0.5464491979221938,True,
8040,20240315,20240329,True,is,H20,-0.08348389530388789,0.5464491979221938,True,
8040,20240315,20240329,True,is,S7,-0.11820980996084496,0.5464491979221938,True,
8227,20240311,20240325,False,is,H5,-0.03558398854805067,0.2953205676672202,False,
8227,20240311,20240325,False,is,H10,-0.0962936295567165,0.2953205676672202,False,
8227,20240311,20240325,False,is,H20,-0.1882253716555533,0.2953205676672202,False,
8227,20240311,20240325,False,is,S7,-0.0962936295567165,0.2953205676672202,False,
3372,20240307,20240321,True,is,H5,-0.01808598644411319,0.43560983345074383,True,
3372,20240307,20240321,True,is,H10,-0.02064973060483355,0.43560983345074383,True,
3372,20240307,20240321,True,is,H20,-0.0719246138192402,0.43560983345074383,True,
3372,20240307,20240321,True,is,S7,-0.0719246138192402,0.43560983345074383,True,
4303,20240307,20240321,False,is,H5,0.11280771968884551,0.5042488637495883,True,
4303,20240307,20240321,False,is,H10,0.2582506739338921,0.5042488637495883,True,
4303,20240307,20240321,False,is,H20,-0.041654952648917165,0.5042488637495883,True,
4303,20240307,20240321,False,is,S7,-0.041654952648917165,0.5042488637495883,True,
8092,20240307,20240321,False,is,H5,0.1849332511516717,0.6181288064738365,True,
8092,20240307,20240321,False,is,H10,0.2283997021508557,0.6181288064738365,True,
8092,20240307,20240321,False,is,H20,0.08477142928398651,0.6181288064738365,True,
8092,20240307,20240321,False,is,S7,0.08477142928398651,0.6181288064738365,True,
6227,20240306,20240320,True,is,H5,0.20346423811146885,0.42764210045043993,True,
6227,20240306,20240320,True,is,H10,0.2843076373128499,0.42764210045043993,True,
6227,20240306,20240320,True,is,H20,0.26042208754880547,0.42764210045043993,True,
6227,20240306,20240320,True,is,S7,0.26042208754880547,0.42764210045043993,True,
6535,20240306,20240320,False,is,H5,0.03701278636594396,0.6412237954011816,True,
6535,20240306,20240320,False,is,H10,0.06504015897042903,0.6412237954011816,True,
6535,20240306,20240320,False,is,H20,0.05943468444953215,0.6412237954011816,True,
6535,20240306,20240320,False,is,S7,0.05943468444953215,0.6412237954011816,True,
3363,20240305,20240321,True,is,H5,-0.2078780907518778,0.5190260945725947,True,
3363,20240305,20240321,True,is,H10,-0.17319250816769316,0.5190260945725947,True,
3363,20240305,20240321,True,is,H20,-0.17319250816769316,0.5190260945725947,True,
3363,20240305,20240321,True,is,S7,-0.09656156990030873,0.5190260945725947,True,
4303,20240304,20240318,True,is,H5,0.008190173431504855,0.509375068195372,True,
4303,20240304,20240318,True,is,H10,0.25194103261528533,0.509375068195372,True,
4303,20240304,20240318,True,is,H20,0.12491593698430092,0.509375068195372,True,
4303,20240304,20240318,True,is,S7,0.12491593698430092,0.509375068195372,True,
8047,20240301,20240315,True,is,H5,0.0030321543250320104,0.34612281560534325,True,
8047,20240301,20240315,True,is,H10,0.08269535791763394,0.34612281560534325,True,
8047,20240301,20240315,True,is,H20,0.10804274087891619,0.34612281560534325,True,
8047,20240301,20240315,True,is,S7,0.10804274087891619,0.34612281560534325,True,
1453,20240416,20240430,True,is,H5,0.11521356969192253,0.7903677488168135,True,
1453,20240416,20240430,True,is,H10,-0.09181381802671817,0.7903677488168135,True,
1453,20240416,20240430,True,is,H20,0.05466782422703709,0.7903677488168135,True,
1453,20240416,20240430,True,is,S7,-0.13087558929438614,0.7903677488168135,True,
1514,20240416,20240503,True,is,H5,-0.13434920318228294,0.492704966068682,True,
1514,20240416,20240503,True,is,H10,-0.22757313514726785,0.492704966068682,True,
1514,20240416,20240503,True,is,H20,-0.27751452727136683,0.492704966068682,True,
1514,20240416,20240503,True,is,S7,-0.10105494176621677,0.492704966068682,True,
1617,20240423,20240508,True,is,H5,-0.06712397734299091,0.6879272193026442,True,0.031174368046582357
1617,20240423,20240508,True,is,H10,-0.019689603309583803,0.6879272193026442,True,0.031174368046582357
1617,20240423,20240508,True,is,H20,-0.11060548687361427,0.6879272193026442,True,0.031174368046582357
1617,20240423,20240508,True,is,S7,-0.08886473210830259,0.6879272193026442,True,0.031174368046582357
2359,20240409,20240423,False,is,H5,0.13012991583474975,0.40625793316551756,True,
2359,20240409,20240423,False,is,H10,0.27039019023133126,0.40625793316551756,True,
2359,20240409,20240423,False,is,H20,0.8337306365782562,0.40625793316551756,True,
2359,20240409,20240423,False,is,S7,0.8337306365782562,0.40625793316551756,True,
4588,20240422,20240507,True,is,H5,-0.1308420067761018,0.3632223689599092,True,
4588,20240422,20240507,True,is,H10,-0.11557786846535145,0.3632223689599092,True,
4588,20240422,20240507,True,is,H20,-0.13263778775383706,0.3632223689599092,True,
4588,20240422,20240507,True,is,S7,-0.11019052553214559,0.3632223689599092,True,
6197,20240403,20240419,True,is,H5,-0.014534854329601887,0.5754760127161573,True,0.336289266663079
6197,20240403,20240419,True,is,H10,-0.05475792149982206,0.5754760127161573,True,0.336289266663079
6197,20240403,20240419,True,is,H20,-0.041350232443082224,0.5754760127161573,True,0.336289266663079
6197,20240403,20240419,True,is,S7,-0.0782213773491175,0.5754760127161573,True,0.336289266663079
9955,20240422,20240507,True,is,H5,-0.020972320929692367,0.3246750990498066,True,
9955,20240422,20240507,True,is,H10,0.22542726272894198,0.3246750990498066,True,
9955,20240422,20240507,True,is,H20,0.08908615977116408,0.3246750990498066,True,
9955,20240422,20240507,True,is,S7,0.08908615977116408,0.3246750990498066,True,
6199,20240429,20240514,True,is,H5,0.08008269819106406,0.5873414785395238,True,
6199,20240429,20240514,True,is,H10,0.07649438357913341,0.5873414785395238,True,
6199,20240429,20240514,True,is,H20,0.040611237459829086,0.5873414785395238,True,
6199,20240429,20240514,True,is,S7,0.040611237459829086,0.5873414785395238,True,
1570,20240419,20240506,True,is,H5,0.03659446737184702,0.36971152726541556,False,
1570,20240419,20240506,True,is,H10,0.06621145215390012,0.36971152726541556,False,
1570,20240419,20240506,True,is,H20,0.1939346990265025,0.36971152726541556,False,
1570,20240419,20240506,True,is,S7,0.1939346990265025,0.36971152726541556,False,
8077,20240418,20240503,True,is,H5,0.034777474440433,0.6285784815934832,True,
8077,20240418,20240503,True,is,H10,-0.07935239406402661,0.6285784815934832,True,
8077,20240418,20240503,True,is,H20,-0.05652642036313471,0.6285784815934832,True,
8077,20240418,20240503,True,is,S7,-0.10217836776491851,0.6285784815934832,True,
4533,20240416,20240430,True,is,H5,-0.002546487882729709,0.6754016972468951,True,
4533,20240416,20240430,True,is,H10,0.019912730270904122,0.6754016972468951,True,
4533,20240416,20240430,True,is,H20,0.16259482207046072,0.6754016972468951,True,
4533,20240416,20240430,True,is,S7,0.16259482207046072,0.6754016972468951,True,
3555,20240412,20240426,True,is,H5,0.1872583983839189,0.7293277997560055,True,
3555,20240412,20240426,True,is,H10,0.006103947926278996,0.7293277997560055,True,
3555,20240412,20240426,True,is,H20,0.00331695638077667,0.7293277997560055,True,
3555,20240412,20240426,True,is,S7,0.00331695638077667,0.7293277997560055,True,
4304,20240412,20240426,True,is,H5,0.09276664129248013,0.29636501217928995,False,
4304,20240412,20240426,True,is,H10,-0.03939105720318081,0.29636501217928995,False,
4304,20240412,20240426,True,is,H20,0.073041611666262,0.29636501217928995,False,
4304,20240412,20240426,True,is,S7,0.073041611666262,0.29636501217928995,False,
4198,20240411,20240425,False,is,H5,-0.11571391247881635,0.6319321121988616,True,
4198,20240411,20240425,False,is,H10,-0.13693677857932485,0.6319321121988616,True,
4198,20240411,20240425,False,is,H20,-0.18115108295538396,0.6319321121988616,True,
4198,20240411,20240425,False,is,S7,-0.13339963422924006,0.6319321121988616,True,
6187,20240410,20240424,False,is,H5,0.056042530340319585,0.1460167976784781,False,
6187,20240410,20240424,False,is,H10,0.07094635637334834,0.1460167976784781,False,
6187,20240410,20240424,False,is,H20,0.017718406255388786,0.1460167976784781,False,
6187,20240410,20240424,False,is,S7,0.017718406255388786,0.1460167976784781,False,
3629,20240408,20240422,True,is,H5,-0.054280868892934486,0.5592363981285465,True,
3629,20240408,20240422,True,is,H10,0.21698630820260867,0.5592363981285465,True,
3629,20240408,20240422,True,is,H20,0.3005960545676736,0.5592363981285465,True,
3629,20240408,20240422,True,is,S7,-0.0468488914382621,0.5592363981285465,True,
4198,20240408,20240422,True,is,H5,0.10718623847707942,0.5729145778523346,True,
4198,20240408,20240422,True,is,H10,0.06884715571764222,0.5729145778523346,True,
4198,20240408,20240422,True,is,H20,0.11299519041032768,0.5729145778523346,True,
4198,20240408,20240422,True,is,S7,0.11299519041032768,0.5729145778523346,True,
7402,20240408,20240424,True,is,H5,-0.01657258680738838,0.1902106918946411,True,
7402,20240408,20240424,True,is,H10,0.04898924073878552,0.1902106918946411,True,
7402,20240408,20240424,True,is,H20,0.014022932714159442,0.1902106918946411,True,
7402,20240408,20240424,True,is,S7,0.014022932714159442,0.1902106918946411,True,
8089,20240401,20240417,False,is,H5,0.13569029066777216,0.3088472836475966,False,
8089,20240401,20240417,False,is,H10,0.1746906440560887,0.3088472836475966,False,
8089,20240401,20240417,False,is,H20,0.37281243926873553,0.3088472836475966,False,
8089,20240401,20240417,False,is,S7,0.37281243926873553,0.3088472836475966,False,
2365,20240529,20240613,True,is,H5,0.00509159643869439,0.6397699047097545,True,0.06448462827632806
2365,20240529,20240613,True,is,H10,0.0467311054340116,0.6397699047097545,True,0.06448462827632806
2365,20240529,20240613,True,is,H20,0.7000406431191628,0.6397699047097545,True,0.06448462827632806
2365,20240529,20240613,True,is,S7,-0.08536664724078813,0.6397699047097545,True,0.06448462827632806
2392,20240528,20240612,True,is,H5,0.11726855852817786,0.5811993674358339,True,
2392,20240528,20240612,True,is,H10,0.1143927063826744,0.5811993674358339,True,
2392,20240528,20240612,True,is,H20,0.2955713915494058,0.5811993674358339,True,
2392,20240528,20240612,True,is,S7,0.2955713915494058,0.5811993674358339,True,
6230,20240503,20240517,False,is,H5,0.17987663699312972,0.4969476930785994,True,
6230,20240503,20240517,False,is,H10,0.18658048152149975,0.4969476930785994,True,
6230,20240503,20240517,False,is,H20,0.13965356982290933,0.4969476930785994,True,
6230,20240503,20240517,False,is,S7,0.13965356982290933,0.4969476930785994,True,
6552,20240503,20240521,True,is,H5,-0.013047460853801596,0.5630480813071016,True,
6552,20240503,20240521,True,is,H10,0.10588762314478894,0.5630480813071016,True,
6552,20240503,20240521,True,is,H20,0.3500175324050536,0.5630480813071016,True,
6552,20240503,20240521,True,is,S7,-0.07981803432669443,0.5630480813071016,True,
8033,20240524,20240607,True,is,H5,-0.10574242330768935,0.5297173096495955,True,
8033,20240524,20240607,True,is,H10,-0.10182596676743105,0.5297173096495955,True,
8033,20240524,20240607,True,is,H20,-0.08746562611981723,0.5297173096495955,True,
8033,20240524,20240607,True,is,S7,-0.09921499574059212,0.5297173096495955,True,
9136,20240530,20240614,True,is,H5,0.007456647983032472,0.4475899209932342,True,
9136,20240530,20240614,True,is,H10,0.17103458627466317,0.4475899209932342,True,
9136,20240530,20240614,True,is,H20,0.23830028052542684,0.4475899209932342,True,
9136,20240530,20240614,True,is,S7,0.23830028052542684,0.4475899209932342,True,
3537,20240530,20240614,True,is,H5,-0.05089677565293138,0.6366425478912554,True,0.20213361372443828
3537,20240530,20240614,True,is,H10,-0.06249140492069649,0.6366425478912554,True,0.20213361372443828
3537,20240530,20240614,True,is,H20,0.16277567799588488,0.6366425478912554,True,0.20213361372443828
3537,20240530,20240614,True,is,S7,0.16277567799588488,0.6366425478912554,True,0.20213361372443828
5474,20240529,20240613,True,is,H5,0.05150135506115294,0.45492151624414817,True,
5474,20240529,20240613,True,is,H10,0.05809384004586238,0.45492151624414817,True,
5474,20240529,20240613,True,is,H20,0.3263200791237395,0.45492151624414817,True,
5474,20240529,20240613,True,is,S7,0.3263200791237395,0.45492151624414817,True,
3064,20240528,20240612,False,is,H5,0.016396372517575086,0.5939669188558552,True,
3064,20240528,20240612,False,is,H10,0.2575165108333224,0.5939669188558552,True,
3064,20240528,20240612,False,is,H20,0.09600062870794157,0.5939669188558552,True,
3064,20240528,20240612,False,is,S7,0.09600062870794157,0.5939669188558552,True,
3363,20240528,20240612,True,is,H5,0.043377712273543034,0.7281479829043415,True,
3363,20240528,20240612,True,is,H10,-0.049438096486986716,0.7281479829043415,True,
3363,20240528,20240612,True,is,H20,0.04017716714386976,0.7281479829043415,True,
3363,20240528,20240612,True,is,S7,0.04017716714386976,0.7281479829043415,True,
3491,20240528,20240612,True,is,H5,0.03686128705456837,0.6343839360358875,True,
3491,20240528,20240612,True,is,H10,0.061888973293816596,0.6343839360358875,True,
3491,20240528,20240612,True,is,H20,0.07440281641344071,0.6343839360358875,True,
3491,20240528,20240612,True,is,S7,0.07440281641344071,0.6343839360358875,True,
4127,20240528,20240612,True,is,H5,0.04108756240831535,0.2046838738814629,True,
4127,20240528,20240612,True,is,H10,-0.026645845266442425,0.2046838738814629,True,
4127,20240528,20240612,True,is,H20,-0.08936196348381087,0.2046838738814629,True,
4127,20240528,20240612,True,is,S7,-0.08936196348381087,0.2046838738814629,True,
8071,20240524,20240607,True,is,H5,-0.025684950498895853,0.5782998540542517,True,0.03672879084264591
8071,20240524,20240607,True,is,H10,-0.06394339485103362,0.5782998540542517,True,0.03672879084264591
8071,20240524,20240607,True,is,H20,0.2752814784045863,0.5782998540542517,True,0.03672879084264591
8071,20240524,20240607,True,is,S7,-0.12515690581445382,0.5782998540542517,True,0.03672879084264591
3064,20240523,20240606,True,is,H5,-0.06429591168246251,0.6101803000416385,True,
3064,20240523,20240606,True,is,H10,0.07283313574338335,0.6101803000416385,True,
3064,20240523,20240606,True,is,H20,0.11316520851569112,0.6101803000416385,True,
3064,20240523,20240606,True,is,S7,0.11316520851569112,0.6101803000416385,True,
5392,20240523,20240606,True,is,H5,-0.17940061902786753,0.7863796020442838,True,
5392,20240523,20240606,True,is,H10,-0.1861731036026032,0.7863796020442838,True,
5392,20240523,20240606,True,is,H20,-0.07555585554858812,0.7863796020442838,True,
5392,20240523,20240606,True,is,S7,-0.12070575271349226,0.7863796020442838,True,
6419,20240522,20240605,False,is,H5,0.11316520851569112,0.5875153673726332,True,
6419,20240522,20240605,False,is,H10,-0.07697170598233072,0.5875153673726332,True,
6419,20240522,20240605,False,is,H20,-0.08042874079138562,0.5875153673726332,True,
6419,20240522,20240605,False,is,S7,-0.08388577560044064,0.5875153673726332,True,
6535,20240520,20240603,True,is,H5,-0.018733965737482094,0.2513959014921944,True,
6535,20240520,20240603,True,is,H10,0.12300446143377042,0.2513959014921944,True,
6535,20240520,20240603,True,is,H20,0.319257668286274,0.2513959014921944,True,
6535,20240520,20240603,True,is,S7,0.319257668286274,0.2513959014921944,True,
6419,20240517,20240531,False,is,H5,0.27617275319246737,0.6683999292238466,True,
6419,20240517,20240531,False,is,H10,0.1138848886246393,0.6683999292238466,True,
6419,20240517,20240531,False,is,H20,-0.011519370359591719,0.6683999292238466,True,
6419,20240517,20240531,False,is,S7,-0.011519370359591719,0.6683999292238466,True,
3234,20240503,20240517,True,is,H5,-0.037596079507195124,0.7239995699928973,True,
3234,20240503,20240517,True,is,H10,-0.008823178791430575,0.7239995699928973,True,
3234,20240503,20240517,True,is,H20,-0.08422802204653712,0.7239995699928973,True,
3234,20240503,20240517,True,is,S7,-0.08918886699753092,0.7239995699928973,True,
6264,20240502,20240516,True,is,H5,0.15107105503528961,0.4329709043703757,True,
6264,20240502,20240516,True,is,H10,0.100687473501758,0.4329709043703757,True,
6264,20240502,20240516,True,is,H20,0.12394143420954196,0.4329709043703757,True,
6264,20240502,20240516,True,is,S7,0.12394143420954196,0.4329709043703757,True,
6425,20240502,20240516,True,is,H5,-0.10551136392478322,0.5446650401026372,True,
6425,20240502,20240516,True,is,H10,-0.1955089935667068,0.5446650401026372,True,
6425,20240502,20240516,True,is,H20,-0.1823087845000595,0.5446650401026372,True,
6425,20240502,20240516,True,is,S7,-0.09453604323674392,0.5446650401026372,True,
3312,20240604,20240621,True,is,H5,0.21652180961169143,0.7139822090842652,True,
3312,20240604,20240621,True,is,H10,0.3015250517495076,0.7139822090842652,True,
3312,20240604,20240621,True,is,H20,0.31546000947701835,0.7139822090842652,True,
3312,20240604,20240621,True,is,S7,0.31546000947701835,0.7139822090842652,True,
4526,20240627,20240715,True,is,H5,-0.18992948936251897,0.6333690345575447,True,
4526,20240627,20240715,True,is,H10,-0.14509163822022308,0.6333690345575447,True,
4526,20240627,20240715,True,is,H20,-0.15256461341060568,0.6333690345575447,True,
4526,20240627,20240715,True,is,S7,-0.13761866302984016,0.6333690345575447,True,
6117,20240605,20240620,True,is,H5,-0.06665525823198892,0.35447081689334253,True,
6117,20240605,20240620,True,is,H10,-0.03528232573558521,0.35447081689334253,True,
6117,20240605,20240620,True,is,H20,0.03138515581927259,0.35447081689334253,True,
6117,20240605,20240620,True,is,S7,-0.06273364166993856,0.35447081689334253,True,
6431,20240627,20240711,True,is,H5,-0.04813787502805689,0.5874992193967765,True,
6431,20240627,20240711,True,is,H10,0.08518483302990254,0.5874992193967765,True,
6431,20240627,20240711,True,is,H20,-0.00783100980123197,0.5874992193967765,True,
6431,20240627,20240711,True,is,S7,-0.00783100980123197,0.5874992193967765,True,
6695,20240604,20240619,True,is,H5,0.13592074730143033,0.7040178325184236,True,0.16424363266305142
6695,20240604,20240619,True,is,H10,0.030220925902413764,0.7040178325184236,True,0.16424363266305142
6695,20240604,20240619,True,is,H20,0.06263553779811226,0.7040178325184236,True,0.16424363266305142
6695,20240604,20240619,True,is,S7,0.06263553779811226,0.7040178325184236,True,0.16424363266305142
9103,20240619,20240703,False,is,H5,0.06566298947275095,0.5467350839766735,True,
9103,20240619,20240703,False,is,H10,0.07655098936519278,0.5467350839766735,True,
9103,20240619,20240703,False,is,H20,-0.024163009639894817,0.5467350839766735,True,
9103,20240619,20240703,False,is,S7,-0.024163009639894817,0.5467350839766735,True,
3297,20240628,20240712,True,is,H5,0.2618525076689029,0.523442170366175,True,
3297,20240628,20240712,True,is,H10,-0.06110182806693765,0.523442170366175,True,
3297,20240628,20240712,True,is,H20,-0.08940195027059383,0.523442170366175,True,
3297,20240628,20240712,True,is,S7,-0.10771379404943004,0.523442170366175,True,
4924,20240619,20240703,True,is,H5,0.06817365404422238,0.5828628395640392,True,
4924,20240619,20240703,True,is,H10,0.11336561633070885,0.5828628395640392,True,
4924,20240619,20240703,True,is,H20,-0.05302297208771822,0.5828628395640392,True,
4924,20240619,20240703,True,is,S7,-0.05302297208771822,0.5828628395640392,True,
6643,20240619,20240703,True,is,H5,0.17666322391341494,0.5121036068135597,True,-0.01759368555627805
6643,20240619,20240703,True,is,H10,0.1438642490308113,0.5121036068135597,True,-0.01759368555627805
6643,20240619,20240703,True,is,H20,-0.09802819072839275,0.5121036068135597,True,-0.01759368555627805
6643,20240619,20240703,True,is,S7,-0.08162870328709071,0.5121036068135597,True,-0.01759368555627805
6512,20240606,20240621,True,is,H5,0.055105082860630095,0.5774289217384448,True,
6512,20240606,20240621,True,is,H10,0.0032753594920378326,0.5774289217384448,True,
6512,20240606,20240621,True,is,H20,-0.024490563741136562,0.5774289217384448,True,
6512,20240606,20240621,True,is,S7,-0.024490563741136562,0.5774289217384448,True,
8291,20240606,20240621,False,is,H5,-0.12487951740071801,0.5415202925343772,True,
8291,20240606,20240621,False,is,H10,-0.06726970506659602,0.5415202925343772,True,
8291,20240606,20240621,False,is,H20,-0.02154763178554675,0.5415202925343772,True,
8291,20240606,20240621,False,is,S7,-0.12030731007261297,0.5415202925343772,True,
8455,20240604,20240619,True,is,H5,0.04034517476222543,0.6353848004792988,True,
8455,20240604,20240619,True,is,H10,-0.11720396935070243,0.6353848004792988,True,
8455,20240604,20240619,True,is,H20,-0.01043512788574319,0.6353848004792988,True,
8455,20240604,20240619,True,is,S7,-0.08855867042107923,0.6353848004792988,True,
6160,20240603,20240618,True,is,H5,0.0027993722366119744,0.6306000353384209,True,0.14158938538740973
6160,20240603,20240618,True,is,H10,0.08429896786008229,0.6306000353384209,True,0.14158938538740973
6160,20240603,20240618,True,is,H20,0.05063609140690972,0.6306000353384209,True,0.14158938538740973
6160,20240603,20240618,True,is,S7,0.05063609140690972,0.6306000353384209,True,0.14158938538740973
1587,20240705,20240719,True,oos,H5,-0.07581295912966601,0.2156284727542762,False,
1587,20240705,20240719,True,oos,H10,-0.16951780820399398,0.2156284727542762,False,
1587,20240705,20240719,True,oos,H20,-0.03539125952897548,0.2156284727542762,False,
1587,20240705,20240719,True,oos,S7,-0.16951780820399398,0.2156284727542762,False,
2243,20240722,20240805,False,oos,H5,-0.1263253455290706,0.6919522055212892,True,
2243,20240722,20240805,False,oos,H10,0.0469947276250815,0.6919522055212892,True,
2243,20240722,20240805,False,oos,H20,-0.15108535597966366,0.6919522055212892,True,
2243,20240722,20240805,False,oos,S7,-0.07149960810275724,0.6919522055212892,True,
2243,20240717,20240731,True,oos,H5,-0.08616014060639787,0.71921728425754,True,
2243,20240717,20240731,True,oos,H10,-0.15578603465543417,0.71921728425754,True,
2243,20240717,20240731,True,oos,H20,-0.12793567703581954,0.71921728425754,True,
2243,20240717,20240731,True,oos,S7,-0.05656913563555732,0.71921728425754,True,
2349,20240710,20240726,False,oos,H5,0.17539183507867984,0.5399908864058125,True,0.33698802043129783
2349,20240710,20240726,False,oos,H10,0.13390741737002054,0.5399908864058125,True,0.33698802043129783
2349,20240710,20240726,False,oos,H20,0.16156369584246044,0.5399908864058125,True,0.33698802043129783
2349,20240710,20240726,False,oos,S7,0.16156369584246044,0.5399908864058125,True,0.33698802043129783
2349,20240705,20240719,True,oos,H5,0.019986812353873562,0.6411635724024011,True,0.20223227345454675
2349,20240705,20240719,True,oos,H10,-0.08510273800985868,0.6411635724024011,True,0.20223227345454675
2349,20240705,20240719,True,oos,H20,-0.03564883195633761,0.6411635724024011,True,0.20223227345454675
2349,20240705,20240719,True,oos,S7,-0.06346665411144314,0.6411635724024011,True,0.20223227345454675
2429,20240704,20240718,True,oos,H5,-0.14250214697502595,0.5868126894554824,True,0.3322582661125304
2429,20240704,20240718,True,oos,H10,-0.049056868119740416,0.5868126894554824,True,0.3322582661125304
2429,20240704,20240718,True,oos,H20,-0.11776663198392101,0.5868126894554824,True,0.3322582661125304
2429,20240704,20240718,True,oos,S7,-0.09303111699281608,0.5868126894554824,True,0.3322582661125304
2486,20240709,20240723,False,oos,H5,-0.10346175584448669,0.03858207332372817,True,
2486,20240709,20240723,False,oos,H10,-0.2190155739800862,0.03858207332372817,True,
2486,20240709,20240723,False,oos,H20,-0.1990925018877414,0.03858207332372817,True,
2486,20240709,20240723,False,oos,S7,-0.151277128866114,0.03858207332372817,True,
3047,20240712,20240726,True,oos,H5,0.06014367727430936,0.6041352242232251,True,
3047,20240712,20240726,True,oos,H10,0.06014367727430936,0.6041352242232251,True,
3047,20240712,20240726,True,oos,H20,0.10981748706028216,0.6041352242232251,True,
3047,20240712,20240726,True,oos,S7,-0.12678671218342952,0.6041352242232251,True,
3535,20240716,20240730,True,oos,H5,-0.059003049410337294,0.6511667399816884,True,
3535,20240716,20240730,True,oos,H10,-0.05758160386564004,0.6511667399816884,True,
3535,20240716,20240730,True,oos,H20,0.06892704961242657,0.6511667399816884,True,
3535,20240716,20240730,True,oos,S7,-0.13860399991339034,0.6511667399816884,True,
3593,20240715,20240729,True,oos,H5,-0.09900329538706465,0.6046145180808009,True,
3593,20240715,20240729,True,oos,H10,-0.141907900368633,0.6046145180808009,True,
3593,20240715,20240729,True,oos,H20,-0.10704790882110882,0.6046145180808009,True,
3593,20240715,20240729,True,oos,S7,-0.19017558097289744,0.6046145180808009,True,
3652,20240701,20240715,True,oos,H5,0.016422009959182526,0.622283248526627,True,
3652,20240701,20240715,True,oos,H10,0.015319599970072595,0.622283248526627,True,
3652,20240701,20240715,True,oos,H20,-0.008933419790341568,0.622283248526627,True,
3652,20240701,20240715,True,oos,S7,-0.15334912836371795,0.622283248526627,True,
3686,20240703,20240717,True,oos,H5,0.0029145027279966484,0.6260672701088267,True,
3686,20240703,20240717,True,oos,H10,0.05306022786439635,0.6260672701088267,True,
3686,20240703,20240717,True,oos,H20,-0.050813059918146,0.6260672701088267,True,
3686,20240703,20240717,True,oos,S7,-0.050813059918146,0.6260672701088267,True,
4562,20240709,20240723,True,oos,H5,-0.14312678119197297,0.5645815036728888,True,
4562,20240709,20240723,True,oos,H10,-0.04240659582331019,0.5645815036728888,True,
4562,20240709,20240723,True,oos,H20,0.11092861175286317,0.5645815036728888,True,
4562,20240709,20240723,True,oos,S7,-0.09802819072839275,0.5645815036728888,True,
4927,20240717,20240731,True,oos,H5,-0.10107997504547706,0.7454120239578426,True,
4927,20240717,20240731,True,oos,H10,0.008953803942732153,0.7454120239578426,True,
4927,20240717,20240731,True,oos,H20,0.07236310030881898,0.7454120239578426,True,
4927,20240717,20240731,True,oos,S7,-0.10387744400280452,0.7454120239578426,True,
5484,20240717,20240731,False,oos,H5,-0.0721123809972084,0.3002486348155769,False,
5484,20240717,20240731,False,oos,H10,0.0061432013283280185,0.3002486348155769,False,
5484,20240717,20240731,False,oos,H20,0.15566726041462142,0.3002486348155769,False,
5484,20240717,20240731,False,oos,S7,-0.0721123809972084,0.3002486348155769,False,
5484,20240708,20240722,False,oos,H5,-0.0506199689472705,0.33898575098501177,True,
5484,20240708,20240722,False,oos,H10,-0.1121290977197007,0.33898575098501177,True,
5484,20240708,20240722,False,oos,H20,0.1940793911691372,0.33898575098501177,True,
5484,20240708,20240722,False,oos,S7,-0.09073461814668149,0.33898575098501177,True,
6133,20240711,20240726,True,oos,H5,-0.017752699703219466,0.6371456272900681,True,
6133,20240711,20240726,True,oos,H10,-0.06240030426216425,0.6371456272900681,True,
6133,20240711,20240726,True,oos,H20,0.19060278823852173,0.6371456272900681,True,
6133,20240711,20240726,True,oos,S7,-0.11696959872309631,0.6371456272900681,True,
6442,20240718,20240801,False,oos,H5,-0.20626480784098544,0.5403123594981775,True,
6442,20240718,20240801,False,oos,H10,-0.18398079843545168,0.5403123594981775,True,
6442,20240718,20240801,False,oos,H20,-0.053460171917325106,0.5403123594981775,True,
6442,20240718,20240801,False,oos,S7,-0.053460171917325106,0.5403123594981775,True,
6658,20240705,20240719,True,oos,H5,-0.19534954955671147,0.6508702507842957,True,
6658,20240705,20240719,True,oos,H10,-0.12817872934579344,0.6508702507842957,True,
6658,20240705,20240719,True,oos,H20,0.11251670974332928,0.6508702507842957,True,
6658,20240705,20240719,True,oos,S7,-0.13657508187215817,0.6508702507842957,True,
6698,20240708,20240726,True,oos,H5,0.07185095573286615,0.13443601621731116,True,
6698,20240708,20240726,True,oos,H10,-0.056668343515679065,0.13443601621731116,True,
6698,20240708,20240726,True,oos,H20,-0.04124602760585372,0.13443601621731116,True,
6698,20240708,20240726,True,oos,S7,-0.08751297533532987,0.13443601621731116,True,
6937,20240712,20240726,True,oos,H5,-0.013343059746780628,0.6161455215173967,True,
6937,20240712,20240726,True,oos,H10,-0.1658431082402949,0.6161455215173967,True,
6937,20240712,20240726,True,oos,H20,-0.04457800943822343,0.6161455215173967,True,
6937,20240712,20240726,True,oos,S7,-0.1364455085307018,0.6161455215173967,True,
8104,20240708,20240722,True,oos,H5,-0.20441028636397862,0.6730725098996179,True,-0.1631917351346326
8104,20240708,20240722,True,oos,H10,-0.379662565941144,0.6730725098996179,True,-0.1631917351346326
8104,20240708,20240722,True,oos,H20,-0.23222810851908415,0.6730725098996179,True,-0.1631917351346326
8104,20240708,20240722,True,oos,S7,-0.11075695177512279,0.6730725098996179,True,-0.1631917351346326
9110,20240702,20240716,False,oos,H5,0.02299910006370154,0.4149603448103911,True,
9110,20240702,20240716,False,oos,H10,-0.005028272540783529,0.4149603448103911,True,
9110,20240702,20240716,False,oos,H20,0.001978570610337904,0.4149603448103911,True,
9110,20240702,20240716,False,oos,S7,0.001978570610337904,0.4149603448103911,True,
3228,20240731,20240814,True,oos,H5,0.01688494369126392,0.416815040855454,False,
3228,20240731,20240814,True,oos,H10,-0.025485262295872113,0.416815040855454,False,
3228,20240731,20240814,True,oos,H20,-0.14729960450888802,0.416815040855454,False,
3228,20240731,20240814,True,oos,S7,-0.224978315485304,0.416815040855454,False,
6228,20240731,20240814,True,oos,H5,-0.16595794261416064,0.6258683089558927,True,
6228,20240731,20240814,True,oos,H10,-0.22176744831284123,0.6258683089558927,True,
6228,20240731,20240814,True,oos,H20,-0.2310690325959548,0.6258683089558927,True,
6228,20240731,20240814,True,oos,S7,-0.11789975715140777,0.6258683089558927,True,
6144,20240729,20240812,False,oos,H5,0.00331695638077667,0.7192472390866953,True,
6144,20240729,20240812,False,oos,H10,0.34394925638659624,0.7192472390866953,True,
6144,20240729,20240812,False,oos,H20,0.22256029129361332,0.7192472390866953,True,
6144,20240729,20240812,False,oos,S7,0.22256029129361332,0.7192472390866953,True,
8089,20240726,20240807,False,oos,H5,0.20548532309150325,-0.021558277257033128,False,
8089,20240726,20240807,False,oos,H10,0.42872334588622607,-0.021558277257033128,False,
8089,20240726,20240807,False,oos,H20,0.13107264882659542,-0.021558277257033128,False,
8089,20240726,20240807,False,oos,S7,0.13107264882659542,-0.021558277257033128,False,
3073,20240723,20240806,True,oos,H5,-0.09381898895179186,0.4462402857774199,True,
3073,20240723,20240806,True,oos,H10,-0.03561174152679736,0.4462402857774199,True,
3073,20240723,20240806,True,oos,H20,0.21706062797715542,0.4462402857774199,True,
3073,20240723,20240806,True,oos,S7,-0.09381898895179186,0.4462402857774199,True,
6692,20240723,20240806,True,oos,H5,-0.016921563376351645,0.34713624866902454,True,
6692,20240723,20240806,True,oos,H10,0.1506043525079952,0.34713624866902454,True,
6692,20240723,20240806,True,oos,H20,0.09086642901435238,0.34713624866902454,True,
6692,20240723,20240806,True,oos,S7,0.09086642901435238,0.34713624866902454,True,
6492,20240722,20240805,True,oos,H5,-0.048347870954767336,0.5341764222653806,True,
6492,20240722,20240805,True,oos,H10,-0.003878145298447988,0.5341764222653806,True,
6492,20240722,20240805,True,oos,H20,0.02576833847243165,0.5341764222653806,True,
6492,20240722,20240805,True,oos,S7,0.02576833847243165,0.5341764222653806,True,
3379,20240718,20240801,False,oos,H5,-0.09146650204662465,0.652377831668452,True,
3379,20240718,20240801,False,oos,H10,-0.11323464386391846,0.652377831668452,True,
3379,20240718,20240801,False,oos,H20,-0.053658676785008574,0.652377831668452,True,
3379,20240718,20240801,False,oos,S7,-0.09261219372121898,0.652377831668452,True,
4804,20240718,20240801,True,oos,H5,-0.06808418734366739,0.4513140149700178,True,
4804,20240718,20240801,True,oos,H10,0.02430401822140027,0.4513140149700178,True,
4804,20240718,20240801,True,oos,H20,-0.03594915932103526,0.4513140149700178,True,
4804,20240718,20240801,True,oos,S7,-0.12030360788044459,0.4513140149700178,True,
3363,20240716,20240730,False,oos,H5,-0.10064681856176194,0.26100178826462345,True,-0.18625825999371992
3363,20240716,20240730,False,oos,H10,-0.0846440929133947,0.26100178826462345,True,-0.18625825999371992
3363,20240716,20240730,False,oos,H20,0.08818534408897127,0.26100178826462345,True,-0.18625825999371992
3363,20240716,20240730,False,oos,S7,-0.10064681856176194,0.26100178826462345,True,-0.18625825999371992
6187,20240712,20240726,False,oos,H5,0.05466782422703709,0.35335442676389905,False,
6187,20240712,20240726,False,oos,H10,0.07029253273410441,0.35335442676389905,False,
6187,20240712,20240726,False,oos,H20,0.29880389464996204,0.35335442676389905,False,
6187,20240712,20240726,False,oos,S7,-0.0390804268153665,0.35335442676389905,False,
6218,20240712,20240726,True,oos,H5,-0.0520029168991224,0.5101456879950328,True,
6218,20240712,20240726,True,oos,H10,-0.19131431620785333,0.5101456879950328,True,
6218,20240712,20240726,True,oos,H20,0.0703192873719587,0.5101456879950328,True,
6218,20240712,20240726,True,oos,S7,-0.09447590449324761,0.5101456879950328,True,
6231,20240711,20240726,False,oos,H5,-0.1053273845606485,0.6078059306486461,True,
6231,20240711,20240726,False,oos,H10,-0.14776698298533575,0.6078059306486461,True,
6231,20240711,20240726,False,oos,H20,-0.027330284753115275,0.6078059306486461,True,
6231,20240711,20240726,False,oos,S7,-0.0777989963932838,0.6078059306486461,True,
5345,20240709,20240723,False,oos,H5,-0.10604908097862664,0.7299282230043903,True,
5345,20240709,20240723,False,oos,H10,-0.15432576003192267,0.7299282230043903,True,
5345,20240709,20240723,False,oos,H20,0.08039878295134306,0.7299282230043903,True,
5345,20240709,20240723,False,oos,S7,-0.10105494176621677,0.7299282230043903,True,
4534,20240708,20240722,True,oos,H5,-0.14711627188682808,0.7045629973559993,True,
4534,20240708,20240722,True,oos,H10,-0.21771291157404826,0.7045629973559993,True,
4534,20240708,20240722,True,oos,H20,0.049409508864081575,0.7045629973559993,True,
4534,20240708,20240722,True,oos,S7,-0.1795525657971726,0.7045629973559993,True,
4304,20240705,20240719,False,oos,H5,0.29367986103730037,0.6923858317410863,True,
4304,20240705,20240719,False,oos,H10,0.1006711720922191,0.6923858317410863,True,
4304,20240705,20240719,False,oos,H20,0.3562772736681372,0.6923858317410863,True,
4304,20240705,20240719,False,oos,S7,0.3562772736681372,0.6923858317410863,True,
8440,20240705,20240719,False,oos,H5,0.012012370002743467,0.3415557161394413,True,
8440,20240705,20240719,False,oos,H10,-0.0743063321445494,0.3415557161394413,True,
8440,20240705,20240719,False,oos,H20,-0.0018779958600393387,0.3415557161394413,True,
8440,20240705,20240719,False,oos,S7,-0.12292261266428894,0.3415557161394413,True,
5345,20240704,20240718,False,oos,H5,0.08048706318994636,0.6191464953524584,True,
5345,20240704,20240718,False,oos,H10,0.014718285430558309,0.6191464953524584,True,
5345,20240704,20240718,False,oos,H20,0.2627605329802505,0.6191464953524584,True,
5345,20240704,20240718,False,oos,S7,0.2627605329802505,0.6191464953524584,True,
6661,20240704,20240718,True,oos,H5,-0.019542954036293136,0.5133297235678469,True,
6661,20240704,20240718,True,oos,H10,-0.07810267521159997,0.5133297235678469,True,
6661,20240704,20240718,True,oos,H20,-0.0429668425064158,0.5133297235678469,True,
6661,20240704,20240718,True,oos,S7,-0.08981461944666136,0.5133297235678469,True,
1225,20240820,20240903,True,oos,H5,0.020337825882644767,0.6555448721939308,True,0.30961266517592767
1225,20240820,20240903,True,oos,H10,0.11423394482890026,0.6555448721939308,True,0.30961266517592767
1225,20240820,20240903,True,oos,H20,-0.1392855763259898,0.6555448721939308,True,0.30961266517592767
1225,20240820,20240903,True,oos,S7,-0.10172712874748746,0.6555448721939308,True,0.30961266517592767
1540,20240809,20240827,True,oos,H5,0.07049812100393393,0.5277939052138048,True,
1540,20240809,20240827,True,oos,H10,0.20887958542639362,0.5277939052138048,True,
1540,20240809,20240827,True,oos,H20,0.1984357013190381,0.5277939052138048,True,
1540,20240809,20240827,True,oos,S7,0.1984357013190381,0.5277939052138048,True,
2438,20240822,20240905,True,oos,H5,-0.14376875400995992,0.20524387697032967,False,
2438,20240822,20240905,True,oos,H10,-0.17819454637450816,0.20524387697032967,False,
2438,20240822,20240905,True,oos,H20,-0.20467592511646804,0.20524387697032967,False,
2438,20240822,20240905,True,oos,S7,-0.17113284537665185,0.20524387697032967,False,
3550,20240830,20240913,True,oos,H5,0.057158225364626336,0.6101129191487268,True,0.12545753127845494
3550,20240830,20240913,True,oos,H10,0.1741388486631712,0.6101129191487268,True,0.12545753127845494
3550,20240830,20240913,True,oos,H20,0.0484929940091785,0.6101129191487268,True,0.12545753127845494
3550,20240830,20240913,True,oos,S7,0.0484929940091785,0.6101129191487268,True,0.12545753127845494
8039,20240830,20240913,True,oos,H5,-0.09279177964408736,0.6899943713193885,True,-0.12188511694836446
8039,20240830,20240913,True,oos,H10,-0.12735209280050286,0.6899943713193885,True,-0.12188511694836446
8039,20240830,20240913,True,oos,H20,-0.20511279740243826,0.6899943713193885,True,-0.12188511694836446
8039,20240830,20240913,True,oos,S7,-0.08991175354771919,0.6899943713193885,True,-0.12188511694836446
9103,20240821,20240904,True,oos,H5,-0.04043084805062003,0.6490441616815444,True,
9103,20240821,20240904,True,oos,H10,-0.03617869523548245,0.6490441616815444,True,
9103,20240821,20240904,True,oos,H20,-0.04043084805062003,0.6490441616815444,True,
9103,20240821,20240904,True,oos,S7,-0.04043084805062003,0.6490441616815444,True,
9105,20240828,20240911,True,oos,H5,-0.05463143386721159,0.08120805471293305,False,
9105,20240828,20240911,True,oos,H10,-0.03778328120345886,0.08120805471293305,False,
9105,20240828,20240911,True,oos,H20,0.06892168566697476,0.08120805471293305,False,
9105,20240828,20240911,True,oos,S7,0.06892168566697476,0.08120805471293305,False,
5364,20240830,20240913,True,oos,H5,-0.11118194628027023,0.7088166682615985,True,
5364,20240830,20240913,True,oos,H10,-0.10791823249672161,0.7088166682615985,True,
5364,20240830,20240913,True,oos,H20,-0.15143441627736942,0.7088166682615985,True,
5364,20240830,20240913,True,oos,S7,-0.13185213357607806,0.7088166682615985,True,
4741,20240829,20240912,True,oos,H5,0.00342039111854775,0.4338014950609645,True,0.08064555461720735
4741,20240829,20240912,True,oos,H10,-0.04669948570592597,0.4338014950609645,True,0.08064555461720735
4741,20240829,20240912,True,oos,H20,-0.13057356528973918,0.4338014950609645,True,0.08064555461720735
4741,20240829,20240912,True,oos,S7,-0.16739633193629155,0.4338014950609645,True,0.08064555461720735
3073,20240828,20240913,False,oos,H5,-0.013815141225832384,0.613792742983263,True,
3073,20240828,20240913,False,oos,H10,0.026876952461450943,0.613792742983263,True,
3073,20240828,20240913,False,oos,H20,-0.11674220172896177,0.613792742983263,True,
3073,20240828,20240913,False,oos,S7,-0.08442789203611878,0.613792742983263,True,
5905,20240823,20240906,True,oos,H5,-0.23598801387647605,0.6097934292624508,True,
5905,20240823,20240906,True,oos,H10,-0.2297084633055979,0.6097934292624508,True,
5905,20240823,20240906,True,oos,H20,-0.2590130326363631,0.6097934292624508,True,
5905,20240823,20240906,True,oos,S7,-0.1522606729314323,0.6097934292624508,True,
2070,20240822,20240909,True,oos,H5,0.308569337466879,0.40100510844449794,True,
2070,20240822,20240909,True,oos,H10,0.5494502602841653,0.40100510844449794,True,
2070,20240822,20240909,True,oos,H20,0.37367228957965914,0.40100510844449794,True,
2070,20240822,20240909,True,oos,S7,0.37367228957965914,0.40100510844449794,True,
6570,20240822,20240905,True,oos,H5,-0.1062905279125601,0.4967660823961648,True,0.22369035523662228
6570,20240822,20240905,True,oos,H10,-0.09871671882707334,0.4967660823961648,True,0.22369035523662228
6570,20240822,20240905,True,oos,H20,-0.17142528604774632,0.4967660823961648,True,0.22369035523662228
6570,20240822,20240905,True,oos,S7,-0.1274971933519231,0.4967660823961648,True,0.22369035523662228
3219,20240819,20240902,True,oos,H5,-0.08241714018330715,0.7107918672705668,True,
3219,20240819,20240902,True,oos,H10,-0.1795525657971726,0.7107918672705668,True,
3219,20240819,20240902,True,oos,H20,-0.09802819072839275,0.7107918672705668,True,
3219,20240819,20240902,True,oos,S7,-0.06333696729486926,0.7107918672705668,True,
3284,20240819,20240902,True,oos,H5,-0.16534392641216566,0.6327793560948394,True,
3284,20240819,20240902,True,oos,H10,-0.27170574123707447,0.6327793560948394,True,
3284,20240819,20240902,True,oos,H20,-0.3894344675699888,0.6327793560948394,True,
3284,20240819,20240902,True,oos,S7,-0.17833468242131478,0.6327793560948394,True,
2425,20240903,20240918,True,oos,H5,0.12526483034738312,0.6462877494114346,True,0.21245513350929102
2425,20240903,20240918,True,oos,H10,0.0683966077384297,0.6462877494114346,True,0.21245513350929102
2425,20240903,20240918,True,oos,H20,0.05387706154039873,0.6462877494114346,True,0.21245513350929102
2425,20240903,20240918,True,oos,S7,0.05387706154039873,0.6462877494114346,True,0.21245513350929102
6969,20240927,20241014,True,oos,H5,0.0003015229053151547,0.6943464256915465,False,
6969,20240927,20241014,True,oos,H10,-0.097288869573252,0.6943464256915465,False,
6969,20240927,20241014,True,oos,H20,-0.2095178209236045,0.6943464256915465,False,
6969,20240927,20241014,True,oos,S7,-0.097288869573252,0.6943464256915465,False,
6144,20240925,20241009,True,oos,H5,0.09229613599864384,0.6595698812995618,True,
6144,20240925,20241009,True,oos,H10,-0.05789458270116976,0.6595698812995618,True,
6144,20240925,20241009,True,oos,H20,-0.5503380906805584,0.6595698812995618,True,
6144,20240925,20241009,True,oos,S7,-0.22537999022096178,0.6595698812995618,True,
3354,20240923,20241007,True,oos,H5,-0.07800085614752639,0.7205746919388154,True,
3354,20240923,20241007,True,oos,H10,0.10803082951474274,0.7205746919388154,True,
3354,20240923,20241007,True,oos,H20,-0.12695656290075508,0.7205746919388154,True,
3354,20240923,20241007,True,oos,S7,-0.11390170776656083,0.7205746919388154,True,
6643,20240923,20241007,False,oos,H5,0.033806777557229495,0.38693314520718436,False,-0.18001453382414023
6643,20240923,20241007,False,oos,H10,0.017151662613845042,0.38693314520718436,False,-0.18001453382414023
6643,20240923,20241007,False,oos,H20,-0.10776169946153957,0.38693314520718436,False,-0.18001453382414023
6643,20240923,20241007,False,oos,S7,-0.11846855906800091,0.38693314520718436,False,-0.18001453382414023
4950,20240920,20241004,False,oos,H5,-0.011706669919195889,0.6101372358470172,True,0.034614747918879196
4950,20240920,20241004,False,oos,H10,-0.027209310391051567,0.6101372358470172,True,0.034614747918879196
4950,20240920,20241004,False,oos,H20,0.030925591378407447,0.6101372358470172,True,0.034614747918879196
4950,20240920,20241004,False,oos,S7,0.030925591378407447,0.6101372358470172,True,0.034614747918879196
5443,20240920,20241004,True,oos,H5,-0.06837013462691954,0.6805584524166187,False,0.13377693732022955
5443,20240920,20241004,True,oos,H10,-0.10536626646483949,0.6805584524166187,False,0.13377693732022955
5443,20240920,20241004,True,oos,H20,-0.15917882186545074,0.6805584524166187,False,0.13377693732022955
5443,20240920,20241004,True,oos,S7,-0.07845998876453397,0.6805584524166187,False,0.13377693732022955
5438,20240919,20241004,True,oos,H5,-0.061408135271965536,0.6825391752759145,True,
5438,20240919,20241004,True,oos,H10,0.14694735266977577,0.6825391752759145,True,
5438,20240919,20241004,True,oos,H20,0.46047275357258655,0.6825391752759145,True,
5438,20240919,20241004,True,oos,S7,-0.14078165448786684,0.6825391752759145,True,
8032,20240919,20241004,True,oos,H5,0.0977991488511083,0.6240644840707731,True,
8032,20240919,20241004,True,oos,H10,0.35810203981580413,0.6240644840707731,True,
8032,20240919,20241004,True,oos,H20,0.936552908626239,0.6240644840707731,True,
8032,20240919,20241004,True,oos,S7,0.936552908626239,0.6240644840707731,True,
6231,20240916,20241001,True,oos,H5,-0.040267303711576274,0.6355977613309253,True,
6231,20240916,20241001,True,oos,H10,0.06658166446367564,0.6355977613309253,True,
6231,20240916,20241001,True,oos,H20,-0.0001989406458569043,0.6355977613309253,True,
6231,20240916,20241001,True,oos,S7,-0.0001989406458569043,0.6355977613309253,True,
5386,20240902,20240916,True,oos,H5,-0.04899085873960851,0.4976583188652303,True,
5386,20240902,20240916,True,oos,H10,-0.07282024496709016,0.4976583188652303,True,
5386,20240902,20240916,True,oos,H20,-0.021912010753834532,0.4976583188652303,True,
5386,20240902,20240916,True,oos,S7,-0.021912010753834532,0.4976583188652303,True,
4956,20241017,20241104,True,oos,H5,-0.11793607653105831,0.643612086947192,True,0.24883784442844736
4956,20241017,20241104,True,oos,H10,-0.1032554009670813,0.643612086947192,True,0.24883784442844736
4956,20241017,20241104,True,oos,H20,-0.10447879059741272,0.643612086947192,True,0.24883784442844736
4956,20241017,20241104,True,oos,S7,-0.11426590764006384,0.643612086947192,True,0.24883784442844736
5907,20241008,20241023,True,oos,H5,-0.04735965482907112,0.6843398977959425,True,0.010362006080907538
5907,20241008,20241023,True,oos,H10,-0.019689603309583692,0.6843398977959425,True,0.010362006080907538
5907,20241008,20241023,True,oos,H20,-0.08688829985691071,0.6843398977959425,True,0.010362006080907538
5907,20241008,20241023,True,oos,S7,-0.10269975786804642,0.6843398977959425,True,0.010362006080907538
4558,20241030,20241113,True,oos,H5,0.16146766709776417,0.5463797151818497,True,
4558,20241030,20241113,True,oos,H10,0.043352311121720444,0.5463797151818497,True,
4558,20241030,20241113,True,oos,H20,-0.06163911641254072,0.5463797151818497,True,
4558,20241030,20241113,True,oos,S7,-0.07870022338685823,0.5463797151818497,True,
6144,20241030,20241113,False,oos,H5,-0.218364429672678,0.22074638979514655,False,
6144,20241030,20241113,False,oos,H10,0.18576293950584466,0.22074638979514655,False,
6144,20241030,20241113,False,oos,H20,-0.05138964839532412,0.22074638979514655,False,
6144,20241030,20241113,False,oos,S7,-0.22320427840535473,0.22074638979514655,False,
6763,20241025,20241108,False,oos,H5,-0.17638019970246843,0.6543627829773748,True,
6763,20241025,20241108,False,oos,H10,-0.151277128866114,0.6543627829773748,True,
6763,20241025,20241108,False,oos,H20,-0.12139252072759676,0.6543627829773748,True,
6763,20241025,20241108,False,oos,S7,-0.14769097588949198,0.6543627829773748,True,
6151,20241024,20241107,True,oos,H5,-0.10303914522434598,0.675172864370426,True,
6151,20241024,20241107,True,oos,H10,-0.10637978155498162,0.675172864370426,True,
6151,20241024,20241107,True,oos,H20,-0.2166207804659559,0.675172864370426,True,
6151,20241024,20241107,True,oos,S7,-0.10470946338966391,0.675172864370426,True,
6546,20241021,20241104,True,oos,H5,-0.04767715398592143,0.20041950747610593,False,
6546,20241021,20241104,True,oos,H10,-0.027754081893576643,0.20041950747610593,False,
6546,20241021,20241104,True,oos,H20,0.0838151218235541,0.20041950747610593,False,
6546,20241021,20241104,True,oos,S7,0.0838151218235541,0.20041950747610593,False,
6187,20241017,20241101,False,oos,H5,0.06883659398685493,0.3462265652909734,False,0.10142103972425143
6187,20241017,20241101,False,oos,H10,0.0553070168477805,0.3462265652909734,False,0.10142103972425143
6187,20241017,20241101,False,oos,H20,-0.00783100980123197,0.3462265652909734,False,0.10142103972425143
6187,20241017,20241101,False,oos,S7,-0.00783100980123197,0.3462265652909734,False,0.10142103972425143
5543,20241015,20241029,True,oos,H5,0.1732217256364994,0.2614320710560244,False,
5543,20241015,20241029,True,oos,H10,0.33737620576670935,0.2614320710560244,False,
5543,20241015,20241029,True,oos,H20,0.1297690691314437,0.2614320710560244,False,
5543,20241015,20241029,True,oos,S7,0.1297690691314437,0.2614320710560244,False,
3234,20241014,20241028,True,oos,H5,-0.12960627821597004,0.5968128519767215,True,0.18300508872324417
3234,20241014,20241028,True,oos,H10,0.07801057285178015,0.5968128519767215,True,0.18300508872324417
3234,20241014,20241028,True,oos,H20,0.036087939463099517,0.5968128519767215,True,0.18300508872324417
3234,20241014,20241028,True,oos,S7,-0.11563206708641005,0.5968128519767215,True,0.18300508872324417
3363,20241014,20241028,True,oos,H5,-0.09531257667897286,0.6016748134414331,True,0.027897511857271073
3363,20241014,20241028,True,oos,H10,-0.08677778966651029,0.6016748134414331,True,0.027897511857271073
3363,20241014,20241028,True,oos,H20,-0.03983646109796635,0.6016748134414331,True,0.027897511857271073
3363,20241014,20241028,True,oos,S7,-0.11024845395078231,0.6016748134414331,True,0.027897511857271073
6246,20241007,20241022,True,oos,H5,0.05898853443664409,0.628765034089618,True,
6246,20241007,20241022,True,oos,H10,-0.03415386056160752,0.628765034089618,True,
6246,20241007,20241022,True,oos,H20,-0.0969237354517335,0.628765034089618,True,
6246,20241007,20241022,True,oos,S7,-0.08679956208235828,0.628765034089618,True,
4402,20241001,20241016,True,oos,H5,-0.11598213195560003,0.2938090464270301,False,
4402,20241001,20241016,True,oos,H10,-0.14733028330469222,0.2938090464270301,False,
4402,20241001,20241016,True,oos,H20,-0.2476443676217872,0.2938090464270301,False,
4402,20241001,20241016,True,oos,S7,-0.10344287141596298,0.2938090464270301,False,
6442,20241106,20241120,True,oos,H5,-0.015463078956607035,0.6790259483349232,True,
6442,20241106,20241120,True,oos,H10,-0.05266941608906073,0.6790259483349232,True,
6442,20241106,20241120,True,oos,H20,0.05704157801945686,0.6790259483349232,True,
6442,20241106,20241120,True,oos,S7,0.05704157801945686,0.6790259483349232,True,
6144,20241129,20241213,False,oos,H5,-0.15544639614787792,0.5647318189757405,False,
6144,20241129,20241213,False,oos,H10,-0.24740352206873928,0.5647318189757405,False,
6144,20241129,20241213,False,oos,H20,-0.2074747700241547,0.5647318189757405,False,
6144,20241129,20241213,False,oos,S7,-0.16996594234590867,0.5647318189757405,False,
3597,20241128,20241212,True,oos,H5,-0.08981862695538168,0.36907895916975403,True,
3597,20241128,20241212,True,oos,H10,-0.011395688807934068,0.36907895916975403,True,
3597,20241128,20241212,True,oos,H20,-0.11477138000229659,0.36907895916975403,True,
3597,20241128,20241212,True,oos,S7,-0.09338330596208388,0.36907895916975403,True,
3202,20241122,20241206,True,oos,H5,-0.1075283780657571,0.3966293783933344,False,
3202,20241122,20241206,True,oos,H10,-0.17839759165138336,0.3966293783933344,False,
3202,20241122,20241206,True,oos,H20,-0.2792961330275293,0.3966293783933344,False,
3202,20241122,20241206,True,oos,S7,-0.15317295630734673,0.3966293783933344,False,
6144,20241108,20241122,False,oos,H5,0.4093309519868864,0.28807243987050013,False,
6144,20241108,20241122,False,oos,H10,0.2514858853643551,0.28807243987050013,False,
6144,20241108,20241122,False,oos,H20,-0.01628699551315338,0.28807243987050013,False,
6144,20241108,20241122,False,oos,S7,-0.01628699551315338,0.28807243987050013,False,
3363,20241105,20241119,False,oos,H5,0.1874362914612917,0.013218654938718053,False,-0.08866213412782264
3363,20241105,20241119,False,oos,H10,0.10563512471618042,0.013218654938718053,False,-0.08866213412782264
3363,20241105,20241119,False,oos,H20,0.22965624849102628,0.013218654938718053,False,-0.08866213412782264
3363,20241105,20241119,False,oos,S7,0.22965624849102628,0.013218654938718053,False,-0.08866213412782264
6144,20241105,20241119,False,oos,H5,0.5109501615445289,0.22811865325698696,False,
6144,20241105,20241119,False,oos,H10,0.34720985433852314,0.22811865325698696,False,
6144,20241105,20241119,False,oos,H20,0.112137136072475,0.22811865325698696,False,
6144,20241105,20241119,False,oos,S7,0.112137136072475,0.22811865325698696,False,
3081,20241104,20241120,False,oos,H5,-0.02508612267425392,0.32727336136343393,False,
3081,20241104,20241120,False,oos,H10,0.02955506809031605,0.32727336136343393,False,
3081,20241104,20241120,False,oos,H20,0.01948958558105307,0.32727336136343393,False,
3081,20241104,20241120,False,oos,S7,0.01948958558105307,0.32727336136343393,False,
2250,20241226,20250110,True,oos,H5,0.12886782884837622,0.4240625579093684,True,
2250,20241226,20250110,True,oos,H10,0.12886782884837622,0.4240625579093684,True,
2250,20241226,20250110,True,oos,H20,0.24351846771578933,0.4240625579093684,True,
2250,20241226,20250110,True,oos,S7,0.24351846771578933,0.4240625579093684,True,
4571,20241224,20250110,True,oos,H5,0.024929287044953785,0.3034159495547089,True,
4571,20241224,20250110,True,oos,H10,-0.08505170951009833,0.3034159495547089,True,
4571,20241224,20250110,True,oos,H20,0.14193034720990294,0.3034159495547089,True,
4571,20241224,20250110,True,oos,S7,-0.08505170951009833,0.3034159495547089,True,
6426,20241210,20241224,True,oos,H5,-0.011404247461011319,0.3962415694985742,True,0.0732342264325685
6426,20241210,20241224,True,oos,H10,-0.02212396044034992,0.3962415694985742,True,0.0732342264325685
6426,20241210,20241224,True,oos,H20,-0.04594554483887969,0.3962415694985742,True,0.0732342264325685
6426,20241210,20241224,True,oos,S7,-0.10669058505513085,0.3962415694985742,True,0.0732342264325685
6781,20241209,20241223,False,oos,H5,0.15055741333290884,0.6444049616656318,True,
6781,20241209,20241223,False,oos,H10,0.17546125344833974,0.6444049616656318,True,
6781,20241209,20241223,False,oos,H20,0.21530739763302909,0.6444049616656318,True,
6781,20241209,20241223,False,oos,S7,0.21530739763302909,0.6444049616656318,True,
8101,20241205,20241219,False,oos,H5,-0.039922729160761006,0.4195494274299725,True,
8101,20241205,20241219,False,oos,H10,0.03763225929143377,0.4195494274299725,True,
8101,20241205,20241219,False,oos,H20,0.005540539931905064,0.4195494274299725,True,
8101,20241205,20241219,False,oos,S7,0.005540539931905064,0.4195494274299725,True,
8101,20241202,20241216,False,oos,H5,0.03350936479038347,0.49338193504285954,True,
8101,20241202,20241216,False,oos,H10,-0.0698415716886549,0.49338193504285954,True,
8101,20241202,20241216,False,oos,H20,0.007671630670623708,0.49338193504285954,True,
8101,20241202,20241216,False,oos,S7,-0.11118194628027023,0.49338193504285954,True,
9136,20241230,20250114,True,oos,H5,-0.00783100980123197,0.5729441497144224,True,
9136,20241230,20250114,True,oos,H10,-0.02156873428090711,0.5729441497144224,True,
9136,20241230,20250114,True,oos,H20,0.24097444466399764,0.5729441497144224,True,
9136,20241230,20250114,True,oos,S7,0.24097444466399764,0.5729441497144224,True,
6104,20241231,20250115,False,oos,H5,0.13107264882659542,0.07508764929104914,False,
6104,20241231,20250115,False,oos,H10,0.1707594084345463,0.07508764929104914,False,
6104,20241231,20250115,False,oos,H20,0.11453649898994933,0.07508764929104914,False,
6104,20241231,20250115,False,oos,S7,0.11453649898994933,0.07508764929104914,False,
6922,20241227,20250113,True,oos,H5,0.005054301759790825,0.5195819107627317,True,
6922,20241227,20250113,True,oos,H10,0.030824924881836857,0.5195819107627317,True,
6922,20241227,20250113,True,oos,H20,0.3297641530975697,0.5195819107627317,True,
6922,20241227,20250113,True,oos,S7,-0.07741169223075595,0.5195819107627317,True,
5278,20241216,20241230,True,oos,H5,-0.048745194964067595,0.35852655034654846,False,
5278,20241216,20241230,True,oos,H10,-0.13440927014875503,0.35852655034654846,False,
5278,20241216,20241230,True,oos,H20,-0.06664515097280832,0.35852655034654846,False,
5278,20241216,20241230,True,oos,S7,-0.11778788242635319,0.35852655034654846,False,
3625,20241209,20241223,False,oos,H5,0.07869535562307917,0.5052822416727522,True,
3625,20241209,20241223,False,oos,H10,0.03543217291092371,0.5052822416727522,True,
3625,20241209,20241223,False,oos,H20,0.07292693126145866,0.5052822416727522,True,
3625,20241209,20241223,False,oos,S7,-0.08282052650230154,0.5052822416727522,True,
6535,20241209,20241223,True,oos,H5,0.052452675679199645,0.31747740395415974,False,-0.2624733387468633
6535,20241209,20241223,True,oos,H10,0.20818552983698102,0.31747740395415974,False,-0.2624733387468633
6535,20241209,20241223,True,oos,H20,0.18055550732511638,0.31747740395415974,False,-0.2624733387468633
6535,20241209,20241223,True,oos,S7,0.18055550732511638,0.31747740395415974,False,-0.2624733387468633
6104,20241206,20241224,True,oos,H5,-0.05059691455117887,0.6717898063739667,True,0.16152588860394768
6104,20241206,20241224,True,oos,H10,-0.07340539708448379,0.6717898063739667,True,0.16152588860394768
6104,20241206,20241224,True,oos,H20,-0.024937371701210798,0.6717898063739667,True,0.16152588860394768
6104,20241206,20241224,True,oos,S7,-0.06200115581783128,0.6717898063739667,True,0.16152588860394768
6477,20250110,20250206,True,oos,H5,-0.10405709797254081,0.5987201083383918,True,
6477,20250110,20250206,True,oos,H10,0.020776746141589975,0.5987201083383918,True,
6477,20250110,20250206,True,oos,H20,-0.07414898948686388,0.5987201083383918,True,
6477,20250110,20250206,True,oos,S7,-0.08715251491541909,0.5987201083383918,True,
8033,20250106,20250120,True,oos,H5,0.019065137523433417,0.5968252270185612,True,
8033,20250106,20250120,True,oos,H10,-0.04369253956745267,0.5968252270185612,True,
8033,20250106,20250120,True,oos,H20,-0.0016768490735760144,0.5968252270185612,True,
8033,20250106,20250120,True,oos,S7,-0.0016768490735760144,0.5968252270185612,True,
9103,20250110,20250204,False,oos,H5,-0.051033563428505624,0.3933537073920275,True,
9103,20250110,20250204,False,oos,H10,-0.06742073894229927,0.3933537073920275,True,
9103,20250110,20250204,False,oos,H20,-0.07635919831345916,0.3933537073920275,True,
9103,20250110,20250204,False,oos,S7,-0.07933868477051254,0.3933537073920275,True,
3081,20250122,20250218,False,oos,H5,-0.10862905462222239,0.6904983407457654,True,-0.04994964463518703
3081,20250122,20250218,False,oos,H10,-0.308248712012811,0.6904983407457654,True,-0.04994964463518703
3081,20250122,20250218,False,oos,H20,-0.35765951829761033,0.6904983407457654,True,-0.04994964463518703
3081,20250122,20250218,False,oos,S7,-0.12048764813057422,0.6904983407457654,True,-0.04994964463518703
3379,20250121,20250217,True,oos,H5,0.23701363971374967,0.5328619012471827,True,
3379,20250121,20250217,True,oos,H10,0.22605044645188488,0.5328619012471827,True,
3379,20250121,20250217,True,oos,H20,0.2936568049000512,0.5328619012471827,True,
3379,20250121,20250217,True,oos,S7,0.2936568049000512,0.5328619012471827,True,
2438,20250217,20250304,True,oos,H5,-0.06166963717635887,0.5225045013504495,True,
2438,20250217,20250304,True,oos,H10,-0.04628717221203682,0.5225045013504495,True,
2438,20250217,20250304,True,oos,H20,0.03370164560243749,0.5225045013504495,True,
2438,20250217,20250304,True,oos,S7,-0.08628158111927409,0.5225045013504495,True,
6215,20250212,20250303,True,oos,H5,-0.12432048638327353,0.43034183192612047,True,
6215,20250212,20250303,True,oos,H10,-0.16047239290873472,0.43034183192612047,True,
6215,20250212,20250303,True,oos,H20,-0.33319816853038264,0.43034183192612047,True,
6215,20250212,20250303,True,oos,S7,-0.1283373648861026,0.43034183192612047,True,
6854,20250217,20250304,True,oos,H5,-0.10468560170158792,0.30192286774424915,True,
6854,20250217,20250304,True,oos,H10,-0.08814945186494183,0.30192286774424915,True,
6854,20250217,20250304,True,oos,H20,-0.331467085175592,0.30192286774424915,True,
6854,20250217,20250304,True,oos,S7,-0.10468560170158792,0.30192286774424915,True,
9103,20250220,20250307,False,oos,H5,-0.04599135557810763,0.19695025632555505,False,
9103,20250220,20250307,False,oos,H10,-0.02373115387493019,0.19695025632555505,False,
9103,20250220,20250307,False,oos,H20,-0.35604416501522274,0.19695025632555505,False,
9103,20250220,20250307,False,oos,S7,-0.09051175898446262,0.19695025632555505,False,
9103,20250205,20250219,False,oos,H5,-0.009403385379993745,0.4346513591693709,False,
9103,20250205,20250219,False,oos,H10,-0.014120512116279627,0.4346513591693709,False,
9103,20250205,20250219,False,oos,H20,-0.039278521376470144,0.4346513591693709,False,
9103,20250205,20250219,False,oos,S7,-0.039278521376470144,0.4346513591693709,False,
4534,20250227,20250314,True,oos,H5,-0.021306989294593737,0.7139506137054897,True,
4534,20250227,20250314,True,oos,H10,-0.1526977893548721,0.7139506137054897,True,
4534,20250227,20250314,True,oos,H20,-0.3632599689386514,0.7139506137054897,True,
4534,20250227,20250314,True,oos,S7,-0.08026439957805198,0.7139506137054897,True,
3363,20250221,20250310,False,oos,H5,0.06185309987828003,0.12488111934112733,False,0.19185188838550649
3363,20250221,20250310,False,oos,H10,-0.0376956282353087,0.12488111934112733,False,0.19185188838550649
3363,20250221,20250310,False,oos,H20,-0.47405088646653926,0.12488111934112733,False,0.19185188838550649
3363,20250221,20250310,False,oos,S7,-0.16710897478297393,0.12488111934112733,False,0.19185188838550649
4971,20250219,20250310,False,oos,H5,-0.2351390756672035,0.490556239527207,True,
4971,20250219,20250310,False,oos,H10,-0.12762850397383863,0.490556239527207,True,
4971,20250219,20250310,False,oos,H20,-0.44094502719450224,0.490556239527207,True,
4971,20250219,20250310,False,oos,S7,-0.1829196551304263,0.490556239527207,True,
6739,20250219,20250306,False,oos,H5,-0.1588132474401749,0.6166040295232225,True,
6739,20250219,20250306,False,oos,H10,-0.17208641118865342,0.6166040295232225,True,
6739,20250219,20250306,False,oos,H20,-0.3479558308559936,0.6166040295232225,True,
6739,20250219,20250306,False,oos,S7,-0.10572059244626086,0.6166040295232225,True,
6113,20250213,20250227,True,oos,H5,-0.03617869523548245,0.5331688239216056,True,
6113,20250213,20250227,True,oos,H10,0.13626972448954144,0.5331688239216056,True,
6113,20250213,20250227,True,oos,H20,0.2803704587803151,0.5331688239216056,True,
6113,20250213,20250227,True,oos,S7,0.2803704587803151,0.5331688239216056,True,
3349,20250211,20250225,True,oos,H5,-0.046486944484300685,0.5373336860755705,True,
3349,20250211,20250225,True,oos,H10,-9.982286461818202e-05,0.5373336860755705,True,
3349,20250211,20250225,True,oos,H20,0.030824924881836857,0.5373336860755705,True,
3349,20250211,20250225,True,oos,S7,0.030824924881836857,0.5373336860755705,True,
4154,20250211,20250225,True,oos,H5,-0.005350587325735012,0.5616352955690253,True,
4154,20250211,20250225,True,oos,H10,0.05169912961069434,0.5616352955690253,True,
4154,20250211,20250225,True,oos,H20,0.1161901139736139,0.5616352955690253,True,
4154,20250211,20250225,True,oos,S7,0.1161901139736139,0.5616352955690253,True,
2314,20250328,20250415,False,oos,H5,-0.02242173024533134,0.2735259979114154,False,
2314,20250328,20250415,False,oos,H10,0.021350431086967214,0.2735259979114154,False,
2314,20250328,20250415,False,oos,H20,-0.1624926465086869,0.2735259979114154,False,
2314,20250328,20250415,False,oos,S7,-0.1722197934714199,0.2735259979114154,False,
2314,20250325,20250410,False,oos,H5,0.20996218316922932,0.19540245382041738,False,
2314,20250325,20250410,False,oos,H10,-0.022350555999262722,0.19540245382041738,False,
2314,20250325,20250410,False,oos,H20,-0.1762577456983887,0.19540245382041738,False,
2314,20250325,20250410,False,oos,S7,-0.10559595420130563,0.19540245382041738,False,
3321,20250307,20250321,False,oos,H5,-0.021288295734877227,0.29214930031760067,False,
3321,20250307,20250321,False,oos,H10,-0.29899774182010586,0.29214930031760067,False,
3321,20250307,20250321,False,oos,H20,-0.18277572693862254,0.29214930031760067,False,
3321,20250307,20250321,False,oos,S7,-0.13628692098602935,0.29214930031760067,False,
3528,20250317,20250402,True,oos,H5,-0.218753648277054,0.3914858750087993,True,
3528,20250317,20250402,True,oos,H10,-0.024482797049323213,0.3914858750087993,True,
3528,20250317,20250402,True,oos,H20,0.24055814998279534,0.3914858750087993,True,
3528,20250317,20250402,True,oos,S7,-0.21042775465300834,0.3914858750087993,True,
4943,20250325,20250410,False,oos,H5,0.044388410735545225,0.1382742834758605,False,
4943,20250325,20250410,False,oos,H10,0.04003679235748048,0.1382742834758605,False,
4943,20250325,20250410,False,oos,H20,0.05744326586973991,0.1382742834758605,False,
4943,20250325,20250410,False,oos,S7,0.05744326586973991,0.1382742834758605,False,
4949,20250328,20250415,True,oos,H5,0.27670994684736394,0.40125848353061394,True,
4949,20250328,20250415,True,oos,H10,0.5940252545235465,0.40125848353061394,True,
4949,20250328,20250415,True,oos,H20,0.46292785041319884,0.40125848353061394,True,
4949,20250328,20250415,True,oos,S7,0.46292785041319884,0.40125848353061394,True,
8033,20250326,20250415,True,oos,H5,-0.0738682315514747,0.29009290402241344,False,
8033,20250326,20250415,True,oos,H10,0.030824924881836857,0.29009290402241344,False,
8033,20250326,20250415,True,oos,H20,0.03565691671722049,0.29009290402241344,False,
8033,20250326,20250415,True,oos,S7,-0.06903623971609107,0.29009290402241344,False,
9103,20250324,20250409,False,oos,H5,0.22979958785131238,-0.06433110805886166,False,
9103,20250324,20250409,False,oos,H10,0.15385578860153037,-0.06433110805886166,False,
9103,20250324,20250409,False,oos,H20,0.25429758760930676,-0.06433110805886166,False,
9103,20250324,20250409,False,oos,S7,0.25429758760930676,-0.06433110805886166,False,
6140,20250328,20250417,True,oos,H5,0.1562486164848691,0.5492928801582568,False,-0.3361898538448572
6140,20250328,20250417,True,oos,H10,0.24085217378864,0.5492928801582568,False,-0.3361898538448572
6140,20250328,20250417,True,oos,H20,0.24341591794936046,0.5492928801582568,False,-0.3361898538448572
6140,20250328,20250417,True,oos,S7,0.24341591794936046,0.5492928801582568,False,-0.3361898538448572
6130,20250327,20250414,False,oos,H5,0.4391461312378091,0.2768010587974573,True,
6130,20250327,20250414,False,oos,H10,0.3589708593025551,0.2768010587974573,True,
6130,20250327,20250414,False,oos,H20,0.2707780601737757,0.2768010587974573,True,
6130,20250327,20250414,False,oos,S7,0.2707780601737757,0.2768010587974573,True,
6130,20250324,20250409,True,oos,H5,0.37078533675211367,0.3981968126817358,True,
6130,20250324,20250409,True,oos,H10,0.3669020921720798,0.3981968126817358,True,
6130,20250324,20250409,True,oos,H20,0.24263826561098156,0.3981968126817358,True,
6130,20250324,20250409,True,oos,S7,0.24263826561098156,0.3981968126817358,True,
8111,20250324,20250411,True,oos,H5,0.11193698901562898,0.12359060565206238,False,
8111,20250324,20250411,True,oos,H10,0.11329798900218413,0.12359060565206238,False,
8111,20250324,20250411,True,oos,H20,0.324252986918246,0.12359060565206238,False,
8111,20250324,20250411,True,oos,S7,0.324252986918246,0.12359060565206238,False,
8088,20250321,20250410,True,oos,H5,0.09948969774786232,-0.03294519102789679,True,
8088,20250321,20250410,True,oos,H10,0.4893485945588574,-0.03294519102789679,True,
8088,20250321,20250410,True,oos,H20,0.4061202907452741,-0.03294519102789679,True,
8088,20250321,20250410,True,oos,S7,0.4061202907452741,-0.03294519102789679,True,
6113,20250320,20250409,False,oos,H5,0.2584290299413754,0.059125688529771236,True,
6113,20250320,20250409,False,oos,H10,0.3369056732339333,0.059125688529771236,True,
6113,20250320,20250409,False,oos,H20,0.6592204581855106,0.059125688529771236,True,
6113,20250320,20250409,False,oos,S7,0.6592204581855106,0.059125688529771236,True,
6227,20250320,20250409,True,oos,H5,0.1377039823835362,0.10026204532101143,True,
6227,20250320,20250409,True,oos,H10,0.03899329203212809,0.10026204532101143,True,
6227,20250320,20250409,True,oos,H20,0.1503591990952553,0.10026204532101143,True,
6227,20250320,20250409,True,oos,S7,0.1503591990952553,0.10026204532101143,True,
3363,20250317,20250331,False,oos,H5,-0.36203332678902744,0.3076157355126664,False,0.14713408965656405
3363,20250317,20250331,False,oos,H10,-0.2956203923538159,0.3076157355126664,False,0.14713408965656405
3363,20250317,20250331,False,oos,H20,-0.22920745791860409,0.3076157355126664,False,0.14713408965656405
3363,20250317,20250331,False,oos,S7,-0.09638158904818084,0.3076157355126664,False,0.14713408965656405
4946,20250314,20250328,False,oos,H5,0.06867358703337212,0.4962815184487765,True,
4946,20250314,20250328,False,oos,H10,0.20136124716838788,0.4962815184487765,True,
4946,20250314,20250328,False,oos,H20,0.7333072720339924,0.4962815184487765,True,
4946,20250314,20250328,False,oos,S7,-0.12617405802975967,0.4962815184487765,True,
3081,20250307,20250321,False,oos,H5,-0.09360930866567874,0.3904080403895682,False,-0.07733457854649606
3081,20250307,20250321,False,oos,H10,-0.32949963054290743,0.3904080403895682,False,-0.07733457854649606
3081,20250307,20250321,False,oos,H20,-0.33235890717172234,0.3904080403895682,False,-0.07733457854649606
3081,20250307,20250321,False,oos,S7,-0.09360930866567874,0.3904080403895682,False,-0.07733457854649606
3147,20250429,20250516,True,oos,H5,-0.07597999094619778,0.3883199790880171,True,0.1891984270286422
3147,20250429,20250516,True,oos,H10,-0.1882253716555533,0.3883199790880171,True,0.1891984270286422
3147,20250429,20250516,True,oos,H20,-0.24434806201023118,0.3883199790880171,True,0.1891984270286422
3147,20250429,20250516,True,oos,S7,-0.09802819072839275,0.3883199790880171,True,0.1891984270286422
3709,20250429,20250514,True,oos,H5,-0.05601581727225369,0.6010880771091817,True,0.3185324962357696
3709,20250429,20250514,True,oos,H10,-0.03301852279744799,0.6010880771091817,True,0.3185324962357696
3709,20250429,20250514,True,oos,H20,-0.15348054147500245,0.6010880771091817,True,0.3185324962357696
3709,20250429,20250514,True,oos,S7,-0.10091529696116053,0.6010880771091817,True,0.3185324962357696
3128,20250421,20250506,True,oos,H5,0.10853448904924057,0.6019423906755474,True,-0.10425447389650866
3128,20250421,20250506,True,oos,H10,0.04116498971475657,0.6019423906755474,True,-0.10425447389650866
3128,20250421,20250506,True,oos,H20,0.4372159858023308,0.6019423906755474,True,-0.10425447389650866
3128,20250421,20250506,True,oos,S7,0.4372159858023308,0.6019423906755474,True,-0.10425447389650866
6560,20250421,20250506,True,oos,H5,-0.01845055556788544,0.5982510728660544,True,0.04918137771493636
6560,20250421,20250506,True,oos,H10,-0.013899321667891207,0.5982510728660544,True,0.04918137771493636
6560,20250421,20250506,True,oos,H20,0.3744726377982932,0.5982510728660544,True,0.04918137771493636
6560,20250421,20250506,True,oos,S7,0.3744726377982932,0.5982510728660544,True,0.04918137771493636
3363,20250409,20250423,False,oos,H5,0.2140598186777256,0.2260962738070278,False,-0.13909936870944206
3363,20250409,20250423,False,oos,H10,0.32183536393893375,0.2260962738070278,False,-0.13909936870944206
3363,20250409,20250423,False,oos,H20,0.4581397300045793,0.2260962738070278,False,-0.13909936870944206
3363,20250409,20250423,False,oos,S7,0.4581397300045793,0.2260962738070278,False,-0.13909936870944206
1419,20250526,20250610,True,oos,H5,-0.06495589105510013,0.5981971388871513,True,
1419,20250526,20250610,True,oos,H10,-0.11306105421625279,0.5981971388871513,True,
1419,20250526,20250610,True,oos,H20,-0.11907419961139676,0.5981971388871513,True,
1419,20250526,20250610,True,oos,S7,-0.09802819072839286,0.5981971388871513,True,
6442,20250516,20250602,True,oos,H5,0.08896596485230646,0.7014148284909953,True,0.16681185112465968
6442,20250516,20250602,True,oos,H10,0.0416674431466002,0.7014148284909953,True,0.16681185112465968
6442,20250516,20250602,True,oos,H20,0.051567133736166504,0.7014148284909953,True,0.16681185112465968
6442,20250516,20250602,True,oos,S7,-0.06062935961225291,0.7014148284909953,True,0.16681185112465968
6499,20250529,20250613,False,oos,H5,0.18509073829297296,0.48208220907225874,True,
6499,20250529,20250613,False,oos,H10,0.1942774882022209,0.48208220907225874,True,
6499,20250529,20250613,False,oos,H20,0.23102448783921226,0.48208220907225874,True,
6499,20250529,20250613,False,oos,S7,0.23102448783921226,0.48208220907225874,True,
3297,20250528,20250616,True,oos,H5,0.16514988512756945,0.5644290414434656,True,0.0003931706692086312
3297,20250528,20250616,True,oos,H10,0.40855871584881154,0.5644290414434656,True,0.0003931706692086312
3297,20250528,20250616,True,oos,H20,0.6630877469583336,0.5644290414434656,True,0.0003931706692086312
3297,20250528,20250616,True,oos,S7,0.6630877469583336,0.5644290414434656,True,0.0003931706692086312
4946,20250527,20250611,False,oos,H5,-0.11860715919235654,0.4443471122074817,True,
4946,20250527,20250611,False,oos,H10,-0.13787257647776952,0.4443471122074817,True,
4946,20250527,20250611,False,oos,H20,-0.16436252524521233,0.4443471122074817,True,
4946,20250527,20250611,False,oos,S7,-0.12342351351370973,0.4443471122074817,True,
6560,20250527,20250611,False,oos,H5,-0.03280551527534281,0.6725546412402569,True,-0.05067411457674098
6560,20250527,20250611,False,oos,H10,-0.11226985087478647,0.6725546412402569,True,-0.05067411457674098
6560,20250527,20250611,False,oos,H20,-0.11226985087478647,0.6725546412402569,True,-0.05067411457674098
6560,20250527,20250611,False,oos,S7,-0.10545862210911994,0.6725546412402569,True,-0.05067411457674098
6499,20250526,20250610,False,oos,H5,0.38442184678897884,0.46627039939030823,True,
6499,20250526,20250610,False,oos,H10,0.3319816253196992,0.46627039939030823,True,
6499,20250526,20250610,False,oos,H20,0.552230555490673,0.46627039939030823,True,
6499,20250526,20250610,False,oos,S7,0.552230555490673,0.46627039939030823,True,
4554,20250522,20250606,False,oos,H5,0.03329516595830251,0.40394605613408424,True,
4554,20250522,20250606,False,oos,H10,-0.012971781771173752,0.40394605613408424,True,
4554,20250522,20250606,False,oos,H20,-0.005260623816261023,0.40394605613408424,True,
4554,20250522,20250606,False,oos,S7,-0.005260623816261023,0.40394605613408424,True,
4554,20250519,20250603,True,oos,H5,0.15160119181105358,0.46929081991546234,True,0.24766153346035957
4554,20250519,20250603,True,oos,H10,0.01456855571454363,0.46929081991546234,True,0.24766153346035957
4554,20250519,20250603,True,oos,H20,-0.044724411827215316,0.46929081991546234,True,0.24766153346035957
4554,20250519,20250603,True,oos,S7,-0.044724411827215316,0.46929081991546234,True,0.24766153346035957
3081,20250516,20250604,False,oos,H5,0.009394146278607796,0.4435171914665339,True,0.07375695544056948
3081,20250516,20250604,False,oos,H10,0.07484973938199868,0.4435171914665339,True,0.07375695544056948
3081,20250516,20250604,False,oos,H20,0.13169275444547002,0.4435171914665339,True,0.07375695544056948
3081,20250516,20250604,False,oos,S7,-0.10773691506430239,0.4435171914665339,True,0.07375695544056948
4946,20250507,20250521,True,oos,H5,-0.014673554561223434,0.766277643752526,True,
4946,20250507,20250521,True,oos,H10,-0.07853730565447736,0.766277643752526,True,
4946,20250507,20250521,True,oos,H20,-0.20626480784098544,0.766277643752526,True,
4946,20250507,20250521,True,oos,S7,-0.11503087770776543,0.766277643752526,True,
6441,20250507,20250521,True,oos,H5,0.2074192118012126,0.6337098262426623,True,-0.14401419537946591
6441,20250507,20250521,True,oos,H10,0.21414578122628902,0.6337098262426623,True,-0.14401419537946591
6441,20250507,20250521,True,oos,H20,0.07625110801222301,0.6337098262426623,True,-0.14401419537946591
6441,20250507,20250521,True,oos,S7,0.07625110801222301,0.6337098262426623,True,-0.14401419537946591
7714,20250505,20250519,True,oos,H5,-0.012089245810668725,0.39102371614389597,True,0.1562519768408024
7714,20250505,20250519,True,oos,H10,-0.11854514604658806,0.39102371614389597,True,0.1562519768408024
7714,20250505,20250519,True,oos,H20,-0.16453409494850524,0.39102371614389597,True,0.1562519768408024
7714,20250505,20250519,True,oos,S7,-0.06318807792391001,0.39102371614389597,True,0.1562519768408024
2314,20250627,20250711,False,oos,H5,-0.10605573983090999,0.6052356619847605,True,0.07659649136450097
2314,20250627,20250711,False,oos,H10,-0.1159774297328976,0.6052356619847605,True,0.07659649136450097
2314,20250627,20250711,False,oos,H20,-0.1159774297328976,0.6052356619847605,True,0.07659649136450097
2314,20250627,20250711,False,oos,S7,-0.13681297852707186,0.6052356619847605,True,0.07659649136450097
9902,20250602,20250616,True,oos,H5,-0.06572946546269864,0.5214660591775434,True,
9902,20250602,20250616,True,oos,H10,0.02111821802950109,0.5214660591775434,True,
9902,20250602,20250616,True,oos,H20,-0.07657047278567486,0.5214660591775434,True,
9902,20250602,20250616,True,oos,S7,-0.06854065080989813,0.5214660591775434,True,
7642,20250618,20250702,True,oos,H5,-0.1966242994341959,0.731810840689471,True,0.3059878826936284
7642,20250618,20250702,True,oos,H10,-0.20626480784098555,0.731810840689471,True,0.3059878826936284
7642,20250618,20250702,True,oos,H20,-0.07611794434932528,0.731810840689471,True,0.3059878826936284
7642,20250618,20250702,True,oos,S7,-0.14038800039458965,0.731810840689471,True,0.3059878826936284
4989,20250725,20250808,True,oos,H5,0.6290030397216981,0.5772283862423426,True,
4989,20250725,20250808,True,oos,H10,0.7512936361880582,0.5772283862423426,True,
4989,20250725,20250808,True,oos,H20,0.3613481493424957,0.5772283862423426,True,
4989,20250725,20250808,True,oos,S7,0.3613481493424957,0.5772283862423426,True,
8210,20250721,20250804,True,oos,H5,0.1368603012694216,0.5718073908945248,True,
8210,20250721,20250804,True,oos,H10,0.1293438695254916,0.5718073908945248,True,
8210,20250721,20250804,True,oos,H20,0.14813494888531697,0.5718073908945248,True,
8210,20250721,20250804,True,oos,S7,-0.08957220501647145,0.5718073908945248,True,
6499,20250721,20250804,False,oos,H5,-0.11136168703936422,0.3752463162091814,False,
6499,20250721,20250804,False,oos,H10,-0.11136168703936422,0.3752463162091814,False,
6499,20250721,20250804,False,oos,H20,-0.12861679991238617,0.3752463162091814,False,
6499,20250721,20250804,False,oos,S7,-0.1027341306028533,0.3752463162091814,False,
1595,20250718,20250805,True,oos,H5,-0.10729657272842652,0.5400734430498605,True,
1595,20250718,20250805,True,oos,H10,-0.07497026477708835,0.5400734430498605,True,
1595,20250718,20250805,True,oos,H20,0.046875049808725366,0.5400734430498605,True,
1595,20250718,20250805,True,oos,S7,-0.07372694524049861,0.5400734430498605,True,
5245,20250714,20250728,True,oos,H5,0.09430403330746451,0.6051508205742991,True,
5245,20250714,20250728,True,oos,H10,-0.049981979973074964,0.6051508205742991,True,
5245,20250714,20250728,True,oos,H20,-0.05808793577535254,0.6051508205742991,True,
5245,20250714,20250728,True,oos,S7,-0.09861771478674008,0.6051508205742991,True,
3629,20250711,20250725,False,oos,H5,-0.21423632340068866,0.6836922206384964,True,
3629,20250711,20250725,False,oos,H10,-0.11316889398302377,0.6836922206384964,True,
3629,20250711,20250725,False,oos,H20,-0.12740374319677938,0.6836922206384964,True,
3629,20250711,20250725,False,oos,S7,-0.14590904717466158,0.6836922206384964,True,
1802,20250820,20250905,True,oos,H5,-0.04457800943822354,0.240090544911767,True,0.08379102135674543
1802,20250820,20250905,True,oos,H10,-0.09707372320535401,0.240090544911767,True,0.08379102135674543
1802,20250820,20250905,True,oos,H20,-0.027079438182513127,0.240090544911767,True,0.08379102135674543
1802,20250820,20250905,True,oos,S7,-0.08832443757749886,0.240090544911767,True,0.08379102135674543
2429,20250805,20250821,True,oos,H5,-0.05271484507212865,0.4811304194631531,True,
2429,20250805,20250821,True,oos,H10,0.36423236152330607,0.4811304194631531,True,
2429,20250805,20250821,True,oos,H20,0.53549962768857,0.4811304194631531,True,
2429,20250805,20250821,True,oos,S7,-0.13657674781511986,0.4811304194631531,True,
4989,20250819,20250902,False,oos,H5,-0.12557031109833605,0.6309577734039806,True,
4989,20250819,20250902,False,oos,H10,-0.23756623184436187,0.6309577734039806,True,
4989,20250819,20250902,False,oos,H20,-0.2591039089109053,0.6309577734039806,True,
4989,20250819,20250902,False,oos,S7,-0.08967418265409699,0.6309577734039806,True,
6213,20250822,20250905,True,oos,H5,-0.08504260436922939,0.5411989223354743,True,
6213,20250822,20250905,True,oos,H10,-0.1236484016532281,0.5411989223354743,True,
6213,20250822,20250905,True,oos,H20,-0.18541767730762626,0.5411989223354743,True,
6213,20250822,20250905,True,oos,S7,-0.08890318409762943,0.5411989223354743,True,
6215,20250815,20250902,True,oos,H5,-0.13694889208737293,0.5762239957295389,True,
6215,20250815,20250902,True,oos,H10,-0.17432512117020316,0.5762239957295389,True,
6215,20250815,20250902,True,oos,H20,-0.16073376514008308,0.5762239957295389,True,
6215,20250815,20250902,True,oos,S7,-0.13015321407231295,0.5762239957295389,True,
6283,20250819,20250902,True,oos,H5,-0.034171779452526696,0.6382108038871059,True,
6283,20250819,20250902,True,oos,H10,-0.11670619102658353,0.6382108038871059,True,
6283,20250819,20250902,True,oos,H20,-0.1325106528173603,0.6382108038871059,True,
6283,20250819,20250902,True,oos,S7,-0.10968198578623811,0.6382108038871059,True,
8021,20250826,20250909,False,oos,H5,-0.11021440559833895,0.6010160787298431,True,
8021,20250826,20250909,False,oos,H10,-0.0025535151725151195,0.6010160787298431,True,
8021,20250826,20250909,False,oos,H20,0.24548873237717705,0.6010160787298431,True,
8021,20250826,20250909,False,oos,S7,-0.10177041419239197,0.6010160787298431,True,
8201,20250827,20250910,True,oos,H5,-0.05771660148720337,0.7535066673241141,True,
8201,20250827,20250910,True,oos,H10,-0.08543081909052097,0.7535066673241141,True,
8201,20250827,20250910,True,oos,H20,-0.15194494133848302,0.7535066673241141,True,
8201,20250827,20250910,True,oos,S7,-0.11591645845417031,0.7535066673241141,True,
3555,20250821,20250904,False,oos,H5,-0.14868357180266423,0.4396940042026361,True,
3555,20250821,20250904,False,oos,H10,-0.1070479088211087,0.4396940042026361,True,
3555,20250821,20250904,False,oos,H20,0.2402112377484602,0.4396940042026361,True,
3555,20250821,20250904,False,oos,S7,-0.08755887508506155,0.4396940042026361,True,
5475,20250820,20250903,False,oos,H5,0.20220710391336083,0.47768964528758423,True,
5475,20250820,20250903,False,oos,H10,0.18364019883361804,0.47768964528758423,True,
5475,20250820,20250903,False,oos,H20,0.508561037729121,0.47768964528758423,True,
5475,20250820,20250903,False,oos,S7,0.508561037729121,0.47768964528758423,True,
1815,20250819,20250902,True,oos,H5,-0.08393488120852377,0.5609807819255588,True,0.2153141291078906
1815,20250819,20250902,True,oos,H10,-0.13044280262409114,0.5609807819255588,True,0.2153141291078906
1815,20250819,20250902,True,oos,H20,-0.06420424788070733,0.5609807819255588,True,0.2153141291078906
1815,20250819,20250902,True,oos,S7,-0.07547889549660258,0.5609807819255588,True,0.2153141291078906
4577,20250819,20250902,True,oos,H5,0.04789142958590653,0.4938122095771293,True,
4577,20250819,20250902,True,oos,H10,0.026221592046463904,0.4938122095771293,True,
4577,20250819,20250902,True,oos,H20,0.1624319994372463,0.4938122095771293,True,
4577,20250819,20250902,True,oos,S7,-0.09141466888193939,0.4938122095771293,True,
3555,20250818,20250901,True,oos,H5,-0.07857066358140019,0.5483502010982616,True,
3555,20250818,20250901,True,oos,H10,-0.20191159837759065,0.5483502010982616,True,
3555,20250818,20250901,True,oos,H20,0.04295643393837589,0.5483502010982616,True,
3555,20250818,20250901,True,oos,S7,-0.1284511886828006,0.5483502010982616,True,
5475,20250815,20250829,True,oos,H5,0.10502233505549996,0.5072530344201431,True,
5475,20250815,20250829,True,oos,H10,0.2931112431500533,0.5072530344201431,True,
5475,20250815,20250829,True,oos,H20,0.2954623545012349,0.5072530344201431,True,
5475,20250815,20250829,True,oos,S7,0.2954623545012349,0.5072530344201431,True,
3623,20250807,20250821,True,oos,H5,-0.09732076185837568,0.6304884907546954,True,
3623,20250807,20250821,True,oos,H10,-0.13428392031676117,0.6304884907546954,True,
3623,20250807,20250821,True,oos,H20,-0.12844763213912136,0.6304884907546954,True,
3623,20250807,20250821,True,oos,S7,-0.09342990307328258,0.6304884907546954,True,
2429,20250912,20250926,False,oos,H5,0.011933312712687716,0.5832042596918278,True,
2429,20250912,20250926,False,oos,H10,-0.09084116435969458,0.5832042596918278,True,
2429,20250912,20250926,False,oos,H20,-0.28453152499610745,0.5832042596918278,True,
2429,20250912,20250926,False,oos,S7,-0.06712397734299091,0.5832042596918278,True,
6127,20250930,20251016,True,oos,H5,0.2893727642898407,0.39314003069513237,True,-0.02654531729587506
6127,20250930,20251016,True,oos,H10,0.21563047447776995,0.39314003069513237,True,-0.02654531729587506
6127,20250930,20251016,True,oos,H20,0.2513843119624102,0.39314003069513237,True,-0.02654531729587506
6127,20250930,20251016,True,oos,S7,0.2513843119624102,0.39314003069513237,True,-0.02654531729587506
6488,20250923,20251009,True,oos,H5,-0.04039254036760087,0.7594870749339445,True,0.1678894802928368
6488,20250923,20251009,True,oos,H10,0.05154589887861705,0.7594870749339445,True,0.1678894802928368
6488,20250923,20251009,True,oos,H20,-0.2338463396148509,0.7594870749339445,True,0.1678894802928368
6488,20250923,20251009,True,oos,S7,-0.08061560753782115,0.7594870749339445,True,0.1678894802928368
3323,20250915,20251002,True,oos,H5,-0.21271485481359698,0.6449763660375328,True,
3323,20250915,20251002,True,oos,H10,-0.23737679912064102,0.6449763660375328,True,
3323,20250915,20251002,True,oos,H20,-0.23453119016213597,0.6449763660375328,True,
3323,20250915,20251002,True,oos,S7,-0.0913022059173807,0.6449763660375328,True,
7714,20250912,20250926,True,oos,H5,-0.07578778995183244,0.5698254633772772,True,
7714,20250912,20250926,True,oos,H10,-0.14034673109490303,0.5698254633772772,True,
7714,20250912,20250926,True,oos,H20,-0.14374457010243302,0.5698254633772772,True,
7714,20250912,20250926,True,oos,S7,-0.0995726630045427,0.5698254633772772,True,
3313,20250911,20250925,True,oos,H5,0.09138588921864477,0.5702939779866981,True,
3313,20250911,20250925,True,oos,H10,0.009677854731687585,0.5702939779866981,True,
3313,20250911,20250925,True,oos,H20,0.009677854731687585,0.5702939779866981,True,
3313,20250911,20250925,True,oos,S7,0.009677854731687585,0.5702939779866981,True,
7402,20250911,20250925,False,oos,H5,-0.10867441536241806,0.6743032828483917,True,
7402,20250911,20250925,False,oos,H10,-0.13144550694075052,0.6743032828483917,True,
7402,20250911,20250925,False,oos,H20,-0.12493948077551265,0.6743032828483917,True,
7402,20250911,20250925,False,oos,S7,-0.14120454618860734,0.6743032828483917,True,
3363,20250909,20250923,False,oos,H5,-0.08776278266890758,0.8624198557351325,True,0.15049048503240736
3363,20250909,20250923,False,oos,H10,-0.045893758785839345,0.8624198557351325,True,0.15049048503240736
3363,20250909,20250923,False,oos,H20,-0.08776278266890758,0.8624198557351325,True,0.15049048503240736
3363,20250909,20250923,False,oos,S7,-0.10933167376018504,0.8624198557351325,True,0.15049048503240736
5438,20250908,20250922,True,oos,H5,0.14571895296762527,0.5494584261183053,True,
5438,20250908,20250922,True,oos,H10,0.07288115011573137,0.5494584261183053,True,
5438,20250908,20250922,True,oos,H20,-0.06688868778925394,0.5494584261183053,True,
5438,20250908,20250922,True,oos,S7,-0.06688868778925394,0.5494584261183053,True,
8038,20250905,20250919,False,oos,H5,-0.07088474001947143,0.33885032126584974,True,
8038,20250905,20250919,False,oos,H10,-0.08572091183552777,0.33885032126584974,True,
8038,20250905,20250919,False,oos,H20,-0.13764751319172497,0.33885032126584974,True,
8038,20250905,20250919,False,oos,S7,-0.10982969103661921,0.33885032126584974,True,
7703,20250904,20250918,True,oos,H5,-0.01409734026564502,0.29847380530012557,True,
7703,20250904,20250918,True,oos,H10,-0.06840553762389356,0.29847380530012557,True,
7703,20250904,20250918,True,oos,H20,-0.051695323052124764,0.29847380530012557,True,
7703,20250904,20250918,True,oos,S7,-0.051695323052124764,0.29847380530012557,True,
6584,20250902,20250916,True,oos,H5,0.022234717174488106,0.6823409250334761,True,
6584,20250902,20250916,True,oos,H10,-0.04190550037371488,0.6823409250334761,True,
6584,20250902,20250916,True,oos,H20,0.018225953577725607,0.6823409250334761,True,
6584,20250902,20250916,True,oos,S7,-0.11606762691382488,0.6823409250334761,True,
3219,20250901,20250915,True,oos,H5,-0.13461933917754498,0.6144057418713729,True,
3219,20250901,20250915,True,oos,H10,-0.18593842487748136,0.6144057418713729,True,
3219,20250901,20250915,True,oos,H20,-0.33989568197729025,0.6144057418713729,True,
3219,20250901,20250915,True,oos,S7,-0.1517257010775238,0.6144057418713729,True,
4760,20250901,20250915,True,oos,H5,-0.08370275611054945,0.6224820444715066,True,
4760,20250901,20250915,True,oos,H10,0.03010486335342688,0.6224820444715066,True,
4760,20250901,20250915,True,oos,H20,-0.08662090019936941,0.6224820444715066,True,
4760,20250901,20250915,True,oos,S7,-0.09829347655464893,0.6224820444715066,True,
4722,20251007,20251022,False,oos,H5,-0.12611879695388306,0.7152873494286691,True,
4722,20251007,20251022,False,oos,H10,-0.16474338051393267,0.7152873494286691,True,
4722,20251007,20251022,False,oos,H20,-0.21302410996399423,0.7152873494286691,True,
4722,20251007,20251022,False,oos,S7,-0.13577494284389535,0.7152873494286691,True,
4764,20251030,20251113,False,oos,H5,-0.0701411396204783,0.44144324477117874,True,
4764,20251030,20251113,False,oos,H10,-0.0014402272556681694,0.44144324477117874,True,
4764,20251030,20251113,False,oos,H20,0.4379260727518377,0.44144324477117874,True,
4764,20251030,20251113,False,oos,S7,-0.08292270471160568,0.44144324477117874,True,
4989,20251014,20251029,True,oos,H5,-0.04575608834150535,0.751977951825758,True,
4989,20251014,20251029,True,oos,H10,0.24785742293803148,0.751977951825758,True,
4989,20251014,20251029,True,oos,H20,0.0031794968717506755,0.751977951825758,True,
4989,20251014,20251029,True,oos,S7,0.0031794968717506755,0.751977951825758,True,
8033,20251015,20251030,False,oos,H5,0.12874285929495488,0.24663948244066772,False,
8033,20251015,20251030,False,oos,H10,-0.01988164530971892,0.24663948244066772,False,
8033,20251015,20251030,False,oos,H20,0.20908042935153537,0.24663948244066772,False,
8033,20251015,20251030,False,oos,S7,-0.08816857985781235,0.24663948244066772,False,
8103,20251023,20251107,True,oos,H5,0.051304890276840265,0.6748759584203541,True,
8103,20251023,20251107,True,oos,H10,-0.020972320929692367,0.6748759584203541,True,
8103,20251023,20251107,True,oos,H20,0.0032019839048658127,0.6748759584203541,True,
8103,20251023,20251107,True,oos,S7,0.0032019839048658127,0.6748759584203541,True,
8271,20251020,20251104,True,oos,H5,0.13527028686205167,0.6316911534052198,True,
8271,20251020,20251104,True,oos,H10,0.025559292753534413,0.6316911534052198,True,
8271,20251020,20251104,True,oos,H20,-0.0650715284665454,0.6316911534052198,True,
8271,20251020,20251104,True,oos,S7,-0.14997829782009375,0.6316911534052198,True,
4171,20251031,20251114,True,oos,H5,-0.05225648697431129,0.4542614937362338,True,
4171,20251031,20251114,True,oos,H10,-0.04978840490914016,0.4542614937362338,True,
4171,20251031,20251114,True,oos,H20,0.03659446737184702,0.4542614937362338,True,
4171,20251031,20251114,True,oos,S7,0.03659446737184702,0.4542614937362338,True,
3693,20251030,20251113,True,oos,H5,-0.11403091637675977,0.5753073606568376,True,
3693,20251030,20251113,True,oos,H10,-0.10966653665447779,0.5753073606568376,True,
3693,20251030,20251113,True,oos,H20,-0.2173212364707665,0.5753073606568376,True,
3693,20251030,20251113,True,oos,S7,-0.12275967582132374,0.5753073606568376,True,
6727,20251029,20251112,True,oos,H5,-0.2129162200657817,0.23545021195222227,False,
6727,20251029,20251112,True,oos,H10,-0.1353164107764927,0.23545021195222227,False,
6727,20251029,20251112,True,oos,H20,-0.013373853321895557,0.23545021195222227,False,
6727,20251029,20251112,True,oos,S7,-0.12423072373516553,0.23545021195222227,False,
8043,20251028,20251113,True,oos,H5,0.3600518742050529,0.7853785525375929,True,0.14268533210758583
8043,20251028,20251113,True,oos,H10,0.38420580093273826,0.7853785525375929,True,0.14268533210758583
8043,20251028,20251113,True,oos,H20,0.6350350400279325,0.7853785525375929,True,0.14268533210758583
8043,20251028,20251113,True,oos,S7,0.6350350400279325,0.7853785525375929,True,0.14268533210758583
6127,20251027,20251110,False,oos,H5,0.2080301078268434,0.46973575149619323,True,0.0031597392554869597
6127,20251027,20251110,False,oos,H10,0.0773252109144309,0.46973575149619323,True,0.0031597392554869597
6127,20251027,20251110,False,oos,H20,0.1169327554333437,0.46973575149619323,True,0.0031597392554869597
6127,20251027,20251110,False,oos,S7,0.1169327554333437,0.46973575149619323,True,0.0031597392554869597
5468,20251017,20251103,True,oos,H5,0.03350936479038347,0.5418494880758844,True,
5468,20251017,20251103,True,oos,H10,0.09138588921864477,0.5418494880758844,True,
5468,20251017,20251103,True,oos,H20,0.10792203905529085,0.5418494880758844,True,
5468,20251017,20251103,True,oos,S7,0.10792203905529085,0.5418494880758844,True,
6499,20251017,20251103,True,oos,H5,-0.05646674461489709,0.4198397484169607,True,
6499,20251017,20251103,True,oos,H10,0.03107757804970035,0.4198397484169607,True,
6499,20251017,20251103,True,oos,H20,-0.05549402991862362,0.4198397484169607,True,
6499,20251017,20251103,True,oos,S7,-0.08759361489564266,0.4198397484169607,True,
8067,20251016,20251031,True,oos,H5,-0.08289642682284915,0.5310345186911966,True,
8067,20251016,20251031,True,oos,H10,-0.05352300277091204,0.5310345186911966,True,
8067,20251016,20251031,True,oos,H20,-0.014358437368329091,0.5310345186911966,True,
8067,20251016,20251031,True,oos,S7,-0.08289642682284915,0.5310345186911966,True,
8472,20251016,20251031,True,oos,H5,0.07271879223810118,0.35974152517928343,True,
8472,20251016,20251031,True,oos,H10,-0.07943083383619454,0.35974152517928343,True,
8472,20251016,20251031,True,oos,H20,-0.05258089982308356,0.35974152517928343,True,
8472,20251016,20251031,True,oos,S7,-0.05258089982308356,0.35974152517928343,True,
3709,20251014,20251029,True,oos,H5,-0.03237952089893337,0.4560739641788941,True,
3709,20251014,20251029,True,oos,H10,0.09036303458957384,0.4560739641788941,True,
3709,20251014,20251029,True,oos,H20,0.1312772197524097,0.4560739641788941,True,
3709,20251014,20251029,True,oos,S7,-0.09886507178854154,0.4560739641788941,True,
5475,20251014,20251029,False,oos,H5,-0.00426205659907819,0.06815877529317395,True,0.09196580216758354
5475,20251014,20251029,False,oos,H10,0.12065130547630631,0.06815877529317395,True,0.09196580216758354
5475,20251014,20251029,False,oos,H20,0.036780905225690885,0.06815877529317395,True,0.09196580216758354
5475,20251014,20251029,False,oos,S7,0.036780905225690885,0.06815877529317395,True,0.09196580216758354
3581,20251008,20251023,True,oos,H5,-0.13494750272187273,0.6262213937879224,True,
3581,20251008,20251023,True,oos,H10,-0.09532677765569886,0.6262213937879224,True,
3581,20251008,20251023,True,oos,H20,-0.016085327523351567,0.6262213937879224,True,
3581,20251008,20251023,True,oos,S7,-0.12008973082205787,0.6262213937879224,True,
3628,20251007,20251022,True,oos,H5,0.35477463553759847,0.5934658476552066,True,
3628,20251007,20251022,True,oos,H10,0.4275812808615369,0.5934658476552066,True,
3628,20251007,20251022,True,oos,H20,0.06354805424184495,0.5934658476552066,True,
3628,20251007,20251022,True,oos,S7,0.06354805424184495,0.5934658476552066,True,
6418,20251001,20251021,False,oos,H5,-0.2089830790470094,0.6353878719425323,True,
6418,20251001,20251021,False,oos,H10,-0.2796581304036341,0.6353878719425323,True,
6418,20251001,20251021,False,oos,H20,-0.4182899619108593,0.6353878719425323,True,
6418,20251001,20251021,False,oos,S7,-0.17500468897170918,0.6353878719425323,True,
1519,20251106,20251120,True,oos,H5,-0.11471867034229055,0.6445247653243454,True,0.3276919741779587
1519,20251106,20251120,True,oos,H10,-0.11346116845357235,0.6445247653243454,True,0.3276919741779587
1519,20251106,20251120,True,oos,H20,-0.031723545686880406,0.6445247653243454,True,0.3276919741779587
1519,20251106,20251120,True,oos,S7,-0.11849117600844561,0.6445247653243454,True,0.3276919741779587
2451,20251114,20251128,True,oos,H5,-0.05919670684149503,0.6444011651466736,True,-0.11034841332784973
2451,20251114,20251128,True,oos,H10,-0.05378979136357276,0.6444011651466736,True,-0.11034841332784973
2451,20251114,20251128,True,oos,H20,-0.029458671712921713,0.6444011651466736,True,-0.11034841332784973
2451,20251114,20251128,True,oos,S7,-0.05919670684149503,0.6444011651466736,True,-0.11034841332784973
8110,20251114,20251128,True,oos,H5,0.06827286160605994,0.640273707241546,True,0.3223824815720271
8110,20251114,20251128,True,oos,H10,0.5784506662253128,0.640273707241546,True,0.3223824815720271
8110,20251114,20251128,True,oos,H20,0.56153869480147,0.640273707241546,True,0.3223824815720271
8110,20251114,20251128,True,oos,S7,0.56153869480147,0.640273707241546,True,0.3223824815720271
8996,20251111,20251125,False,oos,H5,0.015560007649426444,0.17089008421477017,False,
8996,20251111,20251125,False,oos,H10,-0.025374272889226,0.17089008421477017,False,
8996,20251111,20251125,False,oos,H20,0.08378380854718093,0.17089008421477017,False,
8996,20251111,20251125,False,oos,S7,0.08378380854718093,0.17089008421477017,False,
5340,20251118,20251202,True,oos,H5,0.0505318719751664,0.6132227935977385,True,0.061148719388873785
5340,20251118,20251202,True,oos,H10,0.0016332412976434174,0.6132227935977385,True,0.061148719388873785
5340,20251118,20251202,True,oos,H20,0.11835900485043971,0.6132227935977385,True,0.061148719388873785
5340,20251118,20251202,True,oos,S7,0.11835900485043971,0.6132227935977385,True,0.061148719388873785
6265,20251117,20251201,True,oos,H5,0.1505825264489915,0.6785155116656255,True,
6265,20251117,20251201,True,oos,H10,0.10055719921207884,0.6785155116656255,True,
6265,20251117,20251201,True,oos,H20,0.5619018837302734,0.6785155116656255,True,
6265,20251117,20251201,True,oos,S7,0.5619018837302734,0.6785155116656255,True,
4304,20251112,20251126,False,oos,H5,-0.03280170586328157,0.6941009174537334,True,
4304,20251112,20251126,False,oos,H10,-0.0011721575180186905,0.6941009174537334,True,
4304,20251112,20251126,False,oos,H20,-0.03113699279247817,0.6941009174537334,True,
4304,20251112,20251126,False,oos,S7,-0.03113699279247817,0.6941009174537334,True,
4991,20251107,20251125,True,oos,H5,0.0013557401080159792,0.2585880597443393,True,
4991,20251107,20251125,True,oos,H10,0.0013557401080159792,0.2585880597443393,True,
4991,20251107,20251125,True,oos,H20,0.3755228522654306,0.2585880597443393,True,
4991,20251107,20251125,True,oos,S7,0.3755228522654306,0.2585880597443393,True,
8358,20251106,20251120,False,oos,H5,-0.07231159406991494,0.25379891117614906,True,-0.15019794578590295
8358,20251106,20251120,False,oos,H10,-0.028631198275000713,0.25379891117614906,True,-0.15019794578590295
8358,20251106,20251120,False,oos,H20,-0.01615108519073949,0.25379891117614906,True,-0.15019794578590295
8358,20251106,20251120,False,oos,S7,-0.07231159406991494,0.25379891117614906,True,-0.15019794578590295
3163,20251104,20251120,True,oos,H5,0.19558438986295057,0.41915571651786676,True,0.14167612537467278
3163,20251104,20251120,True,oos,H10,0.3118217610996261,0.41915571651786676,True,0.14167612537467278
3163,20251104,20251120,True,oos,H20,0.4322104670233262,0.41915571651786676,True,0.14167612537467278
3163,20251104,20251120,True,oos,S7,-0.07010103010659374,0.41915571651786676,True,0.14167612537467278
3693,20251104,20251118,False,oos,H5,-0.13787966978310284,0.5005069649814302,True,
3693,20251104,20251118,False,oos,H10,-0.13349600708708476,0.5005069649814302,True,
3693,20251104,20251118,False,oos,H20,-0.23432024909550153,0.5005069649814302,True,
3693,20251104,20251118,False,oos,S7,-0.11888379810035765,0.5005069649814302,True,
6535,20251103,20251117,True,oos,H5,-0.03139175099328706,0.27491195224209286,False,
6535,20251103,20251117,True,oos,H10,0.1492405981458027,0.27491195224209286,False,
6535,20251103,20251117,True,oos,H20,-0.00783100980123197,0.27491195224209286,False,
6535,20251103,20251117,True,oos,S7,-0.00783100980123197,0.27491195224209286,False,
2349,20251217,20260102,True,oos,H5,-0.0526386416166601,0.721969769449148,True,0.4206522803289596
2349,20251217,20260102,True,oos,H10,-0.001429919541885094,0.721969769449148,True,0.4206522803289596
2349,20251217,20260102,True,oos,H20,-0.11664954421012896,0.721969769449148,True,0.4206522803289596
2349,20251217,20260102,True,oos,S7,-0.14225390524751658,0.721969769449148,True,0.4206522803289596
8996,20251208,20251222,False,oos,H5,0.08270912618648829,0.5301095078138555,True,
8996,20251208,20251222,False,oos,H10,0.09402664318495346,0.5301095078138555,True,
8996,20251208,20251222,False,oos,H20,0.3486707756504168,0.5301095078138555,True,
8996,20251208,20251222,False,oos,S7,0.3486707756504168,0.5301095078138555,True,
3354,20251231,20260115,True,oos,H5,0.017565807354026797,0.7208345912783408,True,
3354,20251231,20260115,True,oos,H10,-0.06878337097385245,0.7208345912783408,True,
3354,20251231,20260115,True,oos,H20,-0.18391560874435797,0.7208345912783408,True,
3354,20251231,20260115,True,oos,S7,-0.08232834012332368,0.7208345912783408,True,
4931,20251224,20260109,False,oos,H5,-0.08732229388243895,-0.05645896723333687,True,
4931,20251224,20260109,False,oos,H10,0.0010013550966798679,-0.05645896723333687,True,
4931,20251224,20260109,False,oos,H20,-0.14914884816782203,-0.05645896723333687,True,
4931,20251224,20260109,False,oos,S7,-0.09026641551507619,-0.05645896723333687,True,
6465,20251217,20260102,False,oos,H5,0.02684156243689695,0.6658692593035043,True,
6465,20251217,20260102,False,oos,H10,-0.013165251684021162,0.6658692593035043,True,
6465,20251217,20260102,False,oos,H20,-0.058506307687728354,0.6658692593035043,True,
6465,20251217,20260102,False,oos,S7,-0.01583237262541559,0.6658692593035043,True,
7728,20251210,20251224,False,oos,H5,0.16809998639896206,0.6045734314056253,True,
7728,20251210,20251224,False,oos,H10,0.24583693820835006,0.6045734314056253,True,
7728,20251210,20251224,False,oos,H20,0.4074479696015514,0.6045734314056253,True,
7728,20251210,20251224,False,oos,S7,-0.12852785603159755,0.6045734314056253,True,
3363,20251205,20251219,True,oos,H5,0.020997144877666907,0.5696937640913686,True,0.13492607064394835
3363,20251205,20251219,True,oos,H10,0.06423937689601522,0.5696937640913686,True,0.13492607064394835
3363,20251205,20251219,True,oos,H20,-0.014421477299932928,0.5696937640913686,True,0.13492607064394835
3363,20251205,20251219,True,oos,S7,-0.014421477299932928,0.5696937640913686,True,0.13492607064394835
7728,20251205,20251219,True,oos,H5,0.06958913949399026,0.5319506669552497,True,
7728,20251205,20251219,True,oos,H10,0.3625946275959073,0.5319506669552497,True,
7728,20251205,20251219,True,oos,H20,0.5269635599457629,0.5319506669552497,True,
7728,20251205,20251219,True,oos,S7,0.5269635599457629,0.5319506669552497,True,
1471,20260129,20260223,True,oos,H5,0.29570927487145093,0.30601020064571227,True,-0.09163782302874968
1471,20260129,20260223,True,oos,H10,0.1371434545200496,0.30601020064571227,True,-0.09163782302874968
1471,20260129,20260223,True,oos,H20,0.28211791884133075,0.30601020064571227,True,-0.09163782302874968
1471,20260129,20260223,True,oos,S7,0.28211791884133075,0.30601020064571227,True,-0.09163782302874968
1528,20260122,20260205,False,oos,H5,-0.19553865659559344,0.4935920540770881,True,
1528,20260122,20260205,False,oos,H10,-0.16336020285941732,0.4935920540770881,True,
1528,20260122,20260205,False,oos,H20,-0.19017558097289744,0.4935920540770881,True,
1528,20260122,20260205,False,oos,S7,-0.19196327284712944,0.4935920540770881,True,
1721,20260121,20260204,True,oos,H5,0.031254435267204395,0.3312914537180631,True,
1721,20260121,20260204,True,oos,H10,0.0553070168477805,0.3312914537180631,True,
1721,20260121,20260204,True,oos,H20,0.2296882333069581,0.3312914537180631,True,
1721,20260121,20260204,True,oos,S7,0.2296882333069581,0.3312914537180631,True,
2312,20260120,20260203,True,oos,H5,-0.06380941586303013,0.3400920512279633,True,
2312,20260120,20260203,True,oos,H10,-0.023273328714831343,0.3400920512279633,True,
2312,20260120,20260203,True,oos,H20,-0.11206666246802854,0.3400920512279633,True,
2312,20260120,20260203,True,oos,S7,-0.10820608273962873,0.3400920512279633,True,
3432,20260122,20260205,True,oos,H5,0.012777841627229058,0.4619913156417507,True,-0.009631146291311898
3432,20260122,20260205,True,oos,H10,0.01572196325986641,0.4619913156417507,True,-0.009631146291311898
3432,20260122,20260205,True,oos,H20,-0.00783100980123197,0.4619913156417507,True,-0.009631146291311898
3432,20260122,20260205,True,oos,S7,-0.00783100980123197,0.4619913156417507,True,-0.009631146291311898
6116,20260112,20260126,True,oos,H5,-0.11050644996341363,0.4097171483268058,True,-0.05662211391772809
6116,20260112,20260126,True,oos,H10,-0.07700183264733351,0.4097171483268058,True,-0.05662211391772809
6116,20260112,20260126,True,oos,H20,-0.08780977371703669,0.4097171483268058,True,-0.05662211391772809
6116,20260112,20260126,True,oos,S7,-0.08024421496824441,0.4097171483268058,True,-0.05662211391772809
7780,20260126,20260209,True,oos,H5,-0.06091754248714398,0.36340840470166363,False,
7780,20260126,20260209,True,oos,H10,-0.19088801906299713,0.36340840470166363,False,
7780,20260126,20260209,True,oos,H20,-0.2933999442495858,0.36340840470166363,False,
7780,20260126,20260209,True,oos,S7,-0.10668179480258522,0.36340840470166363,False,
8021,20260126,20260209,True,oos,H5,0.17192666607007423,0.16485561868769613,True,
8021,20260126,20260209,True,oos,H10,0.143912482817403,0.16485561868769613,True,
8021,20260126,20260209,True,oos,H20,0.19060278823852173,0.16485561868769613,True,
8021,20260126,20260209,True,oos,S7,-0.06385937630657423,0.16485561868769613,True,
7777,20260129,20260223,True,oos,H5,-0.10690432430733154,0.5584996407341093,True,
7777,20260129,20260223,True,oos,H10,-0.20454179367566205,0.5584996407341093,True,
7777,20260129,20260223,True,oos,H20,-0.20597763881343167,0.5584996407341093,True,
7777,20260129,20260223,True,oos,S7,-0.10690432430733154,0.5584996407341093,True,
8933,20260126,20260209,True,oos,H5,-0.053116731345574264,0.4694751314810617,True,
8933,20260126,20260209,True,oos,H10,-0.0860518015596411,0.4694751314810617,True,
8933,20260126,20260209,True,oos,H20,-0.025670839500518294,0.4694751314810617,True,
8933,20260126,20260209,True,oos,S7,-0.07781803400612441,0.4694751314810617,True,
4561,20260123,20260206,True,oos,H5,-0.05974682905581863,0.5525714456477168,True,0.11629555214012299
4561,20260123,20260206,True,oos,H10,-0.1370437155015366,0.5525714456477168,True,0.11629555214012299
4561,20260123,20260206,True,oos,H20,-0.16934689192661267,0.5525714456477168,True,0.11629555214012299
4561,20260123,20260206,True,oos,S7,-0.05859314418349448,0.5525714456477168,True,0.11629555214012299
5328,20260121,20260204,True,oos,H5,-0.06790374162967294,0.491307892784191,True,0.1737886358506222
5328,20260121,20260204,True,oos,H10,0.06968219255804686,0.491307892784191,True,0.1737886358506222
5328,20260121,20260204,True,oos,H20,0.03867691161433551,0.491307892784191,True,0.1737886358506222
5328,20260121,20260204,True,oos,S7,-0.06790374162967294,0.491307892784191,True,0.1737886358506222
3691,20260120,20260203,True,oos,H5,-0.09410657416634227,0.5798075961254938,True,
3691,20260120,20260203,True,oos,H10,0.022365437726556747,0.5798075961254938,True,
3691,20260120,20260203,True,oos,H20,-0.03371367911076495,0.5798075961254938,True,
3691,20260120,20260203,True,oos,S7,-0.08547901772983113,0.5798075961254938,True,
8038,20260120,20260203,True,oos,H5,-0.07289127145361007,0.03037379532416174,True,
8038,20260120,20260203,True,oos,H10,-0.10542140227979935,0.03037379532416174,True,
8038,20260120,20260203,True,oos,H20,-0.16641539757890378,0.03037379532416174,True,
8038,20260120,20260203,True,oos,S7,-0.12575273404616738,0.03037379532416174,True,
8080,20260116,20260130,True,oos,H5,-0.08603907548923373,0.3395362846800618,True,
8080,20260116,20260130,True,oos,H10,-0.05230226283950756,0.3395362846800618,True,
8080,20260116,20260130,True,oos,H20,-0.05690273729174289,0.3395362846800618,True,
8080,20260116,20260130,True,oos,S7,-0.08603907548923373,0.3395362846800618,True,
4304,20260107,20260121,True,oos,H5,-0.1628574145197894,0.5215204211284471,True,
4304,20260107,20260121,True,oos,H10,-0.054338931216799224,0.5215204211284471,True,
4304,20260107,20260121,True,oos,H20,-0.04348708288650005,0.5215204211284471,True,
4304,20260107,20260121,True,oos,S7,-0.1628574145197894,0.5215204211284471,True,
6446,20260203,20260226,True,oos,H5,-0.08010822100776471,0.6645158713875685,True,
6446,20260203,20260226,True,oos,H10,-0.1339875966344527,0.6645158713875685,True,
6446,20260203,20260226,True,oos,H20,-0.16946913668129604,0.6645158713875685,True,
6446,20260203,20260226,True,oos,S7,-0.11296149882891593,0.6645158713875685,True,
8996,20260225,20260312,False,oos,H5,0.11028434617481198,0.49884496762921704,True,
8996,20260225,20260312,False,oos,H10,-0.01019331692075276,0.49884496762921704,True,
8996,20260225,20260312,False,oos,H20,0.24694028829833048,0.49884496762921704,True,
8996,20260225,20260312,False,oos,S7,-0.06098291999045169,0.49884496762921704,True,
9103,20260202,20260225,True,oos,H5,0.0018961371615011657,0.3876524847392792,True,
9103,20260202,20260225,True,oos,H10,0.027186719264606918,0.3876524847392792,True,
9103,20260202,20260225,True,oos,H20,0.03107757804970035,0.3876524847392792,True,
9103,20260202,20260225,True,oos,S7,0.03107757804970035,0.3876524847392792,True,
3234,20260226,20260313,True,oos,H5,0.23679638828281968,0.6276067830426748,True,
3234,20260226,20260313,True,oos,H10,0.07909243114233955,0.6276067830426748,True,
3234,20260226,20260313,True,oos,H20,0.5149513993022488,0.6276067830426748,True,
3234,20260226,20260313,True,oos,S7,0.5149513993022488,0.6276067830426748,True,
3529,20260226,20260313,True,oos,H5,0.12432264668016146,0.7407707549206484,True,
3529,20260226,20260313,True,oos,H10,0.14465397844652972,0.7407707549206484,True,
3529,20260226,20260313,True,oos,H20,0.3235696979905698,0.7407707549206484,True,
3529,20260226,20260313,True,oos,S7,0.3235696979905698,0.7407707549206484,True,
6716,20260226,20260313,True,oos,H5,0.11155861972476089,0.440004399713851,True,
6716,20260226,20260313,True,oos,H10,-0.0435106691998044,0.440004399713851,True,
6716,20260226,20260313,True,oos,H20,0.07038978195717704,0.440004399713851,True,
6716,20260226,20260313,True,oos,S7,-0.09291327452090503,0.440004399713851,True,
7744,20260226,20260313,True,oos,H5,0.0722543795421664,0.6841728472408978,True,
7744,20260226,20260313,True,oos,H10,-0.06455816058613906,0.6841728472408978,True,
7744,20260226,20260313,True,oos,H20,0.09005113272958831,0.6841728472408978,True,
7744,20260226,20260313,True,oos,S7,0.09005113272958831,0.6841728472408978,True,
6588,20260225,20260312,False,oos,H5,0.16988998199983607,0.39501800133923665,True,0.10911146866925159
6588,20260225,20260312,False,oos,H10,0.4192107978358668,0.39501800133923665,True,0.10911146866925159
6588,20260225,20260312,False,oos,H20,0.853924015190997,0.39501800133923665,True,0.10911146866925159
6588,20260225,20260312,False,oos,S7,0.853924015190997,0.39501800133923665,True,0.10911146866925159
2230,20260224,20260311,True,oos,H5,-0.004988118711837131,0.2608920472900205,False,
2230,20260224,20260311,True,oos,H10,-0.07037461376791632,0.2608920472900205,False,
2230,20260224,20260311,True,oos,H20,-0.12865388110050902,0.2608920472900205,False,
2230,20260224,20260311,True,oos,S7,-0.0874319603042848,0.2608920472900205,False,
3230,20260223,20260310,True,oos,H5,-0.018576522330460365,0.6280171519292955,True,
3230,20260223,20260310,True,oos,H10,-0.03648570987917443,0.6280171519292955,True,
3230,20260223,20260310,True,oos,H20,-0.050813059918146,0.6280171519292955,True,
3230,20260223,20260310,True,oos,S7,-0.0770798683229269,0.6280171519292955,True,
6584,20260211,20260309,True,oos,H5,0.15314036029001366,0.5201715374251634,True,
6584,20260211,20260309,True,oos,H10,0.32289198693169063,0.5201715374251634,True,
6584,20260211,20260309,True,oos,H20,0.8526341321410624,0.5201715374251634,True,
6584,20260211,20260309,True,oos,S7,0.8526341321410624,0.5201715374251634,True,
1589,20260305,20260319,False,oos,H5,-0.15351099501395427,0.36145048846738353,False,
1589,20260305,20260319,False,oos,H10,-0.38858551660721075,0.36145048846738353,False,
1589,20260305,20260319,False,oos,S7,-0.23186916887837306,0.36145048846738353,False,
1711,20260320,20260407,True,oos,H5,0.11665230449699848,0.5833030529156844,True,0.3137477655061247
1711,20260320,20260407,True,oos,H10,0.42724433621139557,0.5833030529156844,True,0.3137477655061247
1711,20260320,20260407,True,oos,H20,0.552960158571985,0.5833030529156844,True,0.3137477655061247
1711,20260320,20260407,True,oos,S7,-0.15942950147135426,0.5833030529156844,True,0.3137477655061247
1735,20260320,20260407,True,oos,H5,0.3178592456770595,0.34671339672044005,True,-0.18790327990760924
1735,20260320,20260407,True,oos,H10,0.22942679220282125,0.34671339672044005,True,-0.18790327990760924
1735,20260320,20260407,True,oos,H20,0.16687700803811634,0.34671339672044005,True,-0.18790327990760924
1735,20260320,20260407,True,oos,S7,0.16687700803811634,0.34671339672044005,True,-0.18790327990760924
1802,20260304,20260318,False,oos,H5,-0.1894742556991601,0.7258847834575566,True,0.12974032796089907
1802,20260304,20260318,False,oos,H10,-0.17421011738840997,0.7258847834575566,True,0.12974032796089907
1802,20260304,20260318,False,oos,H20,0.0562783711039192,0.7258847834575566,True,0.12974032796089907
1802,20260304,20260318,False,oos,S7,-0.19863273868561038,0.7258847834575566,True,0.12974032796089907
2231,20260331,20260416,True,oos,H5,0.1922702991464187,0.6316411167550475,True,
2231,20260331,20260416,True,oos,H10,0.00467532200799603,0.6316411167550475,True,
2231,20260331,20260416,True,oos,H20,-0.10788166427505719,0.6316411167550475,True,
2231,20260331,20260416,True,oos,S7,-0.09120655519608645,0.6316411167550475,True,
2337,20260319,20260402,True,oos,H5,0.05687566347260087,0.5473903996068474,True,0.5907205556992454
2337,20260319,20260402,True,oos,H10,-0.1372443563488973,0.5473903996068474,True,0.5907205556992454
2337,20260319,20260402,True,oos,H20,0.1143927063826744,0.5473903996068474,True,0.5907205556992454
2337,20260319,20260402,True,oos,S7,-0.11208065007574008,0.5473903996068474,True,0.5907205556992454
2338,20260304,20260318,True,oos,H5,-0.0867535431124975,0.6866336718047288,True,
2338,20260304,20260318,True,oos,H10,-0.14688499706393798,0.6866336718047288,True,
2338,20260304,20260318,True,oos,H20,-0.11963793199219142,0.6866336718047288,True,
2338,20260304,20260318,True,oos,S7,-0.09614908279240997,0.6866336718047288,True,
2360,20260303,20260317,True,oos,H5,0.05333009233430852,0.7192858901838892,True,
2360,20260303,20260317,True,oos,H10,0.07371712637948868,0.7192858901838892,True,
2360,20260303,20260317,True,oos,H20,0.4135010271324915,0.7192858901838892,True,
2360,20260303,20260317,True,oos,S7,0.4135010271324915,0.7192858901838892,True,
2399,20260323,20260408,True,oos,H5,-0.05481394248473903,0.78292015455757,True,0.453377406528813
2399,20260323,20260408,True,oos,H10,0.24366586515165922,0.78292015455757,True,0.453377406528813
2399,20260323,20260408,True,oos,H20,0.2381384613065407,0.78292015455757,True,0.453377406528813
2399,20260323,20260408,True,oos,S7,-0.0686324520975351,0.78292015455757,True,0.453377406528813
2426,20260319,20260402,False,oos,H5,0.3108028956673021,0.6440552542606811,True,
2426,20260319,20260402,False,oos,H10,0.4299667952734205,0.6440552542606811,True,
2426,20260319,20260402,False,oos,H20,0.7952300527617395,0.6440552542606811,True,
2426,20260319,20260402,False,oos,S7,-0.058346141155999454,0.6440552542606811,True,
2451,20260323,20260408,True,oos,H5,0.053667068103650184,0.37465852252738585,True,0.1764876200418799
2451,20260323,20260408,True,oos,H10,0.08851597891641694,0.37465852252738585,True,0.1764876200418799
2451,20260323,20260408,True,oos,H20,0.2791600204215521,0.37465852252738585,True,0.1764876200418799
2451,20260323,20260408,True,oos,S7,0.2791600204215521,0.37465852252738585,True,0.1764876200418799
2485,20260320,20260407,True,oos,H5,0.06839510840486929,0.6662424250993066,True,
2485,20260320,20260407,True,oos,H10,-0.12094073359093038,0.6662424250993066,True,
2485,20260320,20260407,True,oos,H20,-0.15167707157726162,0.6662424250993066,True,
2485,20260320,20260407,True,oos,S7,-0.050861882982095485,0.6662424250993066,True,
2486,20260320,20260407,False,oos,H5,0.21162069831126806,0.5691689070020656,True,
2486,20260320,20260407,False,oos,H10,0.24252938959471892,0.5691689070020656,True,
2486,20260320,20260407,False,oos,H20,0.8699758226487686,0.5691689070020656,True,
2486,20260320,20260407,False,oos,S7,-0.06346665411144314,0.5691689070020656,True,
2489,20260305,20260319,False,oos,H5,-0.1934784912386719,0.5845209873024394,True,
2489,20260305,20260319,False,oos,H10,-0.17257778140796676,0.5845209873024394,True,
2489,20260305,20260319,False,oos,H20,0.10527871398846633,0.5845209873024394,True,
2489,20260305,20260319,False,oos,S7,-0.10372838431858489,0.5845209873024394,True,
2616,20260310,20260324,True,oos,H5,0.03456937439529684,0.6665337824162326,True,0.08006629680483468
2616,20260310,20260324,True,oos,H10,-0.12372539327174337,0.6665337824162326,True,0.08006629680483468
2616,20260310,20260324,True,oos,H20,-0.14351223923012335,0.6665337824162326,True,0.08006629680483468
2616,20260310,20260324,True,oos,S7,-0.06719154767637181,0.6665337824162326,True,0.08006629680483468
3006,20260320,20260407,True,oos,H5,-0.00783100980123197,0.2878545930407472,True,0.11585394598272947
3006,20260320,20260407,True,oos,H10,-0.07998875454296062,0.2878545930407472,True,0.11585394598272947
3006,20260320,20260407,True,oos,H20,0.20262907902880967,0.2878545930407472,True,0.11585394598272947
3006,20260320,20260407,True,oos,S7,-0.07998875454296062,0.2878545930407472,True,0.11585394598272947
3037,20260319,20260402,False,oos,H5,0.17762113789947231,0.47957874384376425,True,-0.08398199184577537
3037,20260319,20260402,False,oos,H10,0.1943118311925358,0.47957874384376425,True,-0.08398199184577537
3037,20260319,20260402,False,oos,H20,0.6672148078293316,0.47957874384376425,True,-0.08398199184577537
3037,20260319,20260402,False,oos,S7,0.6672148078293316,0.47957874384376425,True,-0.08398199184577537
3054,20260318,20260401,False,oos,H5,0.03196553337409913,0.5320688510968704,True,
3054,20260318,20260401,False,oos,H10,0.004519641529043383,0.5320688510968704,True,
3054,20260318,20260401,False,oos,H20,-0.09154097992865207,0.5320688510968704,True,
3054,20260318,20260401,False,oos,S7,-0.18074012842508358,0.5320688510968704,True,
3054,20260313,20260327,True,oos,H5,0.05643270046440718,0.5471495520195211,True,
3054,20260313,20260327,True,oos,H10,0.16458382261877547,0.5471495520195211,True,
3054,20260313,20260327,True,oos,H20,0.22414531018205008,0.5471495520195211,True,
3054,20260313,20260327,True,oos,S7,0.22414531018205008,0.5471495520195211,True,
3092,20260304,20260318,True,oos,H5,-0.10058335166117338,0.7235314083137799,True,
3092,20260304,20260318,True,oos,H10,-0.1933356935211148,0.7235314083137799,True,
3092,20260304,20260318,True,oos,H20,-0.054207180731202564,0.7235314083137799,True,
3092,20260304,20260318,True,oos,S7,-0.11744741381752644,0.7235314083137799,True,
4927,20260303,20260317,True,oos,H5,-0.08171593460326798,0.6786488647715081,True,
4927,20260303,20260317,True,oos,H10,-0.12393589163300256,0.6786488647715081,True,
4927,20260303,20260317,True,oos,H20,0.01011247193640541,0.6786488647715081,True,
4927,20260303,20260317,True,oos,S7,-0.08171593460326798,0.6786488647715081,True,
5521,20260313,20260327,True,oos,H5,-0.03835928642273234,0.2962182669350894,False,
5521,20260313,20260327,True,oos,H10,-0.07270359762192058,0.2962182669350894,False,
5521,20260313,20260327,True,oos,H20,-0.11086394339879624,0.2962182669350894,False,
5521,20260313,20260327,True,oos,S7,-0.07270359762192058,0.2962182669350894,False,
6141,20260320,20260407,False,oos,H5,0.19823485739389657,0.45596713972381303,True,
6141,20260320,20260407,False,oos,H10,0.8495047586525755,0.45596713972381303,True,
6141,20260320,20260407,False,oos,H20,0.8825770583258674,0.45596713972381303,True,
6141,20260320,20260407,False,oos,S7,0.8825770583258674,0.45596713972381303,True,
6226,20260320,20260407,True,oos,H5,0.11255769612246813,0.5381636464012884,True,
6226,20260320,20260407,True,oos,H10,0.3284270998477232,0.5381636464012884,True,
6226,20260320,20260407,True,oos,H20,0.09180102268734736,0.5381636464012884,True,
6226,20260320,20260407,True,oos,S7,0.09180102268734736,0.5381636464012884,True,
6230,20260309,20260323,True,oos,H5,-0.109198120254976,0.6759874742184566,True,0.4022181628143655
6230,20260309,20260323,True,oos,H10,-0.10305465901535515,0.6759874742184566,True,0.4022181628143655
6230,20260309,20260323,True,oos,H20,0.0013841820581994568,0.6759874742184566,True,0.4022181628143655
6230,20260309,20260323,True,oos,S7,-0.0784808140568718,0.6759874742184566,True,0.4022181628143655
6426,20260302,20260316,False,oos,H5,0.018364871128108584,0.43557321728343784,True,-0.07860084407034162
6426,20260302,20260316,False,oos,H10,-0.04712483119524258,0.43557321728343784,True,-0.07860084407034162
6426,20260302,20260316,False,oos,H20,0.30324507623468544,0.43557321728343784,True,-0.07860084407034162
6426,20260302,20260316,False,oos,S7,-0.06349725677608031,0.43557321728343784,True,-0.07860084407034162
6515,20260326,20260413,True,oos,H5,0.30924113153183286,0.690850156411452,True,-0.0068585563963387
6515,20260326,20260413,True,oos,H10,0.25587869678693353,0.690850156411452,True,-0.0068585563963387
6515,20260326,20260413,True,oos,H20,0.25587869678693353,0.690850156411452,True,-0.0068585563963387
6515,20260326,20260413,True,oos,S7,0.25587869678693353,0.690850156411452,True,-0.0068585563963387
7610,20260302,20260316,False,oos,H5,-0.07646224822099645,0.7311621835280704,True,
7610,20260302,20260316,False,oos,H10,0.07721204650151958,0.7311621835280704,True,
7610,20260302,20260316,False,oos,H20,0.7933640995773221,0.7311621835280704,True,
7610,20260302,20260316,False,oos,S7,0.7933640995773221,0.7311621835280704,True,
8046,20260302,20260316,False,oos,H5,-0.0645786826723792,0.7552603267872622,True,-0.07910722762053835
8046,20260302,20260316,False,oos,H10,-0.006000439708614191,0.7552603267872622,True,-0.07910722762053835
8046,20260302,20260316,False,oos,H20,0.19353170038670986,0.7552603267872622,True,-0.07910722762053835
8046,20260302,20260316,False,oos,S7,-0.06640925276499687,0.7552603267872622,True,-0.07910722762053835
8271,20260320,20260407,False,oos,H5,0.007967859469449001,0.3796816033068773,True,-0.13542082837071767
8271,20260320,20260407,False,oos,H10,0.3681820788409764,0.3796816033068773,True,-0.13542082837071767
8271,20260320,20260407,False,oos,H20,0.54828918852674,0.3796816033068773,True,-0.13542082837071767
8271,20260320,20260407,False,oos,S7,-0.06786671302981973,0.3796816033068773,True,-0.13542082837071767
8271,20260317,20260331,True,oos,H5,0.1261480144226892,0.41865436802239303,True,-0.14461828103636676
8271,20260317,20260331,True,oos,H10,0.1587375068014809,0.41865436802239303,True,-0.14461828103636676
8271,20260317,20260331,True,oos,H20,0.629474618939583,0.41865436802239303,True,-0.14461828103636676
8271,20260317,20260331,True,oos,S7,0.629474618939583,0.41865436802239303,True,-0.14461828103636676
4905,20260325,20260410,True,oos,H5,0.0956895530682762,0.6277070140422605,True,
4905,20260325,20260410,True,oos,H10,0.016595190426404782,0.6277070140422605,True,
4905,20260325,20260410,True,oos,H20,-0.06715178178263537,0.6277070140422605,True,
4905,20260325,20260410,True,oos,S7,-0.11135157267073992,0.6277070140422605,True,
3693,20260323,20260408,True,oos,H5,0.22335399762372377,0.592964850245966,True,
3693,20260323,20260408,True,oos,H10,0.4044489201066057,0.592964850245966,True,
3693,20260323,20260408,True,oos,H20,0.3119749171366233,0.592964850245966,True,
3693,20260323,20260408,True,oos,S7,0.3119749171366233,0.592964850245966,True,
6907,20260323,20260408,False,oos,H5,0.1414333515561048,0.318662833562898,True,
6907,20260323,20260408,False,oos,H10,0.01850975985006298,0.318662833562898,True,
6907,20260323,20260408,False,oos,H20,0.16777412120739954,0.318662833562898,True,
6907,20260323,20260408,False,oos,S7,0.16777412120739954,0.318662833562898,True,
1799,20260320,20260407,True,oos,H5,-0.022192925220273163,0.6158040057676738,True,0.15316225776332848
1799,20260320,20260407,True,oos,H10,0.005334079332889097,0.6158040057676738,True,0.15316225776332848
1799,20260320,20260407,True,oos,H20,-0.12033268058372204,0.6158040057676738,True,0.15316225776332848
1799,20260320,20260407,True,oos,S7,-0.08801837089087905,0.6158040057676738,True,0.15316225776332848
3066,20260320,20260407,True,oos,H5,0.08561426905405356,0.3745882126474043,True,
3066,20260320,20260407,True,oos,H10,0.19280150068217528,0.3745882126474043,True,
3066,20260320,20260407,True,oos,H20,0.04988519184467988,0.3745882126474043,True,
3066,20260320,20260407,True,oos,S7,0.04988519184467988,0.3745882126474043,True,
3093,20260320,20260407,False,oos,H5,0.24839904009476044,0.7089593763943753,True,
3093,20260320,20260407,False,oos,H10,0.42756742084910115,0.7089593763943753,True,
3093,20260320,20260407,False,oos,H20,0.3350934178791187,0.7089593763943753,True,
3093,20260320,20260407,False,oos,S7,0.3350934178791187,0.7089593763943753,True,
3555,20260320,20260407,False,oos,H5,0.4160957405564234,0.39009444217938866,True,
3555,20260320,20260407,False,oos,H10,0.5874703843180291,0.39009444217938866,True,
3555,20260320,20260407,False,oos,H20,0.5032863487860122,0.39009444217938866,True,
3555,20260320,20260407,False,oos,S7,0.5032863487860122,0.39009444217938866,True,
4973,20260320,20260407,False,oos,H5,0.12187302261019761,0.49481804977839944,True,0.14728012650231626
4973,20260320,20260407,False,oos,H10,0.08495297712134886,0.49481804977839944,True,0.14728012650231626
4973,20260320,20260407,False,oos,H20,0.25291074136984726,0.49481804977839944,True,0.14728012650231626
4973,20260320,20260407,False,oos,S7,0.25291074136984726,0.49481804977839944,True,0.14728012650231626
5289,20260320,20260407,False,oos,H5,0.12445818889193694,0.4033317619217086,True,
5289,20260320,20260407,False,oos,H10,-0.01255562404027366,0.4033317619217086,True,
5289,20260320,20260407,False,oos,H20,0.47407964258102697,0.4033317619217086,True,
5289,20260320,20260407,False,oos,S7,0.47407964258102697,0.4033317619217086,True,
5386,20260320,20260407,False,oos,H5,0.1458162473300435,0.2864607721611313,True,
5386,20260320,20260407,False,oos,H10,0.0869726169393421,0.2864607721611313,True,
5386,20260320,20260407,False,oos,H20,0.5446452977559073,0.2864607721611313,True,
5386,20260320,20260407,False,oos,S7,0.5446452977559073,0.2864607721611313,True,
6167,20260320,20260407,True,oos,H5,0.10412580232236457,0.378095079660992,True,-0.10467169831374157
6167,20260320,20260407,True,oos,H10,0.07710174422356508,0.378095079660992,True,-0.10467169831374157
6167,20260320,20260407,True,oos,H20,-0.03485506790003101,0.378095079660992,True,-0.10467169831374157
6167,20260320,20260407,True,oos,S7,-0.03485506790003101,0.378095079660992,True,-0.10467169831374157
6574,20260320,20260407,True,oos,H5,-0.04138261816544153,0.4940373408345371,True,
6574,20260320,20260407,True,oos,H10,-0.04138261816544153,0.4940373408345371,True,
6574,20260320,20260407,True,oos,H20,0.03530677238132318,0.4940373408345371,True,
6574,20260320,20260407,True,oos,S7,0.03530677238132318,0.4940373408345371,True,
8240,20260320,20260407,True,oos,H5,0.19287493096416775,0.6457539290960208,True,
8240,20260320,20260407,True,oos,H10,0.19287493096416775,0.6457539290960208,True,
8240,20260320,20260407,True,oos,H20,0.3254165899601864,0.6457539290960208,True,
8240,20260320,20260407,True,oos,S7,0.3254165899601864,0.6457539290960208,True,
3260,20260319,20260402,True,oos,H5,-0.019611380397259404,0.457311015908232,True,0.12858136570847223
3260,20260319,20260402,True,oos,H10,-0.036627471258188105,0.457311015908232,True,0.12858136570847223
3260,20260319,20260402,True,oos,H20,0.16494775894050595,0.457311015908232,True,0.12858136570847223
3260,20260319,20260402,True,oos,S7,0.16494775894050595,0.457311015908232,True,0.12858136570847223
5351,20260319,20260402,True,oos,H5,-0.038063305901471445,0.5482518049500813,True,0.29314840115563756
5351,20260319,20260402,True,oos,H10,-0.0655472114471437,0.5482518049500813,True,0.29314840115563756
5351,20260319,20260402,True,oos,H20,-0.010579400355799184,0.5482518049500813,True,0.29314840115563756
5351,20260319,20260402,True,oos,S7,-0.05180525867430752,0.5482518049500813,True,0.29314840115563756
6103,20260319,20260402,True,oos,H5,0.004963666508482678,0.30243699503497656,True,-0.056215151091551285
6103,20260319,20260402,True,oos,H10,-0.10320950592819433,0.30243699503497656,True,-0.056215151091551285
6103,20260319,20260402,True,oos,H20,-0.07645700091697305,0.30243699503497656,True,-0.056215151091551285
6103,20260319,20260402,True,oos,S7,-0.00783100980123197,0.30243699503497656,True,-0.056215151091551285
3163,20260318,20260401,False,oos,H5,0.4092007597511371,0.3979792813697966,True,0.39215158285068985
3163,20260318,20260401,False,oos,H10,0.33473080090249985,0.3979792813697966,True,0.39215158285068985
3163,20260318,20260401,False,oos,H20,0.4378430516159977,0.3979792813697966,True,0.39215158285068985
3163,20260318,20260401,False,oos,S7,0.4378430516159977,0.3979792813697966,True,0.39215158285068985
3555,20260317,20260331,False,oos,H5,0.33741698340982595,0.4668788465738322,True,
3555,20260317,20260331,False,oos,H10,0.5854592309595179,0.4668788465738322,True,
3555,20260317,20260331,False,oos,H20,0.6826649766208837,0.4668788465738322,True,
3555,20260317,20260331,False,oos,S7,0.6826649766208837,0.4668788465738322,True,
4973,20260317,20260331,True,oos,H5,0.18807496915521305,0.5371397942052091,True,0.16081233131310047
4973,20260317,20260331,True,oos,H10,0.23069093338638713,0.5371397942052091,True,0.16081233131310047
4973,20260317,20260331,True,oos,H20,0.4099333059992287,0.5371397942052091,True,0.16081233131310047
4973,20260317,20260331,True,oos,S7,0.4099333059992287,0.5371397942052091,True,0.16081233131310047
5289,20260317,20260331,True,oos,H5,0.19653250685657198,0.42118149144773825,True,
5289,20260317,20260331,True,oos,H10,0.1912381152333127,0.42118149144773825,True,
5289,20260317,20260331,True,oos,H20,0.42948573827997505,0.42118149144773825,True,
5289,20260317,20260331,True,oos,S7,-0.014184279749142936,0.42118149144773825,True,
5340,20260317,20260331,False,oos,H5,0.18184835597206184,0.4024519904882752,False,0.08204083136007179
5340,20260317,20260331,False,oos,H10,0.12348547419566391,0.4024519904882752,False,0.08204083136007179
5340,20260317,20260331,False,oos,H20,0.14293976812112996,0.4024519904882752,False,0.08204083136007179
5340,20260317,20260331,False,oos,S7,0.14293976812112996,0.4024519904882752,False,0.08204083136007179
5386,20260317,20260331,False,oos,H5,0.290196937825014,0.39834480247405124,True,
5386,20260317,20260331,False,oos,H10,0.5523860816227875,0.39834480247405124,True,
5386,20260317,20260331,False,oos,H20,0.4637321984681444,0.39834480247405124,True,
5386,20260317,20260331,False,oos,S7,0.4637321984681444,0.39834480247405124,True,
4416,20260313,20260327,False,oos,H5,0.048542228278243726,0.2904121305516103,False,
4416,20260313,20260327,False,oos,H10,-0.03413852090498726,0.2904121305516103,False,
4416,20260313,20260327,False,oos,H20,-0.030380305033021915,0.2904121305516103,False,
4416,20260313,20260327,False,oos,S7,-0.07172067962463746,0.2904121305516103,False,
3081,20260312,20260326,False,oos,H5,0.1872955582711926,0.7507699087348931,True,
3081,20260312,20260326,False,oos,H10,0.5775486944160413,0.7507699087348931,True,
3081,20260312,20260326,False,oos,H20,0.8818138514103304,0.7507699087348931,True,
3081,20260312,20260326,False,oos,S7,0.8818138514103304,0.7507699087348931,True,
4971,20260312,20260326,False,oos,H5,0.15553818135599506,0.671210360214373,True,
4971,20260312,20260326,False,oos,H10,0.26909969228235986,0.671210360214373,True,
4971,20260312,20260326,False,oos,H20,0.4444227266949936,0.671210360214373,True,
4971,20260312,20260326,False,oos,S7,0.4444227266949936,0.671210360214373,True,
4416,20260310,20260324,True,oos,H5,0.01342975427445614,0.25999266156871237,False,
4416,20260310,20260324,True,oos,H10,-0.0928740661039833,0.25999266156871237,False,
4416,20260310,20260324,True,oos,H20,0.07721204650151958,0.25999266156871237,False,
4416,20260310,20260324,True,oos,S7,-0.08933060542470206,0.25999266156871237,False,
3491,20260304,20260318,False,oos,H5,-0.0921991212126918,0.5616620454696969,True,
3491,20260304,20260318,False,oos,H10,0.015792061393976597,0.5616620454696969,True,
3491,20260304,20260318,False,oos,H20,0.17102938639106302,0.5616620454696969,True,
3491,20260304,20260318,False,oos,S7,-0.0685760500174829,0.5616620454696969,True,
4991,20260304,20260318,False,oos,H5,0.29309712236115715,0.5325784243123133,True,
4991,20260304,20260318,False,oos,H10,0.23648687967714355,0.5325784243123133,True,
4991,20260304,20260318,False,oos,H20,0.8711174950295084,0.5325784243123133,True,
4991,20260304,20260318,False,oos,S7,0.8711174950295084,0.5325784243123133,True,
6716,20260304,20260318,False,oos,H5,-0.09459864012279728,0.5205613606463362,True,
6716,20260304,20260318,False,oos,H10,-0.16879125155717922,0.5205613606463362,True,
6716,20260304,20260318,False,oos,H20,-0.04178356079662715,0.5205613606463362,True,
6716,20260304,20260318,False,oos,S7,-0.06567609668227559,0.5205613606463362,True,
8289,20260304,20260318,True,oos,H5,-0.05737594016967207,0.8110072718851802,True,
8289,20260304,20260318,True,oos,H10,-0.014182923951031934,0.8110072718851802,True,
8289,20260304,20260318,True,oos,H20,0.3186573774984909,0.8110072718851802,True,
8289,20260304,20260318,True,oos,S7,-0.16154733222639306,0.8110072718851802,True,
3105,20260303,20260317,True,oos,H5,0.08058008833529207,0.6217838395168351,True,0.15453293327703155
3105,20260303,20260317,True,oos,H10,0.2197457057724128,0.6217838395168351,True,0.15453293327703155
3105,20260303,20260317,True,oos,H20,0.4669693320430628,0.6217838395168351,True,0.15453293327703155
3105,20260303,20260317,True,oos,S7,0.4669693320430628,0.6217838395168351,True,0.15453293327703155
4534,20260303,20260317,True,oos,H5,-0.01952323695845637,0.7559884497761884,True,
4534,20260303,20260317,True,oos,H10,-0.1765331444983289,0.7559884497761884,True,
4534,20260303,20260317,True,oos,H20,-0.12141264504284166,0.7559884497761884,True,
4534,20260303,20260317,True,oos,S7,-0.08633596357116802,0.7559884497761884,True,
4979,20260303,20260317,True,oos,H5,-0.07056769068031088,0.7540897305213291,True,-0.34401185188660466
4979,20260303,20260317,True,oos,H10,-0.1309807907860907,0.7540897305213291,True,-0.34401185188660466
4979,20260303,20260317,True,oos,H20,0.28029300608787167,0.7540897305213291,True,-0.34401185188660466
4979,20260303,20260317,True,oos,S7,-0.07753843300020857,0.7540897305213291,True,-0.34401185188660466
5291,20260303,20260317,True,oos,H5,0.2402112377484602,0.8127126061932086,True,
5291,20260303,20260317,True,oos,H10,0.3080094520787091,0.8127126061932086,True,
5291,20260303,20260317,True,oos,H20,0.22036785794448455,0.8127126061932086,True,
5291,20260303,20260317,True,oos,S7,-0.052478614360176645,0.8127126061932086,True,
6588,20260303,20260317,False,oos,H5,0.18413438893333534,0.4611014193132278,True,0.019562244665777495
6588,20260303,20260317,False,oos,H10,0.33541146945785827,0.4611014193132278,True,0.019562244665777495
6588,20260303,20260317,False,oos,H20,0.5232037073503695,0.4611014193132278,True,0.019562244665777495
6588,20260303,20260317,False,oos,S7,0.5232037073503695,0.4611014193132278,True,0.019562244665777495
7717,20260303,20260317,False,oos,H5,-0.03807128381309566,0.4075526521423379,True,
7717,20260303,20260317,False,oos,H10,0.035369381644287934,0.4075526521423379,True,
7717,20260303,20260317,False,oos,H20,0.30321180860650965,0.4075526521423379,True,
7717,20260303,20260317,False,oos,S7,-0.11007193622229516,0.4075526521423379,True,
2230,20260302,20260316,False,oos,H5,-0.14427080418103588,0.3332804433139496,False,
2230,20260302,20260316,False,oos,H10,-0.17076396813827932,0.3332804433139496,False,
2230,20260302,20260316,False,oos,H20,-0.18930918290834964,0.3332804433139496,False,
2230,20260302,20260316,False,oos,S7,-0.07273926149647869,0.3332804433139496,False,
8291,20260302,20260316,True,oos,H5,0.042863756121332974,0.43220390325639374,True,0.0019591069231237324
8291,20260302,20260316,True,oos,H10,0.042863756121332974,0.43220390325639374,True,0.0019591069231237324
8291,20260302,20260316,True,oos,H20,-0.015073119218741104,0.43220390325639374,True,0.0019591069231237324
8291,20260302,20260316,True,oos,S7,-0.015073119218741104,0.43220390325639374,True,0.0019591069231237324
1623,20260424,20260511,True,oos,H5,-0.08935190879551946,0.6755583542196084,True,
1623,20260424,20260511,True,oos,H10,-0.08935190879551946,0.6755583542196084,True,
1623,20260424,20260511,True,oos,H20,-0.1649078639609568,0.6755583542196084,True,
1623,20260424,20260511,True,oos,S7,-0.07941033574743561,0.6755583542196084,True,
1721,20260424,20260511,True,oos,H5,0.0505318719751664,0.7700182512980593,True,
1721,20260424,20260511,True,oos,H10,0.0007517669305914243,0.7700182512980593,True,
1721,20260424,20260511,True,oos,H20,-0.16747065701314434,0.7700182512980593,True,
1721,20260424,20260511,True,oos,S7,-0.16747065701314434,0.7700182512980593,True,
1905,20260402,20260420,True,oos,H5,-0.03960866429158405,0.46838431470314407,True,0.11640946004866737
1905,20260402,20260420,True,oos,H10,-0.09610227227443202,0.46838431470314407,True,0.11640946004866737
1905,20260402,20260420,True,oos,H20,-0.1490650297583519,0.46838431470314407,True,0.11640946004866737
1905,20260402,20260420,True,oos,S7,-0.07844801977979188,0.46838431470314407,True,0.11640946004866737
2429,20260428,20260513,True,oos,H5,0.008012008006333282,0.5726123446471911,True,
2429,20260428,20260513,True,oos,H10,0.04761955252524608,0.5726123446471911,True,
2429,20260428,20260513,True,oos,H20,-0.19002571458823148,0.5726123446471911,True,
2429,20260428,20260513,True,oos,S7,-0.07714421270932947,0.5726123446471911,True,
2467,20260415,20260429,False,oos,H5,0.09214039035187582,0.6683386173901495,True,
2467,20260415,20260429,False,oos,H10,0.19965680183729373,0.6683386173901495,True,
2467,20260415,20260429,False,oos,H20,0.23549560566576622,0.6683386173901495,True,
2467,20260415,20260429,False,oos,S7,0.23549560566576622,0.6683386173901495,True,
2484,20260422,20260507,True,oos,H5,-0.0662655024755151,0.5608055926291534,True,-0.007021631805519513
2484,20260422,20260507,True,oos,H10,0.0956467376428114,0.5608055926291534,True,-0.007021631805519513
2484,20260422,20260507,True,oos,H20,0.31477608517137345,0.5608055926291534,True,-0.007021631805519513
2484,20260422,20260507,True,oos,S7,-0.10156967513289472,0.5608055926291534,True,-0.007021631805519513
2489,20260415,20260429,False,oos,H5,0.13390741737002054,0.4105000352461985,True,
2489,20260415,20260429,False,oos,H10,0.06239974240074009,0.4105000352461985,True,
2489,20260415,20260429,False,oos,H20,0.2947996860509019,0.4105000352461985,True,
2489,20260415,20260429,False,oos,S7,0.2947996860509019,0.4105000352461985,True,
2923,20260420,20260505,True,oos,H5,0.27398224797823034,0.3989389992820224,True,
2923,20260420,20260505,True,oos,H10,-0.04509557281339227,0.3989389992820224,True,
2923,20260420,20260505,True,oos,H20,0.18314987563608942,0.3989389992820224,True,
2923,20260420,20260505,True,oos,S7,0.18314987563608942,0.3989389992820224,True,
3042,20260421,20260506,False,oos,H5,-0.1520416188417506,0.7612378426623236,True,0.1689657126717814
3042,20260421,20260506,False,oos,H10,-0.14915740666094035,0.7612378426623236,True,0.1689657126717814
3042,20260421,20260506,False,oos,H20,0.2978954813646677,0.7612378426623236,True,0.1689657126717814
3042,20260421,20260506,False,oos,S7,-0.08858895086392249,0.7612378426623236,True,0.1689657126717814
3532,20260416,20260430,True,oos,H5,0.3541414039458253,0.6476404942323138,True,0.10353994315107418
3532,20260416,20260430,True,oos,H10,0.2317478539737985,0.6476404942323138,True,0.10353994315107418
3532,20260416,20260430,True,oos,H20,0.6614273379181472,0.6476404942323138,True,0.10353994315107418
3532,20260416,20260430,True,oos,S7,0.6614273379181472,0.6476404942323138,True,0.10353994315107418
3653,20260424,20260511,True,oos,H5,-0.11614056263964201,0.05904690049283822,True,
3653,20260424,20260511,True,oos,H10,0.002866229985277746,0.05904690049283822,True,
3653,20260424,20260511,True,oos,H20,-0.12817495739946527,0.05904690049283822,True,
3653,20260424,20260511,True,oos,S7,-0.10009470295987755,0.05904690049283822,True,
4569,20260416,20260430,True,oos,H5,-0.07433027187889729,0.6607247456347572,True,
4569,20260416,20260430,True,oos,H10,0.07994801614128644,0.6607247456347572,True,
4569,20260416,20260430,True,oos,H20,-0.03443071463229819,0.6607247456347572,True,
4569,20260416,20260430,True,oos,S7,-0.07699024236200402,0.6607247456347572,True,
4956,20260422,20260507,True,oos,H5,-0.058657169384519925,0.5790757059168444,True,0.07475530233789662
4956,20260422,20260507,True,oos,H10,-0.07242258760499387,0.5790757059168444,True,0.07475530233789662
4956,20260422,20260507,True,oos,H20,-0.020537549697054014,0.5790757059168444,True,0.07475530233789662
4956,20260422,20260507,True,oos,S7,-0.058657169384519925,0.5790757059168444,True,0.07475530233789662
4960,20260423,20260508,False,oos,H5,-0.231466354273952,0.7769114280658548,True,
4960,20260423,20260508,False,oos,H10,-0.15994845223445275,0.7769114280658548,True,
4960,20260423,20260508,False,oos,H20,-0.26779290769084063,0.7769114280658548,True,
4960,20260423,20260508,False,oos,S7,-0.14178517552600856,0.7769114280658548,True,
6442,20260422,20260507,True,oos,H5,-0.11063406179773072,0.42747893401060433,True,-0.3718308091005482
6442,20260422,20260507,True,oos,H10,-0.12736944235530046,0.42747893401060433,True,-0.3718308091005482
6442,20260422,20260507,True,oos,H20,-0.0676002260782661,0.42747893401060433,True,-0.3718308091005482
6442,20260422,20260507,True,oos,S7,-0.10585252449556826,0.42747893401060433,True,-0.3718308091005482
6451,20260420,20260505,False,oos,H5,-0.11447489358459273,0.6771718495270772,True,0.019363411597453695
6451,20260420,20260505,False,oos,H10,-0.009735364868792007,0.6771718495270772,True,0.019363411597453695
6451,20260420,20260505,False,oos,H20,0.2492569243193703,0.6771718495270772,True,0.019363411597453695
6451,20260420,20260505,False,oos,S7,-0.0859095675711925,0.6771718495270772,True,0.019363411597453695
6451,20260415,20260429,False,oos,H5,0.19209290436898319,0.4749632178710805,True,-0.056673209575870076
6451,20260415,20260429,False,oos,H10,0.2020270119053913,0.4749632178710805,True,-0.056673209575870076
6451,20260415,20260429,False,oos,H20,0.49508318422943276,0.4749632178710805,True,-0.056673209575870076
6451,20260415,20260429,False,oos,S7,0.49508318422943276,0.4749632178710805,True,-0.056673209575870076
6456,20260421,20260506,True,oos,H5,-0.14139222002029683,0.7256530120159045,True,
6456,20260421,20260506,True,oos,H10,-0.13376015086492188,0.7256530120159045,True,
6456,20260421,20260506,True,oos,H20,0.13081824652141671,0.7256530120159045,True,
6456,20260421,20260506,True,oos,S7,-0.10323187424342106,0.7256530120159045,True,
6830,20260414,20260428,False,oos,H5,0.5088284182746243,0.4262265177074273,True,
6830,20260414,20260428,False,oos,H10,0.15067217757307216,0.4262265177074273,True,
6830,20260414,20260428,False,oos,H20,0.20096645818222614,0.4262265177074273,True,
6830,20260414,20260428,False,oos,S7,0.20096645818222614,0.4262265177074273,True,
6949,20260417,20260504,True,oos,H5,-0.11042440014901023,0.5975620387594102,True,
6949,20260417,20260504,True,oos,H10,-0.12860550729924947,0.5975620387594102,True,
6949,20260417,20260504,True,oos,H20,-0.133800109342175,0.5975620387594102,True,
6949,20260417,20260504,True,oos,S7,-0.10912574963827892,0.5975620387594102,True,
7711,20260429,20260514,False,oos,H5,-0.1505640926017564,0.6488244600039508,True,
7711,20260429,20260514,False,oos,H10,-0.09486337736252737,0.6488244600039508,True,
7711,20260429,20260514,False,oos,H20,-0.17957488178885495,0.6488244600039508,True,
7711,20260429,20260514,False,oos,S7,-0.13547848222446524,0.6488244600039508,True,
8021,20260427,20260512,False,oos,H5,-0.1387128765934098,0.6689944813107105,True,0.11563549238915805
8021,20260427,20260512,False,oos,H10,-0.07116094534583406,0.6689944813107105,True,0.11563549238915805
8021,20260427,20260512,False,oos,H20,0.05549892574337023,0.6689944813107105,True,0.11563549238915805
8021,20260427,20260512,False,oos,S7,-0.1387128765934098,0.6689944813107105,True,0.11563549238915805
4529,20260430,20260515,True,oos,H5,0.1328065363822828,0.6451536714042819,True,
4529,20260430,20260515,True,oos,H10,-0.002051384615608276,0.6451536714042819,True,
4529,20260430,20260515,True,oos,H20,-0.036729135729351436,0.6451536714042819,True,
4529,20260430,20260515,True,oos,S7,-0.11379080487100346,0.6451536714042819,True,
7751,20260429,20260514,False,oos,H5,-0.06247220056580183,0.15755447483579976,False,-0.05640467891503176
7751,20260429,20260514,False,oos,H10,-0.03371367911076495,0.15755447483579976,False,-0.05640467891503176
7751,20260429,20260514,False,oos,H20,-0.2120165121319928,0.15755447483579976,False,-0.05640467891503176
7751,20260429,20260514,False,oos,S7,-0.07972731343882389,0.15755447483579976,False,-0.05640467891503176
4971,20260427,20260512,False,oos,H5,-0.10994751323973284,0.3400503147322855,True,-0.08299836883733047
4971,20260427,20260512,False,oos,H10,-0.054476820013880434,0.3400503147322855,True,-0.08299836883733047
4971,20260427,20260512,False,oos,H20,-0.22719238755801163,0.3400503147322855,True,-0.08299836883733047
4971,20260427,20260512,False,oos,S7,-0.13264006955939978,0.3400503147322855,True,-0.08299836883733047
6217,20260427,20260512,False,oos,H5,-0.04751776940918262,0.6442947383043869,True,
6217,20260427,20260512,False,oos,H10,-0.02602077462154273,0.6442947383043869,True,
6217,20260427,20260512,False,oos,H20,-0.1979967329226624,0.6442947383043869,True,
6217,20260427,20260512,False,oos,S7,-0.2095720378083148,0.6442947383043869,True,
3363,20260424,20260511,False,oos,H5,-0.006619570252759721,0.4290951857398955,True,-0.17055337405155024
3363,20260424,20260511,False,oos,H10,0.0745468794948807,0.4290951857398955,True,-0.17055337405155024
3363,20260424,20260511,False,oos,H20,-0.009042449349704107,0.4290951857398955,True,-0.17055337405155024
3363,20260424,20260511,False,oos,S7,-0.009042449349704107,0.4290951857398955,True,-0.17055337405155024
4768,20260424,20260511,True,oos,H5,-0.17536611734743435,0.5790279378298914,True,
4768,20260424,20260511,True,oos,H10,-0.0690264682462518,0.5790279378298914,True,
4768,20260424,20260511,True,oos,H20,-0.2054622444515425,0.5790279378298914,True,
4768,20260424,20260511,True,oos,S7,-0.17536611734743435,0.5790279378298914,True,
5498,20260424,20260511,True,oos,H5,-0.0160990847195549,0.50022348647679,True,-0.08558171160985795
5498,20260424,20260511,True,oos,H10,-0.054683434338396175,0.50022348647679,True,-0.08558171160985795
5498,20260424,20260511,True,oos,H20,-0.23244704508234193,0.50022348647679,True,-0.08558171160985795
5498,20260424,20260511,True,oos,S7,-0.11118194628027023,0.50022348647679,True,-0.08558171160985795
6423,20260424,20260511,True,oos,H5,-0.1694247778251663,0.6483560293544434,True,0.09808607983193829
6423,20260424,20260511,True,oos,H10,-0.14598112236055394,0.6483560293544434,True,0.09808607983193829
6423,20260424,20260511,True,oos,H20,-0.3033885233372362,0.6483560293544434,True,0.09808607983193829
6423,20260424,20260511,True,oos,S7,-0.1694247778251663,0.6483560293544434,True,0.09808607983193829
3221,20260423,20260508,True,oos,H5,-0.1609312347417231,0.7496090385671245,True,
3221,20260423,20260508,True,oos,H10,0.05380674309688782,0.7496090385671245,True,
3221,20260423,20260508,True,oos,H20,0.07567820380267243,0.7496090385671245,True,
3221,20260423,20260508,True,oos,S7,-0.10028763914841166,0.7496090385671245,True,
3339,20260423,20260508,False,oos,H5,-0.24512220018158748,0.6629751534296177,True,
3339,20260423,20260508,False,oos,H10,-0.2673922471752129,0.6629751534296177,True,
3339,20260423,20260508,False,oos,H20,-0.2228521531879618,0.6629751534296177,True,
3339,20260423,20260508,False,oos,S7,-0.12762850397383863,0.6629751534296177,True,
3388,20260422,20260507,True,oos,H5,0.005223845332962496,0.7024427511915478,True,-0.08686142672322505
3388,20260422,20260507,True,oos,H10,-0.1758034791945321,0.7024427511915478,True,-0.08686142672322505
3388,20260422,20260507,True,oos,H20,-0.12532470600898082,0.7024427511915478,True,-0.08686142672322505
3388,20260422,20260507,True,oos,S7,-0.15404538730420825,0.7024427511915478,True,-0.08686142672322505
4939,20260422,20260507,True,oos,H5,-0.09717324114614478,0.6476005491540141,True,0.31376990619601197
4939,20260422,20260507,True,oos,H10,-0.10540213087528139,0.6476005491540141,True,0.31376990619601197
4939,20260422,20260507,True,oos,H20,0.22832850422614115,0.6476005491540141,True,0.31376990619601197
4939,20260422,20260507,True,oos,S7,-0.09717324114614478,0.6476005491540141,True,0.31376990619601197
5475,20260422,20260507,True,oos,H5,-0.12678315031552556,0.740304761603577,True,
5475,20260422,20260507,True,oos,H10,-0.2349214598739745,0.740304761603577,True,
5475,20260422,20260507,True,oos,H20,-0.1362452524018899,0.740304761603577,True,
5475,20260422,20260507,True,oos,S7,-0.12137623483760329,0.740304761603577,True,
8182,20260422,20260507,True,oos,H5,-0.06604500667513935,0.6628640254548764,True,0.005245431021066116
8182,20260422,20260507,True,oos,H10,-0.053389789963420364,0.6628640254548764,True,0.005245431021066116
8182,20260422,20260507,True,oos,H20,0.11365907063127012,0.6628640254548764,True,0.005245431021066116
8182,20260422,20260507,True,oos,S7,-0.06604500667513935,0.6628640254548764,True,0.005245431021066116
8289,20260422,20260507,True,oos,H5,0.1559455540760939,0.6007486206385256,True,-0.0032837230259910033
8289,20260422,20260507,True,oos,H10,0.18975748984431617,0.6007486206385256,True,-0.0032837230259910033
8289,20260422,20260507,True,oos,H20,0.5151973716134541,0.6007486206385256,True,-0.0032837230259910033
8289,20260422,20260507,True,oos,S7,0.5151973716134541,0.6007486206385256,True,-0.0032837230259910033
6791,20260421,20260506,True,oos,H5,-0.04022836458323231,0.5378256905787658,True,
6791,20260421,20260506,True,oos,H10,-0.08882439675623321,0.5378256905787658,True,
6791,20260421,20260506,True,oos,H20,-0.032129025887732365,0.5378256905787658,True,
6791,20260421,20260506,True,oos,S7,-0.08882439675623321,0.5378256905787658,True,
3339,20260420,20260505,True,oos,H5,-0.13040280491760714,0.6206918931580467,True,
3339,20260420,20260505,True,oos,H10,-0.23475446832749436,0.6206918931580467,True,
3339,20260420,20260505,True,oos,H20,-0.2579437268630248,0.6206918931580467,True,
3339,20260420,20260505,True,oos,S7,-0.13040280491760714,0.6206918931580467,True,
5228,20260420,20260505,True,oos,H5,0.18716173971760108,0.6992145281385429,True,0.0288957325999597
5228,20260420,20260505,True,oos,H10,0.2846581144770175,0.6992145281385429,True,0.0288957325999597
5228,20260420,20260505,True,oos,H20,0.8180206352197077,0.6992145281385429,True,0.0288957325999597
5228,20260420,20260505,True,oos,S7,0.8180206352197077,0.6992145281385429,True,0.0288957325999597
8043,20260420,20260505,True,oos,H5,-0.0898020529828899,0.6853165389773023,True,-0.10344863117174086
8043,20260420,20260505,True,oos,H10,0.261502417795644,0.6853165389773023,True,-0.10344863117174086
8043,20260420,20260505,True,oos,H20,0.6447436586449535,0.6853165389773023,True,-0.10344863117174086
8043,20260420,20260505,True,oos,S7,-0.0898020529828899,0.6853165389773023,True,-0.10344863117174086
3234,20260415,20260429,True,oos,H5,-0.05355308308228135,0.6024377821016222,True,
3234,20260415,20260429,True,oos,H10,-0.09195962463836249,0.6024377821016222,True,
3234,20260415,20260429,True,oos,H20,-0.05355308308228135,0.6024377821016222,True,
3234,20260415,20260429,True,oos,S7,-0.09013074170712054,0.6024377821016222,True,
6218,20260414,20260428,True,oos,H5,0.25301341826715396,0.506945309020211,True,
6218,20260414,20260428,True,oos,H10,0.40823985705631594,0.506945309020211,True,
6218,20260414,20260428,True,oos,H20,0.26741587135068445,0.506945309020211,True,
6218,20260414,20260428,True,oos,S7,0.26741587135068445,0.506945309020211,True,
3163,20260410,20260424,False,oos,H5,-0.0038623338404368823,0.6172010439786654,True,0.06733507379612691
3163,20260410,20260424,False,oos,H10,-0.18245275207621514,0.6172010439786654,True,0.06733507379612691
3163,20260410,20260424,False,oos,H20,-0.011799685762027057,0.6172010439786654,True,0.06733507379612691
3163,20260410,20260424,False,oos,S7,-0.0792671770955432,0.6172010439786654,True,0.06733507379612691
4154,20260401,20260417,True,oos,H5,0.027603596991581325,0.6213080681662709,True,
4154,20260401,20260417,True,oos,H10,-0.08224368406613958,0.6213080681662709,True,
4154,20260401,20260417,True,oos,H20,-0.06452638066973293,0.6213080681662709,True,
4154,20260401,20260417,True,oos,S7,-0.08224368406613958,0.6213080681662709,True,
1597,20260507,20260521,True,oos,H5,0.11234720591298508,0.6078149486311212,True,0.2514592627369645
1597,20260507,20260521,True,oos,H10,-0.06931753877129643,0.6078149486311212,True,0.2514592627369645
1597,20260507,20260521,True,oos,H20,-0.16713701667821723,0.6078149486311212,True,0.2514592627369645
1597,20260507,20260521,True,oos,S7,-0.130804067741361,0.6078149486311212,True,0.2514592627369645
2059,20260513,20260527,True,oos,H5,0.018613770786494177,0.6519195442977105,True,
2059,20260513,20260527,True,oos,H10,0.29481481248052455,0.6519195442977105,True,
2059,20260513,20260527,True,oos,H20,0.4809077129126724,0.6519195442977105,True,
2059,20260513,20260527,True,oos,S7,-0.036234663025086045,0.6519195442977105,True,
2424,20260526,20260609,False,oos,H5,-0.062025114307887375,0.29349234825946535,False,
2424,20260526,20260609,False,oos,H10,-0.10371288700531445,0.29349234825946535,False,
2424,20260526,20260609,False,oos,H20,-0.13706310516325648,0.29349234825946535,False,
2424,20260526,20260609,False,oos,S7,-0.0870377779263437,0.29349234825946535,False,
2454,20260507,20260521,True,oos,H5,0.34226083007856745,0.5831332887578305,True,0.16882911594841254
2454,20260507,20260521,True,oos,H10,0.33645017713450476,0.5831332887578305,True,0.16882911594841254
2454,20260507,20260521,True,oos,H20,0.3175655550662997,0.5831332887578305,True,0.16882911594841254
2454,20260507,20260521,True,oos,S7,0.3175655550662997,0.5831332887578305,True,0.16882911594841254
2455,20260527,20260610,False,oos,H5,0.08310650366431838,0.47035766907387255,True,0.30551108835870977
2455,20260527,20260610,False,oos,H10,0.08582105630508119,0.47035766907387255,True,0.30551108835870977
2455,20260527,20260610,False,oos,H20,-0.06529539554715802,0.47035766907387255,True,0.30551108835870977
2455,20260527,20260610,False,oos,S7,-0.08248120742220622,0.47035766907387255,True,0.30551108835870977
2455,20260506,20260520,False,oos,H5,0.0830848737627985,0.8412391752968263,True,0.5586602314418672
2455,20260506,20260520,False,oos,H10,0.08967298126743861,0.8412391752968263,True,0.5586602314418672
2455,20260506,20260520,False,oos,H20,0.05146195774052709,0.8412391752968263,True,0.5586602314418672
2455,20260506,20260520,False,oos,S7,-0.10928786537268631,0.8412391752968263,True,0.5586602314418672
2486,20260507,20260521,False,oos,H5,0.02518015807968821,0.4934727015702169,True,
2486,20260507,20260521,False,oos,H10,0.02151225053736372,0.4934727015702169,True,
2486,20260507,20260521,False,oos,H20,-0.07568729933423446,0.4934727015702169,True,
2486,20260507,20260521,False,oos,S7,-0.06651753047842324,0.4934727015702169,True,
2911,20260528,20260611,False,oos,H5,0.01419000354473332,0.5181588849115215,True,
2911,20260528,20260611,False,oos,H10,-0.10570218022774414,0.5181588849115215,True,
2911,20260528,20260611,False,oos,H20,-0.021288295734877227,0.5181588849115215,True,
2911,20260528,20260611,False,oos,S7,-0.09102150466376735,0.5181588849115215,True,
3016,20260507,20260521,True,oos,H5,0.1161901139736139,0.556303551774498,True,0.21634295160264805
3016,20260507,20260521,True,oos,H10,0.0054569677460731825,0.556303551774498,True,0.21634295160264805
3016,20260507,20260521,True,oos,H20,0.08961415887900448,0.556303551774498,True,0.21634295160264805
3016,20260507,20260521,True,oos,S7,-0.052124268292248144,0.556303551774498,True,0.21634295160264805
3030,20260508,20260522,True,oos,H5,0.07505905773436128,0.5557766956073643,True,
3030,20260508,20260522,True,oos,H10,-0.08318561665177127,0.5557766956073643,True,
3030,20260508,20260522,True,oos,H20,-0.10652328814050371,0.5557766956073643,True,
3030,20260508,20260522,True,oos,S7,-0.08318561665177127,0.5557766956073643,True,
3090,20260527,20260610,False,oos,H5,0.12556986283053528,0.705758997321302,True,-0.14982863927349999
3090,20260527,20260610,False,oos,H10,0.2944053422551156,0.705758997321302,True,-0.14982863927349999
3090,20260527,20260610,False,oos,H20,0.24875776698398644,0.705758997321302,True,-0.14982863927349999
3090,20260527,20260610,False,oos,S7,-0.08078461202172948,0.705758997321302,True,-0.14982863927349999
3167,20260526,20260609,False,oos,H5,-0.08960317932310846,0.7033504290097292,True,
3167,20260526,20260609,False,oos,H10,-0.1561112105342345,0.7033504290097292,True,
3167,20260526,20260609,False,oos,H20,-0.08306140576135834,0.7033504290097292,True,
3167,20260526,20260609,False,oos,S7,-0.09614495288485858,0.7033504290097292,True,
3167,20260505,20260519,False,oos,H5,0.13521981021419904,0.4109424972271589,True,
3167,20260505,20260519,False,oos,H10,0.04597709681007678,0.4109424972271589,True,
3167,20260505,20260519,False,oos,H20,0.09584802488885091,0.4109424972271589,True,
3167,20260505,20260519,False,oos,S7,0.09584802488885091,0.4109424972271589,True,
3189,20260528,20260611,True,oos,H5,0.08638088244316133,0.5392369868821696,True,0.30630053774481913
3189,20260528,20260611,True,oos,H10,0.21886635591183956,0.5392369868821696,True,0.30630053774481913
3189,20260528,20260611,True,oos,H20,0.23570212988293382,0.5392369868821696,True,0.30630053774481913
3189,20260528,20260611,True,oos,S7,-0.02696780041337432,0.5392369868821696,True,0.30630053774481913
3532,20260511,20260525,False,oos,H5,0.27382868521856496,0.7008136873884783,True,0.09801562883514947
3532,20260511,20260525,False,oos,H10,-0.0514428335462328,0.7008136873884783,True,0.09801562883514947
3532,20260511,20260525,False,oos,H20,0.3683209699993999,0.7008136873884783,True,0.09801562883514947
3532,20260511,20260525,False,oos,S7,0.3683209699993999,0.7008136873884783,True,0.09801562883514947
3653,20260513,20260527,False,oos,H5,0.05622206071225899,0.3965735922895123,False,
3653,20260513,20260527,False,oos,H10,-0.006523804280548329,0.3965735922895123,False,
3653,20260513,20260527,False,oos,H20,-0.03658953125626874,0.3965735922895123,False,
3653,20260513,20260527,False,oos,S7,-0.06404084719062197,0.3965735922895123,False,
4722,20260526,20260609,True,oos,H5,-0.0037978025240010815,0.20481327078129408,True,0.26650096149283864
4722,20260526,20260609,True,oos,H10,0.08896596485230646,0.20481327078129408,True,0.26650096149283864
4722,20260526,20260609,True,oos,H20,0.04867220167059183,0.20481327078129408,True,0.26650096149283864
4722,20260526,20260609,True,oos,S7,-0.12479402084092406,0.20481327078129408,True,0.26650096149283864
4764,20260507,20260521,False,oos,H5,-0.10101815252708313,0.7388906414295014,True,0.8203086700638003
4764,20260507,20260521,False,oos,H10,-0.20516848851479919,0.7388906414295014,True,0.8203086700638003
4764,20260507,20260521,False,oos,H20,-0.12568533736627896,0.7388906414295014,True,0.8203086700638003
4764,20260507,20260521,False,oos,S7,-0.10924054747348166,0.7388906414295014,True,0.8203086700638003
4919,20260528,20260611,False,oos,H5,0.11432793493795557,0.23738025336538407,False,
4919,20260528,20260611,False,oos,H10,0.051758719339835224,0.23738025336538407,False,
4919,20260528,20260611,False,oos,H20,-0.01676946917239197,0.23738025336538407,False,
4919,20260528,20260611,False,oos,S7,-0.01676946917239197,0.23738025336538407,False,
4958,20260528,20260611,True,oos,H5,0.25921643942712014,0.5621191742856804,True,0.29794444454096225
4958,20260528,20260611,True,oos,H10,0.16175386671604275,0.5621191742856804,True,0.29794444454096225
4958,20260528,20260611,True,oos,H20,0.20073889580047388,0.5621191742856804,True,0.29794444454096225
4958,20260528,20260611,True,oos,S7,0.20073889580047388,0.5621191742856804,True,0.29794444454096225
6239,20260529,20260612,True,oos,H5,0.04665225844667731,0.6113876311362666,True,0.15734106036124262
6239,20260529,20260612,True,oos,H10,-0.096724763258347,0.6113876311362666,True,0.15734106036124262
6239,20260529,20260612,True,oos,H20,-0.11536377608000015,0.6113876311362666,True,0.15734106036124262
6239,20260529,20260612,True,oos,S7,-0.096724763258347,0.6113876311362666,True,0.15734106036124262
6271,20260528,20260611,True,oos,H5,0.007637103631710884,0.49690023785550086,True,-0.04903242751522974
6271,20260528,20260611,True,oos,H10,0.17557662090366288,0.49690023785550086,True,-0.04903242751522974
6271,20260528,20260611,True,oos,H20,0.12254308913357281,0.49690023785550086,True,-0.04903242751522974
6271,20260528,20260611,True,oos,S7,0.12254308913357281,0.49690023785550086,True,-0.04903242751522974
6405,20260529,20260612,False,oos,H5,-0.0480201334548529,0.5834137186590546,True,
6405,20260529,20260612,False,oos,H10,-0.24770984160878218,0.5834137186590546,True,
6405,20260529,20260612,False,oos,H20,-0.32808808891602426,0.5834137186590546,True,
6405,20260529,20260612,False,oos,S7,-0.12714247064791917,0.5834137186590546,True,
6405,20260511,20260525,False,oos,H5,0.23661642256658055,0.7683893467021842,True,
6405,20260511,20260525,False,oos,H10,-0.01645856623774289,0.7683893467021842,True,
6405,20260511,20260525,False,oos,H20,-0.009268935873983808,0.7683893467021842,True,
6405,20260511,20260525,False,oos,S7,-0.10129620453010146,0.7683893467021842,True,
6405,20260506,20260520,True,oos,H5,0.5362021725568287,0.5705142428513208,True,
6405,20260506,20260520,True,oos,H10,0.42555135580603665,0.5705142428513208,True,
6405,20260506,20260520,True,oos,H20,0.0991314463912003,0.5705142428513208,True,
6405,20260506,20260520,True,oos,S7,0.0991314463912003,0.5705142428513208,True,
6742,20260525,20260608,True,oos,H5,0.011176058976522185,0.6219012780734097,True,-0.06964775159895231
6742,20260525,20260608,True,oos,H10,0.311487745665038,0.6219012780734097,True,-0.06964775159895231
6742,20260525,20260608,True,oos,H20,0.20314745363183917,0.6219012780734097,True,-0.06964775159895231
6742,20260525,20260608,True,oos,S7,0.20314745363183917,0.6219012780734097,True,-0.06964775159895231
6806,20260529,20260612,False,oos,H5,-0.2214911636311646,0.20725698801981077,False,
6806,20260529,20260612,False,oos,S7,-0.18956493374853112,0.20725698801981077,False,
6806,20260526,20260609,False,oos,H5,-0.3925495978374889,0.23542682099788956,False,
6806,20260526,20260609,False,oos,S7,-0.1753400600945304,0.23542682099788956,False,
6806,20260521,20260604,False,oos,H5,-0.28994934886733514,0.2505839970517556,False,
6806,20260521,20260604,False,oos,H10,-0.42942358391125157,0.2505839970517556,False,
6806,20260521,20260604,False,oos,S7,-0.19168341054093985,0.2505839970517556,False,
6834,20260528,20260611,False,oos,H5,0.36827652860292104,0.5384839825722106,True,-0.04896675634439107
6834,20260528,20260611,False,oos,H10,0.6648487811079873,0.5384839825722106,True,-0.04896675634439107
6834,20260528,20260611,False,oos,H20,0.9277196412829325,0.5384839825722106,True,-0.04896675634439107
6834,20260528,20260611,False,oos,S7,0.9277196412829325,0.5384839825722106,True,-0.04896675634439107
6834,20260525,20260608,True,oos,H5,0.4112748567482478,0.6049480351285471,True,0.005850352476920229
6834,20260525,20260608,True,oos,H10,0.7739930859237234,0.6049480351285471,True,0.005850352476920229
6834,20260525,20260608,True,oos,H20,1.0670187295807674,0.6049480351285471,True,0.005850352476920229
6834,20260525,20260608,True,oos,S7,1.0670187295807674,0.6049480351285471,True,0.005850352476920229
6906,20260528,20260611,True,oos,H5,-0.028963469656370755,0.5716763840870851,True,
6906,20260528,20260611,True,oos,H10,-0.02262373169982923,0.5716763840870851,True,
6906,20260528,20260611,True,oos,H20,-0.10715357112038448,0.5716763840870851,True,
6906,20260528,20260611,True,oos,S7,-0.08073799630146095,0.5716763840870851,True,
8021,20260526,20260609,False,oos,H5,-0.017752699703219577,0.6576273071947065,True,
8021,20260526,20260609,False,oos,H10,0.10130757912063282,0.6576273071947065,True,
8021,20260526,20260609,False,oos,H20,0.004075018081153292,0.6576273071947065,True,
8021,20260526,20260609,False,oos,S7,0.004075018081153292,0.6576273071947065,True,
3191,20260529,20260612,True,oos,H5,-0.002845235981137506,0.47349796905288705,True,
3191,20260529,20260612,True,oos,H10,-0.04023853963184487,0.47349796905288705,True,
3191,20260529,20260612,True,oos,H20,-0.07763184328255224,0.47349796905288705,True,
3191,20260529,20260612,True,oos,S7,-0.07763184328255224,0.47349796905288705,True,
6821,20260529,20260612,True,oos,H5,-0.012144788019487374,0.6221788152103807,True,
6821,20260529,20260612,True,oos,H10,-0.13580643027614547,0.6221788152103807,True,
6821,20260529,20260612,True,oos,H20,-0.26665770289656276,0.6221788152103807,True,
6821,20260529,20260612,True,oos,S7,-0.13868228242164926,0.6221788152103807,True,
3236,20260528,20260611,True,oos,H5,0.3146239120133678,0.5478629053919742,True,0.2549167781243473
3236,20260528,20260611,True,oos,H10,0.30126779099146117,0.5478629053919742,True,0.2549167781243473
3236,20260528,20260611,True,oos,H20,0.1600745116170208,0.5478629053919742,True,0.2549167781243473
3236,20260528,20260611,True,oos,S7,0.1600745116170208,0.5478629053919742,True,0.2549167781243473
5321,20260528,20260611,False,oos,H5,0.04315000550542414,0.3892647450206679,True,
5321,20260528,20260611,False,oos,H10,0.6470789560611963,0.3892647450206679,True,
5321,20260528,20260611,False,oos,H20,0.6470789560611963,0.3892647450206679,True,
5321,20260528,20260611,False,oos,S7,0.6470789560611963,0.3892647450206679,True,
6182,20260528,20260611,False,oos,H5,0.49137351356921766,0.5062343134136915,True,0.25322984435535023
6182,20260528,20260611,False,oos,H10,0.5724942486169156,0.5062343134136915,True,0.25322984435535023
6182,20260528,20260611,False,oos,H20,1.364981429467504,0.5062343134136915,True,0.25322984435535023
6182,20260528,20260611,False,oos,S7,1.364981429467504,0.5062343134136915,True,0.25322984435535023
6570,20260528,20260611,True,oos,H5,-0.07796709359114484,0.620011408715931,True,0.15301865355022404
6570,20260528,20260611,True,oos,H10,-0.1104691812011045,0.620011408715931,True,0.15301865355022404
6570,20260528,20260611,True,oos,H20,-0.11731172596109596,0.620011408715931,True,0.15301865355022404
6570,20260528,20260611,True,oos,S7,-0.07796709359114484,0.620011408715931,True,0.15301865355022404
8042,20260528,20260611,False,oos,H5,0.3342962281983435,0.5543877407534693,True,-0.18692621502732654
8042,20260528,20260611,False,oos,H10,0.3377175005783388,0.5543877407534693,True,-0.18692621502732654
8042,20260528,20260611,False,oos,H20,0.20770915013850044,0.5543877407534693,True,-0.18692621502732654
8042,20260528,20260611,False,oos,S7,0.20770915013850044,0.5543877407534693,True,-0.18692621502732654
8291,20260528,20260611,False,oos,H5,0.0059638531640986425,0.17212599227452632,True,
8291,20260528,20260611,False,oos,H10,-0.02162587276656247,0.17212599227452632,True,
8291,20260528,20260611,False,oos,H20,-0.36331401698474775,0.17212599227452632,True,
8291,20260528,20260611,False,oos,S7,-0.18716422835052804,0.17212599227452632,True,
4127,20260527,20260610,True,oos,H5,0.1422998242420026,0.5827931283247767,True,
4127,20260527,20260610,True,oos,H10,0.059075122761514054,0.5827931283247767,True,
4127,20260527,20260610,True,oos,H20,0.2924306582852376,0.5827931283247767,True,
4127,20260527,20260610,True,oos,S7,0.2924306582852376,0.5827931283247767,True,
3491,20260526,20260609,True,oos,H5,-0.1491884196951424,0.3052473857929358,True,0.32607680803437256
3491,20260526,20260609,True,oos,H10,-0.27721022488208014,0.3052473857929358,True,0.32607680803437256
3491,20260526,20260609,True,oos,H20,-0.34922249029973274,0.3052473857929358,True,0.32607680803437256
3491,20260526,20260609,True,oos,S7,-0.11451584745701349,0.3052473857929358,True,0.32607680803437256
6538,20260525,20260608,True,oos,H5,-0.12850021131189304,0.6510260291891599,True,-0.1098240801442465
6538,20260525,20260608,True,oos,H10,0.23350739322009018,0.6510260291891599,True,-0.1098240801442465
6538,20260525,20260608,True,oos,H20,0.1659885229383129,0.6510260291891599,True,-0.1098240801442465
6538,20260525,20260608,True,oos,S7,-0.12134944381496493,0.6510260291891599,True,-0.1098240801442465
8291,20260525,20260608,False,oos,H5,-0.4053196819309418,0.39899966374695095,True,
8291,20260525,20260608,False,oos,H10,-0.27178833113736733,0.39899966374695095,True,
8291,20260525,20260608,False,oos,H20,-0.42550465356252865,0.39899966374695095,True,
8291,20260525,20260608,False,oos,S7,-0.19415382486203348,0.39899966374695095,True,
8455,20260521,20260604,True,oos,H5,-0.24804034427040733,0.6452610567618537,True,
8455,20260521,20260604,True,oos,H10,-0.1892934961665329,0.6452610567618537,True,
8455,20260521,20260604,True,oos,H20,-0.27415005453879593,0.6452610567618537,True,
8455,20260521,20260604,True,oos,S7,-0.21409772092150214,0.6452610567618537,True,
8091,20260520,20260603,True,oos,H5,-0.02161113466510367,0.611994186303524,True,
8091,20260520,20260603,True,oos,H10,0.001126318650451097,0.611994186303524,True,
8091,20260520,20260603,True,oos,H20,0.08922543469169075,0.611994186303524,True,
8091,20260520,20260603,True,oos,S7,-0.019642545398836142,0.611994186303524,True,
3498,20260519,20260602,True,oos,H5,-0.06639654047268695,0.6221528502022695,True,
3498,20260519,20260602,True,oos,H10,-0.11118194628027023,0.6221528502022695,True,
3498,20260519,20260602,True,oos,H20,-0.16974747695172532,0.6221528502022695,True,
3498,20260519,20260602,True,oos,S7,-0.10429188384833432,0.6221528502022695,True,
8444,20260518,20260601,False,oos,H5,-0.12839337713614185,0.15237622449677074,True,
8444,20260518,20260601,False,oos,H10,-0.09084116435969458,0.15237622449677074,True,
8444,20260518,20260601,False,oos,H20,0.22934086036580426,0.15237622449677074,True,
8444,20260518,20260601,False,oos,S7,-0.1382755383931017,0.15237622449677074,True,
6263,20260515,20260529,True,oos,H5,-0.022599639901981994,0.6319051241414635,True,
6263,20260515,20260529,True,oos,H10,-0.08757134013971146,0.6319051241414635,True,
6263,20260515,20260529,True,oos,H20,-0.09039619667178678,0.6319051241414635,True,
6263,20260515,20260529,True,oos,S7,-0.15254304037744104,0.6319051241414635,True,
3664,20260513,20260527,False,oos,H5,-0.07285179313950074,0.5739633435816462,True,
3664,20260513,20260527,False,oos,H10,-0.12583169067438638,0.5739633435816462,True,
3664,20260513,20260527,False,oos,H20,-0.12823986783506292,0.5739633435816462,True,
3664,20260513,20260527,False,oos,S7,-0.01264736412258527,0.5739633435816462,True,
7751,20260513,20260527,False,oos,H5,-0.07889545538020692,0.35809446268672845,False,
7751,20260513,20260527,False,oos,H10,-0.20735810700373902,0.35809446268672845,False,
7751,20260513,20260527,False,oos,H20,-0.1690926363073677,0.35809446268672845,False,
7751,20260513,20260527,False,oos,S7,-0.07889545538020692,0.35809446268672845,False,
6488,20260512,20260526,True,oos,H5,0.08955278253929366,0.7589243723964426,True,0.19046591880504504
6488,20260512,20260526,True,oos,H10,-0.10292341879256883,0.7589243723964426,True,0.19046591880504504
6488,20260512,20260526,True,oos,H20,0.09184416588848276,0.7589243723964426,True,0.19046591880504504
6488,20260512,20260526,True,oos,S7,-0.10292341879256883,0.7589243723964426,True,0.19046591880504504
1595,20260511,20260525,True,oos,H5,-0.11829930974088854,0.7800103685981465,True,
1595,20260511,20260525,True,oos,H10,-0.3003674337155079,0.7800103685981465,True,
1595,20260511,20260525,True,oos,H20,-0.08352225235247823,0.7800103685981465,True,
1595,20260511,20260525,True,oos,S7,-0.09170508938504518,0.7800103685981465,True,
5386,20260508,20260522,False,oos,H5,0.2275989200764419,0.7576384940836106,True,
5386,20260508,20260522,False,oos,H10,0.11408806102827751,0.7576384940836106,True,
5386,20260508,20260522,False,oos,H20,0.12670037870029605,0.7576384940836106,True,
5386,20260508,20260522,False,oos,S7,0.12670037870029605,0.7576384940836106,True,
3163,20260507,20260521,False,oos,H5,0.07692714514037147,0.20978955756958292,False,-0.158221151738676
3163,20260507,20260521,False,oos,H10,0.0021405378389567353,0.20978955756958292,False,-0.158221151738676
3163,20260507,20260521,False,oos,H20,-0.09258916474283507,0.20978955756958292,False,-0.158221151738676
3163,20260507,20260521,False,oos,S7,-0.12250380766340108,0.20978955756958292,False,-0.158221151738676
6683,20260507,20260521,False,oos,H5,-0.06060595608840047,0.27554187895412424,False,
6683,20260507,20260521,False,oos,H10,-0.10810340774685201,0.27554187895412424,False,
6683,20260507,20260521,False,oos,H20,-0.12921338626171952,0.27554187895412424,False,
6683,20260507,20260521,False,oos,S7,-0.10810340774685201,0.27554187895412424,False,
4951,20260505,20260519,True,oos,H5,0.07791198935174792,0.6204144665600103,True,
4951,20260505,20260519,True,oos,H10,0.008500990037430878,0.6204144665600103,True,
4951,20260505,20260519,True,oos,H20,-0.11750393915260038,0.6204144665600103,True,
4951,20260505,20260519,True,oos,S7,-0.08780455248946695,0.6204144665600103,True,
6234,20260505,20260519,True,oos,H5,-7.968956530401972e-05,0.5698761670759491,True,
6234,20260505,20260519,True,oos,H10,-0.050463271098835194,0.5698761670759491,True,
6234,20260505,20260519,True,oos,H20,-0.15413717925437076,0.5698761670759491,True,
6234,20260505,20260519,True,oos,S7,-0.08146855204254677,0.5698761670759491,True,
9949,20260505,20260519,True,oos,H5,-0.0698415716886549,0.31885688871736734,False,
9949,20260505,20260519,True,oos,H10,-0.049171384392847184,0.31885688871736734,False,
9949,20260505,20260519,True,oos,H20,-0.00783100980123197,0.31885688871736734,False,
9949,20260505,20260519,True,oos,S7,-0.00783100980123197,0.31885688871736734,False,
1409,20260604,20260618,True,oos,H5,0.028491169030707475,0.7617415013651285,True,0.40290186348280255
1409,20260604,20260618,True,oos,H10,0.07819520322178253,0.7617415013651285,True,0.40290186348280255
1409,20260604,20260618,True,oos,H20,-0.07091689935144252,0.7617415013651285,True,0.40290186348280255
1409,20260604,20260618,True,oos,S7,-0.07091689935144252,0.7617415013651285,True,0.40290186348280255
1563,20260603,20260617,True,oos,H5,0.045148887733653664,0.6927650500296948,True,
1563,20260603,20260617,True,oos,H10,0.009828956043729908,0.6927650500296948,True,
1563,20260603,20260617,True,oos,H20,0.0686526968218577,0.6927650500296948,True,
1563,20260603,20260617,True,oos,S7,0.0686526968218577,0.6927650500296948,True,
1568,20260604,20260618,False,oos,H5,-0.006629836689610924,0.5671878516082662,True,
1568,20260604,20260618,False,oos,H10,-0.09191312761468695,0.5671878516082662,True,
1568,20260604,20260618,False,oos,H20,-0.26247970946483823,0.5671878516082662,True,
1568,20260604,20260618,False,oos,S7,-0.1015225125076531,0.5671878516082662,True,
1568,20260601,20260615,True,oos,H5,0.05293934084844265,0.5524231587373447,True,
1568,20260601,20260615,True,oos,H10,-0.04751776940918251,0.5524231587373447,True,
1568,20260601,20260615,True,oos,H20,-0.21494628650522485,0.5524231587373447,True,
1568,20260601,20260615,True,oos,S7,-0.14921509090455642,0.5524231587373447,True,
1718,20260608,20260623,True,oos,H5,0.3137615974513339,0.7276185039221684,True,
1718,20260608,20260623,True,oos,H10,0.5217315800594602,0.7276185039221684,True,
1718,20260608,20260623,True,oos,H20,0.3695584220535142,0.7276185039221684,True,
1718,20260608,20260623,True,oos,S7,0.3695584220535142,0.7276185039221684,True,
2302,20260602,20260616,True,oos,H5,0.16269803538918137,0.8184244142472306,True,0.6035090375009453
2302,20260602,20260616,True,oos,H10,0.285789000735716,0.8184244142472306,True,0.6035090375009453
2302,20260602,20260616,True,oos,H20,0.24414401285763643,0.8184244142472306,True,0.6035090375009453
2302,20260602,20260616,True,oos,S7,0.24414401285763643,0.8184244142472306,True,0.6035090375009453
2316,20260625,20260709,True,oos,H5,-0.2077706105713396,0.6474169110205178,True,
2316,20260625,20260709,True,oos,H10,-0.2331035270937678,0.6474169110205178,True,
2316,20260625,20260709,True,oos,H20,-0.24692148156054672,0.6474169110205178,True,
2316,20260625,20260709,True,oos,S7,-0.17092273199326224,0.6474169110205178,True,
2337,20260603,20260617,True,oos,H5,0.08594105939438323,0.7906437262638449,False,0.059552205148516
2337,20260603,20260617,True,oos,H10,-0.18327552636077016,0.7906437262638449,False,0.059552205148516
2337,20260603,20260617,True,oos,H20,-0.23167401368753926,0.7906437262638449,False,0.059552205148516
2337,20260603,20260617,True,oos,S7,-0.18327552636077016,0.7906437262638449,False,0.059552205148516
2342,20260624,20260708,True,oos,H5,-0.12616309120108493,0.6213874520995833,True,-0.3819360578166938
2342,20260624,20260708,True,oos,H10,-0.21718776920097194,0.6213874520995833,True,-0.3819360578166938
2342,20260624,20260708,True,oos,H20,-0.32095590212084313,0.6213874520995833,True,-0.3819360578166938
2342,20260624,20260708,True,oos,S7,-0.04242038744118892,0.6213874520995833,True,-0.3819360578166938
2455,20260622,20260706,False,oos,H5,-0.11836795770257136,0.3641621169734907,False,0.1842064189422956
2455,20260622,20260706,False,oos,H10,-0.24488615108362222,0.3641621169734907,False,0.1842064189422956
2455,20260622,20260706,False,oos,H20,-0.07042422126343606,0.3641621169734907,False,0.1842064189422956
2455,20260622,20260706,False,oos,S7,-0.08906900765643289,0.3641621169734907,False,0.1842064189422956
2492,20260624,20260708,False,oos,H5,-0.28809390300447335,0.4136928760302855,True,0.1416981389404326
2492,20260624,20260708,False,oos,H10,-0.4269547076382162,0.4136928760302855,True,0.1416981389404326
2492,20260624,20260708,False,oos,H20,-0.49931878892622295,0.4136928760302855,True,0.1416981389404326
2492,20260624,20260708,False,oos,S7,-0.0592669432559112,0.4136928760302855,True,0.1416981389404326
3021,20260604,20260618,False,oos,H5,-0.11876644020140925,0.6044679511376908,True,
3021,20260604,20260618,False,oos,H10,-0.07501725638162071,0.6044679511376908,True,
3021,20260604,20260618,False,oos,H20,-0.3297000050468166,0.6044679511376908,True,
3021,20260604,20260618,False,oos,S7,-0.09376690659010167,0.6044679511376908,True,
3021,20260601,20260615,True,oos,H5,-0.035823238364833476,0.6167621064368122,True,
3021,20260601,20260615,True,oos,H10,-0.11824480024654938,0.6167621064368122,True,
3021,20260601,20260615,True,oos,H20,-0.21310735260097702,0.6167621064368122,True,
3021,20260601,20260615,True,oos,S7,-0.09802819072839275,0.6167621064368122,True,
3090,20260623,20260709,False,oos,H5,-0.3239797727798224,0.5316623272547772,True,-0.14956842755438982
3090,20260623,20260709,False,oos,H10,-0.43496816829358287,0.5316623272547772,True,-0.14956842755438982
3090,20260623,20260709,False,oos,H20,-0.47364594248777225,0.5316623272547772,True,-0.14956842755438982
3090,20260623,20260709,False,oos,S7,-0.17599524542814182,0.5316623272547772,True,-0.14956842755438982
3481,20260604,20260618,True,oos,H5,0.10898888743184876,0.8996420884762634,True,0.27938334101026974
3481,20260604,20260618,True,oos,H10,0.06898207331093076,0.8996420884762634,True,0.27938334101026974
3481,20260604,20260618,True,oos,H20,-0.1502552680717002,0.8996420884762634,True,0.27938334101026974
3481,20260604,20260618,True,oos,S7,-0.06544082213535407,0.8996420884762634,True,0.27938334101026974
3535,20260605,20260622,True,oos,H5,-0.15329939558225425,0.724433763906081,True,
3535,20260605,20260622,True,oos,H10,-0.12718968531386565,0.724433763906081,True,
3535,20260605,20260622,True,oos,H20,-0.3427812929585604,0.724433763906081,True,
3535,20260605,20260622,True,oos,S7,-0.10480993365524693,0.724433763906081,True,
4764,20260624,20260708,True,oos,H5,0.20211601201557228,0.49075899050109867,True,
4764,20260624,20260708,True,oos,H10,-0.006137888657548163,0.49075899050109867,True,
4764,20260624,20260708,True,oos,H20,-0.10447312717073876,0.49075899050109867,True,
4764,20260624,20260708,True,oos,S7,-0.07724897669227215,0.49075899050109867,True,
6116,20260604,20260618,False,oos,H5,-0.010388146373909057,0.6642605845610685,True,-0.03365324979648565
6116,20260604,20260618,False,oos,H10,-0.058973741254776724,0.6642605845610685,True,-0.03365324979648565
6116,20260604,20260618,False,oos,H20,-0.2328590281968288,0.6642605845610685,True,-0.03365324979648565
6116,20260604,20260618,False,oos,S7,-0.10755933613564417,0.6642605845610685,True,-0.03365324979648565
6116,20260601,20260615,True,oos,H5,0.2218377379299643,0.5259795518489778,True,-0.004644033873949072
6116,20260601,20260615,True,oos,H10,0.18815298826272242,0.5259795518489778,True,-0.004644033873949072
6116,20260601,20260615,True,oos,H20,-0.017017759710479696,0.5259795518489778,True,-0.004644033873949072
6116,20260601,20260615,True,oos,S7,-0.017017759710479696,0.5259795518489778,True,-0.004644033873949072
6141,20260626,20260713,True,oos,H5,0.012417336937518675,0.7190923062111247,True,
6141,20260626,20260713,True,oos,H10,-0.08755887508506166,0.7190923062111247,True,
6141,20260626,20260713,True,oos,H20,-0.1369142202607656,0.7190923062111247,True,
6141,20260626,20260713,True,oos,S7,-0.07616918004451456,0.7190923062111247,True,
6243,20260629,20260713,True,oos,H5,0.254322364347368,0.5729804523540104,True,0.08891012010363664
6243,20260629,20260713,True,oos,H10,0.37724595605341005,0.5729804523540104,True,0.08891012010363664
6243,20260629,20260713,True,oos,H20,0.18909760140130505,0.5729804523540104,True,0.08891012010363664
6243,20260629,20260713,True,oos,S7,-0.04671500309600041,0.5729804523540104,True,0.08891012010363664
6415,20260624,20260708,True,oos,H5,-0.11777406006650082,0.40204347043017274,True,-0.13212392305010123
6415,20260624,20260708,True,oos,H10,-0.125818673500545,0.40204347043017274,True,-0.13212392305010123
6415,20260624,20260708,True,oos,H20,-0.21877865096060978,0.40204347043017274,True,-0.13212392305010123
6415,20260624,20260708,True,oos,S7,-0.08112637664474454,0.40204347043017274,True,-0.13212392305010123
6715,20260625,20260709,True,oos,H5,-0.1069339973411777,0.4127811217366064,True,
6715,20260625,20260709,True,oos,H10,-0.040865338981213695,0.4127811217366064,True,
6715,20260625,20260709,True,oos,H20,-0.17393855144736337,0.4127811217366064,True,
6715,20260625,20260709,True,oos,S7,-0.10807311214048754,0.4127811217366064,True,
6770,20260602,20260616,True,oos,H5,0.0318557498067189,0.5290739220979255,True,0.057973021502744526
6770,20260602,20260616,True,oos,H10,0.06095937351921599,0.5290739220979255,True,0.057973021502744526
6770,20260602,20260616,True,oos,H20,-0.009153901788163776,0.5290739220979255,True,0.057973021502744526
6770,20260602,20260616,True,oos,S7,-0.08720452901713327,0.5290739220979255,True,0.057973021502744526
6890,20260612,20260629,False,oos,H5,0.005981087510119831,0.4199849072800235,True,
6890,20260612,20260629,False,oos,H10,-0.12632508353358884,0.4199849072800235,True,
6890,20260612,20260629,False,oos,H20,-0.1552068989539661,0.4199849072800235,True,
6890,20260612,20260629,False,oos,S7,-0.09300560988790119,0.4199849072800235,True,
6890,20260609,20260624,True,oos,H5,-0.18218706665624562,0.5975170631429936,True,
6890,20260609,20260624,True,oos,H10,-0.0970847055722508,0.5975170631429936,True,
6890,20260609,20260624,True,oos,H20,-0.2491231509101859,0.5975170631429936,True,
6890,20260609,20260624,True,oos,S7,-0.19464107071731795,0.5975170631429936,True,
7610,20260624,20260708,False,oos,H5,0.22561043786770663,0.6860252423335153,True,
7610,20260624,20260708,False,oos,H10,-0.06572319080576439,0.6860252423335153,True,
7610,20260624,20260708,False,oos,H20,-0.21390150194140933,0.6860252423335153,True,
7610,20260624,20260708,False,oos,S7,0.01715620355823999,0.6860252423335153,True,
8454,20260610,20260625,False,oos,H5,-0.22265962306364329,0.5963214365766574,True,
8454,20260610,20260625,False,oos,H10,-0.2254863153434118,0.5963214365766574,True,
8454,20260610,20260625,False,oos,H20,-0.31028708373646885,0.5963214365766574,True,
8454,20260610,20260625,False,oos,S7,-0.08980508591452052,0.5963214365766574,True,
8996,20260624,20260708,True,oos,H5,-0.13417462653066303,0.377509375629537,True,
8996,20260624,20260708,True,oos,H10,-0.19363044616804248,0.377509375629537,True,
8996,20260624,20260708,True,oos,H20,-0.21592637853205965,0.377509375629537,True,
8996,20260624,20260708,True,oos,S7,-0.07843479562061995,0.377509375629537,True,
5321,20260629,20260713,False,oos,H5,-0.15114430838549842,0.7015580721127482,True,
5321,20260629,20260713,False,oos,H10,-0.09287406610398341,0.7015580721127482,True,
5321,20260629,20260713,False,oos,H20,-0.1353955942553593,0.7015580721127482,True,
5321,20260629,20260713,False,oos,S7,-0.11964688012522018,0.7015580721127482,True,
5464,20260629,20260713,True,oos,H5,-0.14910370281967644,0.581948817824555,True,
5464,20260629,20260713,True,oos,H10,-0.13388972049461312,0.581948817824555,True,
5464,20260629,20260713,True,oos,H20,-0.3305847776972166,0.581948817824555,True,
5464,20260629,20260713,True,oos,S7,-0.14910370281967644,0.581948817824555,True,
5489,20260626,20260713,True,oos,H5,-0.2477407246443767,0.6462849945847444,True,
5489,20260626,20260713,True,oos,H10,-0.25343349753895983,0.6462849945847444,True,
5489,20260626,20260713,True,oos,H20,-0.3014154405075887,0.6462849945847444,True,
5489,20260626,20260713,True,oos,S7,-0.15584310506039234,0.6462849945847444,True,
7712,20260625,20260709,True,oos,H5,-0.21495907218808818,0.5605960991162006,True,0.053539513533915395
7712,20260625,20260709,True,oos,H10,-0.26098753049627843,0.5605960991162006,True,0.053539513533915395
7712,20260625,20260709,True,oos,H20,-0.26610180364163283,0.5605960991162006,True,0.053539513533915395
7712,20260625,20260709,True,oos,S7,-0.1356878384350937,0.5605960991162006,True,0.053539513533915395
3624,20260624,20260713,False,oos,H5,-0.3385540065341547,0.48167266761763067,True,-0.025860940998499227
3624,20260624,20260713,False,oos,H10,-0.41235745422613324,0.48167266761763067,True,-0.025860940998499227
3624,20260624,20260713,False,oos,H20,-0.4708432052273237,0.48167266761763067,True,-0.025860940998499227
3624,20260624,20260713,False,oos,S7,-0.1053072614698829,0.48167266761763067,True,-0.025860940998499227
4923,20260624,20260708,True,oos,H5,-0.07811645721234739,0.6743358099144269,True,
4923,20260624,20260708,True,oos,H10,-0.20397644443690266,0.6743358099144269,True,
4923,20260624,20260708,True,oos,H20,-0.26527189276054985,0.6743358099144269,True,
4923,20260624,20260708,True,oos,S7,-0.1484019046234627,0.6743358099144269,True,
5227,20260624,20260708,False,oos,H5,-0.053062243177940505,0.4635191094236104,True,
5227,20260624,20260708,False,oos,H10,0.10597660966274436,0.4635191094236104,True,
5227,20260624,20260708,False,oos,H20,-0.009290081845641729,0.4635191094236104,True,
5227,20260624,20260708,False,oos,S7,-0.12455677335402815,0.4635191094236104,True,
5468,20260624,20260708,False,oos,H5,-0.1502552680717002,0.5970278526602002,True,
5468,20260624,20260708,False,oos,H10,-0.17105881141457768,0.5970278526602002,True,
5468,20260624,20260708,False,oos,H20,-0.2078650804058223,0.5970278526602002,True,
5468,20260624,20260708,False,oos,S7,-0.10064681856176183,0.5970278526602002,True,
3163,20260622,20260706,True,oos,H5,-0.12139252072759688,0.3952890328265917,False,0.07631899977933321
3163,20260622,20260706,True,oos,H10,-0.24571249058382805,0.3952890328265917,False,0.07631899977933321
3163,20260622,20260706,True,oos,H20,-0.098947206972963,0.3952890328265917,False,0.07631899977933321
3163,20260622,20260706,True,oos,S7,-0.09270329691462054,0.3952890328265917,False,0.07631899977933321
3441,20260622,20260708,True,oos,H5,-0.10844532993406486,0.28020185850378276,True,
3441,20260622,20260708,True,oos,H10,-0.09307369769154838,0.28020185850378276,True,
3441,20260622,20260708,True,oos,H20,0.1822182615607857,0.28020185850378276,True,
3441,20260622,20260708,True,oos,S7,-0.10844532993406486,0.28020185850378276,True,
4991,20260618,20260703,False,oos,H5,-0.0990872574320385,0.30860311230385934,False,0.14582044680470152
4991,20260618,20260703,False,oos,H10,-0.3048992201738573,0.30860311230385934,False,0.14582044680470152
4991,20260618,20260703,False,oos,H20,-0.28548299727368565,0.30860311230385934,False,0.14582044680470152
4991,20260618,20260703,False,oos,S7,-0.05831318934167806,0.30860311230385934,False,0.14582044680470152
5227,20260618,20260703,True,oos,H5,-0.14713267318157464,0.6143373329449288,True,
5227,20260618,20260703,True,oos,H10,-0.12723243555581143,0.6143373329449288,True,
5227,20260618,20260703,True,oos,H20,0.0419195842631761,0.6143373329449288,True,
5227,20260618,20260703,True,oos,S7,-0.14713267318157464,0.6143373329449288,True,
8027,20260618,20260703,False,oos,H5,0.01938037600590725,0.49918419952626314,False,
8027,20260618,20260703,False,oos,H10,-0.12086292007704103,0.49918419952626314,False,
8027,20260618,20260703,False,oos,H20,-0.33018127243965023,0.49918419952626314,False,
8027,20260618,20260703,False,oos,S7,-0.0936515342699018,0.49918419952626314,False,
6187,20260617,20260702,True,oos,H5,-0.017510707266585657,0.3628114838555938,False,
6187,20260617,20260702,True,oos,H10,-0.012670858533908813,0.3628114838555938,False,
6187,20260617,20260702,True,oos,H20,-0.1007561054686289,0.3628114838555938,False,
6187,20260617,20260702,True,oos,S7,-0.07074904332603171,0.3628114838555938,False,
5345,20260615,20260630,True,oos,H5,0.0012714579987567198,0.38581444942029586,True,
5345,20260615,20260630,True,oos,H10,-0.2463156661609358,0.38581444942029586,True,
5345,20260615,20260630,True,oos,H20,-0.1571114817210466,0.38581444942029586,True,
5345,20260615,20260630,True,oos,S7,-0.13708605256107143,0.38581444942029586,True,
8291,20260612,20260629,False,oos,H5,-0.11999929890295746,0.31721673490420205,False,
8291,20260612,20260629,False,oos,H10,-0.37555797819657954,0.31721673490420205,False,
8291,20260612,20260629,False,oos,H20,0.11590102044500128,0.31721673490420205,False,
8291,20260612,20260629,False,oos,S7,-0.09802819072839264,0.31721673490420205,False,
8291,20260609,20260624,False,oos,H5,-0.09077094628597748,0.3152769358012745,False,
8291,20260609,20260624,False,oos,H10,-0.30226778432207846,0.3152769358012745,False,
8291,20260609,20260624,False,oos,H20,-0.08973419707991814,0.3152769358012745,False,
8291,20260609,20260624,False,oos,S7,-0.1104691812011046,0.3152769358012745,False,
5701,20260608,20260623,True,oos,H5,-0.07422149985170723,0.6241546769552805,True,
5701,20260608,20260623,True,oos,H10,-0.07790986041006676,0.6241546769552805,True,
5701,20260608,20260623,True,oos,H20,-0.11479346599366413,0.6241546769552805,True,
5701,20260608,20260623,True,oos,S7,-0.08344240124760649,0.6241546769552805,True,
3288,20260605,20260622,True,oos,H5,0.042987401891875665,0.5486334268908347,True,
3288,20260605,20260622,True,oos,H10,0.0018486876641217176,0.5486334268908347,True,
3288,20260605,20260622,True,oos,H20,0.5148726533278751,0.5486334268908347,True,
3288,20260605,20260622,True,oos,S7,-0.16512609361323183,0.5486334268908347,True,
3523,20260605,20260622,False,oos,H5,-0.028813435575828272,0.5058134106781349,True,
3523,20260605,20260622,False,oos,H10,0.0011614583878805096,0.5058134106781349,True,
3523,20260605,20260622,False,oos,H20,-0.1607029690161479,0.5058134106781349,True,
3523,20260605,20260622,False,oos,S7,-0.11274313867421348,0.5058134106781349,True,
6548,20260604,20260618,True,oos,H5,-0.03289153538604561,0.7016943558662969,True,
6548,20260604,20260618,True,oos,H10,0.032038008174608334,0.7016943558662969,True,
6548,20260604,20260618,True,oos,H20,-0.17414177050045143,0.7016943558662969,True,
6548,20260604,20260618,True,oos,S7,-0.06592586456602778,0.7016943558662969,True,
7709,20260604,20260618,True,oos,H5,-0.1752595268972741,0.5593520200563412,True,
7709,20260604,20260618,True,oos,H10,-0.22221038089775147,0.5593520200563412,True,
7709,20260604,20260618,True,oos,H20,-0.4171007182582237,0.5593520200563412,True,
7709,20260604,20260618,True,oos,S7,-0.10970550433056969,0.5593520200563412,True,
8277,20260604,20260618,True,oos,H5,0.0436494566713459,0.6324062706884785,True,
8277,20260604,20260618,True,oos,H10,-0.14729627351785124,0.6324062706884785,True,
8277,20260604,20260618,True,oos,H20,-0.23621707924321245,0.6324062706884785,True,
8277,20260604,20260618,True,oos,S7,-0.0827116883067992,0.6324062706884785,True,
4979,20260603,20260617,False,oos,H5,-0.05376475934747116,0.4081395659142436,False,0.21923434536229736
4979,20260603,20260617,False,oos,H10,-0.18880998301341467,0.4081395659142436,False,0.21923434536229736
4979,20260603,20260617,False,oos,H20,-0.30466980841620195,0.4081395659142436,False,0.21923434536229736
4979,20260603,20260617,False,oos,S7,-0.05376475934747116,0.4081395659142436,False,0.21923434536229736
2061,20260602,20260616,False,oos,H5,0.3704118613174179,0.721723697425548,True,
2061,20260602,20260616,False,oos,H10,0.5842512960531894,0.721723697425548,True,
2061,20260602,20260616,False,oos,H20,0.5313662745593963,0.721723697425548,True,
2061,20260602,20260616,False,oos,S7,0.5313662745593963,0.721723697425548,True,
3485,20260602,20260616,True,oos,H5,-0.13410706309925702,0.6525362838017743,True,0.1605846871545853
3485,20260602,20260616,True,oos,H10,-0.07698218184538852,0.6525362838017743,True,0.1605846871545853
3485,20260602,20260616,True,oos,H20,-0.20626480784098544,0.6525362838017743,True,0.1605846871545853
3485,20260602,20260616,True,oos,S7,-0.07397560914781642,0.6525362838017743,True,0.1605846871545853
3523,20260602,20260616,True,oos,H5,-0.002581438424518745,0.6155417189911069,True,
3523,20260602,20260616,True,oos,H10,-0.1075728659587799,0.6155417189911069,True,
3523,20260602,20260616,True,oos,H20,-0.21256429349304118,0.6155417189911069,True,
3523,20260602,20260616,True,oos,S7,-0.1600685797259106,0.6155417189911069,True,
5321,20260602,20260616,False,oos,H5,0.4396714175022123,0.2825441098692755,True,
5321,20260602,20260616,False,oos,H10,0.6695809214379271,0.2825441098692755,True,
5321,20260602,20260616,False,oos,H20,0.5765223127020425,0.2825441098692755,True,
5321,20260602,20260616,False,oos,S7,0.5765223127020425,0.2825441098692755,True,
6291,20260601,20260615,True,oos,H5,0.10487347511892597,0.39076222209512335,True,
6291,20260601,20260615,True,oos,H10,0.1362829217360193,0.39076222209512335,True,
6291,20260601,20260615,True,oos,H20,-0.18612580971590809,0.39076222209512335,True,
6291,20260601,20260615,True,oos,S7,-0.12053549472139002,0.39076222209512335,True,
6488,20260601,20260615,False,oos,H5,0.14360530975542218,0.5949764383689237,True,0.1694503887070271
6488,20260601,20260615,False,oos,H10,0.0036572627168591776,0.5949764383689237,True,0.1694503887070271
6488,20260601,20260615,False,oos,H20,0.6501336889621616,0.5949764383689237,True,0.1694503887070271
6488,20260601,20260615,False,oos,S7,0.6501336889621616,0.5949764383689237,True,0.1694503887070271
1435,20260703,20260717,False,oos,H5,-0.0489011858661047,0.5569776306779363,True,
1435,20260703,20260717,False,oos,H10,-0.09213295014491796,0.5569776306779363,True,
1435,20260703,20260717,False,oos,H20,0.1024099891097423,0.5569776306779363,True,
1435,20260703,20260717,False,oos,S7,-0.12239518514008751,0.5569776306779363,True,
1447,20260706,20260720,True,oos,H5,-0.08807997224377939,0.5681602337150113,True,
1447,20260706,20260720,True,oos,H10,-0.19507858883384255,0.5681602337150113,True,
1447,20260706,20260720,True,oos,H20,-0.16224946783461858,0.5681602337150113,True,
1447,20260706,20260720,True,oos,S7,-0.08807997224377939,0.5681602337150113,True,
1617,20260706,20260720,True,oos,H5,-0.13888984051638775,0.523536258448172,True,
1617,20260706,20260720,True,oos,H10,-0.21916282148519894,0.523536258448172,True,
1617,20260706,20260720,True,oos,H20,-0.09996960731938831,0.523536258448172,True,
1617,20260706,20260720,True,oos,S7,-0.10445554328852302,0.523536258448172,True,
1718,20260707,20260721,False,oos,H5,-0.22486797640721246,0.5046104207570317,True,
1718,20260707,20260721,False,oos,H10,-0.23727008878469713,0.5046104207570317,True,
1718,20260707,20260721,False,oos,H20,-0.17448439487368128,0.5046104207570317,True,
1718,20260707,20260721,False,oos,S7,-0.09697119251440245,0.5046104207570317,True,
2303,20260702,20260716,True,oos,H5,-0.13377196521345947,0.6141134111073402,True,0.2815151302500343
2303,20260702,20260716,True,oos,H10,-0.339577916740758,0.6141134111073402,True,0.2815151302500343
2303,20260702,20260716,True,oos,H20,-0.22899561442758265,0.6141134111073402,True,0.2815151302500343
2303,20260702,20260716,True,oos,S7,-0.13377196521345947,0.6141134111073402,True,0.2815151302500343
2434,20260720,20260803,False,oos,H5,0.06260695096338642,0.22103619652110465,True,
2434,20260720,20260803,False,oos,H10,0.03443176665753911,0.22103619652110465,True,
2434,20260720,20260803,False,oos,H20,0.16927014869266577,0.22103619652110465,True,
2434,20260720,20260803,False,oos,S7,0.16927014869266577,0.22103619652110465,True,
2434,20260715,20260729,True,oos,H5,-0.0044677250886938635,0.38174582965004583,True,
2434,20260715,20260729,True,oos,H10,-0.1692686760030654,0.38174582965004583,True,
2434,20260715,20260729,True,oos,H20,-0.13395418652141433,0.38174582965004583,True,
2434,20260715,20260729,True,oos,S7,-0.19113002663456358,0.38174582965004583,True,
2483,20260722,20260805,False,oos,H5,-0.19692406648664584,0.3599837078844419,False,
2483,20260722,20260805,False,oos,H10,-0.15705504851080554,0.3599837078844419,False,
2483,20260722,20260805,False,oos,H20,-0.2162890180749112,0.3599837078844419,False,
2483,20260722,20260805,False,oos,S7,-0.1422465561197792,0.3599837078844419,False,
2492,20260721,20260804,False,oos,H5,0.07122628025444677,0.2764756977921936,False,-0.11411549158014556
2492,20260721,20260804,False,oos,H10,0.1542364348129095,0.2764756977921936,False,-0.11411549158014556
2492,20260721,20260804,False,oos,H20,0.1680714605726532,0.2764756977921936,False,-0.11411549158014556
2492,20260721,20260804,False,oos,S7,0.1680714605726532,0.2764756977921936,False,-0.11411549158014556
2492,20260716,20260730,False,oos,H5,0.24507481122982666,0.16315407437421714,False,-0.11166300055169764
2492,20260716,20260730,False,oos,H10,0.4542084709285865,0.16315407437421714,False,-0.11166300055169764
2492,20260716,20260730,False,oos,H20,0.3350509206351071,0.16315407437421714,False,-0.11166300055169764
2492,20260716,20260730,False,oos,S7,0.3350509206351071,0.16315407437421714,False,-0.11166300055169764
3026,20260722,20260805,False,oos,H5,0.220840319368389,0.24548199880339788,False,0.04010613927895523
3026,20260722,20260805,False,oos,H10,0.220840319368389,0.24548199880339788,False,0.04010613927895523
3026,20260722,20260805,False,oos,H20,0.35690920945279125,0.24548199880339788,False,0.04010613927895523
3026,20260722,20260805,False,oos,S7,0.35690920945279125,0.24548199880339788,False,0.04010613927895523
3055,20260709,20260723,False,oos,H5,-0.43476433285645943,0.6404366145603391,True,
3055,20260709,20260723,False,oos,H10,-0.34456715192929865,0.6404366145603391,True,
3055,20260709,20260723,False,oos,H20,-0.3024751341632903,0.6404366145603391,True,
3055,20260709,20260723,False,oos,S7,-0.17319250816769316,0.6404366145603391,True,
3090,20260720,20260803,False,oos,H5,0.17866692068725842,0.19639095787826716,False,-0.210630000542685
3090,20260720,20260803,False,oos,H10,0.2756458445412735,0.19639095787826716,False,-0.210630000542685
3090,20260720,20260803,False,oos,H20,0.2831057617608128,0.19639095787826716,False,-0.210630000542685
3090,20260720,20260803,False,oos,S7,0.2831057617608128,0.19639095787826716,False,-0.210630000542685
3189,20260703,20260717,False,oos,H5,0.0780162361592287,0.41227651985449865,True,
3189,20260703,20260717,False,oos,H10,-0.10634424287061306,0.41227651985449865,True,
3189,20260703,20260717,False,oos,H20,0.18356612873356593,0.41227651985449865,True,
3189,20260703,20260717,False,oos,S7,-0.08523426435574577,0.41227651985449865,True,
6226,20260703,20260717,False,oos,H5,-0.2215289461517358,0.6850405652799852,True,0.19165562701250516
6226,20260703,20260717,False,oos,H10,-0.0863322925422334,0.6850405652799852,True,0.19165562701250516
6226,20260703,20260717,False,oos,H20,-0.14084707222348447,0.6850405652799852,True,0.19165562701250516
6226,20260703,20260717,False,oos,S7,-0.15829180172148472,0.6850405652799852,True,0.19165562701250516
6831,20260715,20260729,True,oos,H5,0.13518434013732916,0.1651100908386976,False,
6831,20260715,20260729,True,oos,H10,0.12445818889193694,0.1651100908386976,False,
6831,20260715,20260729,True,oos,H20,-0.01676946917239197,0.1651100908386976,False,
6831,20260715,20260729,True,oos,S7,-0.17766173785327333,0.1651100908386976,False,
6969,20260728,20260811,True,oos,H5,-0.0457668829558906,0.6855601446289039,True,
6969,20260728,20260811,True,oos,H10,-0.02096265820092169,0.6855601446289039,True,
6969,20260728,20260811,True,oos,H20,0.005300638598457752,0.6855601446289039,True,
6969,20260728,20260811,True,oos,S7,-0.07494832384408978,0.6855601446289039,True,
7795,20260706,20260720,True,oos,H5,-0.16611064528261998,0.41768739641175273,True,
7795,20260706,20260720,True,oos,H10,-0.24578160273969452,0.41768739641175273,True,
7795,20260706,20260720,True,oos,H20,0.16213369944052713,0.41768739641175273,True,
7795,20260706,20260720,True,oos,S7,-0.08856424669106733,0.41768739641175273,True,
8021,20260703,20260717,False,oos,H5,-0.16934689192661256,0.1943162958214426,False,
8021,20260703,20260717,False,oos,H10,-0.32247233861690894,0.1943162958214426,False,
8021,20260703,20260717,False,oos,H20,-0.09593058186962145,0.1943162958214426,False,
8021,20260703,20260717,False,oos,S7,-0.15781004320337133,0.1943162958214426,False,
8028,20260723,20260806,True,oos,H5,-0.03290387236943193,0.41582014218247265,False,-0.014052707442794299
8028,20260723,20260806,True,oos,H10,-0.10454062256428875,0.41582014218247265,False,-0.014052707442794299
8028,20260723,20260806,True,oos,H20,-0.11170429758377454,0.41582014218247265,False,-0.014052707442794299
8028,20260723,20260806,True,oos,S7,-0.06872224746686029,0.41582014218247265,False,-0.014052707442794299
8033,20260727,20260810,False,oos,H5,0.1542698393016655,0.39589791532386337,False,-0.06549809258510109
8033,20260727,20260810,False,oos,H10,0.05086067694292051,0.39589791532386337,False,-0.06549809258510109
8033,20260727,20260810,False,oos,H20,-0.00783100980123197,0.39589791532386337,False,-0.06549809258510109
8033,20260727,20260810,False,oos,S7,-0.00783100980123197,0.39589791532386337,False,-0.06549809258510109
8261,20260709,20260727,True,oos,H5,-0.2759228616563263,0.10812156791643741,False,0.2579593738366597
8261,20260709,20260727,True,oos,H10,-0.19572444443471682,0.10812156791643741,False,0.2579593738366597
8261,20260709,20260727,True,oos,H20,-0.18426752768877264,0.10812156791643741,False,0.2579593738366597
8261,20260709,20260727,True,oos,S7,-0.11552602721310745,0.10812156791643741,False,0.2579593738366597
4139,20260724,20260807,False,oos,H5,-0.07943083383619454,0.618934045095236,True,
4139,20260724,20260807,False,oos,H10,-0.053859468109422104,0.618934045095236,True,
4139,20260724,20260807,False,oos,H20,0.08678304338782605,0.618934045095236,True,
4139,20260724,20260807,False,oos,S7,-0.07943083383619454,0.618934045095236,True,
6182,20260724,20260811,True,oos,H5,0.294594832131013,0.28019473019886115,False,0.0018268461107253664
6182,20260724,20260811,True,oos,H10,0.1513404859525811,0.28019473019886115,False,0.0018268461107253664
6182,20260724,20260811,True,oos,H20,0.20970336772897924,0.28019473019886115,False,0.0018268461107253664
6182,20260724,20260811,True,oos,S7,0.20970336772897924,0.28019473019886115,False,0.0018268461107253664
6217,20260723,20260806,False,oos,H5,0.15034085820147025,0.3723333131076063,False,
6217,20260723,20260806,False,oos,H10,0.12158233674643348,0.3723333131076063,False,
6217,20260723,20260806,False,oos,H20,0.40916755129680116,0.3723333131076063,False,
6217,20260723,20260806,False,oos,S7,0.40916755129680116,0.3723333131076063,False,
3288,20260722,20260805,True,oos,H5,-0.12656928651873156,0.6437624426881303,True,
3288,20260722,20260805,True,oos,H10,-0.08028148373055366,0.6437624426881303,True,
3288,20260722,20260805,True,oos,H20,-0.14669441816576534,0.6437624426881303,True,
3288,20260722,20260805,True,oos,S7,-0.0883315363893672,0.6437624426881303,True,
3624,20260722,20260805,False,oos,H5,0.17802984786685716,0.25751032775679566,False,-0.10975147863320833
3624,20260722,20260805,False,oos,H10,0.12746476158950926,0.25751032775679566,False,-0.10975147863320833
3624,20260722,20260805,False,oos,H20,0.22722831019076262,0.25751032775679566,False,-0.10975147863320833
3624,20260722,20260805,False,oos,S7,0.22722831019076262,0.25751032775679566,False,-0.10975147863320833
3675,20260722,20260805,False,oos,H5,0.031555660887188086,0.37918987141617994,False,-0.03887032357557241
3675,20260722,20260805,False,oos,H10,0.01842677065771481,0.37918987141617994,False,-0.03887032357557241
3675,20260722,20260805,False,oos,H20,0.05031121835786401,0.37918987141617994,False,-0.03887032357557241
3675,20260722,20260805,False,oos,S7,0.05031121835786401,0.37918987141617994,False,-0.03887032357557241
6173,20260722,20260805,False,oos,H5,0.08210243667877326,0.3280052434664802,False,-0.03168759558327405
6173,20260722,20260805,False,oos,H10,0.1024099891097423,0.3280052434664802,False,-0.03168759558327405
6173,20260722,20260805,False,oos,H20,0.47955024854202244,0.3280052434664802,False,-0.03168759558327405
6173,20260722,20260805,False,oos,S7,-0.060050430338009275,0.3280052434664802,False,-0.03168759558327405
6683,20260722,20260805,False,oos,H5,0.06881723836862985,0.3439813867197554,False,-0.11024215876555599
6683,20260722,20260805,False,oos,H10,0.02197664226482554,0.3439813867197554,False,-0.11024215876555599
6683,20260722,20260805,False,oos,H20,0.19656431865173318,0.3439813867197554,False,-0.11024215876555599
6683,20260722,20260805,False,oos,S7,-0.07170454994278364,0.3439813867197554,False,-0.11024215876555599
8383,20260720,20260803,True,oos,H5,0.04737237762336122,0.293391625818197,True,0.27811858874425677
8383,20260720,20260803,True,oos,H10,0.12644750015048123,0.293391625818197,True,0.27811858874425677
8383,20260720,20260803,True,oos,H20,-0.01379894357686362,0.293391625818197,True,0.27811858874425677
8383,20260720,20260803,True,oos,S7,-0.01379894357686362,0.293391625818197,True,0.27811858874425677
6173,20260717,20260731,False,oos,H5,0.1592352462803477,0.14471294436400084,False,-0.03635387750573682
6173,20260717,20260731,False,oos,H10,0.5274629127458699,0.14471294436400084,False,-0.03635387750573682
6173,20260717,20260731,False,oos,H20,0.561558067048233,0.14471294436400084,False,-0.03635387750573682
6173,20260717,20260731,False,oos,S7,0.561558067048233,0.14471294436400084,False,-0.03635387750573682
6907,20260717,20260731,True,oos,H5,0.24400393266512221,0.061912959697014436,True,
6907,20260717,20260731,True,oos,H10,0.05588626479868908,0.061912959697014436,True,
6907,20260717,20260731,True,oos,H20,0.13174016313192816,0.061912959697014436,True,
6907,20260717,20260731,True,oos,S7,0.13174016313192816,0.061912959697014436,True,
7714,20260717,20260731,True,oos,H5,0.1612051885289285,0.039412664076526965,True,
7714,20260717,20260731,True,oos,H10,0.16855458845632687,0.039412664076526965,True,
7714,20260717,20260731,True,oos,H20,0.40969557022053493,0.039412664076526965,True,
7714,20260717,20260731,True,oos,S7,0.40969557022053493,0.039412664076526965,True,
8096,20260716,20260730,False,oos,H5,0.22113106486002243,-0.04163821927059743,False,
8096,20260716,20260730,False,oos,H10,0.19251080552736544,-0.04163821927059743,False,
8096,20260716,20260730,False,oos,H20,0.03509937919775341,-0.04163821927059743,False,
8096,20260716,20260730,False,oos,S7,0.03509937919775341,-0.04163821927059743,False,
4542,20260715,20260729,False,oos,H5,0.14538529376995268,0.14081935669037637,False,
4542,20260715,20260729,False,oos,H10,-0.00035704377336920334,0.14081935669037637,False,
4542,20260715,20260729,False,oos,H20,-0.009699501308197633,0.14081935669037637,False,
4542,20260715,20260729,False,oos,S7,-0.06575424651716755,0.14081935669037637,False,
4556,20260715,20260729,False,oos,H5,-0.12815571775956136,0.49737572123225293,True,
4556,20260715,20260729,False,oos,H10,0.009503905752086705,0.49737572123225293,True,
4556,20260715,20260729,False,oos,H20,-0.25663803303709976,0.49737572123225293,True,
4556,20260715,20260729,False,oos,S7,-0.07921007384430856,0.49737572123225293,True,
8027,20260714,20260728,False,oos,H5,-0.05828028048930489,0.13481537286425216,False,
8027,20260714,20260728,False,oos,H10,0.0201963628032531,0.13481537286425216,False,
8027,20260714,20260728,False,oos,H20,-0.06108301774975344,0.13481537286425216,False,
8027,20260714,20260728,False,oos,S7,-0.15357334734455386,0.13481537286425216,False,
4707,20260709,20260723,False,oos,H5,-0.34372890406482626,0.554490755433302,True,
4707,20260709,20260723,False,oos,H10,-0.09674515828277164,0.554490755433302,True,
4707,20260709,20260723,False,oos,H20,-0.11368118656496962,0.554490755433302,True,
4707,20260709,20260723,False,oos,S7,-0.12214920070606838,0.554490755433302,True,
6174,20260709,20260723,True,oos,H5,-0.2325876586013611,0.19675608989392712,True,-0.15739440229545876
6174,20260709,20260723,True,oos,H10,-0.16374327968961,0.19675608989392712,True,-0.15739440229545876
6174,20260709,20260723,True,oos,H20,-0.08173747539767084,0.19675608989392712,True,-0.15739440229545876
6174,20260709,20260723,True,oos,S7,-0.13438317691842172,0.19675608989392712,True,-0.15739440229545876
6617,20260708,20260722,True,oos,H5,-0.20821982062955458,0.6447812120539473,True,
6617,20260708,20260722,True,oos,H10,-0.220927403755253,0.6447812120539473,True,
6617,20260708,20260722,True,oos,H20,-0.0518187975440344,0.6447812120539473,True,
6617,20260708,20260722,True,oos,S7,-0.13979437302963948,0.6447812120539473,True,
3147,20260706,20260720,False,oos,H5,0.016749753469458284,0.23145517998267245,False,
3147,20260706,20260720,False,oos,H10,-0.014534854329601998,0.23145517998267245,False,
3147,20260706,20260720,False,oos,H20,0.048034361268518566,0.23145517998267245,False,
3147,20260706,20260720,False,oos,S7,-0.05922715118540234,0.23145517998267245,False,
3230,20260706,20260720,False,oos,H5,-0.11316401903466278,0.490708016306528,True,-0.1684206645750621
3230,20260706,20260720,False,oos,H10,-0.1969773812204033,0.490708016306528,True,-0.1684206645750621
3230,20260706,20260720,False,oos,H20,0.06465622235940871,0.490708016306528,True,-0.1684206645750621
3230,20260706,20260720,False,oos,S7,-0.11316401903466278,0.490708016306528,True,-0.1684206645750621
6217,20260706,20260720,True,oos,H5,-0.25587325735092403,-0.15508738959252322,False,
6217,20260706,20260720,True,oos,H10,-0.4095516063762765,-0.15508738959252322,False,
6217,20260706,20260720,True,oos,H20,-0.07253768307506459,-0.15508738959252322,False,
6217,20260706,20260720,True,oos,S7,-0.053664903370196915,-0.15508738959252322,False,
3006,20260811,20260818,True,oos,H5,-0.016753392806616585,0.7909250673205213,True,-0.1939708240563398
3006,20260811,20260818,True,oos,H10,0.06533253084292201,0.7909250673205213,True,-0.1939708240563398
3006,20260811,20260818,True,oos,H20,-0.02924472901415498,0.7909250673205213,True,-0.1939708240563398
3006,20260811,20260818,True,oos,S7,-0.14345123148307792,0.7909250673205213,True,-0.1939708240563398
4169,20260803,20260817,True,oos,H5,0.027835195728789452,0.2960912592410372,False,
4169,20260803,20260817,True,oos,H10,-0.011073392122142867,0.2960912592410372,False,
4169,20260803,20260817,True,oos,H20,-0.05970912693580799,0.2960912592410372,False,
4169,20260803,20260817,True,oos,S7,-0.05970912693580799,0.2960912592410372,False,
6225,20260825,20260901,False,oos,H5,0.005397910068084988,0.6976942555421136,True,
6225,20260825,20260901,False,oos,H10,0.005397910068084988,0.6976942555421136,True,
6225,20260825,20260901,False,oos,H20,0.10626842407162629,0.6976942555421136,True,
6225,20260825,20260901,False,oos,S7,-0.2360298775469486,0.6976942555421136,True,
6531,20260811,20260818,False,oos,H5,-0.06449463634113917,0.6220790560108048,True,-0.106682675631944
6531,20260811,20260818,False,oos,H10,0.039944204732415445,0.6220790560108048,True,-0.106682675631944
6531,20260811,20260818,False,oos,H20,0.05883208024571762,0.6220790560108048,True,-0.106682675631944
6531,20260811,20260818,False,oos,S7,0.05883208024571762,0.6220790560108048,True,-0.106682675631944
7610,20260811,20260818,False,oos,H5,-0.1418382500358707,0.7044107040753538,False,
7610,20260811,20260818,False,oos,H10,-0.21399599477759923,0.7044107040753538,False,
7610,20260811,20260818,False,oos,H20,-0.12637587616264323,0.7044107040753538,False,
7610,20260811,20260818,False,oos,S7,-0.15730062390909827,0.7044107040753538,False,
8021,20260811,20260818,False,oos,H5,-0.12816271799467516,0.7228162600138323,False,0.12315435945296205
8021,20260811,20260818,False,oos,H10,-0.012371828978342991,0.7228162600138323,False,0.12315435945296205
8021,20260811,20260818,False,oos,H20,0.004656242935823451,0.7228162600138323,False,0.12315435945296205
8021,20260811,20260818,False,oos,S7,-0.08616014060639798,0.7228162600138323,False,0.12315435945296205
8033,20260818,20260825,False,oos,H5,0.016633431052984315,0.6001944871169748,False,-0.05799062826175572
8033,20260818,20260825,False,oos,H10,-0.026858908243400093,0.6001944871169748,False,-0.05799062826175572
8033,20260818,20260825,False,oos,H20,-0.06219643392171237,0.6001944871169748,False,-0.05799062826175572
8033,20260818,20260825,False,oos,S7,-0.10025223080604861,0.6001944871169748,False,-0.05799062826175572
4188,20260831,20260907,True,oos,H5,0.03438894722850283,0.7266166173127031,True,
4188,20260831,20260907,True,oos,H10,-0.01486766930618788,0.7266166173127031,True,
4188,20260831,20260907,True,oos,H20,-0.021904328811143348,0.7266166173127031,True,
4188,20260831,20260907,True,oos,S7,-0.09578925361317947,0.7266166173127031,True,
6103,20260831,20260907,True,oos,H5,-0.16067866504806916,0.5880707800813665,True,
6103,20260831,20260907,True,oos,H10,0.0364143640860104,0.5880707800813665,True,
6103,20260831,20260907,True,oos,H20,0.0109397548782042,0.5880707800813665,True,
6103,20260831,20260907,True,oos,S7,-0.08559560633032448,0.5880707800813665,True,
4979,20260828,20260904,False,oos,H5,-0.12076081356369328,0.5422188164815339,True,0.027075949297126423
4979,20260828,20260904,False,oos,H10,-0.06752247750424722,0.5422188164815339,True,0.027075949297126423
4979,20260828,20260904,False,oos,H20,-0.015897424355693413,0.5422188164815339,True,0.027075949297126423
4979,20260828,20260904,False,oos,S7,-0.12076081356369328,0.5422188164815339,True,0.027075949297126423
5314,20260827,20260903,False,oos,H5,0.31371864833617913,0.44002133252184933,False,
5314,20260827,20260903,False,oos,H10,-0.19612585465647248,0.44002133252184933,False,
5314,20260827,20260903,False,oos,H20,-0.1266182527757801,0.44002133252184933,False,
5314,20260827,20260903,False,oos,S7,-0.07300999455881518,0.44002133252184933,False,
4304,20260825,20260901,True,oos,H5,-0.2494025900235407,0.7860541757332943,True,
4304,20260825,20260901,True,oos,H10,-0.30763859596999,0.7860541757332943,True,
4304,20260825,20260901,True,oos,H20,-0.26665770289656276,0.7860541757332943,True,
4304,20260825,20260901,True,oos,S7,-0.11136168703936422,0.7860541757332943,True,
3498,20260824,20260831,False,oos,H5,0.007752796327544553,0.7306798471398176,True,
3498,20260824,20260831,False,oos,H10,-0.02341481593000838,0.7306798471398176,True,
3498,20260824,20260831,False,oos,H20,0.21813417906602672,0.7306798471398176,True,
3498,20260824,20260831,False,oos,S7,-0.09094464248803968,0.7306798471398176,True,
