sector,date,leader,leader_ret,variant,rule,ret,n_names,pick
光電業,20211008,5243,0.06122448979591821,F1,H1,-0.03430961707498248,1,3149
光電業,20211008,5243,0.06122448979591821,F1,H3,0.01397490207126828,1,3149
光電業,20211008,5243,0.06122448979591821,F1,H5,0.04201107447876917,1,3149
光電業,20211008,5243,0.06122448979591821,F1,H10,0.0638169863512692,1,3149
光電業,20211008,5243,0.06122448979591821,F1,S7,-0.038982312476232406,1,3149
光電業,20211008,5243,0.06122448979591821,F3,H1,-0.011233397621511487,10,"6168,3149,3615,4960,3437"
光電業,20211008,5243,0.06122448979591821,F3,H3,-0.011454126694904965,10,"6168,3149,3615,4960,3437"
光電業,20211008,5243,0.06122448979591821,F3,H5,0.004113868426721956,10,"6168,3149,3615,4960,3437"
光電業,20211008,5243,0.06122448979591821,F3,H10,0.04329210752358063,10,"6168,3149,3615,4960,3437"
光電業,20211008,5243,0.06122448979591821,F3,S7,0.09986191360789123,10,"6168,3149,3615,4960,3437"
光電業,20211008,5243,0.06122448979591821,F2,H1,0.0033799392405620132,1,6706
光電業,20211008,5243,0.06122448979591821,F2,H3,-0.021844696103474393,1,6706
光電業,20211008,5243,0.06122448979591821,F2,H5,0.07905384527267145,1,6706
光電業,20211008,5243,0.06122448979591821,F2,H10,0.10988395513760496,1,6706
光電業,20211008,5243,0.06122448979591821,F2,S7,0.22479618281599323,1,6706
光電業,20211008,5243,0.06122448979591821,RAND_SECTOR,H1,-0.03139175099328706,1,8064
光電業,20211008,5243,0.06122448979591821,RAND_SECTOR,H3,-0.060188212450243306,1,8064
光電業,20211008,5243,0.06122448979591821,RAND_SECTOR,H5,-0.04709891178799053,1,8064
光電業,20211008,5243,0.06122448979591821,RAND_SECTOR,H10,0.026201171920625654,1,8064
光電業,20211008,5243,0.06122448979591821,RAND_SECTOR,S7,-0.07327751311249642,1,8064
光電業,20221006,3149,0.09919571045576414,F1,H1,-0.018059556091940765,1,8215
光電業,20221006,3149,0.09919571045576414,F1,H3,-0.05044995267918584,1,8215
光電業,20221006,3149,0.09919571045576414,F1,H5,-0.0964784109873762,1,8215
光電業,20221006,3149,0.09919571045576414,F1,H10,-0.014650040661704722,1,8215
光電業,20221006,3149,0.09919571045576414,F1,S7,-0.0964784109873762,1,8215
光電業,20221006,3149,0.09919571045576414,F3,H1,-0.03457294485827617,2,"2406,8215"
光電業,20221006,3149,0.09919571045576414,F3,H3,-0.057526787499301735,2,"2406,8215"
光電業,20221006,3149,0.09919571045576414,F3,H5,-0.09541003421768363,2,"2406,8215"
光電業,20221006,3149,0.09919571045576414,F3,H10,-0.04638547583796426,2,"2406,8215"
光電業,20221006,3149,0.09919571045576414,F3,S7,-0.09135484760924184,2,"2406,8215"
光電業,20221006,3149,0.09919571045576414,F2,H1,-0.04326561659404504,1,3008
光電業,20221006,3149,0.09919571045576414,F2,H3,-0.04599135557810741,1,3008
光電業,20221006,3149,0.09919571045576414,F2,H5,-0.04326561659404504,1,3008
光電業,20221006,3149,0.09919571045576414,F2,H10,-0.03781413862592009,1,3008
光電業,20221006,3149,0.09919571045576414,F2,S7,0.05213524784814405,1,3008
光電業,20221006,3149,0.09919571045576414,RAND_SECTOR,H1,-0.011947893577990198,1,6116
光電業,20221006,3149,0.09919571045576414,RAND_SECTOR,H3,-0.01606477735474876,1,6116
光電業,20221006,3149,0.09919571045576414,RAND_SECTOR,H5,-0.00783100980123197,1,6116
光電業,20221006,3149,0.09919571045576414,RAND_SECTOR,H10,-0.0201816611315071,1,6116
光電業,20221006,3149,0.09919571045576414,RAND_SECTOR,S7,-0.04899984756881559,1,6116
光電業,20221103,6456,0.06724782067247825,F1,H1,0.002123863010127014,1,3673
光電業,20221103,6456,0.06724782067247825,F1,H3,0.005442153947246453,1,3673
光電業,20221103,6456,0.06724782067247825,F1,H5,0.02867019050708386,1,3673
光電業,20221103,6456,0.06724782067247825,F1,H10,0.048579936129801826,1,3673
光電業,20221103,6456,0.06724782067247825,F1,S7,0.05521651800404115,1,3673
光電業,20221103,6456,0.06724782067247825,F3,H1,0.018121013309185512,23,"3441,6278,6706,3673,2406"
光電業,20221103,6456,0.06724782067247825,F3,H3,0.025083743179583878,23,"3441,6278,6706,3673,2406"
光電業,20221103,6456,0.06724782067247825,F3,H5,0.056920094592892614,23,"3441,6278,6706,3673,2406"
光電業,20221103,6456,0.06724782067247825,F3,H10,0.09616418674085075,23,"3441,6278,6706,3673,2406"
光電業,20221103,6456,0.06724782067247825,F3,S7,0.12483762167400751,23,"3441,6278,6706,3673,2406"
光電業,20221103,6456,0.06724782067247825,F2,H1,-0.012533232503595726,1,8069
光電業,20221103,6456,0.06724782067247825,F2,H3,-0.05485323682487031,1,8069
光電業,20221103,6456,0.06724782067247825,F2,H5,-0.07836435033668931,1,8069
光電業,20221103,6456,0.06724782067247825,F2,H10,-0.14889769087214688,1,8069
光電業,20221103,6456,0.06724782067247825,F2,S7,-0.10187546384850843,1,8069
光電業,20221103,6456,0.06724782067247825,RAND_SECTOR,H1,0.006209117418561894,1,3576
光電業,20221103,6456,0.06724782067247825,RAND_SECTOR,H3,-0.00783100980123197,1,3576
光電業,20221103,6456,0.06724782067247825,RAND_SECTOR,H5,0.0038690962152629904,1,3576
光電業,20221103,6456,0.06724782067247825,RAND_SECTOR,H10,0.024929287044953785,1,3576
光電業,20221103,6456,0.06724782067247825,RAND_SECTOR,S7,0.0038690962152629904,1,3576
光電業,20230106,8105,0.052208835341365445,F1,H1,-0.02420793948814426,1,3362
光電業,20230106,8105,0.052208835341365445,F1,H3,-0.031031660191024435,1,3362
光電業,20230106,8105,0.052208835341365445,F1,H5,-0.06787975198657703,1,3362
光電業,20230106,8105,0.052208835341365445,F1,H10,0.02355810543201642,1,3362
光電業,20230106,8105,0.052208835341365445,F1,S7,0.059041453086992934,1,3362
光電業,20230106,8105,0.052208835341365445,F3,H1,-0.010566565899387884,8,"6278,4934,5243,2406,3051"
光電業,20230106,8105,0.052208835341365445,F3,H3,-0.018146970563963735,8,"6278,4934,5243,2406,3051"
光電業,20230106,8105,0.052208835341365445,F3,H5,-0.0433771708548967,8,"6278,4934,5243,2406,3051"
光電業,20230106,8105,0.052208835341365445,F3,H10,0.024243273191654077,8,"6278,4934,5243,2406,3051"
光電業,20230106,8105,0.052208835341365445,F3,S7,0.009131902983492882,8,"6278,4934,5243,2406,3051"
光電業,20230106,8105,0.052208835341365445,F2,H1,-0.024695071957584913,1,8069
光電業,20230106,8105,0.052208835341365445,F2,H3,-0.013452363853349691,1,8069
光電業,20230106,8105,0.052208835341365445,F2,H5,-0.01626304087940844,1,8069
光電業,20230106,8105,0.052208835341365445,F2,H10,0.014654406407238696,1,8069
光電業,20230106,8105,0.052208835341365445,F2,S7,0.09616404016294489,1,8069
光電業,20230106,8105,0.052208835341365445,RAND_SECTOR,H1,-0.016716105235847656,1,2489
光電業,20230106,8105,0.052208835341365445,RAND_SECTOR,H3,-0.012767173931574005,1,2489
光電業,20230106,8105,0.052208835341365445,RAND_SECTOR,H5,-0.01869057088798487,1,2489
光電業,20230106,8105,0.052208835341365445,RAND_SECTOR,H10,0.0020413184594523237,1,2489
光電業,20230106,8105,0.052208835341365445,RAND_SECTOR,S7,0.0020413184594523237,1,2489
光電業,20230518,2393,0.06214039125431525,F2,H1,-0.049486959771409156,1,2489
光電業,20230518,2393,0.06214039125431525,F2,H3,-0.015404818886718852,1,2489
光電業,20230518,2393,0.06214039125431525,F2,H5,-0.049486959771409156,1,2489
光電業,20230518,2393,0.06214039125431525,F2,H10,0.0716939855963794,1,2489
光電業,20230518,2393,0.06214039125431525,F2,S7,0.1247106491947867,1,2489
光電業,20230518,2393,0.06214039125431525,RAND_SECTOR,H1,-0.04958069503236817,1,3406
光電業,20230518,2393,0.06214039125431525,RAND_SECTOR,H3,-0.033617580091051424,1,3406
光電業,20230518,2393,0.06214039125431525,RAND_SECTOR,H5,-0.025022056661111458,1,3406
光電業,20230518,2393,0.06214039125431525,RAND_SECTOR,H10,0.006904173221522036,1,3406
光電業,20230518,2393,0.06214039125431525,RAND_SECTOR,S7,-0.017654465149734677,1,3406
其他,20211007,8033,0.09756097560975618,F1,H1,-0.027859265814561107,1,6179
其他,20211007,8033,0.09756097560975618,F1,H3,-0.09872847940018747,1,6179
其他,20211007,8033,0.09756097560975618,F1,H5,-0.11105356002377453,1,6179
其他,20211007,8033,0.09756097560975618,F1,H10,-0.07561895323096157,1,6179
其他,20211007,8033,0.09756097560975618,F1,S7,-0.09872847940018747,1,6179
其他,20211007,8033,0.09756097560975618,F3,H1,-0.027859265814561107,1,6179
其他,20211007,8033,0.09756097560975618,F3,H3,-0.09872847940018747,1,6179
其他,20211007,8033,0.09756097560975618,F3,H5,-0.11105356002377453,1,6179
其他,20211007,8033,0.09756097560975618,F3,H10,-0.07561895323096157,1,6179
其他,20211007,8033,0.09756097560975618,F3,S7,-0.09872847940018747,1,6179
其他,20211007,8033,0.09756097560975618,F2,H1,-0.04762388373968529,1,2221
其他,20211007,8033,0.09756097560975618,F2,H3,-0.08874318680942006,1,2221
其他,20211007,8033,0.09756097560975618,F2,H5,-0.0927224742032654,1,2221
其他,20211007,8033,0.09756097560975618,F2,H10,-0.11792462769761936,1,2221
其他,20211007,8033,0.09756097560975618,F2,S7,-0.1006810489909562,1,2221
其他,20211007,8033,0.09756097560975618,RAND_SECTOR,H1,-0.011593976894273883,1,9938
其他,20211007,8033,0.09756097560975618,RAND_SECTOR,H3,-0.021628555809052874,1,9938
其他,20211007,8033,0.09756097560975618,RAND_SECTOR,H5,-0.026645845266442425,1,9938
其他,20211007,8033,0.09756097560975618,RAND_SECTOR,H10,0.027290016400494332,1,9938
其他,20211007,8033,0.09756097560975618,RAND_SECTOR,S7,0.07369994388134704,1,9938
其他,20211110,8936,0.07434052757793741,F2,H1,0.004571102576252706,1,2358
其他,20211110,8936,0.07434052757793741,F2,H3,-0.04090330947452425,1,2358
其他,20211110,8936,0.07434052757793741,F2,H5,-0.05743945931117034,1,2358
其他,20211110,8936,0.07434052757793741,F2,H10,-0.04090330947452425,1,2358
其他,20211110,8936,0.07434052757793741,F2,S7,-0.11118194628027023,1,2358
其他,20211110,8936,0.07434052757793741,RAND_SECTOR,H1,-0.011533132898988385,1,9902
其他,20211110,8936,0.07434052757793741,RAND_SECTOR,H3,-0.02263950219225841,1,9902
其他,20211110,8936,0.07434052757793741,RAND_SECTOR,H5,-0.011533132898988385,1,9902
其他,20211110,8936,0.07434052757793741,RAND_SECTOR,H10,-0.026341625290014936,1,9902
其他,20211110,8936,0.07434052757793741,RAND_SECTOR,S7,-0.02263950219225841,1,9902
其他,20211222,2358,0.09929078014184411,F1,H1,-0.011361860300160176,1,9907
其他,20211222,2358,0.09929078014184411,F1,H3,-0.004300159302303985,1,9907
其他,20211222,2358,0.09929078014184411,F1,H5,0.02394664468912011,1,9907
其他,20211222,2358,0.09929078014184411,F1,H10,-0.011361860300160176,1,9907
其他,20211222,2358,0.09929078014184411,F1,S7,0.02394664468912011,1,9907
其他,20211222,2358,0.09929078014184411,F3,H1,-0.011361860300160176,1,9907
其他,20211222,2358,0.09929078014184411,F3,H3,-0.004300159302303985,1,9907
其他,20211222,2358,0.09929078014184411,F3,H5,0.02394664468912011,1,9907
其他,20211222,2358,0.09929078014184411,F3,H10,-0.011361860300160176,1,9907
其他,20211222,2358,0.09929078014184411,F3,S7,0.02394664468912011,1,9907
其他,20211222,2358,0.09929078014184411,F2,H1,-0.009408384984377682,1,6179
其他,20211222,2358,0.09929078014184411,F2,H3,-0.025182136815836698,1,6179
其他,20211222,2358,0.09929078014184411,F2,H5,-0.02991426236527439,1,6179
其他,20211222,2358,0.09929078014184411,F2,H10,-0.025182136815836698,1,6179
其他,20211222,2358,0.09929078014184411,F2,S7,-0.048842764563025165,1,6179
其他,20211222,2358,0.09929078014184411,RAND_SECTOR,H1,0.003370898152625257,1,9945
其他,20211222,2358,0.09929078014184411,RAND_SECTOR,H3,0.009771988411972243,1,9945
其他,20211222,2358,0.09929078014184411,RAND_SECTOR,H5,0.020973896365829026,1,9945
其他,20211222,2358,0.09929078014184411,RAND_SECTOR,H10,0.022574168930665772,1,9945
其他,20211222,2358,0.09929078014184411,RAND_SECTOR,S7,0.0497788025328898,1,9945
其他,20220223,6592,0.08085106382978724,F1,H1,-0.03197137452626275,1,9941
其他,20220223,6592,0.08085106382978724,F1,H3,-0.01265908274623806,1,9941
其他,20220223,6592,0.08085106382978724,F1,H5,0.025965500813811104,1,9941
其他,20220223,6592,0.08085106382978724,F1,H10,0.03320761023132057,1,9941
其他,20220223,6592,0.08085106382978724,F1,S7,0.11769888676892837,1,9941
其他,20220223,6592,0.08085106382978724,F3,H1,-0.03197137452626275,1,9941
其他,20220223,6592,0.08085106382978724,F3,H3,-0.01265908274623806,1,9941
其他,20220223,6592,0.08085106382978724,F3,H5,0.025965500813811104,1,9941
其他,20220223,6592,0.08085106382978724,F3,H10,0.03320761023132057,1,9941
其他,20220223,6592,0.08085106382978724,F3,S7,0.11769888676892837,1,9941
其他,20220223,6592,0.08085106382978724,F2,H1,-0.021256841874287002,1,9945
其他,20220223,6592,0.08085106382978724,F2,H3,-0.04005300677656409,1,9945
其他,20220223,6592,0.08085106382978724,F2,H5,-0.013201342630453916,1,9945
其他,20220223,6592,0.08085106382978724,F2,H10,-0.03871042356925869,1,9945
其他,20220223,6592,0.08085106382978724,F2,S7,-0.08435825261764573,1,9945
其他,20220223,6592,0.08085106382978724,RAND_SECTOR,H1,-0.021256841874287002,1,9945
其他,20220223,6592,0.08085106382978724,RAND_SECTOR,H3,-0.04005300677656409,1,9945
其他,20220223,6592,0.08085106382978724,RAND_SECTOR,H5,-0.013201342630453916,1,9945
其他,20220223,6592,0.08085106382978724,RAND_SECTOR,H10,-0.03871042356925869,1,9945
其他,20220223,6592,0.08085106382978724,RAND_SECTOR,S7,-0.08435825261764573,1,9945
其他,20220419,1584,0.09762532981530359,F1,H1,-0.01761295759192416,1,9945
其他,20220419,1584,0.09762532981530359,F1,H3,-0.05534332764173633,1,9945
其他,20220419,1584,0.09762532981530359,F1,H5,0.10675752146116113,1,9945
其他,20220419,1584,0.09762532981530359,F1,H10,0.08719362587977675,1,9945
其他,20220419,1584,0.09762532981530359,F1,S7,0.010335464667196259,1,9945
其他,20220419,1584,0.09762532981530359,F3,H1,-0.01761295759192416,1,9945
其他,20220419,1584,0.09762532981530359,F3,H3,-0.05534332764173633,1,9945
其他,20220419,1584,0.09762532981530359,F3,H5,0.10675752146116113,1,9945
其他,20220419,1584,0.09762532981530359,F3,H10,0.08719362587977675,1,9945
其他,20220419,1584,0.09762532981530359,F3,S7,0.010335464667196259,1,9945
其他,20220419,1584,0.09762532981530359,F2,H1,-0.0036224456858606757,1,9933
其他,20220419,1584,0.09762532981530359,F2,H3,0.003742541516039033,1,9933
其他,20220419,1584,0.09762532981530359,F2,H5,-0.030978112435773753,1,9933
其他,20220419,1584,0.09762532981530359,F2,H10,-0.01730027906081688,1,9933
其他,20220419,1584,0.09762532981530359,F2,S7,-0.03203025346461652,1,9933
其他,20220419,1584,0.09762532981530359,RAND_SECTOR,H1,-0.021059929670548816,1,2358
其他,20220419,1584,0.09762532981530359,RAND_SECTOR,H3,-0.06515632923493853,1,2358
其他,20220419,1584,0.09762532981530359,RAND_SECTOR,H5,-0.1313009285815231,1,2358
其他,20220419,1584,0.09762532981530359,RAND_SECTOR,H10,-0.12027682869042566,1,2358
其他,20220419,1584,0.09762532981530359,RAND_SECTOR,S7,-0.10043344888645023,1,2358
其他,20220525,4529,0.09756097560975596,F2,H1,-0.049795861350424686,1,8421
其他,20220525,4529,0.09756097560975596,F2,H3,0.11506605544997495,1,8421
其他,20220525,4529,0.09756097560975596,F2,H5,0.07909618269352414,1,8421
其他,20220525,4529,0.09756097560975596,F2,H10,-0.02281845678308636,1,8421
其他,20220525,4529,0.09756097560975596,F2,S7,0.031136352351589736,1,8421
其他,20220525,4529,0.09756097560975596,RAND_SECTOR,H1,-0.00783100980123197,1,9907
其他,20220525,4529,0.09756097560975596,RAND_SECTOR,H3,-0.004787546641113027,1,9907
其他,20220525,4529,0.09756097560975596,RAND_SECTOR,H5,-0.02304832560182657,1,9907
其他,20220525,4529,0.09756097560975596,RAND_SECTOR,H10,0.004342842839243577,1,9907
其他,20220525,4529,0.09756097560975596,RAND_SECTOR,S7,-0.05348295720301577,1,9907
其他,20220720,2614,0.0997876857749469,F1,H1,0.026880441750911643,1,2358
其他,20220720,2614,0.0997876857749469,F1,H3,0.009524715974839948,1,2358
其他,20220720,2614,0.0997876857749469,F1,H5,0.01530995790019718,1,2358
其他,20220720,2614,0.0997876857749469,F1,H10,-0.02807935653998217,1,2358
其他,20220720,2614,0.0997876857749469,F1,S7,-0.17161682953138058,1,2358
其他,20220720,2614,0.0997876857749469,F3,H1,0.0020833414725007294,7,"9919,9938,9907,9941,5871"
其他,20220720,2614,0.0997876857749469,F3,H3,0.012197228382664682,7,"9919,9938,9907,9941,5871"
其他,20220720,2614,0.0997876857749469,F3,H5,0.02627870965418195,7,"9919,9938,9907,9941,5871"
其他,20220720,2614,0.0997876857749469,F3,H10,0.003529092178004012,7,"9919,9938,9907,9941,5871"
其他,20220720,2614,0.0997876857749469,F3,S7,0.059885537708742546,7,"9919,9938,9907,9941,5871"
其他,20220720,2614,0.0997876857749469,F2,H1,-0.014673554561223545,1,4541
其他,20220720,2614,0.0997876857749469,F2,H3,-0.021516099321214788,1,4541
其他,20220720,2614,0.0997876857749469,F2,H5,0.016117896858738323,1,4541
其他,20220720,2614,0.0997876857749469,F2,H10,0.021249805428731783,1,4541
其他,20220720,2614,0.0997876857749469,F2,S7,0.002432807338755394,1,4541
其他,20220720,2614,0.0997876857749469,RAND_SECTOR,H1,0.002345082405935006,1,1584
其他,20220720,2614,0.0997876857749469,RAND_SECTOR,H3,0.002345082405935006,1,1584
其他,20220720,2614,0.0997876857749469,RAND_SECTOR,H5,0.043049451234602465,1,1584
其他,20220720,2614,0.0997876857749469,RAND_SECTOR,H10,0.09901795837402005,1,1584
其他,20220720,2614,0.0997876857749469,RAND_SECTOR,S7,0.1397223272026873,1,1584
其他,20230111,2358,0.0979020979020977,F2,H1,0.03921148542370978,1,1584
其他,20230111,2358,0.0979020979020977,F2,H3,0.0007221711487575,1,1584
其他,20230111,2358,0.0979020979020977,F2,H5,0.04776466637369903,1,1584
其他,20230111,2358,0.0979020979020977,F2,H10,0.07983909493615937,1,1584
其他,20230111,2358,0.0979020979020977,F2,S7,0.22096658061098395,1,1584
其他,20230111,2358,0.0979020979020977,RAND_SECTOR,H1,-0.028501197097039577,1,1342
其他,20230111,2358,0.0979020979020977,RAND_SECTOR,H3,-0.011965047260393602,1,1342
其他,20230111,2358,0.0979020979020977,RAND_SECTOR,H5,-0.016099084719555012,1,1342
其他,20230111,2358,0.0979020979020977,RAND_SECTOR,H10,0.06658166446367564,1,1342
其他,20230111,2358,0.0979020979020977,RAND_SECTOR,S7,0.2980877621767215,1,1342
其他,20230712,3284,0.08229426433915199,F2,H1,0.01697321495373716,1,6592
其他,20230712,3284,0.08229426433915199,F2,H3,0.055951282425831916,1,6592
其他,20230712,3284,0.08229426433915199,F2,H5,0.013429754274455918,1,6592
其他,20230712,3284,0.08229426433915199,F2,H10,0.055951282425831916,1,6592
其他,20230712,3284,0.08229426433915199,F2,S7,-0.06098291999045169,1,6592
其他,20230712,3284,0.08229426433915199,RAND_SECTOR,H1,-0.07161330202829552,1,5284
其他,20230712,3284,0.08229426433915199,RAND_SECTOR,H3,-0.08224368406613947,1,5284
其他,20230712,3284,0.08229426433915199,RAND_SECTOR,H5,-0.11767829085895287,1,5284
其他,20230712,3284,0.08229426433915199,RAND_SECTOR,H10,-0.16019981901032843,1,5284
其他,20230712,3284,0.08229426433915199,RAND_SECTOR,S7,-0.07161330202829552,1,5284
其他,20230818,6585,0.099882491186839,F2,H1,-0.03848791680175556,1,9907
其他,20230818,6585,0.099882491186839,F2,H3,-0.044061899892760215,1,9907
其他,20230818,6585,0.099882491186839,F2,H5,-0.044061899892760215,1,9907
其他,20230818,6585,0.099882491186839,F2,H10,-0.03012694216524936,1,9907
其他,20230818,6585,0.099882491186839,F2,S7,-0.06357084071127495,1,9907
其他,20230818,6585,0.099882491186839,RAND_SECTOR,H1,-0.010602431561563708,1,5871
其他,20230818,6585,0.099882491186839,RAND_SECTOR,H3,-0.03277380564421761,1,5871
其他,20230818,6585,0.099882491186839,RAND_SECTOR,H5,-0.010602431561563708,1,5871
其他,20230818,6585,0.099882491186839,RAND_SECTOR,H10,-0.010602431561563708,1,5871
其他,20230818,6585,0.099882491186839,RAND_SECTOR,S7,0.008797520760758681,1,5871
其他,20250306,5314,0.09476031215161651,F2,H1,0.02353065368206253,1,9907
其他,20250306,5314,0.09476031215161651,F2,H3,0.026381713998725687,1,9907
其他,20250306,5314,0.09476031215161651,F2,H5,0.02353065368206253,1,9907
其他,20250306,5314,0.09476031215161651,F2,H10,0.032083834632052,1,9907
其他,20250306,5314,0.09476031215161651,F2,S7,-0.06485221613449443,1,9907
其他,20250306,5314,0.09476031215161651,RAND_SECTOR,H1,0.0006854622176415415,1,9938
其他,20250306,5314,0.09476031215161651,RAND_SECTOR,H3,-0.0489939578924542,1,9938
其他,20250306,5314,0.09476031215161651,RAND_SECTOR,H5,-0.05609101790818216,1,9938
其他,20250306,5314,0.09476031215161651,RAND_SECTOR,H10,-0.04331630987987167,1,9938
其他,20250306,5314,0.09476031215161651,RAND_SECTOR,S7,-0.09725396599940417,1,9938
其他,20250507,9907,0.09944751381215444,F1,H1,0.0017397521621000944,1,9939
其他,20250507,9907,0.09944751381215444,F1,H3,-0.023782279740118817,1,9939
其他,20250507,9907,0.09944751381215444,F1,H5,-0.023782279740118817,1,9939
其他,20250507,9907,0.09944751381215444,F1,H10,-0.03335304170345099,1,9939
其他,20250507,9907,0.09944751381215444,F1,S7,-0.039733549679005886,1,9939
其他,20250507,9907,0.09944751381215444,F3,H1,0.002520756516972629,11,"6901,9919,9945,9939,2348"
其他,20250507,9907,0.09944751381215444,F3,H3,0.012614144935726374,11,"6901,9919,9945,9939,2348"
其他,20250507,9907,0.09944751381215444,F3,H5,0.012488183034961938,11,"6901,9919,9945,9939,2348"
其他,20250507,9907,0.09944751381215444,F3,H10,0.021879091131247943,11,"6901,9919,9945,9939,2348"
其他,20250507,9907,0.09944751381215444,F3,S7,-0.007322345519061938,11,"6901,9919,9945,9939,2348"
其他,20250507,9907,0.09944751381215444,F2,H1,-0.0005356495791820626,1,8404
其他,20250507,9907,0.09944751381215444,F2,H3,0.0748497393819989,1,8404
其他,20250507,9907,0.09944751381215444,F2,H5,0.10889475375156432,1,8404
其他,20250507,9907,0.09944751381215444,F2,H10,0.06998616590063222,1,8404
其他,20250507,9907,0.09944751381215444,F2,S7,0.0018961371615011657,1,8404
其他,20250507,9907,0.09944751381215444,RAND_SECTOR,H1,-0.020233122178716756,1,5530
其他,20250507,9907,0.09944751381215444,RAND_SECTOR,H3,-0.029879209583426714,1,5530
其他,20250507,9907,0.09944751381215444,RAND_SECTOR,H5,-0.038147284501749756,1,5530
其他,20250507,9907,0.09944751381215444,RAND_SECTOR,H10,-0.08775573401168824,1,5530
其他,20250507,9907,0.09944751381215444,RAND_SECTOR,S7,-0.0863777215253011,1,5530
其他,20251013,8936,0.0588235294117645,RAND_SECTOR,H1,-0.04599135557810763,1,8935
其他,20251013,8936,0.0588235294117645,RAND_SECTOR,H3,-0.030278272022923658,1,8935
其他,20251013,8936,0.0588235294117645,RAND_SECTOR,H5,-0.041501903133769225,1,8935
其他,20251013,8936,0.0588235294117645,RAND_SECTOR,H10,-0.06394916535546091,1,8935
其他,20251013,8936,0.0588235294117645,RAND_SECTOR,S7,-0.0751727964663067,1,8935
其他,20260108,8033,0.09688581314878886,F1,H1,0.031230761466435997,1,4541
其他,20260108,8033,0.09688581314878886,F1,H3,0.08703329184881903,1,4541
其他,20260108,8033,0.09688581314878886,F1,H5,0.10377405096353387,1,4541
其他,20260108,8033,0.09688581314878886,F1,H10,0.0680604315188087,1,4541
其他,20260108,8033,0.09688581314878886,F1,S7,-0.056937236537728975,1,4541
其他,20260108,8033,0.09688581314878886,F3,H1,0.031230761466435997,1,4541
其他,20260108,8033,0.09688581314878886,F3,H3,0.08703329184881903,1,4541
其他,20260108,8033,0.09688581314878886,F3,H5,0.10377405096353387,1,4541
其他,20260108,8033,0.09688581314878886,F3,H10,0.0680604315188087,1,4541
其他,20260108,8033,0.09688581314878886,F3,S7,-0.056937236537728975,1,4541
其他,20260108,8033,0.09688581314878886,F2,H1,-0.06641622636534972,1,5314
其他,20260108,8033,0.09688581314878886,F2,H3,-0.07208576345219964,1,5314
其他,20260108,8033,0.09688581314878886,F2,H5,-0.09287406610398341,1,5314
其他,20260108,8033,0.09688581314878886,F2,H10,-0.08342483762589992,1,5314
其他,20260108,8033,0.09688581314878886,F2,S7,-0.09287406610398341,1,5314
其他,20260108,8033,0.09688581314878886,RAND_SECTOR,H1,-0.019216555590398032,1,6592
其他,20260108,8033,0.09688581314878886,RAND_SECTOR,H3,-0.017590049049088674,1,6592
其他,20260108,8033,0.09688581314878886,RAND_SECTOR,H5,0.001928029446624846,1,6592
其他,20260108,8033,0.09688581314878886,RAND_SECTOR,H10,-0.02246956867301697,1,6592
其他,20260108,8033,0.09688581314878886,RAND_SECTOR,S7,-0.00783100980123197,1,6592
其他,20260602,8935,0.06714628297362113,F2,H1,0.009275352098746747,1,5871
其他,20260602,8935,0.06714628297362113,F2,H3,-0.02921396217620542,1,5871
其他,20260602,8935,0.06714628297362113,F2,H5,0.013551942573741371,1,5871
其他,20260602,8935,0.06714628297362113,F2,H10,0.0007221711487575,1,5871
其他,20260602,8935,0.06714628297362113,F2,S7,-0.024937371701210687,1,5871
其他,20260602,8935,0.06714628297362113,RAND_SECTOR,H1,0.01905703871363973,1,2614
其他,20260602,8935,0.06714628297362113,RAND_SECTOR,H3,-0.013208619504206154,1,2614
其他,20260602,8935,0.06714628297362113,RAND_SECTOR,H5,0.01905703871363973,1,2614
其他,20260602,8935,0.06714628297362113,RAND_SECTOR,H10,0.021745843565126988,1,2614
其他,20260602,8935,0.06714628297362113,RAND_SECTOR,S7,-0.021275034058667708,1,2614
其他,20260806,9939,0.06343283582089554,F2,H1,0.005353960168186678,1,5314
其他,20260806,9939,0.06343283582089554,F2,H3,0.007002081414364092,1,5314
其他,20260806,9939,0.06343283582089554,F2,H5,0.10961578625687118,1,5314
其他,20260806,9939,0.06343283582089554,F2,H10,0.7808648421406574,1,5314
其他,20260806,9939,0.06343283582089554,F2,S7,0.2192074688501422,1,5314
其他,20260806,9939,0.06343283582089554,RAND_SECTOR,H1,-0.0033005577911919826,1,5871
其他,20260806,9939,0.06343283582089554,RAND_SECTOR,H3,0.04200396230920855,1,5871
其他,20260806,9939,0.06343283582089554,RAND_SECTOR,H5,0.037473510299168344,1,5871
其他,20260806,9939,0.06343283582089554,RAND_SECTOR,H10,0.0102907982389282,1,5871
其他,20260806,9939,0.06343283582089554,RAND_SECTOR,S7,0.019351702259008396,1,5871
其他電子業,20211008,3587,0.05555555555555558,F1,H1,4.334726383792287e-05,1,8021
其他電子業,20211008,3587,0.05555555555555558,F1,H3,-0.0222673310871927,1,8021
其他電子業,20211008,3587,0.05555555555555558,F1,H5,-0.010455795489588193,1,8021
其他電子業,20211008,3587,0.05555555555555558,F1,H10,0.03154077552411616,1,8021
其他電子業,20211008,3587,0.05555555555555558,F1,S7,0.06566298947275095,1,8021
其他電子業,20211008,3587,0.05555555555555558,F3,H1,4.334726383792287e-05,1,8021
其他電子業,20211008,3587,0.05555555555555558,F3,H3,-0.0222673310871927,1,8021
其他電子業,20211008,3587,0.05555555555555558,F3,H5,-0.010455795489588193,1,8021
其他電子業,20211008,3587,0.05555555555555558,F3,H10,0.03154077552411616,1,8021
其他電子業,20211008,3587,0.05555555555555558,F3,S7,0.06566298947275095,1,8021
其他電子業,20211008,3587,0.05555555555555558,F2,H1,-0.03014365575772593,1,3541
其他電子業,20211008,3587,0.05555555555555558,F2,H3,-0.05543132117508598,1,3541
其他電子業,20211008,3587,0.05555555555555558,F2,H5,-0.13129431742716569,1,3541
其他電子業,20211008,3587,0.05555555555555558,F2,H10,-0.12683178823586683,1,3541
其他電子業,20211008,3587,0.05555555555555558,F2,S7,-0.05543132117508598,1,3541
其他電子業,20211008,3587,0.05555555555555558,RAND_SECTOR,H1,-0.012489080177752077,1,2317
其他電子業,20211008,3587,0.05555555555555558,RAND_SECTOR,H3,0.0061432013283280185,1,2317
其他電子業,20211008,3587,0.05555555555555558,RAND_SECTOR,H5,0.010801271704848237,1,2317
其他電子業,20211008,3587,0.05555555555555558,RAND_SECTOR,H10,0.010801271704848237,1,2317
其他電子業,20211008,3587,0.05555555555555558,RAND_SECTOR,S7,0.0014851309518080225,1,2317
其他電子業,20220711,3093,0.0546875,F1,H1,-0.000900842232905319,1,6438
其他電子業,20220711,3093,0.0546875,F1,H3,0.022199716328183516,1,6438
其他電子業,20220711,3093,0.0546875,F1,H5,0.04876535867343601,1,6438
其他電子業,20220711,3093,0.0546875,F1,H10,0.05800558209787132,1,6438
其他電子業,20220711,3093,0.0546875,F1,S7,0.023354744256237847,1,6438
其他電子業,20220711,3093,0.0546875,F3,H1,-0.000900842232905319,1,6438
其他電子業,20220711,3093,0.0546875,F3,H3,0.022199716328183516,1,6438
其他電子業,20220711,3093,0.0546875,F3,H5,0.04876535867343601,1,6438
其他電子業,20220711,3093,0.0546875,F3,H10,0.05800558209787132,1,6438
其他電子業,20220711,3093,0.0546875,F3,S7,0.023354744256237847,1,6438
其他電子業,20220711,3093,0.0546875,F2,H1,0.05118275913252379,1,2359
其他電子業,20220711,3093,0.0546875,F2,H3,0.043806038015804516,1,2359
其他電子業,20220711,3093,0.0546875,F2,H5,0.049338578853343806,1,2359
其他電子業,20220711,3093,0.0546875,F2,H10,0.029052595782365298,1,2359
其他電子業,20220711,3093,0.0546875,F2,S7,0.16367775616249558,1,2359
其他電子業,20220711,3093,0.0546875,RAND_SECTOR,H1,-0.042241495010437724,1,3663
其他電子業,20220711,3093,0.0546875,RAND_SECTOR,H3,-0.028859639651302227,1,3663
其他電子業,20220711,3093,0.0546875,RAND_SECTOR,H5,-0.017389477914900087,1,3663
其他電子業,20220711,3093,0.0546875,RAND_SECTOR,H10,0.03996133076710939,1,3663
其他電子業,20220711,3093,0.0546875,RAND_SECTOR,S7,0.10878230118552112,1,3663
其他電子業,20220729,2360,0.09904153354632594,F1,H1,-0.015583042540169068,1,2312
其他電子業,20220729,2360,0.09904153354632594,F1,H3,-0.05074079102087725,1,2312
其他電子業,20220729,2360,0.09904153354632594,F1,H5,-0.019489459038025347,1,2312
其他電子業,20220729,2360,0.09904153354632594,F1,H10,0.019574705940539117,1,2312
其他電子業,20220729,2360,0.09904153354632594,F1,S7,0.019574705940539117,1,2312
其他電子業,20220729,2360,0.09904153354632594,F3,H1,-0.015583042540169068,1,2312
其他電子業,20220729,2360,0.09904153354632594,F3,H3,-0.05074079102087725,1,2312
其他電子業,20220729,2360,0.09904153354632594,F3,H5,-0.019489459038025347,1,2312
其他電子業,20220729,2360,0.09904153354632594,F3,H10,0.019574705940539117,1,2312
其他電子業,20220729,2360,0.09904153354632594,F3,S7,0.019574705940539117,1,2312
其他電子業,20220729,2360,0.09904153354632594,F2,H1,-0.04079343472477903,1,2359
其他電子業,20220729,2360,0.09904153354632594,F2,H3,-0.10671828457187327,1,2359
其他電子業,20220729,2360,0.09904153354632594,F2,H5,-0.012775373539764101,1,2359
其他電子業,20220729,2360,0.09904153354632594,F2,H10,-0.0935333146024544,1,2359
其他電子業,20220729,2360,0.09904153354632594,F2,S7,-0.08034834463303575,1,2359
其他電子業,20220729,2360,0.09904153354632594,RAND_SECTOR,H1,-0.010757761984709013,1,2474
其他電子業,20220729,2360,0.09904153354632594,RAND_SECTOR,H3,-0.00783100980123197,1,2474
其他電子業,20220729,2360,0.09904153354632594,RAND_SECTOR,H5,-0.004904257617754815,1,2474
其他電子業,20220729,2360,0.09904153354632594,RAND_SECTOR,H10,0.03314352076744864,1,2474
其他電子業,20220729,2360,0.09904153354632594,RAND_SECTOR,S7,0.05070403386831179,1,2474
其他電子業,20221012,2312,0.0786516853932584,F1,H1,-0.04062998468383572,1,2390
其他電子業,20221012,2312,0.0786516853932584,F1,H3,-0.02423049724253379,1,2390
其他電子業,20221012,2312,0.0786516853932584,F1,H5,-0.01603075352188299,1,2390
其他電子業,20221012,2312,0.0786516853932584,F1,H10,-0.009491531379069995,1,2390
其他電子業,20221012,2312,0.0786516853932584,F1,S7,-0.07342895956643958,1,2390
其他電子業,20221012,2312,0.0786516853932584,F3,H1,-0.030764179463127088,7,"2404,3324,6438,3305,2390"
其他電子業,20221012,2312,0.0786516853932584,F3,H3,-0.012802656573395521,7,"2404,3324,6438,3305,2390"
其他電子業,20221012,2312,0.0786516853932584,F3,H5,-0.02810709515403631,7,"2404,3324,6438,3305,2390"
其他電子業,20221012,2312,0.0786516853932584,F3,H10,-0.05232857302949453,7,"2404,3324,6438,3305,2390"
其他電子業,20221012,2312,0.0786516853932584,F3,S7,-0.009649739140475637,7,"2404,3324,6438,3305,2390"
其他電子業,20221012,2312,0.0786516853932584,F2,H1,-0.06475873874706295,1,5225
其他電子業,20221012,2312,0.0786516853932584,F2,H3,-0.12710815616392523,1,5225
其他電子業,20221012,2312,0.0786516853932584,F2,H5,-0.06746958298257866,1,5225
其他電子業,20221012,2312,0.0786516853932584,F2,H10,-0.16370455334338818,1,5225
其他電子業,20221012,2312,0.0786516853932584,F2,S7,-0.06475873874706295,1,5225
其他電子業,20221012,2312,0.0786516853932584,RAND_SECTOR,H1,-0.03232900955922646,1,2359
其他電子業,20221012,2312,0.0786516853932584,RAND_SECTOR,H3,-0.0302875095793933,1,2359
其他電子業,20221012,2312,0.0786516853932584,RAND_SECTOR,H5,-0.04661950941805626,1,2359
其他電子業,20221012,2312,0.0786516853932584,RAND_SECTOR,H10,-0.0894910089945461,1,2359
其他電子業,20221012,2312,0.0786516853932584,RAND_SECTOR,S7,-0.03232900955922646,1,2359
其他電子業,20221102,5225,0.06518723994452147,F1,H1,0.0025040838466718895,1,1785
其他電子業,20221102,5225,0.06518723994452147,F1,H3,0.009394146278607796,1,1785
其他電子業,20221102,5225,0.06518723994452147,F1,H5,0.04039942722231937,1,1785
其他電子業,20221102,5225,0.06518723994452147,F1,H10,0.20576092558878045,1,1785
其他電子業,20221102,5225,0.06518723994452147,F1,S7,0.17992319146902114,1,1785
其他電子業,20221102,5225,0.06518723994452147,F3,H1,0.0025040838466718895,1,1785
其他電子業,20221102,5225,0.06518723994452147,F3,H3,0.009394146278607796,1,1785
其他電子業,20221102,5225,0.06518723994452147,F3,H5,0.04039942722231937,1,1785
其他電子業,20221102,5225,0.06518723994452147,F3,H10,0.20576092558878045,1,1785
其他電子業,20221102,5225,0.06518723994452147,F3,S7,0.17992319146902114,1,1785
其他電子業,20221102,5225,0.06518723994452147,F2,H1,0.08818534408897127,1,3508
其他電子業,20221102,5225,0.06518723994452147,F2,H3,0.08018398126478776,1,3508
其他電子業,20221102,5225,0.06518723994452147,F2,H5,0.0593804379219105,1,3508
其他電子業,20221102,5225,0.06518723994452147,F2,H10,0.056179892792236785,1,3508
其他電子業,20221102,5225,0.06518723994452147,F2,S7,0.20980605901656224,1,3508
其他電子業,20221102,5225,0.06518723994452147,RAND_SECTOR,H1,-0.017654465149734566,1,2317
其他電子業,20221102,5225,0.06518723994452147,RAND_SECTOR,H3,-0.017654465149734566,1,2317
其他電子業,20221102,5225,0.06518723994452147,RAND_SECTOR,H5,-0.00783100980123197,1,2317
其他電子業,20221102,5225,0.06518723994452147,RAND_SECTOR,H10,-0.0029192821269806712,1,2317
其他電子業,20221102,5225,0.06518723994452147,RAND_SECTOR,S7,-0.0029192821269806712,1,2317
其他電子業,20230106,6215,0.09999999999999987,F2,H1,0.0193855959149436,1,6139
其他電子業,20230106,6215,0.09999999999999987,F2,H3,0.030519661889742755,1,6139
其他電子業,20230106,6215,0.09999999999999987,F2,H5,0.007014411498500239,1,6139
其他電子業,20230106,6215,0.09999999999999987,F2,H10,0.06392185981414045,1,6139
其他電子業,20230106,6215,0.09999999999999987,F2,S7,-0.016490838892742388,1,6139
其他電子業,20230106,6215,0.09999999999999987,RAND_SECTOR,H1,-0.017812589179488914,1,3665
其他電子業,20230106,6215,0.09999999999999987,RAND_SECTOR,H3,-0.029790484433397824,1,3665
其他電子業,20230106,6215,0.09999999999999987,RAND_SECTOR,H5,-0.011823641552534903,1,3665
其他電子業,20230106,6215,0.09999999999999987,RAND_SECTOR,H10,0.06603267759787146,1,3665
其他電子業,20230106,6215,0.09999999999999987,RAND_SECTOR,S7,0.10995162686220339,1,3665
其他電子業,20230919,2354,0.06304728546409799,F1,H1,-0.012489080177751855,1,2317
其他電子業,20230919,2354,0.06304728546409799,F1,H3,-0.01714715055427196,1,2317
其他電子業,20230919,2354,0.06304728546409799,F1,H5,-0.03112136168383206,1,2317
其他電子業,20230919,2354,0.06304728546409799,F1,H10,-0.040437502436872275,1,2317
其他電子業,20230919,2354,0.06304728546409799,F1,S7,-0.04975364318991227,1,2317
其他電子業,20230919,2354,0.06304728546409799,F3,H1,-0.012489080177751855,1,2317
其他電子業,20230919,2354,0.06304728546409799,F3,H3,-0.01714715055427196,1,2317
其他電子業,20230919,2354,0.06304728546409799,F3,H5,-0.03112136168383206,1,2317
其他電子業,20230919,2354,0.06304728546409799,F3,H10,-0.040437502436872275,1,2317
其他電子業,20230919,2354,0.06304728546409799,F3,S7,-0.04975364318991227,1,2317
其他電子業,20230919,2354,0.06304728546409799,F2,H1,-0.06762963282674173,1,8085
其他電子業,20230919,2354,0.06304728546409799,F2,H3,-0.03223861103613401,1,8085
其他電子業,20230919,2354,0.06304728546409799,F2,H5,-0.004169869615996635,1,8085
其他電子業,20230919,2354,0.06304728546409799,F2,H10,-0.011492149986467193,1,8085
其他電子業,20230919,2354,0.06304728546409799,F2,S7,-0.12132635554352644,1,8085
其他電子業,20230919,2354,0.06304728546409799,RAND_SECTOR,H1,-0.0199095888123475,1,3617
其他電子業,20230919,2354,0.06304728546409799,RAND_SECTOR,H3,-0.08030248386792449,1,3617
其他電子業,20230919,2354,0.06304728546409799,RAND_SECTOR,H5,-0.01645856623774289,1,3617
其他電子業,20230919,2354,0.06304728546409799,RAND_SECTOR,H10,-0.01645856623774289,1,3617
其他電子業,20230919,2354,0.06304728546409799,RAND_SECTOR,S7,-0.10963617575206208,1,3617
其他電子業,20250421,5489,0.09939148073022319,F2,H1,0.015242687645251163,1,5452
其他電子業,20250421,5489,0.09939148073022319,F2,H3,-0.00783100980123197,1,5452
其他電子業,20250421,5489,0.09939148073022319,F2,H5,0.009917988234524167,1,5452
其他電子業,20250421,5489,0.09939148073022319,F2,H10,0.1128621768419098,1,5452
其他電子業,20250421,5489,0.09939148073022319,F2,S7,0.11108727703833421,1,5452
其他電子業,20250421,5489,0.09939148073022319,RAND_SECTOR,H1,0.08774490209864938,1,2359
其他電子業,20250421,5489,0.09939148073022319,RAND_SECTOR,H3,0.10139860379863253,1,2359
其他電子業,20250421,5489,0.09939148073022319,RAND_SECTOR,H5,0.07864243429866069,1,2359
其他電子業,20250421,5489,0.09939148073022319,RAND_SECTOR,H10,0.1924232817985192,1,2359
其他電子業,20250421,5489,0.09939148073022319,RAND_SECTOR,S7,0.3016528953983837,1,2359
化學工業,20211001,1742,0.0995260663507107,F2,H1,-0.04471461538482924,1,4707
化學工業,20211001,1742,0.0995260663507107,F2,H3,-0.03364953370974999,1,4707
化學工業,20211001,1742,0.0995260663507107,F2,H5,-0.011519370359591607,1,4707
化學工業,20211001,1742,0.0995260663507107,F2,H10,0.021675874665646022,1,4707
化學工業,20211001,1742,0.0995260663507107,F2,S7,0.027967435039311317,1,4707
化學工業,20211001,1742,0.0995260663507107,RAND_SECTOR,H1,-0.0440746258815522,1,4721
化學工業,20211001,1742,0.0995260663507107,RAND_SECTOR,H3,0.023882154269048383,1,4721
化學工業,20211001,1742,0.0995260663507107,RAND_SECTOR,H5,0.08730848240960887,1,4721
化學工業,20211001,1742,0.0995260663507107,RAND_SECTOR,H10,0.11902164647988922,1,4721
化學工業,20211001,1742,0.0995260663507107,RAND_SECTOR,S7,0.6037800115541729,1,4721
化學工業,20211126,1732,0.0985130111524164,F2,H1,-0.03371367911076506,1,1712
化學工業,20211126,1732,0.0985130111524164,F2,H3,-0.01645856623774311,1,1712
化學工業,20211126,1732,0.0985130111524164,F2,H5,-0.04061572425997373,1,1712
化學工業,20211126,1732,0.0985130111524164,F2,H10,-0.0544198145583914,1,1712
化學工業,20211126,1732,0.0985130111524164,F2,S7,-0.06304737099490254,1,1712
化學工業,20211126,1732,0.0985130111524164,RAND_SECTOR,H1,0.11122926902262043,1,1721
化學工業,20211126,1732,0.0985130111524164,RAND_SECTOR,H3,0.3639712644206221,1,1721
化學工業,20211126,1732,0.0985130111524164,RAND_SECTOR,H5,0.1864252345955797,1,1721
化學工業,20211126,1732,0.0985130111524164,RAND_SECTOR,H10,0.21149055645323256,1,1721
化學工業,20211126,1732,0.0985130111524164,RAND_SECTOR,S7,0.1864252345955797,1,1721
化學工業,20220210,1710,0.050000000000000044,F1,H1,-0.010819470615083593,1,1718
化學工業,20220210,1710,0.050000000000000044,F1,H3,-0.01181562421970106,1,1718
化學工業,20220210,1710,0.050000000000000044,F1,H5,-0.018788699452021662,1,1718
化學工業,20220210,1710,0.050000000000000044,F1,H10,-0.032734849916662645,1,1718
化學工業,20220210,1710,0.050000000000000044,F1,S7,-0.07357714770596968,1,1718
化學工業,20220210,1710,0.050000000000000044,F3,H1,-0.010819470615083593,1,1718
化學工業,20220210,1710,0.050000000000000044,F3,H3,-0.01181562421970106,1,1718
化學工業,20220210,1710,0.050000000000000044,F3,H5,-0.018788699452021662,1,1718
化學工業,20220210,1710,0.050000000000000044,F3,H10,-0.032734849916662645,1,1718
化學工業,20220210,1710,0.050000000000000044,F3,S7,-0.07357714770596968,1,1718
化學工業,20220210,1710,0.050000000000000044,F2,H1,-0.037497192232424426,1,4755
化學工業,20220210,1710,0.050000000000000044,F2,H3,0.021835172629960375,1,4755
化學工業,20220210,1710,0.050000000000000044,F2,H5,0.025131415122315204,1,4755
化學工業,20220210,1710,0.050000000000000044,F2,H10,-0.04079343472477903,1,4755
化學工業,20220210,1710,0.050000000000000044,F2,S7,-0.08694082961774496,1,4755
化學工業,20220210,1710,0.050000000000000044,RAND_SECTOR,H1,-0.008992800187881622,1,4722
化學工業,20220210,1710,0.050000000000000044,RAND_SECTOR,H3,0.05025850953124866,1,4722
化學工業,20220210,1710,0.050000000000000044,RAND_SECTOR,H5,0.006110474838563196,1,4722
化學工業,20220210,1710,0.050000000000000044,RAND_SECTOR,H10,0.04444955759800062,1,4722
化學工業,20220210,1710,0.050000000000000044,RAND_SECTOR,S7,0.010757636385161806,1,4722
化學工業,20220516,4755,0.08595988538681953,F1,H1,0.020516675633018844,1,1721
化學工業,20220516,4755,0.08595988538681953,F1,H3,0.025670800257427517,1,1721
化學工業,20220516,4755,0.08595988538681953,F1,H5,0.028247862569632298,1,1721
化學工業,20220516,4755,0.08595988538681953,F1,H10,0.041133174130655314,1,1721
化學工業,20220516,4755,0.08595988538681953,F1,S7,0.002477239447586266,1,1721
化學工業,20220516,4755,0.08595988538681953,F3,H1,0.013889209330772812,6,"1709,1727,1721,1711,4721"
化學工業,20220516,4755,0.08595988538681953,F3,H3,0.01418502311922685,6,"1709,1727,1721,1711,4721"
化學工業,20220516,4755,0.08595988538681953,F3,H5,0.022959205704272807,6,"1709,1727,1721,1711,4721"
化學工業,20220516,4755,0.08595988538681953,F3,H10,0.02858454069716913,6,"1709,1727,1721,1711,4721"
化學工業,20220516,4755,0.08595988538681953,F3,S7,0.027582412750969936,6,"1709,1727,1721,1711,4721"
化學工業,20220516,4755,0.08595988538681953,F2,H1,0.0326350970497753,1,1712
化學工業,20220516,4755,0.08595988538681953,F2,H3,0.05211877812618604,1,1712
化學工業,20220516,4755,0.08595988538681953,F2,H5,0.041627565238887776,1,1712
化學工業,20220516,4755,0.08595988538681953,F2,H10,0.00415894778425141,1,1712
化學工業,20220516,4755,0.08595988538681953,F2,S7,-0.031810924972199284,1,1712
化學工業,20220516,4755,0.08595988538681953,RAND_SECTOR,H1,-0.0006204793492061711,1,1717
化學工業,20220516,4755,0.08595988538681953,RAND_SECTOR,H3,0.0022637328316044147,1,1717
化學工業,20220516,4755,0.08595988538681953,RAND_SECTOR,H5,0.005147945012415001,1,1717
化學工業,20220516,4755,0.08595988538681953,RAND_SECTOR,H10,0.01956900591646682,1,1717
化學工業,20220516,4755,0.08595988538681953,RAND_SECTOR,S7,-0.01648364634366284,1,1717
化學工業,20220601,4755,0.09951456310679618,F1,H1,0.0018251360887802104,1,1721
化學工業,20220601,4755,0.09951456310679618,F1,H3,-0.01748715569124426,1,1721
化學工業,20220601,4755,0.09951456310679618,F1,H5,-0.019901192163747528,1,1721
化學工業,20220601,4755,0.09951456310679618,F1,H10,-0.1478451252064109,1,1721
化學工業,20220601,4755,0.09951456310679618,F1,S7,-0.07300999455881518,1,1721
化學工業,20220601,4755,0.09951456310679618,F3,H1,0.0004066939078644638,6,"1709,1721,1711,4721,4739"
化學工業,20220601,4755,0.09951456310679618,F3,H3,-0.00839055230228597,6,"1709,1721,1711,4721,4739"
化學工業,20220601,4755,0.09951456310679618,F3,H5,0.010220240289175841,6,"1709,1721,1711,4721,4739"
化學工業,20220601,4755,0.09951456310679618,F3,H10,-0.05759420830846849,6,"1709,1721,1711,4721,4739"
化學工業,20220601,4755,0.09951456310679618,F3,S7,-0.07343966064656625,6,"1709,1721,1711,4721,4739"
化學工業,20220601,4755,0.09951456310679618,F2,H1,0.03903411531184342,1,1727
化學工業,20220601,4755,0.09951456310679618,F2,H3,0.04474937447197469,1,1727
化學工業,20220601,4755,0.09951456310679618,F2,H5,0.01045781951118796,1,1727
化學工業,20220601,4755,0.09951456310679618,F2,H10,-0.1161550275263038,1,1727
化學工業,20220601,4755,0.09951456310679618,F2,S7,-0.1161550275263038,1,1727
化學工業,20220601,4755,0.09951456310679618,RAND_SECTOR,H1,-0.019367858524473425,1,1723
化學工業,20220601,4755,0.09951456310679618,RAND_SECTOR,H3,-0.042441555970956335,1,1723
化學工業,20220601,4755,0.09951456310679618,RAND_SECTOR,H5,-0.04628717221203682,1,1723
化學工業,20220601,4755,0.09951456310679618,RAND_SECTOR,H10,-0.07320648589960033,1,1723
化學工業,20220601,4755,0.09951456310679618,RAND_SECTOR,S7,-0.08858895086392249,1,1723
化學工業,20220722,1727,0.10000000000000009,F1,H1,-0.05138964839532412,1,1711
化學工業,20220722,1727,0.10000000000000009,F1,H3,-0.05138964839532412,1,1711
化學工業,20220722,1727,0.10000000000000009,F1,H5,-0.03203025346461652,1,1711
化學工業,20220722,1727,0.10000000000000009,F1,H10,-0.05138964839532412,1,1711
化學工業,20220722,1727,0.10000000000000009,F1,S7,0.006688536396798783,1,1711
化學工業,20220722,1727,0.10000000000000009,F3,H1,-0.019037649391087152,8,"1709,1711,4721,4739,1710"
化學工業,20220722,1727,0.10000000000000009,F3,H3,-0.010467066149728074,8,"1709,1711,4721,4739,1710"
化學工業,20220722,1727,0.10000000000000009,F3,H5,-0.006133894469767892,8,"1709,1711,4721,4739,1710"
化學工業,20220722,1727,0.10000000000000009,F3,H10,-0.03714316652562831,8,"1709,1711,4721,4739,1710"
化學工業,20220722,1727,0.10000000000000009,F3,S7,0.046667323501213984,8,"1709,1711,4721,4739,1710"
化學工業,20220722,1727,0.10000000000000009,F2,H1,-0.14694465128412793,1,1721
化學工業,20220722,1727,0.10000000000000009,F2,H3,-0.15481900834919737,1,1721
化學工業,20220722,1727,0.10000000000000009,F2,H5,-0.14694465128412793,1,1721
化學工業,20220722,1727,0.10000000000000009,F2,H10,-0.20206515073961506,1,1721
化學工業,20220722,1727,0.10000000000000009,F2,S7,-0.14694465128412793,1,1721
化學工業,20220722,1727,0.10000000000000009,RAND_SECTOR,H1,0.008018335090122175,1,1722
化學工業,20220722,1727,0.10000000000000009,RAND_SECTOR,H3,0.006433400600986738,1,1722
化學工業,20220722,1727,0.10000000000000009,RAND_SECTOR,H5,0.015943007535799136,1,1722
化學工業,20220722,1727,0.10000000000000009,RAND_SECTOR,H10,0.003263531622715865,1,1722
化學工業,20220722,1727,0.10000000000000009,RAND_SECTOR,S7,0.04605676282937199,1,1722
化學工業,20220812,1732,0.05621805792163537,F1,H1,0.010153926576993655,1,1721
化學工業,20220812,1732,0.05621805792163537,F1,H3,0.010153926576993655,1,1721
化學工業,20220812,1732,0.05621805792163537,F1,H5,0.0071564371806227545,1,1721
化學工業,20220812,1732,0.05621805792163537,F1,H10,0.031136352351589736,1,1721
化學工業,20220812,1732,0.05621805792163537,F1,S7,0.0071564371806227545,1,1721
化學工業,20220812,1732,0.05621805792163537,F3,H1,0.0024766345938527666,10,"1709,1727,1721,1711,4721"
化學工業,20220812,1732,0.05621805792163537,F3,H3,0.0049099186759995585,10,"1709,1727,1721,1711,4721"
化學工業,20220812,1732,0.05621805792163537,F3,H5,0.018786416713952182,10,"1709,1727,1721,1711,4721"
化學工業,20220812,1732,0.05621805792163537,F3,H10,0.024174139884497493,10,"1709,1727,1721,1711,4721"
化學工業,20220812,1732,0.05621805792163537,F3,S7,0.01705087437439151,10,"1709,1727,1721,1711,4721"
化學工業,20220812,1732,0.05621805792163537,F2,H1,-0.012330642409843051,1,6509
化學工業,20220812,1732,0.05621805792163537,F2,H3,-0.01795518317060718,1,6509
化學工業,20220812,1732,0.05621805792163537,F2,H5,-0.01795518317060718,1,6509
化學工業,20220812,1732,0.05621805792163537,F2,H10,-0.020854484551213637,1,6509
化學工業,20220812,1732,0.05621805792163537,F2,S7,-0.05557595673024862,1,6509
化學工業,20220812,1732,0.05621805792163537,RAND_SECTOR,H1,0.010153926576993655,1,1721
化學工業,20220812,1732,0.05621805792163537,RAND_SECTOR,H3,0.010153926576993655,1,1721
化學工業,20220812,1732,0.05621805792163537,RAND_SECTOR,H5,0.0071564371806227545,1,1721
化學工業,20220812,1732,0.05621805792163537,RAND_SECTOR,H10,0.031136352351589736,1,1721
化學工業,20220812,1732,0.05621805792163537,RAND_SECTOR,S7,0.0071564371806227545,1,1721
化學工業,20221111,4770,0.09929078014184389,F1,H1,0.05903255258172835,1,4739
化學工業,20221111,4770,0.09929078014184389,F1,H3,0.06766010901823938,1,4739
化學工業,20221111,4770,0.09929078014184389,F1,H5,0.037463661490451106,1,4739
化學工業,20221111,4770,0.09929078014184389,F1,H10,0.07844455456387833,1,4739
化學工業,20221111,4770,0.09929078014184389,F1,S7,0.07844455456387833,1,4739
化學工業,20221111,4770,0.09929078014184389,F3,H1,0.04748685205639758,2,"4721,4739"
化學工業,20221111,4770,0.09929078014184389,F3,H3,0.046937056793286525,2,"4721,4739"
化學工業,20221111,4770,0.09929078014184389,F3,H5,0.024543472807342592,2,"4721,4739"
化學工業,20221111,4770,0.09929078014184389,F3,H10,0.047465706084739434,2,"4721,4739"
化學工業,20221111,4770,0.09929078014184389,F3,S7,0.047465706084739434,2,"4721,4739"
化學工業,20221111,4770,0.09929078014184389,F2,H1,0.037844288980297014,1,4768
化學工業,20221111,4770,0.09929078014184389,F2,H3,0.004856573193637415,1,4768
化學工業,20221111,4770,0.09929078014184389,F2,H5,-0.00021846000431036128,1,4768
化學工業,20221111,4770,0.09929078014184389,F2,H10,-0.04335624218686551,1,4768
化學工業,20221111,4770,0.09929078014184389,F2,S7,-0.06873140817660384,1,4768
化學工業,20221111,4770,0.09929078014184389,RAND_SECTOR,H1,0.00574484867355185,1,1708
化學工業,20221111,4770,0.09929078014184389,RAND_SECTOR,H3,-0.011224974419927758,1,1708
化學工業,20221111,4770,0.09929078014184389,RAND_SECTOR,H5,-0.024800832894711466,1,1708
化學工業,20221111,4770,0.09929078014184389,RAND_SECTOR,H10,-0.04968990676514817,1,1708
化學工業,20221111,4770,0.09929078014184389,RAND_SECTOR,S7,-0.01348761749905858,1,1708
化學工業,20230303,1708,0.05041031652989436,F2,H1,0.009424103071790091,1,4763
化學工業,20230303,1708,0.05041031652989436,F2,H3,-0.013582714092239101,1,4763
化學工業,20230303,1708,0.05041031652989436,F2,H5,-0.079727313438824,1,4763
化學工業,20230303,1708,0.05041031652989436,F2,H10,-0.11279961311211606,1,4763
化學工業,20230303,1708,0.05041031652989436,F2,S7,-0.11136168703936411,1,4763
化學工業,20230303,1708,0.05041031652989436,RAND_SECTOR,H1,0.055330941829458746,1,1710
化學工業,20230303,1708,0.05041031652989436,RAND_SECTOR,H3,0.05269919384484667,1,1710
化學工業,20230303,1708,0.05041031652989436,RAND_SECTOR,H5,0.00795947810644071,1,1710
化學工業,20230303,1708,0.05041031652989436,RAND_SECTOR,H10,6.423415260448095e-05,1,1710
化學工業,20230303,1708,0.05041031652989436,RAND_SECTOR,S7,0.0632261857832952,1,1710
化學工業,20230417,4755,0.09541984732824438,F1,H1,-0.015502419519263677,1,1711
化學工業,20230417,4755,0.09541984732824438,F1,H3,-0.015502419519263677,1,1711
化學工業,20230417,4755,0.09541984732824438,F1,H5,0.056097404515699,1,1711
化學工業,20230417,4755,0.09541984732824438,F1,H10,0.1353686382686936,1,1711
化學工業,20230417,4755,0.09541984732824438,F1,S7,0.0509831313703446,1,1711
化學工業,20230417,4755,0.09541984732824438,F3,H1,-0.015502419519263677,1,1711
化學工業,20230417,4755,0.09541984732824438,F3,H3,-0.015502419519263677,1,1711
化學工業,20230417,4755,0.09541984732824438,F3,H5,0.056097404515699,1,1711
化學工業,20230417,4755,0.09541984732824438,F3,H10,0.1353686382686936,1,1711
化學工業,20230417,4755,0.09541984732824438,F3,S7,0.0509831313703446,1,1711
化學工業,20230417,4755,0.09541984732824438,F2,H1,-0.022189461178927616,1,1717
化學工業,20230417,4755,0.09541984732824438,F2,H3,-0.04516298338324043,1,1717
化學工業,20230417,4755,0.09541984732824438,F2,H5,-0.06526481531201445,1,1717
化學工業,20230417,4755,0.09541984732824438,F2,H10,-0.06670066044978396,1,1717
化學工業,20230417,4755,0.09541984732824438,F2,S7,-0.08536664724078802,1,1717
化學工業,20230417,4755,0.09541984732824438,RAND_SECTOR,H1,-0.00783100980123197,1,1709
化學工業,20230417,4755,0.09541984732824438,RAND_SECTOR,H3,-0.03249295410827602,1,1709
化學工業,20230417,4755,0.09541984732824438,RAND_SECTOR,H5,0.022522152422822073,1,1709
化學工業,20230417,4755,0.09541984732824438,RAND_SECTOR,H10,0.03200751561783921,1,1709
化學工業,20230417,4755,0.09541984732824438,RAND_SECTOR,S7,-0.040081244664289195,1,1709
化學工業,20230601,1727,0.09911054637865302,F1,H1,-0.022863873289092007,1,1721
化學工業,20230601,1727,0.09911054637865302,F1,H3,-0.025870445986663992,1,1721
化學工業,20230601,1727,0.09911054637865302,F1,H5,-0.01985730059151991,1,1721
化學工業,20230601,1727,0.09911054637865302,F1,H10,-0.04390988217209624,1,1721
化學工業,20230601,1727,0.09911054637865302,F1,S7,-0.06194931835752848,1,1721
化學工業,20230601,1727,0.09911054637865302,F3,H1,-0.014163469003158735,2,"1721,1711"
化學工業,20230601,1727,0.09911054637865302,F3,H3,-0.0014590848479049678,2,"1721,1711"
化學工業,20230601,1727,0.09911054637865302,F3,H5,-0.0008204572343396555,2,"1721,1711"
化學工業,20230601,1727,0.09911054637865302,F3,H10,-0.022196946828223485,2,"1721,1711"
化學工業,20230601,1727,0.09911054637865302,F3,S7,-0.002314997783137762,2,"1721,1711"
化學工業,20230601,1727,0.09911054637865302,F2,H1,-0.10669482377121597,1,4763
化學工業,20230601,1727,0.09911054637865302,F2,H3,-0.01665813604855193,1,4763
化學工業,20230601,1727,0.09911054637865302,F2,H5,-0.0731517440313999,1,4763
化學工業,20230601,1727,0.09911054637865302,F2,H10,-0.03078153804426398,1,4763
化學工業,20230601,1727,0.09911054637865302,F2,S7,-0.10669482377121597,1,4763
化學工業,20230601,1727,0.09911054637865302,RAND_SECTOR,H1,-0.010473270760482878,1,1708
化學工業,20230601,1727,0.09911054637865302,RAND_SECTOR,H3,0.004059164515397784,1,1708
化學工業,20230601,1727,0.09911054637865302,RAND_SECTOR,H5,0.02519725218940616,1,1708
化學工業,20230601,1727,0.09911054637865302,RAND_SECTOR,H10,0.01594933883202776,1,1708
化學工業,20230601,1727,0.09911054637865302,RAND_SECTOR,S7,0.0410508179449125,1,1708
化學工業,20230705,4768,0.06632653061224492,F2,H1,0.0028374739643461933,1,4763
化學工業,20230705,4768,0.06632653061224492,F2,H3,0.025698510604870828,1,4763
化學工業,20230705,4768,0.06632653061224492,F2,H5,0.11257044983886422,1,4763
化學工業,20230705,4768,0.06632653061224492,F2,H10,0.19029797441664797,1,4763
化學工業,20230705,4768,0.06632653061224492,F2,S7,0.3368597459670426,1,4763
化學工業,20230705,4768,0.06632653061224492,RAND_SECTOR,H1,-0.029500847340674485,1,1717
化學工業,20230705,4768,0.06632653061224492,RAND_SECTOR,H3,-0.01866592857095306,1,1717
化學工業,20230705,4768,0.06632653061224492,RAND_SECTOR,H5,-0.029500847340674485,1,1717
化學工業,20230705,4768,0.06632653061224492,RAND_SECTOR,H10,-0.032596538417737686,1,1717
化學工業,20230705,4768,0.06632653061224492,RAND_SECTOR,S7,-0.04962283934158562,1,1717
化學工業,20230914,4739,0.0711562897077509,F2,H1,0.009349405613465311,1,4763
化學工業,20230914,4739,0.0711562897077509,F2,H3,-0.07655267146002098,1,4763
化學工業,20230914,4739,0.0711562897077509,F2,H5,-0.11520860614308981,1,4763
化學工業,20230914,4739,0.0711562897077509,F2,H10,-0.029306529069603515,1,4763
化學工業,20230914,4739,0.0711562897077509,F2,S7,-0.07655267146002098,1,4763
化學工業,20230914,4739,0.0711562897077509,RAND_SECTOR,H1,-0.024733377607003004,1,1717
化學工業,20230914,4739,0.0711562897077509,RAND_SECTOR,H3,-0.02980408794873446,1,1717
化學工業,20230914,4739,0.0711562897077509,RAND_SECTOR,H5,-0.050086929315659945,1,1717
化學工業,20230914,4739,0.0711562897077509,RAND_SECTOR,H10,-0.0348747982904658,1,1717
化學工業,20230914,4739,0.0711562897077509,RAND_SECTOR,S7,-0.0348747982904658,1,1717
化學工業,20231115,4770,0.09954751131221728,F2,H1,-0.00783100980123197,1,4714
化學工業,20231115,4770,0.09954751131221728,F2,H3,0.010274263742541034,1,4714
化學工業,20231115,4770,0.09954751131221728,F2,H5,0.0030321543250320104,1,4714
化學工業,20231115,4770,0.09954751131221728,F2,H10,0.03924270141257846,1,4714
化學工業,20231115,4770,0.09954751131221728,F2,S7,0.006653209033786522,1,4714
化學工業,20231115,4770,0.09954751131221728,RAND_SECTOR,H1,-0.01295849812267269,1,1710
化學工業,20231115,4770,0.09954751131221728,RAND_SECTOR,H3,0.004987711002369721,1,1710
化學工業,20231115,4770,0.09954751131221728,RAND_SECTOR,H5,0.004987711002369721,1,1710
化學工業,20231115,4770,0.09954751131221728,RAND_SECTOR,H10,0.015242687645251163,1,1710
化學工業,20231115,4770,0.09954751131221728,RAND_SECTOR,S7,0.03318889677029335,1,1710
化學工業,20231219,1732,0.09931506849315075,F2,H1,0.012696624478742535,1,4766
化學工業,20231219,1732,0.09931506849315075,F2,H3,-0.00783100980123197,1,4766
化學工業,20231219,1732,0.09931506849315075,F2,H5,-0.04888627836118098,1,4766
化學工業,20231219,1732,0.09931506849315075,F2,H10,-0.04888627836118098,1,4766
化學工業,20231219,1732,0.09931506849315075,F2,S7,-0.0659926402611597,1,4766
化學工業,20231219,1732,0.09931506849315075,RAND_SECTOR,H1,-0.00783100980123197,1,1722
化學工業,20231219,1732,0.09931506849315075,RAND_SECTOR,H3,-0.016663374699143918,1,1722
化學工業,20231219,1732,0.09931506849315075,RAND_SECTOR,H5,-0.018135435515462484,1,1722
化學工業,20231219,1732,0.09931506849315075,RAND_SECTOR,H10,0.0010013550966798679,1,1722
化學工業,20231219,1732,0.09931506849315075,RAND_SECTOR,S7,-0.07554580735188976,1,1722
化學工業,20240205,4714,0.0979020979020977,F2,H1,-0.04343145718745922,1,1732
化學工業,20240205,4714,0.0979020979020977,F2,H3,-0.0341443839562694,1,1732
化學工業,20240205,4714,0.0979020979020977,F2,H5,-0.04343145718745922,1,1732
化學工業,20240205,4714,0.0979020979020977,F2,H10,-0.052718530418648823,1,1732
化學工業,20240205,4714,0.0979020979020977,F2,S7,-0.07748405903515465,1,1732
化學工業,20240205,4714,0.0979020979020977,RAND_SECTOR,H1,0.002576357228825099,1,1721
化學工業,20240205,4714,0.0979020979020977,RAND_SECTOR,H3,0.06848968175251935,1,1721
化學工業,20240205,4714,0.0979020979020977,RAND_SECTOR,H5,0.05461319237911,1,1721
化學工業,20240205,4714,0.0979020979020977,RAND_SECTOR,H10,0.1656251073663848,1,1721
化學工業,20240205,4714,0.0979020979020977,RAND_SECTOR,S7,0.01992196894558651,1,1721
化學工業,20240507,1708,0.05901116427432229,F2,H1,-0.024367159637878166,1,4720
化學工業,20240507,1708,0.05901116427432229,F2,H3,-0.0326352345562011,1,4720
化學工業,20240507,1708,0.05901116427432229,F2,H5,0.019729239926511433,1,4720
化學工業,20240507,1708,0.05901116427432229,F2,H10,0.04728948965425506,1,4720
化學工業,20240507,1708,0.05901116427432229,F2,S7,0.04177743970870629,1,4720
化學工業,20240507,1708,0.05901116427432229,RAND_SECTOR,H1,-0.021381117406374495,1,1722
化學工業,20240507,1708,0.05901116427432229,RAND_SECTOR,H3,-0.024392252429739525,1,1722
化學工業,20240507,1708,0.05901116427432229,RAND_SECTOR,H5,-0.03794236003488205,1,1722
化學工業,20240507,1708,0.05901116427432229,RAND_SECTOR,H10,-0.04095349505824686,1,1722
化學工業,20240507,1708,0.05901116427432229,RAND_SECTOR,S7,-0.02890895496478696,1,1722
化學工業,20241111,1708,0.05249999999999999,F2,H1,-0.027762976122189365,1,1712
化學工業,20241111,1708,0.05249999999999999,F2,H3,-0.03219230197129075,1,1712
化學工業,20241111,1708,0.05249999999999999,F2,H5,-0.033299633433566345,1,1712
化學工業,20241111,1708,0.05249999999999999,F2,H10,-0.006723678338956374,1,1712
化學工業,20241111,1708,0.05249999999999999,F2,S7,0.0010276418969714651,1,1712
化學工業,20241111,1708,0.05249999999999999,RAND_SECTOR,H1,-0.00783100980123197,1,1709
化學工業,20241111,1708,0.05249999999999999,RAND_SECTOR,H3,-0.016850727893947814,1,1709
化學工業,20241111,1708,0.05249999999999999,RAND_SECTOR,H5,-0.00783100980123197,1,1709
化學工業,20241111,1708,0.05249999999999999,RAND_SECTOR,H10,-0.005576080278052897,1,1709
化學工業,20241111,1708,0.05249999999999999,RAND_SECTOR,S7,-0.02361551646348503,1,1709
化學工業,20250109,1732,0.09951060358890707,F2,H1,-0.024473844475533912,1,6509
化學工業,20250109,1732,0.09951060358890707,F2,H3,-0.06288038603161505,1,6509
化學工業,20250109,1732,0.09951060358890707,F2,H5,-0.06416060408348456,1,6509
化學工業,20250109,1732,0.09951060358890707,F2,H10,-0.04111667914983563,1,6509
化學工業,20250109,1732,0.09951060358890707,F2,S7,-0.012951882008709559,1,6509
化學工業,20250109,1732,0.09951060358890707,RAND_SECTOR,H1,-0.004545682019116648,1,1721
化學工業,20250109,1732,0.09951060358890707,RAND_SECTOR,H3,0.00202497354511344,1,1721
化學工業,20250109,1732,0.09951060358890707,RAND_SECTOR,H5,0.015166284673573838,1,1721
化學工業,20250109,1732,0.09951060358890707,RAND_SECTOR,H10,-0.017686993147577268,1,1721
化學工業,20250109,1732,0.09951060358890707,RAND_SECTOR,S7,0.01188095689145885,1,1721
化學工業,20250213,4722,0.056478405315614655,F2,H1,0.011623284124234079,1,1710
化學工業,20250213,4722,0.056478405315614655,F2,H3,-0.04349721533125306,1,1710
化學工業,20250213,4722,0.056478405315614655,F2,H5,-0.04025483301034205,1,1710
化學工業,20250213,4722,0.056478405315614655,F2,H10,0.018108048766056095,1,1710
化學工業,20250213,4722,0.056478405315614655,F2,S7,0.04404710733334416,1,1710
化學工業,20250213,4722,0.056478405315614655,RAND_SECTOR,H1,-0.0302589417648208,1,4763
化學工業,20250213,4722,0.056478405315614655,RAND_SECTOR,H3,-0.022782964443624487,1,4763
化學工業,20250213,4722,0.056478405315614655,RAND_SECTOR,H5,-0.006763013041061083,1,4763
化學工業,20250213,4722,0.056478405315614655,RAND_SECTOR,H10,-0.019578974163111718,1,4763
化學工業,20250213,4722,0.056478405315614655,RAND_SECTOR,S7,0.028480880044578827,1,4763
化學工業,20250502,1722,0.09960937499999978,F1,H1,-0.013389379494222364,1,1709
化學工業,20250502,1722,0.09960937499999978,F1,H3,0.0005065447382535115,1,1709
化學工業,20250502,1722,0.09960937499999978,F1,H5,-0.002272640108241686,1,1709
化學工業,20250502,1722,0.09960937499999978,F1,H10,0.022740023510214646,1,1709
化學工業,20250502,1722,0.09960937499999978,F1,S7,-0.005051824954736994,1,1709
化學工業,20250502,1722,0.09960937499999978,F3,H1,-0.024574701870654993,11,"1709,4720,4707,1721,1711"
化學工業,20250502,1722,0.09960937499999978,F3,H3,-0.010208399499498387,11,"1709,4720,4707,1721,1711"
化學工業,20250502,1722,0.09960937499999978,F3,H5,-0.0003156278186785443,11,"1709,4720,4707,1721,1711"
化學工業,20250502,1722,0.09960937499999978,F3,H10,0.012835124702521078,11,"1709,4720,4707,1721,1711"
化學工業,20250502,1722,0.09960937499999978,F3,S7,-0.025275554844264993,11,"1709,4720,4707,1721,1711"
化學工業,20250502,1722,0.09960937499999978,F2,H1,-0.004824437103659762,1,4714
化學工業,20250502,1722,0.09960937499999978,F2,H3,-0.04390988217209624,1,4714
化學工業,20250502,1722,0.09960937499999978,F2,H5,-0.025870445986664103,1,4714
化學工業,20250502,1722,0.09960937499999978,F2,H10,0.07033988033564076,1,4714
化學工業,20250502,1722,0.09960937499999978,F2,S7,0.010208426384200386,1,4714
化學工業,20250502,1722,0.09960937499999978,RAND_SECTOR,H1,-0.04560898738395058,1,4770
化學工業,20250502,1722,0.09960937499999978,RAND_SECTOR,H3,-0.049585616603183946,1,4770
化學工業,20250502,1722,0.09960937499999978,RAND_SECTOR,H5,-0.049585616603183946,1,4770
化學工業,20250502,1722,0.09960937499999978,RAND_SECTOR,H10,-0.027714155897399673,1,4770
化學工業,20250502,1722,0.09960937499999978,RAND_SECTOR,S7,-0.07344539191858512,1,4770
化學工業,20251114,4763,0.09982174688057044,F2,H1,-0.14325240400663475,1,4764
化學工業,20251114,4763,0.09982174688057044,F2,H3,-0.19576274053526033,1,4764
化學工業,20251114,4763,0.09982174688057044,F2,H5,-0.26070973571540246,1,4764
化學工業,20251114,4763,0.09982174688057044,F2,H10,-0.14739795689047364,1,4764
化學工業,20251114,4763,0.09982174688057044,F2,S7,-0.14325240400663475,1,4764
化學工業,20251114,4763,0.09982174688057044,RAND_SECTOR,H1,-0.0507201592334553,1,4714
化學工業,20251114,4763,0.09982174688057044,RAND_SECTOR,H3,-0.07073509563515978,1,4714
化學工業,20251114,4763,0.09982174688057044,RAND_SECTOR,H5,-0.09932786192330856,1,4714
化學工業,20251114,4763,0.09982174688057044,RAND_SECTOR,H10,-0.06215726574871505,1,4714
化學工業,20251114,4763,0.09982174688057044,RAND_SECTOR,S7,-0.07073509563515978,1,4714
化學工業,20260812,1717,0.09318497913769108,F1,H1,0.004728091340524765,1,1711
化學工業,20260812,1717,0.09318497913769108,F1,H3,-0.0153664704862857,1,1711
化學工業,20260812,1717,0.09318497913769108,F1,H5,-0.02918148174221802,1,1711
化學工業,20260812,1717,0.09318497913769108,F1,H10,0.11524818138798221,1,1711
化學工業,20260812,1717,0.09318497913769108,F1,S7,0.004728091340524765,1,1711
化學工業,20260812,1717,0.09318497913769108,F3,H1,-0.014406273694269695,12,"4720,1727,1721,1711,4739"
化學工業,20260812,1717,0.09318497913769108,F3,H3,-0.01749335103615901,12,"4720,1727,1721,1711,4739"
化學工業,20260812,1717,0.09318497913769108,F3,H5,-0.025435231451303896,12,"4720,1727,1721,1711,4739"
化學工業,20260812,1717,0.09318497913769108,F3,H10,0.016425099350539717,12,"4720,1727,1721,1711,4739"
化學工業,20260812,1717,0.09318497913769108,F3,S7,-0.016423679336553965,12,"4720,1727,1721,1711,4739"
化學工業,20260812,1717,0.09318497913769108,F2,H1,-0.05743945931117034,1,4707
化學工業,20260812,1717,0.09318497913769108,F2,H3,-0.06035760339999008,1,4707
化學工業,20260812,1717,0.09318497913769108,F2,H5,-0.08370275611054956,1,4707
化學工業,20260812,1717,0.09318497913769108,F2,H10,0.03795194062683449,1,4707
化學工業,20260812,1717,0.09318497913769108,F2,S7,-0.08807997224377939,1,4707
化學工業,20260812,1717,0.09318497913769108,RAND_SECTOR,H1,-0.04774585423451572,1,1714
化學工業,20260812,1717,0.09318497913769108,RAND_SECTOR,H3,-0.019235251067884596,1,1714
化學工業,20260812,1717,0.09318497913769108,RAND_SECTOR,H5,-0.02587338667542005,1,1714
化學工業,20260812,1717,0.09318497913769108,RAND_SECTOR,H10,-0.03163744947615699,1,1714
化學工業,20260812,1717,0.09318497913769108,RAND_SECTOR,S7,-0.034519480876525566,1,1714
半導體業,20211008,5285,0.05339805825242716,F1,H1,-0.04004428870378929,1,6271
半導體業,20211008,5285,0.05339805825242716,F1,H3,-0.003535905947557594,1,6271
半導體業,20211008,5285,0.05339805825242716,F1,H5,0.017939613320814063,1,6271
半導體業,20211008,5285,0.05339805825242716,F1,H10,0.09310393076011447,1,6271
半導體業,20211008,5285,0.05339805825242716,F1,S7,0.15753048856522955,1,6271
半導體業,20211008,5285,0.05339805825242716,F3,H1,-0.015231148258327413,46,"3016,3094,3707,3443,8150"
半導體業,20211008,5285,0.05339805825242716,F3,H3,-0.017590450269326263,46,"3016,3094,3707,3443,8150"
半導體業,20211008,5285,0.05339805825242716,F3,H5,-0.0014535205901858113,46,"3016,3094,3707,3443,8150"
半導體業,20211008,5285,0.05339805825242716,F3,H10,0.07845951850279465,46,"3016,3094,3707,3443,8150"
半導體業,20211008,5285,0.05339805825242716,F3,S7,0.09815283987162546,46,"3016,3094,3707,3443,8150"
半導體業,20211008,5285,0.05339805825242716,F2,H1,0.04655096895509514,1,6533
半導體業,20211008,5285,0.05339805825242716,F2,H3,0.15289794963413494,1,6533
半導體業,20211008,5285,0.05339805825242716,F2,H5,0.06588678362401157,1,6533
半導體業,20211008,5285,0.05339805825242716,F2,H10,0.20365446314004032,1,6533
半導體業,20211008,5285,0.05339805825242716,F2,S7,0.24474306931148737,1,6533
半導體業,20211008,5285,0.05339805825242716,RAND_SECTOR,H1,-0.02894098831609926,1,6129
半導體業,20211008,5285,0.05339805825242716,RAND_SECTOR,H3,-0.04829180195472771,1,6129
半導體業,20211008,5285,0.05339805825242716,RAND_SECTOR,H5,0.0027239794562019526,1,6129
半導體業,20211008,5285,0.05339805825242716,RAND_SECTOR,H10,0.04494393648593653,1,6129
半導體業,20211008,5285,0.05339805825242716,RAND_SECTOR,S7,-0.07467927509831207,1,6129
半導體業,20220627,2388,0.09859154929577452,F1,H1,-0.034382010947396346,1,5471
半導體業,20220627,2388,0.09859154929577452,F1,H3,-0.06652269654538445,1,5471
半導體業,20220627,2388,0.09859154929577452,F1,H5,-0.13918859441909692,1,5471
半導體業,20220627,2388,0.09859154929577452,F1,H10,-0.14617569998387703,1,5471
半導體業,20220627,2388,0.09859154929577452,F1,S7,-0.16853443779117316,1,5471
半導體業,20220627,2388,0.09859154929577452,F3,H1,-0.048323350630824456,54,"3016,2340,8150,6533,8086"
半導體業,20220627,2388,0.09859154929577452,F3,H3,-0.08931613960246843,54,"3016,2340,8150,6533,8086"
半導體業,20220627,2388,0.09859154929577452,F3,H5,-0.1338464778006031,54,"3016,2340,8150,6533,8086"
半導體業,20220627,2388,0.09859154929577452,F3,H10,-0.1482150823354915,54,"3016,2340,8150,6533,8086"
半導體業,20220627,2388,0.09859154929577452,F3,S7,-0.10287618797402148,54,"3016,2340,8150,6533,8086"
半導體業,20220627,2388,0.09859154929577452,F2,H1,-0.03638263541846276,1,5468
半導體業,20220627,2388,0.09859154929577452,F2,H3,-0.031029205615232036,1,5468
半導體業,20220627,2388,0.09859154929577452,F2,H5,-0.14702018468523192,1,5468
半導體業,20220627,2388,0.09859154929577452,F2,H10,-0.26479564035630854,1,5468
半導體業,20220627,2388,0.09859154929577452,F2,S7,-0.14702018468523192,1,5468
半導體業,20220627,2388,0.09859154929577452,RAND_SECTOR,H1,-0.06551525341743936,1,5425
半導體業,20220627,2388,0.09859154929577452,RAND_SECTOR,H3,-0.19588164399006824,1,5425
半導體業,20220627,2388,0.09859154929577452,RAND_SECTOR,H5,-0.26394905145719305,1,5425
半導體業,20220627,2388,0.09859154929577452,RAND_SECTOR,H10,-0.18895953475612337,1,5425
半導體業,20220627,2388,0.09859154929577452,RAND_SECTOR,S7,-0.11627738779970198,1,5425
半導體業,20220929,6829,0.08250000000000002,F2,H1,0.010208426384200164,1,3529
半導體業,20220929,6829,0.08250000000000002,F2,H3,0.1500140568212993,1,3529
半導體業,20220929,6829,0.08250000000000002,F2,H5,0.16805349300673145,1,3529
半導體業,20220929,6829,0.08250000000000002,F2,H10,-0.07998875454296062,1,3529
半導體業,20220929,6829,0.08250000000000002,F2,S7,-0.07096903645024444,1,3529
半導體業,20220929,6829,0.08250000000000002,RAND_SECTOR,H1,0.0211676663214877,1,2441
半導體業,20220929,6829,0.08250000000000002,RAND_SECTOR,H3,0.06673701451433312,1,2441
半導體業,20220929,6829,0.08250000000000002,RAND_SECTOR,H5,0.04188100640914483,1,2441
半導體業,20220929,6829,0.08250000000000002,RAND_SECTOR,H10,-0.05236469098969454,1,2441
半導體業,20220929,6829,0.08250000000000002,RAND_SECTOR,S7,-0.059614360020374346,1,2441
半導體業,20250417,6415,0.09940119760479038,F1,H1,-0.0128167836213261,1,6182
半導體業,20250417,6415,0.09940119760479038,F1,H3,-0.00783100980123197,1,6182
半導體業,20250417,6415,0.09940119760479038,F1,H5,-0.0128167836213261,1,6182
半導體業,20250417,6415,0.09940119760479038,F1,H10,0.01709785929923946,1,6182
半導體業,20250417,6415,0.09940119760479038,F1,S7,0.1118275618810316,1,6182
半導體業,20250417,6415,0.09940119760479038,F3,H1,-0.010224642188758456,69,"3016,2340,3707,3443,8150"
半導體業,20250417,6415,0.09940119760479038,F3,H3,-0.015544605435436138,69,"3016,2340,3707,3443,8150"
半導體業,20250417,6415,0.09940119760479038,F3,H5,0.016272713917588128,69,"3016,2340,3707,3443,8150"
半導體業,20250417,6415,0.09940119760479038,F3,H10,0.04969148071356422,69,"3016,2340,3707,3443,8150"
半導體業,20250417,6415,0.09940119760479038,F3,S7,0.06754479732085217,69,"3016,2340,3707,3443,8150"
半導體業,20250417,6415,0.09940119760479038,F2,H1,-0.02328535544295729,1,5269
半導體業,20250417,6415,0.09940119760479038,F2,H3,-0.029467093699647506,1,5269
半導體業,20250417,6415,0.09940119760479038,F2,H5,0.0508955036373242,1,5269
半導體業,20250417,6415,0.09940119760479038,F2,H10,0.10653114794753549,1,5269
半導體業,20250417,6415,0.09940119760479038,F2,S7,-0.029467093699647506,1,5269
半導體業,20250417,6415,0.09940119760479038,RAND_SECTOR,H1,-0.00783100980123197,1,6829
半導體業,20250417,6415,0.09940119760479038,RAND_SECTOR,H3,-0.03561174152679747,1,6829
半導體業,20250417,6415,0.09940119760479038,RAND_SECTOR,H5,-0.023705713644412207,1,6829
半導體業,20250417,6415,0.09940119760479038,RAND_SECTOR,H10,0.12710397286580033,1,6829
半導體業,20250417,6415,0.09940119760479038,RAND_SECTOR,S7,0.16282205651295611,1,6829
塑膠工業,20211112,1312,0.07454545454545447,F1,H1,-0.03625992069517958,1,1304
塑膠工業,20211112,1312,0.07454545454545447,F1,H3,-0.05473871277624531,1,1304
塑膠工業,20211112,1312,0.07454545454545447,F1,H5,-0.061845940499732244,1,1304
塑膠工業,20211112,1312,0.07454545454545447,F1,H10,-0.07037461376791632,1,1304
塑膠工業,20211112,1312,0.07454545454545447,F1,S7,-0.07179605931261379,1,1304
塑膠工業,20211112,1312,0.07454545454545447,F3,H1,-0.02050499429017176,8,"1303,1301,1310,1314,1326"
塑膠工業,20211112,1312,0.07454545454545447,F3,H3,-0.029053080204971826,8,"1303,1301,1310,1314,1326"
塑膠工業,20211112,1312,0.07454545454545447,F3,H5,-0.032627338925876465,8,"1303,1301,1310,1314,1326"
塑膠工業,20211112,1312,0.07454545454545447,F3,H10,-0.04891026234373691,8,"1303,1301,1310,1314,1326"
塑膠工業,20211112,1312,0.07454545454545447,F3,S7,-0.05042739393222337,8,"1303,1301,1310,1314,1326"
塑膠工業,20211112,1312,0.07454545454545447,F2,H1,-0.01244574929052833,1,1301
塑膠工業,20211112,1312,0.07454545454545447,F2,H3,-0.026289967758418298,1,1301
塑膠工業,20211112,1312,0.07454545454545447,F2,H5,-0.0539784046941979,1,1301
塑膠工業,20211112,1312,0.07454545454545447,F2,H10,-0.05859314418349437,1,1301
塑膠工業,20211112,1312,0.07454545454545447,F2,S7,-0.040134186226308155,1,1301
塑膠工業,20211112,1312,0.07454545454545447,RAND_SECTOR,H1,-0.011284034129069864,1,1303
塑膠工業,20211112,1312,0.07454545454545447,RAND_SECTOR,H3,-0.019341090894025026,1,1303
塑膠工業,20211112,1312,0.07454545454545447,RAND_SECTOR,H5,-0.018190082784745987,1,1303
塑膠工業,20211112,1312,0.07454545454545447,RAND_SECTOR,H10,-0.04466326929816988,1,1303
塑膠工業,20211112,1312,0.07454545454545447,RAND_SECTOR,S7,-0.027398147658980188,1,1303
塑膠工業,20220107,1325,0.0997920997920998,F2,H1,-0.004287549121950618,1,4303
塑膠工業,20220107,1325,0.0997920997920998,F2,H3,-0.029091773876919857,1,4303
塑膠工業,20220107,1325,0.0997920997920998,F2,H5,-0.07515676270757687,1,4303
塑膠工業,20220107,1325,0.0997920997920998,F2,H10,-0.1141348301796713,1,4303
塑膠工業,20220107,1325,0.0997920997920998,F2,S7,-0.07515676270757687,1,4303
塑膠工業,20220107,1325,0.0997920997920998,RAND_SECTOR,H1,-0.017911101138520014,1,1309
塑膠工業,20220107,1325,0.0997920997920998,RAND_SECTOR,H3,-0.020791127234887852,1,1309
塑膠工業,20220107,1325,0.0997920997920998,RAND_SECTOR,H5,-0.02943120552399181,1,1309
塑膠工業,20220107,1325,0.0997920997920998,RAND_SECTOR,H10,-0.04671136210219973,1,1309
塑膠工業,20220107,1325,0.0997920997920998,RAND_SECTOR,S7,-0.026551179427623972,1,1309
塑膠工業,20220303,1308,0.050913838120104415,F1,H1,-0.030234825708945978,1,1304
塑膠工業,20220303,1308,0.050913838120104415,F1,H3,-0.09744627343208845,1,1304
塑膠工業,20220303,1308,0.050913838120104415,F1,H5,-0.07504245752437433,1,1304
塑膠工業,20220303,1308,0.050913838120104415,F1,H10,-0.07184191239470095,1,1304
塑膠工業,20220303,1308,0.050913838120104415,F1,S7,-0.09744627343208845,1,1304
塑膠工業,20220303,1308,0.050913838120104415,F3,H1,-0.0214816412531445,8,"1303,1310,1314,1313,1305"
塑膠工業,20220303,1308,0.050913838120104415,F3,H3,-0.07031889391260399,8,"1303,1310,1314,1313,1305"
塑膠工業,20220303,1308,0.050913838120104415,F3,H5,-0.06176548299305136,8,"1303,1310,1314,1313,1305"
塑膠工業,20220303,1308,0.050913838120104415,F3,H10,-0.053783453219617916,8,"1303,1310,1314,1313,1305"
塑膠工業,20220303,1308,0.050913838120104415,F3,S7,-0.06277033930496749,8,"1303,1310,1314,1313,1305"
塑膠工業,20220303,1308,0.050913838120104415,F2,H1,-0.03246417093720144,1,1305
塑膠工業,20220303,1308,0.050913838120104415,F2,H3,-0.07078242159315384,1,1305
塑膠工業,20220303,1308,0.050913838120104415,F2,H5,-0.05846584102516916,1,1305
塑膠工業,20220303,1308,0.050913838120104415,F2,H10,-0.04341224255318776,1,1305
塑膠工業,20220303,1308,0.050913838120104415,F2,S7,-0.07078242159315384,1,1305
塑膠工業,20220303,1308,0.050913838120104415,RAND_SECTOR,H1,-0.026524048747005757,1,1309
塑膠工業,20220303,1308,0.050913838120104415,RAND_SECTOR,H3,-0.08260316558432768,1,1309
塑膠工業,20220303,1308,0.050913838120104415,RAND_SECTOR,H5,-0.06103427449304999,1,1309
塑膠工業,20220303,1308,0.050913838120104415,RAND_SECTOR,H10,-0.0351516051835169,1,1309
塑膠工業,20220303,1308,0.050913838120104415,RAND_SECTOR,S7,-0.08260316558432768,1,1309
塑膠工業,20220328,1325,0.09926470588235303,F2,H1,-0.011000878779502732,1,4306
塑膠工業,20220328,1325,0.09926470588235303,F2,H3,-0.01734061673604459,1,4306
塑膠工業,20220328,1325,0.09926470588235303,F2,H5,-0.001491271844690223,1,4306
塑膠工業,20220328,1325,0.09926470588235303,F2,H10,-0.00783100980123197,1,4306
塑膠工業,20220328,1325,0.09926470588235303,F2,S7,-0.03002009264912775,1,4306
塑膠工業,20220328,1325,0.09926470588235303,RAND_SECTOR,H1,-0.006575099687056274,1,1326
塑膠工業,20220328,1325,0.09926470588235303,RAND_SECTOR,H3,-0.01034283002958325,1,1326
塑膠工業,20220328,1325,0.09926470588235303,RAND_SECTOR,H5,-0.00783100980123197,1,1326
塑膠工業,20220328,1325,0.09926470588235303,RAND_SECTOR,H10,-0.002807369344529298,1,1326
塑膠工業,20220328,1325,0.09926470588235303,RAND_SECTOR,S7,-0.00783100980123197,1,1326
塑膠工業,20220513,4303,0.05633802816901423,F2,H1,0.0012993796791247458,1,1313
塑膠工業,20220513,4303,0.05633802816901423,F2,H3,-0.0017440834809940853,1,1313
塑膠工業,20220513,4303,0.05633802816901423,F2,H5,0.04086440076067088,1,1313
塑膠工業,20220513,4303,0.05633802816901423,F2,H10,0.03782093760055183,1,1313
塑膠工業,20220513,4303,0.05633802816901423,F2,S7,0.013473232319600292,1,1313
塑膠工業,20220513,4303,0.05633802816901423,RAND_SECTOR,H1,-0.012624096710404875,1,1301
塑膠工業,20220513,4303,0.05633802816901423,RAND_SECTOR,H3,-0.012624096710404875,1,1301
塑膠工業,20220513,4303,0.05633802816901423,RAND_SECTOR,H5,0.006548250926286414,1,1301
塑膠工業,20220513,4303,0.05633802816901423,RAND_SECTOR,H10,0.025720598562977592,1,1301
塑膠工業,20220513,4303,0.05633802816901423,RAND_SECTOR,S7,0.016134424744632225,1,1301
塑膠工業,20220824,1314,0.0990099009900991,F1,H1,-0.00783100980123197,1,1310
塑膠工業,20220824,1314,0.0990099009900991,F1,H3,-0.03799831017889721,1,1310
塑膠工業,20220824,1314,0.0990099009900991,F1,H5,-0.02459062112215704,1,1310
塑膠工業,20220824,1314,0.0990099009900991,F1,H10,-0.04470215470726724,1,1310
塑膠工業,20220824,1314,0.0990099009900991,F1,S7,-0.061812141177758906,1,1310
塑膠工業,20220824,1314,0.0990099009900991,F3,H1,-0.005815673914725661,5,"1310,1313,1305,1304,4303"
塑膠工業,20220824,1314,0.0990099009900991,F3,H3,-0.034050396012806815,5,"1310,1313,1305,1304,4303"
塑膠工業,20220824,1314,0.0990099009900991,F3,H5,-0.026779232940675347,5,"1310,1313,1305,1304,4303"
塑膠工業,20220824,1314,0.0990099009900991,F3,H10,-0.07211748879607886,5,"1310,1313,1305,1304,4303"
塑膠工業,20220824,1314,0.0990099009900991,F3,S7,-0.07655379138485255,5,"1310,1313,1305,1304,4303"
塑膠工業,20220824,1314,0.0990099009900991,F2,H1,-0.011880679148982165,1,1305
塑膠工業,20220824,1314,0.0990099009900991,F2,H3,-0.0483277032787327,1,1305
塑膠工業,20220824,1314,0.0990099009900991,F2,H5,-0.04427803393098262,1,1305
塑膠工業,20220824,1314,0.0990099009900991,F2,H10,-0.0969237354517335,1,1305
塑膠工業,20220824,1314,0.0990099009900991,F2,S7,-0.0969237354517335,1,1305
塑膠工業,20220824,1314,0.0990099009900991,RAND_SECTOR,H1,-0.00783100980123197,1,4306
塑膠工業,20220824,1314,0.0990099009900991,RAND_SECTOR,H3,-0.021756188611039118,1,4306
塑膠工業,20220824,1314,0.0990099009900991,RAND_SECTOR,H5,-0.018274893908587386,1,4306
塑膠工業,20220824,1314,0.0990099009900991,RAND_SECTOR,H10,-0.02523748331349107,1,4306
塑膠工業,20220824,1314,0.0990099009900991,RAND_SECTOR,S7,0.009575463711027243,1,4306
塑膠工業,20221114,1313,0.06048387096774199,F1,H1,-0.012533232503595837,1,1304
塑膠工業,20221114,1313,0.06048387096774199,F1,H3,-0.028991011961869262,1,1304
塑膠工業,20221114,1313,0.06048387096774199,F1,H5,-0.024288789259505394,1,1304
塑膠工業,20221114,1313,0.06048387096774199,F1,H10,-0.02193767790832346,1,1304
塑膠工業,20221114,1313,0.06048387096774199,F1,S7,-0.012533232503595837,1,1304
塑膠工業,20221114,1313,0.06048387096774199,F3,H1,-0.005210573255206241,4,"1312,1304,1308,4306"
塑膠工業,20221114,1313,0.06048387096774199,F3,H3,-0.012629296459126138,4,"1312,1304,1308,4306"
塑膠工業,20221114,1313,0.06048387096774199,F3,H5,-0.011210886197428882,4,"1312,1304,1308,4306"
塑膠工業,20221114,1313,0.06048387096774199,F3,H10,0.012518756699097855,4,"1312,1304,1308,4306"
塑膠工業,20221114,1313,0.06048387096774199,F3,S7,0.021585563594215706,4,"1312,1304,1308,4306"
塑膠工業,20221114,1313,0.06048387096774199,F2,H1,-0.010210311936001193,1,1305
塑膠工業,20221114,1313,0.06048387096774199,F2,H3,-0.010210311936001193,1,1305
塑膠工業,20221114,1313,0.06048387096774199,F2,H5,-0.026865426879385867,1,1305
塑膠工業,20221114,1313,0.06048387096774199,F2,H10,0.023099917950768045,1,1305
塑膠工業,20221114,1313,0.06048387096774199,F2,S7,0.22296129727138325,1,1305
塑膠工業,20221114,1313,0.06048387096774199,RAND_SECTOR,H1,0.0002683288942681994,1,1326
塑膠工業,20221114,1313,0.06048387096774199,RAND_SECTOR,H3,-0.024029687192232307,1,1326
塑膠工業,20221114,1313,0.06048387096774199,RAND_SECTOR,H5,-0.017280238279315463,1,1326
塑膠工業,20221114,1313,0.06048387096774199,RAND_SECTOR,H10,-0.001081560888315014,1,1326
塑膠工業,20221114,1313,0.06048387096774199,RAND_SECTOR,S7,-0.04157825436581575,1,1326
塑膠工業,20221130,1309,0.09876543209876543,F1,H1,-0.014460201272493145,1,1305
塑膠工業,20221130,1309,0.09876543209876543,F1,H3,-0.012250470782072642,1,1305
塑膠工業,20221130,1309,0.09876543209876543,F1,H5,-0.04318669764795868,1,1305
塑膠工業,20221130,1309,0.09876543209876543,F1,H10,0.12254308913357259,1,1305
塑膠工業,20221130,1309,0.09876543209876543,F1,S7,0.17999608188450367,1,1305
塑膠工業,20221130,1309,0.09876543209876543,F3,H1,-0.020136456904472633,4,"1314,1326,1313,1305"
塑膠工業,20221130,1309,0.09876543209876543,F3,H3,-0.02131572269850243,4,"1314,1326,1313,1305"
塑膠工業,20221130,1309,0.09876543209876543,F3,H5,-0.049900177077026625,4,"1314,1326,1313,1305"
塑膠工業,20221130,1309,0.09876543209876543,F3,H10,-0.005654447326009171,4,"1314,1326,1313,1305"
塑膠工業,20221130,1309,0.09876543209876543,F3,S7,-0.001909110523579144,4,"1314,1326,1313,1305"
塑膠工業,20221130,1309,0.09876543209876543,F2,H1,-0.038468057004519496,1,1312
塑膠工業,20221130,1309,0.09876543209876543,F2,H3,-0.04789484075937689,1,1312
塑膠工業,20221130,1309,0.09876543209876543,F2,H5,-0.11388232704338053,1,1312
塑膠工業,20221130,1309,0.09876543209876543,F2,H10,-0.11388232704338053,1,1312
塑膠工業,20221130,1309,0.09876543209876543,F2,S7,-0.09738545547237987,1,1312
塑膠工業,20221130,1309,0.09876543209876543,RAND_SECTOR,H1,-0.017654465149734677,1,1301
塑膠工業,20221130,1309,0.09876543209876543,RAND_SECTOR,H3,-0.030752405614404843,1,1301
塑膠工業,20221130,1309,0.09876543209876543,RAND_SECTOR,H5,-0.04385034607907512,1,1301
塑膠工業,20221130,1309,0.09876543209876543,RAND_SECTOR,H10,-0.04494184111779742,1,1301
塑膠工業,20221130,1309,0.09876543209876543,RAND_SECTOR,S7,-0.060222771659912744,1,1301
塑膠工業,20230317,1304,0.05622489959839361,F1,H1,0.004143443528753288,1,1308
塑膠工業,20230317,1304,0.05622489959839361,F1,H3,-0.004409737421236071,1,1308
塑膠工業,20230317,1304,0.05622489959839361,F1,H5,-0.019805463131217227,1,1308
塑膠工業,20230317,1304,0.05622489959839361,F1,H10,-0.00269910123123851,1,1308
塑膠工業,20230317,1304,0.05622489959839361,F1,S7,-0.03177991646120215,1,1308
塑膠工業,20230317,1304,0.05622489959839361,F3,H1,-0.000705077525863046,4,"1301,1313,1309,1308"
塑膠工業,20230317,1304,0.05622489959839361,F3,H3,-0.010127653184167418,4,"1301,1313,1309,1308"
塑膠工業,20230317,1304,0.05622489959839361,F3,H5,-0.012640797311137542,4,"1301,1313,1309,1308"
塑膠工業,20230317,1304,0.05622489959839361,F3,H10,-0.0026305059645266027,4,"1301,1313,1309,1308"
塑膠工業,20230317,1304,0.05622489959839361,F3,S7,-0.010370604364778213,4,"1301,1313,1309,1308"
塑膠工業,20230317,1304,0.05622489959839361,F2,H1,0.0032340718738472773,1,1305
塑膠工業,20230317,1304,0.05622489959839361,F2,H3,-0.03549371398893009,1,1305
塑膠工業,20230317,1304,0.05622489959839361,F2,H5,-0.03364953370974999,1,1305
塑膠工業,20230317,1304,0.05622489959839361,F2,H10,-0.03549371398893009,1,1305
塑膠工業,20230317,1304,0.05622489959839361,F2,S7,-0.03549371398893009,1,1305
塑膠工業,20230317,1304,0.05622489959839361,RAND_SECTOR,H1,0.015350508661356121,1,1309
塑膠工業,20230317,1304,0.05622489959839361,RAND_SECTOR,H3,-0.012467313493749521,1,1309
塑膠工業,20230317,1304,0.05622489959839361,RAND_SECTOR,H5,-0.021739920878784624,1,1309
塑膠工業,20230317,1304,0.05622489959839361,RAND_SECTOR,H10,-0.0008765542624552536,1,1309
塑膠工業,20230317,1304,0.05622489959839361,RAND_SECTOR,S7,-0.03101252826381995,1,1309
塑膠工業,20230424,1310,0.10000000000000009,F2,H1,-0.03394072006962057,1,1313
塑膠工業,20230424,1310,0.10000000000000009,F2,H3,-0.011094723584780364,1,1313
塑膠工業,20230424,1310,0.10000000000000009,F2,H5,-0.043731861420266305,1,1313
塑膠工業,20230424,1310,0.10000000000000009,F2,H10,-0.06331414412155767,1,1313
塑膠工業,20230424,1310,0.10000000000000009,F2,S7,-0.07963271303930064,1,1313
塑膠工業,20230424,1310,0.10000000000000009,RAND_SECTOR,H1,-0.03168122591177924,1,1312
塑膠工業,20230424,1310,0.10000000000000009,RAND_SECTOR,H3,-0.02452616107861516,1,1312
塑膠工業,20230424,1310,0.10000000000000009,RAND_SECTOR,H5,-0.043606333967052935,1,1312
塑膠工業,20230424,1310,0.10000000000000009,RAND_SECTOR,H10,-0.0746116149107644,1,1312
塑膠工業,20230424,1310,0.10000000000000009,RAND_SECTOR,S7,-0.07938165813287379,1,1312
塑膠工業,20230609,1307,0.05112474437627812,F2,H1,-0.022694964710576637,1,1340
塑膠工業,20230609,1307,0.05112474437627812,F2,H3,-0.022694964710576637,1,1340
塑膠工業,20230609,1307,0.05112474437627812,F2,H5,-0.00783100980123197,1,1340
塑膠工業,20230609,1307,0.05112474437627812,F2,H10,0.014464922562785532,1,1340
塑膠工業,20230609,1307,0.05112474437627812,F2,S7,-0.00783100980123197,1,1340
塑膠工業,20230609,1307,0.05112474437627812,RAND_SECTOR,H1,-0.012798063569436136,1,1303
塑膠工業,20230609,1307,0.05112474437627812,RAND_SECTOR,H3,-0.015281590453538163,1,1303
塑膠工業,20230609,1307,0.05112474437627812,RAND_SECTOR,H5,-0.014039827011486983,1,1303
塑膠工業,20230609,1307,0.05112474437627812,RAND_SECTOR,H10,-0.046325676504813784,1,1303
塑膠工業,20230609,1307,0.05112474437627812,RAND_SECTOR,S7,-0.0627743706352929,1,1303
塑膠工業,20230717,1313,0.05154639175257736,F1,H1,-0.00783100980123197,1,1309
塑膠工業,20230717,1313,0.05154639175257736,F1,H3,0.015006639589532522,1,1309
塑膠工業,20230717,1313,0.05154639175257736,F1,H5,0.004856573193637415,1,1309
塑膠工業,20230717,1313,0.05154639175257736,F1,H10,0.0465773006520902,1,1309
塑膠工業,20230717,1313,0.05154639175257736,F1,S7,-0.07838715315711464,1,1309
塑膠工業,20230717,1313,0.05154639175257736,F3,H1,-0.00783100980123197,1,1309
塑膠工業,20230717,1313,0.05154639175257736,F3,H3,0.015006639589532522,1,1309
塑膠工業,20230717,1313,0.05154639175257736,F3,H5,0.004856573193637415,1,1309
塑膠工業,20230717,1313,0.05154639175257736,F3,H10,0.0465773006520902,1,1309
塑膠工業,20230717,1313,0.05154639175257736,F3,S7,-0.07838715315711464,1,1309
塑膠工業,20230717,1313,0.05154639175257736,F2,H1,-0.020390110942988482,1,1310
塑膠工業,20230717,1313,0.05154639175257736,F2,H3,-0.004691234515792675,1,1310
塑膠工業,20230717,1313,0.05154639175257736,F2,H5,-0.03608898737018429,1,1310
塑膠工業,20230717,1313,0.05154639175257736,F2,H10,0.036125844194915935,1,1310
塑膠工業,20230717,1313,0.05154639175257736,F2,S7,-0.04864808851194069,1,1310
塑膠工業,20230717,1313,0.05154639175257736,RAND_SECTOR,H1,0.012012370002743467,1,1305
塑膠工業,20230717,1313,0.05154639175257736,RAND_SECTOR,H3,0.007602730046304407,1,1305
塑膠工業,20230717,1313,0.05154639175257736,RAND_SECTOR,H5,-0.023264749648768457,1,1305
塑膠工業,20230717,1313,0.05154639175257736,RAND_SECTOR,H10,0.07277801218150759,1,1305
塑膠工業,20230717,1313,0.05154639175257736,RAND_SECTOR,S7,0.10406737087013518,1,1305
塑膠工業,20230901,9950,0.08288770053475947,F2,H1,-0.002084857348343294,1,1307
塑膠工業,20230901,9950,0.08288770053475947,F2,H3,0.003661295104545381,1,1307
塑膠工業,20230901,9950,0.08288770053475947,F2,H5,0.045799746425728705,1,1307
塑膠工業,20230901,9950,0.08288770053475947,F2,H10,0.04196897812380285,1,1307
塑膠工業,20230901,9950,0.08288770053475947,F2,S7,0.02664590491609986,1,1307
塑膠工業,20230901,9950,0.08288770053475947,RAND_SECTOR,H1,0.006759710642867622,1,1312
塑膠工業,20230901,9950,0.08288770053475947,RAND_SECTOR,H3,-0.016585442067691636,1,1312
塑膠工業,20230901,9950,0.08288770053475947,RAND_SECTOR,H5,0.009677854731687585,1,1312
塑膠工業,20230901,9950,0.08288770053475947,RAND_SECTOR,H10,0.006759710642867622,1,1312
塑膠工業,20230901,9950,0.08288770053475947,RAND_SECTOR,S7,-0.025339874334151413,1,1312
塑膠工業,20231116,9950,0.0992366412213741,F2,H1,-0.026204509619727645,1,1324
塑膠工業,20231116,9950,0.0992366412213741,F2,H3,-0.041953223749866764,1,1324
塑膠工業,20231116,9950,0.0992366412213741,F2,H5,-0.04720279512657988,1,1324
塑膠工業,20231116,9950,0.0992366412213741,F2,H10,-0.023579723931370977,1,1324
塑膠工業,20231116,9950,0.0992366412213741,F2,S7,-0.039328438061509985,1,1324
塑膠工業,20231116,9950,0.0992366412213741,RAND_SECTOR,H1,-0.012182628179296717,1,1303
塑膠工業,20231116,9950,0.0992366412213741,RAND_SECTOR,H3,0.002322766414252442,1,1303
塑膠工業,20231116,9950,0.0992366412213741,RAND_SECTOR,H5,-0.000578312504457279,1,1303
塑膠工業,20231116,9950,0.0992366412213741,RAND_SECTOR,H10,-0.012182628179296717,1,1303
塑膠工業,20231116,9950,0.0992366412213741,RAND_SECTOR,S7,-0.010732088719941912,1,1303
塑膠工業,20240129,1309,0.052959501557632294,F1,H1,-0.02899728159213877,1,1304
塑膠工業,20240129,1309,0.052959501557632294,F1,H3,-0.021059929670548816,1,1304
塑膠工業,20240129,1309,0.052959501557632294,F1,H5,-0.04751776940918262,1,1304
塑膠工業,20240129,1309,0.052959501557632294,F1,H10,-0.00783100980123197,1,1304
塑膠工業,20240129,1309,0.052959501557632294,F1,S7,-0.07397560914781642,1,1304
塑膠工業,20240129,1309,0.052959501557632294,F3,H1,-0.025574008177774887,6,"1301,1310,1305,1312,1304"
塑膠工業,20240129,1309,0.052959501557632294,F3,H3,-0.016130387849400536,6,"1301,1310,1305,1312,1304"
塑膠工業,20240129,1309,0.052959501557632294,F3,H5,-0.036921642633252906,6,"1301,1310,1305,1312,1304"
塑膠工業,20240129,1309,0.052959501557632294,F3,H10,-0.014304078765552841,6,"1301,1310,1305,1312,1304"
塑膠工業,20240129,1309,0.052959501557632294,F3,S7,-0.07157585505119307,6,"1301,1310,1305,1312,1304"
塑膠工業,20240129,1309,0.052959501557632294,F2,H1,-0.01768699314757738,1,1313
塑膠工業,20240129,1309,0.052959501557632294,F2,H3,-0.004545682019116648,1,1313
塑膠工業,20240129,1309,0.052959501557632294,F2,H5,-0.024257648711807578,1,1313
塑膠工業,20240129,1309,0.052959501557632294,F2,H10,0.008595629109343639,1,1313
塑膠工業,20240129,1309,0.052959501557632294,F2,S7,-0.07682289322564961,1,1313
塑膠工業,20240129,1309,0.052959501557632294,RAND_SECTOR,H1,-0.02899728159213877,1,1304
塑膠工業,20240129,1309,0.052959501557632294,RAND_SECTOR,H3,-0.021059929670548816,1,1304
塑膠工業,20240129,1309,0.052959501557632294,RAND_SECTOR,H5,-0.04751776940918262,1,1304
塑膠工業,20240129,1309,0.052959501557632294,RAND_SECTOR,H10,-0.00783100980123197,1,1304
塑膠工業,20240129,1309,0.052959501557632294,RAND_SECTOR,S7,-0.07397560914781642,1,1304
塑膠工業,20240408,4306,0.06382978723404253,F2,H1,-0.010749153890051821,1,9950
塑膠工業,20240408,4306,0.06382978723404253,F2,H3,-0.039930594778250894,1,9950
塑膠工業,20240408,4306,0.06382978723404253,F2,H5,-0.06619389157763,1,9950
塑膠工業,20240408,4306,0.06382978723404253,F2,H10,-0.11580234108756848,1,9950
塑膠工業,20240408,4306,0.06382978723404253,F2,S7,-0.10121162064346889,1,9950
塑膠工業,20240408,4306,0.06382978723404253,RAND_SECTOR,H1,0.004889105457726695,1,1308
塑膠工業,20240408,4306,0.06382978723404253,RAND_SECTOR,H3,-0.0001989406458569043,1,1308
塑膠工業,20240408,4306,0.06382978723404253,RAND_SECTOR,H5,-0.0027429636976484817,1,1308
塑膠工業,20240408,4306,0.06382978723404253,RAND_SECTOR,H10,-0.030727217267357276,1,1308
塑膠工業,20240408,4306,0.06382978723404253,RAND_SECTOR,S7,-0.04853537862989943,1,1308
塑膠工業,20240429,1314,0.09756097560975618,F1,H1,-0.029557338053759707,1,1312
塑膠工業,20240429,1314,0.09756097560975618,F1,H3,-0.02231522863625035,1,1312
塑膠工業,20240429,1314,0.09756097560975618,F1,H5,-0.03679944747126884,1,1312
塑膠工業,20240429,1314,0.09756097560975618,F1,H10,0.03924270141257846,1,1312
塑膠工業,20240429,1314,0.09756097560975618,F1,S7,0.06821113908261522,1,1312
塑膠工業,20240429,1314,0.09756097560975618,F3,H1,-0.02148095144139974,10,"1303,1301,1310,1326,1313"
塑膠工業,20240429,1314,0.09756097560975618,F3,H3,-0.017246782330193187,10,"1303,1301,1310,1326,1313"
塑膠工業,20240429,1314,0.09756097560975618,F3,H5,-0.0299867108615835,10,"1303,1301,1310,1326,1313"
塑膠工業,20240429,1314,0.09756097560975618,F3,H10,-0.011016322398313317,10,"1303,1301,1310,1326,1313"
塑膠工業,20240429,1314,0.09756097560975618,F3,S7,-0.016278147164076863,10,"1303,1301,1310,1326,1313"
塑膠工業,20240429,1314,0.09756097560975618,F2,H1,0.09660783127232242,1,4303
塑膠工業,20240429,1314,0.09756097560975618,F2,H3,0.3054855134194314,1,4303
塑膠工業,20240429,1314,0.09756097560975618,F2,H5,0.03133355560135098,1,4303
塑膠工業,20240429,1314,0.09756097560975618,F2,H10,-0.08616014060639787,1,4303
塑膠工業,20240429,1314,0.09756097560975618,F2,S7,-0.10014748539303464,1,4303
塑膠工業,20240429,1314,0.09756097560975618,RAND_SECTOR,H1,-0.0029192821269806712,1,1307
塑膠工業,20240429,1314,0.09756097560975618,RAND_SECTOR,H3,0.015090386011940904,1,1307
塑膠工業,20240429,1314,0.09756097560975618,RAND_SECTOR,H5,0.0249138413604435,1,1307
塑膠工業,20240429,1314,0.09756097560975618,RAND_SECTOR,H10,0.10350148414846494,1,1307
塑膠工業,20240429,1314,0.09756097560975618,RAND_SECTOR,S7,0.047835237173616374,1,1307
塑膠工業,20240607,4306,0.05316455696202538,F1,H1,-0.017558156763964883,1,1314
塑膠工業,20240607,4306,0.05316455696202538,F1,H3,-0.017558156763964883,1,1314
塑膠工業,20240607,4306,0.05316455696202538,F1,H5,-0.00783100980123197,1,1314
塑膠工業,20240607,4306,0.05316455696202538,F1,H10,0.02621400456833367,1,1314
塑膠工業,20240607,4306,0.05316455696202538,F1,S7,0.0748497393819989,1,1314
塑膠工業,20240607,4306,0.05316455696202538,F3,H1,-0.017558156763964883,1,1314
塑膠工業,20240607,4306,0.05316455696202538,F3,H3,-0.017558156763964883,1,1314
塑膠工業,20240607,4306,0.05316455696202538,F3,H5,-0.00783100980123197,1,1314
塑膠工業,20240607,4306,0.05316455696202538,F3,H10,0.02621400456833367,1,1314
塑膠工業,20240607,4306,0.05316455696202538,F3,S7,0.0748497393819989,1,1314
塑膠工業,20240607,4306,0.05316455696202538,F2,H1,-0.06760022607826621,1,4303
塑膠工業,20240607,4306,0.05316455696202538,F2,H3,-0.10346175584448669,1,4303
塑膠工業,20240607,4306,0.05316455696202538,F2,H5,-0.11541559909989352,1,4303
塑膠工業,20240607,4306,0.05316455696202538,F2,H10,-0.12736944235530046,1,4303
塑膠工業,20240607,4306,0.05316455696202538,F2,S7,-0.10346175584448669,1,4303
塑膠工業,20240607,4306,0.05316455696202538,RAND_SECTOR,H1,-0.01570536686630153,1,1313
塑膠工業,20240607,4306,0.05316455696202538,RAND_SECTOR,H3,-0.03539125952897548,1,1313
塑膠工業,20240607,4306,0.05316455696202538,RAND_SECTOR,H5,-0.01570536686630153,1,1313
塑膠工業,20240607,4306,0.05316455696202538,RAND_SECTOR,H10,-0.0038938312686971344,1,1313
塑膠工業,20240607,4306,0.05316455696202538,RAND_SECTOR,S7,-0.0235797239313712,1,1313
塑膠工業,20240712,1304,0.059561128526645746,F1,H1,-0.02713390844323149,1,1313
塑膠工業,20240712,1304,0.059561128526645746,F1,H3,-0.023273328714831343,1,1313
塑膠工業,20240712,1304,0.059561128526645746,F1,H5,-0.02713390844323149,1,1313
塑膠工業,20240712,1304,0.059561128526645746,F1,H10,-0.042576227356830976,1,1313
塑膠工業,20240712,1304,0.059561128526645746,F1,S7,-0.11592724219642836,1,1313
塑膠工業,20240712,1304,0.059561128526645746,F3,H1,-0.02214389761559492,5,"1303,1301,1310,1326,1313"
塑膠工業,20240712,1304,0.059561128526645746,F3,H3,0.003782195916688691,5,"1303,1301,1310,1326,1313"
塑膠工業,20240712,1304,0.059561128526645746,F3,H5,-0.0034592947015923414,5,"1303,1301,1310,1326,1313"
塑膠工業,20240712,1304,0.059561128526645746,F3,H10,-0.016744324835228676,5,"1303,1301,1310,1326,1313"
塑膠工業,20240712,1304,0.059561128526645746,F3,S7,-0.09531552699460624,5,"1303,1301,1310,1326,1313"
塑膠工業,20240712,1304,0.059561128526645746,F2,H1,-0.010462757785844268,1,1308
塑膠工業,20240712,1304,0.059561128526645746,F2,H3,0.02111821802950109,1,1308
塑膠工業,20240712,1304,0.059561128526645746,F2,H5,0.03427695795256169,1,1308
塑膠工業,20240712,1304,0.059561128526645746,F2,H10,0.010591226091052564,1,1308
塑膠工業,20240712,1304,0.059561128526645746,F2,S7,-0.1104691812011046,1,1308
塑膠工業,20240712,1304,0.059561128526645746,RAND_SECTOR,H1,-0.02409607521432644,1,1312
塑膠工業,20240712,1304,0.059561128526645746,RAND_SECTOR,H3,-0.00783100980123197,1,1312
塑膠工業,20240712,1304,0.059561128526645746,RAND_SECTOR,H5,-0.033855114462183256,1,1312
塑膠工業,20240712,1304,0.059561128526645746,RAND_SECTOR,H10,-0.05662620604051549,1,1312
塑膠工業,20240712,1304,0.059561128526645746,RAND_SECTOR,S7,-0.15746961160170192,1,1312
塑膠工業,20240913,1307,0.05555555555555558,F1,H1,0.004122833454174968,1,1310
塑膠工業,20240913,1307,0.05555555555555558,F1,H3,0.00013821903570621075,1,1310
塑膠工業,20240913,1307,0.05555555555555558,F1,H5,-0.019784853056638796,1,1310
塑膠工業,20240913,1307,0.05555555555555558,F1,H10,0.03599974880192658,1,1310
塑膠工業,20240913,1307,0.05555555555555558,F1,S7,-0.0038463953827628794,1,1310
塑膠工業,20240913,1307,0.05555555555555558,F3,H1,0.004122833454174968,1,1310
塑膠工業,20240913,1307,0.05555555555555558,F3,H3,0.00013821903570621075,1,1310
塑膠工業,20240913,1307,0.05555555555555558,F3,H5,-0.019784853056638796,1,1310
塑膠工業,20240913,1307,0.05555555555555558,F3,H10,0.03599974880192658,1,1310
塑膠工業,20240913,1307,0.05555555555555558,F3,S7,-0.0038463953827628794,1,1310
塑膠工業,20240913,1307,0.05555555555555558,F2,H1,0.010889159825159922,1,1305
塑膠工業,20240913,1307,0.05555555555555558,F2,H3,0.023369272909421257,1,1305
塑膠工業,20240913,1307,0.05555555555555558,F2,H5,0.0140091880962252,1,1305
塑膠工業,20240913,1307,0.05555555555555558,F2,H10,0.11073006449924994,1,1305
塑膠工業,20240913,1307,0.05555555555555558,F2,S7,0.038969414264747426,1,1305
塑膠工業,20240913,1307,0.05555555555555558,RAND_SECTOR,H1,0.009729503299631403,1,1313
塑膠工業,20240913,1307,0.05555555555555558,RAND_SECTOR,H3,0.02729001640049411,1,1313
塑膠工業,20240913,1307,0.05555555555555558,RAND_SECTOR,H5,0.01411963157484708,1,1313
塑膠工業,20240913,1307,0.05555555555555558,RAND_SECTOR,H10,0.08436168397829946,1,1313
塑膠工業,20240913,1307,0.05555555555555558,RAND_SECTOR,S7,0.03168014467571001,1,1313
塑膠工業,20241021,1307,0.09102564102564092,F1,H1,-0.019642545398836364,1,1310
塑膠工業,20241021,1307,0.09102564102564092,F1,H3,-0.03145408099644065,1,1310
塑膠工業,20241021,1307,0.09102564102564092,F1,H5,-0.03145408099644065,1,1310
塑膠工業,20241021,1307,0.09102564102564092,F1,H10,-0.03932843806151021,1,1310
塑膠工業,20241021,1307,0.09102564102564092,F1,S7,-0.09444893751699746,1,1310
塑膠工業,20241021,1307,0.09102564102564092,F3,H1,-0.01598351240853646,4,"1310,1312,1304,4306"
塑膠工業,20241021,1307,0.09102564102564092,F3,H3,-0.022873574840472366,4,"1310,1312,1304,4306"
塑膠工業,20241021,1307,0.09102564102564092,F3,H5,-0.017017759710479807,4,"1310,1312,1304,4306"
塑膠工業,20241021,1307,0.09102564102564092,F3,H10,-0.032464487251906565,4,"1310,1312,1304,4306"
塑膠工業,20241021,1307,0.09102564102564092,F3,S7,-0.07600391455906977,4,"1310,1312,1304,4306"
塑膠工業,20241021,1307,0.09102564102564092,F2,H1,-0.010455795489588304,1,4306
塑膠工業,20241021,1307,0.09102564102564092,F2,H3,-0.018330152554657975,1,4306
塑膠工業,20241021,1307,0.09102564102564092,F2,H5,-0.020954938243014642,1,4306
塑膠工業,20241021,1307,0.09102564102564092,F2,H10,-0.026204509619727423,1,4306
塑膠工業,20241021,1307,0.09102564102564092,F2,S7,-0.03670365237315354,1,4306
塑膠工業,20241021,1307,0.09102564102564092,RAND_SECTOR,H1,-0.015705366866301418,1,1312
塑膠工業,20241021,1307,0.09102564102564092,RAND_SECTOR,H3,-0.023579723931371088,1,1312
塑膠工業,20241021,1307,0.09102564102564092,RAND_SECTOR,H5,-0.00783100980123197,1,1312
塑膠工業,20241021,1307,0.09102564102564092,RAND_SECTOR,H10,-0.039328438061510096,1,1312
塑膠工業,20241021,1307,0.09102564102564092,RAND_SECTOR,S7,-0.08263740191939306,1,1312
塑膠工業,20241202,4303,0.09842519685039375,F2,H1,0.006071995156967436,1,1303
塑膠工業,20241202,4303,0.09842519685039375,F2,H3,-0.04195656742590281,1,1303
塑膠工業,20241202,4303,0.09842519685039375,F2,H5,-0.0647069391756836,1,1303
塑膠工業,20241202,4303,0.09842519685039375,F2,H10,-0.1557084261748063,1,1303
塑膠工業,20241202,4303,0.09842519685039375,F2,S7,-0.08872122046711894,1,1303
塑膠工業,20241202,4303,0.09842519685039375,RAND_SECTOR,H1,-0.003498394123507942,1,1312
塑膠工業,20241202,4303,0.09842519685039375,RAND_SECTOR,H3,-0.016496241156679803,1,1312
塑膠工業,20241202,4303,0.09842519685039375,RAND_SECTOR,H5,-0.03815931954529894,1,1312
塑膠工業,20241202,4303,0.09842519685039375,RAND_SECTOR,H10,-0.07282024496709005,1,1312
塑膠工業,20241202,4303,0.09842519685039375,RAND_SECTOR,S7,-0.09015070767798561,1,1312
塑膠工業,20250103,1325,0.09895833333333326,F2,H1,0.028964661358457322,1,1307
塑膠工業,20250103,1325,0.09895833333333326,F2,H3,0.05656141472822451,1,1307
塑膠工業,20250103,1325,0.09895833333333326,F2,H5,-0.0012603542370015486,1,1307
塑膠工業,20250103,1325,0.09895833333333326,F2,H10,0.003996170214382699,1,1307
塑膠工業,20250103,1325,0.09895833333333326,F2,S7,0.1722049526586773,1,1307
塑膠工業,20250103,1325,0.09895833333333326,RAND_SECTOR,H1,0.028848065622012697,1,1326
塑膠工業,20250103,1325,0.09895833333333326,RAND_SECTOR,H3,-0.048177992766801125,1,1326
塑膠工業,20250103,1325,0.09895833333333326,RAND_SECTOR,H5,-0.06651753047842346,1,1326
塑膠工業,20250103,1325,0.09895833333333326,RAND_SECTOR,H10,0.06552714104525736,1,1326
塑膠工業,20250103,1325,0.09895833333333326,RAND_SECTOR,S7,-0.044510085224476525,1,1326
塑膠工業,20250206,1307,0.08184143222506379,F2,H1,-0.04699557520381503,1,1304
塑膠工業,20250206,1307,0.08184143222506379,F2,H3,-0.029589101691555597,1,1304
塑膠工業,20250206,1307,0.08184143222506379,F2,H5,0.07049812100393393,1,1304
塑膠工業,20250206,1307,0.08184143222506379,F2,H10,0.05744326586973991,1,1304
塑膠工業,20250206,1307,0.08184143222506379,F2,S7,0.05309164749167494,1,1304
塑膠工業,20250206,1307,0.08184143222506379,RAND_SECTOR,H1,-0.032148877208064364,1,1310
塑膠工業,20250206,1307,0.08184143222506379,RAND_SECTOR,H3,-0.027285303726697907,1,1310
塑膠工業,20250206,1307,0.08184143222506379,RAND_SECTOR,H5,0.04080472501243326,1,1310
塑膠工業,20250206,1307,0.08184143222506379,RAND_SECTOR,H10,0.016486857605600536,1,1310
塑膠工業,20250206,1307,0.08184143222506379,RAND_SECTOR,S7,0.04080472501243326,1,1310
塑膠工業,20250505,4303,0.060532687651331685,F1,H1,0.004494070822355312,1,4306
塑膠工業,20250505,4303,0.060532687651331685,F1,H3,0.01681915144594215,1,4306
塑膠工業,20250505,4303,0.060532687651331685,F1,H5,0.032225502225426084,1,4306
塑膠工業,20250505,4303,0.060532687651331685,F1,H10,0.010656611134148841,1,4306
塑膠工業,20250505,4303,0.060532687651331685,F1,S7,-0.013993550113025499,1,4306
塑膠工業,20250505,4303,0.060532687651331685,F3,H1,0.012736887900017368,2,"1325,4306"
塑膠工業,20250505,4303,0.060532687651331685,F3,H3,0.006294740496037121,2,"1325,4306"
塑膠工業,20250505,4303,0.060532687651331685,F3,H5,0.015798585559461065,2,"1325,4306"
塑膠工業,20250505,4303,0.060532687651331685,F3,H10,0.08694461016635224,2,"1325,4306"
塑膠工業,20250505,4303,0.060532687651331685,F3,S7,0.22587578213205106,2,"1325,4306"
塑膠工業,20250505,4303,0.060532687651331685,F2,H1,-0.011589225673196868,1,1326
塑膠工業,20250505,4303,0.060532687651331685,F2,H3,-0.043534060584899725,1,1326
塑膠工業,20250505,4303,0.060532687651331685,F2,H5,-0.015347441545161988,1,1326
塑膠工業,20250505,4303,0.060532687651331685,F2,H10,-0.037896736776952045,1,1326
塑膠工業,20250505,4303,0.060532687651331685,F2,S7,-0.07735800343258481,1,1326
塑膠工業,20250505,4303,0.060532687651331685,RAND_SECTOR,H1,0.020979704977679425,1,1325
塑膠工業,20250505,4303,0.060532687651331685,RAND_SECTOR,H3,-0.004229670453867906,1,1325
塑膠工業,20250505,4303,0.060532687651331685,RAND_SECTOR,H5,-0.0006283311065039543,1,1325
塑膠工業,20250505,4303,0.060532687651331685,RAND_SECTOR,H10,0.16323260919855564,1,1325
塑膠工業,20250505,4303,0.060532687651331685,RAND_SECTOR,S7,0.4657451143771276,1,1325
塑膠工業,20250616,1308,0.0672268907563025,F1,H1,-0.04732032284396881,1,1303
塑膠工業,20250616,1308,0.0672268907563025,F1,H3,-0.08351885979981111,1,1303
塑膠工業,20250616,1308,0.0672268907563025,F1,H5,-0.10819968045152173,1,1303
塑膠工業,20250616,1308,0.0672268907563025,F1,H10,-0.10819968045152173,1,1303
塑膠工業,20250616,1308,0.0672268907563025,F1,S7,-0.08351885979981111,1,1303
塑膠工業,20250616,1308,0.0672268907563025,F3,H1,-0.024090936758523862,6,"1303,1301,1326,1307,4306"
塑膠工業,20250616,1308,0.0672268907563025,F3,H3,-0.042821309146461296,6,"1303,1301,1326,1307,4306"
塑膠工業,20250616,1308,0.0672268907563025,F3,H5,-0.06864378212195683,6,"1303,1301,1326,1307,4306"
塑膠工業,20250616,1308,0.0672268907563025,F3,H10,-0.05258253264575522,6,"1303,1301,1326,1307,4306"
塑膠工業,20250616,1308,0.0672268907563025,F3,S7,-0.06949081951609691,6,"1303,1301,1326,1307,4306"
塑膠工業,20250616,1308,0.0672268907563025,F2,H1,-0.04732032284396881,1,1303
塑膠工業,20250616,1308,0.0672268907563025,F2,H3,-0.08351885979981111,1,1303
塑膠工業,20250616,1308,0.0672268907563025,F2,H5,-0.10819968045152173,1,1303
塑膠工業,20250616,1308,0.0672268907563025,F2,H10,-0.10819968045152173,1,1303
塑膠工業,20250616,1308,0.0672268907563025,F2,S7,-0.08351885979981111,1,1303
塑膠工業,20250616,1308,0.0672268907563025,RAND_SECTOR,H1,-0.051399308772036134,1,1326
塑膠工業,20250616,1308,0.0672268907563025,RAND_SECTOR,H3,-0.08704609883905756,1,1326
塑膠工業,20250616,1308,0.0672268907563025,RAND_SECTOR,H5,-0.10883024832445998,1,1326
塑膠工業,20250616,1308,0.0672268907563025,RAND_SECTOR,H10,-0.08691348429267742,1,1326
塑膠工業,20250616,1308,0.0672268907563025,RAND_SECTOR,S7,-0.08704609883905756,1,1326
塑膠工業,20250711,4303,0.0629095674967235,F2,H1,-0.00783100980123197,1,4306
塑膠工業,20250711,4303,0.0629095674967235,F2,H3,-0.001491271844690223,1,4306
塑膠工業,20250711,4303,0.0629095674967235,F2,H5,0.008018335090122175,1,4306
塑膠工業,20250711,4303,0.0629095674967235,F2,H10,0.008018335090122175,1,4306
塑膠工業,20250711,4303,0.0629095674967235,F2,S7,-0.026850223670856876,1,4306
塑膠工業,20250711,4303,0.0629095674967235,RAND_SECTOR,H1,0.02792282768340848,1,1326
塑膠工業,20250711,4303,0.0629095674967235,RAND_SECTOR,H3,0.025688212840618396,1,1326
塑膠工業,20250711,4303,0.0629095674967235,RAND_SECTOR,H5,0.1217766510805891,1,1326
塑膠工業,20250711,4303,0.0629095674967235,RAND_SECTOR,H10,0.19775355573544995,1,1326
塑膠工業,20250711,4303,0.0629095674967235,RAND_SECTOR,S7,0.18658048152149975,1,1326
塑膠工業,20250818,1313,0.08333333333333348,F1,H1,-0.028501197097039688,1,1305
塑膠工業,20250818,1313,0.08333333333333348,F1,H3,0.008705140035414116,1,1305
塑膠工業,20250818,1313,0.08333333333333348,F1,H5,0.029375327331221834,1,1305
塑膠工業,20250818,1313,0.08333333333333348,F1,H10,-0.03676927201536262,1,1305
塑膠工業,20250818,1313,0.08333333333333348,F1,S7,-0.05330542185200904,1,1305
塑膠工業,20250818,1313,0.08333333333333348,F3,H1,-0.032002004072264514,7,"1301,1326,1305,1312,1304"
塑膠工業,20250818,1313,0.08333333333333348,F3,H3,0.004341573765873598,7,"1301,1326,1305,1312,1304"
塑膠工業,20250818,1313,0.08333333333333348,F3,H5,0.005888901834324001,7,"1301,1326,1305,1312,1304"
塑膠工業,20250818,1313,0.08333333333333348,F3,H10,-0.04978452952380129,7,"1301,1326,1305,1312,1304"
塑膠工業,20250818,1313,0.08333333333333348,F3,S7,-0.06998020495825079,7,"1301,1326,1305,1312,1304"
塑膠工業,20250818,1313,0.08333333333333348,F2,H1,-0.13330190229183048,1,1303
塑膠工業,20250818,1313,0.08333333333333348,F2,H3,-0.09956183036158539,1,1303
塑膠工業,20250818,1313,0.08333333333333348,F2,H5,-0.05422360870531873,1,1303
塑膠工業,20250818,1313,0.08333333333333348,F2,H10,-0.1006162076094057,1,1303
塑膠工業,20250818,1313,0.08333333333333348,F2,S7,-0.13330190229183048,1,1303
塑膠工業,20250818,1313,0.08333333333333348,RAND_SECTOR,H1,-0.02008000968022916,1,4306
塑膠工業,20250818,1313,0.08333333333333348,RAND_SECTOR,H3,-0.026204509619727645,1,4306
塑膠工業,20250818,1313,0.08333333333333348,RAND_SECTOR,H5,-0.038453509498724836,1,4306
塑膠工業,20250818,1313,0.08333333333333348,RAND_SECTOR,H10,-0.03232900955922613,1,4306
塑膠工業,20250818,1313,0.08333333333333348,RAND_SECTOR,S7,-0.03232900955922613,1,4306
塑膠工業,20251007,1303,0.07522697795071354,F1,H1,0.022514584313889863,1,1301
塑膠工業,20251007,1303,0.07522697795071354,F1,H3,0.010640221399276895,1,1301
塑膠工業,20251007,1303,0.07522697795071354,F1,H5,-0.02366349368738252,1,1301
塑膠工業,20251007,1303,0.07522697795071354,F1,H10,0.03570832088568232,1,1301
塑膠工業,20251007,1303,0.07522697795071354,F1,S7,-0.014427878087127977,1,1301
塑膠工業,20251007,1303,0.07522697795071354,F3,H1,0.015284080967269483,3,"1301,1305,1308"
塑膠工業,20251007,1303,0.07522697795071354,F3,H3,0.08104910839215125,3,"1301,1305,1308"
塑膠工業,20251007,1303,0.07522697795071354,F3,H5,0.03595665626969654,3,"1301,1305,1308"
塑膠工業,20251007,1303,0.07522697795071354,F3,H10,0.05730230335085847,3,"1301,1305,1308"
塑膠工業,20251007,1303,0.07522697795071354,F3,S7,0.017290629485754255,3,"1301,1305,1308"
塑膠工業,20251007,1303,0.07522697795071354,F2,H1,0.02312053582022,1,1326
塑膠工業,20251007,1303,0.07522697795071354,F2,H3,0.009364293321797001,1,1326
塑膠工業,20251007,1303,0.07522697795071354,F2,H5,-0.01470913105044358,1,1326
塑膠工業,20251007,1303,0.07522697795071354,F2,H10,0.03343771769403747,1,1326
塑膠工業,20251007,1303,0.07522697795071354,F2,S7,-0.023306782611958066,1,1326
塑膠工業,20251007,1303,0.07522697795071354,RAND_SECTOR,H1,0.022514584313889863,1,1301
塑膠工業,20251007,1303,0.07522697795071354,RAND_SECTOR,H3,0.010640221399276895,1,1301
塑膠工業,20251007,1303,0.07522697795071354,RAND_SECTOR,H5,-0.02366349368738252,1,1301
塑膠工業,20251007,1303,0.07522697795071354,RAND_SECTOR,H10,0.03570832088568232,1,1301
塑膠工業,20251007,1303,0.07522697795071354,RAND_SECTOR,S7,-0.014427878087127977,1,1301
塑膠工業,20251112,1303,0.09933774834437092,F1,H1,0.006548250926286414,1,1301
塑膠工業,20251112,1303,0.09933774834437092,F1,H3,0.023324055108391306,1,1301
塑膠工業,20251112,1303,0.09933774834437092,F1,H5,-0.021011998801456877,1,1301
塑膠工業,20251112,1303,0.09933774834437092,F1,H10,-0.05456360716566655,1,1301
塑膠工業,20251112,1303,0.09933774834437092,F1,S7,-0.04138261816544153,1,1301
塑膠工業,20251112,1303,0.09933774834437092,F3,H1,0.010582251673373011,2,"1301,1309"
塑膠工業,20251112,1303,0.09933774834437092,F3,H3,0.014480701320087164,2,"1301,1309"
塑膠工業,20251112,1303,0.09933774834437092,F3,H5,-0.025645135412190212,2,"1301,1309"
塑膠工業,20251112,1303,0.09933774834437092,F3,H10,-0.0469103920386334,2,"1301,1309"
塑膠工業,20251112,1303,0.09933774834437092,F3,S7,-0.002159551761645173,2,"1301,1309"
塑膠工業,20251112,1303,0.09933774834437092,F2,H1,0.08070099240111972,1,1326
塑膠工業,20251112,1303,0.09933774834437092,F2,H3,0.021170852989193634,1,1326
塑膠工業,20251112,1303,0.09933774834437092,F2,H5,-0.012410251294456831,1,1326
塑膠工業,20251112,1303,0.09933774834437092,F2,H10,-0.03530645876058236,1,1326
塑膠工業,20251112,1303,0.09933774834437092,F2,S7,-0.013936665125532266,1,1326
塑膠工業,20251112,1303,0.09933774834437092,RAND_SECTOR,H1,-0.00783100980123197,1,1313
塑膠工業,20251112,1303,0.09933774834437092,RAND_SECTOR,H3,-0.04122131235599813,1,1313
塑膠工業,20251112,1303,0.09933774834437092,RAND_SECTOR,H5,-0.06793355439981108,1,1313
塑膠工業,20251112,1303,0.09933774834437092,RAND_SECTOR,H10,-0.06888756304423305,1,1313
塑膠工業,20251112,1303,0.09933774834437092,RAND_SECTOR,S7,-0.06793355439981108,1,1313
塑膠工業,20251202,1304,0.09865470852017943,F1,H1,-0.02841542868502378,1,1305
塑膠工業,20251202,1304,0.09865470852017943,F1,H3,-0.06546738267584928,1,1305
塑膠工業,20251202,1304,0.09865470852017943,F1,H5,-0.06135049889909072,1,1305
塑膠工業,20251202,1304,0.09865470852017943,F1,H10,-0.06546738267584928,1,1305
塑膠工業,20251202,1304,0.09865470852017943,F1,S7,-0.06546738267584928,1,1305
塑膠工業,20251202,1304,0.09865470852017943,F3,H1,-0.019013017563218677,3,"1301,1305,1312"
塑膠工業,20251202,1304,0.09865470852017943,F3,H3,-0.05734170681966736,3,"1301,1305,1312"
塑膠工業,20251202,1304,0.09865470852017943,F3,H5,-0.05758765459476297,3,"1301,1305,1312"
塑膠工業,20251202,1304,0.09865470852017943,F3,H10,-0.05792916169648791,3,"1301,1305,1312"
塑膠工業,20251202,1304,0.09865470852017943,F3,S7,-0.08228895725531334,3,"1301,1305,1312"
塑膠工業,20251202,1304,0.09865470852017943,F2,H1,-0.0640539192458287,1,1308
塑膠工業,20251202,1304,0.09865470852017943,F2,H3,-0.0971262189191211,1,1308
塑膠工業,20251202,1304,0.09865470852017943,F2,H5,-0.07397560914781642,1,1308
塑膠工業,20251202,1304,0.09865470852017943,F2,H10,-0.1136623687557673,1,1308
塑膠工業,20251202,1304,0.09865470852017943,F2,S7,-0.0971262189191211,1,1308
塑膠工業,20251202,1304,0.09865470852017943,RAND_SECTOR,H1,-0.02508612267425403,1,1307
塑膠工業,20251202,1304,0.09865470852017943,RAND_SECTOR,H3,-0.0538446441292908,1,1307
塑膠工業,20251202,1304,0.09865470852017943,RAND_SECTOR,H5,-0.07109975700231297,1,1307
塑膠工業,20251202,1304,0.09865470852017943,RAND_SECTOR,H10,-0.07253768307506447,1,1307
塑膠工業,20251202,1304,0.09865470852017943,RAND_SECTOR,S7,-0.07685146129332021,1,1307
塑膠工業,20260107,1303,0.09847198641765709,F1,H1,-0.016823477990344782,1,1326
塑膠工業,20260107,1303,0.09847198641765709,F1,H3,-0.03480841436857007,1,1326
塑膠工業,20260107,1303,0.09847198641765709,F1,H5,-0.039304648463126535,1,1326
塑膠工業,20260107,1303,0.09847198641765709,F1,H10,0.023642628860662596,1,1326
塑膠工業,20260107,1303,0.09847198641765709,F1,S7,0.21698069492658578,1,1326
塑膠工業,20260107,1303,0.09847198641765709,F3,H1,-0.019241896431789196,3,"1326,1305,1309"
塑膠工業,20260107,1303,0.09847198641765709,F3,H3,-0.019546359277044918,3,"1326,1305,1309"
塑膠工業,20260107,1303,0.09847198641765709,F3,H5,-0.013886067783231796,3,"1326,1305,1309"
塑膠工業,20260107,1303,0.09847198641765709,F3,H10,0.014071829152798957,3,"1326,1305,1309"
塑膠工業,20260107,1303,0.09847198641765709,F3,S7,0.08861392785579698,3,"1326,1305,1309"
塑膠工業,20260107,1303,0.09847198641765709,F2,H1,0.019729239926511433,1,1301
塑膠工業,20260107,1303,0.09847198641765709,F2,H3,-0.023408542256043385,1,1301
塑膠工業,20260107,1303,0.09847198641765709,F2,H5,-0.01861545534687059,1,1301
塑膠工業,20260107,1303,0.09847198641765709,F2,H10,0.013737881290045495,1,1301
塑膠工業,20260107,1303,0.09847198641765709,F2,S7,0.1311685105647793,1,1301
塑膠工業,20260107,1303,0.09847198641765709,RAND_SECTOR,H1,-0.015546165246012378,1,1307
塑膠工業,20260107,1303,0.09847198641765709,RAND_SECTOR,H3,-0.032519507224529454,1,1307
塑膠工業,20260107,1303,0.09847198641765709,RAND_SECTOR,H5,-0.00628797871227571,1,1307
塑膠工業,20260107,1303,0.09847198641765709,RAND_SECTOR,H10,-0.012460103068100192,1,1307
塑膠工業,20260107,1303,0.09847198641765709,RAND_SECTOR,S7,-0.021718289601836638,1,1307
塑膠工業,20260529,1303,0.0839779005524861,F2,H1,0.04235652666796663,1,1326
塑膠工業,20260529,1303,0.0839779005524861,F2,H3,0.10026522259396464,1,1326
塑膠工業,20260529,1303,0.0839779005524861,F2,H5,-0.04161108242473088,1,1326
塑膠工業,20260529,1303,0.0839779005524861,F2,H10,-0.03485506790003101,1,1326
塑膠工業,20260529,1303,0.0839779005524861,F2,S7,-0.10627579287542877,1,1326
塑膠工業,20260529,1303,0.0839779005524861,RAND_SECTOR,H1,0.03726758066234859,1,1308
塑膠工業,20260529,1303,0.0839779005524861,RAND_SECTOR,H3,0.10491546635771898,1,1308
塑膠工業,20260529,1303,0.0839779005524861,RAND_SECTOR,H5,-0.019105657417126998,1,1308
塑膠工業,20260529,1303,0.0839779005524861,RAND_SECTOR,H10,0.025992933046453448,1,1308
塑膠工業,20260529,1303,0.0839779005524861,RAND_SECTOR,S7,0.044784012406278606,1,1308
塑膠工業,20260622,1310,0.09611231101511875,F1,H1,-0.06907600919621759,1,1313
塑膠工業,20260622,1310,0.09611231101511875,F1,H3,0.02891598983575938,1,1313
塑膠工業,20260622,1310,0.09611231101511875,F1,H5,0.0044179900777652215,1,1313
塑膠工業,20260622,1310,0.09611231101511875,F1,H10,0.11057598902907362,1,1313
塑膠工業,20260622,1310,0.09611231101511875,F1,S7,-0.011914009760897737,1,1313
塑膠工業,20260622,1310,0.09611231101511875,F3,H1,-0.06944102967741915,7,"1326,1313,1305,1312,1304"
塑膠工業,20260622,1310,0.09611231101511875,F3,H3,-0.012310046914086104,7,"1326,1313,1305,1312,1304"
塑膠工業,20260622,1310,0.09611231101511875,F3,H5,-0.028321984330926364,7,"1326,1313,1305,1312,1304"
塑膠工業,20260622,1310,0.09611231101511875,F3,H10,0.06289102552726332,7,"1326,1313,1305,1312,1304"
塑膠工業,20260622,1310,0.09611231101511875,F3,S7,-0.05490846594332958,7,"1326,1313,1305,1312,1304"
塑膠工業,20260622,1310,0.09611231101511875,F2,H1,-0.08050580844636457,1,1303
塑膠工業,20260622,1310,0.09611231101511875,F2,H3,-0.02678965292604918,1,1303
塑膠工業,20260622,1310,0.09611231101511875,F2,H5,-0.00783100980123197,1,1303
塑膠工業,20260622,1310,0.09611231101511875,F2,H10,0.1691163260303954,1,1303
塑膠工業,20260622,1310,0.09611231101511875,F2,S7,0.2890618754722585,1,1303
塑膠工業,20260622,1310,0.09611231101511875,RAND_SECTOR,H1,-0.052744009357554855,1,1307
塑膠工業,20260622,1310,0.09611231101511875,RAND_SECTOR,H3,-0.04593900942477869,1,1307
塑膠工業,20260622,1310,0.09611231101511875,RAND_SECTOR,H5,-0.055466009330665256,1,1307
塑膠工業,20260622,1310,0.09611231101511875,RAND_SECTOR,H10,-0.024073896545537377,1,1307
塑膠工業,20260622,1310,0.09611231101511875,RAND_SECTOR,S7,-0.024073896545537377,1,1307
塑膠工業,20260814,4306,0.06896551724137923,F2,H1,-0.07289127145361007,1,1303
塑膠工業,20260814,4306,0.06896551724137923,F2,H3,-0.11471572537299624,1,1303
塑膠工業,20260814,4306,0.06896551724137923,F2,H5,-0.12168646769289382,1,1303
塑膠工業,20260814,4306,0.06896551724137923,F2,H10,0.040964186438051886,1,1303
塑膠工業,20260814,4306,0.06896551724137923,F2,S7,-0.11471572537299624,1,1303
塑膠工業,20260814,4306,0.06896551724137923,RAND_SECTOR,H1,-0.012053005504205405,1,1313
塑膠工業,20260814,4306,0.06896551724137923,RAND_SECTOR,H3,-0.02894098831609937,1,1313
塑膠工業,20260814,4306,0.06896551724137923,RAND_SECTOR,H5,0.01327896871363543,1,1313
塑膠工業,20260814,4306,0.06896551724137923,RAND_SECTOR,H10,0.0006129816047151238,1,1313
塑膠工業,20260814,4306,0.06896551724137923,RAND_SECTOR,S7,0.01327896871363543,1,1313
塑膠工業,20260831,1326,0.0998389694041868,F1,H1,0.00804369404194838,1,1305
塑膠工業,20260831,1326,0.0998389694041868,F1,H3,-0.015768361722822033,1,1305
塑膠工業,20260831,1326,0.0998389694041868,F1,H5,-0.03958041748759267,1,1305
塑膠工業,20260831,1326,0.0998389694041868,F1,H10,-0.05148644536997782,1,1305
塑膠工業,20260831,1326,0.0998389694041868,F1,S7,-0.015768361722822033,1,1305
塑膠工業,20260831,1326,0.0998389694041868,F3,H1,0.012922657455898268,5,"1313,1305,1304,1309,1308"
塑膠工業,20260831,1326,0.0998389694041868,F3,H3,-0.007681637527987939,5,"1313,1305,1304,1309,1308"
塑膠工業,20260831,1326,0.0998389694041868,F3,H5,-0.025217175308120378,5,"1313,1305,1304,1309,1308"
塑膠工業,20260831,1326,0.0998389694041868,F3,H10,-0.032361766763833025,5,"1313,1305,1304,1309,1308"
塑膠工業,20260831,1326,0.0998389694041868,F3,S7,0.0025764507054479415,5,"1313,1305,1304,1309,1308"
塑膠工業,20260831,1326,0.0998389694041868,F2,H1,-0.04751776940918251,1,1303
塑膠工業,20260831,1326,0.0998389694041868,F2,H3,-0.10109489487991608,1,1303
塑膠工業,20260831,1326,0.0998389694041868,F2,H5,-0.06339247325236297,1,1303
塑膠工業,20260831,1326,0.0998389694041868,F2,H10,-0.08720452901713327,1,1303
塑膠工業,20260831,1326,0.0998389694041868,F2,S7,-0.10109489487991608,1,1303
塑膠工業,20260831,1326,0.0998389694041868,RAND_SECTOR,H1,-0.04751776940918251,1,1303
塑膠工業,20260831,1326,0.0998389694041868,RAND_SECTOR,H3,-0.10109489487991608,1,1303
塑膠工業,20260831,1326,0.0998389694041868,RAND_SECTOR,H5,-0.06339247325236297,1,1303
塑膠工業,20260831,1326,0.0998389694041868,RAND_SECTOR,H10,-0.08720452901713327,1,1303
塑膠工業,20260831,1326,0.0998389694041868,RAND_SECTOR,S7,-0.10109489487991608,1,1303
居家生活,20211027,2062,0.060998151571164394,F2,H1,-0.020649730604833327,1,8464
居家生活,20211027,2062,0.060998151571164394,F2,H3,-0.019367858524473536,1,8464
居家生活,20211027,2062,0.060998151571164394,F2,H5,-0.02577721892627427,1,8464
居家生活,20211027,2062,0.060998151571164394,F2,H10,-0.04115968389059621,1,8464
居家生活,20211027,2062,0.060998151571164394,F2,S7,0.024215792207772147,1,8464
居家生活,20211027,2062,0.060998151571164394,RAND_SECTOR,H1,-0.001081560888315014,1,4702
居家生活,20211027,2062,0.060998151571164394,RAND_SECTOR,H3,0.0022931635681433526,1,4702
居家生活,20211027,2062,0.060998151571164394,RAND_SECTOR,H5,-0.00783100980123197,1,4702
居家生活,20211027,2062,0.060998151571164394,RAND_SECTOR,H10,0.032665683676268875,1,4702
居家生活,20211027,2062,0.060998151571164394,RAND_SECTOR,S7,0.022541510306893775,1,4702
居家生活,20220314,4702,0.09731543624161088,F2,H1,-0.009449556277902005,1,8464
居家生活,20220314,4702,0.09731543624161088,F2,H3,0.04719957040555123,1,8464
居家生活,20220314,4702,0.09731543624161088,F2,H5,0.055292302788901626,1,8464
居家生活,20220314,4702,0.09731543624161088,F2,H10,0.05367375631223159,1,8464
居家生活,20220314,4702,0.09731543624161088,F2,S7,0.026158466208840103,1,8464
居家生活,20220314,4702,0.09731543624161088,RAND_SECTOR,H1,-0.009449556277902005,1,8464
居家生活,20220314,4702,0.09731543624161088,RAND_SECTOR,H3,0.04719957040555123,1,8464
居家生活,20220314,4702,0.09731543624161088,RAND_SECTOR,H5,0.055292302788901626,1,8464
居家生活,20220314,4702,0.09731543624161088,RAND_SECTOR,H10,0.05367375631223159,1,8464
居家生活,20220314,4702,0.09731543624161088,RAND_SECTOR,S7,0.026158466208840103,1,8464
居家生活,20220512,2230,0.09941520467836251,F2,H1,0.0057139593482393725,1,4702
居家生活,20220512,2230,0.09941520467836251,F2,H3,0.07005256280822758,1,4702
居家生活,20220512,2230,0.09941520467836251,F2,H5,0.08698377424506676,1,4702
居家生活,20220512,2230,0.09941520467836251,F2,H10,0.12084619711874489,1,4702
居家生活,20220512,2230,0.09941520467836251,F2,S7,0.12423243940611273,1,4702
居家生活,20220512,2230,0.09941520467836251,RAND_SECTOR,H1,0.0057139593482393725,1,4702
居家生活,20220512,2230,0.09941520467836251,RAND_SECTOR,H3,0.07005256280822758,1,4702
居家生活,20220512,2230,0.09941520467836251,RAND_SECTOR,H5,0.08698377424506676,1,4702
居家生活,20220512,2230,0.09941520467836251,RAND_SECTOR,H10,0.12084619711874489,1,4702
居家生活,20220512,2230,0.09941520467836251,RAND_SECTOR,S7,0.12423243940611273,1,4702
居家生活,20220705,5904,0.08721804511278197,F2,H1,0.0008216267411993439,1,9935
居家生活,20220705,5904,0.08721804511278197,F2,H3,0.0008216267411993439,1,9935
居家生活,20220705,5904,0.08721804511278197,F2,H5,-0.002062585439611242,1,9935
居家生活,20220705,5904,0.08721804511278197,F2,H10,0.02101111200687167,1,9935
居家生活,20220705,5904,0.08721804511278197,F2,S7,0.06808262210110949,1,9935
居家生活,20220705,5904,0.08721804511278197,RAND_SECTOR,H1,0.0008216267411993439,1,9935
居家生活,20220705,5904,0.08721804511278197,RAND_SECTOR,H3,0.0008216267411993439,1,9935
居家生活,20220705,5904,0.08721804511278197,RAND_SECTOR,H5,-0.002062585439611242,1,9935
居家生活,20220705,5904,0.08721804511278197,RAND_SECTOR,H10,0.02101111200687167,1,9935
居家生活,20220705,5904,0.08721804511278197,RAND_SECTOR,S7,0.06808262210110949,1,9935
居家生活,20220811,5904,0.09031413612565453,F2,H1,-0.010336487049208865,1,2230
居家生活,20220811,5904,0.09031413612565453,F2,H3,0.052300444150208625,1,2230
居家生活,20220811,5904,0.09031413612565453,F2,H5,0.36047414565134095,1,2230
居家生活,20220811,5904,0.09031413612565453,F2,H10,0.7012190513761705,1,2230
居家生活,20220811,5904,0.09031413612565453,F2,S7,0.6761642788964037,1,2230
居家生活,20220811,5904,0.09031413612565453,RAND_SECTOR,H1,-0.010336487049208865,1,2230
居家生活,20220811,5904,0.09031413612565453,RAND_SECTOR,H3,0.052300444150208625,1,2230
居家生活,20220811,5904,0.09031413612565453,RAND_SECTOR,H5,0.36047414565134095,1,2230
居家生活,20220811,5904,0.09031413612565453,RAND_SECTOR,H10,0.7012190513761705,1,2230
居家生活,20220811,5904,0.09031413612565453,RAND_SECTOR,S7,0.6761642788964037,1,2230
居家生活,20221102,5904,0.07471264367816088,F2,H1,0.023174271142479386,1,2230
居家生活,20221102,5904,0.07471264367816088,F2,H3,0.10262530356074029,1,2230
居家生活,20221102,5904,0.07471264367816088,F2,H5,0.06386870238110087,1,2230
居家生活,20221102,5904,0.07471264367816088,F2,H10,0.021236441083497537,1,2230
居家生活,20221102,5904,0.07471264367816088,F2,S7,0.22858425739456845,1,2230
居家生活,20221102,5904,0.07471264367816088,RAND_SECTOR,H1,0.013328992359405323,1,2062
居家生活,20221102,5904,0.07471264367816088,RAND_SECTOR,H3,0.04389343992477035,1,2062
居家生活,20221102,5904,0.07471264367816088,RAND_SECTOR,H5,0.022733437764133058,1,2062
居家生活,20221102,5904,0.07471264367816088,RAND_SECTOR,H10,0.03935563060360803,1,2062
居家生活,20221102,5904,0.07471264367816088,RAND_SECTOR,S7,0.0706325361541793,1,2062
居家生活,20230104,2230,0.07009345794392519,F2,H1,-0.0022149589133141356,1,5904
居家生活,20230104,2230,0.07009345794392519,F2,H3,-0.02093512853970625,1,5904
居家生活,20230104,2230,0.07009345794392519,F2,H5,0.005273108937242421,1,5904
居家生活,20230104,2230,0.07009345794392519,F2,H10,-0.011575043726510081,1,5904
居家生活,20230104,2230,0.07009345794392519,F2,S7,0.010889159825159922,1,5904
居家生活,20230104,2230,0.07009345794392519,RAND_SECTOR,H1,-0.0022149589133141356,1,5904
居家生活,20230104,2230,0.07009345794392519,RAND_SECTOR,H3,-0.02093512853970625,1,5904
居家生活,20230104,2230,0.07009345794392519,RAND_SECTOR,H5,0.005273108937242421,1,5904
居家生活,20230104,2230,0.07009345794392519,RAND_SECTOR,H10,-0.011575043726510081,1,5904
居家生活,20230104,2230,0.07009345794392519,RAND_SECTOR,S7,0.010889159825159922,1,5904
居家生活,20230214,5904,0.0641509433962264,F2,H1,-0.015333232789502271,1,2230
居家生活,20230214,5904,0.0641509433962264,F2,H3,0.05406232985199955,1,2230
居家生活,20230214,5904,0.0641509433962264,F2,H5,0.2828801309942486,1,2230
居家生活,20230214,5904,0.0641509433962264,F2,H10,0.4648090384598069,1,2230
居家生活,20230214,5904,0.0641509433962264,F2,S7,0.44417792524206345,1,2230
居家生活,20230214,5904,0.0641509433962264,RAND_SECTOR,H1,-0.01584529889815256,1,2916
居家生活,20230214,5904,0.0641509433962264,RAND_SECTOR,H3,-0.033476734911377815,1,2916
居家生活,20230214,5904,0.0641509433962264,RAND_SECTOR,H5,-0.019051014536920707,1,2916
居家生活,20230214,5904,0.0641509433962264,RAND_SECTOR,H10,0.10917761101380852,1,2916
居家生活,20230214,5904,0.0641509433962264,RAND_SECTOR,S7,0.07231188116797393,1,2916
居家生活,20230330,4702,0.05263157894736836,F2,H1,-0.038359286422732564,1,2230
居家生活,20230330,4702,0.05263157894736836,F2,H3,0.1257302004178329,1,2230
居家生活,20230330,4702,0.05263157894736836,F2,H5,0.04813749733818584,1,2230
居家生活,20230330,4702,0.05263157894736836,F2,H10,0.05068152038997753,1,2230
居家生活,20230330,4702,0.05263157894736836,F2,S7,0.13336226957320818,1,2230
居家生活,20230330,4702,0.05263157894736836,RAND_SECTOR,H1,-0.038359286422732564,1,2230
居家生活,20230330,4702,0.05263157894736836,RAND_SECTOR,H3,0.1257302004178329,1,2230
居家生活,20230330,4702,0.05263157894736836,RAND_SECTOR,H5,0.04813749733818584,1,2230
居家生活,20230330,4702,0.05263157894736836,RAND_SECTOR,H10,0.05068152038997753,1,2230
居家生活,20230330,4702,0.05263157894736836,RAND_SECTOR,S7,0.13336226957320818,1,2230
居家生活,20230427,9934,0.05882352941176472,F2,H1,0.0577252640111392,1,2230
居家生活,20230427,9934,0.05882352941176472,F2,H3,0.1232815378235097,1,2230
居家生活,20230427,9934,0.05882352941176472,F2,H5,0.04637898585130529,1,2230
居家生活,20230427,9934,0.05882352941176472,F2,H10,0.01234015137180533,1,2230
居家生活,20230427,9934,0.05882352941176472,F2,S7,0.07033223974428737,1,2230
居家生活,20230427,9934,0.05882352941176472,RAND_SECTOR,H1,0.0577252640111392,1,2230
居家生活,20230427,9934,0.05882352941176472,RAND_SECTOR,H3,0.1232815378235097,1,2230
居家生活,20230427,9934,0.05882352941176472,RAND_SECTOR,H5,0.04637898585130529,1,2230
居家生活,20230427,9934,0.05882352941176472,RAND_SECTOR,H10,0.01234015137180533,1,2230
居家生活,20230427,9934,0.05882352941176472,RAND_SECTOR,S7,0.07033223974428737,1,2230
居家生活,20230628,2230,0.09963985594237701,F2,H1,-0.021205836874989892,1,8433
居家生活,20230628,2230,0.09963985594237701,F2,H3,0.03350936479038347,1,8433
居家生活,20230628,2230,0.09963985594237701,F2,H5,0.009191497383551184,1,8433
居家生活,20230628,2230,0.09963985594237701,F2,H10,0.07971331286336536,1,8433
居家生活,20230628,2230,0.09963985594237701,F2,S7,0.09478096969002014,1,8433
居家生活,20230628,2230,0.09963985594237701,RAND_SECTOR,H1,-0.021205836874989892,1,8433
居家生活,20230628,2230,0.09963985594237701,RAND_SECTOR,H3,0.03350936479038347,1,8433
居家生活,20230628,2230,0.09963985594237701,RAND_SECTOR,H5,0.009191497383551184,1,8433
居家生活,20230628,2230,0.09963985594237701,RAND_SECTOR,H10,0.07971331286336536,1,8433
居家生活,20230628,2230,0.09963985594237701,RAND_SECTOR,S7,0.09478096969002014,1,8433
居家生活,20230815,9934,0.07117437722419928,F2,H1,-0.02063319031992583,1,8464
居家生活,20230815,9934,0.07117437722419928,F2,H3,-0.030234825708945978,1,8464
居家生活,20230815,9934,0.07117437722419928,F2,H5,-0.027034280579272596,1,8464
居家生活,20230815,9934,0.07117437722419928,F2,H10,-0.006230737236395112,1,8464
居家生活,20230815,9934,0.07117437722419928,F2,S7,0.02897525919001276,1,8464
居家生活,20230815,9934,0.07117437722419928,RAND_SECTOR,H1,-0.02063319031992583,1,8464
居家生活,20230815,9934,0.07117437722419928,RAND_SECTOR,H3,-0.030234825708945978,1,8464
居家生活,20230815,9934,0.07117437722419928,RAND_SECTOR,H5,-0.027034280579272596,1,8464
居家生活,20230815,9934,0.07117437722419928,RAND_SECTOR,H10,-0.006230737236395112,1,8464
居家生活,20230815,9934,0.07117437722419928,RAND_SECTOR,S7,0.02897525919001276,1,8464
居家生活,20231106,9924,0.06981981981981988,F2,H1,-0.021469071522177252,1,9934
居家生活,20231106,9924,0.06981981981981988,F2,H3,-0.024878586952413406,1,9934
居家生活,20231106,9924,0.06981981981981988,F2,H5,-0.024878586952413406,1,9934
居家生活,20231106,9924,0.06981981981981988,F2,H10,-0.004421494370995593,1,9934
居家生活,20231106,9924,0.06981981981981988,F2,S7,0.005807051919713313,1,9934
居家生活,20231106,9924,0.06981981981981988,RAND_SECTOR,H1,-0.021469071522177252,1,9934
居家生活,20231106,9924,0.06981981981981988,RAND_SECTOR,H3,-0.024878586952413406,1,9934
居家生活,20231106,9924,0.06981981981981988,RAND_SECTOR,H5,-0.024878586952413406,1,9934
居家生活,20231106,9924,0.06981981981981988,RAND_SECTOR,H10,-0.004421494370995593,1,9934
居家生活,20231106,9924,0.06981981981981988,RAND_SECTOR,S7,0.005807051919713313,1,9934
居家生活,20231121,2230,0.05797101449275366,F2,H1,-0.01295584962663876,1,9924
居家生活,20231121,2230,0.05797101449275366,F2,H3,-0.005781073871069298,1,9924
居家生活,20231121,2230,0.05797101449275366,F2,H5,-0.001681202010743621,1,9924
居家生活,20231121,2230,0.05797101449275366,F2,H10,-0.01603075352188288,1,9924
居家生活,20231121,2230,0.05797101449275366,F2,S7,0.00036873391941893985,1,9924
居家生活,20231121,2230,0.05797101449275366,RAND_SECTOR,H1,-0.00783100980123197,1,9934
居家生活,20231121,2230,0.05797101449275366,RAND_SECTOR,H3,-0.004397899108502634,1,9934
居家生活,20231121,2230,0.05797101449275366,RAND_SECTOR,H5,-0.0009647884157732989,1,9934
居家生活,20231121,2230,0.05797101449275366,RAND_SECTOR,H10,0.012767654355144042,1,9934
居家生活,20231121,2230,0.05797101449275366,RAND_SECTOR,S7,-0.018130341879419754,1,9934
居家生活,20231213,2230,0.0641025641025641,F2,H1,-0.0036883417837005883,1,9924
居家生活,20231213,2230,0.0641025641025641,F2,H3,0.003561327246979662,1,9924
居家生活,20231213,2230,0.0641025641025641,F2,H5,0.024274667334636568,1,9924
居家生活,20231213,2230,0.0641025641025641,F2,H10,0.006668328260127865,1,9924
居家生活,20231213,2230,0.0641025641025641,F2,S7,0.015989331299573806,1,9924
居家生活,20231213,2230,0.0641025641025641,RAND_SECTOR,H1,-0.0036883417837005883,1,9924
居家生活,20231213,2230,0.0641025641025641,RAND_SECTOR,H3,0.003561327246979662,1,9924
居家生活,20231213,2230,0.0641025641025641,RAND_SECTOR,H5,0.024274667334636568,1,9924
居家生活,20231213,2230,0.0641025641025641,RAND_SECTOR,H10,0.006668328260127865,1,9924
居家生活,20231213,2230,0.0641025641025641,RAND_SECTOR,S7,0.015989331299573806,1,9924
居家生活,20240102,9934,0.06796116504854366,F2,H1,-0.033788919428525355,1,2230
居家生活,20240102,9934,0.06796116504854366,F2,H3,-0.03090470724771499,1,2230
居家生活,20240102,9934,0.06796116504854366,F2,H5,-0.1606942553841818,1,2230
居家生活,20240102,9934,0.06796116504854366,F2,H10,-0.03667313160933572,1,2230
居家生活,20240102,9934,0.06796116504854366,F2,S7,-0.1606942553841818,1,2230
居家生活,20240102,9934,0.06796116504854366,RAND_SECTOR,H1,-0.012151048945783893,1,8464
居家生活,20240102,9934,0.06796116504854366,RAND_SECTOR,H3,-0.02655117942762375,1,8464
居家生活,20240102,9934,0.06796116504854366,RAND_SECTOR,H5,-0.002070957608495738,1,8464
居家生活,20240102,9934,0.06796116504854366,RAND_SECTOR,H10,0.0022490815360558525,1,8464
居家生活,20240102,9934,0.06796116504854366,RAND_SECTOR,S7,-0.019351114186703766,1,8464
居家生活,20240222,2062,0.0736842105263158,F2,H1,-0.016850727893947814,1,9934
居家生活,20240222,2062,0.0736842105263158,F2,H3,-0.043909882172096126,1,9934
居家生活,20240222,2062,0.0736842105263158,F2,H5,-0.031883591381808185,1,9934
居家生活,20240222,2062,0.0736842105263158,F2,H10,-0.04992302756724032,1,9934
居家生活,20240222,2062,0.0736842105263158,F2,S7,-0.004824437103659762,1,9934
居家生活,20240222,2062,0.0736842105263158,RAND_SECTOR,H1,-0.022807145502345527,1,9924
居家生活,20240222,2062,0.0736842105263158,RAND_SECTOR,H3,-0.024679162464984583,1,9924
居家生活,20240222,2062,0.0736842105263158,RAND_SECTOR,H5,-0.0415273151287372,1,9924
居家生活,20240222,2062,0.0736842105263158,RAND_SECTOR,H10,-0.00783100980123197,1,9924
居家生活,20240222,2062,0.0736842105263158,RAND_SECTOR,S7,0.0015290750119640872,1,9924
居家生活,20240415,9934,0.09969788519637457,F2,H1,-0.017371096245450746,1,8464
居家生活,20240415,9934,0.09969788519637457,F2,H3,0.0030719461350183774,1,8464
居家生活,20240415,9934,0.09969788519637457,F2,H5,0.004434815627049504,1,8464
居家生活,20240415,9934,0.09969788519637457,F2,H10,0.033055074959706277,1,8464
居家生活,20240415,9934,0.09969788519637457,F2,S7,-0.050079964054201453,1,8464
居家生活,20240415,9934,0.09969788519637457,RAND_SECTOR,H1,-0.05043949404289694,1,2230
居家生活,20240415,9934,0.09969788519637457,RAND_SECTOR,H3,-0.016961399281588574,1,2230
居家生活,20240415,9934,0.09969788519637457,RAND_SECTOR,H5,-0.04130910456254022,1,2230
居家生活,20240415,9934,0.09969788519637457,RAND_SECTOR,H10,0.010429769159481461,1,2230
居家生活,20240415,9934,0.09969788519637457,RAND_SECTOR,S7,0.022603621799957452,1,2230
居家生活,20240613,2230,0.06784660766961648,F2,H1,-0.010119750263051452,1,9911
居家生活,20240613,2230,0.06784660766961648,F2,H3,-0.018130341879419976,1,9911
居家生活,20240613,2230,0.06784660766961648,F2,H5,0.021922616202421752,1,9911
居家生活,20240613,2230,0.06784660766961648,F2,H10,0.0379437994351588,1,9911
居家生活,20240613,2230,0.06784660766961648,F2,S7,0.003612692507865889,1,9911
居家生活,20240613,2230,0.06784660766961648,RAND_SECTOR,H1,-0.010119750263051452,1,9911
居家生活,20240613,2230,0.06784660766961648,RAND_SECTOR,H3,-0.018130341879419976,1,9911
居家生活,20240613,2230,0.06784660766961648,RAND_SECTOR,H5,0.021922616202421752,1,9911
居家生活,20240613,2230,0.06784660766961648,RAND_SECTOR,H10,0.0379437994351588,1,9911
居家生活,20240613,2230,0.06784660766961648,RAND_SECTOR,S7,0.003612692507865889,1,9911
居家生活,20240703,8464,0.09198423127463862,F2,H1,-0.011553970364829524,1,9924
居家生活,20240703,8464,0.09198423127463862,F2,H3,-0.02458433233742119,1,9924
居家生活,20240703,8464,0.09198423127463862,F2,H5,-0.026445812619219966,1,9924
居家生活,20240703,8464,0.09198423127463862,F2,H10,-0.02272285205562241,1,9924
居家生活,20240703,8464,0.09198423127463862,F2,S7,0.021952674707549136,1,9924
居家生活,20240703,8464,0.09198423127463862,RAND_SECTOR,H1,-0.011553970364829524,1,9924
居家生活,20240703,8464,0.09198423127463862,RAND_SECTOR,H3,-0.02458433233742119,1,9924
居家生活,20240703,8464,0.09198423127463862,RAND_SECTOR,H5,-0.026445812619219966,1,9924
居家生活,20240703,8464,0.09198423127463862,RAND_SECTOR,H10,-0.02272285205562241,1,9924
居家生活,20240703,8464,0.09198423127463862,RAND_SECTOR,S7,0.021952674707549136,1,9924
居家生活,20240729,2062,0.09983633387888702,F2,H1,-0.006613624537184393,1,8464
居家生活,20240729,2062,0.09983633387888702,F2,H3,-0.04800472351480156,1,8464
居家生活,20240729,2062,0.09983633387888702,F2,H5,-0.043135182458611365,1,8464
居家生活,20240729,2062,0.09983633387888702,F2,H10,-0.013917936121469632,1,8464
居家生活,20240729,2062,0.09983633387888702,F2,S7,-0.043135182458611365,1,8464
居家生活,20240729,2062,0.09983633387888702,RAND_SECTOR,H1,-0.00783100980123197,1,9934
居家生活,20240729,2062,0.09983633387888702,RAND_SECTOR,H3,0.04925268552527262,1,9934
居家生活,20240729,2062,0.09983633387888702,RAND_SECTOR,H5,-0.07035124753978439,1,9934
居家生活,20240729,2062,0.09983633387888702,RAND_SECTOR,H10,0.027506515877080195,1,9934
居家生活,20240729,2062,0.09983633387888702,RAND_SECTOR,S7,-0.08666087477592865,1,9934
居家生活,20240916,9935,0.09882747068676712,F1,H1,-0.03229545065544803,1,9934
居家生活,20240916,9935,0.09882747068676712,F1,H3,-0.01326755221327991,1,9934
居家生活,20240916,9935,0.09882747068676712,F1,H5,-0.01326755221327991,1,9934
居家生活,20240916,9935,0.09882747068676712,F1,H10,-0.035013721861472,1,9934
居家生活,20240916,9935,0.09882747068676712,F1,S7,-0.07850606115785663,1,9934
居家生活,20240916,9935,0.09882747068676712,F3,H1,-0.03229545065544803,1,9934
居家生活,20240916,9935,0.09882747068676712,F3,H3,-0.01326755221327991,1,9934
居家生活,20240916,9935,0.09882747068676712,F3,H5,-0.01326755221327991,1,9934
居家生活,20240916,9935,0.09882747068676712,F3,H10,-0.035013721861472,1,9934
居家生活,20240916,9935,0.09882747068676712,F3,S7,-0.07850606115785663,1,9934
居家生活,20240916,9935,0.09882747068676712,F2,H1,-0.03229545065544803,1,9934
居家生活,20240916,9935,0.09882747068676712,F2,H3,-0.01326755221327991,1,9934
居家生活,20240916,9935,0.09882747068676712,F2,H5,-0.01326755221327991,1,9934
居家生活,20240916,9935,0.09882747068676712,F2,H10,-0.035013721861472,1,9934
居家生活,20240916,9935,0.09882747068676712,F2,S7,-0.07850606115785663,1,9934
居家生活,20240916,9935,0.09882747068676712,RAND_SECTOR,H1,-0.020583824585277855,1,2062
居家生活,20240916,9935,0.09882747068676712,RAND_SECTOR,H3,0.030427434550905685,1,2062
居家生活,20240916,9935,0.09882747068676712,RAND_SECTOR,H5,0.04573081229176057,1,2062
居家生活,20240916,9935,0.09882747068676712,RAND_SECTOR,H10,0.057208345597401955,1,2062
居家生活,20240916,9935,0.09882747068676712,RAND_SECTOR,S7,-0.11112880955200355,1,2062
居家生活,20241111,9924,0.0535714285714286,F2,H1,-0.0285011970970398,1,2230
居家生活,20241111,9924,0.0535714285714286,F2,H3,-0.022595429298237324,1,2230
居家生活,20241111,9924,0.0535714285714286,F2,H5,-0.049171384392847184,1,2230
居家生活,20241111,9924,0.0535714285714286,F2,H10,-0.05803003609105062,1,2230
居家生活,20241111,9924,0.0535714285714286,F2,S7,-0.1141348301796713,1,2230
居家生活,20241111,9924,0.0535714285714286,RAND_SECTOR,H1,-0.0285011970970398,1,2230
居家生活,20241111,9924,0.0535714285714286,RAND_SECTOR,H3,-0.022595429298237324,1,2230
居家生活,20241111,9924,0.0535714285714286,RAND_SECTOR,H5,-0.049171384392847184,1,2230
居家生活,20241111,9924,0.0535714285714286,RAND_SECTOR,H10,-0.05803003609105062,1,2230
居家生活,20241111,9924,0.0535714285714286,RAND_SECTOR,S7,-0.1141348301796713,1,2230
居家生活,20241206,2062,0.06540697674418605,F2,H1,-0.004409737421236071,1,9934
居家生活,20241206,2062,0.06540697674418605,F2,H3,-0.01809482694121911,1,9934
居家生活,20241206,2062,0.06540697674418605,F2,H5,-0.03177991646120215,1,9934
居家生活,20241206,2062,0.06540697674418605,F2,H10,-0.04888627836118087,1,9934
居家生活,20241206,2062,0.06540697674418605,F2,S7,-0.08309900216113841,1,9934
居家生活,20241206,2062,0.06540697674418605,RAND_SECTOR,H1,-0.004409737421236071,1,9934
居家生活,20241206,2062,0.06540697674418605,RAND_SECTOR,H3,-0.01809482694121911,1,9934
居家生活,20241206,2062,0.06540697674418605,RAND_SECTOR,H5,-0.03177991646120215,1,9934
居家生活,20241206,2062,0.06540697674418605,RAND_SECTOR,H10,-0.04888627836118087,1,9934
居家生活,20241206,2062,0.06540697674418605,RAND_SECTOR,S7,-0.08309900216113841,1,9934
居家生活,20250114,8464,0.05882352941176472,F2,H1,0.017897845698249704,1,2062
居家生活,20250114,8464,0.05882352941176472,F2,H3,0.025938113041837907,1,2062
居家生活,20250114,8464,0.05882352941176472,F2,H5,0.025938113041837907,1,2062
居家生活,20250114,8464,0.05882352941176472,F2,H10,0.025938113041837907,1,2062
居家生活,20250114,8464,0.05882352941176472,F2,S7,0.01307368529209696,1,2062
居家生活,20250114,8464,0.05882352941176472,RAND_SECTOR,H1,0.017897845698249704,1,2062
居家生活,20250114,8464,0.05882352941176472,RAND_SECTOR,H3,0.025938113041837907,1,2062
居家生活,20250114,8464,0.05882352941176472,RAND_SECTOR,H5,0.025938113041837907,1,2062
居家生活,20250114,8464,0.05882352941176472,RAND_SECTOR,H10,0.025938113041837907,1,2062
居家生活,20250114,8464,0.05882352941176472,RAND_SECTOR,S7,0.01307368529209696,1,2062
居家生活,20250303,2062,0.07377049180327866,F2,H1,0.005110324853534687,1,2230
居家生活,20250303,2062,0.07377049180327866,F2,H3,0.0007965466352790607,1,2230
居家生活,20250303,2062,0.07377049180327866,F2,H5,0.009424103071790091,1,2230
居家生活,20250303,2062,0.07377049180327866,F2,H10,0.08707211100038936,1,2230
居家生活,20250303,2062,0.07377049180327866,F2,S7,-0.07253768307506447,1,2230
居家生活,20250303,2062,0.07377049180327866,RAND_SECTOR,H1,0.026460545159554982,1,8464
居家生活,20250303,2062,0.07377049180327866,RAND_SECTOR,H3,-0.02154763178554675,1,8464
居家生活,20250303,2062,0.07377049180327866,RAND_SECTOR,H5,-0.03983646109796635,1,8464
居家生活,20250303,2062,0.07377049180327866,RAND_SECTOR,H10,-0.06498360140254344,1,8464
居家生活,20250303,2062,0.07377049180327866,RAND_SECTOR,S7,-0.11527788201169775,1,8464
居家生活,20250507,9934,0.05069124423963145,F1,H1,-0.00783100980123197,1,2062
居家生活,20250507,9934,0.05069124423963145,F1,H3,0.028773283041052533,1,2062
居家生活,20250507,9934,0.05069124423963145,F1,H5,0.03262636649813544,1,2062
居家生活,20250507,9934,0.05069124423963145,F1,H10,-0.005904468072690516,1,2062
居家生活,20250507,9934,0.05069124423963145,F1,S7,-0.03865567745789289,1,2062
居家生活,20250507,9934,0.05069124423963145,F3,H1,-0.01427663766790388,3,"9911,8464,2062"
居家生活,20250507,9934,0.05069124423963145,F3,H3,0.02217898050984146,3,"9911,8464,2062"
居家生活,20250507,9934,0.05069124423963145,F3,H5,0.05495119894357,3,"9911,8464,2062"
居家生活,20250507,9934,0.05069124423963145,F3,H10,0.04314438029385322,3,"9911,8464,2062"
居家生活,20250507,9934,0.05069124423963145,F3,S7,0.02170615133512595,3,"9911,8464,2062"
居家生活,20250507,9934,0.05069124423963145,F2,H1,-0.017932277800993157,1,9911
居家生活,20250507,9934,0.05069124423963145,F2,H3,-0.019054640912077647,1,9911
居家生活,20250507,9934,0.05069124423963145,F2,H5,-0.02354409335641605,1,9911
居家生活,20250507,9934,0.05069124423963145,F2,H10,-0.011198099134485773,1,9911
居家生活,20250507,9934,0.05069124423963145,F2,S7,-0.04935844491136132,1,9911
居家生活,20250507,9934,0.05069124423963145,RAND_SECTOR,H1,-0.017066625401486513,1,8464
居家生活,20250507,9934,0.05069124423963145,RAND_SECTOR,H3,0.0568182994005495,1,8464
居家生活,20250507,9934,0.05069124423963145,RAND_SECTOR,H5,0.1557713236889906,1,8464
居家生活,20250507,9934,0.05069124423963145,RAND_SECTOR,H10,0.14653570808873595,1,8464
居家生活,20250507,9934,0.05069124423963145,RAND_SECTOR,S7,0.15313257637463207,1,8464
居家生活,20250904,9934,0.06318956870611836,F2,H1,-0.014474998574884324,1,2062
居家生活,20250904,9934,0.06318956870611836,F2,H3,-0.021118987348536677,1,2062
居家生活,20250904,9934,0.06318956870611836,F2,H5,-0.03883629074494355,1,2062
居家生活,20250904,9934,0.06318956870611836,F2,H10,0.007671630670623708,1,2062
居家生活,20250904,9934,0.06318956870611836,F2,S7,-0.06319758291500244,1,2062
居家生活,20250904,9934,0.06318956870611836,RAND_SECTOR,H1,-0.004520101046397329,1,8464
居家生活,20250904,9934,0.06318956870611836,RAND_SECTOR,H3,-0.0023128285431742723,1,8464
居家生活,20250904,9934,0.06318956870611836,RAND_SECTOR,H5,-0.005623737298008691,1,8464
居家生活,20250904,9934,0.06318956870611836,RAND_SECTOR,H10,0.04735080277934478,1,8464
居家生活,20250904,9934,0.06318956870611836,RAND_SECTOR,S7,-0.08729281991726223,1,8464
居家生活,20260225,5904,0.050000000000000044,F2,H1,-0.07981424971891782,1,8464
居家生活,20260225,5904,0.050000000000000044,F2,H3,-0.08341341171480188,1,8464
居家生活,20260225,5904,0.050000000000000044,F2,H5,-0.10980726635128668,1,8464
居家生活,20260225,5904,0.050000000000000044,F2,H10,-0.07621508772303343,1,8464
居家生活,20260225,5904,0.050000000000000044,F2,S7,-0.08341341171480188,1,8464
居家生活,20260225,5904,0.050000000000000044,RAND_SECTOR,H1,-0.07981424971891782,1,8464
居家生活,20260225,5904,0.050000000000000044,RAND_SECTOR,H3,-0.08341341171480188,1,8464
居家生活,20260225,5904,0.050000000000000044,RAND_SECTOR,H5,-0.10980726635128668,1,8464
居家生活,20260225,5904,0.050000000000000044,RAND_SECTOR,H10,-0.07621508772303343,1,8464
居家生活,20260225,5904,0.050000000000000044,RAND_SECTOR,S7,-0.08341341171480188,1,8464
居家生活,20260604,9934,0.09756097560975618,F2,H1,-0.056043825181734674,1,2062
居家生活,20260604,9934,0.09756097560975618,F2,H3,-0.04081872558789179,1,2062
居家生活,20260604,9934,0.09756097560975618,F2,H5,-0.03066865919199635,1,2062
居家生活,20260604,9934,0.09756097560975618,F2,H10,-0.03066865919199635,1,2062
居家生活,20260604,9934,0.09756097560975618,F2,S7,-0.02051859279610113,1,2062
居家生活,20260604,9934,0.09756097560975618,RAND_SECTOR,H1,-0.056043825181734674,1,2062
居家生活,20260604,9934,0.09756097560975618,RAND_SECTOR,H3,-0.04081872558789179,1,2062
居家生活,20260604,9934,0.09756097560975618,RAND_SECTOR,H5,-0.03066865919199635,1,2062
居家生活,20260604,9934,0.09756097560975618,RAND_SECTOR,H10,-0.03066865919199635,1,2062
居家生活,20260604,9934,0.09756097560975618,RAND_SECTOR,S7,-0.02051859279610113,1,2062
居家生活,20260702,8464,0.06582633053221287,F2,H1,0.02011741245788823,1,5904
居家生活,20260702,8464,0.06582633053221287,F2,H3,0.014527728006064278,1,5904
居家生活,20260702,8464,0.06582633053221287,F2,H5,-0.013420694253056031,1,5904
居家生活,20260702,8464,0.06582633053221287,F2,H10,-0.10404393603723328,1,5904
居家生活,20260702,8464,0.06582633053221287,F2,S7,-0.0721123809972084,1,5904
居家生活,20260702,8464,0.06582633053221287,RAND_SECTOR,H1,0.02011741245788823,1,5904
居家生活,20260702,8464,0.06582633053221287,RAND_SECTOR,H3,0.014527728006064278,1,5904
居家生活,20260702,8464,0.06582633053221287,RAND_SECTOR,H5,-0.013420694253056031,1,5904
居家生活,20260702,8464,0.06582633053221287,RAND_SECTOR,H10,-0.10404393603723328,1,5904
居家生活,20260702,8464,0.06582633053221287,RAND_SECTOR,S7,-0.0721123809972084,1,5904
居家生活,20260810,9934,0.09589041095890427,F2,H1,0.03508062411300039,1,8464
居家生活,20260810,9934,0.09589041095890427,F2,H3,-0.04164017591547553,1,8464
居家生活,20260810,9934,0.09589041095890427,F2,H5,-0.03513841320119793,1,8464
居家生活,20260810,9934,0.09589041095890427,F2,H10,-0.06374616914401965,1,8464
居家生活,20260810,9934,0.09589041095890427,F2,S7,-0.0585447589725977,1,8464
居家生活,20260810,9934,0.09589041095890427,RAND_SECTOR,H1,0.03508062411300039,1,8464
居家生活,20260810,9934,0.09589041095890427,RAND_SECTOR,H3,-0.04164017591547553,1,8464
居家生活,20260810,9934,0.09589041095890427,RAND_SECTOR,H5,-0.03513841320119793,1,8464
居家生活,20260810,9934,0.09589041095890427,RAND_SECTOR,H10,-0.06374616914401965,1,8464
居家生活,20260810,9934,0.09589041095890427,RAND_SECTOR,S7,-0.0585447589725977,1,8464
建材營造,20211021,2538,0.08000000000000007,F2,H1,0.0022931635681431306,1,2534
建材營造,20211021,2538,0.08000000000000007,F2,H3,-0.02605452186610724,1,2534
建材營造,20211021,2538,0.08000000000000007,F2,H5,-0.019980017844482223,1,2534
建材營造,20211021,2538,0.08000000000000007,F2,H10,-0.022004852518357376,1,2534
建材營造,20211021,2538,0.08000000000000007,F2,S7,-0.0483277032787327,1,2534
建材營造,20211021,2538,0.08000000000000007,RAND_SECTOR,H1,-0.015424139828263406,1,3056
建材營造,20211021,2538,0.08000000000000007,RAND_SECTOR,H3,-0.015424139828263406,1,3056
建材營造,20211021,2538,0.08000000000000007,RAND_SECTOR,H5,-0.014158618157091296,1,3056
建材營造,20211021,2538,0.08000000000000007,RAND_SECTOR,H10,-0.012893096485919409,1,3056
建材營造,20211021,2538,0.08000000000000007,RAND_SECTOR,S7,0.022541510306893553,1,3056
建材營造,20211206,2442,0.0964912280701753,F2,H1,-0.05148644536997771,1,3313
建材營造,20211206,2442,0.0964912280701753,F2,H3,-0.05148644536997771,1,3313
建材營造,20211206,2442,0.0964912280701753,F2,H5,-0.06736114921315806,1,3313
建材營造,20211206,2442,0.0964912280701753,F2,H10,-0.08720452901713327,1,3313
建材營造,20211206,2442,0.0964912280701753,F2,S7,-0.05148644536997771,1,3313
建材營造,20211206,2442,0.0964912280701753,RAND_SECTOR,H1,-9.178210857385682e-05,1,2535
建材營造,20211206,2442,0.0964912280701753,RAND_SECTOR,H3,-9.178210857385682e-05,1,2535
建材營造,20211206,2442,0.0964912280701753,RAND_SECTOR,H5,-0.006283164262700147,1,2535
建材營造,20211206,2442,0.0964912280701753,RAND_SECTOR,H10,-0.009378855339763459,1,2535
建材營造,20211206,2442,0.0964912280701753,RAND_SECTOR,S7,0.024673746507932304,1,2535
建材營造,20220117,1316,0.09976798143851506,F2,H1,-0.0038463953827628794,1,2442
建材營造,20220117,1316,0.09976798143851506,F2,H3,0.008107447872643947,1,2442
建材營造,20220117,1316,0.09976798143851506,F2,H5,-0.015800238638169706,1,2442
建材營造,20220117,1316,0.09976798143851506,F2,H10,0.07584589298661615,1,2442
建材營造,20220117,1316,0.09976798143851506,F2,S7,0.09178435066049162,1,2442
建材營造,20220117,1316,0.09976798143851506,RAND_SECTOR,H1,-0.012121470299388815,1,2542
建材營造,20220117,1316,0.09976798143851506,RAND_SECTOR,H3,-0.009976240050310281,1,2542
建材營造,20220117,1316,0.09976798143851506,RAND_SECTOR,H5,-0.006758394676692703,1,2542
建材營造,20220117,1316,0.09976798143851506,RAND_SECTOR,H10,0.00933083219139541,1,2542
建材營造,20220117,1316,0.09976798143851506,RAND_SECTOR,S7,0.05223543717296386,1,2542
建材營造,20220301,2504,0.05492424242424243,F2,H1,-0.011312304503683812,1,2511
建材營造,20220301,2504,0.05492424242424243,F2,H3,-0.04264395682575006,1,2511
建材營造,20220301,2504,0.05492424242424243,F2,H5,-0.09138208266007541,1,2511
建材營造,20220301,2504,0.05492424242424243,F2,H10,-0.0879007879576238,1,2511
建材營造,20220301,2504,0.05492424242424243,F2,S7,-0.09138208266007541,1,2511
建材營造,20220301,2504,0.05492424242424243,RAND_SECTOR,H1,0.0008531826731552616,1,5519
建材營造,20220301,2504,0.05492424242424243,RAND_SECTOR,H3,0.007366327028946129,1,5519
建材營造,20220301,2504,0.05492424242424243,RAND_SECTOR,H5,-0.02085729851281304,1,5519
建材營造,20220301,2504,0.05492424242424243,RAND_SECTOR,H10,-0.005659961682635051,1,5519
建材營造,20220301,2504,0.05492424242424243,RAND_SECTOR,S7,0.05512938563807701,1,5519
建材營造,20220316,2545,0.09915356711003631,F1,H1,-0.011807639020465444,1,3703
建材營造,20220316,2545,0.09915356711003631,F1,H3,0.002110563246851882,1,3703
建材營造,20220316,2545,0.09915356711003631,F1,H5,0.03193528239110344,1,3703
建材營造,20220316,2545,0.09915356711003631,F1,H10,0.027958653171870074,1,3703
建材營造,20220316,2545,0.09915356711003631,F1,S7,0.05380674309688782,1,3703
建材營造,20220316,2545,0.09915356711003631,F3,H1,-0.011807639020465444,1,3703
建材營造,20220316,2545,0.09915356711003631,F3,H3,0.002110563246851882,1,3703
建材營造,20220316,2545,0.09915356711003631,F3,H5,0.03193528239110344,1,3703
建材營造,20220316,2545,0.09915356711003631,F3,H10,0.027958653171870074,1,3703
建材營造,20220316,2545,0.09915356711003631,F3,S7,0.05380674309688782,1,3703
建材營造,20220316,2545,0.09915356711003631,F2,H1,-0.011807639020465444,1,3703
建材營造,20220316,2545,0.09915356711003631,F2,H3,0.002110563246851882,1,3703
建材營造,20220316,2545,0.09915356711003631,F2,H5,0.03193528239110344,1,3703
建材營造,20220316,2545,0.09915356711003631,F2,H10,0.027958653171870074,1,3703
建材營造,20220316,2545,0.09915356711003631,F2,S7,0.05380674309688782,1,3703
建材營造,20220316,2545,0.09915356711003631,RAND_SECTOR,H1,-0.002894845670889934,1,2537
建材營造,20220316,2545,0.09915356711003631,RAND_SECTOR,H3,0.011913646720136395,1,2537
建材營造,20220316,2545,0.09915356711003631,RAND_SECTOR,H5,0.02178597498082091,1,2537
建材營造,20220316,2545,0.09915356711003631,RAND_SECTOR,H10,0.0415306315021895,1,2537
建材營造,20220316,2545,0.09915356711003631,RAND_SECTOR,S7,0.10076460106629481,1,2537
建材營造,20220708,3521,0.10000000000000009,F2,H1,-0.058812025107887966,1,6219
建材營造,20220708,3521,0.10000000000000009,F2,H3,-0.0862633410422412,1,6219
建材營造,20220708,3521,0.10000000000000009,F2,H5,-0.06273364166993867,1,6219
建材營造,20220708,3521,0.10000000000000009,F2,H10,-0.043125558859686164,1,6219
建材營造,20220708,3521,0.10000000000000009,F2,S7,-0.0862633410422412,1,6219
建材營造,20220708,3521,0.10000000000000009,RAND_SECTOR,H1,-0.008984694673556004,1,2548
建材營造,20220708,3521,0.10000000000000009,RAND_SECTOR,H3,-0.014753119035176843,1,2548
建材營造,20220708,3521,0.10000000000000009,RAND_SECTOR,H5,-0.006677324928907824,1,2548
建材營造,20220708,3521,0.10000000000000009,RAND_SECTOR,H10,0.0037058389220094856,1,2548
建材營造,20220708,3521,0.10000000000000009,RAND_SECTOR,S7,0.025625851496168695,1,2548
建材營造,20220728,1453,0.097938144329897,F1,H1,0.01888123224258087,1,2538
建材營造,20220728,1453,0.097938144329897,F1,H3,-0.0001989406458569043,1,2538
建材營造,20220728,1453,0.097938144329897,F1,H5,-0.004014975223544437,1,2538
建材營造,20220728,1453,0.097938144329897,F1,H10,0.022697266820268736,1,2538
建材營造,20220728,1453,0.097938144329897,F1,S7,0.1028339929517077,1,2538
建材營造,20220728,1453,0.097938144329897,F3,H1,0.010469474959206582,2,"2538,1316"
建材營造,20220728,1453,0.097938144329897,F3,H3,-0.008959338962076513,2,"2538,1316"
建材營造,20220728,1453,0.097938144329897,F3,H5,-0.030644811205048472,2,"2538,1316"
建材營造,20220728,1453,0.097938144329897,F3,H10,0.01896997723275995,2,"2538,1316"
建材營造,20220728,1453,0.097938144329897,F3,S7,0.06727894652936617,2,"2538,1316"
建材營造,20220728,1453,0.097938144329897,F2,H1,0.00098827011164615,1,2542
建材營造,20220728,1453,0.097938144329897,F2,H3,0.013114779991852954,1,2542
建材營造,20220728,1453,0.097938144329897,F2,H5,0.008705140035414116,1,2542
建材營造,20220728,1453,0.097938144329897,F2,H10,0.013114779991852954,1,2542
建材營造,20220728,1453,0.097938144329897,F2,S7,0.061620819512681946,1,2542
建材營造,20220728,1453,0.097938144329897,RAND_SECTOR,H1,-0.009847613439847525,1,2534
建材營造,20220728,1453,0.097938144329897,RAND_SECTOR,H3,-0.015897424355693524,1,2534
建材營造,20220728,1453,0.097938144329897,RAND_SECTOR,H5,-0.034046857103231964,1,2534
建材營造,20220728,1453,0.097938144329897,RAND_SECTOR,H10,0.021849259136338173,1,2534
建材營造,20220728,1453,0.097938144329897,RAND_SECTOR,S7,0.08968987385078364,1,2534
建材營造,20220905,3703,0.08666666666666667,F2,H1,0.1073314622754109,1,3521
建材營造,20220905,3703,0.08666666666666667,F2,H3,0.1804153387855878,1,3521
建材營造,20220905,3703,0.08666666666666667,F2,H5,0.25349921529576513,1,3521
建材營造,20220905,3703,0.08666666666666667,F2,H10,0.1671273612382831,1,3521
建材營造,20220905,3703,0.08666666666666667,F2,S7,0.19591797925744392,1,3521
建材營造,20220905,3703,0.08666666666666667,RAND_SECTOR,H1,-0.02583770653805162,1,2520
建材營造,20220905,3703,0.08666666666666667,RAND_SECTOR,H3,-0.018635027843323937,1,2520
建材營造,20220905,3703,0.08666666666666667,RAND_SECTOR,H5,-0.018635027843323937,1,2520
建材營造,20220905,3703,0.08666666666666667,RAND_SECTOR,H10,-0.033040385232779634,1,2520
建材營造,20220905,3703,0.08666666666666667,RAND_SECTOR,S7,-0.10146583283269484,1,2520
建材營造,20221006,2530,0.061224489795918435,F2,H1,-0.07705210214068081,1,1442
建材營造,20221006,2530,0.061224489795918435,F2,H3,-0.07870022338685845,1,1442
建材營造,20221006,2530,0.061224489795918435,F2,H5,-0.06716337466361677,1,1442
建材營造,20221006,2530,0.061224489795918435,F2,H10,-0.0342009497400696,1,1442
建材營造,20221006,2530,0.061224489795918435,F2,S7,-0.08199646587921283,1,1442
建材營造,20221006,2530,0.061224489795918435,RAND_SECTOR,H1,-0.011897276154505532,1,2534
建材營造,20221006,2530,0.061224489795918435,RAND_SECTOR,H3,-0.013930409331142313,1,2534
建材營造,20221006,2530,0.061224489795918435,RAND_SECTOR,H5,-0.017996675684415986,1,2534
建材營造,20221006,2530,0.061224489795918435,RAND_SECTOR,H10,0.00030152290531537673,1,2534
建材營造,20221006,2530,0.061224489795918435,RAND_SECTOR,S7,0.004367789258588939,1,2534
建材營造,20221111,1442,0.06867671691792276,F2,H1,-0.012919055904815457,1,2530
建材營造,20221111,1442,0.06867671691792276,F2,H3,-0.06379951694064956,1,2530
建材營造,20221111,1442,0.06867671691792276,F2,H5,-0.0027429636976484817,1,2530
建材營造,20221111,1442,0.06867671691792276,F2,H10,-0.04853537862989943,1,2530
建材營造,20221111,1442,0.06867671691792276,F2,S7,-0.07651963219960833,1,2530
建材營造,20221111,1442,0.06867671691792276,RAND_SECTOR,H1,0.0030719461350183774,1,2520
建材營造,20221111,1442,0.06867671691792276,RAND_SECTOR,H3,-0.020551125060190523,1,2520
建材營造,20221111,1442,0.06867671691792276,RAND_SECTOR,H5,-0.0005623725103985899,1,2520
建材營造,20221111,1442,0.06867671691792276,RAND_SECTOR,H10,0.004889105457726695,1,2520
建材營造,20221111,1442,0.06867671691792276,RAND_SECTOR,S7,0.028512176652935484,1,2520
建材營造,20221216,5522,0.061302681992337016,F2,H1,-0.022807145502345527,1,2442
建材營造,20221216,5522,0.061302681992337016,F2,H3,-0.01906311157706697,1,2442
建材營造,20221216,5522,0.061302681992337016,F2,H5,-0.015319077651788637,1,2442
建材營造,20221216,5522,0.061302681992337016,F2,H10,-0.011575043726510081,1,2442
建材營造,20221216,5522,0.061302681992337016,F2,S7,-0.022807145502345527,1,2442
建材營造,20221216,5522,0.061302681992337016,RAND_SECTOR,H1,-0.011864217078462747,1,1316
建材營造,20221216,5522,0.061302681992337016,RAND_SECTOR,H3,-0.023963838910154966,1,1316
建材營造,20221216,5522,0.061302681992337016,RAND_SECTOR,H5,-0.0360634607418473,1,1316
建材營造,20221216,5522,0.061302681992337016,RAND_SECTOR,H10,-0.04816308257353963,1,1316
建材營造,20221216,5522,0.061302681992337016,RAND_SECTOR,S7,-0.05622949712800129,1,1316
建材營造,20230130,4113,0.0652173913043479,F2,H1,-0.0036796751142078588,1,1316
建材營造,20230130,4113,0.0652173913043479,F2,H3,0.012925663633888806,1,1316
建材營造,20230130,4113,0.0652173913043479,F2,H5,0.012925663633888806,1,1316
建材營造,20230130,4113,0.0652173913043479,F2,H10,0.004622994259840585,1,1316
建材營造,20230130,4113,0.0652173913043479,F2,S7,-0.0036796751142078588,1,1316
建材營造,20230130,4113,0.0652173913043479,RAND_SECTOR,H1,-0.005893179742250232,1,2504
建材營造,20230130,4113,0.0652173913043479,RAND_SECTOR,H3,-0.00783100980123197,1,2504
建材營造,20230130,4113,0.0652173913043479,RAND_SECTOR,H5,0.0037959705526595666,1,2504
建材營造,20230130,4113,0.0652173913043479,RAND_SECTOR,H10,0.034801251496371366,1,2504
建材營造,20230130,4113,0.0652173913043479,RAND_SECTOR,S7,0.03867691161433551,1,2504
建材營造,20230406,2442,0.06148867313915862,F2,H1,-0.028372810840543883,1,3056
建材營造,20230406,2442,0.06148867313915862,F2,H3,-0.001668469489438107,1,3056
建材營造,20230406,2442,0.06148867313915862,F2,H5,0.01681915144594237,1,3056
建材營造,20230406,2442,0.06148867313915862,F2,H10,0.0003857106144928846,1,3056
建材營造,20230406,2442,0.06148867313915862,F2,S7,0.014764971342011268,1,3056
建材營造,20230406,2442,0.06148867313915862,RAND_SECTOR,H1,-0.00783100980123197,1,2511
建材營造,20230406,2442,0.06148867313915862,RAND_SECTOR,H3,-0.02457647799024054,1,2511
建材營造,20230406,2442,0.06148867313915862,RAND_SECTOR,H5,-0.01201737684848414,1,2511
建材營造,20230406,2442,0.06148867313915862,RAND_SECTOR,H10,-0.02457647799024054,1,2511
建材營造,20230406,2442,0.06148867313915862,RAND_SECTOR,S7,0.02565992657678562,1,2511
建材營造,20230922,2543,0.09727626459143979,F2,H1,-0.03521932179258547,1,1808
建材營造,20230922,2543,0.09727626459143979,F2,H3,-0.032045701140587246,1,1808
建材營造,20230922,2543,0.09727626459143979,F2,H5,-0.029929954039255358,1,1808
建材營造,20230922,2543,0.09727626459143979,F2,H10,0.003921999582057634,1,1808
建材營造,20230922,2543,0.09727626459143979,F2,S7,-0.010888230127266807,1,1808
建材營造,20230922,2543,0.09727626459143979,RAND_SECTOR,H1,0.0020906801007556375,1,2504
建材營造,20230922,2543,0.09727626459143979,RAND_SECTOR,H3,-0.0038623338404368823,1,2504
建材營造,20230922,2543,0.09727626459143979,RAND_SECTOR,H5,0.004075018081153292,1,2504
建材營造,20230922,2543,0.09727626459143979,RAND_SECTOR,H10,0.015981045963538554,1,2504
建材營造,20230922,2543,0.09727626459143979,RAND_SECTOR,S7,0.004075018081153292,1,2504
建材營造,20240701,6177,0.0590219224283306,F1,H1,-0.009658208678209212,1,2534
建材營造,20240701,6177,0.0590219224283306,F1,H3,-0.024275799694029043,1,2534
建材營造,20240701,6177,0.0590219224283306,F1,H5,-0.014998435956957934,1,2534
建材營造,20240701,6177,0.0590219224283306,F1,H10,0.08938515946186154,1,2534
建材營造,20240701,6177,0.0590219224283306,F1,S7,0.1444237825008754,1,2534
建材營造,20240701,6177,0.0590219224283306,F3,H1,-0.012061315499765246,6,"2527,5533,6219,2534,2509"
建材營造,20240701,6177,0.0590219224283306,F3,H3,-0.01650830597710769,6,"2527,5533,6219,2534,2509"
建材營造,20240701,6177,0.0590219224283306,F3,H5,-0.018198706468110504,6,"2527,5533,6219,2534,2509"
建材營造,20240701,6177,0.0590219224283306,F3,H10,0.05193777361204018,6,"2527,5533,6219,2534,2509"
建材營造,20240701,6177,0.0590219224283306,F3,S7,0.10582050708393125,6,"2527,5533,6219,2534,2509"
建材營造,20240701,6177,0.0590219224283306,F2,H1,0.02074998991642807,1,5508
建材營造,20240701,6177,0.0590219224283306,F2,H3,-0.03437050953905929,1,5508
建材營造,20240701,6177,0.0590219224283306,F2,H5,-0.0772420091155489,1,5508
建材營造,20240701,6177,0.0590219224283306,F2,H10,-0.006766254934217453,1,5508
建材營造,20240701,6177,0.0590219224283306,F2,S7,-0.09706023175837952,1,5508
建材營造,20240701,6177,0.0590219224283306,RAND_SECTOR,H1,0.00017035302295176358,1,5512
建材營造,20240701,6177,0.0590219224283306,RAND_SECTOR,H3,0.020173760083410652,1,5512
建材營造,20240701,6177,0.0590219224283306,RAND_SECTOR,H5,0.02417444149550252,1,5512
建材營造,20240701,6177,0.0590219224283306,RAND_SECTOR,H10,0.00417103443504363,1,5512
建材營造,20240701,6177,0.0590219224283306,RAND_SECTOR,S7,0.10418806973733896,1,5512
建材營造,20240830,1808,0.09623430962343105,F1,H1,-0.03062202795281177,1,1442
建材營造,20240830,1808,0.09623430962343105,F1,H3,-0.06708765699533903,1,1442
建材營造,20240830,1808,0.09623430962343105,F1,H5,-0.07924286667618152,1,1442
建材營造,20240830,1808,0.09623430962343105,F1,H10,-0.039738435213443446,1,1442
建材營造,20240830,1808,0.09623430962343105,F1,S7,0.03015402045140103,1,1442
建材營造,20240830,1808,0.09623430962343105,F3,H1,-0.024434424829432557,36,"2527,3489,5521,2530,2520"
建材營造,20240830,1808,0.09623430962343105,F3,H3,-0.06516566467006418,36,"2527,3489,5521,2530,2520"
建材營造,20240830,1808,0.09623430962343105,F3,H5,-0.09524314776411513,36,"2527,3489,5521,2530,2520"
建材營造,20240830,1808,0.09623430962343105,F3,H10,-0.08465792655393525,36,"2527,3489,5521,2530,2520"
建材營造,20240830,1808,0.09623430962343105,F3,S7,-0.07277625246544013,36,"2527,3489,5521,2530,2520"
建材營造,20240830,1808,0.09623430962343105,F2,H1,-0.029452125810406127,1,2540
建材營造,20240830,1808,0.09623430962343105,F2,H3,-0.0054286635779903225,1,2540
建材營造,20240830,1808,0.09623430962343105,F2,H5,0.016192452431183835,1,2540
建材營造,20240830,1808,0.09623430962343105,F2,H10,-0.09202662428665098,1,2540
建材營造,20240830,1808,0.09623430962343105,F2,S7,-0.11593658984710264,1,2540
建材營造,20240830,1808,0.09623430962343105,RAND_SECTOR,H1,-0.010311432276728816,1,9906
建材營造,20240830,1808,0.09623430962343105,RAND_SECTOR,H3,0.0020906801007556375,1,9906
建材營造,20240830,1808,0.09623430962343105,RAND_SECTOR,H5,-0.07480241663964893,1,9906
建材營造,20240830,1808,0.09623430962343105,RAND_SECTOR,H10,-0.09100823163090377,1,9906
建材營造,20240830,1808,0.09623430962343105,RAND_SECTOR,S7,-0.14924447305845034,1,9906
建材營造,20240918,1442,0.09861325115562392,F1,H1,-0.022863873289092007,1,1808
建材營造,20240918,1442,0.09861325115562392,F1,H3,-0.12809391770411294,1,1808
建材營造,20240918,1442,0.09861325115562392,F1,H5,-0.08397480559809867,1,1808
建材營造,20240918,1442,0.09861325115562392,F1,H10,-0.11959800760261696,1,1808
建材營造,20240918,1442,0.09861325115562392,F1,S7,-0.11306105421625279,1,1808
建材營造,20240918,1442,0.09861325115562392,F3,H1,-0.030079718141549243,28,"2527,5521,2520,2538,5515"
建材營造,20240918,1442,0.09861325115562392,F3,H3,-0.08446108186294932,28,"2527,5521,2520,2538,5515"
建材營造,20240918,1442,0.09861325115562392,F3,H5,-0.06926840515429024,28,"2527,5521,2520,2538,5515"
建材營造,20240918,1442,0.09861325115562392,F3,H10,-0.08661973078183884,28,"2527,5521,2520,2538,5515"
建材營造,20240918,1442,0.09861325115562392,F3,S7,-0.08128956089721484,28,"2527,5521,2520,2538,5515"
建材營造,20240918,1442,0.09861325115562392,F2,H1,-0.04639588221178481,1,3188
建材營造,20240918,1442,0.09861325115562392,F2,H3,-0.18195725189736445,1,3188
建材營造,20240918,1442,0.09861325115562392,F2,H5,-0.18078861940007496,1,3188
建材營造,20240918,1442,0.09861325115562392,F2,H10,-0.2181848593133383,1,3188
建材營造,20240918,1442,0.09861325115562392,F2,S7,-0.13170605451391681,1,3188
建材營造,20240918,1442,0.09861325115562392,RAND_SECTOR,H1,-0.019323314707008987,1,2542
建材營造,20240918,1442,0.09861325115562392,RAND_SECTOR,H3,-0.0566733056507851,1,2542
建材營造,20240918,1442,0.09861325115562392,RAND_SECTOR,H5,-0.02102587839675396,1,2542
建材營造,20240918,1442,0.09861325115562392,RAND_SECTOR,H10,-0.07210278908909729,1,2542
建材營造,20240918,1442,0.09861325115562392,RAND_SECTOR,S7,-0.026346389927206504,1,2542
建材營造,20241101,1436,0.06844106463878319,F1,H1,-0.05185215953701339,1,4113
建材營造,20241101,1436,0.06844106463878319,F1,H3,-0.055238401824381334,1,4113
建材營造,20241101,1436,0.06844106463878319,F1,H5,-0.03830719038754227,1,4113
建材營造,20241101,1436,0.06844106463878319,F1,H10,-0.0027516463701802163,1,4113
建材營造,20241101,1436,0.06844106463878319,F1,S7,0.08698377424506676,1,4113
建材營造,20241101,1436,0.06844106463878319,F3,H1,-0.03290575423655079,14,"2527,2530,2538,5508,2515"
建材營造,20241101,1436,0.06844106463878319,F3,H3,-0.035577952042901775,14,"2527,2530,2538,5508,2515"
建材營造,20241101,1436,0.06844106463878319,F3,H5,-0.018797972908880023,14,"2527,2530,2538,5508,2515"
建材營造,20241101,1436,0.06844106463878319,F3,H10,-0.011212945775422407,14,"2527,2530,2538,5508,2515"
建材營造,20241101,1436,0.06844106463878319,F3,S7,0.021602891859173,14,"2527,2530,2538,5508,2515"
建材營造,20241101,1436,0.06844106463878319,F2,H1,-0.08387749527754473,1,2524
建材營造,20241101,1436,0.06844106463878319,F2,H3,-0.1076420219888925,1,2524
建材營造,20241101,1436,0.06844106463878319,F2,H5,-0.0921950796265163,1,2524
建材營造,20241101,1436,0.06844106463878319,F2,H10,-0.05654828955949476,1,2524
建材營造,20241101,1436,0.06844106463878319,F2,S7,-0.08387749527754473,1,2524
建材營造,20241101,1436,0.06844106463878319,RAND_SECTOR,H1,-0.003917128183090757,1,9946
建材營造,20241101,1436,0.06844106463878319,RAND_SECTOR,H3,-0.023486536273796266,1,9946
建材營造,20241101,1436,0.06844106463878319,RAND_SECTOR,H5,-0.048926766791713594,1,9946
建材營造,20241101,1436,0.06844106463878319,RAND_SECTOR,H10,-0.08806558297312428,1,9946
建材營造,20241101,1436,0.06844106463878319,RAND_SECTOR,S7,-0.09197946459126571,1,9946
建材營造,20250505,2516,0.05357142857142838,F1,H1,0.007259012863388037,1,2547
建材營造,20250505,2516,0.05357142857142838,F1,H3,0.02989404686031838,1,2547
建材營造,20250505,2516,0.05357142857142838,F1,H5,0.08648163185264335,1,2547
建材營造,20250505,2516,0.05357142857142838,F1,H10,0.06384659785571323,1,2547
建材營造,20250505,2516,0.05357142857142838,F1,S7,0.003486507197233202,1,2547
建材營造,20250505,2516,0.05357142857142838,F3,H1,0.007259012863388037,1,2547
建材營造,20250505,2516,0.05357142857142838,F3,H3,0.02989404686031838,1,2547
建材營造,20250505,2516,0.05357142857142838,F3,H5,0.08648163185264335,1,2547
建材營造,20250505,2516,0.05357142857142838,F3,H10,0.06384659785571323,1,2547
建材營造,20250505,2516,0.05357142857142838,F3,S7,0.003486507197233202,1,2547
建材營造,20250505,2516,0.05357142857142838,F2,H1,-0.04660137886761351,1,2524
建材營造,20250505,2516,0.05357142857142838,F2,H3,-0.09947006395813407,1,2524
建材營造,20250505,2516,0.05357142857142838,F2,H5,-0.08713403743701265,1,2524
建材營造,20250505,2516,0.05357142857142838,F2,H10,-0.07656030041890849,1,2524
建材營造,20250505,2516,0.05357142857142838,F2,S7,-0.07303572141287373,1,2524
建材營造,20250505,2516,0.05357142857142838,RAND_SECTOR,H1,-0.006654059634922493,1,2504
建材營造,20250505,2516,0.05357142857142838,RAND_SECTOR,H3,0.015707993524954666,1,2504
建材營造,20250505,2516,0.05357142857142838,RAND_SECTOR,H5,0.019238844023882873,1,2504
建材營造,20250505,2516,0.05357142857142838,RAND_SECTOR,H10,0.03571614635221332,1,2504
建材營造,20250505,2516,0.05357142857142838,RAND_SECTOR,S7,-0.00547710946861335,1,2504
建材營造,20250701,1808,0.09950248756218905,F1,H1,-0.00783100980123197,1,3703
建材營造,20250701,1808,0.09950248756218905,F1,H3,-0.0015114620929596034,1,3703
建材營造,20250701,1808,0.09950248756218905,F1,H5,-0.01625707341226179,1,3703
建材營造,20250701,1808,0.09950248756218905,F1,H10,-0.014150557509504447,1,3703
建材營造,20250701,1808,0.09950248756218905,F1,S7,-0.01233829992575719,1,3703
建材營造,20250701,1808,0.09950248756218905,F3,H1,-0.00265219828373175,24,"5521,2504,2530,2520,2540"
建材營造,20250701,1808,0.09950248756218905,F3,H3,-0.010720464480020042,24,"5521,2504,2530,2520,2540"
建材營造,20250701,1808,0.09950248756218905,F3,H5,-0.02502357398413334,24,"5521,2504,2530,2520,2540"
建材營造,20250701,1808,0.09950248756218905,F3,H10,-0.017951562131793164,24,"5521,2504,2530,2520,2540"
建材營造,20250701,1808,0.09950248756218905,F3,S7,-0.039250376019300204,24,"5521,2504,2530,2520,2540"
建材營造,20250701,1808,0.09950248756218905,F2,H1,-0.01142582498311151,1,3052
建材營造,20250701,1808,0.09950248756218905,F2,H3,-0.004236194619352318,1,3052
建材營造,20250701,1808,0.09950248756218905,F2,H5,-0.01142582498311151,1,3052
建材營造,20250701,1808,0.09950248756218905,F2,H10,-0.040184346438148166,1,3052
建材營造,20250701,1808,0.09950248756218905,F2,S7,-0.09410657416634227,1,3052
建材營造,20250701,1808,0.09950248756218905,RAND_SECTOR,H1,-0.03427352054812838,1,2545
建材營造,20250701,1808,0.09950248756218905,RAND_SECTOR,H3,-0.051518636252626204,1,2545
建材營造,20250701,1808,0.09950248756218905,RAND_SECTOR,H5,-0.06416505443592435,1,2545
建材營造,20250701,1808,0.09950248756218905,RAND_SECTOR,H10,-0.04921928749202631,1,2545
建材營造,20250701,1808,0.09950248756218905,RAND_SECTOR,S7,-0.09290691394342054,1,2545
建材營造,20250723,3056,0.053651266766020944,F1,H1,-0.0028284770775407475,1,2528
建材營造,20250723,3056,0.053651266766020944,F1,H3,-0.01950358615651171,1,2528
建材營造,20250723,3056,0.053651266766020944,F1,H5,-0.054225760772592,1,2528
建材營造,20250723,3056,0.053651266766020944,F1,H10,-0.026202820351039047,1,2528
建材營造,20250723,3056,0.053651266766020944,F1,S7,-0.054225760772592,1,2528
建材營造,20250723,3056,0.053651266766020944,F3,H1,-0.009690925813886364,2,"3703,2528"
建材營造,20250723,3056,0.053651266766020944,F3,H3,-0.019118775946996902,2,"3703,2528"
建材營造,20250723,3056,0.053651266766020944,F3,H5,-0.041931341223162166,2,"3703,2528"
建材營造,20250723,3056,0.053651266766020944,F3,H10,-0.020287801857010568,2,"3703,2528"
建材營造,20250723,3056,0.053651266766020944,F3,S7,-0.019035133757036693,2,"3703,2528"
建材營造,20250723,3056,0.053651266766020944,F2,H1,-0.012126113654906456,1,2547
建材營造,20250723,3056,0.053651266766020944,F2,H3,-0.012126113654906456,1,2547
建材營造,20250723,3056,0.053651266766020944,F2,H5,-0.00783100980123197,1,2547
建材營造,20250723,3056,0.053651266766020944,F2,H10,-0.02501142521592925,1,2547
建材營造,20250723,3056,0.053651266766020944,F2,S7,-0.029306529069603626,1,2547
建材營造,20250723,3056,0.053651266766020944,RAND_SECTOR,H1,-0.03995603314515206,1,2504
建材營造,20250723,3056,0.053651266766020944,RAND_SECTOR,H3,-0.06343201174263235,1,2504
建材營造,20250723,3056,0.053651266766020944,RAND_SECTOR,H5,-0.08073010123551239,1,2504
建材營造,20250723,3056,0.053651266766020944,RAND_SECTOR,H10,-0.04736950007067231,1,2504
建材營造,20250723,3056,0.053651266766020944,RAND_SECTOR,S7,-0.08073010123551239,1,2504
建材營造,20250815,2543,0.06068268015170686,F2,H1,0.016192452431183835,1,2501
建材營造,20250815,2543,0.06068268015170686,F2,H3,0.023399491100908554,1,2501
建材營造,20250815,2543,0.06068268015170686,F2,H5,0.023399491100908554,1,2501
建材營造,20250815,2543,0.06068268015170686,F2,H10,0.008985413761459116,1,2501
建材營造,20250815,2543,0.06068268015170686,F2,S7,0.1242980324770544,1,2501
建材營造,20250815,2543,0.06068268015170686,RAND_SECTOR,H1,-0.0006931033969242995,1,6186
建材營造,20250815,2543,0.06068268015170686,RAND_SECTOR,H3,-0.02353440389070871,1,6186
建材營造,20250815,2543,0.06068268015170686,RAND_SECTOR,H5,0.005017221726521859,1,6186
建材營造,20250815,2543,0.06068268015170686,RAND_SECTOR,H10,-0.03067231029501638,1,6186
建材營造,20250815,2543,0.06068268015170686,RAND_SECTOR,S7,-0.0059228335499419416,1,6186
建材營造,20251027,2515,0.09865470852017943,F1,H1,-0.019032917755088974,1,2528
建材營造,20251027,2515,0.09865470852017943,F1,H3,-0.006230737236395112,1,2528
建材營造,20251027,2515,0.09865470852017943,F1,H5,-0.006230737236395112,1,2528
建材營造,20251027,2515,0.09865470852017943,F1,H10,-0.028634553144109343,1,2528
建材營造,20251027,2515,0.09865470852017943,F1,S7,-0.05583918674633348,1,2528
建材營造,20251027,2515,0.09865470852017943,F3,H1,-0.019032917755088974,1,2528
建材營造,20251027,2515,0.09865470852017943,F3,H3,-0.006230737236395112,1,2528
建材營造,20251027,2515,0.09865470852017943,F3,H5,-0.006230737236395112,1,2528
建材營造,20251027,2515,0.09865470852017943,F3,H10,-0.028634553144109343,1,2528
建材營造,20251027,2515,0.09865470852017943,F3,S7,-0.05583918674633348,1,2528
建材營造,20251027,2515,0.09865470852017943,F2,H1,-0.019032917755088974,1,2528
建材營造,20251027,2515,0.09865470852017943,F2,H3,-0.006230737236395112,1,2528
建材營造,20251027,2515,0.09865470852017943,F2,H5,-0.006230737236395112,1,2528
建材營造,20251027,2515,0.09865470852017943,F2,H10,-0.028634553144109343,1,2528
建材營造,20251027,2515,0.09865470852017943,F2,S7,-0.05583918674633348,1,2528
建材營造,20251027,2515,0.09865470852017943,RAND_SECTOR,H1,-0.025805085710629783,1,5522
建材營造,20251027,2515,0.09865470852017943,RAND_SECTOR,H3,-0.02760249330156972,1,5522
建材營造,20251027,2515,0.09865470852017943,RAND_SECTOR,H5,-0.04018434643814828,1,5522
建材營造,20251027,2515,0.09865470852017943,RAND_SECTOR,H10,-0.015020640164991161,1,5522
建材營造,20251027,2515,0.09865470852017943,RAND_SECTOR,S7,0.04788862551790185,1,5522
建材營造,20251210,3313,0.0984615384615386,F2,H1,-0.018532370250217145,1,1808
建材營造,20251210,3313,0.0984615384615386,F2,H3,-0.032291262256055275,1,1808
建材營造,20251210,3313,0.0984615384615386,F2,H5,0.008985413761458894,1,1808
建材營造,20251210,3313,0.0984615384615386,F2,H10,0.04567579244369391,1,1808
建材營造,20251210,3313,0.0984615384615386,F2,S7,0.11599901825131065,1,1808
建材營造,20251210,3313,0.0984615384615386,RAND_SECTOR,H1,-0.014150557509504336,1,1316
建材營造,20251210,3313,0.0984615384615386,RAND_SECTOR,H3,-0.03942874834259402,1,1316
建材營造,20251210,3313,0.0984615384615386,RAND_SECTOR,H5,-0.02678965292604918,1,1316
建材營造,20251210,3313,0.0984615384615386,RAND_SECTOR,H10,0.03008627644840245,1,1316
建材營造,20251210,3313,0.0984615384615386,RAND_SECTOR,S7,-0.0741862607380922,1,1316
建材營造,20260126,2515,0.09848484848484862,F2,H1,-0.009352741381291496,1,2543
建材營造,20260126,2515,0.09848484848484862,F2,H3,0.0012993796791247458,1,2543
建材營造,20260126,2515,0.09848484848484862,F2,H5,-0.010874472961351023,1,2543
建材營造,20260126,2515,0.09848484848484862,F2,H10,-0.07022200458366967,1,2543
建材營造,20260126,2515,0.09848484848484862,F2,S7,-0.06565680984349143,1,2543
建材營造,20260126,2515,0.09848484848484862,RAND_SECTOR,H1,-0.03263523455620121,1,1808
建材營造,20260126,2515,0.09848484848484862,RAND_SECTOR,H3,-0.029534706461829874,1,1808
建材營造,20260126,2515,0.09848484848484862,RAND_SECTOR,H5,0.0014705744818814814,1,1808
建材營造,20260126,2515,0.09848484848484862,RAND_SECTOR,H10,-0.02488391432027337,1,1808
建材營造,20260126,2515,0.09848484848484862,RAND_SECTOR,S7,-0.08224368406613947,1,1808
建材營造,20260410,5515,0.07304116865869847,F1,H1,-0.0033617801156518023,1,5519
建材營造,20260410,5515,0.07304116865869847,F1,H3,-0.004851523344178599,1,5519
建材營造,20260410,5515,0.07304116865869847,F1,H5,-0.0137899827153386,1,5519
建材營造,20260410,5515,0.07304116865869847,F1,H10,-0.01676946917239186,1,5519
建材營造,20260410,5515,0.07304116865869847,F1,S7,-0.01676946917239186,1,5519
建材營造,20260410,5515,0.07304116865869847,F3,H1,-0.0033617801156518023,1,5519
建材營造,20260410,5515,0.07304116865869847,F3,H3,-0.004851523344178599,1,5519
建材營造,20260410,5515,0.07304116865869847,F3,H5,-0.0137899827153386,1,5519
建材營造,20260410,5515,0.07304116865869847,F3,H10,-0.01676946917239186,1,5519
建材營造,20260410,5515,0.07304116865869847,F3,S7,-0.01676946917239186,1,5519
建材營造,20260410,5515,0.07304116865869847,F2,H1,-0.010637711329375632,1,2535
建材營造,20260410,5515,0.07304116865869847,F2,H3,0.001992445547270627,1,2535
建材營造,20260410,5515,0.07304116865869847,F2,H5,-0.012041062093447463,1,2535
建材營造,20260410,5515,0.07304116865869847,F2,H10,0.07075663298678903,1,2535
建材營造,20260410,5515,0.07304116865869847,F2,S7,0.03146281159277864,1,2535
建材營造,20260410,5515,0.07304116865869847,RAND_SECTOR,H1,-0.01730279013725844,1,5534
建材營造,20260410,5515,0.07304116865869847,RAND_SECTOR,H3,-0.03151046064129803,1,5534
建材營造,20260410,5515,0.07304116865869847,RAND_SECTOR,H5,-0.05874182910737402,1,5534
建材營造,20260410,5515,0.07304116865869847,RAND_SECTOR,H10,-0.08478922503144659,1,5534
建材營造,20260410,5515,0.07304116865869847,RAND_SECTOR,S7,-0.07413347215341681,1,5534
建材營造,20260521,2515,0.0992063492063493,F2,H1,-0.022702921859885872,1,2543
建材營造,20260521,2515,0.0992063492063493,F2,H3,-0.1246817474049412,1,2543
建材營造,20260521,2515,0.0992063492063493,F2,H5,-0.10768527648076542,1,2543
建材營造,20260521,2515,0.0992063492063493,F2,H10,-0.0014573332046659004,1,2543
建材營造,20260521,2515,0.0992063492063493,F2,S7,-0.09812476158591632,1,2543
建材營造,20260521,2515,0.0992063492063493,RAND_SECTOR,H1,-0.03145408099644076,1,1808
建材營造,20260521,2515,0.0992063492063493,RAND_SECTOR,H3,-0.026391994311752875,1,1808
建材營造,20260521,2515,0.0992063492063493,RAND_SECTOR,H5,-0.04326561659404493,1,1808
建材營造,20260521,2515,0.0992063492063493,RAND_SECTOR,H10,0.06978765269731113,1,1808
建材營造,20260521,2515,0.0992063492063493,RAND_SECTOR,S7,0.0748497393819989,1,1808
建材營造,20260813,5515,0.0980392156862746,F2,H1,-0.017060488779825134,1,5521
建材營造,20260813,5515,0.0980392156862746,F2,H3,-0.04474892571560485,1,5521
建材營造,20260813,5515,0.0980392156862746,F2,H5,-0.017060488779825134,1,5521
建材營造,20260813,5515,0.0980392156862746,F2,H10,-0.0032162703119352765,1,5521
建材營造,20260813,5515,0.0980392156862746,F2,S7,-0.026289967758418298,1,5521
建材營造,20260813,5515,0.0980392156862746,RAND_SECTOR,H1,0.006977482589794359,1,1316
建材營造,20260813,5515,0.0980392156862746,RAND_SECTOR,H3,0.016849810850478653,1,1316
建材營造,20260813,5515,0.0980392156862746,RAND_SECTOR,H5,0.06127528802355764,1,1316
建材營造,20260813,5515,0.0980392156862746,RAND_SECTOR,H10,0.16987089889108464,1,1316
建材營造,20260813,5515,0.0980392156862746,RAND_SECTOR,S7,0.06621145215390012,1,1316
數位雲端,20211006,6165,0.09899569583931123,F2,H1,0.025463251614834315,1,8454
數位雲端,20211006,6165,0.09899569583931123,F2,H3,-0.00783100980123197,1,8454
數位雲端,20211006,6165,0.09899569583931123,F2,H5,0.15198144499588495,1,8454
數位雲端,20211006,6165,0.09899569583931123,F2,H10,0.195263984836771,1,8454
數位雲端,20211006,6165,0.09899569583931123,F2,S7,0.08539292216375305,1,8454
數位雲端,20211006,6165,0.09899569583931123,RAND_SECTOR,H1,0.025463251614834315,1,8454
數位雲端,20211006,6165,0.09899569583931123,RAND_SECTOR,H3,-0.00783100980123197,1,8454
數位雲端,20211006,6165,0.09899569583931123,RAND_SECTOR,H5,0.15198144499588495,1,8454
數位雲端,20211006,6165,0.09899569583931123,RAND_SECTOR,H10,0.195263984836771,1,8454
數位雲端,20211006,6165,0.09899569583931123,RAND_SECTOR,S7,0.08539292216375305,1,8454
數位雲端,20211102,3687,0.10000000000000009,F2,H1,-0.02409607521432655,1,8044
數位雲端,20211102,3687,0.10000000000000009,F2,H3,-0.02409607521432655,1,8044
數位雲端,20211102,3687,0.10000000000000009,F2,H5,-0.017590049049088674,1,8044
數位雲端,20211102,3687,0.10000000000000009,F2,H10,-0.06313223220575337,1,8044
數位雲端,20211102,3687,0.10000000000000009,F2,S7,-0.05987921912313454,1,8044
數位雲端,20211102,3687,0.10000000000000009,RAND_SECTOR,H1,0.009129143877379287,1,5321
數位雲端,20211102,3687,0.10000000000000009,RAND_SECTOR,H3,0.08544983543113105,1,5321
數位雲端,20211102,3687,0.10000000000000009,RAND_SECTOR,H5,0.14057033488661785,1,5321
數位雲端,20211102,3687,0.10000000000000009,RAND_SECTOR,H10,-0.016311086640537598,1,5321
數位雲端,20211102,3687,0.10000000000000009,RAND_SECTOR,S7,-0.06719154767637192,1,5321
數位雲端,20211209,3687,0.09722222222222232,F2,H1,-0.08979279594808665,1,5321
數位雲端,20211209,3687,0.09722222222222232,F2,H3,-0.06822390485680907,1,5321
數位雲端,20211209,3687,0.09722222222222232,F2,H5,-0.08979279594808665,1,5321
數位雲端,20211209,3687,0.09722222222222232,F2,H10,-0.055282570202042525,1,5321
數位雲端,20211209,3687,0.09722222222222232,F2,S7,-0.08979279594808665,1,5321
數位雲端,20211209,3687,0.09722222222222232,RAND_SECTOR,H1,-0.08979279594808665,1,5321
數位雲端,20211209,3687,0.09722222222222232,RAND_SECTOR,H3,-0.06822390485680907,1,5321
數位雲端,20211209,3687,0.09722222222222232,RAND_SECTOR,H5,-0.08979279594808665,1,5321
數位雲端,20211209,3687,0.09722222222222232,RAND_SECTOR,H10,-0.055282570202042525,1,5321
數位雲端,20211209,3687,0.09722222222222232,RAND_SECTOR,S7,-0.08979279594808665,1,5321
數位雲端,20220216,5321,0.09090909090909083,F2,H1,-0.020130625382208334,1,8044
數位雲端,20220216,5321,0.09090909090909083,F2,H3,-0.04062998468383583,1,8044
數位雲端,20220216,5321,0.09090909090909083,F2,H5,-0.05292960026481219,1,8044
數位雲端,20220216,5321,0.09090909090909083,F2,H10,-0.22102434653815717,1,8044
數位雲端,20220216,5321,0.09090909090909083,F2,S7,-0.08162870328709071,1,8044
數位雲端,20220216,5321,0.09090909090909083,RAND_SECTOR,H1,-0.022683838995824268,1,3687
數位雲端,20220216,5321,0.09090909090909083,RAND_SECTOR,H3,-0.013772141479068911,1,3687
數位雲端,20220216,5321,0.09090909090909083,RAND_SECTOR,H5,-0.013772141479068911,1,3687
數位雲端,20220216,5321,0.09090909090909083,RAND_SECTOR,H10,0.14069728214469146,1,3687
數位雲端,20220216,5321,0.09090909090909083,RAND_SECTOR,S7,0.030786346104708207,1,3687
數位雲端,20220322,5321,0.0985401459854014,F2,H1,-0.019642545398836253,1,3687
數位雲端,20220322,5321,0.0985401459854014,F2,H3,-0.022595429298237324,1,3687
數位雲端,20220322,5321,0.0985401459854014,F2,H5,-0.04326561659404504,1,3687
數位雲端,20220322,5321,0.0985401459854014,F2,H10,-0.1584280886706878,1,3687
數位雲端,20220322,5321,0.0985401459854014,F2,S7,-0.12889924967667687,1,3687
數位雲端,20220322,5321,0.0985401459854014,RAND_SECTOR,H1,0.030207417938018066,1,6741
數位雲端,20220322,5321,0.0985401459854014,RAND_SECTOR,H3,-0.014170747757773605,1,6741
數位雲端,20220322,5321,0.0985401459854014,RAND_SECTOR,H5,0.08409519056862202,1,6741
數位雲端,20220322,5321,0.0985401459854014,RAND_SECTOR,H10,0.023867679981476098,1,6741
數位雲端,20220322,5321,0.0985401459854014,RAND_SECTOR,S7,-0.04903930651875266,1,6741
數位雲端,20220607,8454,0.0962772785622592,F2,H1,-0.011721868586325068,1,3687
數位雲端,20220607,8454,0.0962772785622592,F2,H3,0.0194050016944205,1,3687
數位雲端,20220607,8454,0.0962772785622592,F2,H5,0.03496843683479334,1,3687
數位雲端,20220607,8454,0.0962772785622592,F2,H10,-0.046739597652163956,1,3687
數位雲端,20220607,8454,0.0962772785622592,F2,S7,-0.11288419699874852,1,3687
數位雲端,20220607,8454,0.0962772785622592,RAND_SECTOR,H1,-0.011721868586325068,1,3687
數位雲端,20220607,8454,0.0962772785622592,RAND_SECTOR,H3,0.0194050016944205,1,3687
數位雲端,20220607,8454,0.0962772785622592,RAND_SECTOR,H5,0.03496843683479334,1,3687
數位雲端,20220607,8454,0.0962772785622592,RAND_SECTOR,H10,-0.046739597652163956,1,3687
數位雲端,20220607,8454,0.0962772785622592,RAND_SECTOR,S7,-0.11288419699874852,1,3687
數位雲端,20221031,8044,0.07725321888412018,F2,H1,0.009611464690369997,1,8454
數位雲端,20221031,8044,0.07725321888412018,F2,H3,-0.0437419866957065,1,8454
數位雲端,20221031,8044,0.07725321888412018,F2,H5,0.04039230202849109,1,8454
數位雲端,20221031,8044,0.07725321888412018,F2,H10,0.1594115397358924,1,8454
數位雲端,20221031,8044,0.07725321888412018,F2,S7,0.202504712009262,1,8454
數位雲端,20221031,8044,0.07725321888412018,RAND_SECTOR,H1,0.012322422812180545,1,8932
數位雲端,20221031,8044,0.07725321888412018,RAND_SECTOR,H3,0.03402611947277867,1,8932
數位雲端,20221031,8044,0.07725321888412018,RAND_SECTOR,H5,0.2061054287103774,1,8932
數位雲端,20221031,8044,0.07725321888412018,RAND_SECTOR,H10,0.21540701299349108,1,8932
數位雲端,20221031,8044,0.07725321888412018,RAND_SECTOR,S7,0.2603646703618725,1,8932
數位雲端,20221205,8044,0.09845559845559859,F1,H1,-0.045869437540481894,1,8454
數位雲端,20221205,8044,0.09845559845559859,F1,H3,-0.006246075312096533,1,8454
數位雲端,20221205,8044,0.09845559845559859,F1,H5,0.022282745492340883,1,8454
數位雲端,20221205,8044,0.09845559845559859,F1,H10,-0.04428450305134635,1,8454
數位雲端,20221205,8044,0.09845559845559859,F1,S7,-0.07281332385578387,1,8454
數位雲端,20221205,8044,0.09845559845559859,F3,H1,-0.045869437540481894,1,8454
數位雲端,20221205,8044,0.09845559845559859,F3,H3,-0.006246075312096533,1,8454
數位雲端,20221205,8044,0.09845559845559859,F3,H5,0.022282745492340883,1,8454
數位雲端,20221205,8044,0.09845559845559859,F3,H10,-0.04428450305134635,1,8454
數位雲端,20221205,8044,0.09845559845559859,F3,S7,-0.07281332385578387,1,8454
數位雲端,20221205,8044,0.09845559845559859,F2,H1,-0.045869437540481894,1,8454
數位雲端,20221205,8044,0.09845559845559859,F2,H3,-0.006246075312096533,1,8454
數位雲端,20221205,8044,0.09845559845559859,F2,H5,0.022282745492340883,1,8454
數位雲端,20221205,8044,0.09845559845559859,F2,H10,-0.04428450305134635,1,8454
數位雲端,20221205,8044,0.09845559845559859,F2,S7,-0.07281332385578387,1,8454
數位雲端,20221205,8044,0.09845559845559859,RAND_SECTOR,H1,-0.045869437540481894,1,8454
數位雲端,20221205,8044,0.09845559845559859,RAND_SECTOR,H3,-0.006246075312096533,1,8454
數位雲端,20221205,8044,0.09845559845559859,RAND_SECTOR,H5,0.022282745492340883,1,8454
數位雲端,20221205,8044,0.09845559845559859,RAND_SECTOR,H10,-0.04428450305134635,1,8454
數位雲端,20221205,8044,0.09845559845559859,RAND_SECTOR,S7,-0.07281332385578387,1,8454
數位雲端,20230217,6741,0.09913793103448265,F2,H1,-0.00783100980123197,1,5321
數位雲端,20230217,6741,0.09913793103448265,F2,H3,-0.01773070039079827,1,5321
數位雲端,20230217,6741,0.09913793103448265,F2,H5,-0.04962970340162365,1,5321
數位雲端,20230217,6741,0.09913793103448265,F2,H10,-0.010030941043357666,1,5321
數位雲端,20230217,6741,0.09913793103448265,F2,S7,-0.07052905020181932,1,5321
數位雲端,20230217,6741,0.09913793103448265,RAND_SECTOR,H1,-0.01003582977945161,1,3687
數位雲端,20230217,6741,0.09913793103448265,RAND_SECTOR,H3,-0.03649366951808519,1,3687
數位雲端,20230217,6741,0.09913793103448265,RAND_SECTOR,H5,-0.05082499937651197,1,3687
數位雲端,20230217,6741,0.09913793103448265,RAND_SECTOR,H10,-0.04090330947452425,1,3687
數位雲端,20230217,6741,0.09913793103448265,RAND_SECTOR,S7,-0.08499970903891385,1,3687
數位雲端,20230309,5321,0.09933774834437092,F2,H1,-0.0224456103115247,1,6165
數位雲端,20230309,5321,0.09933774834437092,F2,H3,-0.03381252181953032,1,6165
數位雲端,20230309,5321,0.09933774834437092,F2,H5,-0.0744086343481215,1,6165
數位雲端,20230309,5321,0.09933774834437092,F2,H10,-0.017574076808093864,1,6165
數位雲端,20230309,5321,0.09933774834437092,F2,S7,-0.017574076808093864,1,6165
數位雲端,20230309,5321,0.09933774834437092,RAND_SECTOR,H1,-0.03445017783095505,1,6811
數位雲端,20230309,5321,0.09933774834437092,RAND_SECTOR,H3,-0.010250934167570391,1,6811
數位雲端,20230309,5321,0.09933774834437092,RAND_SECTOR,H5,-0.09978813572209333,1,6811
數位雲端,20230309,5321,0.09933774834437092,RAND_SECTOR,H10,0.15430392274344484,1,6811
數位雲端,20230309,5321,0.09933774834437092,RAND_SECTOR,S7,-0.09978813572209333,1,6811
數位雲端,20230427,6741,0.09958506224066399,F2,H1,0.049409508864081575,1,6689
數位雲端,20230427,6741,0.09958506224066399,F2,H3,0.07612175090789464,1,6689
數位雲端,20230427,6741,0.09958506224066399,F2,H5,0.053225543441769,1,6689
數位雲端,20230427,6741,0.09958506224066399,F2,H10,0.11046606210708276,1,6689
數位雲端,20230427,6741,0.09958506224066399,F2,S7,0.2669234797922728,1,6689
數位雲端,20230427,6741,0.09958506224066399,RAND_SECTOR,H1,-0.0054402411501504044,1,8454
數位雲端,20230427,6741,0.09958506224066399,RAND_SECTOR,H3,-0.0676002260782661,1,8454
數位雲端,20230427,6741,0.09958506224066399,RAND_SECTOR,H5,-0.11422021477435285,1,8454
數位雲端,20230427,6741,0.09958506224066399,RAND_SECTOR,H10,-0.14051866993624795,1,8454
數位雲端,20230427,6741,0.09958506224066399,RAND_SECTOR,S7,-0.09031252826353908,1,8454
數位雲端,20230620,3687,0.09653725078698838,F1,H1,-0.041620046619146644,1,5321
數位雲端,20230620,3687,0.09653725078698838,F1,H3,-0.04469177723895734,1,5321
數位雲端,20230620,3687,0.09653725078698838,F1,H5,-0.047763507858767484,1,5321
數位雲端,20230620,3687,0.09653725078698838,F1,H10,-0.06312216095781975,1,5321
數位雲端,20230620,3687,0.09653725078698838,F1,S7,-0.0784808140568718,1,5321
數位雲端,20230620,3687,0.09653725078698838,F3,H1,-0.041620046619146644,1,5321
數位雲端,20230620,3687,0.09653725078698838,F3,H3,-0.04469177723895734,1,5321
數位雲端,20230620,3687,0.09653725078698838,F3,H5,-0.047763507858767484,1,5321
數位雲端,20230620,3687,0.09653725078698838,F3,H10,-0.06312216095781975,1,5321
數位雲端,20230620,3687,0.09653725078698838,F3,S7,-0.0784808140568718,1,5321
數位雲端,20230620,3687,0.09653725078698838,F2,H1,-0.041620046619146644,1,5321
數位雲端,20230620,3687,0.09653725078698838,F2,H3,-0.04469177723895734,1,5321
數位雲端,20230620,3687,0.09653725078698838,F2,H5,-0.047763507858767484,1,5321
數位雲端,20230620,3687,0.09653725078698838,F2,H10,-0.06312216095781975,1,5321
數位雲端,20230620,3687,0.09653725078698838,F2,S7,-0.0784808140568718,1,5321
數位雲端,20230620,3687,0.09653725078698838,RAND_SECTOR,H1,0.023738003523274376,1,8454
數位雲端,20230620,3687,0.09653725078698838,RAND_SECTOR,H3,0.03426100796477649,1,8454
數位雲端,20230620,3687,0.09653725078698838,RAND_SECTOR,H5,0.03426100796477649,1,8454
數位雲端,20230620,3687,0.09653725078698838,RAND_SECTOR,H10,0.025241289872060424,1,8454
數位雲端,20230620,3687,0.09653725078698838,RAND_SECTOR,S7,-0.037896736776952156,1,8454
數位雲端,20230719,6811,0.09859154929577474,F2,H1,0.05408281174003271,1,8932
數位雲端,20230719,6811,0.09859154929577474,F2,H3,0.06801342158681756,1,8932
數位雲端,20230719,6811,0.09859154929577474,F2,H5,0.061822039432690934,1,8932
數位雲端,20230719,6811,0.09859154929577474,F2,H10,0.12218801543542446,1,8932
數位雲端,20230719,6811,0.09859154929577474,F2,S7,0.14076216189780366,1,8932
數位雲端,20230719,6811,0.09859154929577474,RAND_SECTOR,H1,-0.02921396217620542,1,6741
數位雲端,20230719,6811,0.09859154929577474,RAND_SECTOR,H3,-0.033490552651200045,1,6741
數位雲端,20230719,6811,0.09859154929577474,RAND_SECTOR,H5,-0.04632032407618425,1,6741
數位雲端,20230719,6811,0.09859154929577474,RAND_SECTOR,H10,-0.05915009550116823,1,6741
數位雲端,20230719,6811,0.09859154929577474,RAND_SECTOR,S7,-0.09336281930112567,1,6741
數位雲端,20231025,8044,0.09070034443168784,F2,H1,-0.01763505120635811,1,8454
數位雲端,20231025,8044,0.09070034443168784,F2,H3,0.050993238629525095,1,8454
數位雲端,20231025,8044,0.09070034443168784,F2,H5,0.047071622067474506,1,8454
數位雲端,20231025,8044,0.09070034443168784,F2,H10,0.023541922695171857,1,8454
數位雲端,20231025,8044,0.09070034443168784,F2,S7,0.0039338398849193545,1,8454
數位雲端,20231025,8044,0.09070034443168784,RAND_SECTOR,H1,-0.01763505120635811,1,8454
數位雲端,20231025,8044,0.09070034443168784,RAND_SECTOR,H3,0.050993238629525095,1,8454
數位雲端,20231025,8044,0.09070034443168784,RAND_SECTOR,H5,0.047071622067474506,1,8454
數位雲端,20231025,8044,0.09070034443168784,RAND_SECTOR,H10,0.023541922695171857,1,8454
數位雲端,20231025,8044,0.09070034443168784,RAND_SECTOR,S7,0.0039338398849193545,1,8454
數位雲端,20231130,8932,0.10000000000000009,F2,H1,-0.013312606432164364,1,5321
數位雲端,20231130,8932,0.10000000000000009,F2,H3,-0.023179480367842786,1,5321
數位雲端,20231130,8932,0.10000000000000009,F2,H5,-0.014408925758350732,1,5321
數位雲端,20231130,8932,0.10000000000000009,F2,H10,-0.05168378284869124,1,5321
數位雲端,20231130,8932,0.10000000000000009,F2,S7,-0.026468438346402112,1,5321
數位雲端,20231130,8932,0.10000000000000009,RAND_SECTOR,H1,-0.013312606432164364,1,5321
數位雲端,20231130,8932,0.10000000000000009,RAND_SECTOR,H3,-0.023179480367842786,1,5321
數位雲端,20231130,8932,0.10000000000000009,RAND_SECTOR,H5,-0.014408925758350732,1,5321
數位雲端,20231130,8932,0.10000000000000009,RAND_SECTOR,H10,-0.05168378284869124,1,5321
數位雲端,20231130,8932,0.10000000000000009,RAND_SECTOR,S7,-0.026468438346402112,1,5321
數位雲端,20231229,6689,0.08536585365853666,F2,H1,-0.0006039724116467804,1,3687
數位雲端,20231229,6689,0.08536585365853666,F2,H3,0.02107713975710901,1,3687
數位雲端,20231229,6689,0.08536585365853666,F2,H5,-0.01815534892921067,1,3687
數位雲端,20231229,6689,0.08536585365853666,F2,H10,-0.014025613278019211,1,3687
數位雲端,20231229,6689,0.08536585365853666,F2,S7,0.10986645625772717,1,3687
數位雲端,20231229,6689,0.08536585365853666,RAND_SECTOR,H1,-0.03259396296759043,1,6811
數位雲端,20231229,6689,0.08536585365853666,RAND_SECTOR,H3,-0.05240432550067731,1,6811
數位雲端,20231229,6689,0.08536585365853666,RAND_SECTOR,H5,-0.012783600434503661,1,6811
數位雲端,20231229,6689,0.08536585365853666,RAND_SECTOR,H10,-0.03589569005643811,1,6811
數位雲端,20231229,6689,0.08536585365853666,RAND_SECTOR,S7,-0.08707245993357948,1,6811
數位雲端,20240126,3687,0.0771543086172346,F2,H1,-0.0010197810355655479,1,8044
數位雲端,20240126,3687,0.0771543086172346,F2,H3,0.019413905261434383,1,8044
數位雲端,20240126,3687,0.0771543086172346,F2,H5,-0.037346334452453944,1,8044
數位雲端,20240126,3687,0.0771543086172346,F2,H10,-0.05323920157234252,1,8044
數位雲端,20240126,3687,0.0771543086172346,F2,S7,-0.11567546525761985,1,8044
數位雲端,20240126,3687,0.0771543086172346,RAND_SECTOR,H1,-0.0010197810355655479,1,8044
數位雲端,20240126,3687,0.0771543086172346,RAND_SECTOR,H3,0.019413905261434383,1,8044
數位雲端,20240126,3687,0.0771543086172346,RAND_SECTOR,H5,-0.037346334452453944,1,8044
數位雲端,20240126,3687,0.0771543086172346,RAND_SECTOR,H10,-0.05323920157234252,1,8044
數位雲端,20240126,3687,0.0771543086172346,RAND_SECTOR,S7,-0.11567546525761985,1,8044
數位雲端,20240425,8454,0.05105853051058529,F2,H1,-0.029142515557291304,1,6165
數位雲端,20240425,8454,0.05105853051058529,F2,H3,-0.05045402131335075,1,6165
數位雲端,20240425,8454,0.05105853051058529,F2,H5,-0.06939758198540369,1,6165
數位雲端,20240425,8454,0.05105853051058529,F2,H10,-0.06584566435939365,1,6165
數位雲端,20240425,8454,0.05105853051058529,F2,S7,-0.06939758198540369,1,6165
數位雲端,20240425,8454,0.05105853051058529,RAND_SECTOR,H1,-0.029142515557291304,1,6165
數位雲端,20240425,8454,0.05105853051058529,RAND_SECTOR,H3,-0.05045402131335075,1,6165
數位雲端,20240425,8454,0.05105853051058529,RAND_SECTOR,H5,-0.06939758198540369,1,6165
數位雲端,20240425,8454,0.05105853051058529,RAND_SECTOR,H10,-0.06584566435939365,1,6165
數位雲端,20240425,8454,0.05105853051058529,RAND_SECTOR,S7,-0.06939758198540369,1,6165
數位雲端,20240513,8932,0.09811320754716979,F2,H1,0.00853726034164115,1,6165
數位雲端,20240513,8932,0.09811320754716979,F2,H3,-0.005312814394635934,1,6165
數位雲端,20240513,8932,0.09811320754716979,F2,H5,-0.01916288913091313,1,6165
數位雲端,20240513,8932,0.09811320754716979,F2,H10,0.045051093737281,1,6165
數位雲端,20240513,8932,0.09811320754716979,F2,S7,0.024905530484514493,1,6165
數位雲端,20240513,8932,0.09811320754716979,RAND_SECTOR,H1,-0.00033728631030460754,1,8044
數位雲端,20240513,8932,0.09811320754716979,RAND_SECTOR,H3,-0.00932975449941753,1,8044
數位雲端,20240513,8932,0.09811320754716979,RAND_SECTOR,H5,0.06710622510804054,1,8044
數位雲端,20240513,8932,0.09811320754716979,RAND_SECTOR,H10,0.04762254403162958,1,8044
數位雲端,20240513,8932,0.09811320754716979,RAND_SECTOR,S7,0.017647650067920795,1,8044
數位雲端,20240711,6689,0.0875576036866359,F2,H1,0.019729239926511433,1,8454
數位雲端,20240711,6689,0.0875576036866359,F2,H3,0.0017551640171136196,1,8454
數位雲端,20240711,6689,0.0875576036866359,F2,H5,-0.0006413794374727777,1,8454
數位雲端,20240711,6689,0.0875576036866359,F2,H10,0.0029534357444069848,1,8454
數位雲端,20240711,6689,0.0875576036866359,F2,S7,-0.055761878892959804,1,8454
數位雲端,20240711,6689,0.0875576036866359,RAND_SECTOR,H1,0.019729239926511433,1,8454
數位雲端,20240711,6689,0.0875576036866359,RAND_SECTOR,H3,0.0017551640171136196,1,8454
數位雲端,20240711,6689,0.0875576036866359,RAND_SECTOR,H5,-0.0006413794374727777,1,8454
數位雲端,20240711,6689,0.0875576036866359,RAND_SECTOR,H10,0.0029534357444069848,1,8454
數位雲端,20240711,6689,0.0875576036866359,RAND_SECTOR,S7,-0.055761878892959804,1,8454
數位雲端,20241021,6165,0.09917355371900816,F2,H1,0.02558400800338978,1,6906
數位雲端,20241021,6165,0.09917355371900816,F2,H3,-0.04124602760585361,1,6906
數位雲端,20241021,6165,0.09917355371900816,F2,H5,-0.12092799313995162,1,6906
數位雲端,20241021,6165,0.09917355371900816,F2,H10,-0.10550567723012627,1,6906
數位雲端,20241021,6165,0.09917355371900816,F2,S7,-0.12092799313995162,1,6906
數位雲端,20241021,6165,0.09917355371900816,RAND_SECTOR,H1,0.02558400800338978,1,6906
數位雲端,20241021,6165,0.09917355371900816,RAND_SECTOR,H3,-0.04124602760585361,1,6906
數位雲端,20241021,6165,0.09917355371900816,RAND_SECTOR,H5,-0.12092799313995162,1,6906
數位雲端,20241021,6165,0.09917355371900816,RAND_SECTOR,H10,-0.10550567723012627,1,6906
數位雲端,20241021,6165,0.09917355371900816,RAND_SECTOR,S7,-0.12092799313995162,1,6906
數位雲端,20250102,6689,0.050000000000000044,F1,H1,-0.02142236583135193,1,6811
數位雲端,20250102,6689,0.050000000000000044,F1,H3,-0.01462668781629195,1,6811
數位雲端,20250102,6689,0.050000000000000044,F1,H5,-0.06219643392171237,1,6811
數位雲端,20250102,6689,0.050000000000000044,F1,H10,-0.10976618002713268,1,6811
數位雲端,20250102,6689,0.050000000000000044,F1,S7,-0.10976618002713268,1,6811
數位雲端,20250102,6689,0.050000000000000044,F3,H1,-0.02142236583135193,1,6811
數位雲端,20250102,6689,0.050000000000000044,F3,H3,-0.01462668781629195,1,6811
數位雲端,20250102,6689,0.050000000000000044,F3,H5,-0.06219643392171237,1,6811
數位雲端,20250102,6689,0.050000000000000044,F3,H10,-0.10976618002713268,1,6811
數位雲端,20250102,6689,0.050000000000000044,F3,S7,-0.10976618002713268,1,6811
數位雲端,20250102,6689,0.050000000000000044,F2,H1,-0.02142236583135193,1,6811
數位雲端,20250102,6689,0.050000000000000044,F2,H3,-0.01462668781629195,1,6811
數位雲端,20250102,6689,0.050000000000000044,F2,H5,-0.06219643392171237,1,6811
數位雲端,20250102,6689,0.050000000000000044,F2,H10,-0.10976618002713268,1,6811
數位雲端,20250102,6689,0.050000000000000044,F2,S7,-0.10976618002713268,1,6811
數位雲端,20250102,6689,0.050000000000000044,RAND_SECTOR,H1,0.014621090192490138,1,8932
數位雲端,20250102,6689,0.050000000000000044,RAND_SECTOR,H3,0.012482794954992826,1,8932
數位雲端,20250102,6689,0.050000000000000044,RAND_SECTOR,H5,0.010344499717495514,1,8932
數位雲端,20250102,6689,0.050000000000000044,RAND_SECTOR,H10,0.03065830447372031,1,8932
數位雲端,20250102,6689,0.050000000000000044,RAND_SECTOR,S7,0.16002516634230957,1,8932
數位雲端,20250206,6165,0.05026737967914441,F2,H1,-0.02754297649392279,1,8044
數位雲端,20250206,6165,0.05026737967914441,F2,H3,-0.047254943186613496,1,8044
數位雲端,20250206,6165,0.05026737967914441,F2,H5,-0.01987721166898726,1,8044
數位雲端,20250206,6165,0.05026737967914441,F2,H10,-0.02754297649392279,1,8044
數位雲端,20250206,6165,0.05026737967914441,F2,S7,0.051304890276840265,1,8044
數位雲端,20250206,6165,0.05026737967914441,RAND_SECTOR,H1,0.008500990037430878,1,6689
數位雲端,20250206,6165,0.05026737967914441,RAND_SECTOR,H3,-0.02008000968022927,1,6689
數位雲端,20250206,6165,0.05026737967914441,RAND_SECTOR,H5,-0.00783100980123197,1,6689
數位雲端,20250206,6165,0.05026737967914441,RAND_SECTOR,H10,-0.04457800943822332,1,6689
數位雲端,20250206,6165,0.05026737967914441,RAND_SECTOR,S7,-0.0894910089945461,1,6689
數位雲端,20250305,8044,0.09955257270693507,F2,H1,-0.05838739146741123,1,6906
數位雲端,20250305,8044,0.09955257270693507,F2,H3,-0.08682535615463705,1,6906
數位雲端,20250305,8044,0.09955257270693507,F2,H5,-0.08998513000877328,1,6906
數位雲端,20250305,8044,0.09955257270693507,F2,H10,-0.1089437731335905,1,6906
數位雲端,20250305,8044,0.09955257270693507,F2,S7,-0.09946445157118178,1,6906
數位雲端,20250305,8044,0.09955257270693507,RAND_SECTOR,H1,0.006977482589794581,1,6741
數位雲端,20250305,8044,0.09955257270693507,RAND_SECTOR,H3,-0.027575666322600445,1,6741
數位雲端,20250305,8044,0.09955257270693507,RAND_SECTOR,H5,-0.012767173931574005,1,6741
數位雲端,20250305,8044,0.09955257270693507,RAND_SECTOR,H10,-0.09569473132132189,1,6741
數位雲端,20250305,8044,0.09955257270693507,RAND_SECTOR,S7,-0.07989900610422696,1,6741
數位雲端,20250417,6165,0.06490872210953347,F1,H1,0.0034822055944212504,1,8932
數位雲端,20250417,6165,0.06490872210953347,F1,H3,-0.01009365288036257,1,8932
數位雲端,20250417,6165,0.06490872210953347,F1,H5,0.027239957925292213,1,8932
數位雲端,20250417,6165,0.06490872210953347,F1,H10,0.13132153956530002,1,8932
數位雲端,20250417,6165,0.06490872210953347,F1,S7,0.10869510877399402,1,8932
數位雲端,20250417,6165,0.06490872210953347,F3,H1,0.03899532523489324,4,"8044,6689,6763,8932"
數位雲端,20250417,6165,0.06490872210953347,F3,H3,-0.01027103785042277,4,"8044,6689,6763,8932"
數位雲端,20250417,6165,0.06490872210953347,F3,H5,0.014566860197090636,4,"8044,6689,6763,8932"
數位雲端,20250417,6165,0.06490872210953347,F3,H10,0.06562176286129862,4,"8044,6689,6763,8932"
數位雲端,20250417,6165,0.06490872210953347,F3,S7,0.06345986424323574,4,"8044,6689,6763,8932"
數位雲端,20250417,6165,0.06490872210953347,F2,H1,0.11306353102130684,1,8044
數位雲端,20250417,6165,0.06490872210953347,F2,H3,0.044973502282176,1,8044
數位雲端,20250417,6165,0.06490872210953347,F2,H5,0.042194317435680695,1,8044
數位雲端,20250417,6165,0.06490872210953347,F2,H10,0.05192146439841383,1,8044
數位雲端,20250417,6165,0.06490872210953347,F2,S7,0.07693412801687005,1,8044
數位雲端,20250417,6165,0.06490872210953347,RAND_SECTOR,H1,0.0034822055944212504,1,8932
數位雲端,20250417,6165,0.06490872210953347,RAND_SECTOR,H3,-0.01009365288036257,1,8932
數位雲端,20250417,6165,0.06490872210953347,RAND_SECTOR,H5,0.027239957925292213,1,8932
數位雲端,20250417,6165,0.06490872210953347,RAND_SECTOR,H10,0.13132153956530002,1,8932
數位雲端,20250417,6165,0.06490872210953347,RAND_SECTOR,S7,0.10869510877399402,1,8932
數位雲端,20250606,8932,0.05853658536585371,F2,H1,0.006522248646489981,1,6165
數位雲端,20250606,8932,0.05853658536585371,F2,H3,0.042405394765794524,1,6165
數位雲端,20250606,8932,0.05853658536585371,F2,H5,0.05675865321351603,1,6165
數位雲端,20250606,8932,0.05853658536585371,F2,H10,0.020875507094211487,1,6165
數位雲端,20250606,8932,0.05853658536585371,F2,S7,-0.023978425554918914,1,6165
數位雲端,20250606,8932,0.05853658536585371,RAND_SECTOR,H1,0.006522248646489981,1,6165
數位雲端,20250606,8932,0.05853658536585371,RAND_SECTOR,H3,0.042405394765794524,1,6165
數位雲端,20250606,8932,0.05853658536585371,RAND_SECTOR,H5,0.05675865321351603,1,6165
數位雲端,20250606,8932,0.05853658536585371,RAND_SECTOR,H10,0.020875507094211487,1,6165
數位雲端,20250606,8932,0.05853658536585371,RAND_SECTOR,S7,-0.023978425554918914,1,6165
數位雲端,20250627,7722,0.09956709956709964,F1,H1,-0.0319881678234627,1,6165
數位雲端,20250627,7722,0.09956709956709964,F1,H3,-0.02508612267425403,1,6165
數位雲端,20250627,7722,0.09956709956709964,F1,H5,-0.06132185970760029,1,6165
數位雲端,20250627,7722,0.09956709956709964,F1,H10,-0.08202799515522663,1,6165
數位雲端,20250627,7722,0.09956709956709964,F1,S7,-0.07167492743141357,1,6165
數位雲端,20250627,7722,0.09956709956709964,F3,H1,-0.0319881678234627,1,6165
數位雲端,20250627,7722,0.09956709956709964,F3,H3,-0.02508612267425403,1,6165
數位雲端,20250627,7722,0.09956709956709964,F3,H5,-0.06132185970760029,1,6165
數位雲端,20250627,7722,0.09956709956709964,F3,H10,-0.08202799515522663,1,6165
數位雲端,20250627,7722,0.09956709956709964,F3,S7,-0.07167492743141357,1,6165
數位雲端,20250627,7722,0.09956709956709964,F2,H1,-0.031993420521445604,1,6763
數位雲端,20250627,7722,0.09956709956709964,F2,H3,0.026902455609074893,1,6763
數位雲端,20250627,7722,0.09956709956709964,F2,H5,-0.025952817841391917,1,6763
數位雲端,20250627,7722,0.09956709956709964,F2,H10,-0.05153957521627761,1,6763
數位雲端,20250627,7722,0.09956709956709964,F2,S7,-0.06370658459172585,1,6763
數位雲端,20250627,7722,0.09956709956709964,RAND_SECTOR,H1,-0.0319881678234627,1,6165
數位雲端,20250627,7722,0.09956709956709964,RAND_SECTOR,H3,-0.02508612267425403,1,6165
數位雲端,20250627,7722,0.09956709956709964,RAND_SECTOR,H5,-0.06132185970760029,1,6165
數位雲端,20250627,7722,0.09956709956709964,RAND_SECTOR,H10,-0.08202799515522663,1,6165
數位雲端,20250627,7722,0.09956709956709964,RAND_SECTOR,S7,-0.07167492743141357,1,6165
數位雲端,20250911,7714,0.09935897435897445,F2,H1,-0.0036912226376765167,1,5278
數位雲端,20250911,7714,0.09935897435897445,F2,H3,-0.03266973278256424,1,5278
數位雲端,20250911,7714,0.09935897435897445,F2,H5,-0.009210938855750528,1,5278
數位雲端,20250911,7714,0.09935897435897445,F2,H10,-0.07544753347263622,1,5278
數位雲端,20250911,7714,0.09935897435897445,F2,S7,-0.08096724969071012,1,5278
數位雲端,20250911,7714,0.09935897435897445,RAND_SECTOR,H1,-0.017903791427615445,1,6763
數位雲端,20250911,7714,0.09935897435897445,RAND_SECTOR,H3,-0.026297776116268046,1,6763
數位雲端,20250911,7714,0.09935897435897445,RAND_SECTOR,H5,-0.02294018224080696,1,6763
數位雲端,20250911,7714,0.09935897435897445,RAND_SECTOR,H10,-0.019582588365345988,1,6763
數位雲端,20250911,7714,0.09935897435897445,RAND_SECTOR,S7,0.04421169526841595,1,6763
數位雲端,20251015,8932,0.08955223880597019,F2,H1,-0.00783100980123197,1,6763
數位雲端,20251015,8932,0.08955223880597019,F2,H3,0.0067835907090607606,1,6763
數位雲端,20251015,8932,0.08955223880597019,F2,H5,0.02626972472278477,1,6763
數位雲端,20251015,8932,0.08955223880597019,F2,H10,-0.032188677318386705,1,6763
數位雲端,20251015,8932,0.08955223880597019,F2,S7,0.04737970323765195,1,6763
數位雲端,20251015,8932,0.08955223880597019,RAND_SECTOR,H1,-0.00783100980123197,1,6763
數位雲端,20251015,8932,0.08955223880597019,RAND_SECTOR,H3,0.0067835907090607606,1,6763
數位雲端,20251015,8932,0.08955223880597019,RAND_SECTOR,H5,0.02626972472278477,1,6763
數位雲端,20251015,8932,0.08955223880597019,RAND_SECTOR,H10,-0.032188677318386705,1,6763
數位雲端,20251015,8932,0.08955223880597019,RAND_SECTOR,S7,0.04737970323765195,1,6763
數位雲端,20251104,6763,0.09882747068676712,F2,H1,0.016700641055330756,1,8932
數位雲端,20251104,6763,0.09882747068676712,F2,H3,0.02487785800751885,1,8932
數位雲端,20251104,6763,0.09882747068676712,F2,H5,-0.03781413862592009,1,8932
數位雲端,20251104,6763,0.09882747068676712,F2,H10,-0.13866648103623436,1,8932
數位雲端,20251104,6763,0.09882747068676712,F2,S7,-0.116860569163734,1,8932
數位雲端,20251104,6763,0.09882747068676712,RAND_SECTOR,H1,0.016700641055330756,1,8932
數位雲端,20251104,6763,0.09882747068676712,RAND_SECTOR,H3,0.02487785800751885,1,8932
數位雲端,20251104,6763,0.09882747068676712,RAND_SECTOR,H5,-0.03781413862592009,1,8932
數位雲端,20251104,6763,0.09882747068676712,RAND_SECTOR,H10,-0.13866648103623436,1,8932
數位雲端,20251104,6763,0.09882747068676712,RAND_SECTOR,S7,-0.116860569163734,1,8932
數位雲端,20260115,8932,0.0773638968481376,F2,H1,-0.05134719358187967,1,7714
數位雲端,20260115,8932,0.0773638968481376,F2,H3,0.012476542629736853,1,7714
數位雲端,20260115,8932,0.0773638968481376,F2,H5,-0.016534246557361465,1,7714
數位雲端,20260115,8932,0.0773638968481376,F2,H10,-0.09196229844381754,1,7714
數位雲端,20260115,8932,0.0773638968481376,F2,S7,-0.08325906168768793,1,7714
數位雲端,20260115,8932,0.0773638968481376,RAND_SECTOR,H1,-0.05134719358187967,1,7714
數位雲端,20260115,8932,0.0773638968481376,RAND_SECTOR,H3,0.012476542629736853,1,7714
數位雲端,20260115,8932,0.0773638968481376,RAND_SECTOR,H5,-0.016534246557361465,1,7714
數位雲端,20260115,8932,0.0773638968481376,RAND_SECTOR,H10,-0.09196229844381754,1,7714
數位雲端,20260115,8932,0.0773638968481376,RAND_SECTOR,S7,-0.08325906168768793,1,7714
數位雲端,20260318,6689,0.09916201117318457,F2,H1,-0.026709489530172603,1,8044
數位雲端,20260318,6689,0.09916201117318457,F2,H3,-0.03090470724771488,1,8044
數位雲端,20260318,6689,0.09916201117318457,F2,H5,-0.00783100980123197,1,8044
數位雲端,20260318,6689,0.09916201117318457,F2,H10,-0.04349036040034193,1,8044
數位雲端,20260318,6689,0.09916201117318457,F2,S7,0.011047469927708775,1,8044
數位雲端,20260318,6689,0.09916201117318457,RAND_SECTOR,H1,-0.029879209583426936,1,8454
數位雲端,20260318,6689,0.09916201117318457,RAND_SECTOR,H3,-0.03814728450174987,1,8454
數位雲端,20260318,6689,0.09916201117318457,RAND_SECTOR,H5,-0.005074984828457585,1,8454
數位雲端,20260318,6689,0.09916201117318457,RAND_SECTOR,H10,-0.005074984828457585,1,8454
數位雲端,20260318,6689,0.09916201117318457,RAND_SECTOR,S7,-0.029879209583426936,1,8454
數位雲端,20260407,7721,0.07860824742268058,F2,H1,-0.010004435847669524,1,6165
數位雲端,20260407,7721,0.07860824742268058,F2,H3,-0.024131705149513905,1,6165
數位雲端,20260407,7721,0.07860824742268058,F2,H5,-0.02630513119595157,1,6165
數位雲端,20260407,7721,0.07860824742268058,F2,H10,0.06823890182408432,1,6165
數位雲端,20260407,7721,0.07860824742268058,F2,S7,0.1410486743797441,1,6165
數位雲端,20260407,7721,0.07860824742268058,RAND_SECTOR,H1,0.009669935751799308,1,6689
數位雲端,20260407,7721,0.07860824742268058,RAND_SECTOR,H3,-0.04417912748829678,1,6689
數位雲端,20260407,7721,0.07860824742268058,RAND_SECTOR,H5,0.0029388028467871585,1,6689
數位雲端,20260407,7721,0.07860824742268058,RAND_SECTOR,H10,-0.0307168616782727,1,6689
數位雲端,20260407,7721,0.07860824742268058,RAND_SECTOR,S7,-0.08591215149937104,1,6689
數位雲端,20260513,5278,0.05769230769230771,F2,H1,-0.039525296988137004,1,7547
數位雲端,20260513,5278,0.05769230769230771,F2,H3,-0.00783100980123197,1,7547
數位雲端,20260513,5278,0.05769230769230771,F2,H5,-0.02298914715149092,1,7547
數位雲端,20260513,5278,0.05769230769230771,F2,H10,-0.1607903957902086,1,7547
數位雲端,20260513,5278,0.05769230769230771,F2,S7,-0.10429188384833432,1,7547
數位雲端,20260513,5278,0.05769230769230771,RAND_SECTOR,H1,-0.010858992477321805,1,6165
數位雲端,20260513,5278,0.05769230769230771,RAND_SECTOR,H3,0.00024361066834099887,1,6165
數位雲端,20260513,5278,0.05769230769230771,RAND_SECTOR,H5,-0.015905630270804827,1,6165
數位雲端,20260513,5278,0.05769230769230771,RAND_SECTOR,H10,-0.024989578299074333,1,6165
數位雲端,20260513,5278,0.05769230769230771,RAND_SECTOR,S7,-0.01388697515341164,1,6165
數位雲端,20260818,5321,0.07205882352941195,F2,H1,-0.018319054095087828,1,6165
數位雲端,20260818,5321,0.07205882352941195,F2,H3,0.00999866549832329,1,6165
數位雲端,20260818,5321,0.07205882352941195,F2,H5,0.0047546433513951936,1,6165
數位雲端,20260818,5321,0.07205882352941195,F2,H10,0.04565801609743314,1,6165
數位雲端,20260818,5321,0.07205882352941195,F2,S7,-0.001538183224918277,1,6165
數位雲端,20260818,5321,0.07205882352941195,RAND_SECTOR,H1,0.010714204968838459,1,8932
數位雲端,20260818,5321,0.07205882352941195,RAND_SECTOR,H3,-0.017103617186267184,1,8932
數位雲端,20260818,5321,0.07205882352941195,RAND_SECTOR,H5,0.03853202712394421,1,8932
數位雲端,20260818,5321,0.07205882352941195,RAND_SECTOR,H10,0.03517790230786422,1,8932
數位雲端,20260818,5321,0.07205882352941195,RAND_SECTOR,S7,0.049648131049802036,1,8932
文化創意業,20211110,5263,0.09665427509293689,F2,H1,-0.0002955491161780177,1,3293
文化創意業,20211110,5263,0.09665427509293689,F2,H3,-0.016622380600461617,1,3293
文化創意業,20211110,5263,0.09665427509293689,F2,H5,0.008495821683051519,1,3293
文化創意業,20211110,5263,0.09665427509293689,F2,H10,-0.006575099687056274,1,3293
文化創意業,20211110,5263,0.09665427509293689,F2,S7,0.017287192482281055,1,3293
文化創意業,20211110,5263,0.09665427509293689,RAND_SECTOR,H1,-0.0002955491161780177,1,3293
文化創意業,20211110,5263,0.09665427509293689,RAND_SECTOR,H3,-0.016622380600461617,1,3293
文化創意業,20211110,5263,0.09665427509293689,RAND_SECTOR,H5,0.008495821683051519,1,3293
文化創意業,20211110,5263,0.09665427509293689,RAND_SECTOR,H10,-0.006575099687056274,1,3293
文化創意業,20211110,5263,0.09665427509293689,RAND_SECTOR,S7,0.017287192482281055,1,3293
文化創意業,20211214,8450,0.09954233409610969,F2,H1,0.014548741857386638,1,6180
文化創意業,20211214,8450,0.09954233409610969,F2,H3,0.05035634451117721,1,6180
文化創意業,20211214,8450,0.09954233409610969,F2,H5,0.032452543184282145,1,6180
文化創意業,20211214,8450,0.09954233409610969,F2,H10,0.007088824637847324,1,6180
文化創意業,20211214,8450,0.09954233409610969,F2,S7,-0.037670678679390335,1,6180
文化創意業,20211214,8450,0.09954233409610969,RAND_SECTOR,H1,0.014548741857386638,1,6180
文化創意業,20211214,8450,0.09954233409610969,RAND_SECTOR,H3,0.05035634451117721,1,6180
文化創意業,20211214,8450,0.09954233409610969,RAND_SECTOR,H5,0.032452543184282145,1,6180
文化創意業,20211214,8450,0.09954233409610969,RAND_SECTOR,H10,0.007088824637847324,1,6180
文化創意業,20211214,8450,0.09954233409610969,RAND_SECTOR,S7,-0.037670678679390335,1,6180
文化創意業,20220301,4946,0.09930069930069929,F2,H1,0.0027239794562019526,1,3086
文化創意業,20220301,4946,0.09930069930069929,F2,H3,-0.04653263707848887,1,3086
文化創意業,20220301,4946,0.09930069930069929,F2,H5,-0.10634424287061317,1,3086
文化創意業,20220301,4946,0.09930069930069929,F2,H10,-0.13800921064291427,1,3086
文化創意業,20220301,4946,0.09930069930069929,F2,S7,-0.10634424287061317,1,3086
文化創意業,20220301,4946,0.09930069930069929,RAND_SECTOR,H1,-0.025641857566151782,1,6111
文化創意業,20220301,4946,0.09930069930069929,RAND_SECTOR,H3,-0.005735615946535377,1,6111
文化創意業,20220301,4946,0.09930069930069929,RAND_SECTOR,H5,-0.09478985477113444,1,6111
文化創意業,20220301,4946,0.09930069930069929,RAND_SECTOR,H10,-0.04869118996781263,1,6111
文化創意業,20220301,4946,0.09930069930069929,RAND_SECTOR,S7,-0.09478985477113444,1,6111
文化創意業,20220317,4946,0.07702020202020199,F1,H1,-0.00783100980123197,1,3083
文化創意業,20220317,4946,0.07702020202020199,F1,H3,-0.0017934703071217362,1,3083
文化創意業,20220317,4946,0.07702020202020199,F1,H5,0.014306635010505442,1,3083
文化創意業,20220317,4946,0.07702020202020199,F1,H10,0.003237812604636847,1,3083
文化創意業,20220317,4946,0.07702020202020199,F1,S7,0.0505318719751664,1,3083
文化創意業,20220317,4946,0.07702020202020199,F3,H1,-0.00783100980123197,1,3083
文化創意業,20220317,4946,0.07702020202020199,F3,H3,-0.0017934703071217362,1,3083
文化創意業,20220317,4946,0.07702020202020199,F3,H5,0.014306635010505442,1,3083
文化創意業,20220317,4946,0.07702020202020199,F3,H10,0.003237812604636847,1,3083
文化創意業,20220317,4946,0.07702020202020199,F3,S7,0.0505318719751664,1,3083
文化創意業,20220317,4946,0.07702020202020199,F2,H1,0.0006490670380738806,1,6111
文化創意業,20220317,4946,0.07702020202020199,F2,H3,-0.011011038615971525,1,6111
文化創意業,20220317,4946,0.07702020202020199,F2,H5,0.005949115062640065,1,6111
文化創意業,20220317,4946,0.07702020202020199,F2,H10,0.0017090766429870285,1,6111
文化創意業,20220317,4946,0.07702020202020199,F2,S7,-0.12019202792203254,1,6111
文化創意業,20220317,4946,0.07702020202020199,RAND_SECTOR,H1,-0.00783100980123197,1,3083
文化創意業,20220317,4946,0.07702020202020199,RAND_SECTOR,H3,-0.0017934703071217362,1,3083
文化創意業,20220317,4946,0.07702020202020199,RAND_SECTOR,H5,0.014306635010505442,1,3083
文化創意業,20220317,4946,0.07702020202020199,RAND_SECTOR,H10,0.003237812604636847,1,3083
文化創意業,20220317,4946,0.07702020202020199,RAND_SECTOR,S7,0.0505318719751664,1,3083
文化創意業,20220705,8450,0.09931506849315075,F1,H1,-0.04843819903174096,1,6111
文化創意業,20220705,8450,0.09931506849315075,F1,H3,-0.0037702908781811484,1,6111
文化創意業,20220705,8450,0.09931506849315075,F1,H5,0.09639410922374103,1,6111
文化創意業,20220705,8450,0.09931506849315075,F1,H10,0.11940484978769628,1,6111
文化創意業,20220705,8450,0.09931506849315075,F1,S7,0.09774768219809116,1,6111
文化創意業,20220705,8450,0.09931506849315075,F3,H1,-0.04843819903174096,1,6111
文化創意業,20220705,8450,0.09931506849315075,F3,H3,-0.0037702908781811484,1,6111
文化創意業,20220705,8450,0.09931506849315075,F3,H5,0.09639410922374103,1,6111
文化創意業,20220705,8450,0.09931506849315075,F3,H10,0.11940484978769628,1,6111
文化創意業,20220705,8450,0.09931506849315075,F3,S7,0.09774768219809116,1,6111
文化創意業,20220705,8450,0.09931506849315075,F2,H1,-0.042778527984279724,1,6180
文化創意業,20220705,8450,0.09931506849315075,F2,H3,-0.02189369586757306,1,6180
文化創意業,20220705,8450,0.09931506849315075,F2,H5,-0.028855306573141948,1,6180
文化創意業,20220705,8450,0.09931506849315075,F2,H10,0.023356773718624435,1,6180
文化創意業,20220705,8450,0.09931506849315075,F2,S7,-0.023634098543965365,1,6180
文化創意業,20220705,8450,0.09931506849315075,RAND_SECTOR,H1,-0.042778527984279724,1,6180
文化創意業,20220705,8450,0.09931506849315075,RAND_SECTOR,H3,-0.02189369586757306,1,6180
文化創意業,20220705,8450,0.09931506849315075,RAND_SECTOR,H5,-0.028855306573141948,1,6180
文化創意業,20220705,8450,0.09931506849315075,RAND_SECTOR,H10,0.023356773718624435,1,6180
文化創意業,20220705,8450,0.09931506849315075,RAND_SECTOR,S7,-0.023634098543965365,1,6180
文化創意業,20220725,8450,0.10000000000000009,F1,H1,-0.014134497667806167,1,3293
文化創意業,20220725,8450,0.10000000000000009,F1,H3,-0.04241752437405777,1,3293
文化創意業,20220725,8450,0.10000000000000009,F1,H5,-0.08416865903566706,1,3293
文化創意業,20220725,8450,0.10000000000000009,F1,H10,0.06128690688219751,1,3293
文化創意業,20220725,8450,0.10000000000000009,F1,S7,-0.028949416418699747,1,3293
文化創意業,20220725,8450,0.10000000000000009,F3,H1,-0.014134497667806167,1,3293
文化創意業,20220725,8450,0.10000000000000009,F3,H3,-0.04241752437405777,1,3293
文化創意業,20220725,8450,0.10000000000000009,F3,H5,-0.08416865903566706,1,3293
文化創意業,20220725,8450,0.10000000000000009,F3,H10,0.06128690688219751,1,3293
文化創意業,20220725,8450,0.10000000000000009,F3,S7,-0.028949416418699747,1,3293
文化創意業,20220725,8450,0.10000000000000009,F2,H1,-0.014134497667806167,1,3293
文化創意業,20220725,8450,0.10000000000000009,F2,H3,-0.04241752437405777,1,3293
文化創意業,20220725,8450,0.10000000000000009,F2,H5,-0.08416865903566706,1,3293
文化創意業,20220725,8450,0.10000000000000009,F2,H10,0.06128690688219751,1,3293
文化創意業,20220725,8450,0.10000000000000009,F2,S7,-0.028949416418699747,1,3293
文化創意業,20220725,8450,0.10000000000000009,RAND_SECTOR,H1,-0.014134497667806167,1,3293
文化創意業,20220725,8450,0.10000000000000009,RAND_SECTOR,H3,-0.04241752437405777,1,3293
文化創意業,20220725,8450,0.10000000000000009,RAND_SECTOR,H5,-0.08416865903566706,1,3293
文化創意業,20220725,8450,0.10000000000000009,RAND_SECTOR,H10,0.06128690688219751,1,3293
文化創意業,20220725,8450,0.10000000000000009,RAND_SECTOR,S7,-0.028949416418699747,1,3293
文化創意業,20221130,6180,0.08077544426494354,F2,H1,-0.03704427341668093,1,3083
文化創意業,20221130,6180,0.08077544426494354,F2,H3,-0.008912982527730096,1,3083
文化創意業,20221130,6180,0.08077544426494354,F2,H5,0.02138225381421721,1,3083
文化創意業,20221130,6180,0.08077544426494354,F2,H10,0.02679211744670762,1,3083
文化創意業,20221130,6180,0.08077544426494354,F2,S7,0.04302170834417929,1,3083
文化創意業,20221130,6180,0.08077544426494354,RAND_SECTOR,H1,-0.046706455754505716,1,8450
文化創意業,20221130,6180,0.08077544426494354,RAND_SECTOR,H3,-0.02980408794873446,1,8450
文化創意業,20221130,6180,0.08077544426494354,RAND_SECTOR,H5,-0.031494324729311685,1,8450
文化創意業,20221130,6180,0.08077544426494354,RAND_SECTOR,H10,-0.017972430484694657,1,8450
文化創意業,20221130,6180,0.08077544426494354,RAND_SECTOR,S7,-0.07713071780489378,1,8450
文化創意業,20230306,3293,0.05597014925373145,F2,H1,-0.006674635686781172,1,6180
文化創意業,20230306,3293,0.05597014925373145,F2,H3,-0.06333696729486926,1,6180
文化創意業,20230306,3293,0.05597014925373145,F2,H5,-0.10381006130064652,1,6180
文化創意業,20230306,3293,0.05597014925373145,F2,H10,-0.13965765884862058,1,6180
文化創意業,20230306,3293,0.05597014925373145,F2,S7,-0.10265368718619583,1,6180
文化創意業,20230306,3293,0.05597014925373145,RAND_SECTOR,H1,0.014381728785307635,1,6101
文化創意業,20230306,3293,0.05597014925373145,RAND_SECTOR,H3,-0.04337139153969527,1,6101
文化創意業,20230306,3293,0.05597014925373145,RAND_SECTOR,H5,0.04103701508915503,1,6101
文化創意業,20230306,3293,0.05597014925373145,RAND_SECTOR,H10,0.07953909530582393,1,6101
文化創意業,20230306,3293,0.05597014925373145,RAND_SECTOR,S7,0.3623812999744278,1,6101
文化創意業,20230428,6111,0.09939759036144569,F2,H1,-0.030357034346508494,1,6101
文化創意業,20230428,6111,0.09939759036144569,F2,H3,-0.05800260992480222,1,6101
文化創意業,20230428,6111,0.09939759036144569,F2,H5,-0.07028953240404401,1,6101
文化創意業,20230428,6111,0.09939759036144569,F2,H10,-0.2863345859973774,1,6101
文化創意業,20230428,6111,0.09939759036144569,F2,S7,-0.17472837347759862,1,6101
文化創意業,20230428,6111,0.09939759036144569,RAND_SECTOR,H1,-0.024275799694029154,1,3293
文化創意業,20230428,6111,0.09939759036144569,RAND_SECTOR,H3,0.0031321834606330423,1,3293
文化創意業,20230428,6111,0.09939759036144569,RAND_SECTOR,H5,0.03236736549227248,1,3293
文化創意業,20230428,6111,0.09939759036144569,RAND_SECTOR,H10,0.01409537672249761,1,3293
文化創意業,20230428,6111,0.09939759036144569,RAND_SECTOR,S7,0.0250585699843624,1,3293
文化創意業,20230601,6180,0.05012853470437029,F1,H1,-0.010934770980164599,1,3546
文化創意業,20230601,6180,0.05012853470437029,F1,H3,-0.04714531806771083,1,3546
文化創意業,20230601,6180,0.05012853470437029,F1,H5,-0.04817990512735493,1,3546
文化創意業,20230601,6180,0.05012853470437029,F1,H10,-0.08335586515525717,1,3546
文化創意業,20230601,6180,0.05012853470437029,F1,S7,-0.08335586515525717,1,3546
文化創意業,20230601,6180,0.05012853470437029,F3,H1,-0.010934770980164599,1,3546
文化創意業,20230601,6180,0.05012853470437029,F3,H3,-0.04714531806771083,1,3546
文化創意業,20230601,6180,0.05012853470437029,F3,H5,-0.04817990512735493,1,3546
文化創意業,20230601,6180,0.05012853470437029,F3,H10,-0.08335586515525717,1,3546
文化創意業,20230601,6180,0.05012853470437029,F3,S7,-0.08335586515525717,1,3546
文化創意業,20230601,6180,0.05012853470437029,F2,H1,0.021549848678458217,1,6111
文化創意業,20230601,6180,0.05012853470437029,F2,H3,-0.0033108777274334367,1,6111
文化創意業,20230601,6180,0.05012853470437029,F2,H5,0.0068594194386131235,1,6111
文化創意業,20230601,6180,0.05012853470437029,F2,H10,-0.011221108856580786,1,6111
文化創意業,20230601,6180,0.05012853470437029,F2,S7,0.1582838439108627,1,6111
文化創意業,20230601,6180,0.05012853470437029,RAND_SECTOR,H1,-0.012340868847589892,1,8446
文化創意業,20230601,6180,0.05012853470437029,RAND_SECTOR,H3,0.04628729875506443,1,8446
文化創意業,20230601,6180,0.05012853470437029,RAND_SECTOR,H5,0.226681660609386,1,8446
文化創意業,20230601,6180,0.05012853470437029,RAND_SECTOR,H10,0.21766194251666993,1,8446
文化創意業,20230601,6180,0.05012853470437029,RAND_SECTOR,S7,0.04177743970870651,1,8446
文化創意業,20240122,6111,0.050062578222778376,F2,H1,-0.011127252293586687,1,3086
文化創意業,20240122,6111,0.050062578222778376,F2,H3,0.048205112568798336,1,3086
文化創意業,20240122,6111,0.050062578222778376,F2,H5,-0.07705210214068092,1,3086
文化創意業,20240122,6111,0.050062578222778376,F2,H10,-0.1528656794648392,1,3086
文化創意業,20240122,6111,0.050062578222778376,F2,S7,-0.07705210214068092,1,3086
文化創意業,20240122,6111,0.050062578222778376,RAND_SECTOR,H1,0.05034176486840258,1,5478
文化創意業,20240122,6111,0.050062578222778376,RAND_SECTOR,H3,-0.0013673681712725871,1,5478
文化創意業,20240122,6111,0.050062578222778376,RAND_SECTOR,H5,-0.030453755506089863,1,5478
文化創意業,20240122,6111,0.050062578222778376,RAND_SECTOR,H10,-0.1177129175105418,1,5478
文化創意業,20240122,6111,0.050062578222778376,RAND_SECTOR,S7,-0.08539470936074489,1,5478
文化創意業,20240308,3293,0.08457711442786064,F2,H1,0.051304890276840265,1,5478
文化創意業,20240308,3293,0.08457711442786064,F2,H3,0.018451612455689048,1,5478
文化創意業,20240308,3293,0.08457711442786064,F2,H5,0.031592923584149446,1,5478
文化創意業,20240308,3293,0.08457711442786064,F2,H10,0.05581048266374111,1,5478
文化創意業,20240308,3293,0.08457711442786064,F2,S7,-0.013650733300978768,1,5478
文化創意業,20240308,3293,0.08457711442786064,RAND_SECTOR,H1,0.051304890276840265,1,5478
文化創意業,20240308,3293,0.08457711442786064,RAND_SECTOR,H3,0.018451612455689048,1,5478
文化創意業,20240308,3293,0.08457711442786064,RAND_SECTOR,H5,0.031592923584149446,1,5478
文化創意業,20240308,3293,0.08457711442786064,RAND_SECTOR,H10,0.05581048266374111,1,5478
文化創意業,20240308,3293,0.08457711442786064,RAND_SECTOR,S7,-0.013650733300978768,1,5478
文化創意業,20240423,6596,0.09882964889466828,F2,H1,0.006688536396798783,1,3293
文化創意業,20240423,6596,0.09882964889466828,F2,H3,-0.00783100980123197,1,3293
文化創意業,20240423,6596,0.09882964889466828,F2,H5,-0.03299822321115198,1,3293
文化創意業,20240423,6596,0.09882964889466828,F2,H10,-0.027190404731939677,1,3293
文化創意業,20240423,6596,0.09882964889466828,F2,S7,0.03572762879286029,1,3293
文化創意業,20240423,6596,0.09882964889466828,RAND_SECTOR,H1,0.006688536396798783,1,3293
文化創意業,20240423,6596,0.09882964889466828,RAND_SECTOR,H3,-0.00783100980123197,1,3293
文化創意業,20240423,6596,0.09882964889466828,RAND_SECTOR,H5,-0.03299822321115198,1,3293
文化創意業,20240423,6596,0.09882964889466828,RAND_SECTOR,H10,-0.027190404731939677,1,3293
文化創意業,20240423,6596,0.09882964889466828,RAND_SECTOR,S7,0.03572762879286029,1,3293
文化創意業,20240607,5263,0.0984848484848484,F2,H1,-0.01333541473992117,1,6111
文化創意業,20240607,5263,0.0984848484848484,F2,H3,-0.009207111035904103,1,6111
文化創意業,20240607,5263,0.0984848484848484,F2,H5,-0.0023266048625424363,1,6111
文化創意業,20240607,5263,0.0984848484848484,F2,H10,0.06262870431470713,1,6111
文化創意業,20240607,5263,0.0984848484848484,F2,S7,0.00028412583470505126,1,6111
文化創意業,20240607,5263,0.0984848484848484,RAND_SECTOR,H1,-0.01333541473992117,1,6111
文化創意業,20240607,5263,0.0984848484848484,RAND_SECTOR,H3,-0.009207111035904103,1,6111
文化創意業,20240607,5263,0.0984848484848484,RAND_SECTOR,H5,-0.0023266048625424363,1,6111
文化創意業,20240607,5263,0.0984848484848484,RAND_SECTOR,H10,0.06262870431470713,1,6111
文化創意業,20240607,5263,0.0984848484848484,RAND_SECTOR,S7,0.00028412583470505126,1,6111
文化創意業,20240829,3086,0.0980392156862746,F2,H1,0.004759967231747542,1,6180
文化創意業,20240829,3086,0.0980392156862746,F2,H3,-0.030494768460594512,1,6180
文化創意業,20240829,3086,0.0980392156862746,F2,H5,-0.04434484319687171,1,6180
文化創意業,20240829,3086,0.0980392156862746,F2,H10,-0.03175386616389242,1,6180
文化創意業,20240829,3086,0.0980392156862746,F2,S7,-0.012867400614423485,1,6180
文化創意業,20240829,3086,0.0980392156862746,RAND_SECTOR,H1,-0.027069743683202474,1,5263
文化創意業,20240829,3086,0.0980392156862746,RAND_SECTOR,H3,-0.08478594532911421,1,5263
文化創意業,20240829,3086,0.0980392156862746,RAND_SECTOR,H5,-0.03531491534690412,1,5263
文化創意業,20240829,3086,0.0980392156862746,RAND_SECTOR,H10,-0.05452121984180025,1,5263
文化創意業,20240829,3086,0.0980392156862746,RAND_SECTOR,S7,-0.007660755519090623,1,5263
文化創意業,20250102,6596,0.050000000000000044,F2,H1,-0.011632423556782734,1,6180
文化創意業,20250102,6596,0.050000000000000044,F2,H3,-0.02176952690491829,1,6180
文化創意業,20250102,6596,0.050000000000000044,F2,H5,-0.04837942319377431,1,6180
文化創意業,20250102,6596,0.050000000000000044,F2,H10,-0.05851652654190975,1,6180
文化創意業,20250102,6596,0.050000000000000044,F2,S7,-0.0838592849122487,1,6180
文化創意業,20250102,6596,0.050000000000000044,RAND_SECTOR,H1,-0.011632423556782734,1,6180
文化創意業,20250102,6596,0.050000000000000044,RAND_SECTOR,H3,-0.02176952690491829,1,6180
文化創意業,20250102,6596,0.050000000000000044,RAND_SECTOR,H5,-0.04837942319377431,1,6180
文化創意業,20250102,6596,0.050000000000000044,RAND_SECTOR,H10,-0.05851652654190975,1,6180
文化創意業,20250102,6596,0.050000000000000044,RAND_SECTOR,S7,-0.0838592849122487,1,6180
文化創意業,20250219,6111,0.07388316151202745,F1,H1,-0.0027298838876135267,1,6180
文化創意業,20250219,6111,0.07388316151202745,F1,H3,0.004921804982813915,1,6180
文化創意業,20250219,6111,0.07388316151202745,F1,H5,0.0010959605476001943,1,6180
文化創意業,20250219,6111,0.07388316151202745,F1,H10,-0.01165685423644569,1,6180
文化創意業,20250219,6111,0.07388316151202745,F1,S7,-0.03588720232613285,1,6180
文化創意業,20250219,6111,0.07388316151202745,F3,H1,-0.0027298838876135267,1,6180
文化創意業,20250219,6111,0.07388316151202745,F3,H3,0.004921804982813915,1,6180
文化創意業,20250219,6111,0.07388316151202745,F3,H5,0.0010959605476001943,1,6180
文化創意業,20250219,6111,0.07388316151202745,F3,H10,-0.01165685423644569,1,6180
文化創意業,20250219,6111,0.07388316151202745,F3,S7,-0.03588720232613285,1,6180
文化創意業,20250219,6111,0.07388316151202745,F2,H1,-0.0027298838876135267,1,6180
文化創意業,20250219,6111,0.07388316151202745,F2,H3,0.004921804982813915,1,6180
文化創意業,20250219,6111,0.07388316151202745,F2,H5,0.0010959605476001943,1,6180
文化創意業,20250219,6111,0.07388316151202745,F2,H10,-0.01165685423644569,1,6180
文化創意業,20250219,6111,0.07388316151202745,F2,S7,-0.03588720232613285,1,6180
文化創意業,20250219,6111,0.07388316151202745,RAND_SECTOR,H1,-0.0027298838876135267,1,6180
文化創意業,20250219,6111,0.07388316151202745,RAND_SECTOR,H3,0.004921804982813915,1,6180
文化創意業,20250219,6111,0.07388316151202745,RAND_SECTOR,H5,0.0010959605476001943,1,6180
文化創意業,20250219,6111,0.07388316151202745,RAND_SECTOR,H10,-0.01165685423644569,1,6180
文化創意業,20250219,6111,0.07388316151202745,RAND_SECTOR,S7,-0.03588720232613285,1,6180
文化創意業,20250502,3546,0.0957446808510638,F1,H1,-0.027754081893576754,1,6180
文化創意業,20250502,3546,0.0957446808510638,F1,H3,0.029358724771144873,1,6180
文化創意業,20250502,3546,0.0957446808510638,F1,H5,0.02271770074036339,1,6180
文化創意業,20250502,3546,0.0957446808510638,F1,H10,-0.006502804995075495,1,6180
文化創意業,20250502,3546,0.0957446808510638,F1,S7,-0.019784853056638796,1,6180
文化創意業,20250502,3546,0.0957446808510638,F3,H1,-0.027754081893576754,1,6180
文化創意業,20250502,3546,0.0957446808510638,F3,H3,0.029358724771144873,1,6180
文化創意業,20250502,3546,0.0957446808510638,F3,H5,0.02271770074036339,1,6180
文化創意業,20250502,3546,0.0957446808510638,F3,H10,-0.006502804995075495,1,6180
文化創意業,20250502,3546,0.0957446808510638,F3,S7,-0.019784853056638796,1,6180
文化創意業,20250502,3546,0.0957446808510638,F2,H1,-0.046170092560669174,1,3293
文化創意業,20250502,3546,0.0957446808510638,F2,H3,-0.014801752121129774,1,3293
文化創意業,20250502,3546,0.0957446808510638,F2,H5,0.016566588318409847,1,3293
文化創意業,20250502,3546,0.0957446808510638,F2,H10,0.016566588318409847,1,3293
文化創意業,20250502,3546,0.0957446808510638,F2,S7,-0.026419655987625745,1,3293
文化創意業,20250502,3546,0.0957446808510638,RAND_SECTOR,H1,-0.027754081893576754,1,6180
文化創意業,20250502,3546,0.0957446808510638,RAND_SECTOR,H3,0.029358724771144873,1,6180
文化創意業,20250502,3546,0.0957446808510638,RAND_SECTOR,H5,0.02271770074036339,1,6180
文化創意業,20250502,3546,0.0957446808510638,RAND_SECTOR,H10,-0.006502804995075495,1,6180
文化創意業,20250502,3546,0.0957446808510638,RAND_SECTOR,S7,-0.019784853056638796,1,6180
文化創意業,20250609,6596,0.07751937984496116,F1,H1,-0.0011180937647045086,1,6180
文化創意業,20250609,6596,0.07751937984496116,F1,H3,0.014992904722961331,1,6180
文化創意業,20250609,6596,0.07751937984496116,F1,H5,-0.0038032601793153153,1,6180
文化創意業,20250609,6596,0.07751937984496116,F1,H10,-0.021256841874287113,1,6180
文化創意業,20250609,6596,0.07751937984496116,F1,S7,0.005594822271823174,1,6180
文化創意業,20250609,6596,0.07751937984496116,F3,H1,-0.0011180937647045086,1,6180
文化創意業,20250609,6596,0.07751937984496116,F3,H3,0.014992904722961331,1,6180
文化創意業,20250609,6596,0.07751937984496116,F3,H5,-0.0038032601793153153,1,6180
文化創意業,20250609,6596,0.07751937984496116,F3,H10,-0.021256841874287113,1,6180
文化創意業,20250609,6596,0.07751937984496116,F3,S7,0.005594822271823174,1,6180
文化創意業,20250609,6596,0.07751937984496116,F2,H1,0.00669866160335264,1,3546
文化創意業,20250609,6596,0.07751937984496116,F2,H3,0.04821200847359397,1,3546
文化創意業,20250609,6596,0.07751937984496116,F2,H5,0.04302284011481383,1,3546
文化創意業,20250609,6596,0.07751937984496116,F2,H10,0.0897253553438353,1,3546
文化創意業,20250609,6596,0.07751937984496116,F2,S7,0.14161703893163713,1,3546
文化創意業,20250609,6596,0.07751937984496116,RAND_SECTOR,H1,0.00669866160335264,1,3546
文化創意業,20250609,6596,0.07751937984496116,RAND_SECTOR,H3,0.04821200847359397,1,3546
文化創意業,20250609,6596,0.07751937984496116,RAND_SECTOR,H5,0.04302284011481383,1,3546
文化創意業,20250609,6596,0.07751937984496116,RAND_SECTOR,H10,0.0897253553438353,1,3546
文化創意業,20250609,6596,0.07751937984496116,RAND_SECTOR,S7,0.14161703893163713,1,3546
文化創意業,20250912,3293,0.06439393939393945,F2,H1,-0.01275085603362247,1,6180
文化創意業,20250912,3293,0.06439393939393945,F2,H3,-0.017670702266013083,1,6180
文化創意業,20250912,3293,0.06439393939393945,F2,H5,0.023328016337241797,1,6180
文化創意業,20250912,3293,0.06439393939393945,F2,H10,-0.0061910610571018765,1,6180
文化創意業,20250912,3293,0.06439393939393945,F2,S7,0.008568477640070071,1,6180
文化創意業,20250912,3293,0.06439393939393945,RAND_SECTOR,H1,-0.010931537895603083,1,6596
文化創意業,20250912,3293,0.06439393939393945,RAND_SECTOR,H3,-0.048137875028057,1,6596
文化創意業,20250912,3293,0.06439393939393945,RAND_SECTOR,H5,-0.05743945931117034,1,6596
文化創意業,20250912,3293,0.06439393939393945,RAND_SECTOR,H10,-0.07914315597176835,1,6596
文化創意業,20250912,3293,0.06439393939393945,RAND_SECTOR,S7,-0.07914315597176835,1,6596
文化創意業,20251103,6596,0.06402439024390238,F2,H1,-0.021238698857971916,1,3293
文化創意業,20251103,6596,0.06402439024390238,F2,H3,-0.010512547612580025,1,3293
文化創意業,20251103,6596,0.06402439024390238,F2,H5,-0.027942543386342167,1,3293
文化創意業,20251103,6596,0.06402439024390238,F2,H10,0.01764359940657423,1,3293
文化創意業,20251103,6596,0.06402439024390238,F2,S7,-0.005149471989883914,1,3293
文化創意業,20251103,6596,0.06402439024390238,RAND_SECTOR,H1,-0.021238698857971916,1,3293
文化創意業,20251103,6596,0.06402439024390238,RAND_SECTOR,H3,-0.010512547612580025,1,3293
文化創意業,20251103,6596,0.06402439024390238,RAND_SECTOR,H5,-0.027942543386342167,1,3293
文化創意業,20251103,6596,0.06402439024390238,RAND_SECTOR,H10,0.01764359940657423,1,3293
文化創意業,20251103,6596,0.06402439024390238,RAND_SECTOR,S7,-0.005149471989883914,1,3293
文化創意業,20260610,6180,0.09929906542056077,F2,H1,0.013763962174073718,1,3546
文化創意業,20260610,6180,0.09929906542056077,F2,H3,-0.02102793711947437,1,3546
文化創意業,20260610,6180,0.09929906542056077,F2,H5,0.03415921348408468,1,3546
文化創意業,20260610,6180,0.09929906542056077,F2,H10,0.0029664761864209854,1,3546
文化創意業,20260610,6180,0.09929906542056077,F2,S7,-0.04366250213713696,1,3546
文化創意業,20260610,6180,0.09929906542056077,RAND_SECTOR,H1,0.013763962174073718,1,3546
文化創意業,20260610,6180,0.09929906542056077,RAND_SECTOR,H3,-0.02102793711947437,1,3546
文化創意業,20260610,6180,0.09929906542056077,RAND_SECTOR,H5,0.03415921348408468,1,3546
文化創意業,20260610,6180,0.09929906542056077,RAND_SECTOR,H10,0.0029664761864209854,1,3546
文化創意業,20260610,6180,0.09929906542056077,RAND_SECTOR,S7,-0.04366250213713696,1,3546
橡膠工業,20211025,2104,0.07991360691144722,F1,H1,-0.009403385379993967,1,2106
橡膠工業,20211025,2104,0.07991360691144722,F1,H3,-0.018837638852565397,1,2106
橡膠工業,20211025,2104,0.07991360691144722,F1,H5,-0.034561394640184484,1,2106
橡膠工業,20211025,2104,0.07991360691144722,F1,H10,-0.0329890190614226,1,2106
橡膠工業,20211025,2104,0.07991360691144722,F1,S7,-0.04556802369151791,1,2106
橡膠工業,20211025,2104,0.07991360691144722,F3,H1,-0.011611849616332603,4,"2103,2108,2106,2101"
橡膠工業,20211025,2104,0.07991360691144722,F3,H3,-0.023396149290879603,4,"2103,2108,2106,2101"
橡膠工業,20211025,2104,0.07991360691144722,F3,H5,-0.025921222090601187,4,"2103,2108,2106,2101"
橡膠工業,20211025,2104,0.07991360691144722,F3,H10,-0.020105771596132582,4,"2103,2108,2106,2101"
橡膠工業,20211025,2104,0.07991360691144722,F3,S7,-0.03242524340272454,4,"2103,2108,2106,2101"
橡膠工業,20211025,2104,0.07991360691144722,F2,H1,-0.010160044989491968,1,2108
橡膠工業,20211025,2104,0.07991360691144722,F2,H3,-0.040437502436872164,1,2108
橡膠工業,20211025,2104,0.07991360691144722,F2,H5,-0.03694394965448211,1,2108
橡膠工業,20211025,2104,0.07991360691144722,F2,H10,-0.04975364318991238,1,2108
橡膠工業,20211025,2104,0.07991360691144722,F2,S7,-0.08236013582555257,1,2108
橡膠工業,20211025,2104,0.07991360691144722,RAND_SECTOR,H1,-0.01268269190489335,1,2101
橡膠工業,20211025,2104,0.07991360691144722,RAND_SECTOR,H3,-0.029663579267708462,1,2101
橡膠工業,20211025,2104,0.07991360691144722,RAND_SECTOR,H5,-0.046644466630523684,1,2101
橡膠工業,20211025,2104,0.07991360691144722,RAND_SECTOR,H10,-0.029663579267708462,1,2101
橡膠工業,20211025,2104,0.07991360691144722,RAND_SECTOR,S7,-0.03694110242320059,1,2101
橡膠工業,20211115,2104,0.05370370370370359,F2,H1,-0.01632318375443098,1,2105
橡膠工業,20211115,2104,0.05370370370370359,F2,H3,-0.023399995382096916,1,2105
橡膠工業,20211115,2104,0.05370370370370359,F2,H5,-0.014907821428897905,1,2105
橡膠工業,20211115,2104,0.05370370370370359,F2,H10,-0.03613825631189582,1,2105
橡膠工業,20211115,2104,0.05370370370370359,F2,S7,0.019060874383898696,1,2105
橡膠工業,20211115,2104,0.05370370370370359,RAND_SECTOR,H1,0.00729351748838325,1,2103
橡膠工業,20211115,2104,0.05370370370370359,RAND_SECTOR,H3,-0.00934346253019347,1,2103
橡膠工業,20211115,2104,0.05370370370370359,RAND_SECTOR,H5,-0.016905726175000968,1,2103
橡膠工業,20211115,2104,0.05370370370370359,RAND_SECTOR,H10,-0.010855915259154747,1,2103
橡膠工業,20211115,2104,0.05370370370370359,RAND_SECTOR,S7,0.052667099357229574,1,2103
橡膠工業,20211216,2103,0.05014326647564471,F2,H1,-0.013708788179186637,1,2108
橡膠工業,20211216,2103,0.05014326647564471,F2,H3,0.02508454911531488,1,2108
橡膠工業,20211216,2103,0.05014326647564471,F2,H5,0.013328992359405323,1,2108
橡膠工業,20211216,2103,0.05014326647564471,F2,H10,0.006275658305859411,1,2108
橡膠工業,20211216,2103,0.05014326647564471,F2,S7,0.015680103710587145,1,2108
橡膠工業,20211216,2103,0.05014326647564471,RAND_SECTOR,H1,-0.013708788179186637,1,2108
橡膠工業,20211216,2103,0.05014326647564471,RAND_SECTOR,H3,0.02508454911531488,1,2108
橡膠工業,20211216,2103,0.05014326647564471,RAND_SECTOR,H5,0.013328992359405323,1,2108
橡膠工業,20211216,2103,0.05014326647564471,RAND_SECTOR,H10,0.006275658305859411,1,2108
橡膠工業,20211216,2103,0.05014326647564471,RAND_SECTOR,S7,0.015680103710587145,1,2108
橡膠工業,20220121,2101,0.09023485784919649,F2,H1,-0.006062437626189632,1,2102
橡膠工業,20220121,2101,0.09023485784919649,F2,H3,-0.030822448076782805,1,2102
橡膠工業,20220121,2101,0.09023485784919649,F2,H5,0.05760616067533553,1,2102
橡膠工業,20220121,2101,0.09023485784919649,F2,H10,-0.027285303726698018,1,2102
橡膠工業,20220121,2101,0.09023485784919649,F2,S7,-0.03259102025182503,1,2102
橡膠工業,20220121,2101,0.09023485784919649,RAND_SECTOR,H1,-0.009481873345655867,1,2106
橡膠工業,20220121,2101,0.09023485784919649,RAND_SECTOR,H3,-0.009481873345655867,1,2106
橡膠工業,20220121,2101,0.09023485784919649,RAND_SECTOR,H5,0.01858280690955061,1,2106
橡膠工業,20220121,2101,0.09023485784919649,RAND_SECTOR,H10,-0.0012275556235363805,1,2106
橡膠工業,20220121,2101,0.09023485784919649,RAND_SECTOR,S7,0.002074171465311414,1,2106
橡膠工業,20220301,2104,0.06274509803921569,F2,H1,-0.0030146554798786696,1,2101
橡膠工業,20220301,2104,0.06274509803921569,F2,H3,-0.016259629863600078,1,2101
橡膠工業,20220301,2104,0.06274509803921569,F2,H5,-0.034320958568674786,1,2101
橡膠工業,20220301,2104,0.06274509803921569,F2,H10,-0.021075984184953267,1,2101
橡膠工業,20220301,2104,0.06274509803921569,F2,S7,-0.0006064783192021306,1,2101
橡膠工業,20220301,2104,0.06274509803921569,RAND_SECTOR,H1,-0.0030146554798786696,1,2101
橡膠工業,20220301,2104,0.06274509803921569,RAND_SECTOR,H3,-0.016259629863600078,1,2101
橡膠工業,20220301,2104,0.06274509803921569,RAND_SECTOR,H5,-0.034320958568674786,1,2101
橡膠工業,20220301,2104,0.06274509803921569,RAND_SECTOR,H10,-0.021075984184953267,1,2101
橡膠工業,20220301,2104,0.06274509803921569,RAND_SECTOR,S7,-0.0006064783192021306,1,2101
橡膠工業,20220621,2103,0.050986842105263275,F1,H1,-0.01043512788574319,1,2101
橡膠工業,20220621,2103,0.050986842105263275,F1,H3,0.016908112001624342,1,2101
橡膠工業,20220621,2103,0.050986842105263275,F1,H5,-0.0026227736322095296,1,2101
橡膠工業,20220621,2103,0.050986842105263275,F1,H10,-0.0026227736322095296,1,2101
橡膠工業,20220621,2103,0.050986842105263275,F1,S7,0.015606052959368899,1,2101
橡膠工業,20220621,2103,0.050986842105263275,F3,H1,-0.01043512788574319,1,2101
橡膠工業,20220621,2103,0.050986842105263275,F3,H3,0.016908112001624342,1,2101
橡膠工業,20220621,2103,0.050986842105263275,F3,H5,-0.0026227736322095296,1,2101
橡膠工業,20220621,2103,0.050986842105263275,F3,H10,-0.0026227736322095296,1,2101
橡膠工業,20220621,2103,0.050986842105263275,F3,S7,0.015606052959368899,1,2101
橡膠工業,20220621,2103,0.050986842105263275,F2,H1,0.002176458399619996,1,2105
橡膠工業,20220621,2103,0.050986842105263275,F2,H3,0.023621033115731827,1,2105
橡膠工業,20220621,2103,0.050986842105263275,F2,H5,0.013613564914879861,1,2105
橡膠工業,20220621,2103,0.050986842105263275,F2,H10,0.013613564914879861,1,2105
橡膠工業,20220621,2103,0.050986842105263275,F2,S7,0.047924884460658346,1,2105
橡膠工業,20220621,2103,0.050986842105263275,RAND_SECTOR,H1,-0.017749980403185206,1,2104
橡膠工業,20220621,2103,0.050986842105263275,RAND_SECTOR,H3,0.01760092004502911,1,2104
橡膠工業,20220621,2103,0.050986842105263275,RAND_SECTOR,H5,-0.007649723132266861,1,2104
橡膠工業,20220621,2103,0.050986842105263275,RAND_SECTOR,H10,-0.007649723132266861,1,2104
橡膠工業,20220621,2103,0.050986842105263275,RAND_SECTOR,S7,0.020125984362758587,1,2104
橡膠工業,20221124,2102,0.09798994974874398,F1,H1,0.02142866551294098,1,2108
橡膠工業,20221124,2102,0.09798994974874398,F1,H3,-0.002511068835018726,1,2108
橡膠工業,20221124,2102,0.09798994974874398,F1,H5,0.029408576962260957,1,2108
橡膠工業,20221124,2102,0.09798994974874398,F1,H10,-0.02113086221676508,1,2108
橡膠工業,20221124,2102,0.09798994974874398,F1,S7,0.018768695029834248,1,2108
橡膠工業,20221124,2102,0.09798994974874398,F3,H1,-0.010502236605750226,3,"2104,2108,2101"
橡膠工業,20221124,2102,0.09798994974874398,F3,H3,-0.012104670769636247,3,"2104,2108,2101"
橡膠工業,20221124,2102,0.09798994974874398,F3,H5,0.005095188234441661,3,"2104,2108,2101"
橡膠工業,20221124,2102,0.09798994974874398,F3,H10,-0.028362110448395244,3,"2104,2108,2101"
橡膠工業,20221124,2102,0.09798994974874398,F3,S7,-0.04261082332307353,3,"2104,2108,2101"
橡膠工業,20221124,2102,0.09798994974874398,F2,H1,0.02142866551294098,1,2108
橡膠工業,20221124,2102,0.09798994974874398,F2,H3,-0.002511068835018726,1,2108
橡膠工業,20221124,2102,0.09798994974874398,F2,H5,0.029408576962260957,1,2108
橡膠工業,20221124,2102,0.09798994974874398,F2,H10,-0.02113086221676508,1,2108
橡膠工業,20221124,2102,0.09798994974874398,F2,S7,0.018768695029834248,1,2108
橡膠工業,20221124,2102,0.09798994974874398,RAND_SECTOR,H1,-0.033940720069620456,1,2104
橡膠工業,20221124,2102,0.09798994974874398,RAND_SECTOR,H3,-0.00783100980123197,1,2104
橡膠工業,20221124,2102,0.09798994974874398,RAND_SECTOR,H5,-0.0007101797280347766,1,2104
橡膠工業,20221124,2102,0.09798994974874398,RAND_SECTOR,H10,-0.026819889996423485,1,2104
橡膠工業,20221124,2102,0.09798994974874398,RAND_SECTOR,S7,-0.08853375063079683,1,2104
橡膠工業,20221219,2108,0.06133333333333324,F1,H1,-0.01603075352188299,1,2106
橡膠工業,20221219,2108,0.06133333333333324,F1,H3,-0.014390804777752786,1,2106
橡膠工業,20221219,2108,0.06133333333333324,F1,H5,-0.0061910610571018765,1,2106
橡膠工業,20221219,2108,0.06133333333333324,F1,H10,-0.00783100980123197,1,2106
橡膠工業,20221219,2108,0.06133333333333324,F1,S7,0.008568477640070071,1,2106
橡膠工業,20221219,2108,0.06133333333333324,F3,H1,-0.02440903452386258,5,"2103,2104,2106,2101,2102"
橡膠工業,20221219,2108,0.06133333333333324,F3,H3,-0.022421117801239697,5,"2103,2104,2106,2101,2102"
橡膠工業,20221219,2108,0.06133333333333324,F3,H5,-0.018817306785053244,5,"2103,2104,2106,2101,2102"
橡膠工業,20221219,2108,0.06133333333333324,F3,H10,-0.02960630343297439,5,"2103,2104,2106,2101,2102"
橡膠工業,20221219,2108,0.06133333333333324,F3,S7,-0.012258919906425003,5,"2103,2104,2106,2101,2102"
橡膠工業,20221219,2108,0.06133333333333324,F2,H1,-0.016508872689267817,1,2101
橡膠工業,20221219,2108,0.06133333333333324,F2,H3,-0.02374042509596419,1,2101
橡膠工業,20221219,2108,0.06133333333333324,F2,H5,-0.02807935653998217,1,2101
橡膠工業,20221219,2108,0.06133333333333324,F2,H10,-0.04254246135337525,1,2101
橡膠工業,20221219,2108,0.06133333333333324,F2,S7,-0.029525667021321533,1,2101
橡膠工業,20221219,2108,0.06133333333333324,RAND_SECTOR,H1,-0.03977920626559306,1,2103
橡膠工業,20221219,2108,0.06133333333333324,RAND_SECTOR,H3,-0.04155410606916854,1,2103
橡膠工業,20221219,2108,0.06133333333333324,RAND_SECTOR,H5,-0.03267960705129058,1,2103
橡膠工業,20221219,2108,0.06133333333333324,RAND_SECTOR,H10,-0.03445450685486606,1,2103
橡膠工業,20221219,2108,0.06133333333333324,RAND_SECTOR,S7,-0.01138080940838293,1,2103
橡膠工業,20230210,2101,0.07604017216642744,F2,H1,0.003875998932676872,1,2105
橡膠工業,20230210,2101,0.07604017216642744,F2,H3,0.002412622840938239,1,2105
橡膠工業,20230210,2101,0.07604017216642744,F2,H5,0.009729503299631403,1,2105
橡膠工業,20230210,2101,0.07604017216642744,F2,H10,0.003875998932676872,1,2105
橡膠工業,20230210,2101,0.07604017216642744,F2,S7,0.00826612720789277,1,2105
橡膠工業,20230210,2101,0.07604017216642744,RAND_SECTOR,H1,-0.015144294741272102,1,2104
橡膠工業,20230210,2101,0.07604017216642744,RAND_SECTOR,H3,-0.01270653309459202,1,2104
橡膠工業,20230210,2101,0.07604017216642744,RAND_SECTOR,H5,0.004357798432168103,1,2104
橡膠工業,20230210,2101,0.07604017216642744,RAND_SECTOR,H10,0.011671083372208013,1,2104
橡膠工業,20230210,2101,0.07604017216642744,RAND_SECTOR,S7,-0.027333102974672174,1,2104
橡膠工業,20230324,2105,0.07725321888411996,F1,H1,-0.020291530871232144,1,2106
橡膠工業,20230324,2105,0.07725321888411996,F1,H3,-0.020291530871232144,1,2106
橡膠工業,20230324,2105,0.07725321888411996,F1,H5,-0.018733965737482206,1,2106
橡膠工業,20230324,2105,0.07725321888411996,F1,H10,-0.014061270336232168,1,2106
橡膠工業,20230324,2105,0.07725321888411996,F1,S7,-0.02496422627248218,1,2106
橡膠工業,20230324,2105,0.07725321888411996,F3,H1,-0.020291530871232144,1,2106
橡膠工業,20230324,2105,0.07725321888411996,F3,H3,-0.020291530871232144,1,2106
橡膠工業,20230324,2105,0.07725321888411996,F3,H5,-0.018733965737482206,1,2106
橡膠工業,20230324,2105,0.07725321888411996,F3,H10,-0.014061270336232168,1,2106
橡膠工業,20230324,2105,0.07725321888411996,F3,S7,-0.02496422627248218,1,2106
橡膠工業,20230324,2105,0.07725321888411996,F2,H1,-0.020291530871232144,1,2106
橡膠工業,20230324,2105,0.07725321888411996,F2,H3,-0.020291530871232144,1,2106
橡膠工業,20230324,2105,0.07725321888411996,F2,H5,-0.018733965737482206,1,2106
橡膠工業,20230324,2105,0.07725321888411996,F2,H10,-0.014061270336232168,1,2106
橡膠工業,20230324,2105,0.07725321888411996,F2,S7,-0.02496422627248218,1,2106
橡膠工業,20230324,2105,0.07725321888411996,RAND_SECTOR,H1,-0.002487191182567128,1,2103
橡膠工業,20230324,2105,0.07725321888411996,RAND_SECTOR,H3,0.01176299180053908,1,2103
橡膠工業,20230324,2105,0.07725321888411996,RAND_SECTOR,H5,0.0046379003089858095,1,2103
橡膠工業,20230324,2105,0.07725321888411996,RAND_SECTOR,H10,0.0046379003089858095,1,2103
橡膠工業,20230324,2105,0.07725321888411996,RAND_SECTOR,S7,-0.009612282674120176,1,2103
橡膠工業,20230616,2104,0.0980392156862746,F1,H1,-0.02069245967417921,1,2103
橡膠工業,20230616,2104,0.0980392156862746,F1,H3,-0.015180409728630107,1,2103
橡膠工業,20230616,2104,0.0980392156862746,F1,H5,-0.015180409728630107,1,2103
橡膠工業,20230616,2104,0.0980392156862746,F1,H10,-0.01579142541346079,1,2103
橡膠工業,20230616,2104,0.0980392156862746,F1,S7,-0.034939452156389605,1,2103
橡膠工業,20230616,2104,0.0980392156862746,F3,H1,-0.02069245967417921,1,2103
橡膠工業,20230616,2104,0.0980392156862746,F3,H3,-0.015180409728630107,1,2103
橡膠工業,20230616,2104,0.0980392156862746,F3,H5,-0.015180409728630107,1,2103
橡膠工業,20230616,2104,0.0980392156862746,F3,H10,-0.01579142541346079,1,2103
橡膠工業,20230616,2104,0.0980392156862746,F3,S7,-0.034939452156389605,1,2103
橡膠工業,20230616,2104,0.0980392156862746,F2,H1,-0.02069245967417921,1,2103
橡膠工業,20230616,2104,0.0980392156862746,F2,H3,-0.015180409728630107,1,2103
橡膠工業,20230616,2104,0.0980392156862746,F2,H5,-0.015180409728630107,1,2103
橡膠工業,20230616,2104,0.0980392156862746,F2,H10,-0.01579142541346079,1,2103
橡膠工業,20230616,2104,0.0980392156862746,F2,S7,-0.034939452156389605,1,2103
橡膠工業,20230616,2104,0.0980392156862746,RAND_SECTOR,H1,-0.00783100980123197,1,2108
橡膠工業,20230616,2104,0.0980392156862746,RAND_SECTOR,H3,-0.010421529357886539,1,2108
橡膠工業,20230616,2104,0.0980392156862746,RAND_SECTOR,H5,-0.024669386919487613,1,2108
橡膠工業,20230616,2104,0.0980392156862746,RAND_SECTOR,H10,-0.028555166254469855,1,2108
橡膠工業,20230616,2104,0.0980392156862746,RAND_SECTOR,S7,-0.07647977805258266,1,2108
橡膠工業,20230829,2105,0.05466666666666664,F2,H1,0.0021155464914874855,1,2104
橡膠工業,20230829,2105,0.05466666666666664,F2,H3,0.007088824637847324,1,2104
橡膠工業,20230829,2105,0.05466666666666664,F2,H5,0.007088824637847324,1,2104
橡膠工業,20230829,2105,0.05466666666666664,F2,H10,-0.005344370728052161,1,2104
橡膠工業,20230829,2105,0.05466666666666664,F2,S7,0.004602185564667405,1,2104
橡膠工業,20230829,2105,0.05466666666666664,RAND_SECTOR,H1,-0.001498016246771705,1,2103
橡膠工業,20230829,2105,0.05466666666666664,RAND_SECTOR,H3,0.05972092144634389,1,2103
橡膠工業,20230829,2105,0.05466666666666664,RAND_SECTOR,H5,0.042832938634449924,1,2103
橡膠工業,20230829,2105,0.05466666666666664,RAND_SECTOR,H10,0.02594495582255596,1,2103
橡膠工業,20230829,2105,0.05466666666666664,RAND_SECTOR,S7,0.0027239794562019526,1,2103
橡膠工業,20240313,2109,0.06329113924050622,F2,H1,-0.01064168682729072,1,2104
橡膠工業,20240313,2109,0.06329113924050622,F2,H3,-0.04155913411393786,1,2104
橡膠工業,20240313,2109,0.06329113924050622,F2,H5,-0.05280184221817308,1,2104
橡膠工業,20240313,2109,0.06329113924050622,F2,H10,-0.019073717905467302,1,2104
橡膠工業,20240313,2109,0.06329113924050622,F2,S7,-0.013452363853349358,1,2104
橡膠工業,20240313,2109,0.06329113924050622,RAND_SECTOR,H1,0.015589288250670297,1,2105
橡膠工業,20240313,2109,0.06329113924050622,RAND_SECTOR,H3,0.04433238131436856,1,2105
橡膠工業,20240313,2109,0.06329113924050622,RAND_SECTOR,H5,0.04113870430729083,1,2105
橡膠工業,20240313,2109,0.06329113924050622,RAND_SECTOR,H10,0.0645590023591931,1,2105
橡膠工業,20240313,2109,0.06329113924050622,RAND_SECTOR,S7,0.03688046829785452,1,2105
橡膠工業,20240412,2101,0.09495896834701067,F2,H1,-0.010625852027143945,1,2109
橡膠工業,20240412,2101,0.09495896834701067,F2,H3,-0.010757761984709124,1,2109
橡膠工業,20240412,2101,0.09495896834701067,F2,H5,-0.03124502726904943,1,2109
橡膠工業,20240412,2101,0.09495896834701067,F2,H10,-0.02539152290209523,1,2109
橡膠工業,20240412,2101,0.09495896834701067,F2,S7,0.06826454696917494,1,2109
橡膠工業,20240412,2101,0.09495896834701067,RAND_SECTOR,H1,0.0040157841115890935,1,2106
橡膠工業,20240412,2101,0.09495896834701067,RAND_SECTOR,H3,-0.001907612844821327,1,2106
橡膠工業,20240412,2101,0.09495896834701067,RAND_SECTOR,H5,0.0040157841115890935,1,2106
橡膠工業,20240412,2101,0.09495896834701067,RAND_SECTOR,H10,-0.027082049909565975,1,2106
橡膠工業,20240412,2101,0.09495896834701067,RAND_SECTOR,S7,0.03659446737184702,1,2106
橡膠工業,20240705,2108,0.0998685939553221,F1,H1,-0.01340499289223629,1,2104
橡膠工業,20240705,2108,0.0998685939553221,F1,H3,-0.03012694216524936,1,2104
橡膠工業,20240705,2108,0.0998685939553221,F1,H5,-0.00783100980123197,1,2104
橡膠工業,20240705,2108,0.0998685939553221,F1,H10,-0.03291393371075135,1,2104
橡膠工業,20240705,2108,0.0998685939553221,F1,S7,-0.11373668853031393,1,2104
橡膠工業,20240705,2108,0.0998685939553221,F3,H1,-0.01340499289223629,1,2104
橡膠工業,20240705,2108,0.0998685939553221,F3,H3,-0.03012694216524936,1,2104
橡膠工業,20240705,2108,0.0998685939553221,F3,H5,-0.00783100980123197,1,2104
橡膠工業,20240705,2108,0.0998685939553221,F3,H10,-0.03291393371075135,1,2104
橡膠工業,20240705,2108,0.0998685939553221,F3,S7,-0.11373668853031393,1,2104
橡膠工業,20240705,2108,0.0998685939553221,F2,H1,-0.0154826986716593,1,2109
橡膠工業,20240705,2108,0.0998685939553221,F2,H3,-0.0154826986716593,1,2109
橡膠工業,20240705,2108,0.0998685939553221,F2,H5,-0.01293213571485019,1,2109
橡膠工業,20240705,2108,0.0998685939553221,F2,H10,-0.08179733554869795,1,2109
橡膠工業,20240705,2108,0.0998685939553221,F2,S7,-0.08179733554869795,1,2109
橡膠工業,20240705,2108,0.0998685939553221,RAND_SECTOR,H1,-0.0154826986716593,1,2109
橡膠工業,20240705,2108,0.0998685939553221,RAND_SECTOR,H3,-0.0154826986716593,1,2109
橡膠工業,20240705,2108,0.0998685939553221,RAND_SECTOR,H5,-0.01293213571485019,1,2109
橡膠工業,20240705,2108,0.0998685939553221,RAND_SECTOR,H10,-0.08179733554869795,1,2109
橡膠工業,20240705,2108,0.0998685939553221,RAND_SECTOR,S7,-0.08179733554869795,1,2109
橡膠工業,20240723,2107,0.07047619047619058,F2,H1,-0.0033005577911917605,1,2102
橡膠工業,20240723,2107,0.07047619047619058,F2,H3,0.0057603462288882135,1,2102
橡膠工業,20240723,2107,0.07047619047619058,F2,H5,0.012556024243948194,1,2102
橡膠工業,20240723,2107,0.07047619047619058,F2,H10,0.06465622235940871,1,2102
橡膠工業,20240723,2107,0.07047619047619058,F2,S7,-0.010096235806251852,1,2102
橡膠工業,20240723,2107,0.07047619047619058,RAND_SECTOR,H1,0.016422009959182526,1,2103
橡膠工業,20240723,2107,0.07047619047619058,RAND_SECTOR,H3,0.00539791006808521,1,2103
橡膠工業,20240723,2107,0.07047619047619058,RAND_SECTOR,H5,0.00539791006808521,1,2103
橡膠工業,20240723,2107,0.07047619047619058,RAND_SECTOR,H10,-0.0034213698447929097,1,2103
橡膠工業,20240723,2107,0.07047619047619058,RAND_SECTOR,S7,-0.04972258938740215,1,2103
橡膠工業,20241115,2105,0.09922822491730976,F2,H1,0.0018644526437072706,1,2104
橡膠工業,20241115,2105,0.09922822491730976,F2,H3,-0.0013673681712725871,1,2104
橡膠工業,20241115,2105,0.09922822491730976,F2,H5,0.0018644526437072706,1,2104
橡膠工業,20241115,2105,0.09922822491730976,F2,H10,-0.017526472246170988,1,2104
橡膠工業,20241115,2105,0.09922822491730976,F2,S7,-0.10478563425062293,1,2104
橡膠工業,20241115,2105,0.09922822491730976,RAND_SECTOR,H1,0.025420059059483524,1,2101
橡膠工業,20241115,2105,0.09922822491730976,RAND_SECTOR,H3,0.0318557498067189,1,2101
橡膠工業,20241115,2105,0.09922822491730976,RAND_SECTOR,H5,0.04579974642572848,1,2101
橡膠工業,20241115,2105,0.09922822491730976,RAND_SECTOR,H10,0.061888973293816596,1,2101
橡膠工業,20241115,2105,0.09922822491730976,RAND_SECTOR,S7,0.0318557498067189,1,2101
橡膠工業,20250502,2101,0.05769230769230771,F1,H1,-0.0060204824468544915,1,2108
橡膠工業,20250502,2101,0.05769230769230771,F1,H3,-0.018694173927495727,1,2108
橡膠工業,20250502,2101,0.05769230769230771,F1,H5,-0.0042099550924771245,1,2108
橡膠工業,20250502,2101,0.05769230769230771,F1,H10,0.010274263742541034,1,2108
橡膠工業,20250502,2101,0.05769230769230771,F1,S7,-0.0874942133938339,1,2108
橡膠工業,20250502,2101,0.05769230769230771,F3,H1,-0.002363606122588874,4,"2103,2104,2108,2106"
橡膠工業,20250502,2101,0.05769230769230771,F3,H3,0.0003410225814299839,4,"2103,2104,2108,2106"
橡膠工業,20250502,2101,0.05769230769230771,F3,H5,0.014764430099382803,4,"2103,2104,2108,2106"
橡膠工業,20250502,2101,0.05769230769230771,F3,H10,0.024580763541348083,4,"2103,2104,2108,2106"
橡膠工業,20250502,2101,0.05769230769230771,F3,S7,-0.047103669186198155,4,"2103,2104,2108,2106"
橡膠工業,20250502,2101,0.05769230769230771,F2,H1,-0.0060204824468544915,1,2108
橡膠工業,20250502,2101,0.05769230769230771,F2,H3,-0.018694173927495727,1,2108
橡膠工業,20250502,2101,0.05769230769230771,F2,H5,-0.0042099550924771245,1,2108
橡膠工業,20250502,2101,0.05769230769230771,F2,H10,0.010274263742541034,1,2108
橡膠工業,20250502,2101,0.05769230769230771,F2,S7,-0.0874942133938339,1,2108
橡膠工業,20250502,2101,0.05769230769230771,RAND_SECTOR,H1,-0.013484394360769203,1,2109
橡膠工業,20250502,2101,0.05769230769230771,RAND_SECTOR,H3,0.006302451597611114,1,2109
橡膠工業,20250502,2101,0.05769230769230771,RAND_SECTOR,H5,0.031742682115528,1,2109
橡膠工業,20250502,2101,0.05769230769230771,RAND_SECTOR,H10,0.006302451597611114,1,2109
橡膠工業,20250502,2101,0.05769230769230771,RAND_SECTOR,S7,-0.013484394360769203,1,2109
橡膠工業,20250728,2104,0.07111111111111112,F1,H1,-0.021535001378563012,1,2103
橡膠工業,20250728,2104,0.07111111111111112,F1,H3,-0.013312606432164587,1,2103
橡膠工業,20250728,2104,0.07111111111111112,F1,H5,-0.013312606432164587,1,2103
橡膠工業,20250728,2104,0.07111111111111112,F1,H10,-0.0653877744260225,1,2103
橡膠工業,20250728,2104,0.07111111111111112,F1,S7,-0.04072058958682634,1,2103
橡膠工業,20250728,2104,0.07111111111111112,F3,H1,-0.021535001378563012,1,2103
橡膠工業,20250728,2104,0.07111111111111112,F3,H3,-0.013312606432164587,1,2103
橡膠工業,20250728,2104,0.07111111111111112,F3,H5,-0.013312606432164587,1,2103
橡膠工業,20250728,2104,0.07111111111111112,F3,H10,-0.0653877744260225,1,2103
橡膠工業,20250728,2104,0.07111111111111112,F3,S7,-0.04072058958682634,1,2103
橡膠工業,20250728,2104,0.07111111111111112,F2,H1,-0.021535001378563012,1,2103
橡膠工業,20250728,2104,0.07111111111111112,F2,H3,-0.013312606432164587,1,2103
橡膠工業,20250728,2104,0.07111111111111112,F2,H5,-0.013312606432164587,1,2103
橡膠工業,20250728,2104,0.07111111111111112,F2,H10,-0.0653877744260225,1,2103
橡膠工業,20250728,2104,0.07111111111111112,F2,S7,-0.04072058958682634,1,2103
橡膠工業,20250728,2104,0.07111111111111112,RAND_SECTOR,H1,-0.023134387542086965,1,2101
橡膠工業,20250728,2104,0.07111111111111112,RAND_SECTOR,H3,-0.053741143023796845,1,2101
橡膠工業,20250728,2104,0.07111111111111112,RAND_SECTOR,H5,-0.010381572758041191,1,2101
橡膠工業,20250728,2104,0.07111111111111112,RAND_SECTOR,H10,-0.0422636097181559,1,2101
橡膠工業,20250728,2104,0.07111111111111112,RAND_SECTOR,S7,0.030427434550905685,1,2101
橡膠工業,20251208,2104,0.09708737864077666,F1,H1,0.0044179900777652215,1,2103
橡膠工業,20251208,2104,0.09708737864077666,F1,H3,-0.013955509740730343,1,2103
橡膠工業,20251208,2104,0.09708737864077666,F1,H5,-0.03539125952897537,1,2103
橡膠工業,20251208,2104,0.09708737864077666,F1,H10,-0.03232900955922613,1,2103
橡膠工業,20251208,2104,0.09708737864077666,F1,S7,-0.08132500907521478,1,2103
橡膠工業,20251208,2104,0.09708737864077666,F3,H1,0.0044179900777652215,1,2103
橡膠工業,20251208,2104,0.09708737864077666,F3,H3,-0.013955509740730343,1,2103
橡膠工業,20251208,2104,0.09708737864077666,F3,H5,-0.03539125952897537,1,2103
橡膠工業,20251208,2104,0.09708737864077666,F3,H10,-0.03232900955922613,1,2103
橡膠工業,20251208,2104,0.09708737864077666,F3,S7,-0.08132500907521478,1,2103
橡膠工業,20251208,2104,0.09708737864077666,F2,H1,0.0044179900777652215,1,2103
橡膠工業,20251208,2104,0.09708737864077666,F2,H3,-0.013955509740730343,1,2103
橡膠工業,20251208,2104,0.09708737864077666,F2,H5,-0.03539125952897537,1,2103
橡膠工業,20251208,2104,0.09708737864077666,F2,H10,-0.03232900955922613,1,2103
橡膠工業,20251208,2104,0.09708737864077666,F2,S7,-0.08132500907521478,1,2103
橡膠工業,20251208,2104,0.09708737864077666,RAND_SECTOR,H1,-0.002845235981137506,1,2102
橡膠工業,20251208,2104,0.09708737864077666,RAND_SECTOR,H3,0.004633424749003856,1,2102
橡膠工業,20251208,2104,0.09708737864077666,RAND_SECTOR,H5,-0.002845235981137506,1,2102
橡膠工業,20251208,2104,0.09708737864077666,RAND_SECTOR,H10,-0.00783100980123197,1,2102
橡膠工業,20251208,2104,0.09708737864077666,RAND_SECTOR,S7,-0.030266991991656278,1,2102
橡膠工業,20260223,2108,0.09999999999999987,F2,H1,0.09087968055017615,1,2103
橡膠工業,20260223,2108,0.09999999999999987,F2,H3,0.04278985704564375,1,2103
橡膠工業,20260223,2108,0.09999999999999987,F2,H5,-0.030610399882326056,1,2103
橡膠工業,20260223,2108,0.09999999999999987,F2,H10,0.04025881370329998,1,2103
橡膠工業,20260223,2108,0.09999999999999987,F2,S7,0.009886293595174456,1,2103
橡膠工業,20260223,2108,0.09999999999999987,RAND_SECTOR,H1,0.07677254750253892,1,2104
橡膠工業,20260223,2108,0.09999999999999987,RAND_SECTOR,H3,-0.00013977731907099944,1,2104
橡膠工業,20260223,2108,0.09999999999999987,RAND_SECTOR,H5,-0.050132788453117416,1,2104
橡膠工業,20260223,2108,0.09999999999999987,RAND_SECTOR,H10,-0.0539784046941979,1,2104
橡膠工業,20260223,2108,0.09999999999999987,RAND_SECTOR,S7,-0.07705210214068092,1,2104
橡膠工業,20260319,2108,0.08023483365949113,F1,H1,-0.038836290744943436,1,2104
橡膠工業,20260319,2108,0.08023483365949113,F1,H3,-0.046587610980871275,1,2104
橡膠工業,20260319,2108,0.08023483365949113,F1,H5,-0.058214591334763144,1,2104
橡膠工業,20260319,2108,0.08023483365949113,F1,H10,-0.046587610980871275,1,2104
橡膠工業,20260319,2108,0.08023483365949113,F1,S7,-0.10859817286829432,1,2104
橡膠工業,20260319,2108,0.08023483365949113,F3,H1,-0.038836290744943436,1,2104
橡膠工業,20260319,2108,0.08023483365949113,F3,H3,-0.046587610980871275,1,2104
橡膠工業,20260319,2108,0.08023483365949113,F3,H5,-0.058214591334763144,1,2104
橡膠工業,20260319,2108,0.08023483365949113,F3,H10,-0.046587610980871275,1,2104
橡膠工業,20260319,2108,0.08023483365949113,F3,S7,-0.10859817286829432,1,2104
橡膠工業,20260319,2108,0.08023483365949113,F2,H1,-0.07641411972280576,1,2103
橡膠工業,20260319,2108,0.08023483365949113,F2,H3,-0.08784463804306797,1,2103
橡膠工業,20260319,2108,0.08023483365949113,F2,H5,-0.0992751563633304,1,2103
橡膠工業,20260319,2108,0.08023483365949113,F2,H10,-0.12670840033195974,1,2103
橡膠工業,20260319,2108,0.08023483365949113,F2,S7,-0.06726970506659602,1,2103
橡膠工業,20260319,2108,0.08023483365949113,RAND_SECTOR,H1,-0.02712318461065244,1,2106
橡膠工業,20260319,2108,0.08023483365949113,RAND_SECTOR,H3,0.003193090089865347,1,2106
橡膠工業,20260319,2108,0.08023483365949113,RAND_SECTOR,H5,-0.013343059746780628,1,2106
橡膠工業,20260319,2108,0.08023483365949113,RAND_SECTOR,H10,0.03075333981760875,1,2106
橡膠工業,20260319,2108,0.08023483365949113,RAND_SECTOR,S7,0.014217189980962885,1,2106
橡膠工業,20260427,2103,0.09973045822102411,F1,H1,0.0013134048549776622,1,2104
橡膠工業,20260427,2103,0.09973045822102411,F1,H3,-0.02154763178554686,1,2104
橡膠工業,20260427,2103,0.09973045822102411,F1,H5,-0.030692046441756493,1,2104
橡膠工業,20260427,2103,0.09973045822102411,F1,H10,-0.07641411972280576,1,2104
橡膠工業,20260427,2103,0.09973045822102411,F1,S7,-0.08555853437901562,1,2104
橡膠工業,20260427,2103,0.09973045822102411,F3,H1,0.0013134048549776622,1,2104
橡膠工業,20260427,2103,0.09973045822102411,F3,H3,-0.02154763178554686,1,2104
橡膠工業,20260427,2103,0.09973045822102411,F3,H5,-0.030692046441756493,1,2104
橡膠工業,20260427,2103,0.09973045822102411,F3,H10,-0.07641411972280576,1,2104
橡膠工業,20260427,2103,0.09973045822102411,F3,S7,-0.08555853437901562,1,2104
橡膠工業,20260427,2103,0.09973045822102411,F2,H1,-0.023891299210924255,1,2108
橡膠工業,20260427,2103,0.09973045822102411,F2,H3,-0.023891299210924255,1,2108
橡膠工業,20260427,2103,0.09973045822102411,F2,H5,-0.025675775812000978,1,2108
橡膠工業,20260427,2103,0.09973045822102411,F2,H10,-0.00783100980123197,1,2108
橡膠工業,20260427,2103,0.09973045822102411,F2,S7,-0.01139996300338586,1,2108
橡膠工業,20260427,2103,0.09973045822102411,RAND_SECTOR,H1,-0.023891299210924255,1,2108
橡膠工業,20260427,2103,0.09973045822102411,RAND_SECTOR,H3,-0.023891299210924255,1,2108
橡膠工業,20260427,2103,0.09973045822102411,RAND_SECTOR,H5,-0.025675775812000978,1,2108
橡膠工業,20260427,2103,0.09973045822102411,RAND_SECTOR,H10,-0.00783100980123197,1,2108
橡膠工業,20260427,2103,0.09973045822102411,RAND_SECTOR,S7,-0.01139996300338586,1,2108
橡膠工業,20260602,2106,0.061583577712609916,F1,H1,-0.009268935873983697,1,2105
橡膠工業,20260602,2106,0.061583577712609916,F1,H3,-0.0351516051835169,1,2105
橡膠工業,20260602,2106,0.061583577712609916,F1,H5,-0.027961974819757818,1,2105
橡膠工業,20260602,2106,0.061583577712609916,F1,H10,-0.10260666281724373,1,2105
橡膠工業,20260602,2106,0.061583577712609916,F1,S7,-0.09045920647636052,1,2105
橡膠工業,20260602,2106,0.061583577712609916,F3,H1,-0.009268935873983697,1,2105
橡膠工業,20260602,2106,0.061583577712609916,F3,H3,-0.0351516051835169,1,2105
橡膠工業,20260602,2106,0.061583577712609916,F3,H5,-0.027961974819757818,1,2105
橡膠工業,20260602,2106,0.061583577712609916,F3,H10,-0.10260666281724373,1,2105
橡膠工業,20260602,2106,0.061583577712609916,F3,S7,-0.09045920647636052,1,2105
橡膠工業,20260602,2106,0.061583577712609916,F2,H1,0.05798855465912833,1,2103
橡膠工業,20260602,2106,0.061583577712609916,F2,H3,0.026297653252288278,1,2103
橡膠工業,20260602,2106,0.061583577712609916,F2,H5,0.023859891605608308,1,2103
橡膠工業,20260602,2106,0.061583577712609916,F2,H10,0.07749064783256876,1,2103
橡膠工業,20260602,2106,0.061583577712609916,F2,S7,0.007468046050346233,1,2103
橡膠工業,20260602,2106,0.061583577712609916,RAND_SECTOR,H1,0.023738003523274376,1,2104
橡膠工業,20260602,2106,0.061583577712609916,RAND_SECTOR,H3,-0.07096903645024444,1,2104
橡膠工業,20260602,2106,0.061583577712609916,RAND_SECTOR,H5,-0.05292960026481219,1,2104
橡膠工業,20260602,2106,0.061583577712609916,RAND_SECTOR,H10,-0.07096903645024444,1,2104
橡膠工業,20260602,2106,0.061583577712609916,RAND_SECTOR,S7,-0.07998875454296062,1,2104
橡膠工業,20260703,2103,0.0981308411214954,F2,H1,-0.01645856623774289,1,2104
橡膠工業,20260703,2103,0.0981308411214954,F2,H3,-0.06391012663855355,1,2104
橡膠工業,20260703,2103,0.0981308411214954,F2,H5,-0.08547901772983113,1,2104
橡膠工業,20260703,2103,0.0981308411214954,F2,H10,-0.09410657416634227,1,2104
橡膠工業,20260703,2103,0.0981308411214954,F2,S7,-0.09842035238459768,1,2104
橡膠工業,20260703,2103,0.0981308411214954,RAND_SECTOR,H1,-0.01645856623774289,1,2104
橡膠工業,20260703,2103,0.0981308411214954,RAND_SECTOR,H3,-0.06391012663855355,1,2104
橡膠工業,20260703,2103,0.0981308411214954,RAND_SECTOR,H5,-0.08547901772983113,1,2104
橡膠工業,20260703,2103,0.0981308411214954,RAND_SECTOR,H10,-0.09410657416634227,1,2104
橡膠工業,20260703,2103,0.0981308411214954,RAND_SECTOR,S7,-0.09842035238459768,1,2104
橡膠工業,20260810,2103,0.10000000000000009,F1,H1,-0.009484624784896534,1,2108
橡膠工業,20260810,2103,0.10000000000000009,F1,H3,0.0020906801007556375,1,2108
橡膠工業,20260810,2103,0.10000000000000009,F1,H5,-0.024367159637878277,1,2108
橡膠工業,20260810,2103,0.10000000000000009,F1,H10,-0.0012165498665734908,1,2108
橡膠工業,20260810,2103,0.10000000000000009,F1,S7,-0.03263523455620132,1,2108
橡膠工業,20260810,2103,0.10000000000000009,F3,H1,-0.01103142731746315,2,"2104,2108"
橡膠工業,20260810,2103,0.10000000000000009,F3,H3,-0.012364604947833924,2,"2104,2108"
橡膠工業,20260810,2103,0.10000000000000009,F3,H5,-0.020846304768352975,2,"2104,2108"
橡膠工業,20260810,2103,0.10000000000000009,F3,H10,-0.009270999882700581,2,"2104,2108"
橡膠工業,20260810,2103,0.10000000000000009,F3,S7,-0.03922200237390833,2,"2104,2108"
橡膠工業,20260810,2103,0.10000000000000009,F2,H1,-0.012578229850029765,1,2104
橡膠工業,20260810,2103,0.10000000000000009,F2,H3,-0.026819889996423485,1,2104
橡膠工業,20260810,2103,0.10000000000000009,F2,H5,-0.01732544989882767,1,2104
橡膠工業,20260810,2103,0.10000000000000009,F2,H10,-0.01732544989882767,1,2104
橡膠工業,20260810,2103,0.10000000000000009,F2,S7,-0.04580877019161533,1,2104
橡膠工業,20260810,2103,0.10000000000000009,RAND_SECTOR,H1,-0.012208225934461803,1,2101
橡膠工業,20260810,2103,0.10000000000000009,RAND_SECTOR,H3,-0.03409430660061097,1,2101
橡膠工業,20260810,2103,0.10000000000000009,RAND_SECTOR,H5,-0.07494832384408978,1,2101
橡膠工業,20260810,2103,0.10000000000000009,RAND_SECTOR,H10,-0.016585442067691636,1,2101
橡膠工業,20260810,2103,0.10000000000000009,RAND_SECTOR,S7,-0.08224368406613958,1,2101
水泥工業,20211110,1110,0.0978835978835979,F2,H1,0.001686198737844924,1,1103
水泥工業,20211110,1110,0.0978835978835979,F2,H3,-0.00783100980123197,1,1103
水泥工業,20211110,1110,0.0978835978835979,F2,H5,0.015962011546460486,1,1103
水泥工業,20211110,1110,0.0978835978835979,F2,H10,-0.010210311936001193,1,1103
水泥工業,20211110,1110,0.0978835978835979,F2,S7,-0.019727520475078197,1,1103
水泥工業,20211110,1110,0.0978835978835979,RAND_SECTOR,H1,-0.005631078559106162,1,1102
水泥工業,20211110,1110,0.0978835978835979,RAND_SECTOR,H3,-0.003431147316980243,1,1102
水泥工業,20211110,1110,0.0978835978835979,RAND_SECTOR,H5,-0.012230872285483696,1,1102
水泥工業,20211110,1110,0.0978835978835979,RAND_SECTOR,H10,-0.054029565885875375,1,1102
水泥工業,20211110,1110,0.0978835978835979,RAND_SECTOR,S7,-0.04192994405418293,1,1102
水泥工業,20220301,1110,0.07631578947368411,F1,H1,-0.0035219153812589,1,1102
水泥工業,20220301,1110,0.07631578947368411,F1,H3,-0.021835566666144057,1,1102
水泥工業,20220301,1110,0.07631578947368411,F1,H5,-0.01860374585116431,1,1102
水泥工業,20220301,1110,0.07631578947368411,F1,H10,0.019100830323598883,1,1102
水泥工業,20220301,1110,0.07631578947368411,F1,S7,0.04387812323844331,1,1102
水泥工業,20220301,1110,0.07631578947368411,F3,H1,-0.004119712083611282,2,"1101,1102"
水泥工業,20220301,1110,0.07631578947368411,F3,H3,-0.018465706084834055,2,"1101,1102"
水泥工業,20220301,1110,0.07631578947368411,F3,H5,-0.01840654618497828,2,"1101,1102"
水泥工業,20220301,1110,0.07631578947368411,F3,H10,0.007191660768817609,2,"1101,1102"
水泥工業,20220301,1110,0.07631578947368411,F3,S7,0.03929914698960435,2,"1101,1102"
水泥工業,20220301,1110,0.07631578947368411,F2,H1,-0.0035219153812589,1,1102
水泥工業,20220301,1110,0.07631578947368411,F2,H3,-0.021835566666144057,1,1102
水泥工業,20220301,1110,0.07631578947368411,F2,H5,-0.01860374585116431,1,1102
水泥工業,20220301,1110,0.07631578947368411,F2,H10,0.019100830323598883,1,1102
水泥工業,20220301,1110,0.07631578947368411,F2,S7,0.04387812323844331,1,1102
水泥工業,20220301,1110,0.07631578947368411,RAND_SECTOR,H1,0.0015290750119638652,1,1103
水泥工業,20220301,1110,0.07631578947368411,RAND_SECTOR,H3,-0.03123122183422178,1,1103
水泥工業,20220301,1110,0.07631578947368411,RAND_SECTOR,H5,-0.06165149747710841,1,1103
水泥工業,20220301,1110,0.07631578947368411,RAND_SECTOR,H10,-0.059311476273809394,1,1103
水泥工業,20220301,1110,0.07631578947368411,RAND_SECTOR,S7,-0.03123122183422178,1,1103
水泥工業,20221114,1101,0.06220839813374801,F2,H1,-0.0029070942171188774,1,1102
水泥工業,20221114,1101,0.06220839813374801,F2,H3,0.010633673639191654,1,1102
水泥工業,20221114,1101,0.06220839813374801,F2,H5,0.015557589223304857,1,1102
水泥工業,20221114,1101,0.06220839813374801,F2,H10,0.0020168213669942148,1,1102
水泥工業,20221114,1101,0.06220839813374801,F2,S7,0.015557589223304857,1,1102
水泥工業,20221114,1101,0.06220839813374801,RAND_SECTOR,H1,-0.0029070942171188774,1,1102
水泥工業,20221114,1101,0.06220839813374801,RAND_SECTOR,H3,0.010633673639191654,1,1102
水泥工業,20221114,1101,0.06220839813374801,RAND_SECTOR,H5,0.015557589223304857,1,1102
水泥工業,20221114,1101,0.06220839813374801,RAND_SECTOR,H10,0.0020168213669942148,1,1102
水泥工業,20221114,1101,0.06220839813374801,RAND_SECTOR,S7,0.015557589223304857,1,1102
水泥工業,20230220,1108,0.09829059829059839,F2,H1,-0.04751776940918251,1,1103
水泥工業,20230220,1108,0.09829059829059839,F2,H3,-0.02183810142756748,1,1103
水泥工業,20230220,1108,0.09829059829059839,F2,H5,-0.07553195266185364,1,1103
水泥工業,20230220,1108,0.09829059829059839,F2,H10,-0.08953904428818926,1,1103
水泥工業,20230220,1108,0.09829059829059839,F2,S7,-0.07553195266185364,1,1103
水泥工業,20230220,1108,0.09829059829059839,RAND_SECTOR,H1,-0.024062813321866217,1,1104
水泥工業,20230220,1108,0.09829059829059839,RAND_SECTOR,H3,-0.00783100980123197,1,1104
水泥工業,20230220,1108,0.09829059829059839,RAND_SECTOR,H5,-0.020004862441707516,1,1104
水泥工業,20230220,1108,0.09829059829059839,RAND_SECTOR,H10,-0.005802034361152675,1,1104
水泥工業,20230220,1108,0.09829059829059839,RAND_SECTOR,S7,0.018545670919798862,1,1104
水泥工業,20230426,1108,0.0691823899371069,F1,H1,-0.015180409728630107,1,1103
水泥工業,20230426,1108,0.0691823899371069,F1,H3,-0.010280809777031497,1,1103
水泥工業,20230426,1108,0.0691823899371069,F1,H5,-0.010280809777031497,1,1103
水泥工業,20230426,1108,0.0691823899371069,F1,H10,-0.029879209583426602,1,1103
水泥工業,20230426,1108,0.0691823899371069,F1,S7,-0.02008000968022927,1,1103
水泥工業,20230426,1108,0.0691823899371069,F3,H1,-0.014669513942860757,2,"1101,1103"
水泥工業,20230426,1108,0.0691823899371069,F3,H3,0.0029665460870013094,2,"1101,1103"
水泥工業,20230426,1108,0.0691823899371069,F3,H5,-0.004626583940030238,2,"1101,1103"
水泥工業,20230426,1108,0.0691823899371069,F3,H10,-0.03593965225314988,2,"1101,1103"
水泥工業,20230426,1108,0.0691823899371069,F3,S7,-0.03167281313713721,2,"1101,1103"
水泥工業,20230426,1108,0.0691823899371069,F2,H1,-0.00783100980123197,1,1104
水泥工業,20230426,1108,0.0691823899371069,F2,H3,0.06752359704930733,1,1104
水泥工業,20230426,1108,0.0691823899371069,F2,H5,0.06752359704930733,1,1104
水泥工業,20230426,1108,0.0691823899371069,F2,H10,0.06572943974334211,1,1104
水泥工業,20230426,1108,0.0691823899371069,F2,S7,0.0011397767285941107,1,1104
水泥工業,20230426,1108,0.0691823899371069,RAND_SECTOR,H1,-0.014158618157091407,1,1101
水泥工業,20230426,1108,0.0691823899371069,RAND_SECTOR,H3,0.016213901951034115,1,1101
水泥工業,20230426,1108,0.0691823899371069,RAND_SECTOR,H5,0.001027641896971021,1,1101
水泥工業,20230426,1108,0.0691823899371069,RAND_SECTOR,H10,-0.042000094922873155,1,1101
水泥工業,20230426,1108,0.0691823899371069,RAND_SECTOR,S7,-0.04326561659404515,1,1101
水泥工業,20230619,1103,0.051044083526682105,F2,H1,-0.013667297978872006,1,1108
水泥工業,20230619,1103,0.051044083526682105,F2,H3,0.006759710642867622,1,1108
水泥工業,20230619,1103,0.051044083526682105,F2,H5,0.009677854731687585,1,1108
水泥工業,20230619,1103,0.051044083526682105,F2,H10,-0.031176162511791117,1,1108
水泥工業,20230619,1103,0.051044083526682105,F2,S7,-0.054521315222350486,1,1108
水泥工業,20230619,1103,0.051044083526682105,RAND_SECTOR,H1,-0.013667297978872006,1,1108
水泥工業,20230619,1103,0.051044083526682105,RAND_SECTOR,H3,0.006759710642867622,1,1108
水泥工業,20230619,1103,0.051044083526682105,RAND_SECTOR,H5,0.009677854731687585,1,1108
水泥工業,20230619,1103,0.051044083526682105,RAND_SECTOR,H10,-0.031176162511791117,1,1108
水泥工業,20230619,1103,0.051044083526682105,RAND_SECTOR,S7,-0.054521315222350486,1,1108
水泥工業,20240408,1108,0.05031446540880502,F1,H1,0.0060996000455526556,1,1101
水泥工業,20240408,1108,0.05031446540880502,F1,H3,-0.00783100980123197,1,1101
水泥工業,20240408,1108,0.05031446540880502,F1,H5,0.009195291122615856,1,1101
水泥工業,20240408,1108,0.05031446540880502,F1,H10,0.015386673276742258,1,1101
水泥工業,20240408,1108,0.05031446540880502,F1,S7,0.030865128662058705,1,1101
水泥工業,20240408,1108,0.05031446540880502,F3,H1,0.0026947101587589395,2,"1101,1102"
水泥工業,20240408,1108,0.05031446540880502,F3,H3,-0.008424412307331652,2,"1101,1102"
水泥工業,20240408,1108,0.05031446540880502,F3,H5,0.0006821406606919433,2,"1101,1102"
水泥工業,20240408,1108,0.05031446540880502,F3,H10,0.014459076847550545,2,"1101,1102"
水泥工業,20240408,1108,0.05031446540880502,F3,S7,0.04000037972320103,2,"1101,1102"
水泥工業,20240408,1108,0.05031446540880502,F2,H1,0.005801846552644596,1,1104
水泥工業,20240408,1108,0.05031446540880502,F2,H3,-0.012375295252523899,1,1104
水泥工業,20240408,1108,0.05031446540880502,F2,H5,-0.00934577161832928,1,1104
水泥工業,20240408,1108,0.05031446540880502,F2,H10,0.022464226540715337,1,1104
水泥工業,20240408,1108,0.05031446540880502,F2,S7,0.05275946288266242,1,1104
水泥工業,20240408,1108,0.05031446540880502,RAND_SECTOR,H1,-0.0007101797280347766,1,1102
水泥工業,20240408,1108,0.05031446540880502,RAND_SECTOR,H3,-0.009017814813431335,1,1102
水泥工業,20240408,1108,0.05031446540880502,RAND_SECTOR,H5,-0.00783100980123197,1,1102
水泥工業,20240408,1108,0.05031446540880502,RAND_SECTOR,H10,0.013531480418358832,1,1102
水泥工業,20240408,1108,0.05031446540880502,RAND_SECTOR,S7,0.049135630784343354,1,1102
水泥工業,20240510,1102,0.05868814729574212,F1,H1,-0.0004488000527290703,1,1101
水泥工業,20240510,1102,0.05868814729574212,F1,H3,-0.015213219549734647,1,1101
水泥工業,20240510,1102,0.05868814729574212,F1,H5,0.0025040838466718895,1,1101
水泥工業,20240510,1102,0.05868814729574212,F1,H10,0.00545696774607296,1,1101
水泥工業,20240510,1102,0.05868814729574212,F1,S7,-0.025548313197638395,1,1101
水泥工業,20240510,1102,0.05868814729574212,F3,H1,-0.002902786485336206,2,"1101,1109"
水泥工業,20240510,1102,0.05868814729574212,F3,H3,-0.01523347000041636,2,"1101,1109"
水泥工業,20240510,1102,0.05868814729574212,F3,H5,-0.00266346297728004,2,"1101,1109"
水泥工業,20240510,1102,0.05868814729574212,F3,H10,-0.017269560768956083,2,"1101,1109"
水泥工業,20240510,1102,0.05868814729574212,F3,S7,-0.03277220124081176,2,"1101,1109"
水泥工業,20240510,1102,0.05868814729574212,F2,H1,-0.005356772917943342,1,1109
水泥工業,20240510,1102,0.05868814729574212,F2,H3,-0.015253720451098074,1,1109
水泥工業,20240510,1102,0.05868814729574212,F2,H5,-0.00783100980123197,1,1109
水泥工業,20240510,1102,0.05868814729574212,F2,H10,-0.039996089283985126,1,1109
水泥工業,20240510,1102,0.05868814729574212,F2,S7,-0.039996089283985126,1,1109
水泥工業,20240510,1102,0.05868814729574212,RAND_SECTOR,H1,-0.049774013760071845,1,1104
水泥工業,20240510,1102,0.05868814729574212,RAND_SECTOR,H3,-0.04109615087203611,1,1104
水泥工業,20240510,1102,0.05868814729574212,RAND_SECTOR,H5,-0.019401493651946322,1,1104
水泥工業,20240510,1102,0.05868814729574212,RAND_SECTOR,H10,-0.03386459846533951,1,1104
水泥工業,20240510,1102,0.05868814729574212,RAND_SECTOR,S7,-0.02807935653998228,1,1104
水泥工業,20240801,1110,0.05531914893617018,F2,H1,-0.016099084719555012,1,1103
水泥工業,20240801,1110,0.05531914893617018,F2,H3,-0.049171384392847295,1,1103
水泥工業,20240801,1110,0.05531914893617018,F2,H5,-0.040903309474524474,1,1103
水泥工業,20240801,1110,0.05531914893617018,F2,H10,-0.016099084719555012,1,1103
水泥工業,20240801,1110,0.05531914893617018,F2,S7,0.003193090089865347,1,1103
水泥工業,20240801,1110,0.05531914893617018,RAND_SECTOR,H1,-0.02696374514941735,1,1109
水泥工業,20240801,1110,0.05531914893617018,RAND_SECTOR,H3,-0.06522921584578867,1,1109
水泥工業,20240801,1110,0.05531914893617018,RAND_SECTOR,H5,-0.046096480497603065,1,1109
水泥工業,20240801,1110,0.05531914893617018,RAND_SECTOR,H10,-0.01603075352188288,1,1109
水泥工業,20240801,1110,0.05531914893617018,RAND_SECTOR,S7,0.005835229733186509,1,1109
水泥工業,20241016,1104,0.0515806988352745,F2,H1,0.004494070822355312,1,1101
水泥工業,20241016,1104,0.0515806988352745,F2,H3,-0.00783100980123197,1,1101
水泥工業,20241016,1104,0.0515806988352745,F2,H5,-0.010912279957128845,1,1101
水泥工業,20241016,1104,0.0515806988352745,F2,H10,-0.023237360580716016,1,1101
水泥工業,20241016,1104,0.0515806988352745,F2,S7,0.004494070822355312,1,1101
水泥工業,20241016,1104,0.0515806988352745,RAND_SECTOR,H1,0.011580992180918015,1,1102
水泥工業,20241016,1104,0.0515806988352745,RAND_SECTOR,H3,0.009424103071790091,1,1102
水泥工業,20241016,1104,0.0515806988352745,RAND_SECTOR,H5,-0.0067525652466681185,1,1102
水泥工業,20241016,1104,0.0515806988352745,RAND_SECTOR,H10,0.005110324853534687,1,1102
水泥工業,20241016,1104,0.0515806988352745,RAND_SECTOR,S7,-0.018615455346870702,1,1102
水泥工業,20250303,1102,0.055023923444976086,F2,H1,-0.0017811988853858596,1,1103
水泥工業,20250303,1102,0.055023923444976086,F2,H3,0.010318422946306471,1,1103
水泥工業,20250303,1102,0.055023923444976086,F2,H5,-0.004806104343308748,1,1103
水泥工業,20250303,1102,0.055023923444976086,F2,H10,-0.004806104343308748,1,1103
水泥工業,20250303,1102,0.055023923444976086,F2,S7,-0.04412987529630863,1,1103
水泥工業,20250303,1102,0.055023923444976086,RAND_SECTOR,H1,-0.0017811988853858596,1,1103
水泥工業,20250303,1102,0.055023923444976086,RAND_SECTOR,H3,0.010318422946306471,1,1103
水泥工業,20250303,1102,0.055023923444976086,RAND_SECTOR,H5,-0.004806104343308748,1,1103
水泥工業,20250303,1102,0.055023923444976086,RAND_SECTOR,H10,-0.004806104343308748,1,1103
水泥工業,20250303,1102,0.055023923444976086,RAND_SECTOR,S7,-0.04412987529630863,1,1103
水泥工業,20250910,1104,0.09965635738831602,F2,H1,-0.03587056821989276,1,1101
水泥工業,20250910,1104,0.09965635738831602,F2,H3,-0.03587056821989276,1,1101
水泥工業,20250910,1104,0.09965635738831602,F2,H5,-0.03802745732902035,1,1101
水泥工業,20250910,1104,0.09965635738831602,F2,H10,0.013737881290045717,1,1101
水泥工業,20250910,1104,0.09965635738831602,F2,S7,-0.0035172315829764544,1,1101
水泥工業,20250910,1104,0.09965635738831602,RAND_SECTOR,H1,-0.0050939918972351395,1,1102
水泥工業,20250910,1104,0.09965635738831602,RAND_SECTOR,H3,0.009959606574745816,1,1102
水泥工業,20250910,1104,0.09965635738831602,RAND_SECTOR,H5,0.0003800439107577436,1,1102
水泥工業,20250910,1104,0.09965635738831602,RAND_SECTOR,H10,0.01953916923873411,1,1102
水泥工業,20250910,1104,0.09965635738831602,RAND_SECTOR,S7,0.005854079718751182,1,1102
水泥工業,20260112,1101,0.05496828752642702,F2,H1,-0.006509879321606293,1,1102
水泥工業,20260112,1101,0.05496828752642702,F2,H3,-0.026326836515989105,1,1102
水泥工業,20260112,1101,0.05496828752642702,F2,H5,-0.027647966995614892,1,1102
水泥工業,20260112,1101,0.05496828752642702,F2,H10,-0.04614379371037203,1,1102
水泥工業,20260112,1101,0.05496828752642702,F2,S7,-0.08049318618063572,1,1102
水泥工業,20260112,1101,0.05496828752642702,RAND_SECTOR,H1,-0.006509879321606293,1,1102
水泥工業,20260112,1101,0.05496828752642702,RAND_SECTOR,H3,-0.026326836515989105,1,1102
水泥工業,20260112,1101,0.05496828752642702,RAND_SECTOR,H5,-0.027647966995614892,1,1102
水泥工業,20260112,1101,0.05496828752642702,RAND_SECTOR,H10,-0.04614379371037203,1,1102
水泥工業,20260112,1101,0.05496828752642702,RAND_SECTOR,S7,-0.08049318618063572,1,1102
水泥工業,20260408,1101,0.05833333333333335,F2,H1,0.00331695638077667,1,1102
水泥工業,20260408,1101,0.05833333333333335,F2,H3,-0.0008635309374764866,1,1102
水泥工業,20260408,1101,0.05833333333333335,F2,H5,-0.012011497119485126,1,1102
水泥工業,20260408,1101,0.05833333333333335,F2,H10,-0.006437514028480917,1,1102
水泥工業,20260408,1101,0.05833333333333335,F2,S7,-0.02594645484699587,1,1102
水泥工業,20260408,1101,0.05833333333333335,RAND_SECTOR,H1,-0.014557579226308404,1,1104
水泥工業,20260408,1101,0.05833333333333335,RAND_SECTOR,H3,-0.011194294513770076,1,1104
水泥工業,20260408,1101,0.05833333333333335,RAND_SECTOR,H5,-0.012875936870039295,1,1104
水泥工業,20260408,1101,0.05833333333333335,RAND_SECTOR,H10,-0.019602506295115618,1,1104
水泥工業,20260408,1101,0.05833333333333335,RAND_SECTOR,S7,-0.04146385692661392,1,1104
水泥工業,20260814,1102,0.05520504731861209,F2,H1,-0.013968137575657402,1,1101
水泥工業,20260814,1102,0.05520504731861209,F2,H3,-0.013968137575657402,1,1101
水泥工業,20260814,1102,0.05520504731861209,F2,H5,0.020808919812753013,1,1101
水泥工業,20260814,1102,0.05520504731861209,F2,H10,-0.005785300543090122,1,1101
水泥工業,20260814,1102,0.05520504731861209,F2,S7,-0.001693882026806648,1,1101
水泥工業,20260814,1102,0.05520504731861209,RAND_SECTOR,H1,-0.013968137575657402,1,1101
水泥工業,20260814,1102,0.05520504731861209,RAND_SECTOR,H3,-0.013968137575657402,1,1101
水泥工業,20260814,1102,0.05520504731861209,RAND_SECTOR,H5,0.020808919812753013,1,1101
水泥工業,20260814,1102,0.05520504731861209,RAND_SECTOR,H10,-0.005785300543090122,1,1101
水泥工業,20260814,1102,0.05520504731861209,RAND_SECTOR,S7,-0.001693882026806648,1,1101
汽車工業,20211015,2243,0.09819121447028412,F2,H1,-0.04581946212866217,1,2201
汽車工業,20211015,2243,0.09819121447028412,F2,H3,-0.06593099571377248,1,2201
汽車工業,20211015,2243,0.09819121447028412,F2,H5,-0.05475792149982228,1,2201
汽車工業,20211015,2243,0.09819121447028412,F2,H10,-0.0815732996133024,1,2201
汽車工業,20211015,2243,0.09819121447028412,F2,S7,-0.0815732996133024,1,2201
汽車工業,20211015,2243,0.09819121447028412,RAND_SECTOR,H1,-0.015463078956607257,1,1536
汽車工業,20211015,2243,0.09819121447028412,RAND_SECTOR,H3,0.008523424103143329,1,1536
汽車工業,20211015,2243,0.09819121447028412,RAND_SECTOR,H5,-0.006740714207606913,1,1536
汽車工業,20211015,2243,0.09819121447028412,RAND_SECTOR,H10,0.0303293359756438,1,1536
汽車工業,20211015,2243,0.09819121447028412,RAND_SECTOR,S7,0.03578081394376875,1,1536
汽車工業,20220104,1533,0.07239057239057245,F2,H1,-0.09400797352135337,1,2497
汽車工業,20220104,1533,0.07239057239057245,F2,H3,-0.14389989988563445,1,2497
汽車工業,20220104,1533,0.07239057239057245,F2,H5,-0.13142691829456432,1,2497
汽車工業,20220104,1533,0.07239057239057245,F2,H10,-0.1597746037288148,1,2497
汽車工業,20220104,1533,0.07239057239057245,F2,S7,-0.09400797352135337,1,2497
汽車工業,20220104,1533,0.07239057239057245,RAND_SECTOR,H1,-0.033364770578406144,1,6288
汽車工業,20220104,1533,0.07239057239057245,RAND_SECTOR,H3,0.06147491230824076,1,6288
汽車工業,20220104,1533,0.07239057239057245,RAND_SECTOR,H5,0.08336099297439015,1,6288
汽車工業,20220104,1533,0.07239057239057245,RAND_SECTOR,H10,0.05782723219721597,1,6288
汽車工業,20220104,1533,0.07239057239057245,RAND_SECTOR,S7,0.07424179269682818,1,6288
汽車工業,20220328,2243,0.07594936708860756,F2,H1,-7.968956530401972e-05,1,1319
汽車工業,20220328,2243,0.07594936708860756,F2,H3,-0.00783100980123197,1,1319
汽車工業,20220328,2243,0.07594936708860756,F2,H5,-0.006280745754046468,1,1319
汽車工業,20220328,2243,0.07594936708860756,F2,H10,0.0030208385290670936,1,1319
汽車工業,20220328,2243,0.07594936708860756,F2,S7,0.010772158764994932,1,1319
汽車工業,20220328,2243,0.07594936708860756,RAND_SECTOR,H1,-0.009553525409216057,1,2206
汽車工業,20220328,2243,0.07594936708860756,RAND_SECTOR,H3,-0.002663462977280151,1,2206
汽車工業,20220328,2243,0.07594936708860756,RAND_SECTOR,H5,-0.01816610344913583,1,2206
汽車工業,20220328,2243,0.07594936708860756,RAND_SECTOR,H10,-0.012998556625183788,1,2206
汽車工業,20220328,2243,0.07594936708860756,RAND_SECTOR,S7,-0.057783962432767066,1,2206
汽車工業,20220504,1524,0.0981308411214954,F2,H1,-0.016850727893947925,1,2233
汽車工業,20220504,1524,0.0981308411214954,F2,H3,-0.0935183316820346,1,2233
汽車工業,20220504,1524,0.0981308411214954,F2,H5,-0.07096903645024444,1,2233
汽車工業,20220504,1524,0.0981308411214954,F2,H10,-0.08900847263567657,1,2233
汽車工業,20220504,1524,0.0981308411214954,F2,S7,-0.08900847263567657,1,2233
汽車工業,20220504,1524,0.0981308411214954,RAND_SECTOR,H1,-0.01621081546169456,1,2204
汽車工業,20220504,1524,0.0981308411214954,RAND_SECTOR,H3,-0.048054076971452364,1,2204
汽車工業,20220504,1524,0.0981308411214954,RAND_SECTOR,H5,-0.017886776593787013,1,2204
汽車工業,20220504,1524,0.0981308411214954,RAND_SECTOR,H10,-0.0028031264049543925,1,2204
汽車工業,20220504,1524,0.0981308411214954,RAND_SECTOR,S7,0.049151668689913386,1,2204
汽車工業,20220927,2206,0.055696202531645644,F2,H1,-0.026729466757398845,1,1536
汽車工業,20220927,2206,0.055696202531645644,F2,H3,-0.04037835233685283,1,1536
汽車工業,20220927,2206,0.055696202531645644,F2,H5,-0.013080581177945194,1,1536
汽車工業,20220927,2206,0.055696202531645644,F2,H10,-0.12857115146563236,1,1536
汽車工業,20220927,2206,0.055696202531645644,F2,S7,-0.11702209443686351,1,1536
汽車工業,20220927,2206,0.055696202531645644,RAND_SECTOR,H1,-0.0373598487952429,1,2204
汽車工業,20220927,2206,0.055696202531645644,RAND_SECTOR,H3,-0.05153369151236831,1,2204
汽車工業,20220927,2206,0.055696202531645644,RAND_SECTOR,H5,-0.03499754167572211,1,2204
汽車工業,20220927,2206,0.055696202531645644,RAND_SECTOR,H10,-0.03381638811596155,1,2204
汽車工業,20220927,2206,0.055696202531645644,RAND_SECTOR,S7,-0.013736777600034111,1,2204
汽車工業,20221021,2201,0.08948004836759371,F2,H1,-0.01043512788574319,1,1536
汽車工業,20221021,2201,0.08948004836759371,F2,H3,-0.01303924597025441,1,1536
汽車工業,20221021,2201,0.08948004836759371,F2,H5,-0.029966013519577173,1,1536
汽車工業,20221021,2201,0.08948004836759371,F2,H10,-0.009133068843487746,1,1536
汽車工業,20221021,2201,0.08948004836759371,F2,S7,-0.059913371491455925,1,1536
汽車工業,20221021,2201,0.08948004836759371,RAND_SECTOR,H1,0.019166785850435186,1,4551
汽車工業,20221021,2201,0.08948004836759371,RAND_SECTOR,H3,-0.00783100980123197,1,4551
汽車工業,20221021,2201,0.08948004836759371,RAND_SECTOR,H5,0.009042612481060086,1,4551
汽車工業,20221021,2201,0.08948004836759371,RAND_SECTOR,H10,0.015792061393976597,1,4551
汽車工業,20221021,2201,0.08948004836759371,RAND_SECTOR,S7,0.0630382037843944,1,4551
汽車工業,20221108,2497,0.09869375907111744,F1,H1,-0.020660781226216063,1,1524
汽車工業,20221108,2497,0.09869375907111744,F1,H3,-0.02279907646371304,1,1524
汽車工業,20221108,2497,0.09869375907111744,F1,H5,0.013551942573741371,1,1524
汽車工業,20221108,2497,0.09869375907111744,F1,H10,0.011413647336244281,1,1524
汽車工業,20221108,2497,0.09869375907111744,F1,S7,0.08197739017365668,1,1524
汽車工業,20221108,2497,0.09869375907111744,F3,H1,-0.020288850142726394,6,"3346,1319,1524,6605,1522"
汽車工業,20221108,2497,0.09869375907111744,F3,H3,-0.03798329297990296,6,"3346,1319,1524,6605,1522"
汽車工業,20221108,2497,0.09869375907111744,F3,H5,-0.009159753412870286,6,"3346,1319,1524,6605,1522"
汽車工業,20221108,2497,0.09869375907111744,F3,H10,-0.014842188571273599,6,"3346,1319,1524,6605,1522"
汽車工業,20221108,2497,0.09869375907111744,F3,S7,0.026269638379718647,6,"3346,1319,1524,6605,1522"
汽車工業,20221108,2497,0.09869375907111744,F2,H1,-0.02357972393137131,1,3346
汽車工業,20221108,2497,0.09869375907111744,F2,H3,-0.029879209583426936,1,3346
汽車工業,20221108,2497,0.09869375907111744,F2,H5,0.007917704328907371,1,3346
汽車工業,20221108,2497,0.09869375907111744,F2,H10,4.334726383770082e-05,1,3346
汽車工業,20221108,2497,0.09869375907111744,F2,S7,0.14335664584810393,1,3346
汽車工業,20221108,2497,0.09869375907111744,RAND_SECTOR,H1,0.002410734613722987,1,1536
汽車工業,20221108,2497,0.09869375907111744,RAND_SECTOR,H3,-0.0833638748615253,1,1536
汽車工業,20221108,2497,0.09869375907111744,RAND_SECTOR,H5,-0.0808034387577865,1,1536
汽車工業,20221108,2497,0.09869375907111744,RAND_SECTOR,H10,-0.07824300265404771,1,1536
汽車工業,20221108,2497,0.09869375907111744,RAND_SECTOR,S7,-0.0833638748615253,1,1536
汽車工業,20230116,2236,0.08781362007168458,F2,H1,0.0656096556561514,1,2201
汽車工業,20230116,2236,0.08781362007168458,F2,H3,0.1894507777999741,1,2201
汽車工業,20230116,2236,0.08781362007168458,F2,H5,0.13329026892079887,1,2201
汽車工業,20230116,2236,0.08781362007168458,F2,H10,0.113130086246223,1,2201
汽車工業,20230116,2236,0.08781362007168458,F2,S7,0.1606505168362944,1,2201
汽車工業,20230116,2236,0.08781362007168458,RAND_SECTOR,H1,0.021764940190492688,1,3346
汽車工業,20230116,2236,0.08781362007168458,RAND_SECTOR,H3,0.08518483302990254,1,3346
汽車工業,20230116,2236,0.08781362007168458,RAND_SECTOR,H5,0.09082215683785,1,3346
汽車工業,20230116,2236,0.08781362007168458,RAND_SECTOR,H10,0.08095684017394178,1,3346
汽車工業,20230116,2236,0.08781362007168458,RAND_SECTOR,S7,0.09364081874182384,1,3346
汽車工業,20230515,4581,0.08419243986254288,F2,H1,-0.01429465143119113,1,2206
汽車工業,20230515,4581,0.08419243986254288,F2,H3,0.12305773320544611,1,2206
汽車工業,20230515,4581,0.08419243986254288,F2,H5,0.17638277665261093,1,2206
汽車工業,20230515,4581,0.08419243986254288,F2,H10,0.19254188072750944,1,2206
汽車工業,20230515,4581,0.08419243986254288,F2,S7,0.5270353350779085,1,2206
汽車工業,20230515,4581,0.08419243986254288,RAND_SECTOR,H1,0.00349512022386822,1,1524
汽車工業,20230515,4581,0.08419243986254288,RAND_SECTOR,H3,0.014821250248968187,1,1524
汽車工業,20230515,4581,0.08419243986254288,RAND_SECTOR,H5,0.03294305828912858,1,1524
汽車工業,20230515,4581,0.08419243986254288,RAND_SECTOR,H10,0.014821250248968187,1,1524
汽車工業,20230515,4581,0.08419243986254288,RAND_SECTOR,S7,0.09410416042466885,1,1524
汽車工業,20230720,2228,0.09582059123343534,F2,H1,-0.06640484175272554,1,2206
汽車工業,20230720,2228,0.09582059123343534,F2,H3,-0.03307219277081619,1,2206
汽車工業,20230720,2228,0.09582059123343534,F2,H5,-0.04653574451704523,1,2206
汽車工業,20230720,2228,0.09582059123343534,F2,H10,-0.051431581515674174,1,2206
汽車工業,20230720,2228,0.09582059123343534,F2,S7,-0.06122325551293162,1,2206
汽車工業,20230720,2228,0.09582059123343534,RAND_SECTOR,H1,-0.010368526400205802,1,2201
汽車工業,20230720,2228,0.09582059123343534,RAND_SECTOR,H3,0.021350431086966992,1,2201
汽車工業,20230720,2228,0.09582059123343534,RAND_SECTOR,H5,0.017544156188506355,1,2201
汽車工業,20230720,2228,0.09582059123343534,RAND_SECTOR,H10,0.026425464284914657,1,2201
汽車工業,20230720,2228,0.09582059123343534,RAND_SECTOR,S7,-0.04843127538481329,1,2201
汽車工業,20231201,1339,0.09969788519637457,F2,H1,-0.048605077891592297,1,1568
汽車工業,20231201,1339,0.09969788519637457,F2,H3,-0.01326755221328002,1,1568
汽車工業,20231201,1339,0.09969788519637457,F2,H5,-0.043168535479544135,1,1568
汽車工業,20231201,1339,0.09969788519637457,F2,H10,-0.06763297633376053,1,1568
汽車工業,20231201,1339,0.09969788519637457,F2,S7,-0.0920974171879766,1,1568
汽車工業,20231201,1339,0.09969788519637457,RAND_SECTOR,H1,0.017691022100987164,1,6288
汽車工業,20231201,1339,0.09969788519637457,RAND_SECTOR,H3,0.0065251331437663485,1,6288
汽車工業,20231201,1339,0.09969788519637457,RAND_SECTOR,H5,0.020881276088764444,1,6288
汽車工業,20231201,1339,0.09969788519637457,RAND_SECTOR,H10,0.003334879155989068,1,6288
汽車工業,20231201,1339,0.09969788519637457,RAND_SECTOR,S7,0.014500768113209661,1,6288
汽車工業,20240119,2243,0.09917355371900838,F2,H1,0.0006732958290429636,1,2206
汽車工業,20240119,2243,0.09917355371900838,F2,H3,0.013429754274455918,1,2206
汽車工業,20240119,2243,0.09917355371900838,F2,H5,0.01484713854616837,1,2206
汽車工業,20240119,2243,0.09917355371900838,F2,H10,0.01909929136130617,1,2206
汽車工業,20240119,2243,0.09917355371900838,F2,S7,0.04744697679555654,1,2206
汽車工業,20240119,2243,0.09917355371900838,RAND_SECTOR,H1,-0.00783100980123197,1,1522
汽車工業,20240119,2243,0.09917355371900838,RAND_SECTOR,H3,0.020173760083410652,1,1522
汽車工業,20240119,2243,0.09917355371900838,RAND_SECTOR,H5,0.04017716714386976,1,1522
汽車工業,20240119,2243,0.09917355371900838,RAND_SECTOR,H10,0.06418125561642052,1,1522
汽車工業,20240119,2243,0.09917355371900838,RAND_SECTOR,S7,0.3789015267009759,1,1522
汽車工業,20240628,2236,0.06002554278416361,F2,H1,-0.030346191121930266,1,1587
汽車工業,20240628,2236,0.06002554278416361,F2,H3,-0.037851251562162846,1,1587
汽車工業,20240628,2236,0.06002554278416361,F2,H5,-0.07687756585137295,1,1587
汽車工業,20240628,2236,0.06002554278416361,F2,H10,-0.16543727904611927,1,1587
汽車工業,20240628,2236,0.06002554278416361,F2,S7,-0.07687756585137295,1,1587
汽車工業,20240628,2236,0.06002554278416361,RAND_SECTOR,H1,-0.014501053432820377,1,2497
汽車工業,20240628,2236,0.06002554278416361,RAND_SECTOR,H3,0.033856762896195436,1,2497
汽車工業,20240628,2236,0.06002554278416361,RAND_SECTOR,H5,0.04386182834357788,1,2497
汽車工業,20240628,2236,0.06002554278416361,RAND_SECTOR,H10,0.010511610185635956,1,2497
汽車工業,20240628,2236,0.06002554278416361,RAND_SECTOR,S7,-0.035664218185859076,1,2497
汽車工業,20240821,2497,0.05095541401273884,F1,H1,-0.006571912097933952,1,3346
汽車工業,20240821,2497,0.05095541401273884,F1,H3,-0.005312814394635934,1,3346
汽車工業,20240821,2497,0.05095541401273884,F1,H5,-0.004053716691338249,1,3346
汽車工業,20240821,2497,0.05095541401273884,F1,H10,-0.035984564923419504,1,3346
汽車工業,20240821,2497,0.05095541401273884,F1,S7,-0.0412166704055178,1,3346
汽車工業,20240821,2497,0.05095541401273884,F3,H1,-0.01679897394438142,9,"2241,3346,1319,1524,2206"
汽車工業,20240821,2497,0.05095541401273884,F3,H3,-0.004199784097964645,9,"2241,3346,1319,1524,2206"
汽車工業,20240821,2497,0.05095541401273884,F3,H5,0.0012355402167248705,9,"2241,3346,1319,1524,2206"
汽車工業,20240821,2497,0.05095541401273884,F3,H10,0.011747688646023331,9,"2241,3346,1319,1524,2206"
汽車工業,20240821,2497,0.05095541401273884,F3,S7,0.060113900029350166,9,"2241,3346,1319,1524,2206"
汽車工業,20240821,2497,0.05095541401273884,F2,H1,-0.026376224571302398,1,2236
汽車工業,20240821,2497,0.05095541401273884,F2,H3,-0.04955774303389027,1,2236
汽車工業,20240821,2497,0.05095541401273884,F2,H5,-0.08201186888151368,1,2236
汽車工業,20240821,2497,0.05095541401273884,F2,H10,0.047804634508979316,1,2236
汽車工業,20240821,2497,0.05095541401273884,F2,S7,-0.08201186888151368,1,2236
汽車工業,20240821,2497,0.05095541401273884,RAND_SECTOR,H1,-0.015952447647333612,1,2206
汽車工業,20240821,2497,0.05095541401273884,RAND_SECTOR,H3,0.01788687671142375,1,2206
汽車工業,20240821,2497,0.05095541401273884,RAND_SECTOR,H5,0.016533303737073624,1,2206
汽車工業,20240821,2497,0.05095541401273884,RAND_SECTOR,H10,0.020594022660124445,1,2206
汽車工業,20240821,2497,0.05095541401273884,RAND_SECTOR,S7,0.0381904713266783,1,2206
汽車工業,20241218,2233,0.09973753280839892,F1,H1,-0.006023780310888127,1,1563
汽車工業,20241218,2233,0.09973753280839892,F1,H3,-0.0024093213302003313,1,1563
汽車工業,20241218,2233,0.09973753280839892,F1,H5,-0.004216550820544174,1,1563
汽車工業,20241218,2233,0.09973753280839892,F1,H10,0.09337384165802298,1,1563
汽車工業,20241218,2233,0.09973753280839892,F1,S7,0.05180756338011494,1,1563
汽車工業,20241218,2233,0.09973753280839892,F3,H1,-0.005083214776880063,2,"1563,6288"
汽車工業,20241218,2233,0.09973753280839892,F3,H3,0.004100735830183222,2,"1563,6288"
汽車工業,20241218,2233,0.09973753280839892,F3,H5,0.0031971210850113008,2,"1563,6288"
汽車工業,20241218,2233,0.09973753280839892,F3,H10,0.04000514550962575,2,"1563,6288"
汽車工業,20241218,2233,0.09973753280839892,F3,S7,-0.015817418933745664,2,"1563,6288"
汽車工業,20241218,2233,0.09973753280839892,F2,H1,-0.006023780310888127,1,1563
汽車工業,20241218,2233,0.09973753280839892,F2,H3,-0.0024093213302003313,1,1563
汽車工業,20241218,2233,0.09973753280839892,F2,H5,-0.004216550820544174,1,1563
汽車工業,20241218,2233,0.09973753280839892,F2,H10,0.09337384165802298,1,1563
汽車工業,20241218,2233,0.09973753280839892,F2,S7,0.05180756338011494,1,1563
汽車工業,20241218,2233,0.09973753280839892,RAND_SECTOR,H1,0.003370898152625257,1,1522
汽車工業,20241218,2233,0.09973753280839892,RAND_SECTOR,H3,0.016173078671319008,1,1522
汽車工業,20241218,2233,0.09973753280839892,RAND_SECTOR,H5,0.009771988411972243,1,1522
汽車工業,20241218,2233,0.09973753280839892,RAND_SECTOR,H10,0.014572806106482039,1,1522
汽車工業,20241218,2233,0.09973753280839892,RAND_SECTOR,S7,0.009771988411972243,1,1522
汽車工業,20250312,4551,0.050458715596330306,F2,H1,-0.019235251067884485,1,2233
汽車工業,20250312,4551,0.050458715596330306,F2,H3,-0.037482037094528575,1,2233
汽車工業,20250312,4551,0.050458715596330306,F2,H5,-0.055728823121172444,1,2233
汽車工業,20250312,4551,0.050458715596330306,F2,H10,-0.09906493993445198,1,2233
汽車工業,20250312,4551,0.050458715596330306,F2,S7,-0.0922223951744604,1,2233
汽車工業,20250312,4551,0.050458715596330306,RAND_SECTOR,H1,0.0002027472044261458,1,1319
汽車工業,20250312,4551,0.050458715596330306,RAND_SECTOR,H3,0.036354653729887554,1,1319
汽車工業,20250312,4551,0.050458715596330306,RAND_SECTOR,H5,0.06848968175251935,1,1319
汽車工業,20250312,4551,0.050458715596330306,RAND_SECTOR,H10,0.06848968175251935,1,1319
汽車工業,20250312,4551,0.050458715596330306,RAND_SECTOR,S7,0.0042196257072550925,1,1319
汽車工業,20250512,2250,0.05263157894736836,F1,H1,-0.02840594277770392,1,6288
汽車工業,20250512,2250,0.05263157894736836,F1,H3,-0.02383373544959899,1,6288
汽車工業,20250512,2250,0.05263157894736836,F1,H5,-0.02383373544959899,1,6288
汽車工業,20250512,2250,0.05263157894736836,F1,H10,-0.05583918674633359,1,6288
汽車工業,20250512,2250,0.05263157894736836,F1,S7,-0.08098632705091058,1,6288
汽車工業,20250512,2250,0.05263157894736836,F3,H1,-0.016161376177983012,12,"3346,2243,1524,1563,2231"
汽車工業,20250512,2250,0.05263157894736836,F3,H3,-0.016034743067558005,12,"3346,2243,1524,1563,2231"
汽車工業,20250512,2250,0.05263157894736836,F3,H5,-0.030661590351556106,12,"3346,2243,1524,1563,2231"
汽車工業,20250512,2250,0.05263157894736836,F3,H10,-0.044706847398082505,12,"3346,2243,1524,1563,2231"
汽車工業,20250512,2250,0.05263157894736836,F3,S7,-0.05879786104266701,12,"3346,2243,1524,1563,2231"
汽車工業,20250512,2250,0.05263157894736836,F2,H1,0.011899623526584469,1,2233
汽車工業,20250512,2250,0.05263157894736836,F2,H3,0.009080961622610628,1,2233
汽車工業,20250512,2250,0.05263157894736836,F2,H5,-0.01628699551315327,1,2233
汽車工業,20250512,2250,0.05263157894736836,F2,H10,-0.044473614552891005,1,2233
汽車工業,20250512,2250,0.05263157894736836,F2,S7,-0.07547889549660258,1,2233
汽車工業,20250512,2250,0.05263157894736836,RAND_SECTOR,H1,-0.014019173981265842,1,1522
汽車工業,20250512,2250,0.05263157894736836,RAND_SECTOR,H3,-0.002674206317870298,1,1522
汽車工業,20250512,2250,0.05263157894736836,RAND_SECTOR,H5,-0.016081895374610466,1,1522
汽車工業,20250512,2250,0.05263157894736836,RAND_SECTOR,H10,-0.015050534677938154,1,1522
汽車工業,20250512,2250,0.05263157894736836,RAND_SECTOR,S7,-0.04495999488143532,1,1522
汽車工業,20250527,2258,0.07009345794392519,F1,H1,-0.014534854329601998,1,2201
汽車工業,20250527,2258,0.07009345794392519,F1,H3,-0.046713308065778225,1,2201
汽車工業,20250527,2258,0.07009345794392519,F1,H5,-0.03330561900903839,1,2201
汽車工業,20250527,2258,0.07009345794392519,F1,H10,-0.034646387914712085,1,2201
汽車工業,20250527,2258,0.07009345794392519,F1,S7,-0.07352868617925856,1,2201
汽車工業,20250527,2258,0.07009345794392519,F3,H1,-0.01638455797232495,8,"1524,2206,2233,1522,2250"
汽車工業,20250527,2258,0.07009345794392519,F3,H3,-0.04357690741926597,8,"1524,2206,2233,1522,2250"
汽車工業,20250527,2258,0.07009345794392519,F3,H5,-0.027365956935065577,8,"1524,2206,2233,1522,2250"
汽車工業,20250527,2258,0.07009345794392519,F3,H10,-0.037289641378819516,8,"1524,2206,2233,1522,2250"
汽車工業,20250527,2258,0.07009345794392519,F3,S7,-0.04835556676622159,8,"1524,2206,2233,1522,2250"
汽車工業,20250527,2258,0.07009345794392519,F2,H1,-0.023073829483056474,1,2206
汽車工業,20250527,2258,0.07009345794392519,F2,H3,-0.028616673003720172,1,2206
汽車工業,20250527,2258,0.07009345794392519,F2,H5,-0.05078804708637408,1,2206
汽車工業,20250527,2258,0.07009345794392519,F2,H10,-0.06325944500786718,1,2206
汽車工業,20250527,2258,0.07009345794392519,F2,S7,-0.08543081909052108,1,2206
汽車工業,20250527,2258,0.07009345794392519,RAND_SECTOR,H1,-0.02643417836745887,1,1524
汽車工業,20250527,2258,0.07009345794392519,RAND_SECTOR,H3,-0.04503734693368566,1,1524
汽車工業,20250527,2258,0.07009345794392519,RAND_SECTOR,H5,-0.020233122178716534,1,1524
汽車工業,20250527,2258,0.07009345794392519,RAND_SECTOR,H10,-0.1070479088211087,1,1524
汽車工業,20250527,2258,0.07009345794392519,RAND_SECTOR,S7,-0.1070479088211087,1,1524
汽車工業,20250617,4551,0.0981308411214954,F1,H1,-0.011109101178540581,1,1522
汽車工業,20250617,4551,0.0981308411214954,F1,H3,-0.0384265293227799,1,1522
汽車工業,20250617,4551,0.0981308411214954,F1,H5,0.012930235588389793,1,1522
汽車工業,20250617,4551,0.0981308411214954,F1,H10,0.029320692474933407,1,1522
汽車工業,20250617,4551,0.0981308411214954,F1,S7,-0.022036072436236287,1,1522
汽車工業,20250617,4551,0.0981308411214954,F3,H1,-0.0059696741627732934,6,"1524,1522,1536,2204,2258"
汽車工業,20250617,4551,0.0981308411214954,F3,H3,-0.0508026083836719,6,"1524,1522,1536,2204,2258"
汽車工業,20250617,4551,0.0981308411214954,F3,H5,-0.007066364300987116,6,"1524,1522,1536,2204,2258"
汽車工業,20250617,4551,0.0981308411214954,F3,H10,-0.005647168094454776,6,"1524,1522,1536,2204,2258"
汽車工業,20250617,4551,0.0981308411214954,F3,S7,-0.03985416215999552,6,"1524,1522,1536,2204,2258"
汽車工業,20250617,4551,0.0981308411214954,F2,H1,-0.012511052207829887,1,2204
汽車工業,20250617,4551,0.0981308411214954,F2,H3,-0.04995139146061367,1,2204
汽車工業,20250617,4551,0.0981308411214954,F2,H5,-0.031231221834221667,1,2204
汽車工業,20250617,4551,0.0981308411214954,F2,H10,-0.03591126424081981,1,2204
汽車工業,20250617,4551,0.0981308411214954,F2,S7,-0.09519180139106065,1,2204
汽車工業,20250617,4551,0.0981308411214954,RAND_SECTOR,H1,0.003686706502899817,1,1536
汽車工業,20250617,4551,0.0981308411214954,RAND_SECTOR,H3,-0.052256486974310956,1,1536
汽車工業,20250617,4551,0.0981308411214954,RAND_SECTOR,H5,-0.0012494576274423297,1,1536
汽車工業,20250617,4551,0.0981308411214954,RAND_SECTOR,H10,-0.05390187501775834,1,1536
汽車工業,20250617,4551,0.0981308411214954,RAND_SECTOR,S7,-0.09503657610394278,1,1536
汽車工業,20250723,1319,0.05940594059405946,F2,H1,-0.00783100980123197,1,2204
汽車工業,20250723,1319,0.05940594059405946,F2,H3,0.006548250926286192,1,2204
汽車工業,20250723,1319,0.05940594059405946,F2,H5,0.04249640274508226,1,2204
汽車工業,20250723,1319,0.05940594059405946,F2,H10,0.006548250926286192,1,2204
汽車工業,20250723,1319,0.05940594059405946,F2,S7,0.05148344069978128,1,2204
汽車工業,20250723,1319,0.05940594059405946,RAND_SECTOR,H1,-0.015622912865620231,1,2233
汽車工業,20250723,1319,0.05940594059405946,RAND_SECTOR,H3,-0.05198512716609849,1,2233
汽車工業,20250723,1319,0.05940594059405946,RAND_SECTOR,H5,-0.05394820351952978,1,2233
汽車工業,20250723,1319,0.05940594059405946,RAND_SECTOR,H10,0.016329929933305287,1,2233
汽車工業,20250723,1319,0.05940594059405946,RAND_SECTOR,S7,-0.05394820351952978,1,2233
汽車工業,20250915,2201,0.050000000000000044,F2,H1,0.020927511653804798,1,2204
汽車工業,20250915,2201,0.050000000000000044,F2,H3,-0.0014402272556681694,1,2204
汽車工業,20250915,2201,0.050000000000000044,F2,H5,0.024122902926586587,1,2204
汽車工業,20250915,2201,0.050000000000000044,F2,H10,0.020927511653804798,1,2204
汽車工業,20250915,2201,0.050000000000000044,F2,S7,-0.05416418325656891,1,2204
汽車工業,20250915,2201,0.050000000000000044,RAND_SECTOR,H1,-0.00048160987383361054,1,2250
汽車工業,20250915,2201,0.050000000000000044,RAND_SECTOR,H3,-0.03827852378616792,1,2250
汽車工業,20250915,2201,0.050000000000000044,RAND_SECTOR,H5,-0.04562792371356594,1,2250
汽車工業,20250915,2201,0.050000000000000044,RAND_SECTOR,H10,-0.055077152191649326,1,2250
汽車工業,20250915,2201,0.050000000000000044,RAND_SECTOR,S7,-0.07082586632178856,1,2250
汽車工業,20260316,2243,0.09935897435897423,F2,H1,0.017609220716684915,1,2233
汽車工業,20260316,2243,0.09935897435897423,F2,H3,-0.016311086640537487,1,2233
汽車工業,20260316,2243,0.09935897435897423,F2,H5,-0.02267114427001682,1,2233
汽車工業,20260316,2243,0.09935897435897423,F2,H10,-0.03963129794862841,1,2233
汽車工業,20260316,2243,0.09935897435897423,F2,S7,-0.05871147083706629,1,2233
汽車工業,20260316,2243,0.09935897435897423,RAND_SECTOR,H1,0.0023625072213582232,1,1524
汽車工業,20260316,2243,0.09935897435897423,RAND_SECTOR,H3,-0.029916963350177128,1,1524
汽車工業,20260316,2243,0.09935897435897423,RAND_SECTOR,H5,-0.031615882853942234,1,1524
汽車工業,20260316,2243,0.09935897435897423,RAND_SECTOR,H10,0.02444846077030327,1,1524
汽車工業,20260316,2243,0.09935897435897423,RAND_SECTOR,S7,0.050420983594984925,1,1524
汽車工業,20260812,1563,0.05152979066022545,F2,H1,0.0035732314654206565,1,4551
汽車工業,20260812,1563,0.05152979066022545,F2,H3,-0.027788432017873843,1,4551
汽車工業,20260812,1563,0.05152979066022545,F2,H5,-0.06770327645115759,1,4551
汽車工業,20260812,1563,0.05152979066022545,F2,H10,-0.08766069866779957,1,4551
汽車工業,20260812,1563,0.05152979066022545,F2,S7,-0.06770327645115759,1,4551
汽車工業,20260812,1563,0.05152979066022545,RAND_SECTOR,H1,-0.020601501754285323,1,2231
汽車工業,20260812,1563,0.05152979066022545,RAND_SECTOR,H3,-0.03946931082020244,1,2231
汽車工業,20260812,1563,0.05152979066022545,RAND_SECTOR,H5,-0.05032834224977867,1,2231
汽車工業,20260812,1563,0.05152979066022545,RAND_SECTOR,H10,-0.08487980588933985,1,2231
汽車工業,20260812,1563,0.05152979066022545,RAND_SECTOR,S7,-0.07402077445976363,1,2231
油電燃氣業,20221122,8926,0.09890109890109877,F2,H1,-0.006647037259228439,1,6505
油電燃氣業,20221122,8926,0.09890109890109877,F2,H3,0.0122965234128245,1,6505
油電燃氣業,20221122,8926,0.09890109890109877,F2,H5,-0.0007271745492121173,1,6505
油電燃氣業,20221122,8926,0.09890109890109877,F2,H10,-0.0149348450532516,1,6505
油電燃氣業,20221122,8926,0.09890109890109877,F2,S7,-0.05163799385535417,1,6505
油電燃氣業,20221122,8926,0.09890109890109877,RAND_SECTOR,H1,-0.006647037259228439,1,6505
油電燃氣業,20221122,8926,0.09890109890109877,RAND_SECTOR,H3,0.0122965234128245,1,6505
油電燃氣業,20221122,8926,0.09890109890109877,RAND_SECTOR,H5,-0.0007271745492121173,1,6505
油電燃氣業,20221122,8926,0.09890109890109877,RAND_SECTOR,H10,-0.0149348450532516,1,6505
油電燃氣業,20221122,8926,0.09890109890109877,RAND_SECTOR,S7,-0.05163799385535417,1,6505
油電燃氣業,20230220,8927,0.05774278215223094,F2,H1,-0.0043085163449051445,1,6505
油電燃氣業,20230220,8927,0.05774278215223094,F2,H3,0.00038814159686428873,1,6505
油電燃氣業,20230220,8927,0.05774278215223094,F2,H5,-0.0230951481119821,1,6505
油電燃氣業,20230220,8927,0.05774278215223094,F2,H10,0.003910635053191447,1,6505
油電燃氣業,20230220,8927,0.05774278215223094,F2,S7,-0.025443477082866872,1,6505
油電燃氣業,20230220,8927,0.05774278215223094,RAND_SECTOR,H1,-0.0043085163449051445,1,6505
油電燃氣業,20230220,8927,0.05774278215223094,RAND_SECTOR,H3,0.00038814159686428873,1,6505
油電燃氣業,20230220,8927,0.05774278215223094,RAND_SECTOR,H5,-0.0230951481119821,1,6505
油電燃氣業,20230220,8927,0.05774278215223094,RAND_SECTOR,H10,0.003910635053191447,1,6505
油電燃氣業,20230220,8927,0.05774278215223094,RAND_SECTOR,S7,-0.025443477082866872,1,6505
油電燃氣業,20230612,8926,0.06772908366533859,F2,H1,-0.015567220251124891,1,8927
油電燃氣業,20230612,8926,0.06772908366533859,F2,H3,-0.04264395682575006,1,8927
油電燃氣業,20230612,8926,0.06772908366533859,F2,H5,-0.04844611466316984,1,8927
油電燃氣業,20230612,8926,0.06772908366533859,F2,H10,-0.05231421988811635,1,8927
油電燃氣業,20230612,8926,0.06772908366533859,F2,S7,-0.03490774637585714,1,8927
油電燃氣業,20230612,8926,0.06772908366533859,RAND_SECTOR,H1,-0.01011448273609683,1,6505
油電燃氣業,20230612,8926,0.06772908366533859,RAND_SECTOR,H3,-0.00668927333379965,1,6505
油電燃氣業,20230612,8926,0.06772908366533859,RAND_SECTOR,H5,-0.0021223274640699286,1,6505
油電燃氣業,20230612,8926,0.06772908366533859,RAND_SECTOR,H10,-0.016964901540691302,1,6505
油電燃氣業,20230612,8926,0.06772908366533859,RAND_SECTOR,S7,-0.08889429898893353,1,6505
油電燃氣業,20230823,8927,0.06732673267326739,F2,H1,-0.02481189716404697,1,6505
油電燃氣業,20230823,8927,0.06732673267326739,F2,H3,-0.026024817689962343,1,6505
油電燃氣業,20230823,8927,0.06732673267326739,F2,H5,-0.023598976638131597,1,6505
油電燃氣業,20230823,8927,0.06732673267326739,F2,H10,-0.03815402294911596,1,6505
油電燃氣業,20230823,8927,0.06732673267326739,F2,S7,-0.011469771378977978,1,6505
油電燃氣業,20230823,8927,0.06732673267326739,RAND_SECTOR,H1,-0.02481189716404697,1,6505
油電燃氣業,20230823,8927,0.06732673267326739,RAND_SECTOR,H3,-0.026024817689962343,1,6505
油電燃氣業,20230823,8927,0.06732673267326739,RAND_SECTOR,H5,-0.023598976638131597,1,6505
油電燃氣業,20230823,8927,0.06732673267326739,RAND_SECTOR,H10,-0.03815402294911596,1,6505
油電燃氣業,20230823,8927,0.06732673267326739,RAND_SECTOR,S7,-0.011469771378977978,1,6505
油電燃氣業,20240216,8926,0.08104738154613456,F2,H1,-0.010508928803117601,1,6505
油電燃氣業,20240216,8926,0.08104738154613456,F2,H3,-0.015864766806890085,1,6505
油電燃氣業,20240216,8926,0.08104738154613456,F2,H5,-0.031932280818206094,1,6505
油電燃氣業,20240216,8926,0.08104738154613456,F2,H10,-0.03862707832292123,1,6505
油電燃氣業,20240216,8926,0.08104738154613456,F2,S7,-0.061389389838952146,1,6505
油電燃氣業,20240216,8926,0.08104738154613456,RAND_SECTOR,H1,-0.010508928803117601,1,6505
油電燃氣業,20240216,8926,0.08104738154613456,RAND_SECTOR,H3,-0.015864766806890085,1,6505
油電燃氣業,20240216,8926,0.08104738154613456,RAND_SECTOR,H5,-0.031932280818206094,1,6505
油電燃氣業,20240216,8926,0.08104738154613456,RAND_SECTOR,H10,-0.03862707832292123,1,6505
油電燃氣業,20240216,8926,0.08104738154613456,RAND_SECTOR,S7,-0.061389389838952146,1,6505
油電燃氣業,20240417,8926,0.06155507559395246,F2,H1,-0.003578856986094392,1,6505
油電燃氣業,20240417,8926,0.06155507559395246,F2,H3,0.034690518350143806,1,6505
油電燃氣業,20240417,8926,0.06155507559395246,F2,H5,0.026186212719868873,1,6505
油電燃氣業,20240417,8926,0.06155507559395246,F2,H10,0.01484713854616837,1,6505
油電燃氣業,20240417,8926,0.06155507559395246,F2,S7,-0.004996241257806733,1,6505
油電燃氣業,20240417,8926,0.06155507559395246,RAND_SECTOR,H1,-0.003578856986094392,1,6505
油電燃氣業,20240417,8926,0.06155507559395246,RAND_SECTOR,H3,0.034690518350143806,1,6505
油電燃氣業,20240417,8926,0.06155507559395246,RAND_SECTOR,H5,0.026186212719868873,1,6505
油電燃氣業,20240417,8926,0.06155507559395246,RAND_SECTOR,H10,0.01484713854616837,1,6505
油電燃氣業,20240417,8926,0.06155507559395246,RAND_SECTOR,S7,-0.004996241257806733,1,6505
油電燃氣業,20240716,8927,0.09696969696969715,F2,H1,-0.02386822408246203,1,8926
油電燃氣業,20240716,8927,0.09696969696969715,F2,H3,-0.030283109794954077,1,8926
油電燃氣業,20240716,8927,0.09696969696969715,F2,H5,0.015690237811238905,1,8926
油電燃氣業,20240716,8927,0.09696969696969715,F2,H10,-0.01317674789497536,1,8926
油電燃氣業,20240716,8927,0.09696969696969715,F2,S7,-0.10405429548861234,1,8926
油電燃氣業,20240716,8927,0.09696969696969715,RAND_SECTOR,H1,-0.02386822408246203,1,8926
油電燃氣業,20240716,8927,0.09696969696969715,RAND_SECTOR,H3,-0.030283109794954077,1,8926
油電燃氣業,20240716,8927,0.09696969696969715,RAND_SECTOR,H5,0.015690237811238905,1,8926
油電燃氣業,20240716,8927,0.09696969696969715,RAND_SECTOR,H10,-0.01317674789497536,1,8926
油電燃氣業,20240716,8927,0.09696969696969715,RAND_SECTOR,S7,-0.10405429548861234,1,8926
油電燃氣業,20250113,8927,0.06165703275529877,F2,H1,0.026629273505237583,1,6505
油電燃氣業,20250113,8927,0.06165703275529877,F2,H3,0.052474485985089636,1,6505
油電燃氣業,20250113,8927,0.06165703275529877,F2,H5,0.07688385332717251,1,6505
油電燃氣業,20250113,8927,0.06165703275529877,F2,H10,-0.023625306316697015,1,6505
油電燃氣業,20250113,8927,0.06165703275529877,F2,S7,0.10990829149587245,1,6505
油電燃氣業,20250113,8927,0.06165703275529877,RAND_SECTOR,H1,0.026629273505237583,1,6505
油電燃氣業,20250113,8927,0.06165703275529877,RAND_SECTOR,H3,0.052474485985089636,1,6505
油電燃氣業,20250113,8927,0.06165703275529877,RAND_SECTOR,H5,0.07688385332717251,1,6505
油電燃氣業,20250113,8927,0.06165703275529877,RAND_SECTOR,H10,-0.023625306316697015,1,6505
油電燃氣業,20250113,8927,0.06165703275529877,RAND_SECTOR,S7,0.10990829149587245,1,6505
油電燃氣業,20250505,6505,0.05997210599721048,F1,H1,0.006110474838563196,1,8926
油電燃氣業,20250505,6505,0.05997210599721048,F1,H3,0.016566588318409847,1,8926
油電燃氣業,20250505,6505,0.05997210599721048,F1,H5,0.040964186438051664,1,8926
油電燃氣業,20250505,6505,0.05997210599721048,F1,H10,0.06768536533099279,1,8926
油電燃氣業,20250505,6505,0.05997210599721048,F1,S7,0.030508072958205235,1,8926
油電燃氣業,20250505,6505,0.05997210599721048,F3,H1,0.0015518127217420963,2,"8926,9937"
油電燃氣業,20250505,6505,0.05997210599721048,F3,H3,0.00838792293038304,2,"8926,9937"
油電燃氣業,20250505,6505,0.05997210599721048,F3,H5,0.02058672199020395,2,"8926,9937"
油電燃氣業,20250505,6505,0.05997210599721048,F3,H10,0.03394731143667451,2,"8926,9937"
油電燃氣業,20250505,6505,0.05997210599721048,F3,S7,0.015358665250280734,2,"8926,9937"
油電燃氣業,20250505,6505,0.05997210599721048,F2,H1,0.01675938542998745,1,8927
油電燃氣業,20250505,6505,0.05997210599721048,F2,H3,-0.005692714563734547,1,8927
油電燃氣業,20250505,6505,0.05997210599721048,F2,H5,-0.0035544193262371238,1,8927
油電燃氣業,20250505,6505,0.05997210599721048,F2,H10,0.02210512352373084,1,8927
油電燃氣業,20250505,6505,0.05997210599721048,F2,S7,0.04455722351745317,1,8927
油電燃氣業,20250505,6505,0.05997210599721048,RAND_SECTOR,H1,0.01675938542998745,1,8927
油電燃氣業,20250505,6505,0.05997210599721048,RAND_SECTOR,H3,-0.005692714563734547,1,8927
油電燃氣業,20250505,6505,0.05997210599721048,RAND_SECTOR,H5,-0.0035544193262371238,1,8927
油電燃氣業,20250505,6505,0.05997210599721048,RAND_SECTOR,H10,0.02210512352373084,1,8927
油電燃氣業,20250505,6505,0.05997210599721048,RAND_SECTOR,S7,0.04455722351745317,1,8927
油電燃氣業,20250730,6505,0.09911054637865302,F2,H1,-0.02142236583135182,1,8926
油電燃氣業,20250730,6505,0.09911054637865302,F2,H3,0.00689295923139821,1,8926
油電燃氣業,20250730,6505,0.09911054637865302,F2,H5,0.03634089729665835,1,8926
油電燃氣業,20250730,6505,0.09911054637865302,F2,H10,0.052197479331798746,1,8926
油電燃氣業,20250730,6505,0.09911054637865302,F2,S7,0.05333009233430852,1,8926
油電燃氣業,20250730,6505,0.09911054637865302,RAND_SECTOR,H1,-0.02142236583135182,1,8926
油電燃氣業,20250730,6505,0.09911054637865302,RAND_SECTOR,H3,0.00689295923139821,1,8926
油電燃氣業,20250730,6505,0.09911054637865302,RAND_SECTOR,H5,0.03634089729665835,1,8926
油電燃氣業,20250730,6505,0.09911054637865302,RAND_SECTOR,H10,0.052197479331798746,1,8926
油電燃氣業,20250730,6505,0.09911054637865302,RAND_SECTOR,S7,0.05333009233430852,1,8926
油電燃氣業,20251112,6505,0.05333333333333323,F2,H1,-0.07639975676784827,1,8926
油電燃氣業,20251112,6505,0.05333333333333323,F2,H3,-0.13457929964861393,1,8926
油電燃氣業,20251112,6505,0.05333333333333323,F2,H5,-0.14392958332587946,1,8926
油電燃氣業,20251112,6505,0.05333333333333323,F2,H10,-0.13665714046578425,1,8926
油電燃氣業,20251112,6505,0.05333333333333323,F2,S7,-0.11483981188549697,1,8926
油電燃氣業,20251112,6505,0.05333333333333323,RAND_SECTOR,H1,-0.031084970509015597,1,8927
油電燃氣業,20251112,6505,0.05333333333333323,RAND_SECTOR,H3,-0.036898460685961476,1,8927
油電燃氣業,20251112,6505,0.05333333333333323,RAND_SECTOR,H5,-0.044649780921889426,1,8927
油電燃氣業,20251112,6505,0.05333333333333323,RAND_SECTOR,H10,-0.056276761275781184,1,8927
油電燃氣業,20251112,6505,0.05333333333333323,RAND_SECTOR,S7,-0.08534421216051069,1,8927
油電燃氣業,20260120,8927,0.09861932938856022,F2,H1,-0.026204509619727756,1,9937
油電燃氣業,20260120,8927,0.09861932938856022,F2,H3,-0.0061606916359140396,1,9937
油電燃氣業,20260120,8927,0.09861932938856022,F2,H5,-0.036226418611634226,1,9937
油電燃氣業,20260120,8927,0.09861932938856022,F2,H10,-0.04958896393417678,1,9937
油電燃氣業,20260120,8927,0.09861932938856022,F2,S7,0.005531535521310582,1,9937
油電燃氣業,20260120,8927,0.09861932938856022,RAND_SECTOR,H1,-0.0008765542624552536,1,8926
油電燃氣業,20260120,8927,0.09861932938856022,RAND_SECTOR,H3,0.03621387527768549,1,8926
油電燃氣業,20260120,8927,0.09861932938856022,RAND_SECTOR,H5,0.019986812353873784,1,8926
油電燃氣業,20260120,8927,0.09861932938856022,RAND_SECTOR,H10,-0.0008765542624552536,1,8926
油電燃氣業,20260120,8927,0.09861932938856022,RAND_SECTOR,S7,0.08837229181850859,1,8926
油電燃氣業,20260225,6505,0.06870229007633588,F2,H1,-0.008886508726975273,1,8926
油電燃氣業,20260225,6505,0.06870229007633588,F2,H3,-0.0025535151725151195,1,8926
油電燃氣業,20260225,6505,0.06870229007633588,F2,H5,-0.018385999058665448,1,8926
油電燃氣業,20260225,6505,0.06870229007633588,F2,H10,-0.022607994761639216,1,8926
油電燃氣業,20260225,6505,0.06870229007633588,F2,S7,-0.010143144580687324,1,8926
油電燃氣業,20260225,6505,0.06870229007633588,RAND_SECTOR,H1,-0.008886508726975273,1,8926
油電燃氣業,20260225,6505,0.06870229007633588,RAND_SECTOR,H3,-0.0025535151725151195,1,8926
油電燃氣業,20260225,6505,0.06870229007633588,RAND_SECTOR,H5,-0.018385999058665448,1,8926
油電燃氣業,20260225,6505,0.06870229007633588,RAND_SECTOR,H10,-0.022607994761639216,1,8926
油電燃氣業,20260225,6505,0.06870229007633588,RAND_SECTOR,S7,-0.010143144580687324,1,8926
油電燃氣業,20260407,8927,0.06329113924050622,F2,H1,-0.045305018423847154,1,6505
油電燃氣業,20260407,8927,0.06329113924050622,F2,H3,-0.04708949502492432,1,6505
油電燃氣業,20260407,8927,0.06329113924050622,F2,H5,0.00287584980522948,1,6505
油電燃氣業,20260407,8927,0.06329113924050622,F2,H10,-0.052442924828155046,1,6505
油電燃氣業,20260407,8927,0.06329113924050622,F2,S7,-0.07742559724323195,1,6505
油電燃氣業,20260407,8927,0.06329113924050622,RAND_SECTOR,H1,0.0013770550730025644,1,8926
油電燃氣業,20260407,8927,0.06329113924050622,RAND_SECTOR,H3,0.011736128056516248,1,8926
油電燃氣業,20260407,8927,0.06329113924050622,RAND_SECTOR,H5,0.008283103728678354,1,8926
油電燃氣業,20260407,8927,0.06329113924050622,RAND_SECTOR,H10,0.06007846864624744,1,8926
油電燃氣業,20260407,8927,0.06329113924050622,RAND_SECTOR,S7,0.06583350919264408,1,8926
油電燃氣業,20260508,8926,0.05026737967914441,F2,H1,0.007005162014824373,1,6505
油電燃氣業,20260508,8926,0.05026737967914441,F2,H3,-0.030085267525316484,1,6505
油電燃氣業,20260508,8926,0.05026737967914441,F2,H5,-0.052339525249401,1,6505
油電燃氣業,20260508,8926,0.05026737967914441,F2,H10,-0.04863048229538691,1,6505
油電燃氣業,20260508,8926,0.05026737967914441,F2,S7,-0.08201186888151368,1,6505
油電燃氣業,20260508,8926,0.05026737967914441,RAND_SECTOR,H1,-0.018461391839075914,1,2616
油電燃氣業,20260508,8926,0.05026737967914441,RAND_SECTOR,H3,-0.025548313197638395,1,2616
油電燃氣業,20260508,8926,0.05026737967914441,RAND_SECTOR,H5,-0.046809077273326394,1,2616
油電燃氣業,20260508,8926,0.05026737967914441,RAND_SECTOR,H10,-0.025548313197638395,1,2616
油電燃氣業,20260508,8926,0.05026737967914441,RAND_SECTOR,S7,-0.05743945931117034,1,2616
油電燃氣業,20260702,6505,0.07462686567164178,F2,H1,0.043886989687867084,1,8926
油電燃氣業,20260702,6505,0.07462686567164178,F2,H3,0.07518998937863763,1,8926
油電燃氣業,20260702,6505,0.07462686567164178,F2,H5,0.034359989781980405,1,8926
油電燃氣業,20260702,6505,0.07462686567164178,F2,H10,-0.09901800890043277,1,8926
油電燃氣業,20260702,6505,0.07462686567164178,F2,S7,-0.06091000927688628,1,8926
油電燃氣業,20260702,6505,0.07462686567164178,RAND_SECTOR,H1,0.043886989687867084,1,8926
油電燃氣業,20260702,6505,0.07462686567164178,RAND_SECTOR,H3,0.07518998937863763,1,8926
油電燃氣業,20260702,6505,0.07462686567164178,RAND_SECTOR,H5,0.034359989781980405,1,8926
油電燃氣業,20260702,6505,0.07462686567164178,RAND_SECTOR,H10,-0.09901800890043277,1,8926
油電燃氣業,20260702,6505,0.07462686567164178,RAND_SECTOR,S7,-0.06091000927688628,1,8926
玻璃陶瓷,20211012,1810,0.07220216606498187,F2,H1,-0.02963692167373233,1,1802
玻璃陶瓷,20211012,1810,0.07220216606498187,F2,H3,0.012157742748559963,1,1802
玻璃陶瓷,20211012,1810,0.07220216606498187,F2,H5,0.0303293359756438,1,1802
玻璃陶瓷,20211012,1810,0.07220216606498187,F2,H10,0.008523424103143329,1,1802
玻璃陶瓷,20211012,1810,0.07220216606498187,F2,S7,0.004889105457726695,1,1802
玻璃陶瓷,20211012,1810,0.07220216606498187,RAND_SECTOR,H1,-0.02963692167373233,1,1802
玻璃陶瓷,20211012,1810,0.07220216606498187,RAND_SECTOR,H3,0.012157742748559963,1,1802
玻璃陶瓷,20211012,1810,0.07220216606498187,RAND_SECTOR,H5,0.0303293359756438,1,1802
玻璃陶瓷,20211012,1810,0.07220216606498187,RAND_SECTOR,H10,0.008523424103143329,1,1802
玻璃陶瓷,20211012,1810,0.07220216606498187,RAND_SECTOR,S7,0.004889105457726695,1,1802
玻璃陶瓷,20211110,1810,0.09859154929577474,F2,H1,0.0006490670380738806,1,1806
玻璃陶瓷,20211110,1810,0.09859154929577474,F2,H3,-0.016311086640537598,1,1806
玻璃陶瓷,20211110,1810,0.09859154929577474,F2,H5,0.02608929755599121,1,1806
玻璃陶瓷,20211110,1810,0.09859154929577474,F2,H10,0.0006490670380738806,1,1806
玻璃陶瓷,20211110,1810,0.09859154929577474,F2,S7,0.03456937439529684,1,1806
玻璃陶瓷,20211110,1810,0.09859154929577474,RAND_SECTOR,H1,-0.00783100980123197,1,1809
玻璃陶瓷,20211110,1810,0.09859154929577474,RAND_SECTOR,H3,-0.05082499937651186,1,1809
玻璃陶瓷,20211110,1810,0.09859154929577474,RAND_SECTOR,H5,-0.05082499937651186,1,1809
玻璃陶瓷,20211110,1810,0.09859154929577474,RAND_SECTOR,H10,-0.04751776940918251,1,1809
玻璃陶瓷,20211110,1810,0.09859154929577474,RAND_SECTOR,S7,-0.09381898895179186,1,1809
玻璃陶瓷,20211213,1810,0.07033639143730874,F1,H1,-0.02783441686169097,1,1806
玻璃陶瓷,20211213,1810,0.07033639143730874,F1,H3,-0.01583237262541548,1,1806
玻璃陶瓷,20211213,1810,0.07033639143730874,F1,H5,-0.01583237262541548,1,1806
玻璃陶瓷,20211213,1810,0.07033639143730874,F1,H10,0.012172397259227141,1,1806
玻璃陶瓷,20211213,1810,0.07033639143730874,F1,S7,-0.06384054957051732,1,1806
玻璃陶瓷,20211213,1810,0.07033639143730874,F3,H1,-0.02783441686169097,1,1806
玻璃陶瓷,20211213,1810,0.07033639143730874,F3,H3,-0.01583237262541548,1,1806
玻璃陶瓷,20211213,1810,0.07033639143730874,F3,H5,-0.01583237262541548,1,1806
玻璃陶瓷,20211213,1810,0.07033639143730874,F3,H10,0.012172397259227141,1,1806
玻璃陶瓷,20211213,1810,0.07033639143730874,F3,S7,-0.06384054957051732,1,1806
玻璃陶瓷,20211213,1810,0.07033639143730874,F2,H1,-0.02783441686169097,1,1806
玻璃陶瓷,20211213,1810,0.07033639143730874,F2,H3,-0.01583237262541548,1,1806
玻璃陶瓷,20211213,1810,0.07033639143730874,F2,H5,-0.01583237262541548,1,1806
玻璃陶瓷,20211213,1810,0.07033639143730874,F2,H10,0.012172397259227141,1,1806
玻璃陶瓷,20211213,1810,0.07033639143730874,F2,S7,-0.06384054957051732,1,1806
玻璃陶瓷,20211213,1810,0.07033639143730874,RAND_SECTOR,H1,-0.02783441686169097,1,1806
玻璃陶瓷,20211213,1810,0.07033639143730874,RAND_SECTOR,H3,-0.01583237262541548,1,1806
玻璃陶瓷,20211213,1810,0.07033639143730874,RAND_SECTOR,H5,-0.01583237262541548,1,1806
玻璃陶瓷,20211213,1810,0.07033639143730874,RAND_SECTOR,H10,0.012172397259227141,1,1806
玻璃陶瓷,20211213,1810,0.07033639143730874,RAND_SECTOR,S7,-0.06384054957051732,1,1806
玻璃陶瓷,20220223,1809,0.06993006993007,F1,H1,-0.027413292502523334,1,1810
玻璃陶瓷,20220223,1809,0.06993006993007,F1,H3,-0.004567296017683242,1,1810
玻璃陶瓷,20220223,1809,0.06993006993007,F1,H5,-0.011094723584780475,1,1810
玻璃陶瓷,20220223,1809,0.06993006993007,F1,H10,-0.011094723584780475,1,1810
玻璃陶瓷,20220223,1809,0.06993006993007,F1,S7,0.12271754154071113,1,1810
玻璃陶瓷,20220223,1809,0.06993006993007,F3,H1,-0.03291991091265162,2,"1806,1810"
玻璃陶瓷,20220223,1809,0.06993006993007,F3,H3,-0.0171261241671532,2,"1806,1810"
玻璃陶瓷,20220223,1809,0.06993006993007,F3,H5,-0.024760626453780188,2,"1806,1810"
玻璃陶瓷,20220223,1809,0.06993006993007,F3,H10,-0.024760626453780188,2,"1806,1810"
玻璃陶瓷,20220223,1809,0.06993006993007,F3,S7,0.0902241796428267,2,"1806,1810"
玻璃陶瓷,20220223,1809,0.06993006993007,F2,H1,-0.0384265293227799,1,1806
玻璃陶瓷,20220223,1809,0.06993006993007,F2,H3,-0.02968495231662316,1,1806
玻璃陶瓷,20220223,1809,0.06993006993007,F2,H5,-0.0384265293227799,1,1806
玻璃陶瓷,20220223,1809,0.06993006993007,F2,H10,-0.0384265293227799,1,1806
玻璃陶瓷,20220223,1809,0.06993006993007,F2,S7,0.057730817744942264,1,1806
玻璃陶瓷,20220223,1809,0.06993006993007,RAND_SECTOR,H1,-0.027413292502523334,1,1810
玻璃陶瓷,20220223,1809,0.06993006993007,RAND_SECTOR,H3,-0.004567296017683242,1,1810
玻璃陶瓷,20220223,1809,0.06993006993007,RAND_SECTOR,H5,-0.011094723584780475,1,1810
玻璃陶瓷,20220223,1809,0.06993006993007,RAND_SECTOR,H10,-0.011094723584780475,1,1810
玻璃陶瓷,20220223,1809,0.06993006993007,RAND_SECTOR,S7,0.12271754154071113,1,1810
玻璃陶瓷,20220329,1806,0.09829059829059839,F1,H1,-0.02229411461462516,1,1810
玻璃陶瓷,20220329,1806,0.09829059829059839,F1,H3,-0.045435082316053976,1,1810
玻璃陶瓷,20220329,1806,0.09829059829059839,F1,H5,-0.06279080809212578,1,1810
玻璃陶瓷,20220329,1806,0.09829059829059839,F1,H10,-0.12932109023373406,1,1810
玻璃陶瓷,20220329,1806,0.09829059829059839,F1,S7,-0.09460963868159067,1,1810
玻璃陶瓷,20220329,1806,0.09829059829059839,F3,H1,-0.018755823327779624,3,"1809,1802,1810"
玻璃陶瓷,20220329,1806,0.09829059829059839,F3,H3,-0.03839620115796283,3,"1809,1802,1810"
玻璃陶瓷,20220329,1806,0.09829059829059839,F3,H5,-0.055252495117407964,3,"1809,1802,1810"
玻璃陶瓷,20220329,1806,0.09829059829059839,F3,H10,-0.0865849237144023,3,"1809,1802,1810"
玻璃陶瓷,20220329,1806,0.09829059829059839,F3,S7,-0.0799180865731975,3,"1809,1802,1810"
玻璃陶瓷,20220329,1806,0.09829059829059839,F2,H1,-0.02229411461462516,1,1810
玻璃陶瓷,20220329,1806,0.09829059829059839,F2,H3,-0.045435082316053976,1,1810
玻璃陶瓷,20220329,1806,0.09829059829059839,F2,H5,-0.06279080809212578,1,1810
玻璃陶瓷,20220329,1806,0.09829059829059839,F2,H10,-0.12932109023373406,1,1810
玻璃陶瓷,20220329,1806,0.09829059829059839,F2,S7,-0.09460963868159067,1,1810
玻璃陶瓷,20220329,1806,0.09829059829059839,RAND_SECTOR,H1,-0.019323314707008987,1,1802
玻璃陶瓷,20220329,1806,0.09829059829059839,RAND_SECTOR,H3,-0.034646387914712085,1,1802
玻璃陶瓷,20220329,1806,0.09829059829059839,RAND_SECTOR,H5,-0.057630997726266564,1,1802
玻璃陶瓷,20220329,1806,0.09829059829059839,RAND_SECTOR,H10,-0.07486945508493248,1,1802
玻璃陶瓷,20220329,1806,0.09829059829059839,RAND_SECTOR,S7,-0.06912330263204369,1,1802
玻璃陶瓷,20221104,1810,0.09589041095890427,F2,H1,0.012887136165795843,1,1802
玻璃陶瓷,20221104,1810,0.09589041095890427,F2,H3,0.019793184821471632,1,1802
玻璃陶瓷,20221104,1810,0.09589041095890427,F2,H5,0.07734359028543714,1,1802
玻璃陶瓷,20221104,1810,0.09589041095890427,F2,H10,0.07734359028543714,1,1802
玻璃陶瓷,20221104,1810,0.09589041095890427,F2,S7,0.10496778490814074,1,1802
玻璃陶瓷,20221104,1810,0.09589041095890427,RAND_SECTOR,H1,0.012887136165795843,1,1802
玻璃陶瓷,20221104,1810,0.09589041095890427,RAND_SECTOR,H3,0.019793184821471632,1,1802
玻璃陶瓷,20221104,1810,0.09589041095890427,RAND_SECTOR,H5,0.07734359028543714,1,1802
玻璃陶瓷,20221104,1810,0.09589041095890427,RAND_SECTOR,H10,0.07734359028543714,1,1802
玻璃陶瓷,20221104,1810,0.09589041095890427,RAND_SECTOR,S7,0.10496778490814074,1,1802
玻璃陶瓷,20230111,1809,0.09756097560975596,F2,H1,-0.030252907884819824,1,1810
玻璃陶瓷,20230111,1809,0.09756097560975596,F2,H3,-0.024647433363922944,1,1810
玻璃陶瓷,20230111,1809,0.09756097560975596,F2,H5,0.008985413761458894,1,1810
玻璃陶瓷,20230111,1809,0.09756097560975596,F2,H10,0.03701278636594396,1,1810
玻璃陶瓷,20230111,1809,0.09756097560975596,F2,S7,0.09587026883536254,1,1810
玻璃陶瓷,20230111,1809,0.09756097560975596,RAND_SECTOR,H1,-0.030252907884819824,1,1810
玻璃陶瓷,20230111,1809,0.09756097560975596,RAND_SECTOR,H3,-0.024647433363922944,1,1810
玻璃陶瓷,20230111,1809,0.09756097560975596,RAND_SECTOR,H5,0.008985413761458894,1,1810
玻璃陶瓷,20230111,1809,0.09756097560975596,RAND_SECTOR,H10,0.03701278636594396,1,1810
玻璃陶瓷,20230111,1809,0.09756097560975596,RAND_SECTOR,S7,0.09587026883536254,1,1810
玻璃陶瓷,20230413,1810,0.09999999999999987,F2,H1,-0.024996563264878424,1,1809
玻璃陶瓷,20230413,1810,0.09999999999999987,F2,H3,0.04709876128243673,1,1809
玻璃陶瓷,20230413,1810,0.09999999999999987,F2,H5,0.00590143296968515,1,1809
玻璃陶瓷,20230413,1810,0.09999999999999987,F2,H10,0.01620076504787349,1,1809
玻璃陶瓷,20230413,1810,0.09999999999999987,F2,S7,-0.018130341879419754,1,1809
玻璃陶瓷,20230413,1810,0.09999999999999987,RAND_SECTOR,H1,-0.024996563264878424,1,1809
玻璃陶瓷,20230413,1810,0.09999999999999987,RAND_SECTOR,H3,0.04709876128243673,1,1809
玻璃陶瓷,20230413,1810,0.09999999999999987,RAND_SECTOR,H5,0.00590143296968515,1,1809
玻璃陶瓷,20230413,1810,0.09999999999999987,RAND_SECTOR,H10,0.01620076504787349,1,1809
玻璃陶瓷,20230413,1810,0.09999999999999987,RAND_SECTOR,S7,-0.018130341879419754,1,1809
玻璃陶瓷,20230613,1806,0.07499999999999996,F2,H1,-0.022452447551529642,1,1810
玻璃陶瓷,20230613,1806,0.07499999999999996,F2,H3,0.02558941934230563,1,1810
玻璃陶瓷,20230613,1806,0.07499999999999996,F2,H5,0.04021085709260319,1,1810
玻璃陶瓷,20230613,1806,0.07499999999999996,F2,H10,0.0485659643784877,1,1810
玻璃陶瓷,20230613,1806,0.07499999999999996,F2,S7,-0.07467186808830684,1,1810
玻璃陶瓷,20230613,1806,0.07499999999999996,RAND_SECTOR,H1,-0.022452447551529642,1,1810
玻璃陶瓷,20230613,1806,0.07499999999999996,RAND_SECTOR,H3,0.02558941934230563,1,1810
玻璃陶瓷,20230613,1806,0.07499999999999996,RAND_SECTOR,H5,0.04021085709260319,1,1810
玻璃陶瓷,20230613,1806,0.07499999999999996,RAND_SECTOR,H10,0.0485659643784877,1,1810
玻璃陶瓷,20230613,1806,0.07499999999999996,RAND_SECTOR,S7,-0.07467186808830684,1,1810
玻璃陶瓷,20230731,1802,0.09090909090909105,F2,H1,-0.023529886228427666,1,1809
玻璃陶瓷,20230731,1802,0.09090909090909105,F2,H3,-0.03608898737018429,1,1809
玻璃陶瓷,20230731,1802,0.09090909090909105,F2,H5,-0.051787863797379874,1,1809
玻璃陶瓷,20230731,1802,0.09090909090909105,F2,H10,-0.12086292007704103,1,1809
玻璃陶瓷,20230731,1802,0.09090909090909105,F2,S7,-0.07376629079545383,1,1809
玻璃陶瓷,20230731,1802,0.09090909090909105,RAND_SECTOR,H1,-0.028311562351206243,1,1810
玻璃陶瓷,20230731,1802,0.09090909090909105,RAND_SECTOR,H3,-0.03513841320119815,1,1810
玻璃陶瓷,20230731,1802,0.09090909090909105,RAND_SECTOR,H5,-0.04196526405118961,1,1810
玻璃陶瓷,20230731,1802,0.09090909090909105,RAND_SECTOR,H10,-0.11250938950110201,1,1810
玻璃陶瓷,20230731,1802,0.09090909090909105,RAND_SECTOR,S7,-0.08975322000113028,1,1810
玻璃陶瓷,20230828,1810,0.09898477157360408,F1,H1,-0.018311668148401905,1,1809
玻璃陶瓷,20230828,1810,0.09898477157360408,F1,H3,-0.011324562583621911,1,1809
玻璃陶瓷,20230828,1810,0.09898477157360408,F1,H5,0.009636754110718293,1,1809
玻璃陶瓷,20230828,1810,0.09898477157360408,F1,H10,0.03409162358744844,1,1809
玻璃陶瓷,20230828,1810,0.09898477157360408,F1,S7,0.06902715141134896,1,1809
玻璃陶瓷,20230828,1810,0.09898477157360408,F3,H1,-0.018311668148401905,1,1809
玻璃陶瓷,20230828,1810,0.09898477157360408,F3,H3,-0.011324562583621911,1,1809
玻璃陶瓷,20230828,1810,0.09898477157360408,F3,H5,0.009636754110718293,1,1809
玻璃陶瓷,20230828,1810,0.09898477157360408,F3,H10,0.03409162358744844,1,1809
玻璃陶瓷,20230828,1810,0.09898477157360408,F3,S7,0.06902715141134896,1,1809
玻璃陶瓷,20230828,1810,0.09898477157360408,F2,H1,-0.005185225827368689,1,1802
玻璃陶瓷,20230828,1810,0.09898477157360408,F2,H3,0.06095937351921599,1,1802
玻璃陶瓷,20230828,1810,0.09898477157360408,F2,H5,0.11122926902262043,1,1802
玻璃陶瓷,20230828,1810,0.09898477157360408,F2,H10,0.026564181858991898,1,1802
玻璃陶瓷,20230828,1810,0.09898477157360408,F2,S7,0.02920996583285529,1,1802
玻璃陶瓷,20230828,1810,0.09898477157360408,RAND_SECTOR,H1,-0.005185225827368689,1,1802
玻璃陶瓷,20230828,1810,0.09898477157360408,RAND_SECTOR,H3,0.06095937351921599,1,1802
玻璃陶瓷,20230828,1810,0.09898477157360408,RAND_SECTOR,H5,0.11122926902262043,1,1802
玻璃陶瓷,20230828,1810,0.09898477157360408,RAND_SECTOR,H10,0.026564181858991898,1,1802
玻璃陶瓷,20230828,1810,0.09898477157360408,RAND_SECTOR,S7,0.02920996583285529,1,1802
玻璃陶瓷,20230913,1809,0.06968641114982588,F2,H1,-0.014769254487936534,1,1810
玻璃陶瓷,20230913,1809,0.06968641114982588,F2,H3,-0.06102421906596778,1,1810
玻璃陶瓷,20230913,1809,0.06968641114982588,F2,H5,-0.07952620489718021,1,1810
玻璃陶瓷,20230913,1809,0.06968641114982588,F2,H10,-0.10034093895729412,1,1810
玻璃陶瓷,20230913,1809,0.06968641114982588,F2,S7,-0.09571544249949104,1,1810
玻璃陶瓷,20230913,1809,0.06968641114982588,RAND_SECTOR,H1,0.012263552025578273,1,1802
玻璃陶瓷,20230913,1809,0.06968641114982588,RAND_SECTOR,H3,-0.01787829071463709,1,1802
玻璃陶瓷,20230913,1809,0.06968641114982588,RAND_SECTOR,H5,-0.015366470486285921,1,1802
玻璃陶瓷,20230913,1809,0.06968641114982588,RAND_SECTOR,H10,-0.042996492998150226,1,1802
玻璃陶瓷,20230913,1809,0.06968641114982588,RAND_SECTOR,S7,-0.05806741436825824,1,1802
玻璃陶瓷,20231106,1809,0.073943661971831,F2,H1,0.010838836788529704,1,1810
玻璃陶瓷,20231106,1809,0.073943661971831,F2,H3,-0.005163888859837651,1,1810
玻璃陶瓷,20231106,1809,0.073943661971831,F2,H5,-0.023833735449599103,1,1810
玻璃陶瓷,20231106,1809,0.073943661971831,F2,H10,-0.00783100980123197,1,1810
玻璃陶瓷,20231106,1809,0.073943661971831,F2,S7,-0.021166614508204562,1,1810
玻璃陶瓷,20231106,1809,0.073943661971831,RAND_SECTOR,H1,0.010838836788529704,1,1810
玻璃陶瓷,20231106,1809,0.073943661971831,RAND_SECTOR,H3,-0.005163888859837651,1,1810
玻璃陶瓷,20231106,1809,0.073943661971831,RAND_SECTOR,H5,-0.023833735449599103,1,1810
玻璃陶瓷,20231106,1809,0.073943661971831,RAND_SECTOR,H10,-0.00783100980123197,1,1810
玻璃陶瓷,20231106,1809,0.073943661971831,RAND_SECTOR,S7,-0.021166614508204562,1,1810
玻璃陶瓷,20231225,1806,0.05581395348837215,F2,H1,0.010689478015811993,1,1802
玻璃陶瓷,20231225,1806,0.05581395348837215,F2,H3,0.010689478015811993,1,1802
玻璃陶瓷,20231225,1806,0.05581395348837215,F2,H5,0.023918397885128506,1,1802
玻璃陶瓷,20231225,1806,0.05581395348837215,F2,H10,-0.00783100980123197,1,1802
玻璃陶瓷,20231225,1806,0.05581395348837215,F2,S7,-0.03428884953986566,1,1802
玻璃陶瓷,20231225,1806,0.05581395348837215,RAND_SECTOR,H1,0.008434055611862501,1,1810
玻璃陶瓷,20231225,1806,0.05581395348837215,RAND_SECTOR,H3,-0.013252698272263608,1,1810
玻璃陶瓷,20231225,1806,0.05581395348837215,RAND_SECTOR,H5,-0.018674386743294802,1,1810
玻璃陶瓷,20231225,1806,0.05581395348837215,RAND_SECTOR,H10,-0.034939452156389494,1,1810
玻璃陶瓷,20231225,1806,0.05581395348837215,RAND_SECTOR,S7,-0.08915633686670477,1,1810
玻璃陶瓷,20240119,1809,0.05483870967741944,F2,H1,-0.00783100980123197,1,1802
玻璃陶瓷,20240119,1809,0.05483870967741944,F2,H3,0.017111786041754007,1,1802
玻璃陶瓷,20240119,1809,0.05483870967741944,F2,H5,0.01156894252109053,1,1802
玻璃陶瓷,20240119,1809,0.05483870967741944,F2,H10,-0.00783100980123197,1,1802
玻璃陶瓷,20240119,1809,0.05483870967741944,F2,S7,0.0004832554797633559,1,1802
玻璃陶瓷,20240119,1809,0.05483870967741944,RAND_SECTOR,H1,-0.00783100980123197,1,1802
玻璃陶瓷,20240119,1809,0.05483870967741944,RAND_SECTOR,H3,0.017111786041754007,1,1802
玻璃陶瓷,20240119,1809,0.05483870967741944,RAND_SECTOR,H5,0.01156894252109053,1,1802
玻璃陶瓷,20240119,1809,0.05483870967741944,RAND_SECTOR,H10,-0.00783100980123197,1,1802
玻璃陶瓷,20240119,1809,0.05483870967741944,RAND_SECTOR,S7,0.0004832554797633559,1,1802
玻璃陶瓷,20240415,1810,0.09826589595375723,F2,H1,-0.030971977502660897,1,1802
玻璃陶瓷,20240415,1810,0.09826589595375723,F2,H3,-0.02229411461462516,1,1802
玻璃陶瓷,20240415,1810,0.09826589595375723,F2,H5,-0.01361625172658909,1,1802
玻璃陶瓷,20240415,1810,0.09826589595375723,F2,H10,0.0008468530868039892,1,1802
玻璃陶瓷,20240415,1810,0.09826589595375723,F2,S7,-0.004938388838553132,1,1802
玻璃陶瓷,20240415,1810,0.09826589595375723,RAND_SECTOR,H1,-0.017996675684415986,1,1809
玻璃陶瓷,20240415,1810,0.09826589595375723,RAND_SECTOR,H3,-0.044427406980694695,1,1809
玻璃陶瓷,20240415,1810,0.09826589595375723,RAND_SECTOR,H5,-0.07289127145361007,1,1809
玻璃陶瓷,20240415,1810,0.09826589595375723,RAND_SECTOR,H10,0.040964186438051886,1,1809
玻璃陶瓷,20240415,1810,0.09826589595375723,RAND_SECTOR,S7,-0.07289127145361007,1,1809
玻璃陶瓷,20240523,1809,0.09925093632958815,F2,H1,-0.015090782900247235,1,1810
玻璃陶瓷,20240523,1809,0.09925093632958815,F2,H3,-0.029610329098277988,1,1810
玻璃陶瓷,20240523,1809,0.09925093632958815,F2,H5,-0.058649421494339604,1,1810
玻璃陶瓷,20240523,1809,0.09925093632958815,F2,H10,-0.07558889205870878,1,1810
玻璃陶瓷,20240523,1809,0.09925093632958815,F2,S7,-0.08042874079138562,1,1810
玻璃陶瓷,20240523,1809,0.09925093632958815,RAND_SECTOR,H1,-0.015090782900247235,1,1810
玻璃陶瓷,20240523,1809,0.09925093632958815,RAND_SECTOR,H3,-0.029610329098277988,1,1810
玻璃陶瓷,20240523,1809,0.09925093632958815,RAND_SECTOR,H5,-0.058649421494339604,1,1810
玻璃陶瓷,20240523,1809,0.09925093632958815,RAND_SECTOR,H10,-0.07558889205870878,1,1810
玻璃陶瓷,20240523,1809,0.09925093632958815,RAND_SECTOR,S7,-0.08042874079138562,1,1810
玻璃陶瓷,20240607,1806,0.05069124423963145,F2,H1,0.017609220716684915,1,1809
玻璃陶瓷,20240607,1806,0.05069124423963145,F2,H3,0.009781457480402933,1,1809
玻璃陶瓷,20240607,1806,0.05069124423963145,F2,H5,-0.02152959546472588,1,1809
玻璃陶瓷,20240607,1806,0.05069124423963145,F2,H10,-0.06653923407334839,1,1809
玻璃陶瓷,20240607,1806,0.05069124423963145,F2,S7,0.03130780638017905,1,1809
玻璃陶瓷,20240607,1806,0.05069124423963145,RAND_SECTOR,H1,0.017609220716684915,1,1809
玻璃陶瓷,20240607,1806,0.05069124423963145,RAND_SECTOR,H3,0.009781457480402933,1,1809
玻璃陶瓷,20240607,1806,0.05069124423963145,RAND_SECTOR,H5,-0.02152959546472588,1,1809
玻璃陶瓷,20240607,1806,0.05069124423963145,RAND_SECTOR,H10,-0.06653923407334839,1,1809
玻璃陶瓷,20240607,1806,0.05069124423963145,RAND_SECTOR,S7,0.03130780638017905,1,1809
玻璃陶瓷,20240729,1806,0.09765625,F2,H1,0.004571102576252706,1,1809
玻璃陶瓷,20240729,1806,0.09765625,F2,H3,0.00040275775228471034,1,1809
玻璃陶瓷,20240729,1806,0.09765625,F2,H5,-0.1288159317907187,1,1809
玻璃陶瓷,20240729,1806,0.09765625,F2,H10,-0.10172169043492763,1,1809
玻璃陶瓷,20240729,1806,0.09765625,F2,S7,-0.1288159317907187,1,1809
玻璃陶瓷,20240729,1806,0.09765625,RAND_SECTOR,H1,-0.002225535280334978,1,1810
玻璃陶瓷,20240729,1806,0.09765625,RAND_SECTOR,H3,0.0005772019801137951,1,1810
玻璃陶瓷,20240729,1806,0.09765625,RAND_SECTOR,H5,-0.13675692378186266,1,1810
玻璃陶瓷,20240729,1806,0.09765625,RAND_SECTOR,H10,-0.04146385692661392,1,1810
玻璃陶瓷,20240729,1806,0.09765625,RAND_SECTOR,S7,-0.13675692378186266,1,1810
玻璃陶瓷,20240927,1802,0.09907120743034059,F1,H1,0.005054301759790825,1,1810
玻璃陶瓷,20240927,1802,0.09907120743034059,F1,H3,-0.002676885176822741,1,1810
玻璃陶瓷,20240927,1802,0.09907120743034059,F1,H5,-0.015562196737845535,1,1810
玻璃陶瓷,20240927,1802,0.09907120743034059,F1,H10,-0.03360163292327778,1,1810
玻璃陶瓷,20240927,1802,0.09907120743034059,F1,S7,-0.07483462991855128,1,1810
玻璃陶瓷,20240927,1802,0.09907120743034059,F3,H1,-0.014329688675487118,2,"1809,1810"
玻璃陶瓷,20240927,1802,0.09907120743034059,F3,H3,0.020628721820505735,2,"1809,1810"
玻璃陶瓷,20240927,1802,0.09907120743034059,F3,H5,-0.026794827033432944,2,"1809,1810"
玻璃陶瓷,20240927,1802,0.09907120743034059,F3,H10,-0.06493254809937393,2,"1809,1810"
玻璃陶瓷,20240927,1802,0.09907120743034059,F3,S7,-0.07907837926962735,2,"1809,1810"
玻璃陶瓷,20240927,1802,0.09907120743034059,F2,H1,-0.00783100980123197,1,1806
玻璃陶瓷,20240927,1802,0.09907120743034059,F2,H3,0.0044179900777652215,1,1806
玻璃陶瓷,20240927,1802,0.09907120743034059,F2,H5,-0.015997009720563393,1,1806
玻璃陶瓷,20240927,1802,0.09907120743034059,F2,H10,-0.040495009478557886,1,1806
玻璃陶瓷,20240927,1802,0.09907120743034059,F2,S7,-0.18340000806685752,1,1806
玻璃陶瓷,20240927,1802,0.09907120743034059,RAND_SECTOR,H1,-0.00783100980123197,1,1806
玻璃陶瓷,20240927,1802,0.09907120743034059,RAND_SECTOR,H3,0.0044179900777652215,1,1806
玻璃陶瓷,20240927,1802,0.09907120743034059,RAND_SECTOR,H5,-0.015997009720563393,1,1806
玻璃陶瓷,20240927,1802,0.09907120743034059,RAND_SECTOR,H10,-0.040495009478557886,1,1806
玻璃陶瓷,20240927,1802,0.09907120743034059,RAND_SECTOR,S7,-0.18340000806685752,1,1806
玻璃陶瓷,20241028,1802,0.06720430107526876,F1,H1,-0.017039074675466392,1,1809
玻璃陶瓷,20241028,1802,0.06720430107526876,F1,H3,-0.03315318820537683,1,1809
玻璃陶瓷,20241028,1802,0.06720430107526876,F1,H5,-0.04696528551672863,1,1809
玻璃陶瓷,20241028,1802,0.06720430107526876,F1,H10,-0.10221367476213572,1,1809
玻璃陶瓷,20241028,1802,0.06720430107526876,F1,S7,-0.10221367476213572,1,1809
玻璃陶瓷,20241028,1802,0.06720430107526876,F3,H1,-0.017977885759012713,2,"1809,1810"
玻璃陶瓷,20241028,1802,0.06720430107526876,F3,H3,-0.03712062956529483,2,"1809,1810"
玻璃陶瓷,20241028,1802,0.06720430107526876,F3,H5,-0.04402667822097073,2,"1809,1810"
玻璃陶瓷,20241028,1802,0.06720430107526876,F3,H10,-0.0841222707651672,2,"1809,1810"
玻璃陶瓷,20241028,1802,0.06720430107526876,F3,S7,-0.06056518580234738,2,"1809,1810"
玻璃陶瓷,20241028,1802,0.06720430107526876,F2,H1,-0.02242173024533134,1,1806
玻璃陶瓷,20241028,1802,0.06720430107526876,F2,H3,-0.029230733119244512,1,1806
玻璃陶瓷,20241028,1802,0.06720430107526876,F2,H5,-0.012694583282598315,1,1806
玻璃陶瓷,20241028,1802,0.06720430107526876,F2,H10,-0.029230733119244512,1,1806
玻璃陶瓷,20241028,1802,0.06720430107526876,F2,S7,0.016486857605600536,1,1806
玻璃陶瓷,20241028,1802,0.06720430107526876,RAND_SECTOR,H1,-0.018916696842559033,1,1810
玻璃陶瓷,20241028,1802,0.06720430107526876,RAND_SECTOR,H3,-0.04108807092521283,1,1810
玻璃陶瓷,20241028,1802,0.06720430107526876,RAND_SECTOR,H5,-0.04108807092521283,1,1810
玻璃陶瓷,20241028,1802,0.06720430107526876,RAND_SECTOR,H10,-0.06603086676819869,1,1810
玻璃陶瓷,20241028,1802,0.06720430107526876,RAND_SECTOR,S7,-0.018916696842559033,1,1810
玻璃陶瓷,20241122,1809,0.09905660377358494,F2,H1,-0.012544401678660777,1,1802
玻璃陶瓷,20241122,1809,0.09905660377358494,F2,H3,-0.06439171233037788,1,1802
玻璃陶瓷,20241122,1809,0.09905660377358494,F2,H5,-0.033754665127090466,1,1802
玻璃陶瓷,20241122,1809,0.09905660377358494,F2,H10,-0.09738545547237976,1,1802
玻璃陶瓷,20241122,1809,0.09905660377358494,F2,S7,-0.09031536765623627,1,1802
玻璃陶瓷,20241122,1809,0.09905660377358494,RAND_SECTOR,H1,-0.012544401678660777,1,1802
玻璃陶瓷,20241122,1809,0.09905660377358494,RAND_SECTOR,H3,-0.06439171233037788,1,1802
玻璃陶瓷,20241122,1809,0.09905660377358494,RAND_SECTOR,H5,-0.033754665127090466,1,1802
玻璃陶瓷,20241122,1809,0.09905660377358494,RAND_SECTOR,H10,-0.09738545547237976,1,1802
玻璃陶瓷,20241122,1809,0.09905660377358494,RAND_SECTOR,S7,-0.09031536765623627,1,1802
玻璃陶瓷,20250206,1802,0.07530120481927716,F2,H1,-0.024566390358801704,1,1809
玻璃陶瓷,20250206,1802,0.07530120481927716,F2,H3,-0.04369253956745245,1,1809
玻璃陶瓷,20250206,1802,0.07530120481927716,F2,H5,-0.0460833082185339,1,1809
玻璃陶瓷,20250206,1802,0.07530120481927716,F2,H10,-0.019784853056638796,1,1809
玻璃陶瓷,20250206,1802,0.07530120481927716,F2,S7,-0.08911714393799841,1,1809
玻璃陶瓷,20250206,1802,0.07530120481927716,RAND_SECTOR,H1,-0.024566390358801704,1,1809
玻璃陶瓷,20250206,1802,0.07530120481927716,RAND_SECTOR,H3,-0.04369253956745245,1,1809
玻璃陶瓷,20250206,1802,0.07530120481927716,RAND_SECTOR,H5,-0.0460833082185339,1,1809
玻璃陶瓷,20250206,1802,0.07530120481927716,RAND_SECTOR,H10,-0.019784853056638796,1,1809
玻璃陶瓷,20250206,1802,0.07530120481927716,RAND_SECTOR,S7,-0.08911714393799841,1,1809
玻璃陶瓷,20250310,1802,0.06845238095238093,F1,H1,-0.015663922881748338,1,1809
玻璃陶瓷,20250310,1802,0.06845238095238093,F1,H3,-0.02349683596226515,1,1809
玻璃陶瓷,20250310,1802,0.06845238095238093,F1,H5,-0.018274893908587164,1,1809
玻璃陶瓷,20250310,1802,0.06845238095238093,F1,H10,0.03394452662819014,1,1809
玻璃陶瓷,20250310,1802,0.06845238095238093,F1,S7,-0.12271373498214189,1,1809
玻璃陶瓷,20250310,1802,0.06845238095238093,F3,H1,-0.015663922881748338,1,1809
玻璃陶瓷,20250310,1802,0.06845238095238093,F3,H3,-0.02349683596226515,1,1809
玻璃陶瓷,20250310,1802,0.06845238095238093,F3,H5,-0.018274893908587164,1,1809
玻璃陶瓷,20250310,1802,0.06845238095238093,F3,H10,0.03394452662819014,1,1809
玻璃陶瓷,20250310,1802,0.06845238095238093,F3,S7,-0.12271373498214189,1,1809
玻璃陶瓷,20250310,1802,0.06845238095238093,F2,H1,-0.005802034361152675,1,1817
玻璃陶瓷,20250310,1802,0.06845238095238093,F2,H3,-0.010874472961350912,1,1817
玻璃陶瓷,20250310,1802,0.06845238095238093,F2,H5,-0.021019350161747163,1,1817
玻璃陶瓷,20250310,1802,0.06845238095238093,F2,H10,0.008400793719402389,1,1817
玻璃陶瓷,20250310,1802,0.06845238095238093,F2,S7,-0.12145363444567159,1,1817
玻璃陶瓷,20250310,1802,0.06845238095238093,RAND_SECTOR,H1,-0.015663922881748338,1,1809
玻璃陶瓷,20250310,1802,0.06845238095238093,RAND_SECTOR,H3,-0.02349683596226515,1,1809
玻璃陶瓷,20250310,1802,0.06845238095238093,RAND_SECTOR,H5,-0.018274893908587164,1,1809
玻璃陶瓷,20250310,1802,0.06845238095238093,RAND_SECTOR,H10,0.03394452662819014,1,1809
玻璃陶瓷,20250310,1802,0.06845238095238093,RAND_SECTOR,S7,-0.12271373498214189,1,1809
玻璃陶瓷,20250527,1802,0.0982456140350878,F1,H1,-0.016850727893947925,1,1810
玻璃陶瓷,20250527,1802,0.0982456140350878,F1,H3,-0.019857300591520022,1,1810
玻璃陶瓷,20250527,1802,0.0982456140350878,F1,H5,-0.019857300591520022,1,1810
玻璃陶瓷,20250527,1802,0.0982456140350878,F1,H10,-0.025870445986664103,1,1810
玻璃陶瓷,20250527,1802,0.0982456140350878,F1,S7,-0.07698218184538852,1,1810
玻璃陶瓷,20250527,1802,0.0982456140350878,F3,H1,-0.016850727893947925,1,1810
玻璃陶瓷,20250527,1802,0.0982456140350878,F3,H3,-0.019857300591520022,1,1810
玻璃陶瓷,20250527,1802,0.0982456140350878,F3,H5,-0.019857300591520022,1,1810
玻璃陶瓷,20250527,1802,0.0982456140350878,F3,H10,-0.025870445986664103,1,1810
玻璃陶瓷,20250527,1802,0.0982456140350878,F3,S7,-0.07698218184538852,1,1810
玻璃陶瓷,20250527,1802,0.0982456140350878,F2,H1,-0.02450611888020293,1,1806
玻璃陶瓷,20250527,1802,0.0982456140350878,F2,H3,-0.045350005228916634,1,1806
玻璃陶瓷,20250527,1802,0.0982456140350878,F2,H5,-0.04951878249865893,1,1806
玻璃陶瓷,20250527,1802,0.0982456140350878,F2,H10,-0.057856337038144634,1,1806
玻璃陶瓷,20250527,1802,0.0982456140350878,F2,S7,-0.07870022338685823,1,1806
玻璃陶瓷,20250527,1802,0.0982456140350878,RAND_SECTOR,H1,-0.02450611888020293,1,1806
玻璃陶瓷,20250527,1802,0.0982456140350878,RAND_SECTOR,H3,-0.045350005228916634,1,1806
玻璃陶瓷,20250527,1802,0.0982456140350878,RAND_SECTOR,H5,-0.04951878249865893,1,1806
玻璃陶瓷,20250527,1802,0.0982456140350878,RAND_SECTOR,H10,-0.057856337038144634,1,1806
玻璃陶瓷,20250527,1802,0.0982456140350878,RAND_SECTOR,S7,-0.07870022338685823,1,1806
玻璃陶瓷,20250723,1802,0.09821428571428559,F2,H1,-0.0046201069203297696,1,1810
玻璃陶瓷,20250723,1802,0.09821428571428559,F2,H3,0.043543436293202786,1,1810
玻璃陶瓷,20250723,1802,0.09821428571428559,F2,H5,0.06923065934041994,1,1810
玻璃陶瓷,20250723,1802,0.09821428571428559,F2,H10,0.1848231630528978,1,1810
玻璃陶瓷,20250723,1802,0.09821428571428559,F2,S7,0.2715175408372563,1,1810
玻璃陶瓷,20250723,1802,0.09821428571428559,RAND_SECTOR,H1,-0.0046201069203297696,1,1810
玻璃陶瓷,20250723,1802,0.09821428571428559,RAND_SECTOR,H3,0.043543436293202786,1,1810
玻璃陶瓷,20250723,1802,0.09821428571428559,RAND_SECTOR,H5,0.06923065934041994,1,1810
玻璃陶瓷,20250723,1802,0.09821428571428559,RAND_SECTOR,H10,0.1848231630528978,1,1810
玻璃陶瓷,20250723,1802,0.09821428571428559,RAND_SECTOR,S7,0.2715175408372563,1,1810
玻璃陶瓷,20250903,1810,0.09999999999999987,F1,H1,-0.020233122178716534,1,1809
玻璃陶瓷,20250903,1810,0.09999999999999987,F1,H3,-0.04007650198269186,1,1809
玻璃陶瓷,20250903,1810,0.09999999999999987,F1,H5,0.02441448238022792,1,1809
玻璃陶瓷,20250903,1810,0.09999999999999987,F1,H10,-0.03015481208070414,1,1809
玻璃陶瓷,20250903,1810,0.09999999999999987,F1,S7,-0.06488072673766099,1,1809
玻璃陶瓷,20250903,1810,0.09999999999999987,F3,H1,-0.020233122178716534,1,1809
玻璃陶瓷,20250903,1810,0.09999999999999987,F3,H3,-0.04007650198269186,1,1809
玻璃陶瓷,20250903,1810,0.09999999999999987,F3,H5,0.02441448238022792,1,1809
玻璃陶瓷,20250903,1810,0.09999999999999987,F3,H10,-0.03015481208070414,1,1809
玻璃陶瓷,20250903,1810,0.09999999999999987,F3,S7,-0.06488072673766099,1,1809
玻璃陶瓷,20250903,1810,0.09999999999999987,F2,H1,-0.020233122178716534,1,1809
玻璃陶瓷,20250903,1810,0.09999999999999987,F2,H3,-0.04007650198269186,1,1809
玻璃陶瓷,20250903,1810,0.09999999999999987,F2,H5,0.02441448238022792,1,1809
玻璃陶瓷,20250903,1810,0.09999999999999987,F2,H10,-0.03015481208070414,1,1809
玻璃陶瓷,20250903,1810,0.09999999999999987,F2,S7,-0.06488072673766099,1,1809
玻璃陶瓷,20250903,1810,0.09999999999999987,RAND_SECTOR,H1,-0.03506034743961994,1,1802
玻璃陶瓷,20250903,1810,0.09999999999999987,RAND_SECTOR,H3,-0.03846401464441862,1,1802
玻璃陶瓷,20250903,1810,0.09999999999999987,RAND_SECTOR,H5,-0.041867681849217075,1,1802
玻璃陶瓷,20250903,1810,0.09999999999999987,RAND_SECTOR,H10,-0.11504652675238525,1,1802
玻璃陶瓷,20250903,1810,0.09999999999999987,RAND_SECTOR,S7,-0.07079885309000433,1,1802
玻璃陶瓷,20251111,1802,0.09948542024013718,F1,H1,0.042172201906398366,1,1809
玻璃陶瓷,20251111,1802,0.09948542024013718,F1,H3,0.018486470044889458,1,1809
玻璃陶瓷,20251111,1802,0.09948542024013718,F1,H5,-0.07362470941653476,1,1809
玻璃陶瓷,20251111,1802,0.09948542024013718,F1,H10,-0.07625645740114706,1,1809
玻璃陶瓷,20251111,1802,0.09948542024013718,F1,S7,-0.06836121344731072,1,1809
玻璃陶瓷,20251111,1802,0.09948542024013718,F3,H1,0.042172201906398366,1,1809
玻璃陶瓷,20251111,1802,0.09948542024013718,F3,H3,0.018486470044889458,1,1809
玻璃陶瓷,20251111,1802,0.09948542024013718,F3,H5,-0.07362470941653476,1,1809
玻璃陶瓷,20251111,1802,0.09948542024013718,F3,H10,-0.07625645740114706,1,1809
玻璃陶瓷,20251111,1802,0.09948542024013718,F3,S7,-0.06836121344731072,1,1809
玻璃陶瓷,20251111,1802,0.09948542024013718,F2,H1,0.042172201906398366,1,1809
玻璃陶瓷,20251111,1802,0.09948542024013718,F2,H3,0.018486470044889458,1,1809
玻璃陶瓷,20251111,1802,0.09948542024013718,F2,H5,-0.07362470941653476,1,1809
玻璃陶瓷,20251111,1802,0.09948542024013718,F2,H10,-0.07625645740114706,1,1809
玻璃陶瓷,20251111,1802,0.09948542024013718,F2,S7,-0.06836121344731072,1,1809
玻璃陶瓷,20251111,1802,0.09948542024013718,RAND_SECTOR,H1,0.01478252843691652,1,1810
玻璃陶瓷,20251111,1802,0.09948542024013718,RAND_SECTOR,H3,-0.013484394360769092,1,1810
玻璃陶瓷,20251111,1802,0.09948542024013718,RAND_SECTOR,H5,-0.05305808627752906,1,1810
玻璃陶瓷,20251111,1802,0.09948542024013718,RAND_SECTOR,H10,-0.024791163479843337,1,1810
玻璃陶瓷,20251111,1802,0.09948542024013718,RAND_SECTOR,S7,-0.03044454803938057,1,1810
玻璃陶瓷,20251229,1809,0.06303724928366772,F1,H1,-0.012059002657192619,1,1802
玻璃陶瓷,20251229,1809,0.06303724928366772,F1,H3,-0.010649671705205699,1,1802
玻璃陶瓷,20251229,1809,0.06303724928366772,F1,H5,-0.027561643129048408,1,1802
玻璃陶瓷,20251229,1809,0.06303724928366772,F1,H10,-0.037426959792956516,1,1802
玻璃陶瓷,20251229,1809,0.06303724928366772,F1,S7,0.46570419006636166,1,1802
玻璃陶瓷,20251229,1809,0.06303724928366772,F3,H1,-0.012059002657192619,1,1802
玻璃陶瓷,20251229,1809,0.06303724928366772,F3,H3,-0.010649671705205699,1,1802
玻璃陶瓷,20251229,1809,0.06303724928366772,F3,H5,-0.027561643129048408,1,1802
玻璃陶瓷,20251229,1809,0.06303724928366772,F3,H10,-0.037426959792956516,1,1802
玻璃陶瓷,20251229,1809,0.06303724928366772,F3,S7,0.46570419006636166,1,1802
玻璃陶瓷,20251229,1809,0.06303724928366772,F2,H1,-0.04517070298075565,1,1810
玻璃陶瓷,20251229,1809,0.06303724928366772,F2,H3,-0.05850630768772824,1,1810
玻璃陶瓷,20251229,1809,0.06303724928366772,F2,H5,-0.05850630768772824,1,1810
玻璃陶瓷,20251229,1809,0.06303724928366772,F2,H10,0.06684837655781495,1,1810
玻璃陶瓷,20251229,1809,0.06303724928366772,F2,S7,0.04017716714386976,1,1810
玻璃陶瓷,20251229,1809,0.06303724928366772,RAND_SECTOR,H1,-0.04517070298075565,1,1810
玻璃陶瓷,20251229,1809,0.06303724928366772,RAND_SECTOR,H3,-0.05850630768772824,1,1810
玻璃陶瓷,20251229,1809,0.06303724928366772,RAND_SECTOR,H5,-0.05850630768772824,1,1810
玻璃陶瓷,20251229,1809,0.06303724928366772,RAND_SECTOR,H10,0.06684837655781495,1,1810
玻璃陶瓷,20251229,1809,0.06303724928366772,RAND_SECTOR,S7,0.04017716714386976,1,1810
玻璃陶瓷,20260224,1802,0.09864603481624745,F1,H1,-0.033627403546399925,1,1809
玻璃陶瓷,20260224,1802,0.09864603481624745,F1,H3,0.15885338055216125,1,1809
玻璃陶瓷,20260224,1802,0.09864603481624745,F1,H5,0.043761777689104164,1,1809
玻璃陶瓷,20260224,1802,0.09864603481624745,F1,H10,-0.00783100980123197,1,1809
玻璃陶瓷,20260224,1802,0.09864603481624745,F1,S7,0.11519794498341551,1,1809
玻璃陶瓷,20260224,1802,0.09864603481624745,F3,H1,-0.033627403546399925,1,1809
玻璃陶瓷,20260224,1802,0.09864603481624745,F3,H3,0.15885338055216125,1,1809
玻璃陶瓷,20260224,1802,0.09864603481624745,F3,H5,0.043761777689104164,1,1809
玻璃陶瓷,20260224,1802,0.09864603481624745,F3,H10,-0.00783100980123197,1,1809
玻璃陶瓷,20260224,1802,0.09864603481624745,F3,S7,0.11519794498341551,1,1809
玻璃陶瓷,20260224,1802,0.09864603481624745,F2,H1,-0.037972852541447666,1,1810
玻璃陶瓷,20260224,1802,0.09864603481624745,F2,H3,-0.037972852541447666,1,1810
玻璃陶瓷,20260224,1802,0.09864603481624745,F2,H5,-0.0781619761950686,1,1810
玻璃陶瓷,20260224,1802,0.09864603481624745,F2,H10,-0.11081563916363568,1,1810
玻璃陶瓷,20260224,1802,0.09864603481624745,F2,S7,-0.0781619761950686,1,1810
玻璃陶瓷,20260224,1802,0.09864603481624745,RAND_SECTOR,H1,-0.033627403546399925,1,1809
玻璃陶瓷,20260224,1802,0.09864603481624745,RAND_SECTOR,H3,0.15885338055216125,1,1809
玻璃陶瓷,20260224,1802,0.09864603481624745,RAND_SECTOR,H5,0.043761777689104164,1,1809
玻璃陶瓷,20260224,1802,0.09864603481624745,RAND_SECTOR,H10,-0.00783100980123197,1,1809
玻璃陶瓷,20260224,1802,0.09864603481624745,RAND_SECTOR,S7,0.11519794498341551,1,1809
玻璃陶瓷,20260318,1809,0.0985130111524164,F1,H1,-0.014180891338504087,1,1802
玻璃陶瓷,20260318,1809,0.0985130111524164,F1,H3,-0.14276599246826438,1,1802
玻璃陶瓷,20260318,1809,0.0985130111524164,F1,H5,-0.12371634785644792,1,1802
玻璃陶瓷,20260318,1809,0.0985130111524164,F1,H10,-0.1348286405466742,1,1802
玻璃陶瓷,20260318,1809,0.0985130111524164,F1,S7,-0.1665780482330349,1,1802
玻璃陶瓷,20260318,1809,0.0985130111524164,F3,H1,-0.014180891338504087,1,1802
玻璃陶瓷,20260318,1809,0.0985130111524164,F3,H3,-0.14276599246826438,1,1802
玻璃陶瓷,20260318,1809,0.0985130111524164,F3,H5,-0.12371634785644792,1,1802
玻璃陶瓷,20260318,1809,0.0985130111524164,F3,H10,-0.1348286405466742,1,1802
玻璃陶瓷,20260318,1809,0.0985130111524164,F3,S7,-0.1665780482330349,1,1802
玻璃陶瓷,20260318,1809,0.0985130111524164,F2,H1,-0.014180891338504087,1,1802
玻璃陶瓷,20260318,1809,0.0985130111524164,F2,H3,-0.14276599246826438,1,1802
玻璃陶瓷,20260318,1809,0.0985130111524164,F2,H5,-0.12371634785644792,1,1802
玻璃陶瓷,20260318,1809,0.0985130111524164,F2,H10,-0.1348286405466742,1,1802
玻璃陶瓷,20260318,1809,0.0985130111524164,F2,S7,-0.1665780482330349,1,1802
玻璃陶瓷,20260318,1809,0.0985130111524164,RAND_SECTOR,H1,-0.027016598009495518,1,1810
玻璃陶瓷,20260318,1809,0.0985130111524164,RAND_SECTOR,H3,-0.010571808116698111,1,1810
玻璃陶瓷,20260318,1809,0.0985130111524164,RAND_SECTOR,H5,-0.024275799694029265,1,1810
玻璃陶瓷,20260318,1809,0.0985130111524164,RAND_SECTOR,H10,-0.0489429845332251,1,1810
玻璃陶瓷,20260318,1809,0.0985130111524164,RAND_SECTOR,S7,0.01409537672249761,1,1810
玻璃陶瓷,20260414,1802,0.0757097791798107,F1,H1,0.02189690001745781,1,1809
玻璃陶瓷,20260414,1802,0.0757097791798107,F1,H3,0.03861884929047066,1,1809
玻璃陶瓷,20260414,1802,0.0757097791798107,F1,H5,0.03861884929047066,1,1809
玻璃陶瓷,20260414,1802,0.0757097791798107,F1,H10,-0.03198493652891721,1,1809
玻璃陶瓷,20260414,1802,0.0757097791798107,F1,S7,0.4938274683891566,1,1809
玻璃陶瓷,20260414,1802,0.0757097791798107,F3,H1,0.02189690001745781,1,1809
玻璃陶瓷,20260414,1802,0.0757097791798107,F3,H3,0.03861884929047066,1,1809
玻璃陶瓷,20260414,1802,0.0757097791798107,F3,H5,0.03861884929047066,1,1809
玻璃陶瓷,20260414,1802,0.0757097791798107,F3,H10,-0.03198493652891721,1,1809
玻璃陶瓷,20260414,1802,0.0757097791798107,F3,S7,0.4938274683891566,1,1809
玻璃陶瓷,20260414,1802,0.0757097791798107,F2,H1,-0.004988118711837131,1,1810
玻璃陶瓷,20260414,1802,0.0757097791798107,F2,H3,0.05186970307605798,1,1810
玻璃陶瓷,20260414,1802,0.0757097791798107,F2,H5,0.07176994070182108,1,1810
玻璃陶瓷,20260414,1802,0.0757097791798107,F2,H10,-0.004988118711837131,1,1810
玻璃陶瓷,20260414,1802,0.0757097791798107,F2,S7,0.09735596050637385,1,1810
玻璃陶瓷,20260414,1802,0.0757097791798107,RAND_SECTOR,H1,-0.004988118711837131,1,1810
玻璃陶瓷,20260414,1802,0.0757097791798107,RAND_SECTOR,H3,0.05186970307605798,1,1810
玻璃陶瓷,20260414,1802,0.0757097791798107,RAND_SECTOR,H5,0.07176994070182108,1,1810
玻璃陶瓷,20260414,1802,0.0757097791798107,RAND_SECTOR,H10,-0.004988118711837131,1,1810
玻璃陶瓷,20260414,1802,0.0757097791798107,RAND_SECTOR,S7,0.09735596050637385,1,1810
玻璃陶瓷,20260505,1809,0.09911504424778772,F2,H1,-0.023963838910155077,1,1802
玻璃陶瓷,20260505,1809,0.09911504424778772,F2,H3,-0.07236232623692407,1,1802
玻璃陶瓷,20260505,1809,0.09911504424778772,F2,H5,-0.05891830197948833,1,1802
玻璃陶瓷,20260505,1809,0.09911504424778772,F2,H10,-0.1167276062864625,1,1802
玻璃陶瓷,20260505,1809,0.09911504424778772,F2,S7,-0.07773993593989859,1,1802
玻璃陶瓷,20260505,1809,0.09911504424778772,RAND_SECTOR,H1,-0.023963838910155077,1,1802
玻璃陶瓷,20260505,1809,0.09911504424778772,RAND_SECTOR,H3,-0.07236232623692407,1,1802
玻璃陶瓷,20260505,1809,0.09911504424778772,RAND_SECTOR,H5,-0.05891830197948833,1,1802
玻璃陶瓷,20260505,1809,0.09911504424778772,RAND_SECTOR,H10,-0.1167276062864625,1,1802
玻璃陶瓷,20260505,1809,0.09911504424778772,RAND_SECTOR,S7,-0.07773993593989859,1,1802
玻璃陶瓷,20260527,1810,0.06133333333333324,F2,H1,-0.028106942843441063,1,1802
玻璃陶瓷,20260527,1810,0.06133333333333324,F2,H3,0.020555296457860806,1,1802
玻璃陶瓷,20260527,1810,0.06133333333333324,F2,H5,-0.04162423153824735,1,1802
玻璃陶瓷,20260527,1810,0.06133333333333324,F2,H10,-0.19166613605059502,1,1802
玻璃陶瓷,20260527,1810,0.06133333333333324,F2,S7,-0.1767971184863084,1,1802
玻璃陶瓷,20260527,1810,0.06133333333333324,RAND_SECTOR,H1,-0.028106942843441063,1,1802
玻璃陶瓷,20260527,1810,0.06133333333333324,RAND_SECTOR,H3,0.020555296457860806,1,1802
玻璃陶瓷,20260527,1810,0.06133333333333324,RAND_SECTOR,H5,-0.04162423153824735,1,1802
玻璃陶瓷,20260527,1810,0.06133333333333324,RAND_SECTOR,H10,-0.19166613605059502,1,1802
玻璃陶瓷,20260527,1810,0.06133333333333324,RAND_SECTOR,S7,-0.1767971184863084,1,1802
玻璃陶瓷,20260703,1810,0.09929078014184411,F2,H1,-0.02488835633760056,1,1802
玻璃陶瓷,20260703,1810,0.09929078014184411,F2,H3,-0.04478859396336354,1,1802
玻璃陶瓷,20260703,1810,0.09929078014184411,F2,H5,-0.08885340584898249,1,1802
玻璃陶瓷,20260703,1810,0.09929078014184411,F2,H10,-0.22104784150583823,1,1802
玻璃陶瓷,20260703,1810,0.09929078014184411,F2,S7,-0.07748184149140325,1,1802
玻璃陶瓷,20260703,1810,0.09929078014184411,RAND_SECTOR,H1,-0.02488835633760056,1,1802
玻璃陶瓷,20260703,1810,0.09929078014184411,RAND_SECTOR,H3,-0.04478859396336354,1,1802
玻璃陶瓷,20260703,1810,0.09929078014184411,RAND_SECTOR,H5,-0.08885340584898249,1,1802
玻璃陶瓷,20260703,1810,0.09929078014184411,RAND_SECTOR,H10,-0.22104784150583823,1,1802
玻璃陶瓷,20260703,1810,0.09929078014184411,RAND_SECTOR,S7,-0.07748184149140325,1,1802
生技醫療業,20211014,4743,0.09749303621169925,F2,H1,0.062204448330445805,1,6446
生技醫療業,20211014,4743,0.09749303621169925,F2,H3,0.09722217739628469,1,6446
生技醫療業,20211014,4743,0.09749303621169925,F2,H5,0.08088057049889308,1,6446
生技醫療業,20211014,4743,0.09749303621169925,F2,H10,0.12873813355553954,1,6446
生技醫療業,20211014,4743,0.09749303621169925,F2,S7,0.20811165277144106,1,6446
生技醫療業,20211014,4743,0.09749303621169925,RAND_SECTOR,H1,0.013953139684170113,1,4153
生技醫療業,20211014,4743,0.09749303621169925,RAND_SECTOR,H3,0.08920747427010456,1,4153
生技醫療業,20211014,4743,0.09749303621169925,RAND_SECTOR,H5,0.09514860594794139,1,4153
生技醫療業,20211014,4743,0.09749303621169925,RAND_SECTOR,H10,0.045639175299300394,1,4153
生技醫療業,20211014,4743,0.09749303621169925,RAND_SECTOR,S7,0.04013787247620204,1,4153
生技醫療業,20220602,4127,0.10000000000000009,F2,H1,-0.02147576998078271,1,8409
生技醫療業,20220602,4127,0.10000000000000009,F2,H3,0.009712253286761952,1,8409
生技醫療業,20220602,4127,0.10000000000000009,F2,H5,0.033103270737420365,1,8409
生技醫療業,20220602,4127,0.10000000000000009,F2,H10,-0.07995331360742908,1,8409
生技醫療業,20220602,4127,0.10000000000000009,F2,S7,-0.07995331360742908,1,8409
生技醫療業,20220602,4127,0.10000000000000009,RAND_SECTOR,H1,-0.002636407758306425,1,4133
生技醫療業,20220602,4127,0.10000000000000009,RAND_SECTOR,H3,0.008791716736129551,1,4133
生技醫療業,20220602,4127,0.10000000000000009,RAND_SECTOR,H5,-0.04419322410171034,1,4133
生技醫療業,20220602,4127,0.10000000000000009,RAND_SECTOR,H10,-0.159456126125049,1,4133
生技醫療業,20220602,4127,0.10000000000000009,RAND_SECTOR,S7,-0.08782788126228447,1,4133
生技醫療業,20221005,4155,0.0661322645290583,F2,H1,0.0649145780748488,1,4743
生技醫療業,20221005,4155,0.0661322645290583,F2,H3,-0.0017688774782251837,1,4743
生技醫療業,20221005,4155,0.0661322645290583,F2,H5,-0.013893142124238644,1,4743
生技醫療業,20221005,4155,0.0661322645290583,F2,H10,-0.09270086232332608,1,4743
生技醫療業,20221005,4155,0.0661322645290583,F2,S7,-0.09270086232332608,1,4743
生技醫療業,20221005,4155,0.0661322645290583,RAND_SECTOR,H1,-0.021982390010088948,1,4116
生技醫療業,20221005,4155,0.0661322645290583,RAND_SECTOR,H3,-0.10217354452694671,1,4116
生技醫療業,20221005,4155,0.0661322645290583,RAND_SECTOR,H5,-0.133621056102185,1,4116
生技醫療業,20221005,4155,0.0661322645290583,RAND_SECTOR,H10,-0.16664094325618528,1,4116
生技醫療業,20221005,4155,0.0661322645290583,RAND_SECTOR,S7,-0.10217354452694671,1,4116
生技醫療業,20221111,1795,0.09935897435897445,F1,H1,-0.02529877371318201,1,1760
生技醫療業,20221111,1795,0.09935897435897445,F1,H3,0.03758517636983849,1,1760
生技醫療業,20221111,1795,0.09935897435897445,F1,H5,0.22274347383650994,1,1760
生技醫療業,20221111,1795,0.09935897435897445,F1,H10,0.14937886540631928,1,1760
生技醫療業,20221111,1795,0.09935897435897445,F1,S7,0.2541854488780202,1,1760
生技醫療業,20221111,1795,0.09935897435897445,F3,H1,-0.01340322181836795,5,"4133,4142,4114,4116,1760"
生技醫療業,20221111,1795,0.09935897435897445,F3,H3,0.011969188386164831,5,"4133,4142,4114,4116,1760"
生技醫療業,20221111,1795,0.09935897435897445,F3,H5,0.09694469424474653,5,"4133,4142,4114,4116,1760"
生技醫療業,20221111,1795,0.09935897435897445,F3,H10,0.04635540676320997,5,"4133,4142,4114,4116,1760"
生技醫療業,20221111,1795,0.09935897435897445,F3,S7,0.16101968757252444,5,"4133,4142,4114,4116,1760"
生技醫療業,20221111,1795,0.09935897435897445,F2,H1,-0.09578224498817445,1,3205
生技醫療業,20221111,1795,0.09935897435897445,F2,H3,-0.0750297063485591,1,3205
生技醫療業,20221111,1795,0.09935897435897445,F2,H5,-0.03451284519502351,1,3205
生技醫療業,20221111,1795,0.09935897435897445,F2,H10,-0.09479402886247867,1,3205
生技醫療業,20221111,1795,0.09935897435897445,F2,S7,-0.09578224498817445,1,3205
生技醫療業,20221111,1795,0.09935897435897445,RAND_SECTOR,H1,-0.0037591808400877502,1,4133
生技醫療業,20221111,1795,0.09935897435897445,RAND_SECTOR,H3,0.007099029722962946,1,4133
生技醫療業,20221111,1795,0.09935897435897445,RAND_SECTOR,H5,0.06681918781974239,1,4133
生技醫療業,20221111,1795,0.09935897435897445,RAND_SECTOR,H10,0.007099029722962946,1,4133
生技醫療業,20221111,1795,0.09935897435897445,RAND_SECTOR,S7,0.07767739838279342,1,4133
生技醫療業,20230116,3218,0.06331168831168821,F2,H1,0.0209654516557245,1,4153
生技醫療業,20230116,3218,0.06331168831168821,F2,H3,0.03929047258287843,1,4153
生技醫療業,20230116,3218,0.06331168831168821,F2,H5,0.07332265430473583,1,4153
生技醫療業,20230116,3218,0.06331168831168821,F2,H10,0.02881903205307612,1,4153
生技醫療業,20230116,3218,0.06331168831168821,F2,S7,0.06154228370870829,1,4153
生技醫療業,20230116,3218,0.06331168831168821,RAND_SECTOR,H1,-0.00783100980123197,1,4114
生技醫療業,20230116,3218,0.06331168831168821,RAND_SECTOR,H3,-0.06033829924945777,1,4114
生技醫療業,20230116,3218,0.06331168831168821,RAND_SECTOR,H5,-0.016582224709269622,1,4114
生技醫療業,20230116,3218,0.06331168831168821,RAND_SECTOR,H10,0.041394574056479616,1,4114
生技醫療業,20230116,3218,0.06331168831168821,RAND_SECTOR,S7,0.06655431691708791,1,4114
生技醫療業,20230925,6491,0.052989130434782705,F2,H1,-0.03263523455620121,1,6712
生技醫療業,20230925,6491,0.052989130434782705,F2,H3,-0.00038974237474120876,1,6712
生技醫療業,20230925,6491,0.052989130434782705,F2,H5,-0.017752699703219466,1,6712
生技醫療業,20230925,6491,0.052989130434782705,F2,H10,0.026894904855724766,1,6712
生技醫療業,20230925,6491,0.052989130434782705,F2,S7,-0.012791854752225773,1,6712
生技醫療業,20230925,6491,0.052989130434782705,RAND_SECTOR,H1,-0.02142236583135193,1,1720
生技醫療業,20230925,6491,0.052989130434782705,RAND_SECTOR,H3,-0.0017904071211787276,1,1720
生技醫療業,20230925,6491,0.052989130434782705,RAND_SECTOR,H5,-0.009341160471245447,1,1720
生技醫療業,20230925,6491,0.052989130434782705,RAND_SECTOR,H10,-0.06672688593175247,1,1720
生技醫療業,20230925,6491,0.052989130434782705,RAND_SECTOR,S7,-0.07276748861180604,1,1720
生技醫療業,20240918,4153,0.09908069458631252,F2,H1,-0.06170443913329182,1,1784
生技醫療業,20240918,4153,0.09908069458631252,F2,H3,-0.09762005868799828,1,1784
生技醫療業,20240918,4153,0.09908069458631252,F2,H5,-0.11647575895421913,1,1784
生技醫療業,20240918,4153,0.09908069458631252,F2,H10,-0.11108841602101327,1,1784
生技醫療業,20240918,4153,0.09908069458631252,F2,S7,-0.06170443913329182,1,1784
生技醫療業,20240918,4153,0.09908069458631252,RAND_SECTOR,H1,0.012839177494575749,1,4743
生技醫療業,20240918,4153,0.09908069458631252,RAND_SECTOR,H3,-0.0285011970970398,1,4743
生技醫療業,20240918,4153,0.09908069458631252,RAND_SECTOR,H5,-0.00783100980123197,1,4743
生技醫療業,20240918,4153,0.09908069458631252,RAND_SECTOR,H10,-0.018166103449135718,1,4743
生技醫療業,20240918,4153,0.09908069458631252,RAND_SECTOR,S7,-0.03883629074494355,1,4743
生技醫療業,20241125,4147,0.06382978723404253,F2,H1,-0.009146883793537897,1,6535
生技醫療業,20241125,4147,0.06382978723404253,F2,H3,-0.09073107131651359,1,6535
生技醫療業,20241125,4147,0.06382978723404253,F2,H5,-0.23021371450095585,1,6535
生技醫療業,20241125,4147,0.06382978723404253,F2,H10,-0.526285362769819,1,6535
生技醫療業,20241125,4147,0.06382978723404253,F2,S7,-0.23021371450095585,1,6535
生技醫療業,20241125,4147,0.06382978723404253,RAND_SECTOR,H1,-0.013394574232252987,1,6550
生技醫療業,20241125,4147,0.06382978723404253,RAND_SECTOR,H3,-0.05790308968042224,1,6550
生技醫療業,20241125,4147,0.06382978723404253,RAND_SECTOR,H5,-0.05790308968042224,1,6550
生技醫療業,20241125,4147,0.06382978723404253,RAND_SECTOR,H10,-0.06903021854246427,1,6550
生技醫療業,20241125,4147,0.06382978723404253,RAND_SECTOR,S7,-0.0875754333125347,1,6550
生技醫療業,20241230,1786,0.05509355509355496,F2,H1,0.03941513258918583,1,6535
生技醫療業,20241230,1786,0.05509355509355496,F2,H3,0.017939613320814063,1,6535
生技醫療業,20241230,1786,0.05509355509355496,F2,H5,0.028677372954999836,1,6535
生技醫療業,20241230,1786,0.05509355509355496,F2,H10,0.125317209662672,1,6535
生技醫療業,20241230,1786,0.05509355509355496,F2,S7,0.10813679424797473,1,6535
生技醫療業,20241230,1786,0.05509355509355496,RAND_SECTOR,H1,-0.008970124600541696,1,4743
生技醫療業,20241230,1786,0.05509355509355496,RAND_SECTOR,H3,-0.035169764984665175,1,4743
生技醫療業,20241230,1786,0.05509355509355496,RAND_SECTOR,H5,-0.00783100980123197,1,4743
生技醫療業,20241230,1786,0.05509355509355496,RAND_SECTOR,H10,-0.09668196414739016,1,4743
生技醫療業,20241230,1786,0.05509355509355496,RAND_SECTOR,S7,-0.11604691573565551,1,4743
生技醫療業,20250430,6547,0.09325396825396837,F1,H1,0.004728091340524765,1,4142
生技醫療業,20250430,6547,0.09325396825396837,F1,H3,-0.04550831322650162,1,4142
生技醫療業,20250430,6547,0.09325396825396837,F1,H5,-0.07313833573836603,1,4142
生技醫療業,20250430,6547,0.09325396825396837,F1,H10,-0.06560287505331208,1,4142
生技醫療業,20250430,6547,0.09325396825396837,F1,S7,-0.06057923459660952,1,4142
生技醫療業,20250430,6547,0.09325396825396837,F3,H1,0.0023260128480171688,14,"4167,4142,4746,4128,4105"
生技醫療業,20250430,6547,0.09325396825396837,F3,H3,-0.01182916843317912,14,"4167,4142,4746,4128,4105"
生技醫療業,20250430,6547,0.09325396825396837,F3,H5,0.009260309616750435,14,"4167,4142,4746,4128,4105"
生技醫療業,20250430,6547,0.09325396825396837,F3,H10,0.015776802398031038,14,"4167,4142,4746,4128,4105"
生技醫療業,20250430,6547,0.09325396825396837,F3,S7,0.013175041729173458,14,"4167,4142,4746,4128,4105"
生技醫療業,20250430,6547,0.09325396825396837,F2,H1,0.004728091340524765,1,4142
生技醫療業,20250430,6547,0.09325396825396837,F2,H3,-0.04550831322650162,1,4142
生技醫療業,20250430,6547,0.09325396825396837,F2,H5,-0.07313833573836603,1,4142
生技醫療業,20250430,6547,0.09325396825396837,F2,H10,-0.06560287505331208,1,4142
生技醫療業,20250430,6547,0.09325396825396837,F2,S7,-0.06057923459660952,1,4142
生技醫療業,20250430,6547,0.09325396825396837,RAND_SECTOR,H1,-0.0015987925261139457,1,4174
生技醫療業,20250430,6547,0.09325396825396837,RAND_SECTOR,H3,-0.022788331261514805,1,4174
生技醫療業,20250430,6547,0.09325396825396837,RAND_SECTOR,H5,-0.024034774716538476,1,4174
生技醫療業,20250430,6547,0.09325396825396837,RAND_SECTOR,H10,-0.07015318255241088,1,4174
生技醫療業,20250430,6547,0.09325396825396837,RAND_SECTOR,S7,-0.09009627783278806,1,4174
生技醫療業,20250710,6472,0.07515923566878979,F2,H1,-0.026944598053747604,1,6541
生技醫療業,20250710,6472,0.07515923566878979,F2,H3,-0.08081016494720072,1,6541
生技醫療業,20250710,6472,0.07515923566878979,F2,H5,-0.05721721400867197,1,6541
生技醫療業,20250710,6472,0.07515923566878979,F2,H10,-0.10637534810132965,1,6541
生技醫療業,20250710,6472,0.07515923566878979,F2,S7,-0.08254776387924789,1,6541
生技醫療業,20250710,6472,0.07515923566878979,RAND_SECTOR,H1,0.0010408440604561253,1,6885
生技醫療業,20250710,6472,0.07515923566878979,RAND_SECTOR,H3,-0.015224221352638567,1,6885
生技醫療業,20250710,6472,0.07515923566878979,RAND_SECTOR,H5,0.01286998254270677,1,6885
生技醫療業,20250710,6472,0.07515923566878979,RAND_SECTOR,H10,-0.012266936732075906,1,6885
生技醫療業,20250710,6472,0.07515923566878979,RAND_SECTOR,S7,-0.11872918307233105,1,6885
生技醫療業,20251110,4130,0.09170305676855905,F2,H1,-0.010187705739946318,1,4164
生技醫療業,20251110,4130,0.09170305676855905,F2,H3,-0.013722749648018007,1,4164
生技醫療業,20251110,4130,0.09170305676855905,F2,H5,-0.04553814482066254,1,4164
生技醫療業,20251110,4130,0.09170305676855905,F2,H10,-0.08088858390137865,1,4164
生技醫療業,20251110,4130,0.09170305676855905,F2,S7,-0.057321624514234726,1,4164
生技醫療業,20251110,4130,0.09170305676855905,RAND_SECTOR,H1,-0.017448156717536745,1,4743
生技醫療業,20251110,4130,0.09170305676855905,RAND_SECTOR,H3,-0.004625294162463489,1,4743
生技醫療業,20251110,4130,0.09170305676855905,RAND_SECTOR,H5,-0.033476734911377815,1,4743
生技醫療業,20251110,4130,0.09170305676855905,RAND_SECTOR,H10,-0.027065303633841187,1,4743
生技醫療業,20251110,4130,0.09170305676855905,RAND_SECTOR,S7,-0.07675389603474903,1,4743
生技醫療業,20260420,6861,0.09907120743034059,F2,H1,-0.030043748387771574,1,4164
生技醫療業,20260420,6861,0.09907120743034059,F2,H3,-0.09520111490828764,1,4164
生技醫療業,20260420,6861,0.09907120743034059,F2,H5,-0.11297130577751935,1,4164
生技醫療業,20260420,6861,0.09907120743034059,F2,H10,-0.12333725045123767,1,4164
生技醫療業,20260420,6861,0.09907120743034059,F2,S7,-0.09520111490828764,1,4164
生技醫療業,20260420,6861,0.09907120743034059,RAND_SECTOR,H1,-0.014051505037587786,1,4114
生技醫療業,20260420,6861,0.09907120743034059,RAND_SECTOR,H3,-0.02649249551029964,1,4114
生技醫療業,20260420,6861,0.09907120743034059,RAND_SECTOR,H5,-0.03737836217392254,1,4114
生技醫療業,20260420,6861,0.09907120743034059,RAND_SECTOR,H10,-0.03737836217392254,1,4114
生技醫療業,20260420,6861,0.09907120743034059,RAND_SECTOR,S7,-0.04670910502845638,1,4114
生技醫療業,20260727,6598,0.08303249097472931,F2,H1,-0.00783100980123197,1,6620
生技醫療業,20260727,6598,0.08303249097472931,F2,H3,0.10955872282751877,1,6620
生技醫療業,20260727,6598,0.08303249097472931,F2,H5,-0.043950927533155326,1,6620
生技醫療業,20260727,6598,0.08303249097472931,F2,H10,-0.11731951042612443,1,6620
生技醫療業,20260727,6598,0.08303249097472931,F2,S7,-0.11731951042612443,1,6620
生技醫療業,20260727,6598,0.08303249097472931,RAND_SECTOR,H1,-0.026272812593030603,1,4174
生技醫療業,20260727,6598,0.08303249097472931,RAND_SECTOR,H3,-0.06684477873498762,1,4174
生技醫療業,20260727,6598,0.08303249097472931,RAND_SECTOR,H5,-0.03364953370974999,1,4174
生技醫療業,20260727,6598,0.08303249097472931,RAND_SECTOR,H10,-0.02996117315139024,1,4174
生技醫療業,20260727,6598,0.08303249097472931,RAND_SECTOR,S7,-0.06684477873498762,1,4174
紡織纖維,20211007,4406,0.09821428571428581,F1,H1,-0.03123122183422178,1,1447
紡織纖維,20211007,4406,0.09821428571428581,F1,H3,-0.06399151868040753,1,1447
紡織纖維,20211007,4406,0.09821428571428581,F1,H5,-0.06586353564304648,1,1447
紡織纖維,20211007,4406,0.09821428571428581,F1,H10,-0.03123122183422178,1,1447
紡織纖維,20211007,4406,0.09821428571428581,F1,S7,-0.07990366286284045,1,1447
紡織纖維,20211007,4406,0.09821428571428581,F3,H1,-0.05079694534079726,2,"1440,1447"
紡織纖維,20211007,4406,0.09821428571428581,F3,H3,-0.0869787857951681,2,"1440,1447"
紡織纖維,20211007,4406,0.09821428571428581,F3,H5,-0.09416796018110168,2,"1440,1447"
紡織纖維,20211007,4406,0.09821428571428581,F3,H10,-0.030995253309519355,2,"1440,1447"
紡織纖維,20211007,4406,0.09821428571428581,F3,S7,-0.0886816919817705,2,"1440,1447"
紡織纖維,20211007,4406,0.09821428571428581,F2,H1,-0.0037563938250563256,1,1452
紡織纖維,20211007,4406,0.09821428571428581,F2,H3,-0.04653986157490053,1,1452
紡織纖維,20211007,4406,0.09821428571428581,F2,H5,-0.03635332163446148,1,1452
紡織纖維,20211007,4406,0.09821428571428581,F2,H10,-0.04653986157490053,1,1452
紡織纖維,20211007,4406,0.09821428571428581,F2,S7,-0.03635332163446148,1,1452
紡織纖維,20211007,4406,0.09821428571428581,RAND_SECTOR,H1,-0.024185443705607268,1,1455
紡織纖維,20211007,4406,0.09821428571428581,RAND_SECTOR,H3,-0.06234578948248293,1,1455
紡織纖維,20211007,4406,0.09821428571428581,RAND_SECTOR,H5,-0.0650715284665454,1,1455
紡織纖維,20211007,4406,0.09821428571428581,RAND_SECTOR,H10,-0.04326561659404493,1,1455
紡織纖維,20211007,4406,0.09821428571428581,RAND_SECTOR,S7,-0.06234578948248293,1,1455
紡織纖維,20211110,1414,0.0990990990990992,F1,H1,0.010542490017263484,1,1447
紡織纖維,20211110,1414,0.0990990990990992,F1,H3,-0.03998463448359957,1,1447
紡織纖維,20211110,1414,0.0990990990990992,F1,H5,-0.058358134302095244,1,1447
紡織纖維,20211110,1414,0.0990990990990992,F1,H10,-0.03998463448359957,1,1447
紡織纖維,20211110,1414,0.0990990990990992,F1,S7,-0.07213825916596694,1,1447
紡織纖維,20211110,1414,0.0990990990990992,F3,H1,0.0034189749069875675,7,"1440,1455,1444,1457,1447"
紡織纖維,20211110,1414,0.0990990990990992,F3,H3,-0.02289760027422957,7,"1440,1455,1444,1457,1447"
紡織纖維,20211110,1414,0.0990990990990992,F3,H5,-0.03420356151325991,7,"1440,1455,1444,1457,1447"
紡織纖維,20211110,1414,0.0990990990990992,F3,H10,-0.012179253541350552,7,"1440,1455,1444,1457,1447"
紡織纖維,20211110,1414,0.0990990990990992,F3,S7,-0.0422623613056,7,"1440,1455,1444,1457,1447"
紡織纖維,20211110,1414,0.0990990990990992,F2,H1,-0.039580417487592556,1,4406
紡織纖維,20211110,1414,0.0990990990990992,F2,H3,-0.06339247325236286,1,4406
紡織纖維,20211110,1414,0.0990990990990992,F2,H5,-0.05545512133077268,1,4406
紡織纖維,20211110,1414,0.0990990990990992,F2,H10,-0.07529850113474812,1,4406
紡織纖維,20211110,1414,0.0990990990990992,F2,S7,-0.08323585305633818,1,4406
紡織纖維,20211110,1414,0.0990990990990992,RAND_SECTOR,H1,-0.003609014098258312,1,1444
紡織纖維,20211110,1414,0.0990990990990992,RAND_SECTOR,H3,-0.033162984019072916,1,1444
紡織纖維,20211110,1414,0.0990990990990992,RAND_SECTOR,H5,-0.04160697542501979,1,1444
紡織纖維,20211110,1414,0.0990990990990992,RAND_SECTOR,H10,0.0006129816047151238,1,1444
紡織纖維,20211110,1414,0.0990990990990992,RAND_SECTOR,S7,-0.07538294104880772,1,1444
紡織纖維,20220511,1476,0.08369098712446355,F1,H1,0.026706518338598606,1,1477
紡織纖維,20220511,1476,0.08369098712446355,F1,H3,0.036125844194915935,1,1477
紡織纖維,20220511,1476,0.08369098712446355,F1,H5,0.036125844194915935,1,1477
紡織纖維,20220511,1476,0.08369098712446355,F1,H10,-0.010970785086671153,1,1477
紡織纖維,20220511,1476,0.08369098712446355,F1,S7,0.03298606890947697,1,1477
紡織纖維,20220511,1476,0.08369098712446355,F3,H1,0.026706518338598606,1,1477
紡織纖維,20220511,1476,0.08369098712446355,F3,H3,0.036125844194915935,1,1477
紡織纖維,20220511,1476,0.08369098712446355,F3,H5,0.036125844194915935,1,1477
紡織纖維,20220511,1476,0.08369098712446355,F3,H10,-0.010970785086671153,1,1477
紡織纖維,20220511,1476,0.08369098712446355,F3,S7,0.03298606890947697,1,1477
紡織纖維,20220511,1476,0.08369098712446355,F2,H1,-0.026819889996423485,1,1444
紡織纖維,20220511,1476,0.08369098712446355,F2,H3,-0.003083789752433841,1,1444
紡織纖維,20220511,1476,0.08369098712446355,F2,H5,-0.01732544989882767,1,1444
紡織纖維,20220511,1476,0.08369098712446355,F2,H10,0.04438841073554545,1,1444
紡織纖維,20220511,1476,0.08369098712446355,F2,S7,0.034893970637949634,1,1444
紡織纖維,20220511,1476,0.08369098712446355,RAND_SECTOR,H1,-0.00783100980123197,1,1440
紡織纖維,20220511,1476,0.08369098712446355,RAND_SECTOR,H3,0.031333555601351204,1,1440
紡織纖維,20220511,1476,0.08369098712446355,RAND_SECTOR,H5,0.01827870046715674,1,1440
紡織纖維,20220511,1476,0.08369098712446355,RAND_SECTOR,H10,0.03916646868186735,1,1440
紡織纖維,20220511,1476,0.08369098712446355,RAND_SECTOR,S7,0.07049812100393393,1,1440
紡織纖維,20220530,4433,0.09911242603550297,F2,H1,0.009665746249990947,1,1476
紡織纖維,20220530,4433,0.09911242603550297,F2,H3,0.033337827966351874,1,1476
紡織纖維,20220530,4433,0.09911242603550297,F2,H5,0.04774692118500612,1,1476
紡織纖維,20220530,4433,0.09911242603550297,F2,H10,-0.010918672633800752,1,1476
紡織纖維,20220530,4433,0.09911242603550297,F2,S7,-0.052087510401384485,1,1476
紡織纖維,20220530,4433,0.09911242603550297,RAND_SECTOR,H1,-0.0006152353270589828,1,1467
紡織纖維,20220530,4433,0.09911242603550297,RAND_SECTOR,H3,0.0029926519100273996,1,1467
紡織纖維,20220530,4433,0.09911242603550297,RAND_SECTOR,H5,0.01742420085837293,1,1467
紡織纖維,20220530,4433,0.09911242603550297,RAND_SECTOR,H10,0.010208426384200164,1,1467
紡織纖維,20220530,4433,0.09911242603550297,RAND_SECTOR,S7,-0.043909882172096126,1,1467
紡織纖維,20220713,4432,0.09893048128342263,F2,H1,0.010045908941088255,1,1455
紡織纖維,20220713,4432,0.09893048128342263,F2,H3,0.010045908941088255,1,1455
紡織纖維,20220713,4432,0.09893048128342263,F2,H5,0.014515138626668422,1,1455
紡織纖維,20220713,4432,0.09893048128342263,F2,H10,0.010045908941088255,1,1455
紡織纖維,20220713,4432,0.09893048128342263,F2,S7,-0.018812545600085606,1,1455
紡織纖維,20220713,4432,0.09893048128342263,RAND_SECTOR,H1,0.002649648545938188,1,1476
紡織纖維,20220713,4432,0.09893048128342263,RAND_SECTOR,H3,0.014294824487238067,1,1476
紡織纖維,20220713,4432,0.09893048128342263,RAND_SECTOR,H5,0.028269035616798277,1,1476
紡織纖維,20220713,4432,0.09893048128342263,RAND_SECTOR,H10,0.004978683734198075,1,1476
紡織纖維,20220713,4432,0.09893048128342263,RAND_SECTOR,S7,-0.012489080177751966,1,1476
紡織纖維,20220831,1449,0.09999999999999987,F2,H1,-0.03341179407891659,1,1451
紡織纖維,20220831,1449,0.09999999999999987,F2,H3,-0.03341179407891659,1,1451
紡織纖維,20220831,1449,0.09999999999999987,F2,H5,-0.07178297049544369,1,1451
紡織纖維,20220831,1449,0.09999999999999987,F2,H10,-0.07909176600335333,1,1451
紡織纖維,20220831,1449,0.09999999999999987,F2,S7,-0.07909176600335333,1,1451
紡織纖維,20220831,1449,0.09999999999999987,RAND_SECTOR,H1,-0.003662232531489229,1,1467
紡織纖維,20220831,1449,0.09999999999999987,RAND_SECTOR,H3,-0.00783100980123197,1,1467
紡織纖維,20220831,1449,0.09999999999999987,RAND_SECTOR,H5,-0.01616856434071734,1,1467
紡織纖維,20220831,1449,0.09999999999999987,RAND_SECTOR,H10,0.008844099277738993,1,1467
紡織纖維,20220831,1449,0.09999999999999987,RAND_SECTOR,S7,-0.02033734161046019,1,1467
紡織纖維,20221104,1477,0.07231920199501252,F1,H1,0.004918825353191547,1,1476
紡織纖維,20221104,1477,0.07231920199501252,F1,H3,-0.018262693109396544,1,1476
紡織纖維,20221104,1477,0.07231920199501252,F1,H5,0.04316833081646165,1,1476
紡織纖維,20221104,1477,0.07231920199501252,F1,H10,0.024623116046391225,1,1476
紡織纖維,20221104,1477,0.07231920199501252,F1,S7,0.07214522889469688,1,1476
紡織纖維,20221104,1477,0.07231920199501252,F3,H1,0.004918825353191547,1,1476
紡織纖維,20221104,1477,0.07231920199501252,F3,H3,-0.018262693109396544,1,1476
紡織纖維,20221104,1477,0.07231920199501252,F3,H5,0.04316833081646165,1,1476
紡織纖維,20221104,1477,0.07231920199501252,F3,H10,0.024623116046391225,1,1476
紡織纖維,20221104,1477,0.07231920199501252,F3,S7,0.07214522889469688,1,1476
紡織纖維,20221104,1477,0.07231920199501252,F2,H1,-0.012163625478955775,1,4402
紡織纖維,20221104,1477,0.07231920199501252,F2,H3,-0.05548978225619439,1,4402
紡織纖維,20221104,1477,0.07231920199501252,F2,H5,0.026829915620559364,1,4402
紡織纖維,20221104,1477,0.07231920199501252,F2,H10,0.00516683723193978,1,4402
紡織纖維,20221104,1477,0.07231920199501252,F2,S7,-0.025161472512127414,1,4402
紡織纖維,20221104,1477,0.07231920199501252,RAND_SECTOR,H1,-0.020828856834403386,1,1467
紡織纖維,20221104,1477,0.07231920199501252,RAND_SECTOR,H3,-0.020828856834403386,1,1467
紡織纖維,20221104,1477,0.07231920199501252,RAND_SECTOR,H5,0.0008342215542158637,1,1467
紡織纖維,20221104,1477,0.07231920199501252,RAND_SECTOR,H10,0.06582345672007417,1,1467
紡織纖維,20221104,1477,0.07231920199501252,RAND_SECTOR,S7,0.05282560968690264,1,1467
紡織纖維,20221214,4426,0.0546875,F1,H1,-0.009706565548299628,1,1434
紡織纖維,20221214,4426,0.0546875,F1,H3,-0.005955454054164311,1,1434
紡織纖維,20221214,4426,0.0546875,F1,H5,-0.009706565548299628,1,1434
紡織纖維,20221214,4426,0.0546875,F1,H10,-0.011582121295367287,1,1434
紡織纖維,20221214,4426,0.0546875,F1,S7,0.012800103416511721,1,1434
紡織纖維,20221214,4426,0.0546875,F3,H1,-0.01122031032932271,6,"1434,1440,1477,1444,4432"
紡織纖維,20221214,4426,0.0546875,F3,H3,-0.021836368903235686,6,"1434,1440,1477,1444,4432"
紡織纖維,20221214,4426,0.0546875,F3,H5,-0.017256516184706933,6,"1434,1440,1477,1444,4432"
紡織纖維,20221214,4426,0.0546875,F3,H10,-0.017215683622086215,6,"1434,1440,1477,1444,4432"
紡織纖維,20221214,4426,0.0546875,F3,S7,-0.029580769255162065,6,"1434,1440,1477,1444,4432"
紡織纖維,20221214,4426,0.0546875,F2,H1,-0.016534246557361465,1,4432
紡織纖維,20221214,4426,0.0546875,F2,H3,-0.08441949325517195,1,4432
紡織纖維,20221214,4426,0.0546875,F2,H5,-0.06701301974291285,1,4432
紡織纖維,20221214,4426,0.0546875,F2,H10,-0.02697813066471688,1,4432
紡織纖維,20221214,4426,0.0546875,F2,S7,-0.08441949325517195,1,4432
紡織纖維,20221214,4426,0.0546875,RAND_SECTOR,H1,-0.00783100980123197,1,1402
紡織纖維,20221214,4426,0.0546875,RAND_SECTOR,H3,-0.05348295720301577,1,1402
紡織纖維,20221214,4426,0.0546875,RAND_SECTOR,H5,-0.03826564140242106,1,1402
紡織纖維,20221214,4426,0.0546875,RAND_SECTOR,H10,-0.04130910456254011,1,1402
紡織纖維,20221214,4426,0.0546875,RAND_SECTOR,S7,-0.003265815061053723,1,1402
紡織纖維,20230614,1449,0.06682027649769573,F2,H1,0.04080472501243326,1,1445
紡織纖維,20230614,1449,0.06682027649769573,F2,H3,-0.017558156763964772,1,1445
紡織纖維,20230614,1449,0.06682027649769573,F2,H5,-0.02242173024533134,1,1445
紡織纖維,20230614,1449,0.06682027649769573,F2,H10,-0.012754040171123693,1,1445
紡織纖維,20230614,1449,0.06682027649769573,F2,S7,-0.06895863689405468,1,1445
紡織纖維,20230614,1449,0.06682027649769573,RAND_SECTOR,H1,0.025310334339019303,1,1476
紡織纖維,20230614,1449,0.06682027649769573,RAND_SECTOR,H3,0.02945300235655046,1,1476
紡織纖維,20230614,1449,0.06682027649769573,RAND_SECTOR,H5,0.04395234041791052,1,1476
紡織纖維,20230614,1449,0.06682027649769573,RAND_SECTOR,H10,0.037738338391613446,1,1476
紡織纖維,20230614,1449,0.06682027649769573,RAND_SECTOR,S7,0.015989331299573806,1,1476
紡織纖維,20230823,1477,0.05573248407643305,F2,H1,-0.0037978025240010815,1,1476
紡織纖維,20230823,1477,0.05573248407643305,F2,H3,-0.011864217078462636,1,1476
紡織纖維,20230823,1477,0.05573248407643305,F2,H5,-0.0017811988853858596,1,1476
紡織纖維,20230823,1477,0.05573248407643305,F2,H10,0.036534270248306244,1,1476
紡織纖維,20230823,1477,0.05573248407643305,F2,S7,0.008301819307691138,1,1476
紡織纖維,20230823,1477,0.05573248407643305,RAND_SECTOR,H1,-0.013062129257464528,1,1402
紡織纖維,20230823,1477,0.05573248407643305,RAND_SECTOR,H3,-0.016549542228286196,1,1402
紡織纖維,20230823,1477,0.05573248407643305,RAND_SECTOR,H5,-0.004343596830410301,1,1402
紡織纖維,20230823,1477,0.05573248407643305,RAND_SECTOR,H10,-0.00608730331582108,1,1402
紡織纖維,20230823,1477,0.05573248407643305,RAND_SECTOR,S7,0.018324587479930488,1,1402
紡織纖維,20231017,1476,0.051153460381143434,F2,H1,-0.009180899583815183,1,1477
紡織纖維,20231017,1476,0.051153460381143434,F2,H3,-0.03077913610514882,1,1477
紡織纖維,20231017,1476,0.051153460381143434,F2,H5,-0.018630128061898676,1,1477
紡織纖維,20231017,1476,0.051153460381143434,F2,H10,-0.017280238279315352,1,1477
紡織纖維,20231017,1476,0.051153460381143434,F2,S7,0.02591623476335214,1,1477
紡織纖維,20231017,1476,0.051153460381143434,RAND_SECTOR,H1,-0.009180899583815183,1,1477
紡織纖維,20231017,1476,0.051153460381143434,RAND_SECTOR,H3,-0.03077913610514882,1,1477
紡織纖維,20231017,1476,0.051153460381143434,RAND_SECTOR,H5,-0.018630128061898676,1,1477
紡織纖維,20231017,1476,0.051153460381143434,RAND_SECTOR,H10,-0.017280238279315352,1,1477
紡織纖維,20231017,1476,0.051153460381143434,RAND_SECTOR,S7,0.02591623476335214,1,1477
紡織纖維,20231220,1466,0.07638888888888884,F2,H1,-0.020660781226215952,1,1455
紡織纖維,20231220,1466,0.07638888888888884,F2,H3,-0.03776714312619478,1,1455
紡織纖維,20231220,1466,0.07638888888888884,F2,H5,-0.05915009550116823,1,1455
紡織纖維,20231220,1466,0.07638888888888884,F2,H10,-0.07625645740114695,1,1455
紡織纖維,20231220,1466,0.07638888888888884,F2,S7,-0.0976394097761204,1,1455
紡織纖維,20231220,1466,0.07638888888888884,RAND_SECTOR,H1,-0.016359683069416153,1,1477
紡織纖維,20231220,1466,0.07638888888888884,RAND_SECTOR,H3,-0.0433671484186664,1,1477
紡織纖維,20231220,1466,0.07638888888888884,RAND_SECTOR,H5,-0.020624019703508356,1,1477
紡織纖維,20231220,1466,0.07638888888888884,RAND_SECTOR,H10,0.017755010003320804,1,1477
紡織纖維,20231220,1466,0.07638888888888884,RAND_SECTOR,S7,-0.03199558406108727,1,1477
紡織纖維,20240105,4402,0.055762081784386686,F2,H1,-0.0016105145648759311,1,1440
紡織纖維,20240105,4402,0.055762081784386686,F2,H3,-0.023382247892121844,1,1440
紡織纖維,20240105,4402,0.055762081784386686,F2,H5,-0.02960274312847766,1,1440
紡織纖維,20240105,4402,0.055762081784386686,F2,H10,-0.066925714546613,1,1440
紡織纖維,20240105,4402,0.055762081784386686,F2,S7,-0.08247695263750277,1,1440
紡織纖維,20240105,4402,0.055762081784386686,RAND_SECTOR,H1,-0.0016105145648759311,1,1440
紡織纖維,20240105,4402,0.055762081784386686,RAND_SECTOR,H3,-0.023382247892121844,1,1440
紡織纖維,20240105,4402,0.055762081784386686,RAND_SECTOR,H5,-0.02960274312847766,1,1440
紡織纖維,20240105,4402,0.055762081784386686,RAND_SECTOR,H10,-0.066925714546613,1,1440
紡織纖維,20240105,4402,0.055762081784386686,RAND_SECTOR,S7,-0.08247695263750277,1,1440
紡織纖維,20240219,1455,0.10000000000000009,F1,H1,-0.00467123594709562,1,1409
紡織纖維,20240219,1455,0.10000000000000009,F1,H3,-0.00467123594709562,1,1409
紡織纖維,20240219,1455,0.10000000000000009,F1,H5,-0.014150557509504225,1,1409
紡織纖維,20240219,1455,0.10000000000000009,F1,H10,0.058524241135628374,1,1409
紡織纖維,20240219,1455,0.10000000000000009,F1,S7,0.011127633323585462,1,1409
紡織纖維,20240219,1455,0.10000000000000009,F3,H1,-0.008636144485218544,2,"1444,1409"
紡織纖維,20240219,1455,0.10000000000000009,F3,H3,-0.006251122874163795,2,"1444,1409"
紡織纖維,20240219,1455,0.10000000000000009,F3,H5,-0.02053087009958704,2,"1444,1409"
紡織纖維,20240219,1455,0.10000000000000009,F3,H10,0.008651464389815067,2,"1444,1409"
紡織纖維,20240219,1455,0.10000000000000009,F3,S7,-0.04986815503760539,2,"1444,1409"
紡織纖維,20240219,1455,0.10000000000000009,F2,H1,-0.05643871249108523,1,4402
紡織纖維,20240219,1455,0.10000000000000009,F2,H3,-0.0507201592334553,1,4402
紡織纖維,20240219,1455,0.10000000000000009,F2,H5,0.029339586373361648,1,4402
紡織纖維,20240219,1455,0.10000000000000009,F2,H10,0.10939933198017848,1,4402
紡織纖維,20240219,1455,0.10000000000000009,F2,S7,-0.030705222831751144,1,4402
紡織纖維,20240219,1455,0.10000000000000009,RAND_SECTOR,H1,-0.0011452349346635637,1,1477
紡織纖維,20240219,1455,0.10000000000000009,RAND_SECTOR,H3,0.004203384958591405,1,1477
紡織纖維,20240219,1455,0.10000000000000009,RAND_SECTOR,H5,0.002866229985277746,1,1477
紡織纖維,20240219,1455,0.10000000000000009,RAND_SECTOR,H10,-0.013179629694486827,1,1477
紡織纖維,20240219,1455,0.10000000000000009,RAND_SECTOR,S7,0.07507259854421777,1,1477
紡織纖維,20240408,4402,0.10000000000000009,F2,H1,-0.018806330489271494,1,1445
紡織纖維,20240408,4402,0.10000000000000009,F2,H3,-0.021001394626879333,1,1445
紡織纖維,20240408,4402,0.10000000000000009,F2,H5,-0.016611266351663656,1,1445
紡織纖維,20240408,4402,0.10000000000000009,F2,H10,-0.03197671531491875,1,1445
紡織纖維,20240408,4402,0.10000000000000009,F2,S7,0.009729503299631403,1,1445
紡織纖維,20240408,4402,0.10000000000000009,RAND_SECTOR,H1,0.027446109850279843,1,1467
紡織纖維,20240408,4402,0.10000000000000009,RAND_SECTOR,H3,0.04508466967603564,1,1467
紡織纖維,20240408,4402,0.10000000000000009,RAND_SECTOR,H5,-0.016650289714109867,1,1467
紡織纖維,20240408,4402,0.10000000000000009,RAND_SECTOR,H10,0.027446109850279843,1,1467
紡織纖維,20240408,4402,0.10000000000000009,RAND_SECTOR,S7,0.0318557498067189,1,1467
紡織纖維,20240530,1473,0.08998732572877044,F2,H1,0.049026811986663255,1,1440
紡織纖維,20240530,1473,0.08998732572877044,F2,H3,0.060398376344241944,1,1440
紡織纖維,20240530,1473,0.08998732572877044,F2,H5,0.017755010003320804,1,1440
紡織纖維,20240530,1473,0.08998732572877044,F2,H10,0.006383445645741892,1,1440
紡織纖維,20240530,1473,0.08998732572877044,F2,S7,-0.01920257415881088,1,1440
紡織纖維,20240530,1473,0.08998732572877044,RAND_SECTOR,H1,0.001200437443750424,1,1477
紡織纖維,20240530,1473,0.08998732572877044,RAND_SECTOR,H3,0.02055353868299803,1,1477
紡織纖維,20240530,1473,0.08998732572877044,RAND_SECTOR,H5,0.029584985927980423,1,1477
紡織纖維,20240530,1473,0.08998732572877044,RAND_SECTOR,H10,-0.00783100980123197,1,1477
紡織纖維,20240530,1473,0.08998732572877044,RAND_SECTOR,S7,0.10183656388783846,1,1477
紡織纖維,20240718,4402,0.056451612903225756,F2,H1,0.00316255241703689,1,1454
紡織纖維,20240718,4402,0.056451612903225756,F2,H3,-0.01882457201950094,1,1454
紡織纖維,20240718,4402,0.056451612903225756,F2,H5,-0.05180525867430752,1,1454
紡織纖維,20240718,4402,0.056451612903225756,F2,H10,0.08011748794491913,1,1454
紡織纖維,20240718,4402,0.056451612903225756,F2,S7,0.04988519184467988,1,1454
紡織纖維,20240718,4402,0.056451612903225756,RAND_SECTOR,H1,-0.03883629074494366,1,1474
紡織纖維,20240718,4402,0.056451612903225756,RAND_SECTOR,H3,-0.062951509256719,1,1474
紡織纖維,20240718,4402,0.056451612903225756,RAND_SECTOR,H5,-0.10084685263236648,1,1474
紡織纖維,20240718,4402,0.056451612903225756,RAND_SECTOR,H10,-0.11462697749623829,1,1474
紡織纖維,20240718,4402,0.056451612903225756,RAND_SECTOR,S7,-0.10084685263236648,1,1474
紡織纖維,20240923,6506,0.09844559585492219,F2,H1,-0.015020640164991272,1,4426
紡織纖維,20240923,6506,0.09844559585492219,F2,H3,-0.015020640164991272,1,4426
紡織纖維,20240923,6506,0.09844559585492219,F2,H5,0.013737881290045495,1,4426
紡織纖維,20240923,6506,0.09844559585492219,F2,H10,-0.015020640164991272,1,4426
紡織纖維,20240923,6506,0.09844559585492219,F2,S7,-0.04377916162002793,1,4426
紡織纖維,20240923,6506,0.09844559585492219,RAND_SECTOR,H1,-0.015020640164991272,1,4426
紡織纖維,20240923,6506,0.09844559585492219,RAND_SECTOR,H3,-0.015020640164991272,1,4426
紡織纖維,20240923,6506,0.09844559585492219,RAND_SECTOR,H5,0.013737881290045495,1,4426
紡織纖維,20240923,6506,0.09844559585492219,RAND_SECTOR,H10,-0.015020640164991272,1,4426
紡織纖維,20240923,6506,0.09844559585492219,RAND_SECTOR,S7,-0.04377916162002793,1,4426
紡織纖維,20241014,1464,0.05980066445182719,F1,H1,-0.014150557509504336,1,1409
紡織纖維,20241014,1464,0.05980066445182719,F1,H3,-0.00467123594709562,1,1409
紡織纖維,20241014,1464,0.05980066445182719,F1,H5,-0.00783100980123197,1,1409
紡織纖維,20241014,1464,0.05980066445182719,F1,H10,-0.017310331363640574,1,1409
紡織纖維,20241014,1464,0.05980066445182719,F1,S7,-0.029949426780185306,1,1409
紡織纖維,20241014,1464,0.05980066445182719,F3,H1,-0.01307234083889867,3,"1440,1455,1409"
紡織纖維,20241014,1464,0.05980066445182719,F3,H3,-0.004644055096737561,3,"1440,1455,1409"
紡織纖維,20241014,1464,0.05980066445182719,F3,H5,-0.011466384127037932,3,"1440,1455,1409"
紡織纖維,20241014,1464,0.05980066445182719,F3,H10,-0.017826703110847626,3,"1440,1455,1409"
紡織纖維,20241014,1464,0.05980066445182719,F3,S7,-0.04047952652444945,3,"1440,1455,1409"
紡織纖維,20241014,1464,0.05980066445182719,F2,H1,-0.005142204949744933,1,1477
紡織纖維,20241014,1464,0.05980066445182719,F2,H3,-0.021275034058667597,1,1477
紡織纖維,20241014,1464,0.05980066445182719,F2,H5,-0.021275034058667597,1,1477
紡織纖維,20241014,1464,0.05980066445182719,F2,H10,-0.07505113108841133,1,1477
紡織纖維,20241014,1464,0.05980066445182719,F2,S7,-0.07236232623692407,1,1477
紡織纖維,20241014,1464,0.05980066445182719,RAND_SECTOR,H1,-0.027961974819757818,1,1449
紡織纖維,20241014,1464,0.05980066445182719,RAND_SECTOR,H3,-0.019334418383246676,1,1449
紡織纖維,20241014,1464,0.05980066445182719,RAND_SECTOR,H5,-0.00783100980123197,1,1449
紡織纖維,20241014,1464,0.05980066445182719,RAND_SECTOR,H10,0.2653749440216171,1,1449
紡織纖維,20241014,1464,0.05980066445182719,RAND_SECTOR,S7,0.5759669757360142,1,1449
紡織纖維,20250210,1464,0.050561797752809,F2,H1,-0.014445469735890337,1,1409
紡織纖維,20250210,1464,0.050561797752809,F2,H3,-0.0012165498665734908,1,1409
紡織纖維,20250210,1464,0.050561797752809,F2,H5,-0.0012165498665734908,1,1409
紡織纖維,20250210,1464,0.050561797752809,F2,H10,0.005397910068084988,1,1409
紡織纖維,20250210,1464,0.050561797752809,F2,S7,-0.014445469735890337,1,1409
紡織纖維,20250210,1464,0.050561797752809,RAND_SECTOR,H1,-0.017340616736044367,1,1402
紡織纖維,20250210,1464,0.050561797752809,RAND_SECTOR,H3,-0.004661140822961207,1,1402
紡織纖維,20250210,1464,0.050561797752809,RAND_SECTOR,H5,0.008018335090122175,1,1402
紡織纖維,20250210,1464,0.050561797752809,RAND_SECTOR,H10,0.017527942024934795,1,1402
紡織纖維,20250210,1464,0.050561797752809,RAND_SECTOR,S7,0.05873623874245526,1,1402
紡織纖維,20250401,1459,0.10000000000000009,F2,H1,-0.1124271382860419,1,1449
紡織纖維,20250401,1459,0.10000000000000009,F2,H3,-0.2738040222340342,1,1449
紡織纖維,20250401,1459,0.10000000000000009,F2,H5,-0.234954031653962,1,1449
紡織纖維,20250401,1459,0.10000000000000009,F2,H10,-0.19311558026003806,1,1449
紡織纖維,20250401,1459,0.10000000000000009,F2,S7,-0.19909250188774152,1,1449
紡織纖維,20250401,1459,0.10000000000000009,RAND_SECTOR,H1,-0.14228888388281358,1,1476
紡織纖維,20250401,1459,0.10000000000000009,RAND_SECTOR,H3,-0.30493953801375917,1,1476
紡織纖維,20250401,1459,0.10000000000000009,RAND_SECTOR,H5,-0.27999977104701423,1,1476
紡織纖維,20250401,1459,0.10000000000000009,RAND_SECTOR,H10,-0.16722865084955862,1,1476
紡織纖維,20250401,1459,0.10000000000000009,RAND_SECTOR,S7,-0.22795156172511155,1,1476
紡織纖維,20250505,1440,0.09848484848484862,F1,H1,-0.011575043726510192,1,1409
紡織纖維,20250505,1440,0.09848484848484862,F1,H3,-0.015319077651788526,1,1409
紡織纖維,20250505,1440,0.09848484848484862,F1,H5,-0.004086975875953636,1,1409
紡織纖維,20250505,1440,0.09848484848484862,F1,H10,-0.00034294195067530175,1,1409
紡織纖維,20250505,1440,0.09848484848484862,F1,S7,-0.049015382979294086,1,1409
紡織纖維,20250505,1440,0.09848484848484862,F3,H1,0.0037925899442230737,8,"1449,1434,1476,1463,1446"
紡織纖維,20250505,1440,0.09848484848484862,F3,H3,0.0016645527474186267,8,"1449,1434,1476,1463,1446"
紡織纖維,20250505,1440,0.09848484848484862,F3,H5,0.02669953916326752,8,"1449,1434,1476,1463,1446"
紡織纖維,20250505,1440,0.09848484848484862,F3,H10,0.018827804359259237,8,"1449,1434,1476,1463,1446"
紡織纖維,20250505,1440,0.09848484848484862,F3,S7,-0.012473272337367294,8,"1449,1434,1476,1463,1446"
紡織纖維,20250505,1440,0.09848484848484862,F2,H1,-0.01199978707097471,1,1402
紡織纖維,20250505,1440,0.09848484848484862,F2,H3,-0.057856337038144634,1,1402
紡織纖維,20250505,1440,0.09848484848484862,F2,H5,-0.05924592946139218,1,1402
紡織纖維,20250505,1440,0.09848484848484862,F2,H10,-0.1023232945820669,1,1402
紡織纖維,20250505,1440,0.09848484848484862,F2,S7,-0.1023232945820669,1,1402
紡織纖維,20250505,1440,0.09848484848484862,RAND_SECTOR,H1,-0.01199978707097471,1,1402
紡織纖維,20250505,1440,0.09848484848484862,RAND_SECTOR,H3,-0.057856337038144634,1,1402
紡織纖維,20250505,1440,0.09848484848484862,RAND_SECTOR,H5,-0.05924592946139218,1,1402
紡織纖維,20250505,1440,0.09848484848484862,RAND_SECTOR,H10,-0.1023232945820669,1,1402
紡織纖維,20250505,1440,0.09848484848484862,RAND_SECTOR,S7,-0.1023232945820669,1,1402
紡織纖維,20250704,1476,0.08878504672897192,F1,H1,-0.01562801561811822,1,1477
紡織纖維,20250704,1476,0.08878504672897192,F1,H3,-0.019526518526561065,1,1477
紡織纖維,20250704,1476,0.08878504672897192,F1,H5,-0.02537427288922578,1,1477
紡織纖維,20250704,1476,0.08878504672897192,F1,H10,-0.00783100980123197,1,1477
紡織纖維,20250704,1476,0.08878504672897192,F1,S7,0.03505252219164201,1,1477
紡織纖維,20250704,1476,0.08878504672897192,F3,H1,-0.013622964981046759,2,"1477,1464"
紡織纖維,20250704,1476,0.08878504672897192,F3,H3,-0.02693293006349834,2,"1477,1464"
紡織纖維,20250704,1476,0.08878504672897192,F3,H5,-0.01849609361660054,2,"1477,1464"
紡織纖維,20250704,1476,0.08878504672897192,F3,H10,-0.0116179143439753,2,"1477,1464"
紡織纖維,20250704,1476,0.08878504672897192,F3,S7,0.024971469823435344,2,"1477,1464"
紡織纖維,20250704,1476,0.08878504672897192,F2,H1,-0.01562801561811822,1,1477
紡織纖維,20250704,1476,0.08878504672897192,F2,H3,-0.019526518526561065,1,1477
紡織纖維,20250704,1476,0.08878504672897192,F2,H5,-0.02537427288922578,1,1477
紡織纖維,20250704,1476,0.08878504672897192,F2,H10,-0.00783100980123197,1,1477
紡織纖維,20250704,1476,0.08878504672897192,F2,S7,0.03505252219164201,1,1477
紡織纖維,20250704,1476,0.08878504672897192,RAND_SECTOR,H1,-0.01562801561811822,1,1477
紡織纖維,20250704,1476,0.08878504672897192,RAND_SECTOR,H3,-0.019526518526561065,1,1477
紡織纖維,20250704,1476,0.08878504672897192,RAND_SECTOR,H5,-0.02537427288922578,1,1477
紡織纖維,20250704,1476,0.08878504672897192,RAND_SECTOR,H10,-0.00783100980123197,1,1477
紡織纖維,20250704,1476,0.08878504672897192,RAND_SECTOR,S7,0.03505252219164201,1,1477
紡織纖維,20250813,1409,0.09960159362549792,F2,H1,0.07721204650151958,1,1476
紡織纖維,20250813,1409,0.09960159362549792,F2,H3,0.05917261031608767,1,1476
紡織纖維,20250813,1409,0.09960159362549792,F2,H5,0.028247862569632298,1,1476
紡織纖維,20250813,1409,0.09960159362549792,F2,H10,0.05401848569167833,1,1476
紡織纖維,20250813,1409,0.09960159362549792,F2,S7,0.037267580662348365,1,1476
紡織纖維,20250813,1409,0.09960159362549792,RAND_SECTOR,H1,0.006922432432207026,1,1440
紡織纖維,20250813,1409,0.09960159362549792,RAND_SECTOR,H3,0.04011767745744477,1,1440
紡織纖維,20250813,1409,0.09960159362549792,RAND_SECTOR,H5,0.03274095634072527,1,1440
紡織纖維,20250813,1409,0.09960159362549792,RAND_SECTOR,H10,0.0032340718738472773,1,1440
紡織纖維,20250813,1409,0.09960159362549792,RAND_SECTOR,S7,0.006922432432207026,1,1440
紡織纖維,20250917,1476,0.05714285714285716,F2,H1,-0.017802557441420563,1,1477
紡織纖維,20250917,1476,0.05714285714285716,F2,H3,-0.022788331261514805,1,1477
紡織纖維,20250917,1476,0.05714285714285716,F2,H5,-0.017802557441420563,1,1477
紡織纖維,20250917,1476,0.05714285714285716,F2,H10,-0.09258916474283518,1,1477
紡織纖維,20250917,1476,0.05714285714285716,F2,S7,-0.0942510893495333,1,1477
紡織纖維,20250917,1476,0.05714285714285716,RAND_SECTOR,H1,-0.00783100980123197,1,1434
紡織纖維,20250917,1476,0.05714285714285716,RAND_SECTOR,H3,-0.017558156763964994,1,1434
紡織纖維,20250917,1476,0.05714285714285716,RAND_SECTOR,H5,-0.011073392122142978,1,1434
紡織纖維,20250917,1476,0.05714285714285716,RAND_SECTOR,H10,-0.017558156763964994,1,1434
紡織纖維,20250917,1476,0.05714285714285716,RAND_SECTOR,S7,0.0018961371615009437,1,1434
紡織纖維,20251107,1477,0.06306306306306309,F2,H1,-0.023490948767165065,1,1476
紡織纖維,20251107,1477,0.06306306306306309,F2,H3,-0.03579518652611269,1,1476
紡織纖維,20251107,1477,0.06306306306306309,F2,H5,0.014540331578672738,1,1476
紡織纖維,20251107,1477,0.06306306306306309,F2,H10,-0.05481082669903159,1,1476
紡織纖維,20251107,1477,0.06306306306306309,F2,S7,-0.06264079618199803,1,1476
紡織纖維,20251107,1477,0.06306306306306309,RAND_SECTOR,H1,-0.023490948767165065,1,1476
紡織纖維,20251107,1477,0.06306306306306309,RAND_SECTOR,H3,-0.03579518652611269,1,1476
紡織纖維,20251107,1477,0.06306306306306309,RAND_SECTOR,H5,0.014540331578672738,1,1476
紡織纖維,20251107,1477,0.06306306306306309,RAND_SECTOR,H10,-0.05481082669903159,1,1476
紡織纖維,20251107,1477,0.06306306306306309,RAND_SECTOR,S7,-0.06264079618199803,1,1476
紡織纖維,20260112,1449,0.09734513274336276,F2,H1,-0.012260335650333354,1,4414
紡織纖維,20260112,1449,0.09734513274336276,F2,H3,-0.016689661499435182,1,4414
紡織纖維,20260112,1449,0.09734513274336276,F2,H5,-0.03440696489584172,1,4414
紡織纖維,20260112,1449,0.09734513274336276,F2,H10,-0.052124268292248366,1,4414
紡織纖維,20260112,1449,0.09734513274336276,F2,S7,-0.08755887508506133,1,4414
紡織纖維,20260112,1449,0.09734513274336276,RAND_SECTOR,H1,-0.009587061111318351,1,1402
紡織纖維,20260112,1449,0.09734513274336276,RAND_SECTOR,H3,0.0009492467491996059,1,1402
紡織纖維,20260112,1449,0.09734513274336276,RAND_SECTOR,H5,0.0027052980592860987,1,1402
紡織纖維,20260112,1449,0.09734513274336276,RAND_SECTOR,H10,0.020265811160149028,1,1402
紡織纖維,20260112,1449,0.09734513274336276,RAND_SECTOR,S7,-0.006074958491145588,1,1402
紡織纖維,20260226,1466,0.09917355371900838,F2,H1,-0.07903931053320101,1,1402
紡織纖維,20260226,1466,0.09917355371900838,F2,H3,-0.10119300409425824,1,1402
紡織纖維,20260226,1466,0.09917355371900838,F2,H5,-0.09328097067959484,1,1402
紡織纖維,20260226,1466,0.09917355371900838,F2,H10,-0.12809391770411294,1,1402
紡織纖維,20260226,1466,0.09917355371900838,F2,S7,-0.07903931053320101,1,1402
紡織纖維,20260226,1466,0.09917355371900838,RAND_SECTOR,H1,-0.030234825708945978,1,1409
紡織纖維,20260226,1466,0.09917355371900838,RAND_SECTOR,H3,-0.05583918674633337,1,1409
紡織纖維,20260226,1466,0.09917355371900838,RAND_SECTOR,H5,-0.03663591596829274,1,1409
紡織纖維,20260226,1466,0.09917355371900838,RAND_SECTOR,H10,0.07858370869995102,1,1409
紡織纖維,20260226,1466,0.09917355371900838,RAND_SECTOR,S7,0.008171715847135275,1,1409
紡織纖維,20260318,1449,0.09677419354838723,F2,H1,-0.05858134178070851,1,1476
紡織纖維,20260318,1449,0.09677419354838723,F2,H3,-0.0966440907653161,1,1476
紡織纖維,20260318,1449,0.09677419354838723,F2,H5,-0.11694422355710676,1,1476
紡織纖維,20260318,1449,0.09677419354838723,F2,H10,-0.1588132474401749,1,1476
紡織纖維,20260318,1449,0.09677419354838723,F2,S7,-0.0966440907653161,1,1476
紡織纖維,20260318,1449,0.09677419354838723,RAND_SECTOR,H1,-0.00783100980123197,1,1434
紡織纖維,20260318,1449,0.09677419354838723,RAND_SECTOR,H3,-0.0226395021922583,1,1434
紡織纖維,20260318,1449,0.09677419354838723,RAND_SECTOR,H5,-0.025601200670463786,1,1434
紡織纖維,20260318,1449,0.09677419354838723,RAND_SECTOR,H10,-0.00783100980123197,1,1434
紡織纖維,20260318,1449,0.09677419354838723,RAND_SECTOR,S7,-0.004869311323026482,1,1434
紡織纖維,20260408,1449,0.09926470588235281,F2,H1,-0.004749739645335316,1,1409
紡織纖維,20260408,1449,0.09926470588235281,F2,H3,0.05379439331670399,1,1409
紡織纖維,20260408,1449,0.09926470588235281,F2,H5,0.04146931269311649,1,1409
紡織纖維,20260408,1449,0.09926470588235281,F2,H10,0.06920074409618793,1,1409
紡織纖維,20260408,1449,0.09926470588235281,F2,S7,0.03530677238132318,1,1409
紡織纖維,20260408,1449,0.09926470588235281,RAND_SECTOR,H1,-0.00783100980123197,1,1434
紡織纖維,20260408,1449,0.09926470588235281,RAND_SECTOR,H3,0.010208426384200386,1,1434
紡織纖維,20260408,1449,0.09926470588235281,RAND_SECTOR,H5,0.01321499908177226,1,1434
紡織纖維,20260408,1449,0.09926470588235281,RAND_SECTOR,H10,-0.016850727893948036,1,1434
紡織纖維,20260408,1449,0.09926470588235281,RAND_SECTOR,S7,-0.04090330947452425,1,1434
紡織纖維,20260527,1409,0.07082152974504252,F2,H1,-0.02409607521432644,1,1440
紡織纖維,20260527,1409,0.07082152974504252,F2,H3,0.05316298549787257,1,1440
紡織纖維,20260527,1409,0.07082152974504252,F2,H5,0.2849401676344703,1,1440
紡織纖維,20260527,1409,0.07082152974504252,F2,H10,0.06942805091096749,1,1440
紡織纖維,20260527,1409,0.07082152974504252,F2,S7,0.07349431726424105,1,1440
紡織纖維,20260527,1409,0.07082152974504252,RAND_SECTOR,H1,-0.00783100980123197,1,1464
紡織纖維,20260527,1409,0.07082152974504252,RAND_SECTOR,H3,0.021639356244276042,1,1464
紡織纖維,20260527,1409,0.07082152974504252,RAND_SECTOR,H5,0.04619799461553287,1,1464
紡織纖維,20260527,1409,0.07082152974504252,RAND_SECTOR,H10,0.016727628570024855,1,1464
紡織纖維,20260527,1409,0.07082152974504252,RAND_SECTOR,S7,0.001992445547270627,1,1464
紡織纖維,20260702,1466,0.0984615384615386,F2,H1,0.19975044559496435,1,1409
紡織纖維,20260702,1466,0.0984615384615386,F2,H3,0.1557713236889906,1,1409
紡織纖維,20260702,1466,0.0984615384615386,F2,H5,-0.0623651209646392,1,1409
紡織纖維,20260702,1466,0.0984615384615386,F2,H10,-0.14504587014786996,1,1409
紡織纖維,20260702,1466,0.0984615384615386,F2,S7,-0.10458507799437444,1,1409
紡織纖維,20260702,1466,0.0984615384615386,RAND_SECTOR,H1,0.026816161285074358,1,1476
紡織纖維,20260702,1466,0.0984615384615386,RAND_SECTOR,H3,0.07091256084946407,1,1476
紡織纖維,20260702,1466,0.0984615384615386,RAND_SECTOR,H5,0.05673871813233866,1,1476
紡織纖維,20260702,1466,0.0984615384615386,RAND_SECTOR,H10,0.06618794661042204,1,1476
紡織纖維,20260702,1466,0.0984615384615386,RAND_SECTOR,S7,0.08351153215357532,1,1476
紡織纖維,20260810,1440,0.06719367588932812,F1,H1,0.0006010212769447243,1,1434
紡織纖維,20260810,1440,0.06719367588932812,F1,H3,-0.00502033277517322,1,1434
紡織纖維,20260810,1440,0.06719367588932812,F1,H5,-0.010641686827290497,1,1434
紡織纖維,20260810,1440,0.06719367588932812,F1,H10,0.0006010212769447243,1,1434
紡織纖維,20260810,1440,0.06719367588932812,F1,S7,0.014654406407238918,1,1434
紡織纖維,20260810,1440,0.06719367588932812,F3,H1,0.0006010212769447243,1,1434
紡織纖維,20260810,1440,0.06719367588932812,F3,H3,-0.00502033277517322,1,1434
紡織纖維,20260810,1440,0.06719367588932812,F3,H5,-0.010641686827290497,1,1434
紡織纖維,20260810,1440,0.06719367588932812,F3,H10,0.0006010212769447243,1,1434
紡織纖維,20260810,1440,0.06719367588932812,F3,S7,0.014654406407238918,1,1434
紡織纖維,20260810,1440,0.06719367588932812,F2,H1,-0.025834076155644925,1,1409
紡織纖維,20260810,1440,0.06719367588932812,F2,H3,0.008171715847135275,1,1409
紡織纖維,20260810,1440,0.06719367588932812,F2,H5,-0.031835098273782725,1,1409
紡織纖維,20260810,1440,0.06719367588932812,F2,H10,-0.025834076155644925,1,1409
紡織纖維,20260810,1440,0.06719367588932812,F2,S7,0.014924431758776668,1,1409
紡織纖維,20260810,1440,0.06719367588932812,RAND_SECTOR,H1,0.01497747273207306,1,4442
紡織纖維,20260810,1440,0.06719367588932812,RAND_SECTOR,H3,0.016878179609848498,1,4442
紡織纖維,20260810,1440,0.06719367588932812,RAND_SECTOR,H5,-0.017334544190108825,1,4442
紡織纖維,20260810,1440,0.06719367588932812,RAND_SECTOR,H10,-0.026838078578986235,1,4442
紡織纖維,20260810,1440,0.06719367588932812,RAND_SECTOR,S7,0.005473938343196094,1,4442
綠能環保,20211005,3551,0.055964653902798256,F2,H1,-0.025797852682095113,1,8171
綠能環保,20211005,3551,0.055964653902798256,F2,H3,-0.07171311782207823,1,8171
綠能環保,20211005,3551,0.055964653902798256,F2,H5,-0.1635436481020447,1,8171
綠能環保,20211005,3551,0.055964653902798256,F2,H10,-0.13858969965640167,1,8171
綠能環保,20211005,3551,0.055964653902798256,F2,S7,-0.12361733058901592,1,8171
綠能環保,20211005,3551,0.055964653902798256,RAND_SECTOR,H1,-0.025797852682095113,1,8171
綠能環保,20211005,3551,0.055964653902798256,RAND_SECTOR,H3,-0.07171311782207823,1,8171
綠能環保,20211005,3551,0.055964653902798256,RAND_SECTOR,H5,-0.1635436481020447,1,8171
綠能環保,20211005,3551,0.055964653902798256,RAND_SECTOR,H10,-0.13858969965640167,1,8171
綠能環保,20211005,3551,0.055964653902798256,RAND_SECTOR,S7,-0.12361733058901592,1,8171
綠能環保,20211209,8171,0.05454545454545445,F2,H1,0.009324649971657273,1,3551
綠能環保,20211209,8171,0.05454545454545445,F2,H3,-0.009260648115639425,1,3551
綠能環保,20211209,8171,0.05454545454545445,F2,H5,-0.00783100980123197,1,3551
綠能環保,20211209,8171,0.05454545454545445,F2,H10,0.033628501316584014,1,3551
綠能環保,20211209,8171,0.05454545454545445,F2,S7,0.026480309744546737,1,3551
綠能環保,20211209,8171,0.05454545454545445,RAND_SECTOR,H1,-0.01340499289223629,1,3708
綠能環保,20211209,8171,0.05454545454545445,RAND_SECTOR,H3,-0.0178641793650397,1,3708
綠能環保,20211209,8171,0.05454545454545445,RAND_SECTOR,H5,-0.0011422300920269635,1,3708
綠能環保,20211209,8171,0.05454545454545445,RAND_SECTOR,H10,0.03899044816320418,1,3708
綠能環保,20211209,8171,0.05454545454545445,RAND_SECTOR,S7,0.027842481981195766,1,3708
綠能環保,20220209,8440,0.09865470852017921,F2,H1,-0.01734495902231592,1,3551
綠能環保,20220209,8440,0.09865470852017921,F2,H3,-0.02142236583135204,1,3551
綠能環保,20220209,8440,0.09865470852017921,F2,H5,-0.00783100980123197,1,3551
綠能環保,20220209,8440,0.09865470852017921,F2,H10,-0.020063230228340223,1,3551
綠能環保,20220209,8440,0.09865470852017921,F2,S7,-0.03909112867050801,1,3551
綠能環保,20220209,8440,0.09865470852017921,RAND_SECTOR,H1,0.01545934208136801,1,8422
綠能環保,20220209,8440,0.09865470852017921,RAND_SECTOR,H3,-0.014818115366011853,1,8422
綠能環保,20220209,8440,0.09865470852017921,RAND_SECTOR,H5,-0.0008439042364519755,1,8422
綠能環保,20220209,8440,0.09865470852017921,RAND_SECTOR,H10,-0.014818115366011853,1,8422
綠能環保,20220209,8440,0.09865470852017921,RAND_SECTOR,S7,-0.06838592469599247,1,8422
綠能環保,20220609,9955,0.09846827133479219,F2,H1,-0.0858816370302018,1,8440
綠能環保,20220609,9955,0.09846827133479219,F2,H3,-0.1070479088211087,1,8440
綠能環保,20220609,9955,0.09846827133479219,F2,H5,-0.1652551562461031,1,8440
綠能環保,20220609,9955,0.09846827133479219,F2,H10,-0.20361902386712216,1,8440
綠能環保,20220609,9955,0.09846827133479219,F2,S7,-0.10440212484724531,1,8440
綠能環保,20220609,9955,0.09846827133479219,RAND_SECTOR,H1,0.006548250926286414,1,8087
綠能環保,20220609,9955,0.09846827133479219,RAND_SECTOR,H3,-0.08280858359472054,1,8087
綠能環保,20220609,9955,0.09846827133479219,RAND_SECTOR,H5,-0.17216541811572772,1,8087
綠能環保,20220609,9955,0.09846827133479219,RAND_SECTOR,H10,-0.25741389242887225,1,8087
綠能環保,20220609,9955,0.09846827133479219,RAND_SECTOR,S7,-0.08280858359472054,1,8087
綠能環保,20220802,9955,0.0992366412213741,F2,H1,-0.01665589281443569,1,6806
綠能環保,20220802,9955,0.0992366412213741,F2,H3,-0.015395195241120985,1,6806
綠能環保,20220802,9955,0.0992366412213741,F2,H5,-0.011613102521176422,1,6806
綠能環保,20220802,9955,0.0992366412213741,F2,H10,0.07285363489091679,1,6806
綠能環保,20220802,9955,0.0992366412213741,F2,S7,0.10582265726484952,1,6806
綠能環保,20220802,9955,0.0992366412213741,RAND_SECTOR,H1,-0.01665589281443569,1,6806
綠能環保,20220802,9955,0.0992366412213741,RAND_SECTOR,H3,-0.015395195241120985,1,6806
綠能環保,20220802,9955,0.0992366412213741,RAND_SECTOR,H5,-0.011613102521176422,1,6806
綠能環保,20220802,9955,0.0992366412213741,RAND_SECTOR,H10,0.07285363489091679,1,6806
綠能環保,20220802,9955,0.0992366412213741,RAND_SECTOR,S7,0.10582265726484952,1,6806
綠能環保,20220914,8171,0.06608478802992512,F2,H1,-0.08992537069238293,1,9955
綠能環保,20220914,8171,0.06608478802992512,F2,H3,-0.06881539217751542,1,9955
綠能環保,20220914,8171,0.06608478802992512,F2,H5,-0.08523426435574566,1,9955
綠能環保,20220914,8171,0.06608478802992512,F2,H10,-0.1649830720785781,1,9955
綠能環保,20220914,8171,0.06608478802992512,F2,S7,-0.06881539217751542,1,9955
綠能環保,20220914,8171,0.06608478802992512,RAND_SECTOR,H1,-0.00011413987746355936,1,3708
綠能環保,20220914,8171,0.06608478802992512,RAND_SECTOR,H3,-0.030981619572536312,1,3708
綠能環保,20220914,8171,0.06608478802992512,RAND_SECTOR,H5,0.00098827011164615,1,3708
綠能環保,20220914,8171,0.06608478802992512,RAND_SECTOR,H10,0.07595214937110839,1,3708
綠能環保,20220914,8171,0.06608478802992512,RAND_SECTOR,S7,-0.0023189598556832003,1,3708
綠能環保,20221104,8440,0.09902370990237097,F2,H1,0.019576973353430338,1,3708
綠能環保,20221104,8440,0.09902370990237097,F2,H3,0.0020358641344464523,1,3708
綠能環保,20221104,8440,0.09902370990237097,F2,H5,-0.023179480367842897,1,3708
綠能環保,20221104,8440,0.09902370990237097,F2,H10,0.01409537672249761,1,3708
綠能環保,20221104,8440,0.09902370990237097,F2,S7,0.1346905026030112,1,3708
綠能環保,20221104,8440,0.09902370990237097,RAND_SECTOR,H1,0.019576973353430338,1,3708
綠能環保,20221104,8440,0.09902370990237097,RAND_SECTOR,H3,0.0020358641344464523,1,3708
綠能環保,20221104,8440,0.09902370990237097,RAND_SECTOR,H5,-0.023179480367842897,1,3708
綠能環保,20221104,8440,0.09902370990237097,RAND_SECTOR,H10,0.01409537672249761,1,3708
綠能環保,20221104,8440,0.09902370990237097,RAND_SECTOR,S7,0.1346905026030112,1,3708
綠能環保,20230208,8476,0.055152394775036306,F2,H1,0.010208426384200164,1,6806
綠能環保,20230208,8476,0.055152394775036306,F2,H3,0.06432673494049657,1,6806
綠能環保,20230208,8476,0.055152394775036306,F2,H5,0.08717668744204432,1,6806
綠能環保,20230208,8476,0.055152394775036306,F2,H10,0.04628729875506443,1,6806
綠能環保,20230208,8476,0.055152394775036306,F2,S7,0.011411055463228958,1,6806
綠能環保,20230208,8476,0.055152394775036306,RAND_SECTOR,H1,-0.026289967758418187,1,9955
綠能環保,20230208,8476,0.055152394775036306,RAND_SECTOR,H3,-0.03551944673701146,1,9955
綠能環保,20230208,8476,0.055152394775036306,RAND_SECTOR,H5,-0.03782681648165975,1,9955
綠能環保,20230208,8476,0.055152394775036306,RAND_SECTOR,H10,-0.0032162703119352765,1,9955
綠能環保,20230208,8476,0.055152394775036306,RAND_SECTOR,S7,-0.019367858524473425,1,9955
綠能環保,20230314,9955,0.09930715935334877,F1,H1,0.0025040838466718895,1,8390
綠能環保,20230314,9955,0.09930715935334877,F1,H3,0.043844458438287104,1,8390
綠能環保,20230314,9955,0.09930715935334877,F1,H5,0.024466157848467507,1,8390
綠能環保,20230314,9955,0.09930715935334877,F1,H10,-0.005247236389255838,1,8390
綠能環保,20230314,9955,0.09930715935334877,F1,S7,0.09810370008978264,1,8390
綠能環保,20230314,9955,0.09930715935334877,F3,H1,0.0025040838466718895,1,8390
綠能環保,20230314,9955,0.09930715935334877,F3,H3,0.043844458438287104,1,8390
綠能環保,20230314,9955,0.09930715935334877,F3,H5,0.024466157848467507,1,8390
綠能環保,20230314,9955,0.09930715935334877,F3,H10,-0.005247236389255838,1,8390
綠能環保,20230314,9955,0.09930715935334877,F3,S7,0.09810370008978264,1,8390
綠能環保,20230314,9955,0.09930715935334877,F2,H1,-0.016365796813694433,1,8440
綠能環保,20230314,9955,0.09930715935334877,F2,H3,0.011372260976808768,1,8440
綠能環保,20230314,9955,0.09930715935334877,F2,H5,0.041244015520427446,1,8440
綠能環保,20230314,9955,0.09930715935334877,F2,H10,-0.015298948437136528,1,8440
綠能環保,20230314,9955,0.09930715935334877,F2,S7,0.07751686032339333,1,8440
綠能環保,20230314,9955,0.09930715935334877,RAND_SECTOR,H1,-0.014851073411128679,1,6806
綠能環保,20230314,9955,0.09930715935334877,RAND_SECTOR,H3,-0.00783100980123197,1,6806
綠能環保,20230314,9955,0.09930715935334877,RAND_SECTOR,H5,0.0436494566713459,1,6806
綠能環保,20230314,9955,0.09930715935334877,RAND_SECTOR,H10,0.023759276443304334,1,6806
綠能環保,20230314,9955,0.09930715935334877,RAND_SECTOR,S7,0.2636114497814499,1,6806
綠能環保,20230411,6806,0.07734806629834257,F2,H1,0.016134424744632225,1,3708
綠能環保,20230411,6806,0.07734806629834257,F2,H3,0.040099859290495976,1,3708
綠能環保,20230411,6806,0.07734806629834257,F2,H5,0.03530677238132318,1,3708
綠能環保,20230411,6806,0.07734806629834257,F2,H10,-0.04521708769277988,1,3708
綠能環保,20230411,6806,0.07734806629834257,F2,S7,-0.08452040034799668,1,3708
綠能環保,20230411,6806,0.07734806629834257,RAND_SECTOR,H1,0.04069338410026857,1,8440
綠能環保,20230411,6806,0.07734806629834257,RAND_SECTOR,H3,0.042758251925864466,1,8440
綠能環保,20230411,6806,0.07734806629834257,RAND_SECTOR,H5,0.04895285540265171,1,8440
綠能環保,20230411,6806,0.07734806629834257,RAND_SECTOR,H10,-0.06667974283071132,1,8440
綠能環保,20230411,6806,0.07734806629834257,RAND_SECTOR,S7,-0.09352302456345651,1,8440
綠能環保,20230505,9955,0.0985130111524164,F2,H1,-0.061636269573399516,1,8390
綠能環保,20230505,9955,0.0985130111524164,F2,H3,-0.0272009033192121,1,8390
綠能環保,20230505,9955,0.0985130111524164,F2,H5,-0.054103533205295706,1,8390
綠能環保,20230505,9955,0.0985130111524164,F2,H10,-0.06809290074605967,1,8390
綠能環保,20230505,9955,0.0985130111524164,F2,S7,-0.06809290074605967,1,8390
綠能環保,20230505,9955,0.0985130111524164,RAND_SECTOR,H1,-0.00783100980123197,1,6806
綠能環保,20230505,9955,0.0985130111524164,RAND_SECTOR,H3,-0.016099084719555123,1,6806
綠能環保,20230505,9955,0.0985130111524164,RAND_SECTOR,H5,-0.0863777215253011,1,6806
綠能環保,20230505,9955,0.0985130111524164,RAND_SECTOR,H10,-0.12771809611691642,1,6806
綠能環保,20230505,9955,0.0985130111524164,RAND_SECTOR,S7,-0.09877983390278555,1,6806
綠能環保,20230704,6806,0.0625,F2,H1,-0.024697882634611035,1,8087
綠能環保,20230704,6806,0.0625,F2,H3,0.09337022719904264,1,8087
綠能環保,20230704,6806,0.0625,F2,H5,0.18861845025812407,1,8087
綠能環保,20230704,6806,0.0625,F2,H10,0.424754669925431,1,8087
綠能環保,20230704,6806,0.0625,F2,S7,0.13107264882659542,1,8087
綠能環保,20230704,6806,0.0625,RAND_SECTOR,H1,-0.015446341962845334,1,3708
綠能環保,20230704,6806,0.0625,RAND_SECTOR,H3,-0.012182628179296606,1,3708
綠能環保,20230704,6806,0.0625,RAND_SECTOR,H5,-0.01327053277381296,1,3708
綠能環保,20230704,6806,0.0625,RAND_SECTOR,H10,-0.020885864935426324,1,3708
綠能環保,20230704,6806,0.0625,RAND_SECTOR,S7,-0.032852815475104435,1,3708
綠能環保,20230926,5432,0.08747855917667247,F2,H1,-0.01244574929052844,1,6806
綠能環保,20230926,5432,0.08747855917667247,F2,H3,0.015242687645251163,1,6806
綠能環保,20230926,5432,0.08747855917667247,F2,H5,-0.017060488779825245,1,6806
綠能環保,20230926,5432,0.08747855917667247,F2,H10,-0.05859314418349437,1,6806
綠能環保,20230926,5432,0.08747855917667247,F2,S7,-0.09551106009786714,1,6806
綠能環保,20230926,5432,0.08747855917667247,RAND_SECTOR,H1,0.002190899190674944,1,8390
綠能環保,20230926,5432,0.08747855917667247,RAND_SECTOR,H3,0.002190899190674944,1,8390
綠能環保,20230926,5432,0.08747855917667247,RAND_SECTOR,H5,-0.005826628002850609,1,8390
綠能環保,20230926,5432,0.08747855917667247,RAND_SECTOR,H10,0.04227853515830193,1,8390
綠能環保,20230926,5432,0.08747855917667247,RAND_SECTOR,S7,0.018225953577725607,1,8390
綠能環保,20231127,5432,0.09903713892709765,F2,H1,0.03902707392478777,1,9955
綠能環保,20231127,5432,0.09903713892709765,F2,H3,0.01865399404390966,1,9955
綠能環保,20231127,5432,0.09903713892709765,F2,H5,0.07977323368654443,1,9955
綠能環保,20231127,5432,0.09903713892709765,F2,H10,-0.015980241753583257,1,9955
綠能環保,20231127,5432,0.09903713892709765,F2,S7,-0.01394293376549538,1,9955
綠能環保,20231127,5432,0.09903713892709765,RAND_SECTOR,H1,0.010028032022345812,1,8390
綠能環保,20231127,5432,0.09903713892709765,RAND_SECTOR,H3,-0.005846671820834426,1,8390
綠能環保,20231127,5432,0.09903713892709765,RAND_SECTOR,H5,0.07154250941466955,1,8390
綠能環保,20231127,5432,0.09903713892709765,RAND_SECTOR,H10,0.012012370002743467,1,8390
綠能環保,20231127,5432,0.09903713892709765,RAND_SECTOR,S7,0.00804369404194838,1,8390
綠能環保,20240122,5432,0.09876543209876543,F2,H1,0.02841260627908837,1,6806
綠能環保,20240122,5432,0.09876543209876543,F2,H3,0.014821250248968187,1,6806
綠能環保,20240122,5432,0.09876543209876543,F2,H5,0.0057603462288882135,1,6806
綠能環保,20240122,5432,0.09876543209876543,F2,H10,0.0012298942188482265,1,6806
綠能環保,20240122,5432,0.09876543209876543,F2,S7,0.3908487670822911,1,6806
綠能環保,20240122,5432,0.09876543209876543,RAND_SECTOR,H1,0.02841260627908837,1,6806
綠能環保,20240122,5432,0.09876543209876543,RAND_SECTOR,H3,0.014821250248968187,1,6806
綠能環保,20240122,5432,0.09876543209876543,RAND_SECTOR,H5,0.0057603462288882135,1,6806
綠能環保,20240122,5432,0.09876543209876543,RAND_SECTOR,H10,0.0012298942188482265,1,6806
綠能環保,20240122,5432,0.09876543209876543,RAND_SECTOR,S7,0.3908487670822911,1,6806
綠能環保,20240216,3708,0.0945273631840795,F2,H1,0.02537966769496136,1,6806
綠能環保,20240216,3708,0.0945273631840795,F2,H3,0.046136341130081915,1,6806
綠能環保,20240216,3708,0.0945273631840795,F2,H5,0.050287675817106026,1,6806
綠能環保,20240216,3708,0.0945273631840795,F2,H10,0.3035190917255781,1,6806
綠能環保,20240216,3708,0.0945273631840795,F2,S7,0.17897905111485413,1,6806
綠能環保,20240216,3708,0.0945273631840795,RAND_SECTOR,H1,-0.04090330947452425,1,6873
綠能環保,20240216,3708,0.0945273631840795,RAND_SECTOR,H3,-0.08900847263567657,1,6873
綠能環保,20240216,3708,0.0945273631840795,RAND_SECTOR,H5,-0.09802819072839275,1,6873
綠能環保,20240216,3708,0.0945273631840795,RAND_SECTOR,H10,-0.04390988217209624,1,6873
綠能環保,20240216,3708,0.0945273631840795,RAND_SECTOR,S7,-0.08900847263567657,1,6873
綠能環保,20240321,8473,0.0705445544554455,F2,H1,0.06389204973120921,1,3708
綠能環保,20240321,8473,0.0705445544554455,F2,H3,0.02803051996498862,1,3708
綠能環保,20240321,8473,0.0705445544554455,F2,H5,0.012092062291112704,1,3708
綠能環保,20240321,8473,0.0705445544554455,F2,H10,0.012092062291112704,1,3708
綠能環保,20240321,8473,0.0705445544554455,F2,S7,0.22327662646996704,1,3708
綠能環保,20240321,8473,0.0705445544554455,RAND_SECTOR,H1,0.006759710642867622,1,8171
綠能環保,20240321,8473,0.0705445544554455,RAND_SECTOR,H3,0.02378221782765033,1,8171
綠能環保,20240321,8473,0.0705445544554455,RAND_SECTOR,H5,0.020134537716625545,1,8171
綠能環保,20240321,8473,0.0705445544554455,RAND_SECTOR,H10,-0.011478689912256645,1,8171
綠能環保,20240321,8473,0.0705445544554455,RAND_SECTOR,S7,-0.051603171133530634,1,8171
綠能環保,20240517,5432,0.09841269841269851,F2,H1,0.12486028372079172,1,9955
綠能環保,20240517,5432,0.09841269841269851,F2,H3,0.08565603790746668,1,9955
綠能環保,20240517,5432,0.09841269841269851,F2,H5,0.0313732360120933,1,9955
綠能環保,20240517,5432,0.09841269841269851,F2,H10,-0.0017995873684125696,1,9955
綠能環保,20240517,5432,0.09841269841269851,F2,S7,-0.03949597757353285,1,9955
綠能環保,20240517,5432,0.09841269841269851,RAND_SECTOR,H1,0.0010673667924787633,1,9930
綠能環保,20240517,5432,0.09841269841269851,RAND_SECTOR,H3,-0.015246323629324321,1,9930
綠能環保,20240517,5432,0.09841269841269851,RAND_SECTOR,H5,-0.03600920234798333,1,9930
綠能環保,20240517,5432,0.09841269841269851,RAND_SECTOR,H10,-0.03156001405112785,1,9930
綠能環保,20240517,5432,0.09841269841269851,RAND_SECTOR,S7,-0.030076951285509246,1,9930
綠能環保,20240614,6806,0.05363984674329503,F2,H1,-0.02452616107861516,1,8473
綠能環保,20240614,6806,0.05363984674329503,F2,H3,0.050602019669608866,1,8473
綠能環保,20240614,6806,0.05363984674329503,F2,H5,0.04344695483644467,1,8473
綠能環保,20240614,6806,0.05363984674329503,F2,H10,0.032714357586698384,1,8473
綠能環保,20240614,6806,0.05363984674329503,F2,S7,0.1161901139736139,1,8473
綠能環保,20240614,6806,0.05363984674329503,RAND_SECTOR,H1,0.0006672256608561966,1,5432
綠能環保,20240614,6806,0.05363984674329503,RAND_SECTOR,H3,0.004916343391900169,1,5432
綠能環保,20240614,6806,0.05363984674329503,RAND_SECTOR,H5,0.04528296183681779,1,5432
綠能環保,20240614,6806,0.05363984674329503,RAND_SECTOR,H10,0.16850737603709298,1,5432
綠能環保,20240614,6806,0.05363984674329503,RAND_SECTOR,S7,0.24712332994793207,1,5432
綠能環保,20240815,3551,0.09547738693467345,F2,H1,-0.0352642537698612,1,6692
綠能環保,20240815,3551,0.09547738693467345,F2,H3,0.03217580431968625,1,6692
綠能環保,20240815,3551,0.09547738693467345,F2,H5,0.01731613050334513,1,6692
綠能環保,20240815,3551,0.09547738693467345,F2,H10,-0.039836461097966236,1,6692
綠能環保,20240815,3551,0.09547738693467345,F2,S7,-0.11070567468359283,1,6692
綠能環保,20240815,3551,0.09547738693467345,RAND_SECTOR,H1,0.025418621237600636,1,8390
綠能環保,20240815,3551,0.09547738693467345,RAND_SECTOR,H3,0.03738848841158049,1,8390
綠能環保,20240815,3551,0.09547738693467345,RAND_SECTOR,H5,-0.015810921250551724,1,8390
綠能環保,20240815,3551,0.09547738693467345,RAND_SECTOR,H10,-0.009160995042785114,1,8390
綠能環保,20240815,3551,0.09547738693467345,RAND_SECTOR,S7,-0.06901033091268405,1,8390
綠能環保,20240923,6873,0.10000000000000009,F2,H1,-0.06481368829237732,1,3073
綠能環保,20240923,6873,0.10000000000000009,F2,H3,-0.04023292502168718,1,3073
綠能環保,20240923,6873,0.10000000000000009,F2,H5,-0.05028869181424234,1,3073
綠能環保,20240923,6873,0.10000000000000009,F2,H10,-0.15196366716118792,1,3073
綠能環保,20240923,6873,0.10000000000000009,F2,S7,-0.06481368829237732,1,3073
綠能環保,20240923,6873,0.10000000000000009,RAND_SECTOR,H1,-0.032994716074389085,1,6806
綠能環保,20240923,6873,0.10000000000000009,RAND_SECTOR,H3,-0.004236194619352318,1,6806
綠能環保,20240923,6873,0.10000000000000009,RAND_SECTOR,H5,-0.022210270528750242,1,6806
綠能環保,20240923,6873,0.10000000000000009,RAND_SECTOR,H10,-0.1120806500757403,1,6806
綠能環保,20240923,6873,0.10000000000000009,RAND_SECTOR,S7,-0.07253768307506447,1,6806
綠能環保,20241127,8171,0.10000000000000009,F2,H1,-0.0004816098738338326,1,6873
綠能環保,20241127,8171,0.10000000000000009,F2,H3,0.019116789932561717,1,6873
綠能環保,20241127,8171,0.10000000000000009,F2,H5,0.04851438964215471,1,6873
綠能環保,20241127,8171,0.10000000000000009,F2,H10,0.08281158930334698,1,6873
綠能環保,20241127,8171,0.10000000000000009,F2,S7,0.019116789932561717,1,6873
綠能環保,20241127,8171,0.10000000000000009,RAND_SECTOR,H1,-0.02246956867301697,1,9955
綠能環保,20241127,8171,0.10000000000000009,RAND_SECTOR,H3,-0.04361415371003985,1,9955
綠能環保,20241127,8171,0.10000000000000009,RAND_SECTOR,H5,-0.037108127544802194,1,9955
綠能環保,20241127,8171,0.10000000000000009,RAND_SECTOR,H10,-0.015963542507779205,1,9955
綠能環保,20241127,8171,0.10000000000000009,RAND_SECTOR,S7,-0.07939729761884795,1,9955
綠能環保,20250114,3551,0.0984848484848484,F2,H1,-0.024937371701210798,1,6806
綠能環保,20250114,3551,0.0984848484848484,F2,H3,-0.03776714312619478,1,6806
綠能環保,20250114,3551,0.0984848484848484,F2,H5,-0.033490552651200156,1,6806
綠能環保,20250114,3551,0.0984848484848484,F2,H10,-0.0035544193262371238,1,6806
綠能環保,20250114,3551,0.0984848484848484,F2,S7,0.09904321567102858,1,6806
綠能環保,20250114,3551,0.0984848484848484,RAND_SECTOR,H1,-0.024937371701210798,1,6806
綠能環保,20250114,3551,0.0984848484848484,RAND_SECTOR,H3,-0.03776714312619478,1,6806
綠能環保,20250114,3551,0.0984848484848484,RAND_SECTOR,H5,-0.033490552651200156,1,6806
綠能環保,20250114,3551,0.0984848484848484,RAND_SECTOR,H10,-0.0035544193262371238,1,6806
綠能環保,20250114,3551,0.0984848484848484,RAND_SECTOR,S7,0.09904321567102858,1,6806
綠能環保,20250326,8171,0.0523627075351214,F2,H1,-0.0019601873740201503,1,8473
綠能環保,20250326,8171,0.0523627075351214,F2,H3,-0.06360382285974253,1,8473
綠能環保,20250326,8171,0.0523627075351214,F2,H5,-0.1546015704815229,1,8473
綠能環保,20250326,8171,0.0523627075351214,F2,H10,-0.1311182807726763,1,8473
綠能環保,20250326,8171,0.0523627075351214,F2,S7,-0.21918061718085102,1,8473
綠能環保,20250326,8171,0.0523627075351214,RAND_SECTOR,H1,-0.001004158951240508,1,6873
綠能環保,20250326,8171,0.0523627075351214,RAND_SECTOR,H3,-0.0839254773510657,1,6873
綠能環保,20250326,8171,0.0523627075351214,RAND_SECTOR,H5,-0.1633809206420449,1,6873
綠能環保,20250326,8171,0.0523627075351214,RAND_SECTOR,H10,-0.10262087577247248,1,6873
綠能環保,20250326,8171,0.0523627075351214,RAND_SECTOR,S7,-0.0839254773510657,1,6873
綠能環保,20250421,9955,0.09982486865148843,F1,H1,-0.019089665009161205,1,3708
綠能環保,20250421,9955,0.09982486865148843,F1,H3,0.045647602436432066,1,3708
綠能環保,20250421,9955,0.09982486865148843,F1,H5,0.04142560673345863,1,3708
綠能環保,20250421,9955,0.09982486865148843,F1,H10,0.08364556376319365,1,3708
綠能環保,20250421,9955,0.09982486865148843,F1,S7,0.1934174520405041,1,3708
綠能環保,20250421,9955,0.09982486865148843,F3,H1,0.006736554915480235,3,"6869,8473,3708"
綠能環保,20250421,9955,0.09982486865148843,F3,H3,0.03682335355759451,3,"6869,8473,3708"
綠能環保,20250421,9955,0.09982486865148843,F3,H5,0.047029431622723994,3,"6869,8473,3708"
綠能環保,20250421,9955,0.09982486865148843,F3,H10,0.13498704657410424,3,"6869,8473,3708"
綠能環保,20250421,9955,0.09982486865148843,F3,S7,0.2141435063416345,3,"6869,8473,3708"
綠能環保,20250421,9955,0.09982486865148843,F2,H1,-0.010657702081000586,1,8390
綠能環保,20250421,9955,0.09982486865148843,F2,H3,-0.05164474013764486,1,8390
綠能環保,20250421,9955,0.09982486865148843,F2,H5,-0.07425827837579324,1,8390
綠能環保,20250421,9955,0.09982486865148843,F2,H10,-0.07849831679544628,1,8390
綠能環保,20250421,9955,0.09982486865148843,F2,S7,-0.07425827837579324,1,8390
綠能環保,20250421,9955,0.09982486865148843,RAND_SECTOR,H1,-0.005163888859837651,1,8171
綠能環保,20250421,9955,0.09982486865148843,RAND_SECTOR,H3,-0.026500856390993754,1,8171
綠能環保,20250421,9955,0.09982486865148843,RAND_SECTOR,H5,-0.058506307687728354,1,8171
綠能環保,20250421,9955,0.09982486865148843,RAND_SECTOR,H10,-0.03983646109796635,1,8171
綠能環保,20250421,9955,0.09982486865148843,RAND_SECTOR,S7,-0.03050153780308562,1,8171
綠能環保,20250710,3708,0.09948979591836737,F2,H1,0.02218121943965623,1,9955
綠能環保,20250710,3708,0.09948979591836737,F2,H3,0.00805781744394407,1,9955
綠能環保,20250710,3708,0.09948979591836737,F2,H5,0.013354093192335936,1,9955
綠能環保,20250710,3708,0.09948979591836737,F2,H10,-0.004300159302303985,1,9955
綠能環保,20250710,3708,0.09948979591836737,F2,S7,0.03453919618590384,1,9955
綠能環保,20250710,3708,0.09948979591836737,RAND_SECTOR,H1,0.011465631823379452,1,8390
綠能環保,20250710,3708,0.09948979591836737,RAND_SECTOR,H3,0.017897845698249704,1,8390
綠能環保,20250710,3708,0.09948979591836737,RAND_SECTOR,H5,0.037194487322861125,1,8390
綠能環保,20250710,3708,0.09948979591836737,RAND_SECTOR,H10,0.030438591187781583,1,8390
綠能環保,20250710,3708,0.09948979591836737,RAND_SECTOR,S7,0.07058554928600702,1,8390
綠能環保,20250819,3551,0.07100591715976323,F2,H1,0.0001063421203582049,1,3708
綠能環保,20250819,3551,0.07100591715976323,F2,H3,0.23425822380726746,1,3708
綠能環保,20250819,3551,0.07100591715976323,F2,H5,0.09932324114023516,1,3708
綠能環保,20250819,3551,0.07100591715976323,F2,H10,0.004075018081153292,1,3708
綠能環保,20250819,3551,0.07100591715976323,F2,S7,-0.06736114921315817,1,3708
綠能環保,20250819,3551,0.07100591715976323,RAND_SECTOR,H1,0.0001063421203582049,1,3708
綠能環保,20250819,3551,0.07100591715976323,RAND_SECTOR,H3,0.23425822380726746,1,3708
綠能環保,20250819,3551,0.07100591715976323,RAND_SECTOR,H5,0.09932324114023516,1,3708
綠能環保,20250819,3551,0.07100591715976323,RAND_SECTOR,H10,0.004075018081153292,1,3708
綠能環保,20250819,3551,0.07100591715976323,RAND_SECTOR,S7,-0.06736114921315817,1,3708
綠能環保,20250916,6923,0.09615384615384626,F2,H1,-0.012260335650333576,1,8390
綠能環保,20250916,6923,0.09615384615384626,F2,H3,-0.012260335650333576,1,8390
綠能環保,20250916,6923,0.09615384615384626,F2,H5,0.00840985164547381,1,8390
綠能環保,20250916,6923,0.09615384615384626,F2,H10,0.020221387243078315,1,8390
綠能環保,20250916,6923,0.09615384615384626,F2,S7,0.023174271142479608,1,8390
綠能環保,20250916,6923,0.09615384615384626,RAND_SECTOR,H1,-0.033109200634321434,1,3551
綠能環保,20250916,6923,0.09615384615384626,RAND_SECTOR,H3,-0.020470105217776924,1,3551
綠能環保,20250916,6923,0.09615384615384626,RAND_SECTOR,H5,0.017447181031857717,1,3551
綠能環保,20250916,6923,0.09615384615384626,RAND_SECTOR,H10,0.039565598010811165,1,3551
綠能環保,20250916,6923,0.09615384615384626,RAND_SECTOR,S7,0.10592084894767129,1,3551
綠能環保,20251013,6806,0.09981851179673318,F1,H1,-0.003731137940906293,1,6869
綠能環保,20251013,6806,0.09981851179673318,F1,H3,0.01676822136072098,1,6869
綠能環保,20251013,6806,0.09981851179673318,F1,H5,0.020868093221046324,1,6869
綠能環保,20251013,6806,0.09981851179673318,F1,H10,-0.0242304972425339,1,6869
綠能環保,20251013,6806,0.09981851179673318,F1,S7,-0.09392831886806718,1,6869
綠能環保,20251013,6806,0.09981851179673318,F3,H1,-0.003731137940906293,1,6869
綠能環保,20251013,6806,0.09981851179673318,F3,H3,0.01676822136072098,1,6869
綠能環保,20251013,6806,0.09981851179673318,F3,H5,0.020868093221046324,1,6869
綠能環保,20251013,6806,0.09981851179673318,F3,H10,-0.0242304972425339,1,6869
綠能環保,20251013,6806,0.09981851179673318,F3,S7,-0.09392831886806718,1,6869
綠能環保,20251013,6806,0.09981851179673318,F2,H1,-0.051167126614511615,1,8473
綠能環保,20251013,6806,0.09981851179673318,F2,H3,-0.05344797486784214,1,8473
綠能環保,20251013,6806,0.09981851179673318,F2,H5,-0.02265652344788016,1,8473
綠能環保,20251013,6806,0.09981851179673318,F2,H10,-0.051167126614511615,1,8473
綠能環保,20251013,6806,0.09981851179673318,F2,S7,-0.06713306438782507,1,8473
綠能環保,20251013,6806,0.09981851179673318,RAND_SECTOR,H1,-0.01343648432212885,1,3551
綠能環保,20251013,6806,0.09981851179673318,RAND_SECTOR,H3,-0.005028272540783529,1,3551
綠能環保,20251013,6806,0.09981851179673318,RAND_SECTOR,H5,-0.01343648432212885,1,3551
綠能環保,20251013,6806,0.09981851179673318,RAND_SECTOR,H10,-0.021844696103474504,1,3551
綠能環保,20251013,6806,0.09981851179673318,RAND_SECTOR,S7,-0.11153228843782625,1,3551
綠能環保,20251112,3708,0.09913793103448265,F2,H1,-0.05352300277091204,1,8473
綠能環保,20251112,3708,0.09913793103448265,F2,H3,-0.06918882893194511,1,8473
綠能環保,20251112,3708,0.09913793103448265,F2,H5,-0.07310528547220352,1,8473
綠能環保,20251112,3708,0.09913793103448265,F2,H10,-0.05352300277091204,1,8473
綠能環保,20251112,3708,0.09913793103448265,F2,S7,-0.07571625649904223,1,8473
綠能環保,20251112,3708,0.09913793103448265,RAND_SECTOR,H1,0.0032828994576137305,1,6923
綠能環保,20251112,3708,0.09913793103448265,RAND_SECTOR,H3,0.015407164103627302,1,6923
綠能環保,20251112,3708,0.09913793103448265,RAND_SECTOR,H5,-0.009851720575567602,1,6923
綠能環保,20251112,3708,0.09913793103448265,RAND_SECTOR,H10,0.02551071797530513,1,6923
綠能環保,20251112,3708,0.09913793103448265,RAND_SECTOR,S7,0.02551071797530513,1,6923
綠能環保,20260226,8438,0.09984152139461178,F2,H1,-0.0024167179038308007,1,6944
綠能環保,20260226,8438,0.09984152139461178,F2,H3,-0.0660346476982947,1,6944
綠能環保,20260226,8438,0.09984152139461178,F2,H5,-0.06062035580089353,1,6944
綠能環保,20260226,8438,0.09984152139461178,F2,H10,0.07744408758283683,1,6944
綠能環保,20260226,8438,0.09984152139461178,F2,S7,-0.0660346476982947,1,6944
綠能環保,20260226,8438,0.09984152139461178,RAND_SECTOR,H1,0.042931124581030655,1,6869
綠能環保,20260226,8438,0.09984152139461178,RAND_SECTOR,H3,0.010627948155954359,1,6869
綠能環保,20260226,8438,0.09984152139461178,RAND_SECTOR,H5,-0.04474892571560474,1,6869
綠能環保,20260226,8438,0.09984152139461178,RAND_SECTOR,H10,-0.03551944673701146,1,6869
綠能環保,20260226,8438,0.09984152139461178,RAND_SECTOR,S7,-0.08074389373211821,1,6869
綠能環保,20260511,8390,0.09989373007438895,F1,H1,-0.08661082605406856,1,7610
綠能環保,20260511,8390,0.09989373007438895,F1,H3,0.09264179933282057,1,7610
綠能環保,20260511,8390,0.09989373007438895,F1,H5,0.1816972437925488,1,7610
綠能環保,20260511,8390,0.09989373007438895,F1,H10,0.48425740766213865,1,7610
綠能環保,20260511,8390,0.09989373007438895,F1,S7,-0.08661082605406856,1,7610
綠能環保,20260511,8390,0.09989373007438895,F3,H1,-0.08661082605406856,1,7610
綠能環保,20260511,8390,0.09989373007438895,F3,H3,0.09264179933282057,1,7610
綠能環保,20260511,8390,0.09989373007438895,F3,H5,0.1816972437925488,1,7610
綠能環保,20260511,8390,0.09989373007438895,F3,H10,0.48425740766213865,1,7610
綠能環保,20260511,8390,0.09989373007438895,F3,S7,-0.08661082605406856,1,7610
綠能環保,20260511,8390,0.09989373007438895,F2,H1,0.015172908318296097,1,8438
綠能環保,20260511,8390,0.09989373007438895,F2,H3,0.00017035302295176358,1,8438
綠能環保,20260511,8390,0.09989373007438895,F2,H5,-0.08084344557190748,1,8438
綠能環保,20260511,8390,0.09989373007438895,F2,H10,-0.07984327521888468,1,8438
綠能環保,20260511,8390,0.09989373007438895,F2,S7,-0.08084344557190748,1,8438
綠能環保,20260511,8390,0.09989373007438895,RAND_SECTOR,H1,-0.032129025887732476,1,3708
綠能環保,20260511,8390,0.09989373007438895,RAND_SECTOR,H3,-0.05642704197423287,1,3708
綠能環保,20260511,8390,0.09989373007438895,RAND_SECTOR,H5,-0.0685760500174829,1,3708
綠能環保,20260511,8390,0.09989373007438895,RAND_SECTOR,H10,0.016467006285268537,1,3708
綠能環保,20260511,8390,0.09989373007438895,RAND_SECTOR,S7,-0.09287406610398341,1,3708
綠能環保,20260715,3551,0.09223300970873782,F2,H1,-0.03203025346461652,1,6944
綠能環保,20260715,3551,0.09223300970873782,F2,H3,-0.05913340636760733,1,6944
綠能環保,20260715,3551,0.09223300970873782,F2,H5,0.008229874463225206,1,6944
綠能環保,20260715,3551,0.09223300970873782,F2,H10,-0.13507183358230956,1,6944
綠能環保,20260715,3551,0.09223300970873782,F2,S7,0.03509894472176267,1,6944
綠能環保,20260715,3551,0.09223300970873782,RAND_SECTOR,H1,-0.023355702393246802,1,6869
綠能環保,20260715,3551,0.09223300970873782,RAND_SECTOR,H3,-0.030412380844162534,1,6869
綠能環保,20260715,3551,0.09223300970873782,RAND_SECTOR,H5,-0.02758970946379602,1,6869
綠能環保,20260715,3551,0.09223300970873782,RAND_SECTOR,H10,-0.10380183673368737,1,6869
綠能環保,20260715,3551,0.09223300970873782,RAND_SECTOR,S7,-0.06851844447910815,1,6869
航運業,20211007,2606,0.09908536585365857,F1,H1,-0.04585839270083614,1,2601
航運業,20211007,2606,0.09908536585365857,F1,H3,-0.08734281040949565,1,2601
航運業,20211007,2606,0.09908536585365857,F1,H5,-0.08734281040949565,1,2601
航運業,20211007,2606,0.09908536585365857,F1,H10,-0.13574129773626475,1,2601
航運業,20211007,2606,0.09908536585365857,F1,S7,-0.0666006015551659,1,2601
航運業,20211007,2606,0.09908536585365857,F3,H1,-0.03539001937384683,7,"2611,2607,5603,2603,2208"
航運業,20211007,2606,0.09908536585365857,F3,H3,-0.06770767105034536,7,"2611,2607,5603,2603,2208"
航運業,20211007,2606,0.09908536585365857,F3,H5,-0.0584246361718147,7,"2611,2607,5603,2603,2208"
航運業,20211007,2606,0.09908536585365857,F3,H10,-0.049927349384372856,7,"2611,2607,5603,2603,2208"
航運業,20211007,2606,0.09908536585365857,F3,S7,0.02544555392659117,7,"2611,2607,5603,2603,2208"
航運業,20211007,2606,0.09908536585365857,F2,H1,-0.07547889549660236,1,2617
航運業,20211007,2606,0.09908536585365857,F2,H3,-0.1312587310699781,1,2617
航運業,20211007,2606,0.09908536585365857,F2,H5,-0.11939068094798322,1,2617
航運業,20211007,2606,0.09908536585365857,F2,H10,-0.18110454158235645,1,2617
航運業,20211007,2606,0.09908536585365857,F2,S7,-0.11226985087478647,1,2617
航運業,20211007,2606,0.09908536585365857,RAND_SECTOR,H1,-0.05779635463138577,1,2642
航運業,20211007,2606,0.09908536585365857,RAND_SECTOR,H3,-0.08777556152947796,1,2642
航運業,20211007,2606,0.09908536585365857,RAND_SECTOR,H5,-0.07207216744000111,1,2642
航運業,20211007,2606,0.09908536585365857,RAND_SECTOR,H10,-0.053513610788801236,1,2642
航運業,20211007,2606,0.09908536585365857,RAND_SECTOR,S7,-0.08777556152947796,1,2642
航運業,20211101,2610,0.05232558139534893,F2,H1,0.04715064708635719,1,2618
航運業,20211101,2610,0.05232558139534893,F2,H3,0.07963980797447823,1,2618
航運業,20211101,2610,0.05232558139534893,F2,H5,0.17710729063884045,1,2618
航運業,20211101,2610,0.05232558139534893,F2,H10,0.37454142218972897,1,2618
航運業,20211101,2610,0.05232558139534893,F2,S7,0.24958311108157183,1,2618
航運業,20211101,2610,0.05232558139534893,RAND_SECTOR,H1,0.011322831708396874,1,2601
航運業,20211101,2610,0.05232558139534893,RAND_SECTOR,H3,0.003661295104545381,1,2601
航運業,20211101,2610,0.05232558139534893,RAND_SECTOR,H5,0.030476673218025496,1,2601
航運業,20211101,2610,0.05232558139534893,RAND_SECTOR,H10,-0.015492546405083463,1,2601
航運業,20211101,2610,0.05232558139534893,RAND_SECTOR,S7,-0.015492546405083463,1,2601
航運業,20220107,2642,0.0998685939553221,F2,H1,0.05732080006172646,1,2608
航運業,20220107,2642,0.0998685939553221,F2,H3,-0.07856726050958684,1,2608
航運業,20220107,2642,0.0998685939553221,F2,H5,-0.08787466191858095,1,2608
航運業,20220107,2642,0.0998685939553221,F2,H10,-0.08415170135498318,1,2608
航運業,20220107,2642,0.0998685939553221,F2,S7,-0.08787466191858095,1,2608
航運業,20220107,2642,0.0998685939553221,RAND_SECTOR,H1,0.0026681329521944797,1,2611
航運業,20220107,2642,0.0998685939553221,RAND_SECTOR,H3,-0.041953223749866764,1,2611
航運業,20220107,2642,0.0998685939553221,RAND_SECTOR,H5,-0.05770193788000599,1,2611
航運業,20220107,2642,0.0998685939553221,RAND_SECTOR,H10,-0.09182415182864079,1,2611
航運業,20220107,2642,0.0998685939553221,RAND_SECTOR,S7,-0.09182415182864079,1,2611
航運業,20220215,2618,0.07388316151202745,F1,H1,0.013167275705620263,1,2610
航運業,20220215,2618,0.07388316151202745,F1,H3,0.09191084635631608,1,2610
航運業,20220215,2618,0.07388316151202745,F1,H5,0.0009182758266230717,1,2610
航運業,20220215,2618,0.07388316151202745,F1,H10,-0.013080581177945083,1,2610
航運業,20220215,2618,0.07388316151202745,F1,S7,-0.11282243733549313,1,2610
航運業,20220215,2618,0.07388316151202745,F3,H1,-0.004643800241269252,9,"2611,2603,2605,2610,2208"
航運業,20220215,2618,0.07388316151202745,F3,H3,0.05925617032476977,9,"2611,2603,2605,2610,2208"
航運業,20220215,2618,0.07388316151202745,F3,H5,0.030517359695402133,9,"2611,2603,2605,2610,2208"
航運業,20220215,2618,0.07388316151202745,F3,H10,0.08307177550518603,9,"2611,2603,2605,2610,2208"
航運業,20220215,2618,0.07388316151202745,F3,S7,0.05031285372752982,9,"2611,2603,2605,2610,2208"
航運業,20220215,2618,0.07388316151202745,F2,H1,0.013167275705620263,1,2610
航運業,20220215,2618,0.07388316151202745,F2,H3,0.09191084635631608,1,2610
航運業,20220215,2618,0.07388316151202745,F2,H5,0.0009182758266230717,1,2610
航運業,20220215,2618,0.07388316151202745,F2,H10,-0.013080581177945083,1,2610
航運業,20220215,2618,0.07388316151202745,F2,S7,-0.11282243733549313,1,2610
航運業,20220215,2618,0.07388316151202745,RAND_SECTOR,H1,-0.00415630983753279,1,2605
航運業,20220215,2618,0.07388316151202745,RAND_SECTOR,H3,0.03810273974500733,1,2605
航運業,20220215,2618,0.07388316151202745,RAND_SECTOR,H5,0.023403939890210612,1,2605
航運業,20220215,2618,0.07388316151202745,RAND_SECTOR,H10,0.03626538976315774,1,2605
航運業,20220215,2618,0.07388316151202745,RAND_SECTOR,S7,0.019729239926511433,1,2605
航運業,20220328,2642,0.09971509971509973,F2,H1,0.045999435411679945,1,5603
航運業,20220328,2642,0.09971509971509973,F2,H3,0.04388843756019334,1,5603
航運業,20220328,2642,0.09971509971509973,F2,H5,0.17160380757514115,1,5603
航運業,20220328,2642,0.09971509971509973,F2,H10,0.2117127667533889,1,5603
航運業,20220328,2642,0.09971509971509973,F2,S7,0.08505289566418472,1,5603
航運業,20220328,2642,0.09971509971509973,RAND_SECTOR,H1,-0.027674389605207406,1,2613
航運業,20220328,2642,0.09971509971509973,RAND_SECTOR,H3,-0.03476131096376989,1,2613
航運業,20220328,2642,0.09971509971509973,RAND_SECTOR,H5,0.13674218591344567,1,2613
航運業,20220328,2642,0.09971509971509973,RAND_SECTOR,H10,0.09138588921864477,1,2613
航運業,20220328,2642,0.09971509971509973,RAND_SECTOR,S7,0.03752528689356893,1,2613
航運業,20220523,2641,0.09981167608286245,F1,H1,-0.00783100980123197,1,5608
航運業,20220523,2641,0.09981167608286245,F1,H3,-0.010002057919828888,1,5608
航運業,20220523,2641,0.09981167608286245,F1,H5,-0.02085729851281304,1,5608
航運業,20220523,2641,0.09981167608286245,F1,H10,-0.01868625039421623,1,5608
航運業,20220523,2641,0.09981167608286245,F1,S7,-0.11204131949388163,1,5608
航運業,20220523,2641,0.09981167608286245,F3,H1,-0.012945477184768555,13,"2611,2607,5609,2605,2610"
航運業,20220523,2641,0.09981167608286245,F3,H3,-0.00019090246003542562,13,"2611,2607,5609,2605,2610"
航運業,20220523,2641,0.09981167608286245,F3,H5,0.00015094438346587344,13,"2611,2607,5609,2605,2610"
航運業,20220523,2641,0.09981167608286245,F3,H10,0.0024375949676743555,13,"2611,2607,5609,2605,2610"
航運業,20220523,2641,0.09981167608286245,F3,S7,-0.10341251147323363,13,"2611,2607,5609,2605,2610"
航運業,20220523,2641,0.09981167608286245,F2,H1,-0.01682347799034456,1,2615
航運業,20220523,2641,0.09981167608286245,F2,H3,-0.049795861350424575,1,2615
航運業,20220523,2641,0.09981167608286245,F2,H5,-0.04080339316131165,1,2615
航運業,20220523,2641,0.09981167608286245,F2,H10,-0.03780590376494086,1,2615
航運業,20220523,2641,0.09981167608286245,F2,S7,-0.13072807505243877,1,2615
航運業,20220523,2641,0.09981167608286245,RAND_SECTOR,H1,0.0002683288942681994,1,2637
航運業,20220523,2641,0.09981167608286245,RAND_SECTOR,H3,0.017479423622206003,1,2637
航運業,20220523,2641,0.09981167608286245,RAND_SECTOR,H5,-0.00783100980123197,1,2637
航運業,20220523,2641,0.09981167608286245,RAND_SECTOR,H10,0.07400605826788409,1,2637
航運業,20220523,2641,0.09981167608286245,RAND_SECTOR,S7,-0.054233471077534956,1,2637
航運業,20220617,2634,0.09928057553956848,F2,H1,-0.06594969541956985,1,2609
航運業,20220617,2634,0.09928057553956848,F2,H3,-0.16143039322112496,1,2609
航運業,20220617,2634,0.09928057553956848,F2,H5,-0.10462974311133633,1,2609
航運業,20220617,2634,0.09928057553956848,F2,H10,-0.1817629200726415,1,2609
航運業,20220617,2634,0.09928057553956848,F2,S7,-0.08670636885469052,1,2609
航運業,20220617,2634,0.09928057553956848,RAND_SECTOR,H1,-0.06666154287391524,1,2613
航運業,20220617,2634,0.09928057553956848,RAND_SECTOR,H3,-0.08097167254024373,1,2613
航運業,20220617,2634,0.09928057553956848,RAND_SECTOR,H5,-0.07779164372550407,1,2613
航運業,20220617,2634,0.09928057553956848,RAND_SECTOR,H10,-0.16683245053821405,1,2613
航運業,20220617,2634,0.09928057553956848,RAND_SECTOR,S7,-0.06666154287391524,1,2613
航運業,20220720,2605,0.051162790697674376,F1,H1,0.010068946207508978,1,2611
航運業,20220720,2605,0.051162790697674376,F1,H3,0.0381974485069585,1,2611
航運業,20220720,2605,0.051162790697674376,F1,H5,0.05354026794302191,1,2611
航運業,20220720,2605,0.051162790697674376,F1,H10,0.08403178230198538,1,2611
航運業,20220720,2605,0.051162790697674376,F1,S7,0.06335542678123907,1,2611
航運業,20220720,2605,0.051162790697674376,F3,H1,0.0009101705928718044,12,"2611,2607,2608,2610,2208"
航運業,20220720,2605,0.051162790697674376,F3,H3,-0.006285677755111833,12,"2611,2607,2608,2610,2208"
航運業,20220720,2605,0.051162790697674376,F3,H5,0.0061517799096320975,12,"2611,2607,2608,2610,2208"
航運業,20220720,2605,0.051162790697674376,F3,H10,-0.034609385475342654,12,"2611,2607,2608,2610,2208"
航運業,20220720,2605,0.051162790697674376,F3,S7,-0.009854095579817507,12,"2611,2607,2608,2610,2208"
航運業,20220720,2605,0.051162790697674376,F2,H1,-0.014847763621591126,1,2634
航運業,20220720,2605,0.051162790697674376,F2,H3,-0.013444412857519294,1,2634
航運業,20220720,2605,0.051162790697674376,F2,H5,0.011815900895773224,1,2634
航運業,20220720,2605,0.051162790697674376,F2,H10,0.03847956541313757,1,2634
航運業,20220720,2605,0.051162790697674376,F2,S7,-0.014847763621591126,1,2634
航運業,20220720,2605,0.051162790697674376,RAND_SECTOR,H1,-0.004438979065509607,1,2607
航運業,20220720,2605,0.051162790697674376,RAND_SECTOR,H3,-0.01970311737626007,1,2607
航運業,20220720,2605,0.051162790697674376,RAND_SECTOR,H5,-0.006134994433370733,1,2607
航運業,20220720,2605,0.051162790697674376,RAND_SECTOR,H10,0.01591320534882401,1,2607
航運業,20220720,2605,0.051162790697674376,RAND_SECTOR,S7,0.04135343586674112,1,2607
航運業,20220826,2610,0.0983213429256593,F1,H1,-0.02394746040344542,1,2601
航運業,20220826,2610,0.0983213429256593,F1,H3,-0.038049354680382064,1,2601
航運業,20220826,2610,0.0983213429256593,F1,H5,-0.062224030583702294,1,2601
航運業,20220826,2610,0.0983213429256593,F1,H10,-0.06121675242106406,1,2601
航運業,20220826,2610,0.0983213429256593,F1,S7,-0.07632592486063927,1,2601
航運業,20220826,2610,0.0983213429256593,F3,H1,-0.015254533644298124,11,"2607,5603,2605,2633,2208"
航運業,20220826,2610,0.0983213429256593,F3,H3,-0.026187535331692744,11,"2607,5603,2605,2633,2208"
航運業,20220826,2610,0.0983213429256593,F3,H5,-0.05395124937439651,11,"2607,5603,2605,2633,2208"
航運業,20220826,2610,0.0983213429256593,F3,H10,-0.03931791685633927,11,"2607,5603,2605,2633,2208"
航運業,20220826,2610,0.0983213429256593,F3,S7,-0.05991582014740387,11,"2607,5603,2605,2633,2208"
航運業,20220826,2610,0.0983213429256593,F2,H1,-0.004787546641113027,1,2618
航運業,20220826,2610,0.0983213429256593,F2,H3,0.022603621799957452,1,2618
航運業,20220826,2610,0.0983213429256593,F2,H5,-0.0002223519009345587,1,2618
航運業,20220826,2610,0.0983213429256593,F2,H10,0.0362992060204923,1,2618
航運業,20220826,2610,0.0983213429256593,F2,S7,-0.030656983502123758,1,2618
航運業,20220826,2610,0.0983213429256593,RAND_SECTOR,H1,-0.00620981864077641,1,2607
航運業,20220826,2610,0.0983213429256593,RAND_SECTOR,H3,-0.04025483301034205,1,2607
航運業,20220826,2610,0.0983213429256593,RAND_SECTOR,H5,-0.08240580318218504,1,2607
航運業,20220826,2610,0.0983213429256593,RAND_SECTOR,H10,-0.04025483301034205,1,2607
航運業,20220826,2610,0.0983213429256593,RAND_SECTOR,S7,-0.08240580318218504,1,2607
航運業,20221104,2208,0.10000000000000009,F1,H1,0.10207078603617004,1,2641
航運業,20221104,2208,0.10000000000000009,F1,H3,0.07459533707681976,1,2641
航運業,20221104,2208,0.10000000000000009,F1,H5,0.05933119876606918,1,2641
航運業,20221104,2208,0.10000000000000009,F1,H10,0.07459533707681976,1,2641
航運業,20221104,2208,0.10000000000000009,F1,S7,0.11733492434692061,1,2641
航運業,20221104,2208,0.10000000000000009,F3,H1,0.02313082604270737,9,"2611,2607,2605,2613,2617"
航運業,20221104,2208,0.10000000000000009,F3,H3,0.016677096884263283,9,"2611,2607,2605,2613,2617"
航運業,20221104,2208,0.10000000000000009,F3,H5,0.024021172005706352,9,"2611,2607,2605,2613,2617"
航運業,20221104,2208,0.10000000000000009,F3,H10,0.03475854037189577,9,"2611,2607,2605,2613,2617"
航運業,20221104,2208,0.10000000000000009,F3,S7,0.08970982254200593,9,"2611,2607,2605,2613,2617"
航運業,20221104,2208,0.10000000000000009,F2,H1,-0.006393083728480131,1,2636
航運業,20221104,2208,0.10000000000000009,F2,H3,0.022365437726556525,1,2636
航運業,20221104,2208,0.10000000000000009,F2,H5,0.03674469845407491,1,2636
航運業,20221104,2208,0.10000000000000009,F2,H10,0.03818262452682708,1,2636
航運業,20221104,2208,0.10000000000000009,F2,S7,0.13596159747395187,1,2636
航運業,20221104,2208,0.10000000000000009,RAND_SECTOR,H1,0.014870030351364472,1,2606
航運業,20221104,2208,0.10000000000000009,RAND_SECTOR,H3,0.022882162169927778,1,2606
航運業,20221104,2208,0.10000000000000009,RAND_SECTOR,H5,0.07496101899058982,1,2606
航運業,20221104,2208,0.10000000000000009,RAND_SECTOR,H10,0.13238129702362778,1,2606
航運業,20221104,2208,0.10000000000000009,RAND_SECTOR,S7,0.24989256369589086,1,2606
航運業,20221129,2208,0.09972299168975063,F1,H1,-0.0051348984148221755,1,2641
航運業,20221129,2208,0.09972299168975063,F1,H3,-0.013223232574051336,1,2641
航運業,20221129,2208,0.09972299168975063,F1,H5,-0.03209601227891912,1,2641
航運業,20221129,2208,0.09972299168975063,F1,H10,-0.037488235051738594,1,2641
航運業,20221129,2208,0.09972299168975063,F1,S7,0.019130104062865083,1,2641
航運業,20221129,2208,0.09972299168975063,F3,H1,0.012953126196705569,7,"2636,2605,2637,2615,2617"
航運業,20221129,2208,0.09972299168975063,F3,H3,-0.002934086365087677,7,"2636,2605,2637,2615,2617"
航運業,20221129,2208,0.09972299168975063,F3,H5,-0.043471962097877924,7,"2636,2605,2637,2615,2617"
航運業,20221129,2208,0.09972299168975063,F3,H10,-0.024366460511831826,7,"2636,2605,2637,2615,2617"
航運業,20221129,2208,0.09972299168975063,F3,S7,-0.009592711282516455,7,"2636,2605,2637,2615,2617"
航運業,20221129,2208,0.09972299168975063,F2,H1,0.006393635219539062,1,2618
航運業,20221129,2208,0.09972299168975063,F2,H3,-0.013165251684021162,1,2618
航運業,20221129,2208,0.09972299168975063,F2,H5,-0.013165251684021162,1,2618
航運業,20221129,2208,0.09972299168975063,F2,H10,-0.00783100980123197,1,2618
航運業,20221129,2208,0.09972299168975063,F2,S7,0.00461555459194285,1,2618
航運業,20221129,2208,0.09972299168975063,RAND_SECTOR,H1,0.003980525796372536,1,5608
航運業,20221129,2208,0.09972299168975063,RAND_SECTOR,H3,0.01579206139397682,1,5608
航運業,20221129,2208,0.09972299168975063,RAND_SECTOR,H5,-0.011768188333766472,1,5608
航運業,20221129,2208,0.09972299168975063,RAND_SECTOR,H10,0.003980525796372536,1,5608
航運業,20221129,2208,0.09972299168975063,RAND_SECTOR,S7,-0.0019252420024297168,1,5608
航運業,20230209,2607,0.05597014925373145,F1,H1,-0.047955491022505514,1,2611
航運業,20230209,2607,0.05597014925373145,F1,H3,-0.029717090467381135,1,2611
航運業,20230209,2607,0.05597014925373145,F1,H5,-0.02606941035635646,1,2611
航運業,20230209,2607,0.05597014925373145,F1,H10,0.1161901139736139,1,2611
航運業,20230209,2607,0.05597014925373145,F1,S7,0.017702750975942205,1,2611
航運業,20230209,2607,0.05597014925373145,F3,H1,-0.047955491022505514,1,2611
航運業,20230209,2607,0.05597014925373145,F3,H3,-0.029717090467381135,1,2611
航運業,20230209,2607,0.05597014925373145,F3,H5,-0.02606941035635646,1,2611
航運業,20230209,2607,0.05597014925373145,F3,H10,0.1161901139736139,1,2611
航運業,20230209,2607,0.05597014925373145,F3,S7,0.017702750975942205,1,2611
航運業,20230209,2607,0.05597014925373145,F2,H1,0.00531030132722865,1,2634
航運業,20230209,2607,0.05597014925373145,F2,H3,-0.011773403139770044,1,2634
航運業,20230209,2607,0.05597014925373145,F2,H5,-0.0025744853498477216,1,2634
航運業,20230209,2607,0.05597014925373145,F2,H10,0.030278792471303717,1,2634
航運業,20230209,2607,0.05597014925373145,F2,S7,0.02633639913276542,1,2634
航運業,20230209,2607,0.05597014925373145,RAND_SECTOR,H1,-0.047955491022505514,1,2611
航運業,20230209,2607,0.05597014925373145,RAND_SECTOR,H3,-0.029717090467381135,1,2611
航運業,20230209,2607,0.05597014925373145,RAND_SECTOR,H5,-0.02606941035635646,1,2611
航運業,20230209,2607,0.05597014925373145,RAND_SECTOR,H10,0.1161901139736139,1,2611
航運業,20230209,2607,0.05597014925373145,RAND_SECTOR,S7,0.017702750975942205,1,2611
航運業,20230410,2208,0.054824561403508776,F2,H1,0.040891574538886255,1,2634
航運業,20230410,2208,0.054824561403508776,F2,H3,0.21363528265385034,1,2634
航運業,20230410,2208,0.054824561403508776,F2,H5,0.28228983331492596,1,2634
航運業,20230410,2208,0.054824561403508776,F2,H10,0.24906988944666342,1,2634
航運業,20230410,2208,0.054824561403508776,F2,S7,0.21806460850295184,1,2634
航運業,20230410,2208,0.054824561403508776,RAND_SECTOR,H1,-0.0006413794374727777,1,2615
航運業,20230410,2208,0.054824561403508776,RAND_SECTOR,H3,-0.00783100980123197,1,2615
航運業,20230410,2208,0.054824561403508776,RAND_SECTOR,H5,0.020927511653804798,1,2615
航運業,20230410,2208,0.054824561403508776,RAND_SECTOR,H10,-0.056720496274794585,1,2615
航運業,20230410,2208,0.054824561403508776,RAND_SECTOR,S7,-0.08835486987533481,1,2615
航運業,20230505,2630,0.06518282988871227,F2,H1,-0.013297505614999205,1,5607
航運業,20230505,2630,0.06518282988871227,F2,H3,-0.07342895956643969,1,5607
航運業,20230505,2630,0.06518282988871227,F2,H5,-0.07069571165955613,1,5607
航運業,20230505,2630,0.06518282988871227,F2,H10,-0.07616220747332347,1,5607
航運業,20230505,2630,0.06518282988871227,F2,S7,-0.08982844700774173,1,5607
航運業,20230505,2630,0.06518282988871227,RAND_SECTOR,H1,-0.013353286184527469,1,2607
航運業,20230505,2630,0.06518282988871227,RAND_SECTOR,H3,-0.009671768595663655,1,2607
航運業,20230505,2630,0.06518282988871227,RAND_SECTOR,H5,-0.020716321362254875,1,2607
航運業,20230505,2630,0.06518282988871227,RAND_SECTOR,H10,0.005054301759791047,1,2607
航運業,20230505,2630,0.06518282988871227,RAND_SECTOR,S7,0.03082492488183708,1,2607
航運業,20230801,2612,0.0752427184466018,F1,H1,-0.019713273156905742,1,2641
航運業,20230801,2612,0.0752427184466018,F1,H3,-0.016742707317987215,1,2641
航運業,20230801,2612,0.0752427184466018,F1,H5,-0.04115814013804886,1,2641
航運業,20230801,2612,0.0752427184466018,F1,H10,-0.08011109069494071,1,2641
航運業,20230801,2612,0.0752427184466018,F1,S7,-0.08910023313114668,1,2641
航運業,20230801,2612,0.0752427184466018,F3,H1,-0.014826917356220123,6,"2607,2605,2615,5608,2641"
航運業,20230801,2612,0.0752427184466018,F3,H3,-0.015095919881363051,6,"2607,2605,2615,5608,2641"
航運業,20230801,2612,0.0752427184466018,F3,H5,-0.020664291826702468,6,"2607,2605,2615,5608,2641"
航運業,20230801,2612,0.0752427184466018,F3,H10,-0.061227006776735926,6,"2607,2605,2615,5608,2641"
航運業,20230801,2612,0.0752427184466018,F3,S7,-0.03720969998790761,6,"2607,2605,2615,5608,2641"
航運業,20230801,2612,0.0752427184466018,F2,H1,-0.010122393150420628,1,2606
航運業,20230801,2612,0.0752427184466018,F2,H3,-0.013559468174203948,1,2606
航運業,20230801,2612,0.0752427184466018,F2,H5,0.004771598619306872,1,2606
航運業,20230801,2612,0.0752427184466018,F2,H10,-0.025016384920148238,1,2606
航運業,20230801,2612,0.0752427184466018,F2,S7,0.04830788225389471,1,2606
航運業,20230801,2612,0.0752427184466018,RAND_SECTOR,H1,-0.01594138301811565,1,2636
航運業,20230801,2612,0.0752427184466018,RAND_SECTOR,H3,0.00027936341565193423,1,2636
航運業,20230801,2612,0.0752427184466018,RAND_SECTOR,H5,0.024610483066302757,1,2636
航運業,20230801,2612,0.0752427184466018,RAND_SECTOR,H10,-0.011886196409673921,1,2636
航運業,20230801,2612,0.0752427184466018,RAND_SECTOR,S7,0.00027936341565193423,1,2636
航運業,20230818,2606,0.09977578475336313,F1,H1,-0.004373974992176954,1,2607
航運業,20230818,2606,0.09977578475336313,F1,H3,-0.011288044610286763,1,2607
航運業,20230818,2606,0.09977578475336313,F1,H5,-0.03203025346461641,1,2607
航運業,20230818,2606,0.09977578475336313,F1,H10,-0.009559527205759366,1,2607
航運業,20230818,2606,0.09977578475336313,F1,S7,-0.0009169401831220503,1,2607
航運業,20230818,2606,0.09977578475336313,F3,H1,-0.004373974992176954,1,2607
航運業,20230818,2606,0.09977578475336313,F3,H3,-0.011288044610286763,1,2607
航運業,20230818,2606,0.09977578475336313,F3,H5,-0.03203025346461641,1,2607
航運業,20230818,2606,0.09977578475336313,F3,H10,-0.009559527205759366,1,2607
航運業,20230818,2606,0.09977578475336313,F3,S7,-0.0009169401831220503,1,2607
航運業,20230818,2606,0.09977578475336313,F2,H1,-0.05325561417177793,1,2605
航運業,20230818,2606,0.09977578475336313,F2,H3,-0.010221778452313424,1,2605
航運業,20230818,2606,0.09977578475336313,F2,H5,-0.05325561417177793,1,2605
航運業,20230818,2606,0.09977578475336313,F2,H10,-0.048474076869615135,1,2605
航運業,20230818,2606,0.09977578475336313,F2,S7,0.1475689525190571,1,2605
航運業,20230818,2606,0.09977578475336313,RAND_SECTOR,H1,-0.027477920498237274,1,2615
航運業,20230818,2606,0.09977578475336313,RAND_SECTOR,H3,-0.06087766868314637,1,2615
航運業,20230818,2606,0.09977578475336313,RAND_SECTOR,H5,-0.09624210793775578,1,2615
航運業,20230818,2606,0.09977578475336313,RAND_SECTOR,H10,-0.11097729096050968,1,2615
航運業,20230818,2606,0.09977578475336313,RAND_SECTOR,S7,-0.09820679900745644,1,2615
航運業,20230908,2630,0.09620596205962073,F2,H1,-0.042576227356830754,1,2645
航運業,20230908,2630,0.09620596205962073,F2,H3,-0.08890318409762943,1,2645
航運業,20230908,2630,0.09620596205962073,F2,H5,-0.12364840165322821,1,2645
航運業,20230908,2630,0.09620596205962073,F2,H10,-0.1776965178508264,1,2645
航運業,20230908,2630,0.09620596205962073,F2,S7,-0.1043455030112288,1,2645
航運業,20230908,2630,0.09620596205962073,RAND_SECTOR,H1,-0.014917931159794562,1,2617
航運業,20230908,2630,0.09620596205962073,RAND_SECTOR,H3,0.006342832915893437,1,2617
航運業,20230908,2630,0.09620596205962073,RAND_SECTOR,H5,0.03823397902942527,1,2617
航運業,20230908,2630,0.09620596205962073,RAND_SECTOR,H10,0.054179552086191185,1,2617
航運業,20230908,2630,0.09620596205962073,RAND_SECTOR,S7,0.034690518350143806,1,2617
航運業,20231114,2603,0.05069124423963123,F1,H1,0.0016520868792819776,1,2609
航運業,20231114,2603,0.05069124423963123,F1,H3,-0.009016396886296185,1,2609
航運業,20231114,2603,0.05069124423963123,F1,H5,-0.006645622716167865,1,2609
航運業,20231114,2603,0.05069124423963123,F1,H10,0.014691344814988572,1,2609
航運業,20231114,2603,0.05069124423963123,F1,S7,0.045511409026658844,1,2609
航運業,20231114,2603,0.05069124423963123,F3,H1,0.006523051220773346,3,"2609,2615,2641"
航運業,20231114,2603,0.05069124423963123,F3,H3,0.008488784171196398,3,"2609,2615,2641"
航運業,20231114,2603,0.05069124423963123,F3,H5,0.004124994039032548,3,"2609,2615,2641"
航運業,20231114,2603,0.05069124423963123,F3,H10,0.03907695408511613,3,"2609,2615,2641"
航運業,20231114,2603,0.05069124423963123,F3,S7,0.1445604188301323,3,"2609,2615,2641"
航運業,20231114,2603,0.05069124423963123,F2,H1,0.019932187273549395,1,2630
航運業,20231114,2603,0.05069124423963123,F2,H3,0.02869951266558579,1,2630
航運業,20231114,2603,0.05069124423963123,F2,H5,0.018470966374876774,1,2630
航運業,20231114,2603,0.05069124423963123,F2,H10,0.08860956951116661,1,2630
航運業,20231114,2603,0.05069124423963123,F2,S7,0.12806253377532983,1,2630
航運業,20231114,2603,0.05069124423963123,RAND_SECTOR,H1,0.019932187273549395,1,2630
航運業,20231114,2603,0.05069124423963123,RAND_SECTOR,H3,0.02869951266558579,1,2630
航運業,20231114,2603,0.05069124423963123,RAND_SECTOR,H5,0.018470966374876774,1,2630
航運業,20231114,2603,0.05069124423963123,RAND_SECTOR,H10,0.08860956951116661,1,2630
航運業,20231114,2603,0.05069124423963123,RAND_SECTOR,S7,0.12806253377532983,1,2630
航運業,20240219,5607,0.05263157894736836,F2,H1,0.04559347428639415,1,2605
航運業,20240219,5607,0.05263157894736836,F2,H3,0.03796140513101909,1,2605
航運業,20240219,5607,0.05263157894736836,F2,H5,0.03796140513101909,1,2605
航運業,20240219,5607,0.05263157894736836,F2,H10,0.032237353264487734,1,2605
航運業,20240219,5607,0.05263157894736836,F2,S7,-0.017371096245450857,1,2605
航運業,20240219,5607,0.05263157894736836,RAND_SECTOR,H1,0.005781064759422083,1,2607
航運業,20240219,5607,0.05263157894736836,RAND_SECTOR,H3,0.022418044777998913,1,2607
航運業,20240219,5607,0.05263157894736836,RAND_SECTOR,H5,-0.006318557072270137,1,2607
航運業,20240219,5607,0.05263157894736836,RAND_SECTOR,H10,0.008805970217345083,1,2607
航運業,20240219,5607,0.05263157894736836,RAND_SECTOR,S7,-0.04866723348319335,1,2607
航運業,20240807,2615,0.057788944723618174,F2,H1,0.01572973139082312,1,2641
航運業,20240807,2615,0.057788944723618174,F2,H3,0.005258290861021031,1,2641
航運業,20240807,2615,0.057788944723618174,F2,H5,-0.00521314966878117,1,2641
航運業,20240807,2615,0.057788944723618174,F2,H10,-0.01830245033103417,1,2641
航運業,20240807,2615,0.057788944723618174,F2,S7,-0.03400961112573775,1,2641
航運業,20240807,2615,0.057788944723618174,RAND_SECTOR,H1,0.0088909394717811,1,5608
航運業,20240807,2615,0.057788944723618174,RAND_SECTOR,H3,0.017251914108287192,1,5608
航運業,20240807,2615,0.057788944723618174,RAND_SECTOR,H5,0.0005299648352745656,1,5608
航運業,20240807,2615,0.057788944723618174,RAND_SECTOR,H10,-0.005044018255729754,1,5608
航運業,20240807,2615,0.057788944723618174,RAND_SECTOR,S7,-0.03291393371075135,1,5608
航運業,20240924,2615,0.09939393939393937,F1,H1,0.018089225066079795,1,2609
航運業,20240924,2615,0.09939393939393937,F1,H3,0.04976951212612768,1,2609
航運業,20240924,2615,0.09939393939393937,F1,H5,-0.07983166221043136,1,2609
航運業,20240924,2615,0.09939393939393937,F1,H10,-0.09279177964408736,1,2609
航運業,20240924,2615,0.09939393939393937,F1,S7,-0.08127167525861556,1,2609
航運業,20240924,2615,0.09939393939393937,F3,H1,0.0067285206742623655,9,"2607,2609,2603,2605,2637"
航運業,20240924,2615,0.09939393939393937,F3,H3,0.04847976955694807,9,"2607,2609,2603,2605,2637"
航運業,20240924,2615,0.09939393939393937,F3,H5,-0.01170592959952436,9,"2607,2609,2603,2605,2637"
航運業,20240924,2615,0.09939393939393937,F3,H10,-0.03622897404037696,9,"2607,2609,2603,2605,2637"
航運業,20240924,2615,0.09939393939393937,F3,S7,-0.018220581954509388,9,"2607,2609,2603,2605,2637"
航運業,20240924,2615,0.09939393939393937,F2,H1,-0.0051127385952078885,1,2613
航運業,20240924,2615,0.09939393939393937,F2,H3,0.03973873630418856,1,2613
航運業,20240924,2615,0.09939393939393937,F2,H5,-0.010549281007255829,1,2613
航運業,20240924,2615,0.09939393939393937,F2,H10,-0.14918111251448107,1,2613
航運業,20240924,2615,0.09939393939393937,F2,S7,-0.07578778995183244,1,2613
航運業,20240924,2615,0.09939393939393937,RAND_SECTOR,H1,-0.004000241499306223,1,6753
航運業,20240924,2615,0.09939393939393937,RAND_SECTOR,H3,-0.015492546405083463,1,6753
航運業,20240924,2615,0.09939393939393937,RAND_SECTOR,H5,-0.04996946112241529,1,6753
航運業,20240924,2615,0.09939393939393937,RAND_SECTOR,H10,-0.0921079124435984,1,6753
航運業,20240924,2615,0.09939393939393937,RAND_SECTOR,S7,-0.08061560753782104,1,6753
航運業,20241028,5603,0.08800000000000008,F1,H1,-0.027230962123554026,1,5608
航運業,20241028,5603,0.08800000000000008,F1,H3,0.01434036428142238,1,5608
航運業,20241028,5603,0.08800000000000008,F1,H5,0.003254677240095205,1,5608
航運業,20241028,5603,0.08800000000000008,F1,H10,0.07808306476905247,1,5608
航運業,20241028,5603,0.08800000000000008,F1,S7,0.04205458188473998,1,5608
航運業,20241028,5603,0.08800000000000008,F3,H1,-0.017930590494479204,4,"2607,2636,2610,5608"
航運業,20241028,5603,0.08800000000000008,F3,H3,0.005404491249268811,4,"2607,2636,2610,5608"
航運業,20241028,5603,0.08800000000000008,F3,H5,0.002876775153933725,4,"2607,2636,2610,5608"
航運業,20241028,5603,0.08800000000000008,F3,H10,0.01453472356884733,4,"2607,2636,2610,5608"
航運業,20241028,5603,0.08800000000000008,F3,S7,0.02750353591717075,4,"2607,2636,2610,5608"
航運業,20241028,5603,0.08800000000000008,F2,H1,-0.029167977332388073,1,2611
航運業,20241028,5603,0.08800000000000008,F2,H3,-0.003563616295000571,1,2611
航運業,20241028,5603,0.08800000000000008,F2,H5,0.013505957729924356,1,2611
航運業,20241028,5603,0.08800000000000008,F2,H10,0.0071048674705773696,1,2611
航運業,20241028,5603,0.08800000000000008,F2,S7,-0.016365796813694544,1,2611
航運業,20241028,5603,0.08800000000000008,RAND_SECTOR,H1,-0.01804785294973188,1,2636
航運業,20241028,5603,0.08800000000000008,RAND_SECTOR,H3,0.0001154237587124296,1,2636
航運業,20241028,5603,0.08800000000000008,RAND_SECTOR,H5,-0.0032901906241208367,1,2636
航運業,20241028,5603,0.08800000000000008,RAND_SECTOR,H10,-0.012371828978343102,1,2636
航運業,20241028,5603,0.08800000000000008,RAND_SECTOR,S7,-0.026560540682593947,1,2636
航運業,20241202,2630,0.08910891089108919,F1,H1,-0.00783100980123197,1,2634
航運業,20241202,2630,0.08910891089108919,F1,H3,-0.02699791074825353,1,2634
航運業,20241202,2630,0.08910891089108919,F1,H5,-0.023615516463485142,1,2634
航運業,20241202,2630,0.08910891089108919,F1,H10,-0.030380305033021915,1,2634
航運業,20241202,2630,0.08910891089108919,F1,S7,0.028247862569632298,1,2634
航運業,20241202,2630,0.08910891089108919,F3,H1,-0.00783100980123197,1,2634
航運業,20241202,2630,0.08910891089108919,F3,H3,-0.02699791074825353,1,2634
航運業,20241202,2630,0.08910891089108919,F3,H5,-0.023615516463485142,1,2634
航運業,20241202,2630,0.08910891089108919,F3,H10,-0.030380305033021915,1,2634
航運業,20241202,2630,0.08910891089108919,F3,S7,0.028247862569632298,1,2634
航運業,20241202,2630,0.08910891089108919,F2,H1,0.024027627498728332,1,2618
航運業,20241202,2630,0.08910891089108919,F2,H3,0.030854478348720127,1,2618
航運業,20241202,2630,0.08910891089108919,F2,H5,0.07636681734866335,1,2618
航運業,20241202,2630,0.08910891089108919,F2,H10,-0.005555392851234853,1,2618
航運業,20241202,2630,0.08910891089108919,F2,S7,0.03199228682371835,1,2618
航運業,20241202,2630,0.08910891089108919,RAND_SECTOR,H1,4.334726383792287e-05,1,2641
航運業,20241202,2630,0.08910891089108919,RAND_SECTOR,H3,-0.01570536686630153,1,2641
航運業,20241202,2630,0.08910891089108919,RAND_SECTOR,H5,0.010542490017263706,1,2641
航運業,20241202,2630,0.08910891089108919,RAND_SECTOR,H10,-0.041953223749866764,1,2641
航運業,20241202,2630,0.08910891089108919,RAND_SECTOR,S7,-0.05770193788000599,1,2641
航運業,20241230,2630,0.09984639016897079,F1,H1,-0.027413292502523445,1,2634
航運業,20241230,2630,0.09984639016897079,F1,H3,-0.021973769529942455,1,2634
航運業,20241230,2630,0.09984639016897079,F1,H5,-0.038292338447685315,1,2634
航運業,20241230,2630,0.09984639016897079,F1,H10,-0.03176491088058819,1,2634
航運業,20241230,2630,0.09984639016897079,F1,S7,-0.0023914868286510904,1,2634
航運業,20241230,2630,0.09984639016897079,F3,H1,-0.027413292502523445,1,2634
航運業,20241230,2630,0.09984639016897079,F3,H3,-0.021973769529942455,1,2634
航運業,20241230,2630,0.09984639016897079,F3,H5,-0.038292338447685315,1,2634
航運業,20241230,2630,0.09984639016897079,F3,H10,-0.03176491088058819,1,2634
航運業,20241230,2630,0.09984639016897079,F3,S7,-0.0023914868286510904,1,2634
航運業,20241230,2630,0.09984639016897079,F2,H1,-0.01966266726527166,1,2606
航運業,20241230,2630,0.09984639016897079,F2,H3,-0.034874798290465914,1,2606
航運業,20241230,2630,0.09984639016897079,F2,H5,-0.02642361438758023,1,2606
航運業,20241230,2630,0.09984639016897079,F2,H10,-0.0010700626789235113,1,2606
航運業,20241230,2630,0.09984639016897079,F2,S7,-0.02980408794873457,1,2606
航運業,20241230,2630,0.09984639016897079,RAND_SECTOR,H1,-0.02404292140578701,1,2208
航運業,20241230,2630,0.09984639016897079,RAND_SECTOR,H3,-0.030527686047609248,1,2208
航運業,20241230,2630,0.09984639016897079,RAND_SECTOR,H5,-0.011073392122143089,1,2208
航運業,20241230,2630,0.09984639016897079,RAND_SECTOR,H10,-0.049981979973075075,1,2208
航運業,20241230,2630,0.09984639016897079,RAND_SECTOR,S7,-0.017558156763964883,1,2208
航運業,20250212,2606,0.05574912891986061,F1,H1,0.07122628025444677,1,2605
航運業,20250212,2606,0.05574912891986061,F1,H3,0.0988963317739342,1,2605
航運業,20250212,2606,0.05574912891986061,F1,H5,0.08506130601419049,1,2605
航運業,20250212,2606,0.05574912891986061,F1,H10,0.10087276402532619,1,2605
航運業,20250212,2606,0.05574912891986061,F1,S7,0.0811084415114065,1,2605
航運業,20250212,2606,0.05574912891986061,F3,H1,0.0718581793721332,3,"2605,5608,2641"
航運業,20250212,2606,0.05574912891986061,F3,H3,0.10915350838115818,3,"2605,5608,2641"
航運業,20250212,2606,0.05574912891986061,F3,H5,0.10569980224113966,3,"2605,5608,2641"
航運業,20250212,2606,0.05574912891986061,F3,H10,0.21111707155262463,3,"2605,5608,2641"
航運業,20250212,2606,0.05574912891986061,F3,S7,0.15922780873952816,3,"2605,5608,2641"
航運業,20250212,2606,0.05574912891986061,F2,H1,0.06064691130144384,1,2637
航運業,20250212,2606,0.05574912891986061,F2,H3,0.16412465874548698,1,2637
航運業,20250212,2606,0.05574912891986061,F2,H5,0.12151617450382224,1,2637
航運業,20250212,2606,0.05574912891986061,F2,H10,0.23564604300828162,1,2637
航運業,20250212,2606,0.05574912891986061,F2,S7,0.186950632446379,1,2637
航運業,20250212,2606,0.05574912891986061,RAND_SECTOR,H1,-0.012305278077212822,1,2634
航運業,20250212,2606,0.05574912891986061,RAND_SECTOR,H3,-1.0403182653107024e-06,1,2634
航運業,20250212,2606,0.05574912891986061,RAND_SECTOR,H5,-0.013423845146208091,1,2634
航運業,20250212,2606,0.05574912891986061,RAND_SECTOR,H10,-0.011186711008217554,1,2634
航運業,20250212,2606,0.05574912891986061,RAND_SECTOR,S7,0.006710362095705857,1,2634
航運業,20250505,6757,0.09895227008148999,F1,H1,-0.002084857348343294,1,2646
航運業,20250505,6757,0.09895227008148999,F1,H3,-0.01740793055604628,1,2646
航運業,20250505,6757,0.09895227008148999,F1,H5,0.003661295104545381,1,2646
航運業,20250505,6757,0.09895227008148999,F1,H10,-0.009746393952194676,1,2646
航運業,20250505,6757,0.09895227008148999,F1,S7,-0.030815619612786338,1,2646
航運業,20250505,6757,0.09895227008148999,F3,H1,0.003014537719316257,3,"2607,2610,2646"
航運業,20250505,6757,0.09895227008148999,F3,H3,-0.012442672554823897,3,"2607,2610,2646"
航運業,20250505,6757,0.09895227008148999,F3,H5,0.0054855288904757105,3,"2607,2610,2646"
航運業,20250505,6757,0.09895227008148999,F3,H10,0.027366586749470085,3,"2607,2610,2646"
航運業,20250505,6757,0.09895227008148999,F3,S7,0.027872165113436893,3,"2607,2610,2646"
航運業,20250505,6757,0.09895227008148999,F2,H1,0.03520282591823265,1,2618
航運業,20250505,6757,0.09895227008148999,F2,H3,0.03759359456931377,1,2618
航運業,20250505,6757,0.09895227008148999,F2,H5,0.044765900522558244,1,2618
航運業,20250505,6757,0.09895227008148999,F2,H10,0.016076676709581683,1,2618
航運業,20250505,6757,0.09895227008148999,F2,S7,-0.012612547103394656,1,2618
航運業,20250505,6757,0.09895227008148999,RAND_SECTOR,H1,-0.00783100980123197,1,2611
航運業,20250505,6757,0.09895227008148999,RAND_SECTOR,H3,0.013842584644857547,1,2611
航運業,20250505,6757,0.09895227008148999,RAND_SECTOR,H5,0.045148887733653664,1,2611
航運業,20250505,6757,0.09895227008148999,RAND_SECTOR,H10,0.009026230323504247,1,2611
航運業,20250505,6757,0.09895227008148999,RAND_SECTOR,S7,-0.022280072765291536,1,2611
航運業,20250721,6753,0.05210420841683372,F2,H1,-0.022004852518357154,1,2645
航運業,20250721,6753,0.05210420841683372,F2,H3,0.001618218676851635,1,2645
航運業,20250721,6753,0.05210420841683372,F2,H5,0.05358897530631079,1,2645
航運業,20250721,6753,0.05210420841683372,F2,H10,0.2378489306289393,1,2645
航運業,20250721,6753,0.05210420841683372,F2,S7,0.738658039967365,1,2645
航運業,20250721,6753,0.05210420841683372,RAND_SECTOR,H1,-0.024878586952413517,1,2637
航運業,20250721,6753,0.05210420841683372,RAND_SECTOR,H3,0.05694978337325818,1,2637
航運業,20250721,6753,0.05210420841683372,RAND_SECTOR,H5,0.03308317536160388,1,2637
航運業,20250721,6753,0.05210420841683372,RAND_SECTOR,H10,-0.002716736655877461,1,2637
航運業,20250721,6753,0.05210420841683372,RAND_SECTOR,S7,0.10809251482680282,1,2637
航運業,20251014,2605,0.0997782705099779,F1,H1,-0.00783100980123197,1,2617
航運業,20251014,2605,0.0997782705099779,F1,H3,0.027730602750695166,1,2617
航運業,20251014,2605,0.0997782705099779,F1,H5,0.04373332839906263,1,2617
航運業,20251014,2605,0.0997782705099779,F1,H10,0.027730602750695166,1,2617
航運業,20251014,2605,0.0997782705099779,F1,S7,0.0632922153026223,1,2617
航運業,20251014,2605,0.0997782705099779,F3,H1,-0.00783100980123197,1,2617
航運業,20251014,2605,0.0997782705099779,F3,H3,0.027730602750695166,1,2617
航運業,20251014,2605,0.0997782705099779,F3,H5,0.04373332839906263,1,2617
航運業,20251014,2605,0.0997782705099779,F3,H10,0.027730602750695166,1,2617
航運業,20251014,2605,0.0997782705099779,F3,S7,0.0632922153026223,1,2617
航運業,20251014,2605,0.0997782705099779,F2,H1,-0.018868736515433415,1,2615
航運業,20251014,2605,0.0997782705099779,F2,H3,0.003206716912969476,1,2615
航運業,20251014,2605,0.0997782705099779,F2,H5,-0.03481211954705765,1,2615
航運業,20251014,2605,0.0997782705099779,F2,H10,-0.01273666611865465,1,2615
航運業,20251014,2605,0.0997782705099779,F2,S7,0.010565201389103773,1,2615
航運業,20251014,2605,0.0997782705099779,RAND_SECTOR,H1,-0.011062830616211716,1,2645
航運業,20251014,2605,0.0997782705099779,RAND_SECTOR,H3,-0.0013673681712725871,1,2645
航運業,20251014,2605,0.0997782705099779,RAND_SECTOR,H5,-0.00783100980123197,1,2645
航運業,20251014,2605,0.0997782705099779,RAND_SECTOR,H10,-0.04338103876600874,1,2645
航運業,20251014,2605,0.0997782705099779,RAND_SECTOR,S7,-0.07246742610082602,1,2645
航運業,20251030,2612,0.09945750452079571,F1,H1,-0.03730137584673987,1,2605
航運業,20251030,2612,0.09945750452079571,F1,H3,-0.08838334365895373,1,2605
航運業,20251030,2612,0.09945750452079571,F1,H5,-0.06480705082254734,1,2605
航運業,20251030,2612,0.09945750452079571,F1,H10,-0.0824892704498521,1,2605
航運業,20251030,2612,0.09945750452079571,F1,S7,-0.08838334365895373,1,2605
航運業,20251030,2612,0.09945750452079571,F3,H1,-0.028191492718654437,6,"2603,2605,2637,2617,2641"
航運業,20251030,2612,0.09945750452079571,F3,H3,-0.052642910952701905,6,"2603,2605,2637,2617,2641"
航運業,20251030,2612,0.09945750452079571,F3,H5,-0.03774780871496088,6,"2603,2605,2637,2617,2641"
航運業,20251030,2612,0.09945750452079571,F3,H10,-0.060723170058055574,6,"2603,2605,2637,2617,2641"
航運業,20251030,2612,0.09945750452079571,F3,S7,-0.025318856254588257,6,"2603,2605,2637,2617,2641"
航運業,20251030,2612,0.09945750452079571,F2,H1,-0.027535300494431647,1,2615
航運業,20251030,2612,0.09945750452079571,F2,H3,-0.05535312264953729,1,2615
航運業,20251030,2612,0.09945750452079571,F2,H5,-0.044921439341372715,1,2615
航運業,20251030,2612,0.09945750452079571,F2,H10,-0.018262693109396433,1,2615
航運業,20251030,2612,0.09945750452079571,F2,S7,-0.043762363418243244,1,2615
航運業,20251030,2612,0.09945750452079571,RAND_SECTOR,H1,-0.03730137584673987,1,2605
航運業,20251030,2612,0.09945750452079571,RAND_SECTOR,H3,-0.08838334365895373,1,2605
航運業,20251030,2612,0.09945750452079571,RAND_SECTOR,H5,-0.06480705082254734,1,2605
航運業,20251030,2612,0.09945750452079571,RAND_SECTOR,H10,-0.0824892704498521,1,2605
航運業,20251030,2612,0.09945750452079571,RAND_SECTOR,S7,-0.08838334365895373,1,2605
航運業,20251125,2208,0.08461538461538454,F1,H1,0.09535456517944008,1,6753
航運業,20251125,2208,0.08461538461538454,F1,H3,-0.015768361722821922,1,6753
航運業,20251125,2208,0.08461538461538454,F1,H5,-0.05148644536997771,1,6753
航運業,20251125,2208,0.08461538461538454,F1,H10,0.0001063421203582049,1,6753
航運業,20251125,2208,0.08461538461538454,F1,S7,0.12313529690500546,1,6753
航運業,20251125,2208,0.08461538461538454,F3,H1,0.09535456517944008,1,6753
航運業,20251125,2208,0.08461538461538454,F3,H3,-0.015768361722821922,1,6753
航運業,20251125,2208,0.08461538461538454,F3,H5,-0.05148644536997771,1,6753
航運業,20251125,2208,0.08461538461538454,F3,H10,0.0001063421203582049,1,6753
航運業,20251125,2208,0.08461538461538454,F3,S7,0.12313529690500546,1,6753
航運業,20251125,2208,0.08461538461538454,F2,H1,0.0007221711487575,1,2612
航運業,20251125,2208,0.08461538461538454,F2,H3,0.06059443779868312,1,2612
航運業,20251125,2208,0.08461538461538454,F2,H5,0.14099433872858347,1,2612
航運業,20251125,2208,0.08461538461538454,F2,H10,0.07941143588865973,1,2612
航運業,20251125,2208,0.08461538461538454,F2,S7,0.02467107780872757,1,2612
航運業,20251125,2208,0.08461538461538454,RAND_SECTOR,H1,0.005033417948508978,1,2617
航運業,20251125,2208,0.08461538461538454,RAND_SECTOR,H3,0.009857578354661722,1,2617
航運業,20251125,2208,0.08461538461538454,RAND_SECTOR,H5,0.0243300595731204,1,2617
航運業,20251125,2208,0.08461538461538454,RAND_SECTOR,H10,-0.012655170207384936,1,2617
航運業,20251125,2208,0.08461538461538454,RAND_SECTOR,S7,-0.01747933061353779,1,2617
航運業,20260108,2634,0.06189555125725321,F1,H1,-0.047881868121182225,1,2630
航運業,20260108,2634,0.06189555125725321,F1,H3,-0.0005490355612408626,1,2630
航運業,20260108,2634,0.06189555125725321,F1,H5,0.01037392579874541,1,2630
航運業,20260108,2634,0.06189555125725321,F1,H10,0.0194763935987341,1,2630
航運業,20260108,2634,0.06189555125725321,F1,S7,-0.09521470068112337,1,2630
航運業,20260108,2634,0.06189555125725321,F3,H1,-0.037559803168529915,2,"2208,2630"
航運業,20260108,2634,0.06189555125725321,F3,H3,0.016429626259324814,2,"2208,2630"
航運業,20260108,2634,0.06189555125725321,F3,H5,0.032807391672556196,2,"2208,2630"
航運業,20260108,2634,0.06189555125725321,F3,H10,0.05312659240945017,2,"2208,2630"
航運業,20260108,2634,0.06189555125725321,F3,S7,-0.038180729456108675,2,"2208,2630"
航運業,20260108,2634,0.06189555125725321,F2,H1,-0.05970912693580799,1,2645
航運業,20260108,2634,0.06189555125725321,F2,H3,-0.020800539084876002,1,2645
航運業,20260108,2634,0.06189555125725321,F2,H5,0.014865666445144976,1,2645
航運業,20260108,2634,0.06189555125725321,F2,H10,0.14131857696067418,1,2645
航運業,20260108,2634,0.06189555125725321,F2,S7,0.04728948965425506,1,2645
航運業,20260108,2634,0.06189555125725321,RAND_SECTOR,H1,0.006732938678750022,1,2605
航運業,20260108,2634,0.06189555125725321,RAND_SECTOR,H3,0.012194419358743325,1,2605
航運業,20260108,2634,0.06189555125725321,RAND_SECTOR,H5,0.03768132919871148,1,2605
航運業,20260108,2634,0.06189555125725321,RAND_SECTOR,H10,0.061347745478681937,1,2605
航運業,20260108,2634,0.06189555125725321,RAND_SECTOR,S7,0.021296887158732014,1,2605
航運業,20260223,5607,0.06530612244897971,F2,H1,0.028188326476611403,1,6753
航運業,20260223,5607,0.06530612244897971,F2,H3,0.044560752057448916,1,6753
航運業,20260223,5607,0.06530612244897971,F2,H5,-0.04385034607907501,1,6753
航運業,20260223,5607,0.06530612244897971,F2,H10,-0.13226144421559893,1,6753
航運業,20260223,5607,0.06530612244897971,F2,S7,-0.07004622700841534,1,6753
航運業,20260223,5607,0.06530612244897971,RAND_SECTOR,H1,-0.006527239774689275,1,2618
航運業,20260223,5607,0.06530612244897971,RAND_SECTOR,H3,-0.043032800517876724,1,2618
航運業,20260223,5607,0.06530612244897971,RAND_SECTOR,H5,-0.0964873716061152,1,2618
航運業,20260223,5607,0.06530612244897971,RAND_SECTOR,H10,-0.13951178248201457,1,2618
航運業,20260223,5607,0.06530612244897971,RAND_SECTOR,S7,-0.09909491165920004,1,2618
航運業,20260415,6753,0.08108108108108114,F1,H1,0.014718285430558309,1,2645
航運業,20260415,6753,0.08108108108108114,F1,H3,0.07592351534541741,1,2645
航運業,20260415,6753,0.08108108108108114,F1,H5,0.07592351534541741,1,2645
航運業,20260415,6753,0.08108108108108114,F1,H10,-0.0013883540207204614,1,2645
航運業,20260415,6753,0.08108108108108114,F1,S7,-0.0046096819109762155,1,2645
航運業,20260415,6753,0.08108108108108114,F3,H1,0.02791745534179596,4,"2645,2208,2634,2630"
航運業,20260415,6753,0.08108108108108114,F3,H3,0.04770689777382514,4,"2645,2208,2634,2630"
航運業,20260415,6753,0.08108108108108114,F3,H5,0.05553693466480181,4,"2645,2208,2634,2630"
航運業,20260415,6753,0.08108108108108114,F3,H10,-0.01017229813619741,4,"2645,2208,2634,2630"
航運業,20260415,6753,0.08108108108108114,F3,S7,-0.038730166162944335,4,"2645,2208,2634,2630"
航運業,20260415,6753,0.08108108108108114,F2,H1,-0.022590548498403584,1,2612
航運業,20260415,6753,0.08108108108108114,F2,H3,-0.038990035939705514,1,2612
航運業,20260415,6753,0.08108108108108114,F2,H5,-0.04390988217209624,1,2612
航運業,20260415,6753,0.08108108108108114,F2,H10,-0.10294803696078325,1,2612
航運業,20260415,6753,0.08108108108108114,F2,S7,-0.08490860077535123,1,2612
航運業,20260415,6753,0.08108108108108114,RAND_SECTOR,H1,-0.018007102008398723,1,2615
航運業,20260415,6753,0.08108108108108114,RAND_SECTOR,H3,-0.05616744778527438,1,2615
航運業,20260415,6753,0.08108108108108114,RAND_SECTOR,H5,-0.04344733252631594,1,2615
航運業,20260415,6753,0.08108108108108114,RAND_SECTOR,H10,-0.04471934405221201,1,2615
航運業,20260415,6753,0.08108108108108114,RAND_SECTOR,S7,-0.04853537862989943,1,2615
航運業,20260507,6757,0.09960159362549792,F1,H1,0.0061826765010106755,1,2618
航運業,20260507,6757,0.09960159362549792,F1,H3,-0.01904195884302584,1,2618
航運業,20260507,6757,0.09960159362549792,F1,H5,-0.013436484322128739,1,2618
航運業,20260507,6757,0.09960159362549792,F1,H10,-0.005028272540783307,1,2618
航運業,20260507,6757,0.09960159362549792,F1,S7,0.06363879034020492,1,2618
航運業,20260507,6757,0.09960159362549792,F3,H1,0.0061826765010106755,1,2618
航運業,20260507,6757,0.09960159362549792,F3,H3,-0.01904195884302584,1,2618
航運業,20260507,6757,0.09960159362549792,F3,H5,-0.013436484322128739,1,2618
航運業,20260507,6757,0.09960159362549792,F3,H10,-0.005028272540783307,1,2618
航運業,20260507,6757,0.09960159362549792,F3,S7,0.06363879034020492,1,2618
航運業,20260507,6757,0.09960159362549792,F2,H1,-0.03189979932087861,1,2641
航運業,20260507,6757,0.09960159362549792,F2,H3,-0.039922729160761006,1,2641
航運業,20260507,6757,0.09960159362549792,F2,H5,-0.039922729160761006,1,2641
航運業,20260507,6757,0.09960159362549792,F2,H10,-0.04794565900064307,1,2641
航運業,20260507,6757,0.09960159362549792,F2,S7,0.048329499077943705,1,2641
航運業,20260507,6757,0.09960159362549792,RAND_SECTOR,H1,-0.013999936165162041,1,2607
航運業,20260507,6757,0.09960159362549792,RAND_SECTOR,H3,-0.016056244953138843,1,2607
航運業,20260507,6757,0.09960159362549792,RAND_SECTOR,H5,-0.03353486965094088,1,2607
航運業,20260507,6757,0.09960159362549792,RAND_SECTOR,H10,-0.017084399347127244,1,2607
航運業,20260507,6757,0.09960159362549792,RAND_SECTOR,S7,0.01890100444246534,1,2607
航運業,20260601,2641,0.09322033898305104,F1,H1,-0.017752699703219577,1,5608
航運業,20260601,2641,0.09322033898305104,F1,H3,-0.004523779833902619,1,5608
航運業,20260601,2641,0.09322033898305104,F1,H5,-0.030981619572536423,1,5608
航運業,20260601,2641,0.09322033898305104,F1,H10,0.018626829937401723,1,5608
航運業,20260601,2641,0.09322033898305104,F1,S7,-0.0541322293438411,1,5608
航運業,20260601,2641,0.09322033898305104,F3,H1,-0.01317012614997246,10,"2607,2610,2637,2646,2618"
航運業,20260601,2641,0.09322033898305104,F3,H3,-0.015940586039161254,10,"2607,2610,2637,2646,2618"
航運業,20260601,2641,0.09322033898305104,F3,H5,-0.03853865645430741,10,"2607,2610,2637,2646,2618"
航運業,20260601,2641,0.09322033898305104,F3,H10,0.015634542054200708,10,"2607,2610,2637,2646,2618"
航運業,20260601,2641,0.09322033898305104,F3,S7,-0.0016039830973697544,10,"2607,2610,2637,2646,2618"
航運業,20260601,2641,0.09322033898305104,F2,H1,-0.001854088173528723,1,2605
航運業,20260601,2641,0.09322033898305104,F2,H3,-0.03472715712589758,1,2605
航運業,20260601,2641,0.09322033898305104,F2,H5,-0.06909445648519219,1,2605
航運業,20260601,2641,0.09322033898305104,F2,H10,-0.02277331387049053,1,2605
航運業,20260601,2641,0.09322033898305104,F2,S7,-0.0855309909613764,1,2605
航運業,20260601,2641,0.09322033898305104,RAND_SECTOR,H1,-0.026976154901548588,1,2630
航運業,20260601,2641,0.09322033898305104,RAND_SECTOR,H3,-0.04949985501956833,1,2630
航運業,20260601,2641,0.09322033898305104,RAND_SECTOR,H5,-0.10468292030871673,1,2630
航運業,20260601,2641,0.09322033898305104,RAND_SECTOR,H10,-0.1058091053146174,1,2630
航運業,20260601,2641,0.09322033898305104,RAND_SECTOR,S7,-0.10468292030871673,1,2630
航運業,20260617,2618,0.07044025157232703,F1,H1,-0.014565188467739465,1,2610
航運業,20260617,2618,0.07044025157232703,F1,H3,0.014616252420459608,1,2610
航運業,20260617,2618,0.07044025157232703,F1,H5,0.08644749152987252,1,2610
航運業,20260617,2618,0.07044025157232703,F1,H10,0.014616252420459608,1,2610
航運業,20260617,2618,0.07044025157232703,F1,S7,-0.0796622489106451,1,2610
航運業,20260617,2618,0.07044025157232703,F3,H1,-0.01463325208516788,5,"2607,2610,2646,5608,2641"
航運業,20260617,2618,0.07044025157232703,F3,H3,-0.016980429212115022,5,"2607,2610,2646,5608,2641"
航運業,20260617,2618,0.07044025157232703,F3,H5,0.0008537713493583565,5,"2607,2610,2646,5608,2641"
航運業,20260617,2618,0.07044025157232703,F3,H10,-0.03242179184635787,5,"2607,2610,2646,5608,2641"
航運業,20260617,2618,0.07044025157232703,F3,S7,-0.05785057858841989,5,"2607,2610,2646,5608,2641"
航運業,20260617,2618,0.07044025157232703,F2,H1,-0.027874827785045353,1,6757
航運業,20260617,2618,0.07044025157232703,F2,H3,0.023905035339806036,1,6757
航運業,20260617,2618,0.07044025157232703,F2,H5,0.08403648929124663,1,6757
航運業,20260617,2618,0.07044025157232703,F2,H10,0.012212808182581636,1,6757
航運業,20260617,2618,0.07044025157232703,F2,S7,-0.05292960026481208,1,6757
航運業,20260617,2618,0.07044025157232703,RAND_SECTOR,H1,-0.027874827785045353,1,6757
航運業,20260617,2618,0.07044025157232703,RAND_SECTOR,H3,0.023905035339806036,1,6757
航運業,20260617,2618,0.07044025157232703,RAND_SECTOR,H5,0.08403648929124663,1,6757
航運業,20260617,2618,0.07044025157232703,RAND_SECTOR,H10,0.012212808182581636,1,6757
航運業,20260617,2618,0.07044025157232703,RAND_SECTOR,S7,-0.05292960026481208,1,6757
航運業,20260814,6753,0.09722222222222232,F1,H1,0.0856263101955852,1,2615
航運業,20260814,6753,0.09722222222222232,F1,H3,0.15734936972802616,1,2615
航運業,20260814,6753,0.09722222222222232,F1,H5,0.4127269301844452,1,2615
航運業,20260814,6753,0.09722222222222232,F1,H10,0.2605871069338128,1,2615
航運業,20260814,6753,0.09722222222222232,F1,S7,0.2279857162372485,1,2615
航運業,20260814,6753,0.09722222222222232,F3,H1,0.0856263101955852,1,2615
航運業,20260814,6753,0.09722222222222232,F3,H3,0.15734936972802616,1,2615
航運業,20260814,6753,0.09722222222222232,F3,H5,0.4127269301844452,1,2615
航運業,20260814,6753,0.09722222222222232,F3,H10,0.2605871069338128,1,2615
航運業,20260814,6753,0.09722222222222232,F3,S7,0.2279857162372485,1,2615
航運業,20260814,6753,0.09722222222222232,F2,H1,-0.011953595633082736,1,2634
航運業,20260814,6753,0.09722222222222232,F2,H3,-0.05043106339702408,1,2634
航運業,20260814,6753,0.09722222222222232,F2,H5,-0.049056868119740416,1,2634
航運業,20260814,6753,0.09722222222222232,F2,H10,-0.07791496894269623,1,2634
航運業,20260814,6753,0.09722222222222232,F2,S7,-0.07928916421997978,1,2634
航運業,20260814,6753,0.09722222222222232,RAND_SECTOR,H1,0.006465373342842584,1,2641
航運業,20260814,6753,0.09722222222222232,RAND_SECTOR,H3,0.06936945917676995,1,2641
航運業,20260814,6753,0.09722222222222232,RAND_SECTOR,H5,0.09224367220728924,1,2641
航運業,20260814,6753,0.09722222222222232,RAND_SECTOR,H10,0.03791741625980616,1,2641
航運業,20260814,6753,0.09722222222222232,RAND_SECTOR,S7,0.012183926600472184,1,2641
觀光餐旅,20211007,5905,0.06508875739644981,F2,H1,-0.017752699703219577,1,2723
觀光餐旅,20211007,5905,0.06508875739644981,F2,H3,-0.0640539192458287,1,2723
觀光餐旅,20211007,5905,0.06508875739644981,F2,H5,-0.0971262189191211,1,2723
觀光餐旅,20211007,5905,0.06508875739644981,F2,H10,-0.13681297852707175,1,2723
觀光餐旅,20211007,5905,0.06508875739644981,F2,S7,-0.09051175898446262,1,2723
觀光餐旅,20211007,5905,0.06508875739644981,RAND_SECTOR,H1,-0.023807966165141248,1,9943
觀光餐旅,20211007,5905,0.06508875739644981,RAND_SECTOR,H3,-0.025405661801532142,1,9943
觀光餐旅,20211007,5905,0.06508875739644981,RAND_SECTOR,H5,-0.009428705437622975,1,9943
觀光餐旅,20211007,5905,0.06508875739644981,RAND_SECTOR,H10,-0.019014879255968564,1,9943
觀光餐旅,20211007,5905,0.06508875739644981,RAND_SECTOR,S7,-0.015819487983186553,1,9943
觀光餐旅,20211116,5706,0.058693244739756345,F1,H1,-0.0035544193262371238,1,2731
觀光餐旅,20211116,5706,0.058693244739756345,F1,H3,-0.03242140503245139,1,2731
觀光餐旅,20211116,5706,0.058693244739756345,F1,H5,-0.054873505026173386,1,2731
觀光餐旅,20211116,5706,0.058693244739756345,F1,H10,-0.08587878596988507,1,2731
觀光餐旅,20211116,5706,0.058693244739756345,F1,S7,-0.0901553764448797,1,2731
觀光餐旅,20211116,5706,0.058693244739756345,F3,H1,-0.0035544193262371238,1,2731
觀光餐旅,20211116,5706,0.058693244739756345,F3,H3,-0.03242140503245139,1,2731
觀光餐旅,20211116,5706,0.058693244739756345,F3,H5,-0.054873505026173386,1,2731
觀光餐旅,20211116,5706,0.058693244739756345,F3,H10,-0.08587878596988507,1,2731
觀光餐旅,20211116,5706,0.058693244739756345,F3,S7,-0.0901553764448797,1,2731
觀光餐旅,20211116,5706,0.058693244739756345,F2,H1,-0.0035544193262371238,1,2731
觀光餐旅,20211116,5706,0.058693244739756345,F2,H3,-0.03242140503245139,1,2731
觀光餐旅,20211116,5706,0.058693244739756345,F2,H5,-0.054873505026173386,1,2731
觀光餐旅,20211116,5706,0.058693244739756345,F2,H10,-0.08587878596988507,1,2731
觀光餐旅,20211116,5706,0.058693244739756345,F2,S7,-0.0901553764448797,1,2731
觀光餐旅,20211116,5706,0.058693244739756345,RAND_SECTOR,H1,0.008367667589768368,1,2701
觀光餐旅,20211116,5706,0.058693244739756345,RAND_SECTOR,H3,0.008367667589768368,1,2701
觀光餐旅,20211116,5706,0.058693244739756345,RAND_SECTOR,H5,0.004317998242018284,1,2701
觀光餐旅,20211116,5706,0.058693244739756345,RAND_SECTOR,H10,-0.024029687192232196,1,2701
觀光餐旅,20211116,5706,0.058693244739756345,RAND_SECTOR,S7,-0.024029687192232196,1,2701
觀光餐旅,20220217,5706,0.09989909182643797,F2,H1,0.0260479313275066,1,2731
觀光餐旅,20220217,5706,0.09989909182643797,F2,H3,-0.03590213245075813,1,2731
觀光餐旅,20220217,5706,0.09989909182643797,F2,H5,0.0454073262582142,1,2731
觀光餐旅,20220217,5706,0.09989909182643797,F2,H10,-0.033966192957687324,1,2731
觀光餐旅,20220217,5706,0.09989909182643797,F2,S7,-0.04074198118343497,1,2731
觀光餐旅,20220217,5706,0.09989909182643797,RAND_SECTOR,H1,-0.030162787715673822,1,5905
觀光餐旅,20220217,5706,0.09989909182643797,RAND_SECTOR,H3,-0.06525558158122491,1,5905
觀光餐旅,20220217,5706,0.09989909182643797,RAND_SECTOR,H5,-0.017401771764564256,1,5905
觀光餐旅,20220217,5706,0.09989909182643797,RAND_SECTOR,H10,-0.07163608955677969,1,5905
觀光餐旅,20220217,5706,0.09989909182643797,RAND_SECTOR,S7,-0.106728883422331,1,5905
觀光餐旅,20220530,2736,0.09972299168975063,F1,H1,-0.001590953259101302,1,2704
觀光餐旅,20220530,2736,0.09972299168975063,F1,H3,-0.00627099566569933,1,2704
觀光餐旅,20220530,2736,0.09972299168975063,F1,H5,-0.00783100980123197,1,2704
觀光餐旅,20220530,2736,0.09972299168975063,F1,H10,-0.00627099566569933,1,2704
觀光餐旅,20220530,2736,0.09972299168975063,F1,S7,-0.004710981530166802,1,2704
觀光餐旅,20220530,2736,0.09972299168975063,F3,H1,-0.001590953259101302,1,2704
觀光餐旅,20220530,2736,0.09972299168975063,F3,H3,-0.00627099566569933,1,2704
觀光餐旅,20220530,2736,0.09972299168975063,F3,H5,-0.00783100980123197,1,2704
觀光餐旅,20220530,2736,0.09972299168975063,F3,H10,-0.00627099566569933,1,2704
觀光餐旅,20220530,2736,0.09972299168975063,F3,S7,-0.004710981530166802,1,2704
觀光餐旅,20220530,2736,0.09972299168975063,F2,H1,-0.03199750753273123,1,5706
觀光餐旅,20220530,2736,0.09972299168975063,F2,H3,-0.0038032601793153153,1,5706
觀光餐旅,20220530,2736,0.09972299168975063,F2,H5,-0.03334009074003652,1,5706
觀光餐旅,20220530,2736,0.09972299168975063,F2,H10,-0.0601917548861467,1,5706
觀光餐旅,20220530,2736,0.09972299168975063,F2,S7,-0.1004692511053118,1,5706
觀光餐旅,20220530,2736,0.09972299168975063,RAND_SECTOR,H1,-0.040591306647417724,1,2731
觀光餐旅,20220530,2736,0.09972299168975063,RAND_SECTOR,H3,-0.035911264240819696,1,2731
觀光餐旅,20220530,2736,0.09972299168975063,RAND_SECTOR,H5,-0.035911264240819696,1,2731
觀光餐旅,20220530,2736,0.09972299168975063,RAND_SECTOR,H10,-0.06399151868040753,1,2731
觀光餐旅,20220530,2736,0.09972299168975063,RAND_SECTOR,S7,-0.09300778160131473,1,2731
觀光餐旅,20220718,2705,0.09345794392523366,F2,H1,0.06848968175251935,1,2734
觀光餐旅,20220718,2705,0.09345794392523366,F2,H3,-0.024367159637878055,1,2734
觀光餐旅,20220718,2705,0.09345794392523366,F2,H5,-0.044719344052211896,1,2734
觀光餐旅,20220718,2705,0.09345794392523366,F2,H10,-0.09687181661394195,1,2734
觀光餐旅,20220718,2705,0.09345794392523366,F2,S7,-0.09687181661394195,1,2734
觀光餐旅,20220718,2705,0.09345794392523366,RAND_SECTOR,H1,-0.024163009639894817,1,2731
觀光餐旅,20220718,2705,0.09345794392523366,RAND_SECTOR,H3,-0.030287509579393412,1,2731
觀光餐旅,20220718,2705,0.09345794392523366,RAND_SECTOR,H5,-0.04661950941805626,1,2731
觀光餐旅,20220718,2705,0.09345794392523366,RAND_SECTOR,H10,-0.06295150925671911,1,2731
觀光餐旅,20220718,2705,0.09345794392523366,RAND_SECTOR,S7,-0.08642875902479696,1,2731
觀光餐旅,20220823,4804,0.08333333333333326,F1,H1,0.07071570192283727,1,2702
觀光餐旅,20220823,4804,0.08333333333333326,F1,H3,0.15753048856522955,1,2702
觀光餐旅,20220823,4804,0.08333333333333326,F1,H5,0.17406663840187564,1,2702
觀光餐旅,20220823,4804,0.08333333333333326,F1,H10,0.029375327331221834,1,2702
觀光餐旅,20220823,4804,0.08333333333333326,F1,S7,0.02110725241289879,1,2702
觀光餐旅,20220823,4804,0.08333333333333326,F3,H1,0.014312145960262451,4,"2723,5706,2743,2702"
觀光餐旅,20220823,4804,0.08333333333333326,F3,H3,0.07107013436493403,4,"2723,5706,2743,2702"
觀光餐旅,20220823,4804,0.08333333333333326,F3,H5,0.07893344907409366,4,"2723,5706,2743,2702"
觀光餐旅,20220823,4804,0.08333333333333326,F3,H10,0.02598550946955397,4,"2723,5706,2743,2702"
觀光餐旅,20220823,4804,0.08333333333333326,F3,S7,0.13084285456354172,4,"2723,5706,2743,2702"
觀光餐旅,20220823,4804,0.08333333333333326,F2,H1,0.011372260976808768,1,3252
觀光餐旅,20220823,4804,0.08333333333333326,F2,H3,0.0028374739643461933,1,3252
觀光餐旅,20220823,4804,0.08333333333333326,F2,H5,-0.03556906759173506,1,3252
觀光餐旅,20220823,4804,0.08333333333333326,F2,H10,-0.1315854214819384,1,3252
觀光餐旅,20220823,4804,0.08333333333333326,F2,S7,-0.07397560914781642,1,3252
觀光餐旅,20220823,4804,0.08333333333333326,RAND_SECTOR,H1,0.011372260976808768,1,3252
觀光餐旅,20220823,4804,0.08333333333333326,RAND_SECTOR,H3,0.0028374739643461933,1,3252
觀光餐旅,20220823,4804,0.08333333333333326,RAND_SECTOR,H5,-0.03556906759173506,1,3252
觀光餐旅,20220823,4804,0.08333333333333326,RAND_SECTOR,H10,-0.1315854214819384,1,3252
觀光餐旅,20220823,4804,0.08333333333333326,RAND_SECTOR,S7,-0.07397560914781642,1,3252
觀光餐旅,20220916,2743,0.096728307254623,F1,H1,-0.03892884382238726,1,5706
觀光餐旅,20220916,2743,0.096728307254623,F1,H3,-0.00042676360571891614,1,5706
觀光餐旅,20220916,2743,0.096728307254623,F1,H5,-0.02263950219225852,1,5706
觀光餐旅,20220916,2743,0.096728307254623,F1,H10,-0.15295423523329044,1,5706
觀光餐旅,20220916,2743,0.096728307254623,F1,S7,-0.07743092403905605,1,5706
觀光餐旅,20220916,2743,0.096728307254623,F3,H1,-0.03568734821186344,5,"2731,3252,5706,2736,4804"
觀光餐旅,20220916,2743,0.096728307254623,F3,H3,-0.02012401572441973,5,"2731,3252,5706,2736,4804"
觀光餐旅,20220916,2743,0.096728307254623,F3,H5,-0.0014109925155692872,5,"2731,3252,5706,2736,4804"
觀光餐旅,20220916,2743,0.096728307254623,F3,H10,-0.1171616763613583,5,"2731,3252,5706,2736,4804"
觀光餐旅,20220916,2743,0.096728307254623,F3,S7,-0.09167657475075126,5,"2731,3252,5706,2736,4804"
觀光餐旅,20220916,2743,0.096728307254623,F2,H1,-0.03892884382238726,1,5706
觀光餐旅,20220916,2743,0.096728307254623,F2,H3,-0.00042676360571891614,1,5706
觀光餐旅,20220916,2743,0.096728307254623,F2,H5,-0.02263950219225852,1,5706
觀光餐旅,20220916,2743,0.096728307254623,F2,H10,-0.15295423523329044,1,5706
觀光餐旅,20220916,2743,0.096728307254623,F2,S7,-0.07743092403905605,1,5706
觀光餐旅,20220916,2743,0.096728307254623,RAND_SECTOR,H1,-0.00783100980123197,1,4804
觀光餐旅,20220916,2743,0.096728307254623,RAND_SECTOR,H3,-0.03112136168383217,1,4804
觀光餐旅,20220916,2743,0.096728307254623,RAND_SECTOR,H5,-0.06838592469599247,1,4804
觀光餐旅,20220916,2743,0.096728307254623,RAND_SECTOR,H10,-0.1326672958919689,1,4804
觀光餐旅,20220916,2743,0.096728307254623,RAND_SECTOR,S7,-0.13825698034379297,1,4804
觀光餐旅,20221107,2727,0.08333333333333326,F1,H1,-0.003083789752434063,1,2723
觀光餐旅,20221107,2727,0.08333333333333326,F1,H3,-0.003083789752434063,1,2723
觀光餐旅,20221107,2727,0.08333333333333326,F1,H5,0.049135630784343354,1,2723
觀光餐旅,20221107,2727,0.08333333333333326,F1,H10,0.08711339117472683,1,2723
觀光餐旅,20221107,2727,0.08333333333333326,F1,S7,0.30073829337063374,1,2723
觀光餐旅,20221107,2727,0.08333333333333326,F3,H1,-0.008449112586401908,5,"2731,2723,5706,2707,2736"
觀光餐旅,20221107,2727,0.08333333333333326,F3,H3,-0.008120596180631722,5,"2731,2723,5706,2707,2736"
觀光餐旅,20221107,2727,0.08333333333333326,F3,H5,0.0016367346809437854,5,"2731,2723,5706,2707,2736"
觀光餐旅,20221107,2727,0.08333333333333326,F3,H10,0.0522006248441997,5,"2731,2723,5706,2707,2736"
觀光餐旅,20221107,2727,0.08333333333333326,F3,S7,0.20728621345529846,5,"2731,2723,5706,2707,2736"
觀光餐旅,20221107,2727,0.08333333333333326,F2,H1,-0.003128787098868213,1,2732
觀光餐旅,20221107,2727,0.08333333333333326,F2,H3,-0.012533232503595726,1,2732
觀光餐旅,20221107,2727,0.08333333333333326,F2,H5,0.17555567559095753,1,2732
觀光餐旅,20221107,2727,0.08333333333333326,F2,H10,0.1520445620791384,1,2732
觀光餐旅,20221107,2727,0.08333333333333326,F2,S7,0.19436456640041277,1,2732
觀光餐旅,20221107,2727,0.08333333333333326,RAND_SECTOR,H1,-0.01655976924579594,1,3252
觀光餐旅,20221107,2727,0.08333333333333326,RAND_SECTOR,H3,-0.01655976924579594,1,3252
觀光餐旅,20221107,2727,0.08333333333333326,RAND_SECTOR,H5,-0.004921423319710572,1,3252
觀光餐旅,20221107,2727,0.08333333333333326,RAND_SECTOR,H10,-0.004921423319710572,1,3252
觀光餐旅,20221107,2727,0.08333333333333326,RAND_SECTOR,S7,0.09400451705201407,1,3252
觀光餐旅,20230328,2731,0.05323193916349811,F1,H1,0.009195291122615856,1,5706
觀光餐旅,20230328,2731,0.05323193916349811,F1,H3,-0.0031874731856369465,1,5706
觀光餐旅,20230328,2731,0.05323193916349811,F1,H5,-0.027953001802142996,1,5706
觀光餐旅,20230328,2731,0.05323193916349811,F1,H10,0.05253496620150133,1,5706
觀光餐旅,20230328,2731,0.05323193916349811,F1,S7,-0.024857310725079573,1,5706
觀光餐旅,20230328,2731,0.05323193916349811,F3,H1,-0.005767680028386901,4,"5706,2743,2736,2702"
觀光餐旅,20230328,2731,0.05323193916349811,F3,H3,-0.02657836550776152,4,"5706,2743,2736,2702"
觀光餐旅,20230328,2731,0.05323193916349811,F3,H5,-0.03827714182321221,4,"5706,2743,2736,2702"
觀光餐旅,20230328,2731,0.05323193916349811,F3,H10,0.011220316300541738,4,"5706,2743,2736,2702"
觀光餐旅,20230328,2731,0.05323193916349811,F3,S7,-0.05306537539480588,4,"5706,2743,2736,2702"
觀光餐旅,20230328,2731,0.05323193916349811,F2,H1,0.030762273447990873,1,2727
觀光餐旅,20230328,2731,0.05323193916349811,F2,H3,0.0018173110110739632,1,2727
觀光餐旅,20230328,2731,0.05323193916349811,F2,H5,-0.03677597223814899,1,2727
觀光餐旅,20230328,2731,0.05323193916349811,F2,H10,-0.04481623958173708,1,2727
觀光餐旅,20230328,2731,0.05323193916349811,F2,S7,0.029154219979273144,1,2727
觀光餐旅,20230328,2731,0.05323193916349811,RAND_SECTOR,H1,0.01770997410487496,1,2722
觀光餐旅,20230328,2731,0.05323193916349811,RAND_SECTOR,H3,-0.0039016276618308865,1,2722
觀光餐旅,20230328,2731,0.05323193916349811,RAND_SECTOR,H5,-0.03730137584673998,1,2722
觀光餐旅,20230328,2731,0.05323193916349811,RAND_SECTOR,H10,0.023604047313976473,1,2722
觀光餐旅,20230328,2731,0.05323193916349811,RAND_SECTOR,S7,-0.0039016276618308865,1,2722
觀光餐旅,20230505,2732,0.05494505494505497,F1,H1,-0.032228607920873786,1,2743
觀光餐旅,20230505,2732,0.05494505494505497,F1,H3,-0.00783100980123197,1,2743
觀光餐旅,20230505,2732,0.05494505494505497,F1,H5,0.2995787265062555,1,2743
觀光餐旅,20230505,2732,0.05494505494505497,F1,H10,0.8867475879189688,1,2743
觀光餐旅,20230505,2732,0.05494505494505497,F1,S7,1.3177718213659744,1,2743
觀光餐旅,20230505,2732,0.05494505494505497,F3,H1,-0.012513377117122748,2,"2727,2743"
觀光餐旅,20230505,2732,0.05494505494505497,F3,H3,-0.01459579837076902,2,"2727,2743"
觀光餐旅,20230505,2732,0.05494505494505497,F3,H5,0.13610249708540267,2,"2727,2743"
觀光餐旅,20230505,2732,0.05494505494505497,F3,H10,0.41465406430389923,2,"2727,2743"
觀光餐旅,20230505,2732,0.05494505494505497,F3,S7,0.7090887143386677,2,"2727,2743"
觀光餐旅,20230505,2732,0.05494505494505497,F2,H1,-0.03997471358736915,1,2736
觀光餐旅,20230505,2732,0.05494505494505497,F2,H3,0.08002844721420987,1,2736
觀光餐旅,20230505,2732,0.05494505494505497,F2,H5,0.09931466948589196,1,2736
觀光餐旅,20230505,2732,0.05494505494505497,F2,H10,0.21288908953024355,1,2736
觀光餐旅,20230505,2732,0.05494505494505497,F2,S7,0.7571891403088336,1,2736
觀光餐旅,20230505,2732,0.05494505494505497,RAND_SECTOR,H1,0.02152310233482635,1,2754
觀光餐旅,20230505,2732,0.05494505494505497,RAND_SECTOR,H3,0.01565227990761442,1,2754
觀光餐旅,20230505,2732,0.05494505494505497,RAND_SECTOR,H5,-0.010766421014837713,1,2754
觀光餐旅,20230505,2732,0.05494505494505497,RAND_SECTOR,H10,-0.013701832228443567,1,2754
觀光餐旅,20230505,2732,0.05494505494505497,RAND_SECTOR,S7,0.127197906024636,1,2754
觀光餐旅,20230728,2748,0.07534246575342474,F1,H1,-0.039416913983589597,1,2739
觀光餐旅,20230728,2748,0.07534246575342474,F1,H3,-0.05613886325660267,1,2739
觀光餐旅,20230728,2748,0.07534246575342474,F1,H5,-0.06171284634760699,1,2739
觀光餐旅,20230728,2748,0.07534246575342474,F1,H10,-0.1685475222585231,1,2739
觀光餐旅,20230728,2748,0.07534246575342474,F1,S7,-0.07843479562061983,1,2739
觀光餐旅,20230728,2748,0.07534246575342474,F3,H1,-0.03702296041337083,12,"8940,3252,2722,2706,5704"
觀光餐旅,20230728,2748,0.07534246575342474,F3,H3,-0.05845336245731652,12,"8940,3252,2722,2706,5704"
觀光餐旅,20230728,2748,0.07534246575342474,F3,H5,-0.04737864148486817,12,"8940,3252,2722,2706,5704"
觀光餐旅,20230728,2748,0.07534246575342474,F3,H10,-0.11935055556361669,12,"8940,3252,2722,2706,5704"
觀光餐旅,20230728,2748,0.07534246575342474,F3,S7,-0.08410539917806908,12,"8940,3252,2722,2706,5704"
觀光餐旅,20230728,2748,0.07534246575342474,F2,H1,-0.10354855761086423,1,2745
觀光餐旅,20230728,2748,0.07534246575342474,F2,H3,-0.11178232516438091,1,2745
觀光餐旅,20230728,2748,0.07534246575342474,F2,H5,-0.06135049889909083,1,2745
觀光餐旅,20230728,2748,0.07534246575342474,F2,H10,-0.11795765082951848,1,2745
觀光餐旅,20230728,2748,0.07534246575342474,F2,S7,-0.10354855761086423,1,2745
觀光餐旅,20230728,2748,0.07534246575342474,RAND_SECTOR,H1,-0.011505709764931149,1,8940
觀光餐旅,20230728,2748,0.07534246575342474,RAND_SECTOR,H3,-0.04090330947452425,1,8940
觀光餐旅,20230728,2748,0.07534246575342474,RAND_SECTOR,H5,0.03626538976315774,1,8940
觀光餐旅,20230728,2748,0.07534246575342474,RAND_SECTOR,H10,-0.12358405865775479,1,8940
觀光餐旅,20230728,2748,0.07534246575342474,RAND_SECTOR,S7,-0.09234910896631221,1,8940
觀光餐旅,20230914,2731,0.05769230769230771,F1,H1,-0.03468458645903327,1,5706
觀光餐旅,20230914,2731,0.05769230769230771,F1,H3,-0.04599135557810763,1,5706
觀光餐旅,20230914,2731,0.05769230769230771,F1,H5,-0.08839173977463632,1,5706
觀光餐旅,20230914,2731,0.05769230769230771,F1,H10,-0.06719154767637192,1,5706
觀光餐旅,20230914,2731,0.05769230769230771,F1,S7,-0.07567162451567744,1,5706
觀光餐旅,20230914,2731,0.05769230769230771,F3,H1,-0.03468458645903327,1,5706
觀光餐旅,20230914,2731,0.05769230769230771,F3,H3,-0.04599135557810763,1,5706
觀光餐旅,20230914,2731,0.05769230769230771,F3,H5,-0.08839173977463632,1,5706
觀光餐旅,20230914,2731,0.05769230769230771,F3,H10,-0.06719154767637192,1,5706
觀光餐旅,20230914,2731,0.05769230769230771,F3,S7,-0.07567162451567744,1,5706
觀光餐旅,20230914,2731,0.05769230769230771,F2,H1,-0.02603594540120935,1,2743
觀光餐旅,20230914,2731,0.05769230769230771,F2,H3,-0.053343348801175194,1,2743
觀光餐旅,20230914,2731,0.05769230769230771,F2,H5,-0.10613766204110986,1,2743
觀光餐旅,20230914,2731,0.05769230769230771,F2,H10,-0.030587179301203582,1,2743
觀光餐旅,20230914,2731,0.05769230769230771,F2,S7,-0.08975322000113017,1,2743
觀光餐旅,20230914,2731,0.05769230769230771,RAND_SECTOR,H1,-0.03468458645903327,1,5706
觀光餐旅,20230914,2731,0.05769230769230771,RAND_SECTOR,H3,-0.04599135557810763,1,5706
觀光餐旅,20230914,2731,0.05769230769230771,RAND_SECTOR,H5,-0.08839173977463632,1,5706
觀光餐旅,20230914,2731,0.05769230769230771,RAND_SECTOR,H10,-0.06719154767637192,1,5706
觀光餐旅,20230914,2731,0.05769230769230771,RAND_SECTOR,S7,-0.07567162451567744,1,5706
觀光餐旅,20231013,2743,0.10000000000000009,F1,H1,-0.03591126424081992,1,5706
觀光餐旅,20231013,2743,0.10000000000000009,F1,H3,-0.059311476273809505,1,5706
觀光餐旅,20231013,2743,0.10000000000000009,F1,H5,-0.07335160349360337,1,5706
觀光餐旅,20231013,2743,0.10000000000000009,F1,H10,0.0405294284002804,1,5706
觀光餐旅,20231013,2743,0.10000000000000009,F1,S7,0.09200989487285782,1,5706
觀光餐旅,20231013,2743,0.10000000000000009,F3,H1,-0.032760009000605855,4,"2731,5706,2748,2705"
觀光餐旅,20231013,2743,0.10000000000000009,F3,H3,-0.06275678025132012,4,"2731,5706,2748,2705"
觀光餐旅,20231013,2743,0.10000000000000009,F3,H5,-0.07772470070728382,4,"2731,5706,2748,2705"
觀光餐旅,20231013,2743,0.10000000000000009,F3,H10,8.59747580568837e-05,4,"2731,5706,2748,2705"
觀光餐旅,20231013,2743,0.10000000000000009,F3,S7,0.04284280238528129,4,"2731,5706,2748,2705"
觀光餐旅,20231013,2743,0.10000000000000009,F2,H1,-0.016585442067691636,1,2705
觀光餐旅,20231013,2743,0.10000000000000009,F2,H3,-0.04284873886707086,1,2705
觀光餐旅,20231013,2743,0.10000000000000009,F2,H5,-0.04868502704471056,1,2705
觀光餐旅,20231013,2743,0.10000000000000009,F2,H10,-0.02242173024533134,1,2705
觀光餐旅,20231013,2743,0.10000000000000009,F2,S7,0.021350431086966992,1,2705
觀光餐旅,20231013,2743,0.10000000000000009,RAND_SECTOR,H1,-0.016585442067691636,1,2705
觀光餐旅,20231013,2743,0.10000000000000009,RAND_SECTOR,H3,-0.04284873886707086,1,2705
觀光餐旅,20231013,2743,0.10000000000000009,RAND_SECTOR,H5,-0.04868502704471056,1,2705
觀光餐旅,20231013,2743,0.10000000000000009,RAND_SECTOR,H10,-0.02242173024533134,1,2705
觀光餐旅,20231013,2743,0.10000000000000009,RAND_SECTOR,S7,0.021350431086966992,1,2705
觀光餐旅,20231208,3522,0.05147058823529416,F2,H1,-0.012192192175732086,1,2734
觀光餐旅,20231208,3522,0.05147058823529416,F2,H3,-0.027456330486482217,1,2734
觀光餐旅,20231208,3522,0.05147058823529416,F2,H5,-0.03399810404823245,1,2734
觀光餐旅,20231208,3522,0.05147058823529416,F2,H10,-0.06125549388885798,1,2734
觀光餐旅,20231208,3522,0.05147058823529416,F2,S7,-0.01982426133110704,1,2734
觀光餐旅,20231208,3522,0.05147058823529416,RAND_SECTOR,H1,-0.012192192175732086,1,2734
觀光餐旅,20231208,3522,0.05147058823529416,RAND_SECTOR,H3,-0.027456330486482217,1,2734
觀光餐旅,20231208,3522,0.05147058823529416,RAND_SECTOR,H5,-0.03399810404823245,1,2734
觀光餐旅,20231208,3522,0.05147058823529416,RAND_SECTOR,H10,-0.06125549388885798,1,2734
觀光餐旅,20231208,3522,0.05147058823529416,RAND_SECTOR,S7,-0.01982426133110704,1,2734
觀光餐旅,20231229,2736,0.09999999999999987,F1,H1,-0.0023870098550111685,1,5706
觀光餐旅,20231229,2736,0.09999999999999987,F1,H3,0.005778990064320588,1,5706
觀光餐旅,20231229,2736,0.09999999999999987,F1,H5,0.024832989876093503,1,5706
觀光餐旅,20231229,2736,0.09999999999999987,F1,H10,-0.04593900942477869,1,5706
觀光餐旅,20231229,2736,0.09999999999999987,F1,S7,-0.0813250090752149,1,5706
觀光餐旅,20231229,2736,0.09999999999999987,F3,H1,-0.01599723523602273,7,"2727,2731,5706,2748,2743"
觀光餐旅,20231229,2736,0.09999999999999987,F3,H3,-0.021895240824060882,7,"2727,2731,5706,2748,2743"
觀光餐旅,20231229,2736,0.09999999999999987,F3,H5,0.016204725661519426,7,"2727,2731,5706,2748,2743"
觀光餐旅,20231229,2736,0.09999999999999987,F3,H10,-0.042594446928688155,7,"2727,2731,5706,2748,2743"
觀光餐旅,20231229,2736,0.09999999999999987,F3,S7,-0.061449858301183484,7,"2727,2731,5706,2748,2743"
觀光餐旅,20231229,2736,0.09999999999999987,F2,H1,-0.11192016725512044,1,3522
觀光餐旅,20231229,2736,0.09999999999999987,F2,H3,-0.07427089753775662,1,3522
觀光餐旅,20231229,2736,0.09999999999999987,F2,H5,-0.11856415602877302,1,3522
觀光餐旅,20231229,2736,0.09999999999999987,F2,H10,-0.11856415602877302,1,3522
觀光餐旅,20231229,2736,0.09999999999999987,F2,S7,-0.1141348301796713,1,3522
觀光餐旅,20231229,2736,0.09999999999999987,RAND_SECTOR,H1,-0.027034280579272596,1,2739
觀光餐旅,20231229,2736,0.09999999999999987,RAND_SECTOR,H3,-0.041436733662803094,1,2739
觀光餐旅,20231229,2736,0.09999999999999987,RAND_SECTOR,H5,0.02417444149550252,1,2739
觀光餐旅,20231229,2736,0.09999999999999987,RAND_SECTOR,H10,-0.049438096486986716,1,2739
觀光餐旅,20231229,2736,0.09999999999999987,RAND_SECTOR,S7,-0.09104518317274146,1,2739
觀光餐旅,20240312,2732,0.05514705882352944,F2,H1,-0.016534246557361687,1,5706
觀光餐旅,20240312,2732,0.05514705882352944,F2,H3,-0.016534246557361687,1,5706
觀光餐旅,20240312,2732,0.05514705882352944,F2,H5,-0.022336404394781018,1,5706
觀光餐旅,20240312,2732,0.05514705882352944,F2,H10,-0.016534246557361687,1,5706
觀光餐旅,20240312,2732,0.05514705882352944,F2,S7,0.06469596316651427,1,5706
觀光餐旅,20240312,2732,0.05514705882352944,RAND_SECTOR,H1,-0.011134569147065676,1,2723
觀光餐旅,20240312,2732,0.05514705882352944,RAND_SECTOR,H3,-0.02655117942762364,1,2723
觀光餐旅,20240312,2732,0.05514705882352944,RAND_SECTOR,H5,-0.0056286369040092765,1,2723
觀光餐旅,20240312,2732,0.05514705882352944,RAND_SECTOR,H10,0.0031808546848808295,1,2723
觀光餐旅,20240312,2732,0.05514705882352944,RAND_SECTOR,S7,0.008686786927937451,1,2723
觀光餐旅,20240327,2704,0.05519480519480524,F2,H1,-0.038126246143179054,1,2739
觀光餐旅,20240327,2704,0.05519480519480524,F2,H3,-0.051380412042780876,1,2739
觀光餐旅,20240327,2704,0.05519480519480524,F2,H5,-0.07599529157061291,1,2739
觀光餐旅,20240327,2704,0.05519480519480524,F2,H10,-0.01729827115809046,1,2739
觀光餐旅,20240327,2704,0.05519480519480524,F2,S7,0.2099160014065129,1,2739
觀光餐旅,20240327,2704,0.05519480519480524,RAND_SECTOR,H1,-0.0013883540207206835,1,2723
觀光餐旅,20240327,2704,0.05519480519480524,RAND_SECTOR,H3,-0.003535905947557594,1,2723
觀光餐旅,20240327,2704,0.05519480519480524,RAND_SECTOR,H5,-0.01749499347199923,1,2723
觀光餐旅,20240327,2704,0.05519480519480524,RAND_SECTOR,H10,-0.027158977142766383,1,2723
觀光餐旅,20240327,2704,0.05519480519480524,RAND_SECTOR,S7,-0.03360163292327789,1,2723
觀光餐旅,20240614,5905,0.09842519685039375,F2,H1,-0.01194789357799031,1,2704
觀光餐旅,20240614,5905,0.09842519685039375,F2,H3,0.012753409082560063,1,2704
觀光餐旅,20240614,5905,0.09842519685039375,F2,H5,0.02647635500508816,1,2704
觀光餐旅,20240614,5905,0.09842519685039375,F2,H10,-0.00783100980123197,1,2704
觀光餐旅,20240614,5905,0.09842519685039375,F2,S7,-0.02841542868502378,1,2704
觀光餐旅,20240614,5905,0.09842519685039375,RAND_SECTOR,H1,-0.01606477735474865,1,2727
觀光餐旅,20240614,5905,0.09842519685039375,RAND_SECTOR,H3,-0.009889451689611084,1,2727
觀光餐旅,20240614,5905,0.09842519685039375,RAND_SECTOR,H5,-0.005772567912852744,1,2727
觀光餐旅,20240614,5905,0.09842519685039375,RAND_SECTOR,H10,-0.00783100980123197,1,2727
觀光餐旅,20240614,5905,0.09842519685039375,RAND_SECTOR,S7,-0.025203324308768815,1,2727
觀光餐旅,20240710,2745,0.05284552845528445,F2,H1,-0.029949426780185306,1,2743
觀光餐旅,20240710,2745,0.05284552845528445,F2,H3,-0.04258852219673004,1,2743
觀光餐旅,20240710,2745,0.05284552845528445,F2,H5,-0.02678965292604918,1,2743
觀光餐旅,20240710,2745,0.05284552845528445,F2,H10,-0.12474264240427146,1,2743
觀光餐旅,20240710,2745,0.05284552845528445,F2,S7,-0.1373817378208163,1,2743
觀光餐旅,20240710,2745,0.05284552845528445,RAND_SECTOR,H1,0.05209866074768699,1,5905
觀光餐旅,20240710,2745,0.05284552845528445,RAND_SECTOR,H3,0.03212210389804726,1,5905
觀光餐旅,20240710,2745,0.05284552845528445,RAND_SECTOR,H5,0.08539292216375305,1,5905
觀光餐旅,20240710,2745,0.05284552845528445,RAND_SECTOR,H10,0.10536947901339278,1,5905
觀光餐旅,20240710,2745,0.05284552845528445,RAND_SECTOR,S7,0.06874579145572013,1,5905
觀光餐旅,20250102,5706,0.06112852664576818,F1,H1,-0.019595859487383516,1,2731
觀光餐旅,20250102,5706,0.06112852664576818,F1,H3,-0.035282325735585096,1,2731
觀光餐旅,20250102,5706,0.06112852664576818,F1,H5,-0.05096879198378712,1,2731
觀光餐旅,20250102,5706,0.06112852664576818,F1,H10,-0.011752626363282448,1,2731
觀光餐旅,20250102,5706,0.06112852664576818,F1,S7,-0.03136070917353484,1,2731
觀光餐旅,20250102,5706,0.06112852664576818,F3,H1,-0.018285641972412614,2,"2731,2745"
觀光餐旅,20250102,5706,0.06112852664576818,F3,H3,-0.03755939341677578,2,"2731,2745"
觀光餐旅,20250102,5706,0.06112852664576818,F3,H5,-0.0636914558532965,2,"2731,2745"
觀光餐旅,20250102,5706,0.06112852664576818,F3,H10,-0.023508440066571934,2,"2731,2745"
觀光餐旅,20250102,5706,0.06112852664576818,F3,S7,-0.06531793276843262,2,"2731,2745"
觀光餐旅,20250102,5706,0.06112852664576818,F2,H1,-0.0790083504024478,1,2736
觀光餐旅,20250102,5706,0.06112852664576818,F2,H3,-0.07685146129332032,1,2736
觀光餐旅,20250102,5706,0.06112852664576818,F2,H5,-0.12645991080325847,1,2736
觀光餐旅,20250102,5706,0.06112852664576818,F2,H10,-0.11998924347587525,1,2736
觀光餐旅,20250102,5706,0.06112852664576818,F2,S7,-0.0790083504024478,1,2736
觀光餐旅,20250102,5706,0.06112852664576818,RAND_SECTOR,H1,-0.019595859487383516,1,2731
觀光餐旅,20250102,5706,0.06112852664576818,RAND_SECTOR,H3,-0.035282325735585096,1,2731
觀光餐旅,20250102,5706,0.06112852664576818,RAND_SECTOR,H5,-0.05096879198378712,1,2731
觀光餐旅,20250102,5706,0.06112852664576818,RAND_SECTOR,H10,-0.011752626363282448,1,2731
觀光餐旅,20250102,5706,0.06112852664576818,RAND_SECTOR,S7,-0.03136070917353484,1,2731
觀光餐旅,20250117,2731,0.06198347107438007,F2,H1,-0.026798946378561284,1,5706
觀光餐旅,20250117,2731,0.06198347107438007,F2,H3,-0.009290081845641618,1,5706
觀光餐旅,20250117,2731,0.06198347107438007,F2,H5,-0.05014409908912054,1,5706
觀光餐旅,20250117,2731,0.06198347107438007,F2,H10,-0.01804451411210173,1,5706
觀光餐旅,20250117,2731,0.06198347107438007,F2,S7,-0.00783100980123197,1,5706
觀光餐旅,20250117,2731,0.06198347107438007,RAND_SECTOR,H1,-0.026798946378561284,1,5706
觀光餐旅,20250117,2731,0.06198347107438007,RAND_SECTOR,H3,-0.009290081845641618,1,5706
觀光餐旅,20250117,2731,0.06198347107438007,RAND_SECTOR,H5,-0.05014409908912054,1,5706
觀光餐旅,20250117,2731,0.06198347107438007,RAND_SECTOR,H10,-0.01804451411210173,1,5706
觀光餐旅,20250117,2731,0.06198347107438007,RAND_SECTOR,S7,-0.00783100980123197,1,5706
觀光餐旅,20250226,2731,0.05058365758754868,F2,H1,-0.0029192821269806712,1,2723
觀光餐旅,20250226,2731,0.05058365758754868,F2,H3,0.021639356244276042,1,2723
觀光餐旅,20250226,2731,0.05058365758754868,F2,H5,0.021639356244276042,1,2723
觀光餐旅,20250226,2731,0.05058365758754868,F2,H10,-0.061860014217996584,1,2723
觀光餐旅,20250226,2731,0.05058365758754868,F2,S7,-0.06480705082254734,1,2723
觀光餐旅,20250226,2731,0.05058365758754868,RAND_SECTOR,H1,-0.0029192821269806712,1,2723
觀光餐旅,20250226,2731,0.05058365758754868,RAND_SECTOR,H3,0.021639356244276042,1,2723
觀光餐旅,20250226,2731,0.05058365758754868,RAND_SECTOR,H5,0.021639356244276042,1,2723
觀光餐旅,20250226,2731,0.05058365758754868,RAND_SECTOR,H10,-0.061860014217996584,1,2723
觀光餐旅,20250226,2731,0.05058365758754868,RAND_SECTOR,S7,-0.06480705082254734,1,2723
觀光餐旅,20250506,2743,0.05122732123799367,F1,H1,-0.02211824326009415,1,5706
觀光餐旅,20250506,2743,0.05122732123799367,F1,H3,0.023918397885128506,1,5706
觀光餐旅,20250506,2743,0.05122732123799367,F1,H5,-0.00783100980123197,1,5706
觀光餐旅,20250506,2743,0.05122732123799367,F1,H10,0.0001063421203582049,1,5706
觀光餐旅,20250506,2743,0.05122732123799367,F1,S7,-0.023705713644412207,1,5706
觀光餐旅,20250506,2743,0.05122732123799367,F3,H1,-0.02917794468296117,4,"2753,2731,5706,5905"
觀光餐旅,20250506,2743,0.05122732123799367,F3,H3,0.004564451804347086,4,"2753,2731,5706,5905"
觀光餐旅,20250506,2743,0.05122732123799367,F3,H5,-0.011242811121392915,4,"2753,2731,5706,5905"
觀光餐旅,20250506,2743,0.05122732123799367,F3,H10,0.016724252134372897,4,"2753,2731,5706,5905"
觀光餐旅,20250506,2743,0.05122732123799367,F3,S7,0.004320155852736318,4,"2753,2731,5706,5905"
觀光餐旅,20250506,2743,0.05122732123799367,F2,H1,-0.04495297882227445,1,2731
觀光餐旅,20250506,2743,0.05122732123799367,F2,H3,-0.001081560888315014,1,2731
觀光餐旅,20250506,2743,0.05122732123799367,F2,H5,-0.00783100980123197,1,2731
觀光餐旅,20250506,2743,0.05122732123799367,F2,H10,0.06641292824085299,1,2731
觀光餐旅,20250506,2743,0.05122732123799367,F2,S7,0.13390741737002054,1,2731
觀光餐旅,20250506,2743,0.05122732123799367,RAND_SECTOR,H1,-0.02211824326009415,1,5706
觀光餐旅,20250506,2743,0.05122732123799367,RAND_SECTOR,H3,0.023918397885128506,1,5706
觀光餐旅,20250506,2743,0.05122732123799367,RAND_SECTOR,H5,-0.00783100980123197,1,5706
觀光餐旅,20250506,2743,0.05122732123799367,RAND_SECTOR,H10,0.0001063421203582049,1,5706
觀光餐旅,20250506,2743,0.05122732123799367,RAND_SECTOR,S7,-0.023705713644412207,1,5706
觀光餐旅,20250701,2745,0.05494505494505497,F1,H1,0.008107447872643947,1,2743
觀光餐旅,20250701,2745,0.05494505494505497,F1,H3,-0.03173869631204562,1,2743
觀光餐旅,20250701,2745,0.05494505494505497,F1,H5,-0.019784853056638685,1,2743
觀光餐旅,20250701,2745,0.05494505494505497,F1,H10,0.00013821903570621075,1,2743
觀光餐旅,20250701,2745,0.05494505494505497,F1,S7,-0.019784853056638685,1,2743
觀光餐旅,20250701,2745,0.05494505494505497,F3,H1,0.0016235019551652519,2,"2731,2743"
觀光餐旅,20250701,2745,0.05494505494505497,F3,H3,-0.03463768225123115,2,"2731,2743"
觀光餐旅,20250701,2745,0.05494505494505497,F3,H5,-0.030146043542986833,2,"2731,2743"
觀光餐旅,20250701,2745,0.05494505494505497,F3,H10,-0.0028237415693646017,2,"2731,2743"
觀光餐旅,20250701,2745,0.05494505494505497,F3,S7,-0.020576925717618433,2,"2731,2743"
觀光餐旅,20250701,2745,0.05494505494505497,F2,H1,0.008107447872643947,1,2743
觀光餐旅,20250701,2745,0.05494505494505497,F2,H3,-0.03173869631204562,1,2743
觀光餐旅,20250701,2745,0.05494505494505497,F2,H5,-0.019784853056638685,1,2743
觀光餐旅,20250701,2745,0.05494505494505497,F2,H10,0.00013821903570621075,1,2743
觀光餐旅,20250701,2745,0.05494505494505497,F2,S7,-0.019784853056638685,1,2743
觀光餐旅,20250701,2745,0.05494505494505497,RAND_SECTOR,H1,0.008107447872643947,1,2743
觀光餐旅,20250701,2745,0.05494505494505497,RAND_SECTOR,H3,-0.03173869631204562,1,2743
觀光餐旅,20250701,2745,0.05494505494505497,RAND_SECTOR,H5,-0.019784853056638685,1,2743
觀光餐旅,20250701,2745,0.05494505494505497,RAND_SECTOR,H10,0.00013821903570621075,1,2743
觀光餐旅,20250701,2745,0.05494505494505497,RAND_SECTOR,S7,-0.019784853056638685,1,2743
觀光餐旅,20250813,2753,0.05066666666666664,F2,H1,0.03919121722240626,1,2743
觀光餐旅,20250813,2753,0.05066666666666664,F2,H3,-0.012533232503595726,1,2743
觀光餐旅,20250813,2753,0.05066666666666664,F2,H5,-0.003128787098868213,1,2743
觀光餐旅,20250813,2753,0.05066666666666664,F2,H10,0.006275658305859633,1,2743
觀光餐旅,20250813,2753,0.05066666666666664,F2,S7,0.048595662627133995,1,2743
觀光餐旅,20250813,2753,0.05066666666666664,RAND_SECTOR,H1,0.03919121722240626,1,2743
觀光餐旅,20250813,2753,0.05066666666666664,RAND_SECTOR,H3,-0.012533232503595726,1,2743
觀光餐旅,20250813,2753,0.05066666666666664,RAND_SECTOR,H5,-0.003128787098868213,1,2743
觀光餐旅,20250813,2753,0.05066666666666664,RAND_SECTOR,H10,0.006275658305859633,1,2743
觀光餐旅,20250813,2753,0.05066666666666664,RAND_SECTOR,S7,0.048595662627133995,1,2743
貿易百貨,20211027,8429,0.05970149253731338,F1,H1,-0.00783100980123197,1,2905
貿易百貨,20211027,8429,0.05970149253731338,F1,H3,-0.00783100980123197,1,2905
貿易百貨,20211027,8429,0.05970149253731338,F1,H5,-0.016365796813694322,1,2905
貿易百貨,20211027,8429,0.05970149253731338,F1,H10,-0.016365796813694322,1,2905
貿易百貨,20211027,8429,0.05970149253731338,F1,S7,0.01990704798927112,1,2905
貿易百貨,20211027,8429,0.05970149253731338,F3,H1,-0.00783100980123197,1,2905
貿易百貨,20211027,8429,0.05970149253731338,F3,H3,-0.00783100980123197,1,2905
貿易百貨,20211027,8429,0.05970149253731338,F3,H5,-0.016365796813694322,1,2905
貿易百貨,20211027,8429,0.05970149253731338,F3,H10,-0.016365796813694322,1,2905
貿易百貨,20211027,8429,0.05970149253731338,F3,S7,0.01990704798927112,1,2905
貿易百貨,20211027,8429,0.05970149253731338,F2,H1,-0.005596394958441775,1,2903
貿易百貨,20211027,8429,0.05970149253731338,F2,H3,-0.01676946917239197,1,2903
貿易百貨,20211027,8429,0.05970149253731338,F2,H5,-0.00783100980123197,1,2903
貿易百貨,20211027,8429,0.05970149253731338,F2,H10,-0.0033617801156520244,1,2903
貿易百貨,20211027,8429,0.05970149253731338,F2,S7,-0.032411773071922334,1,2903
貿易百貨,20211027,8429,0.05970149253731338,RAND_SECTOR,H1,-0.005596394958441775,1,2903
貿易百貨,20211027,8429,0.05970149253731338,RAND_SECTOR,H3,-0.01676946917239197,1,2903
貿易百貨,20211027,8429,0.05970149253731338,RAND_SECTOR,H5,-0.00783100980123197,1,2903
貿易百貨,20211027,8429,0.05970149253731338,RAND_SECTOR,H10,-0.0033617801156520244,1,2903
貿易百貨,20211027,8429,0.05970149253731338,RAND_SECTOR,S7,-0.032411773071922334,1,2903
貿易百貨,20220216,2906,0.09904153354632572,F2,H1,-0.005539626452042978,1,2913
貿易百貨,20220216,2906,0.09904153354632572,F2,H3,-0.010122393150420628,1,2913
貿易百貨,20220216,2906,0.09904153354632572,F2,H5,-0.00783100980123197,1,2913
貿易百貨,20220216,2906,0.09904153354632572,F2,H10,-0.044493143388253276,1,2913
貿易百貨,20220216,2906,0.09904153354632572,F2,S7,-0.12469156060986275,1,2913
貿易百貨,20220216,2906,0.09904153354632572,RAND_SECTOR,H1,-0.00783100980123197,1,2912
貿易百貨,20220216,2906,0.09904153354632572,RAND_SECTOR,H3,-0.01351136661534691,1,2912
貿易百貨,20220216,2906,0.09904153354632572,RAND_SECTOR,H5,-0.01161791434397541,1,2912
貿易百貨,20220216,2906,0.09904153354632572,RAND_SECTOR,H10,-0.002150652987116919,1,2912
貿易百貨,20220216,2906,0.09904153354632572,RAND_SECTOR,S7,-0.004044105258488528,1,2912
貿易百貨,20220419,2913,0.06377551020408156,F2,H1,-0.012601053023341358,1,2915
貿易百貨,20220419,2913,0.06377551020408156,F2,H3,-0.04122131235599802,1,2915
貿易百貨,20220419,2913,0.06377551020408156,F2,H5,0.0303293359756438,1,2915
貿易百貨,20220419,2913,0.06377551020408156,F2,H10,0.06848968175251935,1,2915
貿易百貨,20220419,2913,0.06377551020408156,F2,S7,-0.15188631510893758,1,2915
貿易百貨,20220419,2913,0.06377551020408156,RAND_SECTOR,H1,8.523214184341654e-05,1,2906
貿易百貨,20220419,2913,0.06377551020408156,RAND_SECTOR,H3,-0.06852219803147575,1,2906
貿易百貨,20220419,2913,0.06377551020408156,RAND_SECTOR,H5,-0.10282591311813527,1,2906
貿易百貨,20220419,2913,0.06377551020408156,RAND_SECTOR,H10,-0.07643843997455102,1,2906
貿易百貨,20220419,2913,0.06377551020408156,RAND_SECTOR,S7,-0.08699342923198472,1,2906
貿易百貨,20220519,2929,0.0981308411214954,F2,H1,-0.033040385232779634,1,2912
貿易百貨,20220519,2929,0.0981308411214954,F2,H3,-0.04924641229591742,1,2912
貿易百貨,20220519,2929,0.0981308411214954,F2,H5,-0.027638376211733706,1,2912
貿易百貨,20220519,2929,0.0981308411214954,F2,H10,-0.042043733601189404,1,2912
貿易百貨,20220519,2929,0.0981308411214954,F2,S7,-0.05644909099064521,1,2912
貿易百貨,20220519,2929,0.0981308411214954,RAND_SECTOR,H1,0.0030453859500336744,1,2915
貿易百貨,20220519,2929,0.0981308411214954,RAND_SECTOR,H3,-0.009039498218039177,1,2915
貿易百貨,20220519,2929,0.0981308411214954,RAND_SECTOR,H5,-0.005414032967617333,1,2915
貿易百貨,20220519,2929,0.0981308411214954,RAND_SECTOR,H10,0.022381200618950103,1,2915
貿易百貨,20220519,2929,0.0981308411214954,RAND_SECTOR,S7,0.0006284091164188155,1,2915
貿易百貨,20220720,2906,0.07512953367875652,F1,H1,-0.00783100980123197,1,2913
貿易百貨,20220720,2906,0.07512953367875652,F1,H3,-0.010455795489588304,1,2913
貿易百貨,20220720,2906,0.07512953367875652,F1,H5,0.007917704328907371,1,2913
貿易百貨,20220720,2906,0.07512953367875652,F1,H10,-0.002581438424518745,1,2913
貿易百貨,20220720,2906,0.07512953367875652,F1,S7,0.005292918640550814,1,2913
貿易百貨,20220720,2906,0.07512953367875652,F3,H1,-0.00783100980123197,1,2913
貿易百貨,20220720,2906,0.07512953367875652,F3,H3,-0.010455795489588304,1,2913
貿易百貨,20220720,2906,0.07512953367875652,F3,H5,0.007917704328907371,1,2913
貿易百貨,20220720,2906,0.07512953367875652,F3,H10,-0.002581438424518745,1,2913
貿易百貨,20220720,2906,0.07512953367875652,F3,S7,0.005292918640550814,1,2913
貿易百貨,20220720,2906,0.07512953367875652,F2,H1,0.007807380587189883,1,2912
貿易百貨,20220720,2906,0.07512953367875652,F2,H3,0.03387136456789297,1,2912
貿易百貨,20220720,2906,0.07512953367875652,F2,H5,0.0025945837910494873,1,2912
貿易百貨,20220720,2906,0.07512953367875652,F2,H10,-0.007717482466288894,1,2912
貿易百貨,20220720,2906,0.07512953367875652,F2,S7,-0.005923119866770299,1,2912
貿易百貨,20220720,2906,0.07512953367875652,RAND_SECTOR,H1,-0.005149471989883914,1,2903
貿易百貨,20220720,2906,0.07512953367875652,RAND_SECTOR,H3,0.01630283050090009,1,2903
貿易百貨,20220720,2906,0.07512953367875652,RAND_SECTOR,H5,0.013621292689552256,1,2903
貿易百貨,20220720,2906,0.07512953367875652,RAND_SECTOR,H10,0.002895141444160032,1,2903
貿易百貨,20220720,2906,0.07512953367875652,RAND_SECTOR,S7,0.06457051110516487,1,2903
貿易百貨,20220822,2929,0.051181102362204856,F2,H1,-0.025730965809972473,1,2906
貿易百貨,20220822,2929,0.051181102362204856,F2,H3,-0.03340237552800418,1,2906
貿易百貨,20220822,2929,0.051181102362204856,F2,H5,-0.046188058391390396,1,2906
貿易百貨,20220822,2929,0.051181102362204856,F2,H10,-0.09988792641761235,1,2906
貿易百貨,20220822,2929,0.051181102362204856,F2,S7,-0.08198797040887174,1,2906
貿易百貨,20220822,2929,0.051181102362204856,RAND_SECTOR,H1,-3.9106736843819156e-05,1,2913
貿易百貨,20220822,2929,0.051181102362204856,RAND_SECTOR,H3,0.04151770960655998,1,2913
貿易百貨,20220822,2929,0.051181102362204856,RAND_SECTOR,H5,0.007752796327544331,1,2913
貿易百貨,20220822,2929,0.051181102362204856,RAND_SECTOR,H10,0.05450421471387412,1,2913
貿易百貨,20220822,2929,0.051181102362204856,RAND_SECTOR,S7,0.0856718269714265,1,2913
貿易百貨,20221115,2906,0.09836065573770503,F2,H1,-0.0725376830750647,1,2929
貿易百貨,20221115,2906,0.09836065573770503,F2,H3,-0.10129620453010146,1,2929
貿易百貨,20221115,2906,0.09836065573770503,F2,H5,-0.1120806500757402,1,2929
貿易百貨,20221115,2906,0.09836065573770503,F2,H10,-0.13364954116701777,1,2929
貿易百貨,20221115,2906,0.09836065573770503,F2,S7,-0.0725376830750647,1,2929
貿易百貨,20221115,2906,0.09836065573770503,RAND_SECTOR,H1,-0.020616692664618075,1,2903
貿易百貨,20221115,2906,0.09836065573770503,RAND_SECTOR,H3,0.015183219352863375,1,2903
貿易百貨,20221115,2906,0.09836065573770503,RAND_SECTOR,H5,0.007511809634831446,1,2903
貿易百貨,20221115,2906,0.09836065573770503,RAND_SECTOR,H10,0.004954673062154358,1,2903
貿易百貨,20221115,2906,0.09836065573770503,RAND_SECTOR,S7,0.0509831313703446,1,2903
貿易百貨,20230131,8429,0.06849315068493156,F2,H1,-0.1654653353468305,1,2929
貿易百貨,20230131,8429,0.06849315068493156,F2,H3,-0.22805543519581828,1,2929
貿易百貨,20230131,8429,0.06849315068493156,F2,H5,-0.20255576488697147,1,2929
貿易百貨,20230131,8429,0.06849315068493156,F2,H10,-0.253555105504665,1,2929
貿易百貨,20230131,8429,0.06849315068493156,F2,S7,-0.1654653353468305,1,2929
貿易百貨,20230131,8429,0.06849315068493156,RAND_SECTOR,H1,-0.04009666801907785,1,5907
貿易百貨,20230131,8429,0.06849315068493156,RAND_SECTOR,H3,-0.04009666801907785,1,5907
貿易百貨,20230131,8429,0.06849315068493156,RAND_SECTOR,H5,-0.03740786316759093,1,5907
貿易百貨,20230131,8429,0.06849315068493156,RAND_SECTOR,H10,-0.06698471653394966,1,5907
貿易百貨,20230131,8429,0.06849315068493156,RAND_SECTOR,S7,-0.08580635049436003,1,5907
貿易百貨,20230220,2906,0.08064516129032251,F2,H1,-0.004869311323026482,1,2929
貿易百貨,20230220,2906,0.08064516129032251,F2,H3,-0.001907612844821327,1,2929
貿易百貨,20230220,2906,0.08064516129032251,F2,H5,-0.004869311323026482,1,2929
貿易百貨,20230220,2906,0.08064516129032251,F2,H10,0.006977482589794581,1,2929
貿易百貨,20230220,2906,0.08064516129032251,F2,S7,-0.13222234588585347,1,2929
貿易百貨,20230220,2906,0.08064516129032251,RAND_SECTOR,H1,-0.00783100980123197,1,2912
貿易百貨,20230220,2906,0.08064516129032251,RAND_SECTOR,H3,-0.0022881662805683822,1,2912
貿易百貨,20230220,2906,0.08064516129032251,RAND_SECTOR,H5,-0.013373853321895446,1,2912
貿易百貨,20230220,2906,0.08064516129032251,RAND_SECTOR,H10,-0.0022881662805683822,1,2912
貿易百貨,20230220,2906,0.08064516129032251,RAND_SECTOR,S7,-0.004135780787456134,1,2912
貿易百貨,20230420,2913,0.09633027522935778,F2,H1,-0.015166824885880836,1,2912
貿易百貨,20230420,2913,0.09633027522935778,F2,H3,-0.00783100980123197,1,2912
貿易百貨,20230420,2913,0.09633027522935778,F2,H5,-0.0004951947165829917,1,2912
貿易百貨,20230420,2913,0.09633027522935778,F2,H10,0.0453536495624729,1,2912
貿易百貨,20230420,2913,0.09633027522935778,F2,S7,0.05819132596060839,1,2912
貿易百貨,20230420,2913,0.09633027522935778,RAND_SECTOR,H1,-0.015166824885880836,1,2912
貿易百貨,20230420,2913,0.09633027522935778,RAND_SECTOR,H3,-0.00783100980123197,1,2912
貿易百貨,20230420,2913,0.09633027522935778,RAND_SECTOR,H5,-0.0004951947165829917,1,2912
貿易百貨,20230420,2913,0.09633027522935778,RAND_SECTOR,H10,0.0453536495624729,1,2912
貿易百貨,20230420,2913,0.09633027522935778,RAND_SECTOR,S7,0.05819132596060839,1,2912
貿易百貨,20230605,2915,0.05584642233856907,F2,H1,-0.028501197097039688,1,2913
貿易百貨,20230605,2915,0.05584642233856907,F2,H3,-0.02643417836745876,1,2913
貿易百貨,20230605,2915,0.05584642233856907,F2,H5,-0.03263523455620121,1,2913
貿易百貨,20230605,2915,0.05584642233856907,F2,H10,-0.014032065989974196,1,2913
貿易百貨,20230605,2915,0.05584642233856907,F2,S7,-0.06570753422949327,1,2913
貿易百貨,20230605,2915,0.05584642233856907,RAND_SECTOR,H1,0.055621658176596256,1,2906
貿易百貨,20230605,2915,0.05584642233856907,RAND_SECTOR,H3,0.03831638509173407,1,2906
貿易百貨,20230605,2915,0.05584642233856907,RAND_SECTOR,H5,0.0037058389220094856,1,2906
貿易百貨,20230605,2915,0.05584642233856907,RAND_SECTOR,H10,0.0037058389220094856,1,2906
貿易百貨,20230605,2915,0.05584642233856907,RAND_SECTOR,S7,0.0700427190806483,1,2906
貿易百貨,20230628,2906,0.098314606741573,F2,H1,-0.017590049049088785,1,2915
貿易百貨,20230628,2906,0.098314606741573,F2,H3,-0.0062045032599225,1,2915
貿易百貨,20230628,2906,0.098314606741573,F2,H5,0.006807549070553254,1,2915
貿易百貨,20230628,2906,0.098314606741573,F2,H10,-0.002951490177303673,1,2915
貿易百貨,20230628,2906,0.098314606741573,F2,S7,-0.0013249836359942035,1,2915
貿易百貨,20230628,2906,0.098314606741573,RAND_SECTOR,H1,-0.00783100980123197,1,2913
貿易百貨,20230628,2906,0.098314606741573,RAND_SECTOR,H3,0.000759197906116782,1,2913
貿易百貨,20230628,2906,0.098314606741573,RAND_SECTOR,H5,-0.029306529069603626,1,2913
貿易百貨,20230628,2906,0.098314606741573,RAND_SECTOR,H10,-0.05078204833797517,1,2913
貿易百貨,20230628,2906,0.098314606741573,RAND_SECTOR,S7,0.011496957540302555,1,2913
貿易百貨,20230727,2913,0.09913793103448287,F2,H1,-0.01676946917239197,1,2929
貿易百貨,20230727,2913,0.09913793103448287,F2,H3,-0.021238698857972027,1,2929
貿易百貨,20230727,2913,0.09913793103448287,F2,H5,-0.012300239486811915,1,2929
貿易百貨,20230727,2913,0.09913793103448287,F2,H10,-0.03017715822913203,1,2929
貿易百貨,20230727,2913,0.09913793103448287,F2,S7,-0.07040022539935242,1,2929
貿易百貨,20230727,2913,0.09913793103448287,RAND_SECTOR,H1,-0.012320462245570374,1,2903
貿易百貨,20230727,2913,0.09913793103448287,RAND_SECTOR,H3,-0.010075736023401172,1,2903
貿易百貨,20230727,2913,0.09913793103448287,RAND_SECTOR,H5,-0.014565188467739576,1,2903
貿易百貨,20230727,2913,0.09913793103448287,RAND_SECTOR,H10,0.003392621309613819,1,2903
貿易百貨,20230727,2913,0.09913793103448287,RAND_SECTOR,S7,0.007882073753952223,1,2903
貿易百貨,20230905,2906,0.06043956043956045,F2,H1,-0.013363550638771371,1,2912
貿易百貨,20230905,2906,0.06043956043956045,F2,H3,-0.013363550638771371,1,2912
貿易百貨,20230905,2906,0.06043956043956045,F2,H5,-0.013363550638771371,1,2912
貿易百貨,20230905,2906,0.06043956043956045,F2,H10,-0.015207730917951467,1,2912
貿易百貨,20230905,2906,0.06043956043956045,F2,S7,-0.03733789426810985,1,2912
貿易百貨,20230905,2906,0.06043956043956045,RAND_SECTOR,H1,-0.013363550638771371,1,2912
貿易百貨,20230905,2906,0.06043956043956045,RAND_SECTOR,H3,-0.013363550638771371,1,2912
貿易百貨,20230905,2906,0.06043956043956045,RAND_SECTOR,H5,-0.013363550638771371,1,2912
貿易百貨,20230905,2906,0.06043956043956045,RAND_SECTOR,H10,-0.015207730917951467,1,2912
貿易百貨,20230905,2906,0.06043956043956045,RAND_SECTOR,S7,-0.03733789426810985,1,2912
貿易百貨,20231114,2915,0.05772495755517815,F2,H1,-0.0037563938250563256,1,2903
貿易百貨,20231114,2915,0.05772495755517815,F2,H3,-0.005793701813144092,1,2903
貿易百貨,20231114,2915,0.05772495755517815,F2,H5,-0.009868317789319625,1,2903
貿易百貨,20231114,2915,0.05772495755517815,F2,H10,-0.005793701813144092,1,2903
貿易百貨,20231114,2915,0.05772495755517815,F2,S7,0.0003182221511193184,1,2903
貿易百貨,20231114,2915,0.05772495755517815,RAND_SECTOR,H1,-0.0037563938250563256,1,2903
貿易百貨,20231114,2915,0.05772495755517815,RAND_SECTOR,H3,-0.005793701813144092,1,2903
貿易百貨,20231114,2915,0.05772495755517815,RAND_SECTOR,H5,-0.009868317789319625,1,2903
貿易百貨,20231114,2915,0.05772495755517815,RAND_SECTOR,H10,-0.005793701813144092,1,2903
貿易百貨,20231114,2915,0.05772495755517815,RAND_SECTOR,S7,0.0003182221511193184,1,2903
貿易百貨,20231204,2929,0.056451612903225756,F2,H1,-0.004725629550218713,1,2915
貿易百貨,20231204,2929,0.056451612903225756,F2,H3,-0.009383699926738598,1,2915
貿易百貨,20231204,2929,0.056451612903225756,F2,H5,-0.023357911056298697,1,2915
貿易百貨,20231204,2929,0.056451612903225756,F2,H10,-0.012489080177751966,1,2915
貿易百貨,20231204,2929,0.056451612903225756,F2,S7,0.0061432013283280185,1,2915
貿易百貨,20231204,2929,0.056451612903225756,RAND_SECTOR,H1,-0.010111858054562495,1,2913
貿易百貨,20231204,2929,0.056451612903225756,RAND_SECTOR,H3,-0.028358644081206363,1,2913
貿易百貨,20231204,2929,0.056451612903225756,RAND_SECTOR,H5,-0.00783100980123197,1,2913
貿易百貨,20231204,2929,0.056451612903225756,RAND_SECTOR,H10,0.030943410505386737,1,2913
貿易百貨,20231204,2929,0.056451612903225756,RAND_SECTOR,S7,-0.01695440281455385,1,2913
貿易百貨,20240216,2906,0.05500000000000016,F2,H1,-0.003083789752433841,1,2913
貿易百貨,20240216,2906,0.05500000000000016,F2,H3,0.011157870393959879,1,2913
貿易百貨,20240216,2906,0.05500000000000016,F2,H5,-0.012578229850029765,1,2913
貿易百貨,20240216,2906,0.05500000000000016,F2,H10,-0.005457399776832794,1,2913
貿易百貨,20240216,2906,0.05500000000000016,F2,S7,-0.04343516016721638,1,2913
貿易百貨,20240216,2906,0.05500000000000016,RAND_SECTOR,H1,-0.004115021073895719,1,2912
貿易百貨,20240216,2906,0.05500000000000016,RAND_SECTOR,H3,0.00331695638077667,1,2912
貿易百貨,20240216,2906,0.05500000000000016,RAND_SECTOR,H5,-0.0003990323465595802,1,2912
貿易百貨,20240216,2906,0.05500000000000016,RAND_SECTOR,H10,-0.002257026710227761,1,2912
貿易百貨,20240216,2906,0.05500000000000016,RAND_SECTOR,S7,-0.0059730154375639,1,2912
貿易百貨,20240429,2913,0.09859154929577452,F1,H1,-0.02842967395760765,1,2905
貿易百貨,20240429,2913,0.09859154929577452,F1,H3,0.01620076504787349,1,2905
貿易百貨,20240429,2913,0.09859154929577452,F1,H5,-0.004397899108502634,1,2905
貿易百貨,20240429,2913,0.09859154929577452,F1,H10,0.09172920028791798,1,2905
貿易百貨,20240429,2913,0.09859154929577452,F1,S7,0.2118880745334435,1,2905
貿易百貨,20240429,2913,0.09859154929577452,F3,H1,-0.02842967395760765,1,2905
貿易百貨,20240429,2913,0.09859154929577452,F3,H3,0.01620076504787349,1,2905
貿易百貨,20240429,2913,0.09859154929577452,F3,H5,-0.004397899108502634,1,2905
貿易百貨,20240429,2913,0.09859154929577452,F3,H10,0.09172920028791798,1,2905
貿易百貨,20240429,2913,0.09859154929577452,F3,S7,0.2118880745334435,1,2905
貿易百貨,20240429,2913,0.09859154929577452,F2,H1,-0.0029793276975702554,1,2906
貿易百貨,20240429,2913,0.09859154929577452,F2,H3,0.052815016494536016,1,2906
貿易百貨,20240429,2913,0.09859154929577452,F2,H5,0.07707342701284348,1,2906
貿易百貨,20240429,2913,0.09859154929577452,F2,H10,0.043111652287213476,1,2906
貿易百貨,20240429,2913,0.09859154929577452,F2,S7,0.021279082820736983,1,2906
貿易百貨,20240429,2913,0.09859154929577452,RAND_SECTOR,H1,-0.0019601873740201503,1,2903
貿易百貨,20240429,2913,0.09859154929577452,RAND_SECTOR,H3,0.012716868694008676,1,2903
貿易百貨,20240429,2913,0.09859154929577452,RAND_SECTOR,H5,0.003910635053191447,1,2903
貿易百貨,20240429,2913,0.09859154929577452,RAND_SECTOR,H10,0.005378340659994318,1,2903
貿易百貨,20240429,2913,0.09859154929577452,RAND_SECTOR,S7,-0.05773300043253082,1,2903
貿易百貨,20240702,2906,0.10000000000000009,F2,H1,-0.003469827426731964,1,2913
貿易百貨,20240702,2906,0.10000000000000009,F2,H3,0.016155493258518616,1,2913
貿易百貨,20240702,2906,0.10000000000000009,F2,H5,0.0030719461350183774,1,2913
貿易百貨,20240702,2906,0.10000000000000009,F2,H10,0.022697266820268513,1,2913
貿易百貨,20240702,2906,0.10000000000000009,F2,S7,-0.03617869523548234,1,2913
貿易百貨,20240702,2906,0.10000000000000009,RAND_SECTOR,H1,-0.003469827426731964,1,2913
貿易百貨,20240702,2906,0.10000000000000009,RAND_SECTOR,H3,0.016155493258518616,1,2913
貿易百貨,20240702,2906,0.10000000000000009,RAND_SECTOR,H5,0.0030719461350183774,1,2913
貿易百貨,20240702,2906,0.10000000000000009,RAND_SECTOR,H10,0.022697266820268513,1,2913
貿易百貨,20240702,2906,0.10000000000000009,RAND_SECTOR,S7,-0.03617869523548234,1,2913
貿易百貨,20240927,2929,0.09956236323851209,F2,H1,-0.022929233565126217,1,2913
貿易百貨,20240927,2929,0.09956236323851209,F2,H3,-0.07253768307506459,1,2913
貿易百貨,20240927,2929,0.09956236323851209,F2,H5,-0.09194968505721446,1,2913
貿易百貨,20240927,2929,0.09956236323851209,F2,H10,-0.10273413060285319,1,2913
貿易百貨,20240927,2929,0.09956236323851209,F2,S7,-0.07253768307506459,1,2913
貿易百貨,20240927,2929,0.09956236323851209,RAND_SECTOR,H1,-0.03716934015657192,1,2905
貿易百貨,20240927,2929,0.09956236323851209,RAND_SECTOR,H3,-0.05050494486354451,1,2905
貿易百貨,20240927,2929,0.09956236323851209,RAND_SECTOR,H5,-0.03183509827378306,1,2905
貿易百貨,20240927,2929,0.09956236323851209,RAND_SECTOR,H10,-0.08784463804306808,1,2905
貿易百貨,20240927,2929,0.09956236323851209,RAND_SECTOR,S7,-0.07717615427748992,1,2905
貿易百貨,20250317,2929,0.06181818181818177,F2,H1,0.012253382712913208,1,2903
貿易百貨,20250317,2929,0.06181818181818177,F2,H3,0.03434621447847275,1,2903
貿易百貨,20250317,2929,0.06181818181818177,F2,H5,0.0202871397185711,1,2903
貿易百貨,20250317,2929,0.06181818181818177,F2,H10,-0.023898523812547867,1,2903
貿易百貨,20250317,2929,0.06181818181818177,F2,S7,-0.12231204713185884,1,2903
貿易百貨,20250317,2929,0.06181818181818177,RAND_SECTOR,H1,-0.02154763178554675,1,8429
貿易百貨,20250317,2929,0.06181818181818177,RAND_SECTOR,H3,-0.030692046441756493,1,8429
貿易百貨,20250317,2929,0.06181818181818177,RAND_SECTOR,H5,-0.06726970506659602,1,8429
貿易百貨,20250317,2929,0.06181818181818177,RAND_SECTOR,H10,-0.12579395886633882,1,8429
貿易百貨,20250317,2929,0.06181818181818177,RAND_SECTOR,S7,-0.08555853437901562,1,8429
貿易百貨,20251022,2905,0.06374501992031867,F2,H1,0.005126421040916318,1,2915
貿易百貨,20251022,2905,0.06374501992031867,F2,H3,-0.00042676360571891614,1,2915
貿易百貨,20251022,2905,0.06374501992031867,F2,H5,0.0014242979431593472,1,2915
貿易百貨,20251022,2905,0.06374501992031867,F2,H10,0.006977482589794581,1,2915
貿易百貨,20251022,2905,0.06374501992031867,F2,S7,-0.011533132898988496,1,2915
貿易百貨,20251022,2905,0.06374501992031867,RAND_SECTOR,H1,0.0011074495699279208,1,2903
貿易百貨,20251022,2905,0.06374501992031867,RAND_SECTOR,H3,-0.014534854329601998,1,2903
貿易百貨,20251022,2905,0.06374501992031867,RAND_SECTOR,H5,-0.021238698857972027,1,2903
貿易百貨,20251022,2905,0.06374501992031867,RAND_SECTOR,H10,-0.021238698857972027,1,2903
貿易百貨,20251022,2905,0.06374501992031867,RAND_SECTOR,S7,0.07261512453920882,1,2903
貿易百貨,20260604,4807,0.09953343701399708,F2,H1,-0.07738512457805269,1,2912
貿易百貨,20260604,4807,0.09953343701399708,F2,H3,-0.09170508938504518,1,2912
貿易百貨,20260604,4807,0.09953343701399708,F2,H5,-0.06306515977106042,1,2912
貿易百貨,20260604,4807,0.09953343701399708,F2,H10,-0.08147654309433627,1,2912
貿易百貨,20260604,4807,0.09953343701399708,F2,S7,-0.09579650790132899,1,2912
貿易百貨,20260604,4807,0.09953343701399708,RAND_SECTOR,H1,-0.07225756760634683,1,2913
貿易百貨,20260604,4807,0.09953343701399708,RAND_SECTOR,H3,-0.05937225604532392,1,2913
貿易百貨,20260604,4807,0.09953343701399708,RAND_SECTOR,H5,-0.04219184063062664,1,2913
貿易百貨,20260604,4807,0.09953343701399708,RAND_SECTOR,H10,-0.03360163292327778,1,2913
貿易百貨,20260604,4807,0.09953343701399708,RAND_SECTOR,S7,-0.08084777531369558,1,2913
貿易百貨,20260629,2906,0.09859154929577474,F2,H1,0.0013557401080159792,1,2913
貿易百貨,20260629,2906,0.09859154929577474,F2,H3,0.010542490017263484,1,2913
貿易百貨,20260629,2906,0.09859154929577474,F2,H5,0.03810273974500733,1,2913
貿易百貨,20260629,2906,0.09859154929577474,F2,H10,0.024322614881135518,1,2913
貿易百貨,20260629,2906,0.09859154929577474,F2,S7,0.033509364790383245,1,2913
貿易百貨,20260629,2906,0.09859154929577474,RAND_SECTOR,H1,-0.014553021929949894,1,4807
貿易百貨,20260629,2906,0.09859154929577474,RAND_SECTOR,H3,0.008301819307691138,1,4807
貿易百貨,20260629,2906,0.09859154929577474,RAND_SECTOR,H5,0.02981225811958854,1,4807
貿易百貨,20260629,2906,0.09859154929577474,RAND_SECTOR,H10,0.15215287886225526,1,4807
貿易百貨,20260629,2906,0.09859154929577474,RAND_SECTOR,S7,0.02443464841661447,1,4807
貿易百貨,20260814,2915,0.09981515711645095,F2,H1,0.011788151021907556,1,2905
貿易百貨,20260814,2915,0.09981515711645095,F2,H3,-0.00783100980123197,1,2905
貿易百貨,20260814,2915,0.09981515711645095,F2,H5,-0.013436484322128628,1,2905
貿易百貨,20260814,2915,0.09981515711645095,F2,H10,-0.018992931369081978,1,2905
貿易百貨,20260814,2915,0.09981515711645095,F2,S7,0.046597657521938673,1,2905
貿易百貨,20260814,2915,0.09981515711645095,RAND_SECTOR,H1,-0.014769254487936534,1,2912
貿易百貨,20260814,2915,0.09981515711645095,RAND_SECTOR,H3,0.012983724258882168,1,2912
貿易百貨,20260814,2915,0.09981515711645095,RAND_SECTOR,H5,0.029172961861193114,1,2912
貿易百貨,20260814,2915,0.09981515711645095,RAND_SECTOR,H10,0.012983724258882168,1,2912
貿易百貨,20260814,2915,0.09981515711645095,RAND_SECTOR,S7,-0.0008927651145271831,1,2912
資訊服務業,20211004,5210,0.09000000000000008,F2,H1,0.014775372253929886,1,6163
資訊服務業,20211004,5210,0.09000000000000008,F2,H3,0.08008269819106406,1,6163
資訊服務業,20211004,5210,0.09000000000000008,F2,H5,0.03989357453744291,1,6163
資訊服務業,20211004,5210,0.09000000000000008,F2,H10,-0.01787829071463709,1,6163
資訊服務業,20211004,5210,0.09000000000000008,F2,S7,0.017287192482281055,1,6163
資訊服務業,20211004,5210,0.09000000000000008,RAND_SECTOR,H1,0.014775372253929886,1,6163
資訊服務業,20211004,5210,0.09000000000000008,RAND_SECTOR,H3,0.08008269819106406,1,6163
資訊服務業,20211004,5210,0.09000000000000008,RAND_SECTOR,H5,0.03989357453744291,1,6163
資訊服務業,20211004,5210,0.09000000000000008,RAND_SECTOR,H10,-0.01787829071463709,1,6163
資訊服務業,20211004,5210,0.09000000000000008,RAND_SECTOR,S7,0.017287192482281055,1,6163
資訊服務業,20211101,6163,0.08056872037914697,F2,H1,-0.039767779872007636,1,5210
資訊服務業,20211101,6163,0.08056872037914697,F2,H3,-0.0014436557870767253,1,5210
資訊服務業,20211101,6163,0.08056872037914697,F2,H5,-0.04615513388616299,1,5210
資訊服務業,20211101,6163,0.08056872037914697,F2,H10,-0.05680072390975488,1,5210
資訊服務業,20211101,6163,0.08056872037914697,F2,S7,-0.08447925797109379,1,5210
資訊服務業,20211101,6163,0.08056872037914697,RAND_SECTOR,H1,-0.024701045766354346,1,3029
資訊服務業,20211101,6163,0.08056872037914697,RAND_SECTOR,H3,-0.023646668518534253,1,3029
資訊服務業,20211101,6163,0.08056872037914697,RAND_SECTOR,H5,-0.03419044099673574,1,3029
資訊服務業,20211101,6163,0.08056872037914697,RAND_SECTOR,H10,-0.02575542301417455,1,3029
資訊服務業,20211101,6163,0.08056872037914697,RAND_SECTOR,S7,-0.053899277544594004,1,3029
資訊服務業,20211123,6140,0.10000000000000009,F2,H1,-0.012424384755855944,1,5210
資訊服務業,20211123,6140,0.10000000000000009,F2,H3,-0.07213825916596694,1,5210
資訊服務業,20211123,6140,0.10000000000000009,F2,H5,-0.0813250090752149,1,5210
資訊服務業,20211123,6140,0.10000000000000009,F2,H10,-0.09969850889371046,1,5210
資訊服務業,20211123,6140,0.10000000000000009,F2,S7,-0.09051175898446262,1,5210
資訊服務業,20211123,6140,0.10000000000000009,RAND_SECTOR,H1,-0.0032216300558253197,1,6231
資訊服務業,20211123,6140,0.10000000000000009,RAND_SECTOR,H3,-0.07812405091868235,1,6231
資訊服務業,20211123,6140,0.10000000000000009,RAND_SECTOR,H5,-0.014745079419341556,1,6231
資訊服務業,20211123,6140,0.10000000000000009,RAND_SECTOR,H10,0.010606509180394408,1,6231
資訊服務業,20211123,6140,0.10000000000000009,RAND_SECTOR,S7,-0.013592734482990254,1,6231
資訊服務業,20211217,4994,0.09934853420195444,F2,H1,-0.01634748182010548,1,2427
資訊服務業,20211217,4994,0.09934853420195444,F2,H3,0.0006854622176415415,1,2427
資訊服務業,20211217,4994,0.09934853420195444,F2,H5,0.009201934236515052,1,2427
資訊服務業,20211217,4994,0.09934853420195444,F2,H10,0.18804784663285967,1,2427
資訊服務業,20211217,4994,0.09934853420195444,F2,S7,0.14120725052905492,1,2427
資訊服務業,20211217,4994,0.09934853420195444,RAND_SECTOR,H1,-0.01634748182010548,1,2427
資訊服務業,20211217,4994,0.09934853420195444,RAND_SECTOR,H3,0.0006854622176415415,1,2427
資訊服務業,20211217,4994,0.09934853420195444,RAND_SECTOR,H5,0.009201934236515052,1,2427
資訊服務業,20211217,4994,0.09934853420195444,RAND_SECTOR,H10,0.18804784663285967,1,2427
資訊服務業,20211217,4994,0.09934853420195444,RAND_SECTOR,S7,0.14120725052905492,1,2427
資訊服務業,20220303,6231,0.09582059123343534,F2,H1,-0.013930409331142313,1,3029
資訊服務業,20220303,6231,0.09582059123343534,F2,H3,-0.017996675684415986,1,3029
資訊服務業,20220303,6231,0.09582059123343534,F2,H5,0.006400922435225942,1,3029
資訊服務業,20220303,6231,0.09582059123343534,F2,H10,-0.014198104449553273,1,3029
資訊服務業,20220303,6231,0.09582059123343534,F2,S7,-0.027371403721942245,1,3029
資訊服務業,20220303,6231,0.09582059123343534,RAND_SECTOR,H1,-0.013930409331142313,1,3029
資訊服務業,20220303,6231,0.09582059123343534,RAND_SECTOR,H3,-0.017996675684415986,1,3029
資訊服務業,20220303,6231,0.09582059123343534,RAND_SECTOR,H5,0.006400922435225942,1,3029
資訊服務業,20220303,6231,0.09582059123343534,RAND_SECTOR,H10,-0.014198104449553273,1,3029
資訊服務業,20220303,6231,0.09582059123343534,RAND_SECTOR,S7,-0.027371403721942245,1,3029
資訊服務業,20220322,8284,0.057761732851985714,F2,H1,-0.06098291999045169,1,6231
資訊服務業,20220322,8284,0.057761732851985714,F2,H3,-0.10084685263236648,1,6231
資訊服務業,20220322,8284,0.057761732851985714,F2,H5,-0.03883629074494355,1,6231
資訊服務業,20220322,8284,0.057761732851985714,F2,H10,-0.03883629074494355,1,6231
資訊服務業,20220322,8284,0.057761732851985714,F2,S7,-0.10084685263236648,1,6231
資訊服務業,20220322,8284,0.057761732851985714,RAND_SECTOR,H1,-0.06098291999045169,1,6231
資訊服務業,20220322,8284,0.057761732851985714,RAND_SECTOR,H3,-0.10084685263236648,1,6231
資訊服務業,20220322,8284,0.057761732851985714,RAND_SECTOR,H5,-0.03883629074494355,1,6231
資訊服務業,20220322,8284,0.057761732851985714,RAND_SECTOR,H10,-0.03883629074494355,1,6231
資訊服務業,20220322,8284,0.057761732851985714,RAND_SECTOR,S7,-0.10084685263236648,1,6231
資訊服務業,20220629,6140,0.09814323607427045,F2,H1,-0.07277298006878763,1,2427
資訊服務業,20220629,6140,0.09814323607427045,F2,H3,-0.07638086730587412,1,2427
資訊服務業,20220629,6140,0.09814323607427045,F2,H5,-0.04390988217209624,1,2427
資訊服務業,20220629,6140,0.09814323607427045,F2,H10,-0.07638086730587412,1,2427
資訊服務業,20220629,6140,0.09814323607427045,F2,S7,-0.07277298006878763,1,2427
資訊服務業,20220629,6140,0.09814323607427045,RAND_SECTOR,H1,-0.03185447203364766,1,5210
資訊服務業,20220629,6140,0.09814323607427045,RAND_SECTOR,H3,-0.03425681825688898,1,5210
資訊服務業,20220629,6140,0.09814323607427045,RAND_SECTOR,H5,-0.048670895596338415,1,5210
資訊服務業,20220629,6140,0.09814323607427045,RAND_SECTOR,H10,-0.04626854937309688,1,5210
資訊服務業,20220629,6140,0.09814323607427045,RAND_SECTOR,S7,-0.06308497293578796,1,5210
資訊服務業,20220805,3147,0.06273764258555126,F2,H1,0.004075018081153292,1,2427
資訊服務業,20220805,3147,0.06273764258555126,F2,H3,-0.00783100980123197,1,2427
資訊服務業,20220805,3147,0.06273764258555126,F2,H5,0.0001063421203582049,1,2427
資訊服務業,20220805,3147,0.06273764258555126,F2,H10,0.05963648153228429,1,2427
資訊服務業,20220805,3147,0.06273764258555126,F2,S7,0.03582442576751399,1,2427
資訊服務業,20220805,3147,0.06273764258555126,RAND_SECTOR,H1,0.004075018081153292,1,2427
資訊服務業,20220805,3147,0.06273764258555126,RAND_SECTOR,H3,-0.00783100980123197,1,2427
資訊服務業,20220805,3147,0.06273764258555126,RAND_SECTOR,H5,0.0001063421203582049,1,2427
資訊服務業,20220805,3147,0.06273764258555126,RAND_SECTOR,H10,0.05963648153228429,1,2427
資訊服務業,20220805,3147,0.06273764258555126,RAND_SECTOR,S7,0.03582442576751399,1,2427
資訊服務業,20220916,6140,0.09925558312655092,F2,H1,-0.03321207699236317,1,5211
資訊服務業,20220916,6140,0.09925558312655092,F2,H3,-0.040134186226308155,1,5211
資訊服務業,20220916,6140,0.09925558312655092,F2,H5,-0.07243736265138412,1,5211
資訊服務業,20220916,6140,0.09925558312655092,F2,H10,-0.14396582473548147,1,5211
資訊服務業,20220916,6140,0.09925558312655092,F2,S7,-0.09089632060857078,1,5211
資訊服務業,20220916,6140,0.09925558312655092,RAND_SECTOR,H1,-0.021212865160367356,1,3147
資訊服務業,20220916,6140,0.09925558312655092,RAND_SECTOR,H3,-0.025036252405834736,1,3147
資訊服務業,20220916,6140,0.09925558312655092,RAND_SECTOR,H5,-0.011654397046699239,1,3147
資訊服務業,20220916,6140,0.09925558312655092,RAND_SECTOR,H10,-0.011654397046699239,1,3147
資訊服務業,20220916,6140,0.09925558312655092,RAND_SECTOR,S7,-0.038418107764970566,1,3147
資訊服務業,20221107,5410,0.09752066115702496,F2,H1,-0.024367159637878277,1,2468
資訊服務業,20221107,5410,0.09752066115702496,F2,H3,-0.03594246452353056,1,2468
資訊服務業,20221107,5410,0.09752066115702496,F2,H5,-0.10870152380477327,1,2468
資訊服務業,20221107,5410,0.09752066115702496,F2,H10,0.04177743970870651,1,2468
資訊服務業,20221107,5410,0.09752066115702496,F2,S7,-0.0921653739681273,1,2468
資訊服務業,20221107,5410,0.09752066115702496,RAND_SECTOR,H1,-0.0002456199679079507,1,6214
資訊服務業,20221107,5410,0.09752066115702496,RAND_SECTOR,H3,0.028578861398722566,1,6214
資訊服務業,20221107,5410,0.09752066115702496,RAND_SECTOR,H5,0.024027627498728332,1,6214
資訊服務業,20221107,5410,0.09752066115702496,RAND_SECTOR,H10,0.016442237665404535,1,6214
資訊服務業,20221107,5410,0.09752066115702496,RAND_SECTOR,S7,0.07105704446533667,1,6214
資訊服務業,20221202,6231,0.06314580941446613,F2,H1,-0.0830176643333822,1,2468
資訊服務業,20221202,6231,0.06314580941446613,F2,H3,-0.1242966119196609,1,2468
資訊服務業,20221202,6231,0.06314580941446613,F2,H5,-0.13019360443198635,1,2468
資訊服務業,20221202,6231,0.06314580941446613,F2,H10,-0.20685450709221798,1,2468
資訊服務業,20221202,6231,0.06314580941446613,F2,S7,-0.10513138625460272,1,2468
資訊服務業,20221202,6231,0.06314580941446613,RAND_SECTOR,H1,-0.0830176643333822,1,2468
資訊服務業,20221202,6231,0.06314580941446613,RAND_SECTOR,H3,-0.1242966119196609,1,2468
資訊服務業,20221202,6231,0.06314580941446613,RAND_SECTOR,H5,-0.13019360443198635,1,2468
資訊服務業,20221202,6231,0.06314580941446613,RAND_SECTOR,H10,-0.20685450709221798,1,2468
資訊服務業,20221202,6231,0.06314580941446613,RAND_SECTOR,S7,-0.10513138625460272,1,2468
資訊服務業,20230111,2468,0.0992366412213741,F2,H1,-0.02649249551029964,1,5410
資訊服務業,20230111,2468,0.0992366412213741,F2,H3,-0.020272000273943713,1,5410
資訊服務業,20230111,2468,0.0992366412213741,F2,H5,-0.031157866937566503,1,5410
資訊服務業,20230111,2468,0.0992366412213741,F2,H10,-0.0031656383739651073,1,5410
資訊服務業,20230111,2468,0.0992366412213741,F2,S7,0.07148030446230602,1,5410
資訊服務業,20230111,2468,0.0992366412213741,RAND_SECTOR,H1,0.004771598619306872,1,6231
資訊服務業,20230111,2468,0.0992366412213741,RAND_SECTOR,H3,0.062056182349027766,1,6231
資訊服務業,20230111,2468,0.0992366412213741,RAND_SECTOR,H5,0.07580448244416083,1,6231
資訊服務業,20230111,2468,0.0992366412213741,RAND_SECTOR,H10,0.13423475784847616,1,6231
資訊服務業,20230111,2468,0.0992366412213741,RAND_SECTOR,S7,0.18579088320522508,1,6231
資訊服務業,20230612,6148,0.09895833333333348,F2,H1,0.09003599943606155,1,2468
資訊服務業,20230612,6148,0.09895833333333348,F2,H3,0.2317744266073143,1,2468
資訊服務業,20230612,6148,0.09895833333333348,F2,H5,0.44944415404888094,1,2468
資訊服務業,20230612,6148,0.09895833333333348,F2,H10,0.43425789399481785,1,2468
資訊服務業,20230612,6148,0.09895833333333348,F2,S7,0.061350841556165436,1,2468
資訊服務業,20230612,6148,0.09895833333333348,RAND_SECTOR,H1,0.01676822136072098,1,2480
資訊服務業,20230612,6148,0.09895833333333348,RAND_SECTOR,H3,0.03606369406736798,1,2480
資訊服務業,20230612,6148,0.09895833333333348,RAND_SECTOR,H5,-0.007105626518772334,1,2480
資訊服務業,20230612,6148,0.09895833333333348,RAND_SECTOR,H10,-0.02437335475322866,1,2480
資訊服務業,20230612,6148,0.09895833333333348,RAND_SECTOR,S7,-0.033007218870456545,1,2480
資訊服務業,20230904,5210,0.09230769230769242,F2,H1,0.006342832915893437,1,6112
資訊服務業,20230904,5210,0.09230769230769242,F2,H3,0.004767961502879281,1,6112
資訊服務業,20230904,5210,0.09230769230769242,F2,H5,-0.00783100980123197,1,6112
資訊服務業,20230904,5210,0.09230769230769242,F2,H10,-0.03145408099644076,1,6112
資訊服務業,20230904,5210,0.09230769230769242,F2,S7,0.003193090089865347,1,6112
資訊服務業,20230904,5210,0.09230769230769242,RAND_SECTOR,H1,0.004943698227078519,1,4953
資訊服務業,20230904,5210,0.09230769230769242,RAND_SECTOR,H3,0.03900958630257256,1,4953
資訊服務業,20230904,5210,0.09230769230769242,RAND_SECTOR,H5,0.01346017024595203,1,4953
資訊服務業,20230904,5210,0.09230769230769242,RAND_SECTOR,H10,0.030493114283699052,1,4953
資訊服務業,20230904,5210,0.09230769230769242,RAND_SECTOR,S7,0.017718406255388786,1,4953
資訊服務業,20240102,6140,0.09926470588235281,F2,H1,-0.02481189716404686,1,6163
資訊服務業,20240102,6140,0.09926470588235281,F2,H3,0.004298195457921539,1,6163
資訊服務業,20240102,6140,0.09926470588235281,F2,H5,0.009149877561583253,1,6163
資訊服務業,20240102,6140,0.09926470588235281,F2,H10,-0.015108532956724097,1,6163
資訊服務業,20240102,6140,0.09926470588235281,F2,S7,-0.058773671889677304,1,6163
資訊服務業,20240102,6140,0.09926470588235281,RAND_SECTOR,H1,-0.013574390352310117,1,5410
資訊服務業,20240102,6140,0.09926470588235281,RAND_SECTOR,H3,-0.030804532005544782,1,5410
資訊服務業,20240102,6140,0.09926470588235281,RAND_SECTOR,H5,-0.04947051879654907,1,5410
資訊服務業,20240102,6140,0.09926470588235281,RAND_SECTOR,H10,-0.0422912931077013,1,5410
資訊服務業,20240102,6140,0.09926470588235281,RAND_SECTOR,S7,-0.0408554479699319,1,5410
資訊服務業,20240827,3147,0.09926470588235303,F1,H1,-0.03049919411157276,1,2453
資訊服務業,20240827,3147,0.09926470588235303,F1,H3,-0.014805835742875306,1,2453
資訊服務業,20240827,3147,0.09926470588235303,F1,H5,-0.07583556273225456,1,2453
資訊服務業,20240827,3147,0.09926470588235303,F1,H10,-0.10199116001341724,1,2453
資訊服務業,20240827,3147,0.09926470588235303,F1,S7,-0.07757926921766567,1,2453
資訊服務業,20240827,3147,0.09926470588235303,F3,H1,-0.03049919411157276,1,2453
資訊服務業,20240827,3147,0.09926470588235303,F3,H3,-0.014805835742875306,1,2453
資訊服務業,20240827,3147,0.09926470588235303,F3,H5,-0.07583556273225456,1,2453
資訊服務業,20240827,3147,0.09926470588235303,F3,H10,-0.10199116001341724,1,2453
資訊服務業,20240827,3147,0.09926470588235303,F3,S7,-0.07757926921766567,1,2453
資訊服務業,20240827,3147,0.09926470588235303,F2,H1,-0.0662640392720728,1,8099
資訊服務業,20240827,3147,0.09926470588235303,F2,H3,-0.04479884477258045,1,8099
資訊服務業,20240827,3147,0.09926470588235303,F2,H5,-0.11754200390974967,1,8099
資訊服務業,20240827,3147,0.09926470588235303,F2,H10,-0.12350455793738646,1,8099
資訊服務業,20240827,3147,0.09926470588235303,F2,S7,-0.10203936343789377,1,8099
資訊服務業,20240827,3147,0.09926470588235303,RAND_SECTOR,H1,-0.02539152290209501,1,2427
資訊服務業,20240827,3147,0.09926470588235303,RAND_SECTOR,H3,-0.00783100980123197,1,2427
資訊服務業,20240827,3147,0.09926470588235303,RAND_SECTOR,H5,-0.07104885696433938,1,2427
資訊服務業,20240827,3147,0.09926470588235303,RAND_SECTOR,H10,-0.09387752399546134,1,2427
資訊服務業,20240827,3147,0.09926470588235303,RAND_SECTOR,S7,-0.07280490827442554,1,2427
資訊服務業,20241014,3029,0.06263498920086397,F1,H1,-0.018896091476310994,1,2427
資訊服務業,20241014,3029,0.06263498920086397,F1,H3,0.010610792990566775,1,2427
資訊服務業,20241014,3029,0.06263498920086397,F1,H5,-0.0004542886845123606,1,2427
資訊服務業,20241014,3029,0.06263498920086397,F1,H10,0.008766612711387012,1,2427
資訊服務業,20241014,3029,0.06263498920086397,F1,S7,-0.022584452034670854,1,2427
資訊服務業,20241014,3029,0.06263498920086397,F3,H1,-0.019312392080076846,3,"6163,2427,6214"
資訊服務業,20241014,3029,0.06263498920086397,F3,H3,-0.004336201576058148,3,"6163,2427,6214"
資訊服務業,20241014,3029,0.06263498920086397,F3,H5,-0.017716532366286713,3,"6163,2427,6214"
資訊服務業,20241014,3029,0.06263498920086397,F3,H10,-0.014741512405128998,3,"6163,2427,6214"
資訊服務業,20241014,3029,0.06263498920086397,F3,S7,-0.019725120740439788,3,"6163,2427,6214"
資訊服務業,20241014,3029,0.06263498920086397,F2,H1,-0.03835928642273245,1,5210
資訊服務業,20241014,3029,0.06263498920086397,F2,H3,-0.029200803436282285,1,5210
資訊服務業,20241014,3029,0.06263498920086397,F2,H5,-0.00783100980123197,1,5210
資訊服務業,20241014,3029,0.06263498920086397,F2,H10,-0.030727217267357387,1,5210
資訊服務業,20241014,3029,0.06263498920086397,F2,S7,-0.024621561943057313,1,5210
資訊服務業,20241014,3029,0.06263498920086397,RAND_SECTOR,H1,-0.01453485432960211,1,6148
資訊服務業,20241014,3029,0.06263498920086397,RAND_SECTOR,H3,-0.006155048669139518,1,6148
資訊服務業,20241014,3029,0.06263498920086397,RAND_SECTOR,H5,0.0022247569913231846,1,6148
資訊服務業,20241014,3029,0.06263498920086397,RAND_SECTOR,H10,-0.004479087537046955,1,6148
資訊服務業,20241014,3029,0.06263498920086397,RAND_SECTOR,S7,-0.1536396282932807,1,6148
資訊服務業,20241125,3029,0.10000000000000009,F2,H1,-0.022750844240311152,1,6214
資訊服務業,20241125,3029,0.10000000000000009,F2,H3,-0.04513059589893009,1,6214
資訊服務業,20241125,3029,0.10000000000000009,F2,H5,-0.04140063728915999,1,6214
資訊服務業,20241125,3029,0.10000000000000009,F2,H10,0.1935867551263375,1,6214
資訊服務業,20241125,3029,0.10000000000000009,F2,S7,0.06676816239416428,1,6214
資訊服務業,20241125,3029,0.10000000000000009,RAND_SECTOR,H1,-0.022750844240311152,1,6214
資訊服務業,20241125,3029,0.10000000000000009,RAND_SECTOR,H3,-0.04513059589893009,1,6214
資訊服務業,20241125,3029,0.10000000000000009,RAND_SECTOR,H5,-0.04140063728915999,1,6214
資訊服務業,20241125,3029,0.10000000000000009,RAND_SECTOR,H10,0.1935867551263375,1,6214
資訊服務業,20241125,3029,0.10000000000000009,RAND_SECTOR,S7,0.06676816239416428,1,6214
資訊服務業,20250110,6112,0.0575139146567718,F1,H1,-0.011567992815163408,1,2471
資訊服務業,20250110,6112,0.0575139146567718,F1,H3,-0.05641178898233923,1,2471
資訊服務業,20250110,6112,0.0575139146567718,F1,H5,-0.06762273802413332,1,2471
資訊服務業,20250110,6112,0.0575139146567718,F1,H10,0.1024099891097423,1,2471
資訊服務業,20250110,6112,0.0575139146567718,F1,S7,0.13977981924905558,1,2471
資訊服務業,20250110,6112,0.0575139146567718,F3,H1,-0.015835734313084826,5,"2468,2480,2471,2453,4953"
資訊服務業,20250110,6112,0.0575139146567718,F3,H3,-0.013330993080084652,5,"2468,2480,2471,2453,4953"
資訊服務業,20250110,6112,0.0575139146567718,F3,H5,-0.025189258358004563,5,"2468,2480,2471,2453,4953"
資訊服務業,20250110,6112,0.0575139146567718,F3,H10,0.11259889871510645,5,"2468,2480,2471,2453,4953"
資訊服務業,20250110,6112,0.0575139146567718,F3,S7,0.16193303859154223,5,"2468,2480,2471,2453,4953"
資訊服務業,20250110,6112,0.0575139146567718,F2,H1,-0.011567992815163408,1,2471
資訊服務業,20250110,6112,0.0575139146567718,F2,H3,-0.05641178898233923,1,2471
資訊服務業,20250110,6112,0.0575139146567718,F2,H5,-0.06762273802413332,1,2471
資訊服務業,20250110,6112,0.0575139146567718,F2,H10,0.1024099891097423,1,2471
資訊服務業,20250110,6112,0.0575139146567718,F2,S7,0.13977981924905558,1,2471
資訊服務業,20250110,6112,0.0575139146567718,RAND_SECTOR,H1,0.02729001640049411,1,5202
資訊服務業,20250110,6112,0.0575139146567718,RAND_SECTOR,H3,0.042655465363749645,1,5202
資訊服務業,20250110,6112,0.0575139146567718,RAND_SECTOR,H5,0.007534439162023343,1,5202
資訊服務業,20250110,6112,0.0575139146567718,RAND_SECTOR,H10,0.17655437775783112,1,5202
資訊服務業,20250110,6112,0.0575139146567718,RAND_SECTOR,S7,0.24679643016128372,1,5202
資訊服務業,20250320,2453,0.09924812030075181,F1,H1,0.004660326406306536,1,6112
資訊服務業,20250320,2453,0.09924812030075181,F1,H3,0.11708235227415265,1,6112
資訊服務業,20250320,2453,0.09924812030075181,F1,H5,-0.03281368221630876,1,6112
資訊服務業,20250320,2453,0.09924812030075181,F1,H10,-0.29423950427407786,1,6112
資訊服務業,20250320,2453,0.09924812030075181,F1,S7,-0.1264987037728471,1,6112
資訊服務業,20250320,2453,0.09924812030075181,F3,H1,-0.005141502952655419,2,"6214,6112"
資訊服務業,20250320,2453,0.09924812030075181,F3,H3,0.051069509981267636,2,"6214,6112"
資訊服務業,20250320,2453,0.09924812030075181,F3,H5,-0.029212749146752204,2,"6214,6112"
資訊服務業,20250320,2453,0.09924812030075181,F3,H10,-0.2826132234797854,2,"6214,6112"
資訊服務業,20250320,2453,0.09924812030075181,F3,S7,-0.11339495310454484,2,"6214,6112"
資訊服務業,20250320,2453,0.09924812030075181,F2,H1,0.14044919093177066,1,2468
資訊服務業,20250320,2453,0.09924812030075181,F2,H3,0.3541471272822747,1,2468
資訊服務業,20250320,2453,0.09924812030075181,F2,H5,0.37377244796752507,1,2468
資訊服務業,20250320,2453,0.09924812030075181,F2,H10,-0.08088081457410834,1,2468
資訊服務業,20250320,2453,0.09924812030075181,F2,S7,0.3563277184695246,1,2468
資訊服務業,20250320,2453,0.09924812030075181,RAND_SECTOR,H1,-0.014943332311617374,1,6214
資訊服務業,20250320,2453,0.09924812030075181,RAND_SECTOR,H3,-0.014943332311617374,1,6214
資訊服務業,20250320,2453,0.09924812030075181,RAND_SECTOR,H5,-0.025611816077195648,1,6214
資訊服務業,20250320,2453,0.09924812030075181,RAND_SECTOR,H10,-0.27098694268549295,1,6214
資訊服務業,20250320,2453,0.09924812030075181,RAND_SECTOR,S7,-0.10029120243624257,1,6214
資訊服務業,20250805,2427,0.07377049180327866,F2,H1,-0.04783782392214986,1,6231
資訊服務業,20250805,2427,0.07377049180327866,F2,H3,-0.08184361592493028,1,6231
資訊服務業,20250805,2427,0.07377049180327866,F2,H5,-0.08184361592493028,1,6231
資訊服務業,20250805,2427,0.07377049180327866,F2,H10,-0.1298517928700318,1,6231
資訊服務業,20250805,2427,0.07377049180327866,F2,S7,-0.09184531945515972,1,6231
資訊服務業,20250805,2427,0.07377049180327866,RAND_SECTOR,H1,-0.011105494917399428,1,2453
資訊服務業,20250805,2427,0.07377049180327866,RAND_SECTOR,H3,-0.019291707707818406,1,2453
資訊服務業,20250805,2427,0.07377049180327866,RAND_SECTOR,H5,-0.0389386184048236,1,2453
資訊服務業,20250805,2427,0.07377049180327866,RAND_SECTOR,H10,-0.04876207375332642,1,2453
資訊服務業,20250805,2427,0.07377049180327866,RAND_SECTOR,S7,0.003629688105354356,1,2453
資訊服務業,20251103,6112,0.05938697318007646,F1,H1,-0.013750872511248513,1,6148
資訊服務業,20251103,6112,0.05938697318007646,F1,H3,-0.036246350809311156,1,6148
資訊服務業,20251103,6112,0.05938697318007646,F1,H5,-0.03269443318330112,1,6148
資訊服務業,20251103,6112,0.05938697318007646,F1,H10,-0.08123730740543667,1,6148
資訊服務業,20251103,6112,0.05938697318007646,F1,S7,-0.08123730740543667,1,6148
資訊服務業,20251103,6112,0.05938697318007646,F3,H1,-0.013750872511248513,1,6148
資訊服務業,20251103,6112,0.05938697318007646,F3,H3,-0.036246350809311156,1,6148
資訊服務業,20251103,6112,0.05938697318007646,F3,H5,-0.03269443318330112,1,6148
資訊服務業,20251103,6112,0.05938697318007646,F3,H10,-0.08123730740543667,1,6148
資訊服務業,20251103,6112,0.05938697318007646,F3,S7,-0.08123730740543667,1,6148
資訊服務業,20251103,6112,0.05938697318007646,F2,H1,-0.054338931216799335,1,6163
資訊服務業,20251103,6112,0.05938697318007646,F2,H3,-0.00783100980123197,1,6163
資訊服務業,20251103,6112,0.05938697318007646,F2,H5,-0.044649780921889426,1,6163
資訊服務業,20251103,6112,0.05938697318007646,F2,H10,0.27315434875115363,1,6163
資訊服務業,20251103,6112,0.05938697318007646,F2,S7,0.7111039420810783,1,6163
資訊服務業,20251103,6112,0.05938697318007646,RAND_SECTOR,H1,-0.054338931216799335,1,6163
資訊服務業,20251103,6112,0.05938697318007646,RAND_SECTOR,H3,-0.00783100980123197,1,6163
資訊服務業,20251103,6112,0.05938697318007646,RAND_SECTOR,H5,-0.044649780921889426,1,6163
資訊服務業,20251103,6112,0.05938697318007646,RAND_SECTOR,H10,0.27315434875115363,1,6163
資訊服務業,20251103,6112,0.05938697318007646,RAND_SECTOR,S7,0.7111039420810783,1,6163
資訊服務業,20251222,6214,0.061475409836065475,F2,H1,0.040206967377851566,1,6163
資訊服務業,20251222,6214,0.061475409836065475,F2,H3,0.10117824610515025,1,6163
資訊服務業,20251222,6214,0.061475409836065475,F2,H5,0.01618797878830991,1,6163
資訊服務業,20251222,6214,0.061475409836065475,F2,H10,-0.011526238815007805,1,6163
資訊服務業,20251222,6214,0.061475409836065475,F2,S7,0.3062634563697002,1,6163
資訊服務業,20251222,6214,0.061475409836065475,RAND_SECTOR,H1,-0.01947618574253196,1,6148
資訊服務業,20251222,6214,0.061475409836065475,RAND_SECTOR,H3,-0.02180522093079207,1,6148
資訊服務業,20251222,6214,0.061475409836065475,RAND_SECTOR,H5,-0.05091816078404232,1,6148
資訊服務業,20251222,6214,0.061475409836065475,RAND_SECTOR,H10,-0.07537303026077247,1,6148
資訊服務業,20251222,6214,0.061475409836065475,RAND_SECTOR,S7,-0.07187947747838241,1,6148
資訊服務業,20260109,6163,0.09944751381215489,F2,H1,0.009056973010661995,1,6214
資訊服務業,20260109,6163,0.09944751381215489,F2,H3,0.0006129816047151238,1,6214
資訊服務業,20260109,6163,0.09944751381215489,F2,H5,-0.01627500120717884,1,6214
資訊服務業,20260109,6163,0.09944751381215489,F2,H10,0.004834977307688337,1,6214
資訊服務業,20260109,6163,0.09944751381215489,F2,S7,-0.0627169539398873,1,6214
資訊服務業,20260109,6163,0.09944751381215489,RAND_SECTOR,H1,-0.00783100980123197,1,3029
資訊服務業,20260109,6163,0.09944751381215489,RAND_SECTOR,H3,0.014515138626668422,1,3029
資訊服務業,20260109,6163,0.09944751381215489,RAND_SECTOR,H5,0.0011074495699279208,1,3029
資訊服務業,20260109,6163,0.09944751381215489,RAND_SECTOR,H10,0.0011074495699279208,1,3029
資訊服務業,20260109,6163,0.09944751381215489,RAND_SECTOR,S7,-0.00783100980123197,1,3029
資訊服務業,20260226,6112,0.09988649262202065,F2,H1,0.008985413761458894,1,3029
資訊服務業,20260226,6112,0.09988649262202065,F2,H3,0.02580183732414998,1,3029
資訊服務業,20260226,6112,0.09988649262202065,F2,H5,-0.024647433363922944,1,3029
資訊服務業,20260226,6112,0.09988649262202065,F2,H10,-0.033055645145268264,1,3029
資訊服務業,20260226,6112,0.09988649262202065,F2,S7,-0.07397560914781642,1,3029
資訊服務業,20260226,6112,0.09988649262202065,RAND_SECTOR,H1,0.009308185806808256,1,2453
資訊服務業,20260226,6112,0.09988649262202065,RAND_SECTOR,H3,-0.017352785139031934,1,2453
資訊服務業,20260226,6112,0.09988649262202065,RAND_SECTOR,H5,-0.03449198074707205,1,2453
資訊服務業,20260226,6112,0.09988649262202065,RAND_SECTOR,H10,0.07976932330652886,1,2453
資訊服務業,20260226,6112,0.09988649262202065,RAND_SECTOR,S7,-0.009735364868792007,1,2453
資訊服務業,20260420,6163,0.0994065281899108,F2,H1,0.07702554857103117,1,6231
資訊服務業,20260420,6163,0.0994065281899108,F2,H3,0.07376183478748244,1,6231
資訊服務業,20260420,6163,0.0994065281899108,F2,H5,0.028069841817802477,1,6231
資訊服務業,20260420,6163,0.0994065281899108,F2,H10,0.03786098316844799,1,6231
資訊服務業,20260420,6163,0.0994065281899108,F2,S7,-0.08616014060639787,1,6231
資訊服務業,20260420,6163,0.0994065281899108,RAND_SECTOR,H1,0.07702554857103117,1,6231
資訊服務業,20260420,6163,0.0994065281899108,RAND_SECTOR,H3,0.07376183478748244,1,6231
資訊服務業,20260420,6163,0.0994065281899108,RAND_SECTOR,H5,0.028069841817802477,1,6231
資訊服務業,20260420,6163,0.0994065281899108,RAND_SECTOR,H10,0.03786098316844799,1,6231
資訊服務業,20260420,6163,0.0994065281899108,RAND_SECTOR,S7,-0.08616014060639787,1,6231
資訊服務業,20260526,2453,0.07130434782608708,F1,H1,-0.004014975223544437,1,6214
資訊服務業,20260526,2453,0.07130434782608708,F1,H3,0.049409508864081575,1,6214
資訊服務業,20260526,2453,0.07130434782608708,F1,H5,0.23639520317077256,1,6214
資訊服務業,20260526,2453,0.07130434782608708,F1,H10,0.1142820966847704,1,6214
資訊服務業,20260526,2453,0.07130434782608708,F1,S7,0.048222298106578965,1,6214
資訊服務業,20260526,2453,0.07130434782608708,F3,H1,-0.004014975223544437,1,6214
資訊服務業,20260526,2453,0.07130434782608708,F3,H3,0.049409508864081575,1,6214
資訊服務業,20260526,2453,0.07130434782608708,F3,H5,0.23639520317077256,1,6214
資訊服務業,20260526,2453,0.07130434782608708,F3,H10,0.1142820966847704,1,6214
資訊服務業,20260526,2453,0.07130434782608708,F3,S7,0.048222298106578965,1,6214
資訊服務業,20260526,2453,0.07130434782608708,F2,H1,-0.03071464384206024,1,6231
資訊服務業,20260526,2453,0.07130434782608708,F2,H3,-0.04542555143973548,1,6231
資訊服務業,20260526,2453,0.07130434782608708,F2,H5,0.055916256455361024,1,6231
資訊服務業,20260526,2453,0.07130434782608708,F2,H10,-0.03888737028521316,1,6231
資訊服務業,20260526,2453,0.07130434782608708,F2,S7,-0.08792372894413059,1,6231
資訊服務業,20260526,2453,0.07130434782608708,RAND_SECTOR,H1,-0.02339444494160481,1,6163
資訊服務業,20260526,2453,0.07130434782608708,RAND_SECTOR,H3,0.03885929561988677,1,6163
資訊服務業,20260526,2453,0.07130434782608708,RAND_SECTOR,H5,0.021350431086966992,1,6163
資訊服務業,20260526,2453,0.07130434782608708,RAND_SECTOR,H10,0.015514142909327289,1,6163
資訊服務業,20260526,2453,0.07130434782608708,RAND_SECTOR,S7,-0.015612727371418278,1,6163
資訊服務業,20260731,3029,0.07881773399014769,F1,H1,0.007637103631711106,1,2427
資訊服務業,20260731,3029,0.07881773399014769,F1,H3,0.014127877980529835,1,2427
資訊服務業,20260731,3029,0.07881773399014769,F1,H5,-0.0018246953809616384,1,2427
資訊服務業,20260731,3029,0.07881773399014769,F1,H10,0.043754085651871,1,2427
資訊服務業,20260731,3029,0.07881773399014769,F1,S7,0.0323593903936632,1,2427
資訊服務業,20260731,3029,0.07881773399014769,F3,H1,0.007637103631711106,1,2427
資訊服務業,20260731,3029,0.07881773399014769,F3,H3,0.014127877980529835,1,2427
資訊服務業,20260731,3029,0.07881773399014769,F3,H5,-0.0018246953809616384,1,2427
資訊服務業,20260731,3029,0.07881773399014769,F3,H10,0.043754085651871,1,2427
資訊服務業,20260731,3029,0.07881773399014769,F3,S7,0.0323593903936632,1,2427
資訊服務業,20260731,3029,0.07881773399014769,F2,H1,0.048414397806407994,1,3147
資訊服務業,20260731,3029,0.07881773399014769,F2,H3,0.12265833584849273,1,3147
資訊服務業,20260731,3029,0.07881773399014769,F2,H5,0.0011682554159904157,1,3147
資訊服務業,20260731,3029,0.07881773399014769,F2,H10,0.05516384671932473,1,3147
資訊服務業,20260731,3029,0.07881773399014769,F2,S7,0.01023475652276673,1,3147
資訊服務業,20260731,3029,0.07881773399014769,RAND_SECTOR,H1,0.048414397806407994,1,3147
資訊服務業,20260731,3029,0.07881773399014769,RAND_SECTOR,H3,0.12265833584849273,1,3147
資訊服務業,20260731,3029,0.07881773399014769,RAND_SECTOR,H5,0.0011682554159904157,1,3147
資訊服務業,20260731,3029,0.07881773399014769,RAND_SECTOR,H10,0.05516384671932473,1,3147
資訊服務業,20260731,3029,0.07881773399014769,RAND_SECTOR,S7,0.01023475652276673,1,3147
農業科技,20211129,4171,0.09988776655443332,F2,H1,-0.0032588024731269316,1,6508
農業科技,20211129,4171,0.09988776655443332,F2,H3,-0.006306940691863661,1,6508
農業科技,20211129,4171,0.09988776655443332,F2,H5,0.01045781951118796,1,6508
農業科技,20211129,4171,0.09988776655443332,F2,H10,0.01045781951118796,1,6508
農業科技,20211129,4171,0.09988776655443332,F2,S7,-0.00783100980123197,1,6508
農業科技,20211129,4171,0.09988776655443332,RAND_SECTOR,H1,-0.0032588024731269316,1,6508
農業科技,20211129,4171,0.09988776655443332,RAND_SECTOR,H3,-0.006306940691863661,1,6508
農業科技,20211129,4171,0.09988776655443332,RAND_SECTOR,H5,0.01045781951118796,1,6508
農業科技,20211129,4171,0.09988776655443332,RAND_SECTOR,H10,0.01045781951118796,1,6508
農業科技,20211129,4171,0.09988776655443332,RAND_SECTOR,S7,-0.00783100980123197,1,6508
農業科技,20220314,6508,0.09925925925925938,F2,H1,-0.01953111581772693,1,4171
農業科技,20220314,6508,0.09925925925925938,F2,H3,-0.0019809567929844896,1,4171
農業科技,20220314,6508,0.09925925925925938,F2,H5,0.02141925524000543,1,4171
農業科技,20220314,6508,0.09925925925925938,F2,H10,0.09161989133897475,1,4171
農業科技,20220314,6508,0.09925925925925938,F2,S7,0.40986277498763646,1,4171
農業科技,20220314,6508,0.09925925925925938,RAND_SECTOR,H1,-0.01953111581772693,1,4171
農業科技,20220314,6508,0.09925925925925938,RAND_SECTOR,H3,-0.0019809567929844896,1,4171
農業科技,20220314,6508,0.09925925925925938,RAND_SECTOR,H5,0.02141925524000543,1,4171
農業科技,20220314,6508,0.09925925925925938,RAND_SECTOR,H10,0.09161989133897475,1,4171
農業科技,20220314,6508,0.09925925925925938,RAND_SECTOR,S7,0.40986277498763646,1,4171
農業科技,20220719,6508,0.09887359198998746,F2,H1,-0.030380305033022248,1,6578
農業科技,20220719,6508,0.09887359198998746,F2,H3,-0.027561643129048408,1,6578
農業科技,20220719,6508,0.09887359198998746,F2,H5,-0.055748262168786034,1,6578
農業科技,20220719,6508,0.09887359198998746,F2,H10,-0.055748262168786034,1,6578
農業科技,20220719,6508,0.09887359198998746,F2,S7,-0.0782975574005762,1,6578
農業科技,20220719,6508,0.09887359198998746,RAND_SECTOR,H1,-0.00783100980123197,1,4171
農業科技,20220719,6508,0.09887359198998746,RAND_SECTOR,H3,0.004094098254041834,1,4171
農業科技,20220719,6508,0.09887359198998746,RAND_SECTOR,H5,-0.023333650273087758,1,4171
農業科技,20220719,6508,0.09887359198998746,RAND_SECTOR,H10,-0.09965434182683919,1,4171
農業科技,20220719,6508,0.09887359198998746,RAND_SECTOR,S7,-0.09965434182683919,1,4171
農業科技,20220823,6508,0.09808102345415781,F2,H1,0.025320221374860452,1,4171
農業科技,20220823,6508,0.09808102345415781,F2,H3,0.0122965234128245,1,4171
農業科技,20220823,6508,0.09808102345415781,F2,H5,0.04426378204691339,1,4171
農業科技,20220823,6508,0.09808102345415781,F2,H10,0.025320221374860452,1,4171
農業科技,20220823,6508,0.09808102345415781,F2,S7,-0.0022613361529346676,1,4171
農業科技,20220823,6508,0.09808102345415781,RAND_SECTOR,H1,0.025320221374860452,1,4171
農業科技,20220823,6508,0.09808102345415781,RAND_SECTOR,H3,0.0122965234128245,1,4171
農業科技,20220823,6508,0.09808102345415781,RAND_SECTOR,H5,0.04426378204691339,1,4171
農業科技,20220823,6508,0.09808102345415781,RAND_SECTOR,H10,0.025320221374860452,1,4171
農業科技,20220823,6508,0.09808102345415781,RAND_SECTOR,S7,-0.0022613361529346676,1,4171
農業科技,20221226,6578,0.09821428571428559,F2,H1,-0.025056165881071624,1,4171
農業科技,20221226,6578,0.09821428571428559,F2,H3,0.04901200526223892,1,4171
農業科技,20221226,6578,0.09821428571428559,F2,H5,0.19542583194087682,1,4171
農業科技,20221226,6578,0.09821428571428559,F2,H10,0.06451464573409482,1,4171
農業科技,20221226,6578,0.09821428571428559,F2,S7,0.09035237985385458,1,4171
農業科技,20221226,6578,0.09821428571428559,RAND_SECTOR,H1,-0.025056165881071624,1,4171
農業科技,20221226,6578,0.09821428571428559,RAND_SECTOR,H3,0.04901200526223892,1,4171
農業科技,20221226,6578,0.09821428571428559,RAND_SECTOR,H5,0.19542583194087682,1,4171
農業科技,20221226,6578,0.09821428571428559,RAND_SECTOR,H10,0.06451464573409482,1,4171
農業科技,20221226,6578,0.09821428571428559,RAND_SECTOR,S7,0.09035237985385458,1,4171
通信網路業,20211007,2332,0.05785123966942152,F1,H1,-0.019148526799696808,1,4906
通信網路業,20211007,2332,0.05785123966942152,F1,H3,-0.019148526799696808,1,4906
通信網路業,20211007,2332,0.05785123966942152,F1,H5,-0.03801105513047209,1,4906
通信網路業,20211007,2332,0.05785123966942152,F1,H10,-0.034238549464316814,1,4906
通信網路業,20211007,2332,0.05785123966942152,F1,S7,0.06007409218955817,1,4906
通信網路業,20211007,2332,0.05785123966942152,F3,H1,-0.01735787352541085,2,"4906,3234"
通信網路業,20211007,2332,0.05785123966942152,F3,H3,-0.031863268118960064,2,"4906,3234"
通信網路業,20211007,2332,0.05785123966942152,F3,H5,-0.03936047967187445,2,"4906,3234"
通信網路業,20211007,2332,0.05785123966942152,F3,H10,-0.015232621795354617,2,"4906,3234"
通信網路業,20211007,2332,0.05785123966942152,F3,S7,0.08704419848707001,2,"4906,3234"
通信網路業,20211007,2332,0.05785123966942152,F2,H1,-0.0038938312686971344,1,2455
通信網路業,20211007,2332,0.05785123966942152,F2,H3,-0.0511399736591146,1,2455
通信網路業,20211007,2332,0.05785123966942152,F2,H5,-0.03539125952897548,1,2455
通信網路業,20211007,2332,0.05785123966942152,F2,H10,0.043352311121720444,1,2455
通信網路業,20211007,2332,0.05785123966942152,F2,S7,0.04728948965425506,1,2455
通信網路業,20211007,2332,0.05785123966942152,RAND_SECTOR,H1,-0.01603075352188288,1,2485
通信網路業,20211007,2332,0.05785123966942152,RAND_SECTOR,H3,-0.02696374514941735,1,2485
通信網路業,20211007,2332,0.05785123966942152,RAND_SECTOR,H5,-0.021497249335650226,1,2485
通信網路業,20211007,2332,0.05785123966942152,RAND_SECTOR,H10,0.027701212988255675,1,2485
通信網路業,20211007,2332,0.05785123966942152,RAND_SECTOR,S7,0.20262907902880967,1,2485
通信網路業,20220321,6142,0.09625668449197855,F1,H1,0.05027551963939869,1,3221
通信網路業,20220321,6142,0.09625668449197855,F1,H3,0.04882285640338302,1,3221
通信網路業,20220321,6142,0.09625668449197855,F1,H5,0.04591752993135145,1,3221
通信網路業,20220321,6142,0.09625668449197855,F1,H10,0.037201550515256976,1,3221
通信網路業,20220321,6142,0.09625668449197855,F1,S7,-0.006378346565215964,1,3221
通信網路業,20220321,6142,0.09625668449197855,F3,H1,0.02871105428152528,3,"3221,2332,3363"
通信網路業,20220321,6142,0.09625668449197855,F3,H3,0.02577071453631737,3,"3221,2332,3363"
通信網路業,20220321,6142,0.09625668449197855,F3,H5,0.01688974637540201,3,"3221,2332,3363"
通信網路業,20220321,6142,0.09625668449197855,F3,H10,0.002012679816182361,3,"3221,2332,3363"
通信網路業,20220321,6142,0.09625668449197855,F3,S7,-0.01653394716784684,3,"3221,2332,3363"
通信網路業,20220321,6142,0.09625668449197855,F2,H1,0.04083550712307438,1,6241
通信網路業,20220321,6142,0.09625668449197855,F2,H3,0.2213725860358251,1,6241
通信網路業,20220321,6142,0.09625668449197855,F2,H5,0.2245123613212643,1,6241
通信網路業,20220321,6142,0.09625668449197855,F2,H10,0.06752359704930733,1,6241
通信網路業,20220321,6142,0.09625668449197855,F2,S7,0.25120045124749724,1,6241
通信網路業,20220321,6142,0.09625668449197855,RAND_SECTOR,H1,0.01821017104388023,1,3499
通信網路業,20220321,6142,0.09625668449197855,RAND_SECTOR,H3,0.054667824227036865,1,3499
通信網路業,20220321,6142,0.09625668449197855,RAND_SECTOR,H5,0.145811957184929,1,3499
通信網路業,20220321,6142,0.09625668449197855,RAND_SECTOR,H10,0.11456254017079437,1,3499
通信網路業,20220321,6142,0.09625668449197855,RAND_SECTOR,S7,0.010397816790346459,1,3499
通信網路業,20221104,3027,0.09896907216494832,F1,H1,0.0008722269548975259,1,3047
通信網路業,20221104,3027,0.09896907216494832,F1,H3,-0.04844611466316995,1,3047
通信網路業,20221104,3027,0.09896907216494832,F1,H5,-0.07745690385026838,1,3047
通信網路業,20221104,3027,0.09896907216494832,F1,H10,-0.019435325476071408,1,3047
通信網路業,20221104,3027,0.09896907216494832,F1,S7,-0.07745690385026838,1,3047
通信網路業,20221104,3027,0.09896907216494832,F3,H1,-0.014345716940803721,6,"3221,6245,3047,2485,2314"
通信網路業,20221104,3027,0.09896907216494832,F3,H3,-0.013272265058830354,6,"3221,6245,3047,2485,2314"
通信網路業,20221104,3027,0.09896907216494832,F3,H5,-0.0066732376422118005,6,"3221,6245,3047,2485,2314"
通信網路業,20221104,3027,0.09896907216494832,F3,H10,0.052731554293892535,6,"3221,6245,3047,2485,2314"
通信網路業,20221104,3027,0.09896907216494832,F3,S7,0.1612836286402891,6,"3221,6245,3047,2485,2314"
通信網路業,20221104,3027,0.09896907216494832,F2,H1,-0.011498917343556458,1,3163
通信網路業,20221104,3027,0.09896907216494832,F2,H3,-0.011498917343556458,1,3163
通信網路業,20221104,3027,0.09896907216494832,F2,H5,0.006840620368065986,1,3163
通信網路業,20221104,3027,0.09896907216494832,F2,H10,-0.0004951947165832138,1,3163
通信網路業,20221104,3027,0.09896907216494832,F2,S7,0.08570063252804205,1,3163
通信網路業,20221104,3027,0.09896907216494832,RAND_SECTOR,H1,-0.0061606916359140396,1,6143
通信網路業,20221104,3027,0.09896907216494832,RAND_SECTOR,H3,0.023905035339806036,1,6143
通信網路業,20221104,3027,0.09896907216494832,RAND_SECTOR,H5,0.03559726249703066,1,6143
通信網路業,20221104,3027,0.09896907216494832,RAND_SECTOR,H10,0.10742094360569565,1,6143
通信網路業,20221104,3027,0.09896907216494832,RAND_SECTOR,S7,0.23603544233516582,1,6143
通信網路業,20240816,3047,0.09999999999999987,F1,H1,0.04075862478986103,1,3380
通信網路業,20240816,3047,0.09999999999999987,F1,H3,0.04702825505967967,1,3380
通信網路業,20240816,3047,0.09999999999999987,F1,H5,0.034488994520042615,1,3380
通信網路業,20240816,3047,0.09999999999999987,F1,H10,0.12853344856731908,1,3380
通信網路業,20240816,3047,0.09999999999999987,F1,S7,0.10345492748804541,1,3380
通信網路業,20240816,3047,0.09999999999999987,F3,H1,0.038619403401663886,6,"2332,8089,3419,2485,6530"
通信網路業,20240816,3047,0.09999999999999987,F3,H3,0.06455387075300152,6,"2332,8089,3419,2485,6530"
通信網路業,20240816,3047,0.09999999999999987,F3,H5,0.048505370442542405,6,"2332,8089,3419,2485,6530"
通信網路業,20240816,3047,0.09999999999999987,F3,H10,0.07584367700955896,6,"2332,8089,3419,2485,6530"
通信網路業,20240816,3047,0.09999999999999987,F3,S7,0.09440949450368341,6,"2332,8089,3419,2485,6530"
通信網路業,20240816,3047,0.09999999999999987,F2,H1,0.03670081202097486,1,6218
通信網路業,20240816,3047,0.09999999999999987,F2,H3,0.12576445566538852,1,6218
通信網路業,20240816,3047,0.09999999999999987,F2,H5,0.08657645246184642,1,6218
通信網路業,20240816,3047,0.09999999999999987,F2,H10,0.10795172693650579,1,6218
通信網路業,20240816,3047,0.09999999999999987,F2,S7,0.09904536257206442,1,6218
通信網路業,20240816,3047,0.09999999999999987,RAND_SECTOR,H1,0.0623501531670585,1,3234
通信網路業,20240816,3047,0.09999999999999987,RAND_SECTOR,H3,0.10088098773788423,1,3234
通信網路業,20240816,3047,0.09999999999999987,RAND_SECTOR,H5,0.10363319020722894,1,3234
通信網路業,20240816,3047,0.09999999999999987,RAND_SECTOR,H10,0.12427470872731439,1,3234
通信網路業,20240816,3047,0.09999999999999987,RAND_SECTOR,S7,0.08161557045247103,1,3234
通信網路業,20250429,8089,0.09951060358890707,F1,H1,-0.035107133243122535,1,4906
通信網路業,20250429,8089,0.09951060358890707,F1,H3,-0.1015926841327307,1,4906
通信網路業,20250429,8089,0.09951060358890707,F1,H5,-0.1015926841327307,1,4906
通信網路業,20250429,8089,0.09951060358890707,F1,H10,-0.060678498969894856,1,4906
通信網路業,20250429,8089,0.09951060358890707,F1,S7,-0.1015926841327307,1,4906
通信網路業,20250429,8089,0.09951060358890707,F3,H1,-0.017497286438383823,14,"4903,3491,6416,4906,6285"
通信網路業,20250429,8089,0.09951060358890707,F3,H3,-0.0708500066155556,14,"4903,3491,6416,4906,6285"
通信網路業,20250429,8089,0.09951060358890707,F3,H5,-0.05789590578128118,14,"4903,3491,6416,4906,6285"
通信網路業,20250429,8089,0.09951060358890707,F3,H10,0.017004173282260053,14,"4903,3491,6416,4906,6285"
通信網路業,20250429,8089,0.09951060358890707,F3,S7,-0.022814132577933195,14,"4903,3491,6416,4906,6285"
通信網路業,20250429,8089,0.09951060358890707,F2,H1,-0.029977639046740223,1,2314
通信網路業,20250429,8089,0.09951060358890707,F2,H3,-0.08312954923595983,1,2314
通信網路業,20250429,8089,0.09951060358890707,F2,H5,-0.1628574145197894,1,2314
通信網路業,20250429,8089,0.09951060358890707,F2,H10,-0.20715067301080592,1,2314
通信網路業,20250429,8089,0.09951060358890707,F2,S7,-0.08312954923595983,1,2314
通信網路業,20250429,8089,0.09951060358890707,RAND_SECTOR,H1,-0.029977639046740223,1,2314
通信網路業,20250429,8089,0.09951060358890707,RAND_SECTOR,H3,-0.08312954923595983,1,2314
通信網路業,20250429,8089,0.09951060358890707,RAND_SECTOR,H5,-0.1628574145197894,1,2314
通信網路業,20250429,8089,0.09951060358890707,RAND_SECTOR,H10,-0.20715067301080592,1,2314
通信網路業,20250429,8089,0.09951060358890707,RAND_SECTOR,S7,-0.08312954923595983,1,2314
通信網路業,20251016,4906,0.07058823529411762,F1,H1,-0.04090330947452436,1,6285
通信網路業,20251016,4906,0.07058823529411762,F1,H3,0.01697321495373716,1,6285
通信網路業,20251016,4906,0.07058823529411762,F1,H5,0.01697321495373716,1,6285
通信網路業,20251016,4906,0.07058823529411762,F1,H10,0.06244762700451423,1,6285
通信網路業,20251016,4906,0.07058823529411762,F1,S7,-0.07810964660697794,1,6285
通信網路業,20251016,4906,0.07058823529411762,F3,H1,-0.0124974839849607,4,"6285,6245,5388,2419"
通信網路業,20251016,4906,0.07058823529411762,F3,H3,0.008416721240441238,4,"6285,6245,5388,2419"
通信網路業,20251016,4906,0.07058823529411762,F3,H5,0.008534100773692821,4,"6285,6245,5388,2419"
通信網路業,20251016,4906,0.07058823529411762,F3,H10,0.019978369931788836,4,"6285,6245,5388,2419"
通信網路業,20251016,4906,0.07058823529411762,F3,S7,-0.06819777498018215,4,"6285,6245,5388,2419"
通信網路業,20251016,4906,0.07058823529411762,F2,H1,-0.02095783216328828,1,3491
通信網路業,20251016,4906,0.07058823529411762,F2,H3,0.023892144240404534,1,3491
通信網路業,20251016,4906,0.07058823529411762,F2,H5,-0.00783100980123197,1,3491
通信網路業,20251016,4906,0.07058823529411762,F2,H10,-0.03517855638884948,1,3491
通信網路業,20251016,4906,0.07058823529411762,F2,S7,-0.09206145329109428,1,3491
通信網路業,20251016,4906,0.07058823529411762,RAND_SECTOR,H1,-0.015404818886718852,1,3380
通信網路業,20251016,4906,0.07058823529411762,RAND_SECTOR,H3,-0.006316247984134771,1,3380
通信網路業,20251016,4906,0.07058823529411762,RAND_SECTOR,H5,-0.01994910433801078,1,3380
通信網路業,20251016,4906,0.07058823529411762,RAND_SECTOR,H10,-0.01994910433801078,1,3380
通信網路業,20251016,4906,0.07058823529411762,RAND_SECTOR,S7,-0.1047757660954628,1,3380
通信網路業,20260807,6426,0.09893048128342241,F1,H1,-0.00783100980123197,1,6442
通信網路業,20260807,6426,0.09893048128342241,F1,H3,0.17550456447462714,1,6442
通信網路業,20260807,6426,0.09893048128342241,F1,H5,0.1539356733833499,1,6442
通信網路業,20260807,6426,0.09893048128342241,F1,H10,0.08563418492763741,1,6442
通信網路業,20260807,6426,0.09893048128342241,F1,S7,0.2725645743853764,1,6442
通信網路業,20260807,6426,0.09893048128342241,F3,H1,0.015216864666577515,15,"4903,6285,6245,3062,6442"
通信網路業,20260807,6426,0.09893048128342241,F3,H3,0.07342785228115872,15,"4903,6285,6245,3062,6442"
通信網路業,20260807,6426,0.09893048128342241,F3,H5,0.033551813903172314,15,"4903,6285,6245,3062,6442"
通信網路業,20260807,6426,0.09893048128342241,F3,H10,0.042795755910670676,15,"4903,6285,6245,3062,6442"
通信網路業,20260807,6426,0.09893048128342241,F3,S7,0.17825066806572434,15,"4903,6285,6245,3062,6442"
通信網路業,20260807,6426,0.09893048128342241,F2,H1,0.08896596485230646,1,6152
通信網路業,20260807,6426,0.09893048128342241,F2,H3,0.1408214869881308,1,6152
通信網路業,20260807,6426,0.09893048128342241,F2,H5,-0.03894432308272644,1,6152
通信網路業,20260807,6426,0.09893048128342241,F2,H10,-0.0251161838465066,1,6152
通信網路業,20260807,6426,0.09893048128342241,F2,S7,-0.04931542750989126,1,6152
通信網路業,20260807,6426,0.09893048128342241,RAND_SECTOR,H1,0.0068315861130356925,1,6416
通信網路業,20260807,6426,0.09893048128342241,RAND_SECTOR,H3,-0.0224936057154993,1,6416
通信網路業,20260807,6426,0.09893048128342241,RAND_SECTOR,H5,-0.08114398937256961,1,6416
通信網路業,20260807,6426,0.09893048128342241,RAND_SECTOR,H10,-0.012718541772654302,1,6416
通信網路業,20260807,6426,0.09893048128342241,RAND_SECTOR,S7,-0.08114398937256961,1,6416
造紙工業,20211108,1906,0.08029197080291972,F1,H1,-0.011706669919195778,1,1909
造紙工業,20211108,1906,0.08029197080291972,F1,H3,-0.015582330037159808,1,1909
造紙工業,20211108,1906,0.08029197080291972,F1,H5,-0.031084970509015597,1,1909
造紙工業,20211108,1906,0.08029197080291972,F1,H10,-0.03496063062697963,1,1909
造紙工業,20211108,1906,0.08029197080291972,F1,S7,-0.07759289192458285,1,1909
造紙工業,20211108,1906,0.08029197080291972,F3,H1,-0.010857528866451999,4,"1904,1907,1909,1905"
造紙工業,20211108,1906,0.08029197080291972,F3,H3,-0.016060450966492557,4,"1904,1907,1909,1905"
造紙工業,20211108,1906,0.08029197080291972,F3,H5,-0.022713930695007767,4,"1904,1907,1909,1905"
造紙工業,20211108,1906,0.08029197080291972,F3,H10,-0.021583151749490853,4,"1904,1907,1909,1905"
造紙工業,20211108,1906,0.08029197080291972,F3,S7,-0.0291381102265674,4,"1904,1907,1909,1905"
造紙工業,20211108,1906,0.08029197080291972,F2,H1,-0.020443327473250283,1,1905
造紙工業,20211108,1906,0.08029197080291972,F2,H3,-0.020443327473250283,1,1905
造紙工業,20211108,1906,0.08029197080291972,F2,H5,-0.0456679628172868,1,1905
造紙工業,20211108,1906,0.08029197080291972,F2,H10,-0.051974121653295735,1,1905
造紙工業,20211108,1906,0.08029197080291972,F2,S7,-0.022545380418586558,1,1905
造紙工業,20211108,1906,0.08029197080291972,RAND_SECTOR,H1,-0.00641967411104849,1,1904
造紙工業,20211108,1906,0.08029197080291972,RAND_SECTOR,H3,-0.02335570239324669,1,1904
造紙工業,20211108,1906,0.08029197080291972,RAND_SECTOR,H5,-0.009242345491415227,1,1904
造紙工業,20211108,1906,0.08029197080291972,RAND_SECTOR,H10,-0.00641967411104849,1,1904
造紙工業,20211108,1906,0.08029197080291972,RAND_SECTOR,S7,-0.05017108050672692,1,1904
造紙工業,20211224,1905,0.07127882599580704,F1,H1,-0.020198767296784603,1,1904
造紙工業,20211224,1905,0.07127882599580704,F1,H3,-0.021572962574068044,1,1904
造紙工業,20211224,1905,0.07127882599580704,F1,H5,-0.03668911062418789,1,1904
造紙工業,20211224,1905,0.07127882599580704,F1,H10,-0.020198767296784603,1,1904
造紙工業,20211224,1905,0.07127882599580704,F1,S7,-0.05867623506072561,1,1904
造紙工業,20211224,1905,0.07127882599580704,F3,H1,-0.015015058902031198,2,"1904,1909"
造紙工業,20211224,1905,0.07127882599580704,F3,H3,-0.020703008305787696,2,"1904,1909"
造紙工業,20211224,1905,0.07127882599580704,F3,H5,-0.03626244515503124,2,"1904,1909"
造紙工業,20211224,1905,0.07127882599580704,F3,H10,-0.04101948808062794,2,"1904,1909"
造紙工業,20211224,1905,0.07127882599580704,F3,S7,-0.06925975513980509,2,"1904,1909"
造紙工業,20211224,1905,0.07127882599580704,F2,H1,-0.006456814523948418,1,1907
造紙工業,20211224,1905,0.07127882599580704,F2,H3,-0.011953595633082625,1,1907
造紙工業,20211224,1905,0.07127882599580704,F2,H5,-0.038063305901471445,1,1907
造紙工業,20211224,1905,0.07127882599580704,F2,H10,-0.049056868119740416,1,1907
造紙工業,20211224,1905,0.07127882599580704,F2,S7,-0.08478594532911432,1,1907
造紙工業,20211224,1905,0.07127882599580704,RAND_SECTOR,H1,-0.006456814523948418,1,1907
造紙工業,20211224,1905,0.07127882599580704,RAND_SECTOR,H3,-0.011953595633082625,1,1907
造紙工業,20211224,1905,0.07127882599580704,RAND_SECTOR,H5,-0.038063305901471445,1,1907
造紙工業,20211224,1905,0.07127882599580704,RAND_SECTOR,H10,-0.049056868119740416,1,1907
造紙工業,20211224,1905,0.07127882599580704,RAND_SECTOR,S7,-0.08478594532911432,1,1907
造紙工業,20220503,1906,0.09183673469387732,F1,H1,-0.02309514811198221,1,1907
造紙工業,20220503,1906,0.09183673469387732,F1,H3,-0.0566762523956329,1,1907
造紙工業,20220503,1906,0.09183673469387732,F1,H5,-0.06583473538208295,1,1907
造紙工業,20220503,1906,0.09183673469387732,F1,H10,-0.19557991102346028,1,1907
造紙工業,20220503,1906,0.09183673469387732,F1,S7,-0.09331018434143346,1,1907
造紙工業,20220503,1906,0.09183673469387732,F3,H1,-0.0223275888361818,3,"1904,1907,1909"
造紙工業,20220503,1906,0.09183673469387732,F3,H3,-0.05013016026799855,3,"1904,1907,1909"
造紙工業,20220503,1906,0.09183673469387732,F3,H5,-0.06735012513105336,3,"1904,1907,1909"
造紙工業,20220503,1906,0.09183673469387732,F3,H10,-0.15784350327844374,3,"1904,1907,1909"
造紙工業,20220503,1906,0.09183673469387732,F3,S7,-0.09000750594333713,3,"1904,1907,1909"
造紙工業,20220503,1906,0.09183673469387732,F2,H1,-0.02432788137223285,1,1905
造紙工業,20220503,1906,0.09183673469387732,F2,H3,-0.052608232636805696,1,1905
造紙工業,20220503,1906,0.09183673469387732,F2,H5,-0.04318144888194819,1,1905
造紙工業,20220503,1906,0.09183673469387732,F2,H10,-0.10209884734980845,1,1905
造紙工業,20220503,1906,0.09183673469387732,F2,S7,-0.1209524148595238,1,1905
造紙工業,20220503,1906,0.09183673469387732,RAND_SECTOR,H1,-0.024486124744616755,1,1909
造紙工業,20220503,1906,0.09183673469387732,RAND_SECTOR,H3,-0.04827914609230888,1,1909
造紙工業,20220503,1906,0.09183673469387732,RAND_SECTOR,H5,-0.07921007384430867,1,1909
造紙工業,20220503,1906,0.09183673469387732,RAND_SECTOR,H10,-0.15296844002215482,1,1909
造紙工業,20220503,1906,0.09183673469387732,RAND_SECTOR,S7,-0.07921007384430867,1,1909
造紙工業,20221027,1907,0.0963114754098362,F1,H1,-0.00783100980123197,1,1905
造紙工業,20221027,1907,0.0963114754098362,F1,H3,-0.0018898781233946949,1,1905
造紙工業,20221027,1907,0.0963114754098362,F1,H5,-0.010801575640150496,1,1905
造紙工業,20221027,1907,0.0963114754098362,F1,H10,0.045639175299300616,1,1905
造紙工業,20221027,1907,0.0963114754098362,F1,S7,0.030786346104708207,1,1905
造紙工業,20221027,1907,0.0963114754098362,F3,H1,-0.010021228322642036,3,"1904,1909,1905"
造紙工業,20221027,1907,0.0963114754098362,F3,H3,-0.003144328080440406,3,"1904,1909,1905"
造紙工業,20221027,1907,0.0963114754098362,F3,H5,-0.013663175758471572,3,"1904,1909,1905"
造紙工業,20221027,1907,0.0963114754098362,F3,H10,0.046466656509324654,3,"1904,1909,1905"
造紙工業,20221027,1907,0.0963114754098362,F3,S7,0.052177294407876294,3,"1904,1909,1905"
造紙工業,20221027,1907,0.0963114754098362,F2,H1,-0.00783100980123197,1,1905
造紙工業,20221027,1907,0.0963114754098362,F2,H3,-0.0018898781233946949,1,1905
造紙工業,20221027,1907,0.0963114754098362,F2,H5,-0.010801575640150496,1,1905
造紙工業,20221027,1907,0.0963114754098362,F2,H10,0.045639175299300616,1,1905
造紙工業,20221027,1907,0.0963114754098362,F2,S7,0.030786346104708207,1,1905
造紙工業,20221027,1907,0.0963114754098362,RAND_SECTOR,H1,-0.00783100980123197,1,1904
造紙工業,20221027,1907,0.0963114754098362,RAND_SECTOR,H3,0.0035732314654204345,1,1904
造紙工業,20221027,1907,0.0963114754098362,RAND_SECTOR,H5,-0.005930302923456754,1,1904
造紙工業,20221027,1907,0.0963114754098362,RAND_SECTOR,H10,0.03588524838760265,1,1904
造紙工業,20221027,1907,0.0963114754098362,RAND_SECTOR,S7,0.041587369020928966,1,1904
造紙工業,20230104,1909,0.055384615384615365,F1,H1,-0.0058346939255805585,1,1907
造紙工業,20230104,1909,0.055384615384615365,F1,H3,0.0061432013283280185,1,1907
造紙工業,20230104,1909,0.055384615384615365,F1,H5,0.008139517203979318,1,1907
造紙工業,20230104,1909,0.055384615384615365,F1,H10,0.018121096582236706,1,1907
造紙工業,20230104,1909,0.055384615384615365,F1,S7,0.04207688709005408,1,1907
造紙工業,20230104,1909,0.055384615384615365,F3,H1,-0.0058346939255805585,1,1907
造紙工業,20230104,1909,0.055384615384615365,F3,H3,0.0061432013283280185,1,1907
造紙工業,20230104,1909,0.055384615384615365,F3,H5,0.008139517203979318,1,1907
造紙工業,20230104,1909,0.055384615384615365,F3,H10,0.018121096582236706,1,1907
造紙工業,20230104,1909,0.055384615384615365,F3,S7,0.04207688709005408,1,1907
造紙工業,20230104,1909,0.055384615384615365,F2,H1,-0.0137899827153386,1,1905
造紙工業,20230104,1909,0.055384615384615365,F2,H3,-0.00783100980123197,1,1905
造紙工業,20230104,1909,0.055384615384615365,F2,H5,-0.010810496258285118,1,1905
造紙工業,20230104,1909,0.055384615384615365,F2,H10,-0.010810496258285118,1,1905
造紙工業,20230104,1909,0.055384615384615365,F2,S7,0.010045908941088255,1,1905
造紙工業,20230104,1909,0.055384615384615365,RAND_SECTOR,H1,-0.0137899827153386,1,1905
造紙工業,20230104,1909,0.055384615384615365,RAND_SECTOR,H3,-0.00783100980123197,1,1905
造紙工業,20230104,1909,0.055384615384615365,RAND_SECTOR,H5,-0.010810496258285118,1,1905
造紙工業,20230104,1909,0.055384615384615365,RAND_SECTOR,H10,-0.010810496258285118,1,1905
造紙工業,20230104,1909,0.055384615384615365,RAND_SECTOR,S7,0.010045908941088255,1,1905
造紙工業,20230414,1905,0.07902735562310026,F1,H1,-0.01616856434071745,1,1909
造紙工業,20230414,1905,0.07902735562310026,F1,H3,-0.027285303726698018,1,1909
造紙工業,20230414,1905,0.07902735562310026,F1,H5,-0.021726934033707623,1,1909
造紙工業,20230414,1905,0.07902735562310026,F1,H10,-0.03562285826618339,1,1909
造紙工業,20230414,1905,0.07902735562310026,F1,S7,-0.08564818550309639,1,1909
造紙工業,20230414,1905,0.07902735562310026,F3,H1,-0.01616856434071745,1,1909
造紙工業,20230414,1905,0.07902735562310026,F3,H3,-0.027285303726698018,1,1909
造紙工業,20230414,1905,0.07902735562310026,F3,H5,-0.021726934033707623,1,1909
造紙工業,20230414,1905,0.07902735562310026,F3,H10,-0.03562285826618339,1,1909
造紙工業,20230414,1905,0.07902735562310026,F3,S7,-0.08564818550309639,1,1909
造紙工業,20230414,1905,0.07902735562310026,F2,H1,-0.01616856434071745,1,1909
造紙工業,20230414,1905,0.07902735562310026,F2,H3,-0.027285303726698018,1,1909
造紙工業,20230414,1905,0.07902735562310026,F2,H5,-0.021726934033707623,1,1909
造紙工業,20230414,1905,0.07902735562310026,F2,H10,-0.03562285826618339,1,1909
造紙工業,20230414,1905,0.07902735562310026,F2,S7,-0.08564818550309639,1,1909
造紙工業,20230414,1905,0.07902735562310026,RAND_SECTOR,H1,-0.01498177729815997,1,1907
造紙工業,20230414,1905,0.07902735562310026,RAND_SECTOR,H3,0.017196676438016256,1,1907
造紙工業,20230414,1905,0.07902735562310026,RAND_SECTOR,H5,0.10121819452692082,1,1907
造紙工業,20230414,1905,0.07902735562310026,RAND_SECTOR,H10,0.10479357827538505,1,1907
造紙工業,20230414,1905,0.07902735562310026,RAND_SECTOR,S7,0.11015665389808116,1,1907
造紙工業,20230601,1905,0.09960937499999978,F1,H1,0.016221571779344357,1,1907
造紙工業,20230601,1905,0.09960937499999978,F1,H3,0.11694175714800692,1,1907
造紙工業,20230601,1905,0.09960937499999978,F1,H5,0.1154384707992211,1,1907
造紙工業,20230601,1905,0.09960937499999978,F1,H10,0.08837931652107289,1,1907
造紙工業,20230601,1905,0.09960937499999978,F1,S7,0.14099433872858347,1,1907
造紙工業,20230601,1905,0.09960937499999978,F3,H1,0.0027362089446462123,2,"1907,1909"
造紙工業,20230601,1905,0.09960937499999978,F3,H3,0.05893258980661742,2,"1907,1909"
造紙工業,20230601,1905,0.09960937499999978,F3,H5,0.0508855864101746,2,"1907,1909"
造紙工業,20230601,1905,0.09960937499999978,F3,H10,0.028601577004640888,2,"1907,1909"
造紙工業,20230601,1905,0.09960937499999978,F3,S7,0.07831861164444398,2,"1907,1909"
造紙工業,20230601,1905,0.09960937499999978,F2,H1,-0.021079557148099726,1,1904
造紙工業,20230601,1905,0.09960937499999978,F2,H3,-0.010775131433869323,1,1904
造紙工業,20230601,1905,0.09960937499999978,F2,H5,-0.01666337469914403,1,1904
造紙工業,20230601,1905,0.09960937499999978,F2,H10,-0.04757665184183524,1,1904
造紙工業,20230601,1905,0.09960937499999978,F2,S7,0.03980426576754592,1,1904
造紙工業,20230601,1905,0.09960937499999978,RAND_SECTOR,H1,-0.010749153890051932,1,1909
造紙工業,20230601,1905,0.09960937499999978,RAND_SECTOR,H3,0.0009234224652279188,1,1909
造紙工業,20230601,1905,0.09960937499999978,RAND_SECTOR,H5,-0.013667297978871895,1,1909
造紙工業,20230601,1905,0.09960937499999978,RAND_SECTOR,H10,-0.031176162511791117,1,1909
造紙工業,20230601,1905,0.09960937499999978,RAND_SECTOR,S7,0.015642884560304493,1,1909
造紙工業,20230721,1903,0.09845559845559859,F2,H1,-0.00783100980123197,1,6790
造紙工業,20230721,1903,0.09845559845559859,F2,H3,0.018486470044889458,1,6790
造紙工業,20230721,1903,0.09845559845559859,F2,H5,0.00795947810644071,1,6790
造紙工業,20230721,1903,0.09845559845559859,F2,H10,0.026381713998725465,1,6790
造紙工業,20230721,1903,0.09845559845559859,F2,S7,0.009275352098746747,1,6790
造紙工業,20230721,1903,0.09845559845559859,RAND_SECTOR,H1,0.06684837655781517,1,1905
造紙工業,20230721,1903,0.09845559845559859,RAND_SECTOR,H3,0.02417444149550252,1,1905
造紙工業,20230721,1903,0.09845559845559859,RAND_SECTOR,H5,0.1024099891097423,1,1905
造紙工業,20230721,1903,0.09845559845559859,RAND_SECTOR,H10,0.006393635219539062,1,1905
造紙工業,20230721,1903,0.09845559845559859,RAND_SECTOR,S7,-0.11095968620182073,1,1905
造紙工業,20230928,1907,0.051696284329563635,F1,H1,-0.01648867987277436,1,1904
造紙工業,20230928,1907,0.051696284329563635,F1,H3,-0.01648867987277436,1,1904
造紙工業,20230928,1907,0.051696284329563635,F1,H5,-0.009562543815540336,1,1904
造紙工業,20230928,1907,0.051696284329563635,F1,H10,-0.011294077829848814,1,1904
造紙工業,20230928,1907,0.051696284329563635,F1,S7,-0.018220213887082837,1,1904
造紙工業,20230928,1907,0.051696284329563635,F3,H1,-0.01907482179124838,3,"1904,1909,1905"
造紙工業,20230928,1907,0.051696284329563635,F3,H3,-0.03679891518883308,3,"1904,1909,1905"
造紙工業,20230928,1907,0.051696284329563635,F3,H5,-0.02045566499292702,3,"1904,1909,1905"
造紙工業,20230928,1907,0.051696284329563635,F3,H10,-0.014519698641905979,3,"1904,1909,1905"
造紙工業,20230928,1907,0.051696284329563635,F3,S7,-0.05238944289508592,3,"1904,1909,1905"
造紙工業,20230928,1907,0.051696284329563635,F2,H1,-0.029541490987200714,1,1905
造紙工業,20230928,1907,0.051696284329563635,F2,H3,-0.04908092405457254,1,1905
造紙工業,20230928,1907,0.051696284329563635,F2,H5,-0.03388358722439422,1,1905
造紙工業,20230928,1907,0.051696284329563635,F2,H10,-0.014344154157022615,1,1905
造紙工業,20230928,1907,0.051696284329563635,F2,S7,-0.0773045495963317,1,1905
造紙工業,20230928,1907,0.051696284329563635,RAND_SECTOR,H1,-0.011194294513770076,1,1909
造紙工業,20230928,1907,0.051696284329563635,RAND_SECTOR,H3,-0.04482714163915236,1,1909
造紙工業,20230928,1907,0.051696284329563635,RAND_SECTOR,H5,-0.01792086393884651,1,1909
造紙工業,20230928,1907,0.051696284329563635,RAND_SECTOR,H10,-0.01792086393884651,1,1909
造紙工業,20230928,1907,0.051696284329563635,RAND_SECTOR,S7,-0.06164356520184322,1,1909
造紙工業,20231204,1907,0.05496183206106853,F1,H1,-0.011073392122142978,1,1909
造紙工業,20231204,1907,0.05496183206106853,F1,H3,-0.020800539084876002,1,1909
造紙工業,20231204,1907,0.05496183206106853,F1,H5,-0.03701245068943115,1,1909
造紙工業,20231204,1907,0.05496183206106853,F1,H10,-0.014315774443054097,1,1909
造紙工業,20231204,1907,0.05496183206106853,F1,S7,-0.04673959765216407,1,1909
造紙工業,20231204,1907,0.05496183206106853,F3,H1,-0.010537725020985933,2,"1909,1905"
造紙工業,20231204,1907,0.05496183206106853,F3,H3,-0.012144726324457122,2,"1909,1905"
造紙工業,20231204,1907,0.05496183206106853,F3,H5,-0.014823061830242512,2,"1909,1905"
造紙工業,20231204,1907,0.05496183206106853,F3,H10,0.026919949953302214,2,"1909,1905"
造紙工業,20231204,1907,0.05496183206106853,F3,S7,-0.009916918777923112,2,"1909,1905"
造紙工業,20231204,1907,0.05496183206106853,F2,H1,-0.011073392122142978,1,1909
造紙工業,20231204,1907,0.05496183206106853,F2,H3,-0.020800539084876002,1,1909
造紙工業,20231204,1907,0.05496183206106853,F2,H5,-0.03701245068943115,1,1909
造紙工業,20231204,1907,0.05496183206106853,F2,H10,-0.014315774443054097,1,1909
造紙工業,20231204,1907,0.05496183206106853,F2,S7,-0.04673959765216407,1,1909
造紙工業,20231204,1907,0.05496183206106853,RAND_SECTOR,H1,-0.010002057919828888,1,1905
造紙工業,20231204,1907,0.05496183206106853,RAND_SECTOR,H3,-0.003488913564038243,1,1905
造紙工業,20231204,1907,0.05496183206106853,RAND_SECTOR,H5,0.007366327028946129,1,1905
造紙工業,20231204,1907,0.05496183206106853,RAND_SECTOR,H10,0.06815567434965852,1,1905
造紙工業,20231204,1907,0.05496183206106853,RAND_SECTOR,S7,0.026905760096317843,1,1905
造紙工業,20240304,1905,0.05494505494505497,F1,H1,-0.0009169401831220503,1,1909
造紙工業,20240304,1905,0.05494505494505497,F1,H3,-0.028573218655561505,1,1909
造紙工業,20240304,1905,0.05494505494505497,F1,H5,-0.011288044610286874,1,1909
造紙工業,20240304,1905,0.05494505494505497,F1,H10,-0.014745079419341667,1,1909
造紙工業,20240304,1905,0.05494505494505497,F1,S7,0.03019637309837253,1,1909
造紙工業,20240304,1905,0.05494505494505497,F3,H1,-0.0009169401831220503,1,1909
造紙工業,20240304,1905,0.05494505494505497,F3,H3,-0.028573218655561505,1,1909
造紙工業,20240304,1905,0.05494505494505497,F3,H5,-0.011288044610286874,1,1909
造紙工業,20240304,1905,0.05494505494505497,F3,H10,-0.014745079419341667,1,1909
造紙工業,20240304,1905,0.05494505494505497,F3,S7,0.03019637309837253,1,1909
造紙工業,20240304,1905,0.05494505494505497,F2,H1,-0.0009169401831220503,1,1909
造紙工業,20240304,1905,0.05494505494505497,F2,H3,-0.028573218655561505,1,1909
造紙工業,20240304,1905,0.05494505494505497,F2,H5,-0.011288044610286874,1,1909
造紙工業,20240304,1905,0.05494505494505497,F2,H10,-0.014745079419341667,1,1909
造紙工業,20240304,1905,0.05494505494505497,F2,S7,0.03019637309837253,1,1909
造紙工業,20240304,1905,0.05494505494505497,RAND_SECTOR,H1,-0.011252282181227646,1,1904
造紙工業,20240304,1905,0.05494505494505497,RAND_SECTOR,H3,-0.019805463131217227,1,1904
造紙工業,20240304,1905,0.05494505494505497,RAND_SECTOR,H5,-0.021516099321214677,1,1904
造紙工業,20240304,1905,0.05494505494505497,RAND_SECTOR,H10,-0.014673554561223434,1,1904
造紙工業,20240304,1905,0.05494505494505497,RAND_SECTOR,S7,-0.00783100980123197,1,1904
造紙工業,20240429,1903,0.09546925566343045,F1,H1,-0.02193767790832335,1,1907
造紙工業,20240429,1903,0.09546925566343045,F1,H3,-0.012533232503595504,1,1907
造紙工業,20240429,1903,0.09546925566343045,F1,H5,-0.03447693844796029,1,1907
造紙工業,20240429,1903,0.09546925566343045,F1,H10,-0.04388138385268803,1,1907
造紙工業,20240429,1903,0.09546925566343045,F1,S7,-0.05171842168996088,1,1907
造紙工業,20240429,1903,0.09546925566343045,F3,H1,-0.020463525826303508,3,"1904,1907,1909"
造紙工業,20240429,1903,0.09546925566343045,F3,H3,-0.013255488093336765,3,"1904,1907,1909"
造紙工業,20240429,1903,0.09546925566343045,F3,H5,-0.02993014155465427,3,"1904,1907,1909"
造紙工業,20240429,1903,0.09546925566343045,F3,H10,-0.037875221741206055,3,"1904,1907,1909"
造紙工業,20240429,1903,0.09546925566343045,F3,S7,-0.05721453356267484,3,"1904,1907,1909"
造紙工業,20240429,1903,0.09546925566343045,F2,H1,-0.03896601995391291,1,1905
造紙工業,20240429,1903,0.09546925566343045,F2,H3,0.004622994259840585,1,1905
造紙工業,20240429,1903,0.09546925566343045,F2,H5,-0.047268689327961244,1,1905
造紙工業,20240429,1903,0.09546925566343045,F2,H10,-0.055571358702009355,1,1905
造紙工業,20240429,1903,0.09546925566343045,F2,S7,-0.055571358702009355,1,1905
造紙工業,20240429,1903,0.09546925566343045,RAND_SECTOR,H1,-0.02655117942762364,1,1909
造紙工業,20240429,1903,0.09546925566343045,RAND_SECTOR,H3,-0.010951038072297248,1,1909
造紙工業,20240429,1903,0.09546925566343045,RAND_SECTOR,H5,-0.039031292511884974,1,1909
造紙工業,20240429,1903,0.09546925566343045,RAND_SECTOR,H10,-0.04839137732508103,1,1909
造紙工業,20240429,1903,0.09546925566343045,RAND_SECTOR,S7,-0.09519180139106054,1,1909
造紙工業,20240916,1905,0.05249999999999999,F1,H1,-0.0221215096600621,1,1904
造紙工業,20240916,1905,0.05249999999999999,F1,H3,0.0003349901180993431,1,1904
造紙工業,20240916,1905,0.05249999999999999,F1,H5,-0.005789509821399141,1,1904
造紙工業,20240916,1905,0.05249999999999999,F1,H10,-0.0037480098415664242,1,1904
造紙工業,20240916,1905,0.05249999999999999,F1,S7,0.0003349901180993431,1,1904
造紙工業,20240916,1905,0.05249999999999999,F3,H1,-0.017404079445652143,2,"1904,1907"
造紙工業,20240916,1905,0.05249999999999999,F3,H3,0.004344722541784196,2,"1904,1907"
造紙工業,20240916,1905,0.05249999999999999,F3,H5,0.003710292287040118,2,"1904,1907"
造紙工業,20240916,1905,0.05249999999999999,F3,H10,0.03710197181035829,2,"1904,1907"
造紙工業,20240916,1905,0.05249999999999999,F3,S7,0.021339460546820233,2,"1904,1907"
造紙工業,20240916,1905,0.05249999999999999,F2,H1,-0.00415630983753279,1,1909
造紙工業,20240916,1905,0.05249999999999999,F2,H3,0.003193090089865347,1,1909
造紙工業,20240916,1905,0.05249999999999999,F2,H5,-0.00783100980123197,1,1909
造紙工業,20240916,1905,0.05249999999999999,F2,H10,0.06933768943644991,1,1909
造紙工業,20240916,1905,0.05249999999999999,F2,S7,0.014217189980963107,1,1909
造紙工業,20240916,1905,0.05249999999999999,RAND_SECTOR,H1,-0.012686649231242186,1,1907
造紙工業,20240916,1905,0.05249999999999999,RAND_SECTOR,H3,0.00835445496546905,1,1907
造紙工業,20240916,1905,0.05249999999999999,RAND_SECTOR,H5,0.013210094395479377,1,1907
造紙工業,20240916,1905,0.05249999999999999,RAND_SECTOR,H10,0.07795195346228301,1,1907
造紙工業,20240916,1905,0.05249999999999999,RAND_SECTOR,S7,0.04234393097554112,1,1907
造紙工業,20250512,1903,0.060311284046692615,F1,H1,-0.018461391839075914,1,1905
造紙工業,20250512,1903,0.060311284046692615,F1,H3,-0.022004852518357043,1,1905
造紙工業,20250512,1903,0.060311284046692615,F1,H5,0.009886293595174456,1,1905
造紙工業,20250512,1903,0.060311284046692615,F1,H10,-0.018461391839075914,1,1905
造紙工業,20250512,1903,0.060311284046692615,F1,S7,-0.08933060542470217,1,1905
造紙工業,20250512,1903,0.060311284046692615,F3,H1,-0.018636569267037162,3,"1904,1907,1905"
造紙工業,20250512,1903,0.060311284046692615,F3,H3,-0.035678390680726535,3,"1904,1907,1905"
造紙工業,20250512,1903,0.060311284046692615,F3,H5,-0.02419974668378455,3,"1904,1907,1905"
造紙工業,20250512,1903,0.060311284046692615,F3,H10,-0.03833730070199152,3,"1904,1907,1905"
造紙工業,20250512,1903,0.060311284046692615,F3,S7,-0.08834803168957779,3,"1904,1907,1905"
造紙工業,20250512,1903,0.060311284046692615,F2,H1,-0.018461391839075914,1,1905
造紙工業,20250512,1903,0.060311284046692615,F2,H3,-0.022004852518357043,1,1905
造紙工業,20250512,1903,0.060311284046692615,F2,H5,0.009886293595174456,1,1905
造紙工業,20250512,1903,0.060311284046692615,F2,H10,-0.018461391839075914,1,1905
造紙工業,20250512,1903,0.060311284046692615,F2,S7,-0.08933060542470217,1,1905
造紙工業,20250512,1903,0.060311284046692615,RAND_SECTOR,H1,-0.020989749724292572,1,1904
造紙工業,20250512,1903,0.060311284046692615,RAND_SECTOR,H3,-0.028884993678129023,1,1904
造紙工業,20250512,1903,0.060311284046692615,RAND_SECTOR,H5,-0.0315167416627411,1,1904
造紙工業,20250512,1903,0.060311284046692615,RAND_SECTOR,H10,-0.04730722957041367,1,1904
造紙工業,20250512,1903,0.060311284046692615,RAND_SECTOR,S7,-0.08678344933959559,1,1904
造紙工業,20250725,1909,0.09582059123343512,F1,H1,-0.027285303726698018,1,1905
造紙工業,20250725,1909,0.09582059123343512,F1,H3,-0.042848738867070746,1,1905
造紙工業,20250725,1909,0.09582059123343512,F1,H5,-0.06619389157763,1,1905
造紙工業,20250725,1909,0.09582059123343512,F1,H10,-0.042848738867070746,1,1905
造紙工業,20250725,1909,0.09582059123343512,F1,S7,-0.08564818550309616,1,1905
造紙工業,20250725,1909,0.09582059123343512,F3,H1,-0.027285303726698018,1,1905
造紙工業,20250725,1909,0.09582059123343512,F3,H3,-0.042848738867070746,1,1905
造紙工業,20250725,1909,0.09582059123343512,F3,H5,-0.06619389157763,1,1905
造紙工業,20250725,1909,0.09582059123343512,F3,H10,-0.042848738867070746,1,1905
造紙工業,20250725,1909,0.09582059123343512,F3,S7,-0.08564818550309616,1,1905
造紙工業,20250725,1909,0.09582059123343512,F2,H1,-0.027285303726698018,1,1905
造紙工業,20250725,1909,0.09582059123343512,F2,H3,-0.042848738867070746,1,1905
造紙工業,20250725,1909,0.09582059123343512,F2,H5,-0.06619389157763,1,1905
造紙工業,20250725,1909,0.09582059123343512,F2,H10,-0.042848738867070746,1,1905
造紙工業,20250725,1909,0.09582059123343512,F2,S7,-0.08564818550309616,1,1905
造紙工業,20250725,1909,0.09582059123343512,RAND_SECTOR,H1,-0.01572625375506842,1,1904
造紙工業,20250725,1909,0.09582059123343512,RAND_SECTOR,H3,-0.018358001739680607,1,1904
造紙工業,20250725,1909,0.09582059123343512,RAND_SECTOR,H5,-0.05257072553963793,1,1904
造紙工業,20250725,1909,0.09582059123343512,RAND_SECTOR,H10,-0.023621497708904537,1,1904
造紙工業,20250725,1909,0.09582059123343512,RAND_SECTOR,S7,-0.049938977555025965,1,1904
造紙工業,20251023,1905,0.07287449392712553,F1,H1,-0.027477920498237163,1,1909
造紙工業,20251023,1905,0.07287449392712553,F1,H3,-0.04908952226494301,1,1909
造紙工業,20251023,1905,0.07287449392712553,F1,H5,-0.07954223384530124,1,1909
造紙工業,20251023,1905,0.07287449392712553,F1,H10,-0.050071867799793224,1,1909
造紙工業,20251023,1905,0.07287449392712553,F1,S7,-0.07954223384530124,1,1909
造紙工業,20251023,1905,0.07287449392712553,F3,H1,-0.027477920498237163,1,1909
造紙工業,20251023,1905,0.07287449392712553,F3,H3,-0.04908952226494301,1,1909
造紙工業,20251023,1905,0.07287449392712553,F3,H5,-0.07954223384530124,1,1909
造紙工業,20251023,1905,0.07287449392712553,F3,H10,-0.050071867799793224,1,1909
造紙工業,20251023,1905,0.07287449392712553,F3,S7,-0.07954223384530124,1,1909
造紙工業,20251023,1905,0.07287449392712553,F2,H1,-0.027477920498237163,1,1909
造紙工業,20251023,1905,0.07287449392712553,F2,H3,-0.04908952226494301,1,1909
造紙工業,20251023,1905,0.07287449392712553,F2,H5,-0.07954223384530124,1,1909
造紙工業,20251023,1905,0.07287449392712553,F2,H10,-0.050071867799793224,1,1909
造紙工業,20251023,1905,0.07287449392712553,F2,S7,-0.07954223384530124,1,1909
造紙工業,20251023,1905,0.07287449392712553,RAND_SECTOR,H1,-0.01628699551315327,1,1904
造紙工業,20251023,1905,0.07287449392712553,RAND_SECTOR,H3,-0.027561643129048408,1,1904
造紙工業,20251023,1905,0.07287449392712553,RAND_SECTOR,H5,-0.03319896693699598,1,1904
造紙工業,20251023,1905,0.07287449392712553,RAND_SECTOR,H10,-0.01346833360917954,1,1904
造紙工業,20251023,1905,0.07287449392712553,RAND_SECTOR,S7,0.01753694733453215,1,1904
造紙工業,20251117,1909,0.054455445544554504,F1,H1,-0.0222625587495775,1,1907
造紙工業,20251117,1909,0.054455445544554504,F1,H3,-0.025870445986664103,1,1907
造紙工業,20251117,1909,0.054455445544554504,F1,H5,-0.00783100980123197,1,1907
造紙工業,20251117,1909,0.054455445544554504,F1,H10,0.0011887082914840974,1,1907
造紙工業,20251117,1909,0.054455445544554504,F1,S7,-0.06014537473898507,1,1907
造紙工業,20251117,1909,0.054455445544554504,F3,H1,-0.028382388982377493,2,"1904,1907"
造紙工業,20251117,1909,0.054455445544554504,F3,H3,-0.03285345354231528,2,"1904,1907"
造紙工業,20251117,1909,0.054455445544554504,F3,H5,-0.015832372625415536,2,"1904,1907"
造紙工業,20251117,1909,0.054455445544554504,F3,H10,-0.0019875902841767767,2,"1904,1907"
造紙工業,20251117,1909,0.054455445544554504,F3,S7,-0.05265803885987036,2,"1904,1907"
造紙工業,20251117,1909,0.054455445544554504,F2,H1,-0.0222625587495775,1,1907
造紙工業,20251117,1909,0.054455445544554504,F2,H3,-0.025870445986664103,1,1907
造紙工業,20251117,1909,0.054455445544554504,F2,H5,-0.00783100980123197,1,1907
造紙工業,20251117,1909,0.054455445544554504,F2,H10,0.0011887082914840974,1,1907
造紙工業,20251117,1909,0.054455445544554504,F2,S7,-0.06014537473898507,1,1907
造紙工業,20251117,1909,0.054455445544554504,RAND_SECTOR,H1,-0.04751776940918262,1,1905
造紙工業,20251117,1909,0.054455445544554504,RAND_SECTOR,H3,-0.08720452901713327,1,1905
造紙工業,20251117,1909,0.054455445544554504,RAND_SECTOR,H5,-0.05942379729156799,1,1905
造紙工業,20251117,1909,0.054455445544554504,RAND_SECTOR,H10,-0.0038623338404368823,1,1905
造紙工業,20251117,1909,0.054455445544554504,RAND_SECTOR,S7,-0.08720452901713327,1,1905
造紙工業,20260224,1905,0.053941908713692754,F1,H1,-0.00783100980123197,1,1904
造紙工業,20260224,1905,0.053941908713692754,F1,H3,-0.03678023763196525,1,1904
造紙工業,20260224,1905,0.053941908713692754,F1,H5,-0.05520247352425023,1,1904
造紙工業,20260224,1905,0.053941908713692754,F1,H10,-0.07625645740114717,1,1904
造紙工業,20260224,1905,0.053941908713692754,F1,S7,-0.07362470941653476,1,1904
造紙工業,20260224,1905,0.053941908713692754,F3,H1,-0.005350587325734957,2,"1904,1909"
造紙工業,20260224,1905,0.053941908713692754,F3,H3,-0.031235144628387612,2,"1904,1909"
造紙工業,20260224,1905,0.053941908713692754,F3,H5,-0.06128181136870409,2,"1904,1909"
造紙工業,20260224,1905,0.053941908713692754,F3,H10,-0.07528139477284823,2,"1904,1909"
造紙工業,20260224,1905,0.053941908713692754,F3,S7,-0.07049292931484635,2,"1904,1909"
造紙工業,20260224,1905,0.053941908713692754,F2,H1,-0.00783100980123197,1,1904
造紙工業,20260224,1905,0.053941908713692754,F2,H3,-0.03678023763196525,1,1904
造紙工業,20260224,1905,0.053941908713692754,F2,H5,-0.05520247352425023,1,1904
造紙工業,20260224,1905,0.053941908713692754,F2,H10,-0.07625645740114717,1,1904
造紙工業,20260224,1905,0.053941908713692754,F2,S7,-0.07362470941653476,1,1904
造紙工業,20260224,1905,0.053941908713692754,RAND_SECTOR,H1,-0.002870164850237944,1,1909
造紙工業,20260224,1905,0.053941908713692754,RAND_SECTOR,H3,-0.025690051624809973,1,1909
造紙工業,20260224,1905,0.053941908713692754,RAND_SECTOR,H5,-0.06736114921315794,1,1909
造紙工業,20260224,1905,0.053941908713692754,RAND_SECTOR,H10,-0.07430633214454929,1,1909
造紙工業,20260224,1905,0.053941908713692754,RAND_SECTOR,S7,-0.06736114921315794,1,1909
造紙工業,20260326,1905,0.0980392156862746,F1,H1,-0.00783100980123197,1,1907
造紙工業,20260326,1905,0.0980392156862746,F1,H3,-0.005941164105615293,1,1907
造紙工業,20260326,1905,0.0980392156862746,F1,H5,-0.017280238279315463,1,1907
造紙工業,20260326,1905,0.0980392156862746,F1,H10,-0.021059929670548927,1,1907
造紙工業,20260326,1905,0.0980392156862746,F1,S7,-0.06263653497411625,1,1907
造紙工業,20260326,1905,0.0980392156862746,F3,H1,-0.00783100980123197,1,1907
造紙工業,20260326,1905,0.0980392156862746,F3,H3,-0.005941164105615293,1,1907
造紙工業,20260326,1905,0.0980392156862746,F3,H5,-0.017280238279315463,1,1907
造紙工業,20260326,1905,0.0980392156862746,F3,H10,-0.021059929670548927,1,1907
造紙工業,20260326,1905,0.0980392156862746,F3,S7,-0.06263653497411625,1,1907
造紙工業,20260326,1905,0.0980392156862746,F2,H1,-0.024770480365601144,1,1904
造紙工業,20260326,1905,0.0980392156862746,F2,H3,-0.08768851389040089,1,1904
造紙工業,20260326,1905,0.0980392156862746,F2,H5,-0.0852685895240628,1,1904
造紙工業,20260326,1905,0.0980392156862746,F2,H10,-0.07074904332603182,1,1904
造紙工業,20260326,1905,0.0980392156862746,F2,S7,-0.09010843825673953,1,1904
造紙工業,20260326,1905,0.0980392156862746,RAND_SECTOR,H1,-0.00783100980123197,1,1907
造紙工業,20260326,1905,0.0980392156862746,RAND_SECTOR,H3,-0.005941164105615293,1,1907
造紙工業,20260326,1905,0.0980392156862746,RAND_SECTOR,H5,-0.017280238279315463,1,1907
造紙工業,20260326,1905,0.0980392156862746,RAND_SECTOR,H10,-0.021059929670548927,1,1907
造紙工業,20260326,1905,0.0980392156862746,RAND_SECTOR,S7,-0.06263653497411625,1,1907
造紙工業,20260514,1904,0.050000000000000044,F1,H1,0.002190899190674944,1,1907
造紙工業,20260514,1904,0.050000000000000044,F1,H3,-0.021861682389901382,1,1907
造紙工業,20260514,1904,0.050000000000000044,F1,H5,-0.01584853699475719,1,1907
造紙工業,20260514,1904,0.050000000000000044,F1,H10,-0.025870445986664103,1,1907
造紙工業,20260514,1904,0.050000000000000044,F1,S7,0.04428291695668318,1,1907
造紙工業,20260514,1904,0.050000000000000044,F3,H1,0.002190899190674944,1,1907
造紙工業,20260514,1904,0.050000000000000044,F3,H3,-0.021861682389901382,1,1907
造紙工業,20260514,1904,0.050000000000000044,F3,H5,-0.01584853699475719,1,1907
造紙工業,20260514,1904,0.050000000000000044,F3,H10,-0.025870445986664103,1,1907
造紙工業,20260514,1904,0.050000000000000044,F3,S7,0.04428291695668318,1,1907
造紙工業,20260514,1904,0.050000000000000044,F2,H1,0.002190899190674944,1,1907
造紙工業,20260514,1904,0.050000000000000044,F2,H3,-0.021861682389901382,1,1907
造紙工業,20260514,1904,0.050000000000000044,F2,H5,-0.01584853699475719,1,1907
造紙工業,20260514,1904,0.050000000000000044,F2,H10,-0.025870445986664103,1,1907
造紙工業,20260514,1904,0.050000000000000044,F2,S7,0.04428291695668318,1,1907
造紙工業,20260514,1904,0.050000000000000044,RAND_SECTOR,H1,-0.011880679148982054,1,1905
造紙工業,20260514,1904,0.050000000000000044,RAND_SECTOR,H3,-0.03212902588773259,1,1905
造紙工業,20260514,1904,0.050000000000000044,RAND_SECTOR,H5,-0.015930348496731916,1,1905
造紙工業,20260514,1904,0.050000000000000044,RAND_SECTOR,H10,-0.03212902588773259,1,1905
造紙工業,20260514,1904,0.050000000000000044,RAND_SECTOR,S7,0.04481469171951913,1,1905
造紙工業,20260604,1904,0.09852216748768483,F2,H1,-0.09297984104963364,1,1905
造紙工業,20260604,1904,0.09852216748768483,F2,H3,-0.041150117681041154,1,1905
造紙工業,20260604,1904,0.09852216748768483,F2,H5,-0.0448522407787979,1,1905
造紙工業,20260604,1904,0.09852216748768483,F2,H10,0.3919982847564807,1,1905
造紙工業,20260604,1904,0.09852216748768483,F2,S7,0.2735303456282694,1,1905
造紙工業,20260604,1904,0.09852216748768483,RAND_SECTOR,H1,-0.09297984104963364,1,1905
造紙工業,20260604,1904,0.09852216748768483,RAND_SECTOR,H3,-0.041150117681041154,1,1905
造紙工業,20260604,1904,0.09852216748768483,RAND_SECTOR,H5,-0.0448522407787979,1,1905
造紙工業,20260604,1904,0.09852216748768483,RAND_SECTOR,H10,0.3919982847564807,1,1905
造紙工業,20260604,1904,0.09852216748768483,RAND_SECTOR,S7,0.2735303456282694,1,1905
造紙工業,20260810,1904,0.06140350877192979,F1,H1,-0.038041283541258464,1,1907
造紙工業,20260810,1904,0.06140350877192979,F1,H3,-0.05235141320758674,1,1907
造紙工業,20260810,1904,0.06140350877192979,F1,H5,-0.07779164372550396,1,1907
造紙工業,20260810,1904,0.06140350877192979,F1,H10,-0.01419106743071119,1,1907
造紙工業,20260810,1904,0.06140350877192979,F1,S7,-0.08415170135498329,1,1907
造紙工業,20260810,1904,0.06140350877192979,F3,H1,-0.005745099811365506,2,"1907,1909"
造紙工業,20260810,1904,0.06140350877192979,F3,H3,-0.027635347667283705,2,"1907,1909"
造紙工業,20260810,1904,0.06140350877192979,F3,H5,0.008761813816271058,2,"1907,1909"
造紙工業,20260810,1904,0.06140350877192979,F3,H10,0.025826918940913435,2,"1907,1909"
造紙工業,20260810,1904,0.06140350877192979,F3,S7,-0.009153398021222614,2,"1907,1909"
造紙工業,20260810,1904,0.06140350877192979,F2,H1,-0.0041426492428719985,1,1905
造紙工業,20260810,1904,0.06140350877192979,F2,H3,-0.00783100980123197,1,1905
造紙工業,20260810,1904,0.06140350877192979,F2,H5,-0.011519370359591607,1,1905
造紙工業,20260810,1904,0.06140350877192979,F2,H10,-0.011519370359591607,1,1905
造紙工業,20260810,1904,0.06140350877192979,F2,S7,-0.022584452034670743,1,1905
造紙工業,20260810,1904,0.06140350877192979,RAND_SECTOR,H1,0.02655108391852745,1,1909
造紙工業,20260810,1904,0.06140350877192979,RAND_SECTOR,H3,-0.0029192821269806712,1,1909
造紙工業,20260810,1904,0.06140350877192979,RAND_SECTOR,H5,0.09531527135804607,1,1909
造紙工業,20260810,1904,0.06140350877192979,RAND_SECTOR,H10,0.06584490531253806,1,1909
造紙工業,20260810,1904,0.06140350877192979,RAND_SECTOR,S7,0.06584490531253806,1,1909
運動休閒,20211101,8924,0.05747126436781613,F2,H1,-0.018992910940968222,1,8938
運動休閒,20211101,8924,0.05747126436781613,F2,H3,-0.020233122178716534,1,8938
運動休閒,20211101,8924,0.05747126436781613,F2,H5,-0.02271354465421338,1,8938
運動休閒,20211101,8924,0.05747126436781613,F2,H10,-0.05371882559792496,1,8938
運動休閒,20211101,8924,0.05747126436781613,F2,S7,-0.05867967054891865,1,8938
運動休閒,20211101,8924,0.05747126436781613,RAND_SECTOR,H1,-0.037078621757204666,1,9910
運動休閒,20211101,8924,0.05747126436781613,RAND_SECTOR,H3,-0.04157825436581586,1,9910
運動休閒,20211101,8924,0.05747126436781613,RAND_SECTOR,H5,-0.010080826105537621,1,9910
運動休閒,20211101,8924,0.05747126436781613,RAND_SECTOR,H10,-0.010080826105537621,1,9910
運動休閒,20211101,8924,0.05747126436781613,RAND_SECTOR,S7,-0.08882439675623333,1,9910
運動休閒,20211210,8478,0.09677419354838701,F2,H1,-0.016611266351663434,1,9921
運動休閒,20211210,8478,0.09677419354838701,F2,H3,-0.02539152290209512,1,9921
運動休閒,20211210,8478,0.09677419354838701,F2,H5,-0.04295203600295827,1,9921
運動休閒,20211210,8478,0.09677419354838701,F2,H10,-0.001977505434277438,1,9921
運動休閒,20211210,8478,0.09677419354838701,F2,S7,0.0009492467491996059,1,9921
運動休閒,20211210,8478,0.09677419354838701,RAND_SECTOR,H1,-0.028562899148669052,1,9904
運動休閒,20211210,8478,0.09677419354838701,RAND_SECTOR,H3,-0.027082049909566086,1,9904
運動休閒,20211210,8478,0.09677419354838701,RAND_SECTOR,H5,-0.03744799458328463,1,9904
運動休閒,20211210,8478,0.09677419354838701,RAND_SECTOR,H10,-0.02263950219225841,1,9904
運動休閒,20211210,8478,0.09677419354838701,RAND_SECTOR,S7,-0.04337139153969527,1,9904
運動休閒,20220209,8938,0.06364749082007348,F1,H1,-0.05583918674633348,1,8924
運動休閒,20220209,8938,0.06364749082007348,F1,H3,-0.06544082213535407,1,8924
運動休閒,20220209,8938,0.06364749082007348,F1,H5,-0.06864136726502745,1,8924
運動休閒,20220209,8938,0.06364749082007348,F1,H10,-0.07184191239470095,1,8924
運動休閒,20220209,8938,0.06364749082007348,F1,S7,-0.06864136726502745,1,8924
運動休閒,20220209,8938,0.06364749082007348,F3,H1,-0.05583918674633348,1,8924
運動休閒,20220209,8938,0.06364749082007348,F3,H3,-0.06544082213535407,1,8924
運動休閒,20220209,8938,0.06364749082007348,F3,H5,-0.06864136726502745,1,8924
運動休閒,20220209,8938,0.06364749082007348,F3,H10,-0.07184191239470095,1,8924
運動休閒,20220209,8938,0.06364749082007348,F3,S7,-0.06864136726502745,1,8924
運動休閒,20220209,8938,0.06364749082007348,F2,H1,-0.033490552651199934,1,9802
運動休閒,20220209,8938,0.06364749082007348,F2,H3,-0.05059691455117887,1,9802
運動休閒,20220209,8938,0.06364749082007348,F2,H5,-0.00783100980123197,1,9802
運動休閒,20220209,8938,0.06364749082007348,F2,H10,0.013551942573741371,1,9802
運動休閒,20220209,8938,0.06364749082007348,F2,S7,-0.06342668597616286,1,9802
運動休閒,20220209,8938,0.06364749082007348,RAND_SECTOR,H1,-0.05583918674633348,1,8924
運動休閒,20220209,8938,0.06364749082007348,RAND_SECTOR,H3,-0.06544082213535407,1,8924
運動休閒,20220209,8938,0.06364749082007348,RAND_SECTOR,H5,-0.06864136726502745,1,8924
運動休閒,20220209,8938,0.06364749082007348,RAND_SECTOR,H10,-0.07184191239470095,1,8924
運動休閒,20220209,8938,0.06364749082007348,RAND_SECTOR,S7,-0.06864136726502745,1,8924
運動休閒,20220310,8478,0.0996441281138789,F2,H1,-0.021756188611039118,1,9921
運動休閒,20220310,8478,0.0996441281138789,F2,H3,-0.04960654623065375,1,9921
運動休閒,20220310,8478,0.0996441281138789,F2,H5,-0.04264395682575006,1,9921
運動休閒,20220310,8478,0.0996441281138789,F2,H10,-0.04090330947452425,1,9921
運動休閒,20220310,8478,0.0996441281138789,F2,S7,-0.12619502968459373,1,9921
運動休閒,20220310,8478,0.0996441281138789,RAND_SECTOR,H1,0.006444803007383371,1,8924
運動休閒,20220310,8478,0.0996441281138789,RAND_SECTOR,H3,0.010013756209537261,1,8924
運動休閒,20220310,8478,0.0996441281138789,RAND_SECTOR,H5,0.00287584980522948,1,8924
運動休閒,20220310,8478,0.0996441281138789,RAND_SECTOR,H10,0.04213433502892183,1,8924
運動休閒,20220310,8478,0.0996441281138789,RAND_SECTOR,S7,0.020720615815998933,1,8924
運動休閒,20220412,8478,0.09756097560975618,F1,H1,-0.026911182689669966,1,8933
運動休閒,20220412,8478,0.09756097560975618,F1,H3,-0.03454325184504481,1,8933
運動休閒,20220412,8478,0.09756097560975618,F1,H5,-0.04980739015579527,1,8933
運動休閒,20220412,8478,0.09756097560975618,F1,H10,-0.08033566677729576,1,8933
運動休閒,20220412,8478,0.09756097560975618,F1,S7,-0.09941583966573342,1,8933
運動休閒,20220412,8478,0.09756097560975618,F3,H1,-0.01657481294673596,2,"9904,8933"
運動休閒,20220412,8478,0.09756097560975618,F3,H3,-0.02596483061542776,2,"9904,8933"
運動休閒,20220412,8478,0.09756097560975618,F3,H5,-0.03598574966694773,2,"9904,8933"
運動休閒,20220412,8478,0.09756097560975618,F3,H10,-0.03850935519825954,2,"9904,8933"
運動休閒,20220412,8478,0.09756097560975618,F3,S7,-0.08228962348721913,2,"9904,8933"
運動休閒,20220412,8478,0.09756097560975618,F2,H1,-0.018855109692329508,1,9802
運動休閒,20220412,8478,0.09756097560975618,F2,H3,-0.04090330947452425,1,9802
運動休閒,20220412,8478,0.09756097560975618,F2,H5,-0.022529809656028466,1,9802
運動休閒,20220412,8478,0.09756097560975618,F2,H10,0.09873528914604313,1,9802
運動休閒,20220412,8478,0.09756097560975618,F2,S7,0.06933768943644991,1,9802
運動休閒,20220412,8478,0.09756097560975618,RAND_SECTOR,H1,-0.005986829522052095,1,9921
運動休閒,20220412,8478,0.09756097560975618,RAND_SECTOR,H3,-0.05762387733908836,1,9921
運動休閒,20220412,8478,0.09756097560975618,RAND_SECTOR,H5,-0.048402975943188986,1,9921
運動休閒,20220412,8478,0.09756097560975618,RAND_SECTOR,H10,-0.08897494208514611,1,9921
運動休閒,20220412,8478,0.09756097560975618,RAND_SECTOR,S7,-0.07790986041006676,1,9921
運動休閒,20220718,8467,0.09865470852017921,F2,H1,0.05433496702826468,1,8478
運動休閒,20220718,8467,0.09865470852017921,F2,H3,-0.00783100980123197,1,8478
運動休閒,20220718,8467,0.09865470852017921,F2,H5,-0.015290927020771394,1,8478
運動休閒,20220718,8467,0.09865470852017921,F2,H10,-0.015545966925713084,1,8478
運動休閒,20220718,8467,0.09865470852017921,F2,S7,0.10177238934738808,1,8478
運動休閒,20220718,8467,0.09865470852017921,RAND_SECTOR,H1,0.006204024880578807,1,8928
運動休閒,20220718,8467,0.09865470852017921,RAND_SECTOR,H3,-0.0067513917487849184,1,8928
運動休閒,20220718,8467,0.09865470852017921,RAND_SECTOR,H5,-0.0110698639585729,1,8928
運動休閒,20220718,8467,0.09865470852017921,RAND_SECTOR,H10,-0.0067513917487849184,1,8928
運動休閒,20220718,8467,0.09865470852017921,RAND_SECTOR,S7,-0.039303511814989256,1,8928
運動休閒,20220811,9921,0.052000000000000046,F1,H1,-0.021118987348536677,1,9914
運動休閒,20220811,9921,0.052000000000000046,F1,H3,-0.029977639046740112,1,9914
運動休閒,20220811,9921,0.052000000000000046,F1,H5,-0.016689661499435182,1,9914
運動休閒,20220811,9921,0.052000000000000046,F1,H10,-0.00783100980123197,1,9914
運動休閒,20220811,9921,0.052000000000000046,F1,S7,-0.09641752678326487,1,9914
運動休閒,20220811,9921,0.052000000000000046,F3,H1,-0.021118987348536677,1,9914
運動休閒,20220811,9921,0.052000000000000046,F3,H3,-0.029977639046740112,1,9914
運動休閒,20220811,9921,0.052000000000000046,F3,H5,-0.016689661499435182,1,9914
運動休閒,20220811,9921,0.052000000000000046,F3,H10,-0.00783100980123197,1,9914
運動休閒,20220811,9921,0.052000000000000046,F3,S7,-0.09641752678326487,1,9914
運動休閒,20220811,9921,0.052000000000000046,F2,H1,0.03208383463205178,1,9910
運動休閒,20220811,9921,0.052000000000000046,F2,H3,0.043488075898704404,1,9910
運動休閒,20220811,9921,0.052000000000000046,F2,H5,-0.00783100980123197,1,9910
運動休閒,20220811,9921,0.052000000000000046,F2,H10,0.01497747273207306,1,9910
運動休閒,20220811,9921,0.052000000000000046,F2,S7,0.009275352098746747,1,9910
運動休閒,20220811,9921,0.052000000000000046,RAND_SECTOR,H1,0.10548076902369719,1,8420
運動休閒,20220811,9921,0.052000000000000046,RAND_SECTOR,H3,0.04606117768867324,1,8420
運動休閒,20220811,9921,0.052000000000000046,RAND_SECTOR,H5,0.06678894210786779,1,8420
運動休閒,20220811,9921,0.052000000000000046,RAND_SECTOR,H10,0.057115985378910494,1,8420
運動休閒,20220811,9921,0.052000000000000046,RAND_SECTOR,S7,0.036388220959715945,1,8420
運動休閒,20221114,6768,0.09960681520314552,F2,H1,0.02029346551148903,1,9904
運動休閒,20221114,6768,0.09960681520314552,F2,H3,0.014043582108662411,1,9904
運動休閒,20221114,6768,0.09960681520314552,F2,H5,-1.8655547698309682e-05,1,9904
運動休閒,20221114,6768,0.09960681520314552,F2,H10,-0.004706068099818439,1,9904
運動休閒,20221114,6768,0.09960681520314552,F2,S7,0.02654334891431609,1,9904
運動休閒,20221114,6768,0.09960681520314552,RAND_SECTOR,H1,-0.04616146113134756,1,1736
運動休閒,20221114,6768,0.09960681520314552,RAND_SECTOR,H3,-0.04616146113134756,1,1736
運動休閒,20221114,6768,0.09960681520314552,RAND_SECTOR,H5,0.0909436147802205,1,1736
運動休閒,20221114,6768,0.09960681520314552,RAND_SECTOR,H10,0.12042857734184786,1,1736
運動休閒,20221114,6768,0.09960681520314552,RAND_SECTOR,S7,0.18529549497742903,1,1736
運動休閒,20230116,8478,0.09904153354632594,F2,H1,-0.003662232531489229,1,1736
運動休閒,20230116,8478,0.09904153354632594,F2,H3,0.011623284124234079,1,1736
運動休閒,20230116,8478,0.09904153354632594,F2,H5,0.006064914431243684,1,1736
運動休閒,20230116,8478,0.09904153354632594,F2,H10,-0.030064488573193215,1,1736
運動休閒,20230116,8478,0.09904153354632594,F2,S7,-0.030064488573193215,1,1736
運動休閒,20230116,8478,0.09904153354632594,RAND_SECTOR,H1,0.01850975985006298,1,9904
運動休閒,20230116,8478,0.09904153354632594,RAND_SECTOR,H3,0.011192879391369814,1,9904
運動休閒,20230116,8478,0.09904153354632594,RAND_SECTOR,H5,-0.015147890259925023,1,9904
運動休閒,20230116,8478,0.09904153354632594,RAND_SECTOR,H10,-0.02539152290209501,1,9904
運動休閒,20230116,8478,0.09904153354632594,RAND_SECTOR,S7,-0.018074642443402067,1,9904
運動休閒,20230511,9921,0.0547945205479452,F2,H1,-0.0022096557491142477,1,9914
運動休閒,20230511,9921,0.0547945205479452,F2,H3,-0.01907371790546719,1,9914
運動休閒,20230511,9921,0.0547945205479452,F2,H5,-0.021884394931526274,1,9914
運動休閒,20230511,9921,0.0547945205479452,F2,H10,0.02870779153753311,1,9914
運動休閒,20230511,9921,0.0547945205479452,F2,S7,0.12146013339747452,1,9914
運動休閒,20230511,9921,0.0547945205479452,RAND_SECTOR,H1,0.005223845332962496,1,8933
運動休閒,20230511,9921,0.0547945205479452,RAND_SECTOR,H3,-0.00783100980123197,1,8933
運動休閒,20230511,9921,0.0547945205479452,RAND_SECTOR,H5,0.0008722269548977479,1,8933
運動休閒,20230511,9921,0.0547945205479452,RAND_SECTOR,H10,-0.016534246557361354,1,8933
運動休閒,20230511,9921,0.0547945205479452,RAND_SECTOR,S7,0.013927082089091991,1,8933
運動休閒,20231012,8478,0.09959623149394337,F2,H1,-0.019235251067884596,1,8938
運動休閒,20231012,8478,0.09959623149394337,F2,H3,-0.04489479391785256,1,8938
運動休閒,20231012,8478,0.09959623149394337,F2,H5,-0.06770327645115748,1,8938
運動休閒,20231012,8478,0.09959623149394337,F2,H10,-0.04632032407618414,1,8938
運動休閒,20231012,8478,0.09959623149394337,F2,S7,-0.017809720909552573,1,8938
運動休閒,20231012,8478,0.09959623149394337,RAND_SECTOR,H1,-0.05879488142892819,1,8467
運動休閒,20231012,8478,0.09959623149394337,RAND_SECTOR,H3,-0.07722862223043525,1,8467
運動休閒,20231012,8478,0.09959623149394337,RAND_SECTOR,H5,-0.11084309075083076,1,8467
運動休閒,20231012,8478,0.09959623149394337,RAND_SECTOR,H10,-0.15421659851908298,1,8467
運動休閒,20231012,8478,0.09959623149394337,RAND_SECTOR,S7,-0.06204789451154713,1,8467
運動休閒,20231120,1598,0.05131761442441052,F2,H1,-0.018461391839075914,1,9802
運動休閒,20231120,1598,0.05131761442441052,F2,H3,-0.03263523455620121,1,9802
運動休閒,20231120,1598,0.05131761442441052,F2,H5,0.04177743970870651,1,9802
運動休閒,20231120,1598,0.05131761442441052,F2,H10,0.031147057670862788,1,9802
運動休閒,20231120,1598,0.05131761442441052,F2,S7,0.0027993722366119744,1,9802
運動休閒,20231120,1598,0.05131761442441052,RAND_SECTOR,H1,0.0030420750228641324,1,9910
運動休閒,20231120,1598,0.05131761442441052,RAND_SECTOR,H3,0.0003238038168402735,1,9910
運動休閒,20231120,1598,0.05131761442441052,RAND_SECTOR,H5,-0.026858908243400093,1,9910
運動休閒,20231120,1598,0.05131761442441052,RAND_SECTOR,H10,-0.01326755221327991,1,9910
運動休閒,20231120,1598,0.05131761442441052,RAND_SECTOR,S7,-0.02142236583135204,1,9910
運動休閒,20240105,8467,0.06859205776173294,F2,H1,0.00011693938594126152,1,8478
運動休閒,20240105,8467,0.06859205776173294,F2,H3,-0.003857035207645354,1,8478
運動休閒,20240105,8467,0.06859205776173294,F2,H5,-0.013129642592680568,1,8478
運動休閒,20240105,8467,0.06859205776173294,F2,H10,-0.08863515987082449,1,8478
運動休閒,20240105,8467,0.06859205776173294,F2,S7,-0.10585571644303271,1,8478
運動休閒,20240105,8467,0.06859205776173294,RAND_SECTOR,H1,0.0004141618624695642,1,9921
運動休閒,20240105,8467,0.06859205776173294,RAND_SECTOR,H3,-0.03531491534690412,1,9921
運動休閒,20240105,8467,0.06859205776173294,RAND_SECTOR,H5,-0.0298181342377698,1,9921
運動休閒,20240105,8467,0.06859205776173294,RAND_SECTOR,H10,-0.07654077366541256,1,9921
運動休閒,20240105,8467,0.06859205776173294,RAND_SECTOR,S7,-0.07928916421997978,1,9921
運動休閒,20240216,9914,0.09972299168975063,F2,H1,-0.00783100980123197,1,9921
運動休閒,20240216,9914,0.09972299168975063,F2,H3,-0.027674389605207295,1,9921
運動休閒,20240216,9914,0.09972299168975063,F2,H5,-0.00783100980123197,1,9921
運動休閒,20240216,9914,0.09972299168975063,F2,H10,0.012012370002743467,1,9921
運動休閒,20240216,9914,0.09972299168975063,F2,S7,0.07154250941466955,1,9921
運動休閒,20240216,9914,0.09972299168975063,RAND_SECTOR,H1,-0.00783100980123197,1,9921
運動休閒,20240216,9914,0.09972299168975063,RAND_SECTOR,H3,-0.027674389605207295,1,9921
運動休閒,20240216,9914,0.09972299168975063,RAND_SECTOR,H5,-0.00783100980123197,1,9921
運動休閒,20240216,9914,0.09972299168975063,RAND_SECTOR,H10,0.012012370002743467,1,9921
運動休閒,20240216,9914,0.09972299168975063,RAND_SECTOR,S7,0.07154250941466955,1,9921
運動休閒,20240429,6670,0.05471698113207557,F2,H1,-0.03983646109796635,1,8933
運動休閒,20240429,6670,0.05471698113207557,F2,H3,-0.03526425376986142,1,8933
運動休閒,20240429,6670,0.05471698113207557,F2,H5,-0.016975424457441823,1,8933
運動休閒,20240429,6670,0.05471698113207557,F2,H10,-0.03526425376986142,1,8933
運動休閒,20240429,6670,0.05471698113207557,F2,S7,-0.030692046441756382,1,8933
運動休閒,20240429,6670,0.05471698113207557,RAND_SECTOR,H1,-0.03983646109796635,1,8933
運動休閒,20240429,6670,0.05471698113207557,RAND_SECTOR,H3,-0.03526425376986142,1,8933
運動休閒,20240429,6670,0.05471698113207557,RAND_SECTOR,H5,-0.016975424457441823,1,8933
運動休閒,20240429,6670,0.05471698113207557,RAND_SECTOR,H10,-0.03526425376986142,1,8933
運動休閒,20240429,6670,0.05471698113207557,RAND_SECTOR,S7,-0.030692046441756382,1,8933
運動休閒,20240708,1736,0.05736782902137216,F2,H1,-0.00408224750611208,1,8478
運動休閒,20240708,1736,0.05736782902137216,F2,H3,-0.024511329608550736,1,8478
運動休閒,20240708,1736,0.05736782902137216,F2,H5,-0.030895417765562927,1,8478
運動休閒,20240708,1736,0.05736782902137216,F2,H10,-0.07303039960184254,1,8478
運動休閒,20240708,1736,0.05736782902137216,F2,S7,-0.050047682236598945,1,8478
運動休閒,20240708,1736,0.05736782902137216,RAND_SECTOR,H1,-0.010245046273735015,1,9921
運動休閒,20240708,1736,0.05736782902137216,RAND_SECTOR,H3,0.057347974956351466,1,9921
運動休閒,20240708,1736,0.05736782902137216,RAND_SECTOR,H5,0.028379537286314482,1,9921
運動休閒,20240708,1736,0.05736782902137216,RAND_SECTOR,H10,0.06459008437386049,1,9921
運動休閒,20240708,1736,0.05736782902137216,RAND_SECTOR,S7,0.040449719648829596,1,9921
運動休閒,20240906,8467,0.10000000000000009,F2,H1,-0.0042099550924773466,1,9910
運動休閒,20240906,8467,0.10000000000000009,F2,H3,-0.0005889003837226126,1,9910
運動休閒,20240906,8467,0.10000000000000009,F2,H5,0.021137427868805014,1,9910
運動休閒,20240906,8467,0.10000000000000009,F2,H10,0.1261480144226892,1,9910
運動休閒,20240906,8467,0.10000000000000009,F2,S7,0.046484810830087486,1,9910
運動休閒,20240906,8467,0.10000000000000009,RAND_SECTOR,H1,-0.0042099550924773466,1,9910
運動休閒,20240906,8467,0.10000000000000009,RAND_SECTOR,H3,-0.0005889003837226126,1,9910
運動休閒,20240906,8467,0.10000000000000009,RAND_SECTOR,H5,0.021137427868805014,1,9910
運動休閒,20240906,8467,0.10000000000000009,RAND_SECTOR,H10,0.1261480144226892,1,9910
運動休閒,20240906,8467,0.10000000000000009,RAND_SECTOR,S7,0.046484810830087486,1,9910
運動休閒,20241101,6768,0.09663865546218497,F2,H1,0.09296076063165892,1,1736
運動休閒,20241101,6768,0.09663865546218497,F2,H3,0.07721204650151958,1,1736
運動休閒,20241101,6768,0.09663865546218497,F2,H5,0.061463332371380464,1,1736
運動休閒,20241101,6768,0.09663865546218497,F2,H10,-0.08657458045192779,1,1736
運動休閒,20241101,6768,0.09663865546218497,F2,S7,-0.15271917979851246,1,1736
運動休閒,20241101,6768,0.09663865546218497,RAND_SECTOR,H1,0.009162661967653474,1,9904
運動休閒,20241101,6768,0.09663865546218497,RAND_SECTOR,H3,0.014391484050387149,1,9904
運動休閒,20241101,6768,0.09663865546218497,RAND_SECTOR,H5,0.024849128215855387,1,9904
運動休閒,20241101,6768,0.09663865546218497,RAND_SECTOR,H10,0.1333471864325848,1,9904
運動休閒,20241101,6768,0.09663865546218497,RAND_SECTOR,S7,0.07452293800182774,1,9904
運動休閒,20241204,1736,0.08211143695014655,F2,H1,-0.025056165881071735,1,6768
運動休閒,20241204,1736,0.08211143695014655,F2,H3,-0.05950647804075104,1,6768
運動休閒,20241204,1736,0.08211143695014655,F2,H5,-0.0698415716886549,1,6768
運動休閒,20241204,1736,0.08211143695014655,F2,H10,-0.1284071023601101,1,6768
運動休閒,20241204,1736,0.08211143695014655,F2,S7,-0.09051175898446262,1,6768
運動休閒,20241204,1736,0.08211143695014655,RAND_SECTOR,H1,-0.01846139183907569,1,9910
運動休閒,20241204,1736,0.08211143695014655,RAND_SECTOR,H3,-0.01846139183907569,1,9910
運動休閒,20241204,1736,0.08211143695014655,RAND_SECTOR,H5,-0.01846139183907569,1,9910
運動休閒,20241204,1736,0.08211143695014655,RAND_SECTOR,H10,-0.0113744704805131,1,9910
運動休閒,20241204,1736,0.08211143695014655,RAND_SECTOR,S7,-0.0397221559147638,1,9910
運動休閒,20250108,6890,0.06398996235884558,F2,H1,-0.031176162511791228,1,6768
運動休閒,20250108,6890,0.06398996235884558,F2,H3,-0.035067021296884326,1,6768
運動休閒,20250108,6890,0.06398996235884558,F2,H5,-0.00783100980123197,1,6768
運動休閒,20250108,6890,0.06398996235884558,F2,H10,0.0505318719751664,1,6768
運動休閒,20250108,6890,0.06398996235884558,F2,S7,0.1011130361813779,1,6768
運動休閒,20250108,6890,0.06398996235884558,RAND_SECTOR,H1,-0.031176162511791228,1,6768
運動休閒,20250108,6890,0.06398996235884558,RAND_SECTOR,H3,-0.035067021296884326,1,6768
運動休閒,20250108,6890,0.06398996235884558,RAND_SECTOR,H5,-0.00783100980123197,1,6768
運動休閒,20250108,6890,0.06398996235884558,RAND_SECTOR,H10,0.0505318719751664,1,6768
運動休閒,20250108,6890,0.06398996235884558,RAND_SECTOR,S7,0.1011130361813779,1,6768
運動休閒,20250519,6670,0.05157593123209159,F1,H1,-0.04033576611039569,1,9904
運動休閒,20250519,6670,0.05157593123209159,F1,H3,-0.04033576611039569,1,9904
運動休閒,20250519,6670,0.05157593123209159,F1,H5,-0.023309465186548084,1,9904
運動休閒,20250519,6670,0.05157593123209159,F1,H10,-0.04807499380305391,1,9904
運動休閒,20250519,6670,0.05157593123209159,F1,S7,-0.029500847340674485,1,9904
運動休閒,20250519,6670,0.05157593123209159,F3,H1,-0.008333313943062248,6,"9904,6768,1736,9910,9921"
運動休閒,20250519,6670,0.05157593123209159,F3,H3,-0.018670031499254076,6,"9904,6768,1736,9910,9921"
運動休閒,20250519,6670,0.05157593123209159,F3,H5,-0.024071407364210484,6,"9904,6768,1736,9910,9921"
運動休閒,20250519,6670,0.05157593123209159,F3,H10,-0.04517927019533132,6,"9904,6768,1736,9910,9921"
運動休閒,20250519,6670,0.05157593123209159,F3,S7,-0.06211337486290732,6,"9904,6768,1736,9910,9921"
運動休閒,20250519,6670,0.05157593123209159,F2,H1,-0.019833054037507347,1,9910
運動休閒,20250519,6670,0.05157593123209159,F2,H3,-0.019833054037507347,1,9910
運動休閒,20250519,6670,0.05157593123209159,F2,H5,-0.019833054037507347,1,9910
運動休閒,20250519,6670,0.05157593123209159,F2,H10,-0.07184191239470095,1,9910
運動休閒,20250519,6670,0.05157593123209159,F2,S7,-0.06784123098260886,1,9910
運動休閒,20250519,6670,0.05157593123209159,RAND_SECTOR,H1,-0.04033576611039569,1,9904
運動休閒,20250519,6670,0.05157593123209159,RAND_SECTOR,H3,-0.04033576611039569,1,9904
運動休閒,20250519,6670,0.05157593123209159,RAND_SECTOR,H5,-0.023309465186548084,1,9904
運動休閒,20250519,6670,0.05157593123209159,RAND_SECTOR,H10,-0.04807499380305391,1,9904
運動休閒,20250519,6670,0.05157593123209159,RAND_SECTOR,S7,-0.029500847340674485,1,9904
運動休閒,20250616,6890,0.07484076433121012,F1,H1,-0.01645856623774289,1,6768
運動休閒,20250616,6890,0.07484076433121012,F1,H3,-0.05959634842029793,1,6768
運動休閒,20250616,6890,0.07484076433121012,F1,H5,-0.09207544236652232,1,6768
運動休閒,20250616,6890,0.07484076433121012,F1,H10,-0.01969800538060429,1,6768
運動休閒,20250616,6890,0.07484076433121012,F1,S7,-0.09482395263181043,1,6768
運動休閒,20250616,6890,0.07484076433121012,F3,H1,-0.0008948627900374762,3,"6768,1736,9802"
運動休閒,20250616,6890,0.07484076433121012,F3,H3,-0.01624092427303751,3,"6768,1736,9802"
運動休閒,20250616,6890,0.07484076433121012,F3,H5,-0.019831710927295593,3,"6768,1736,9802"
運動休閒,20250616,6890,0.07484076433121012,F3,H10,0.03425978226406926,3,"6768,1736,9802"
運動休閒,20250616,6890,0.07484076433121012,F3,S7,0.0038386850053305777,3,"6768,1736,9802"
運動休閒,20250616,6890,0.07484076433121012,F2,H1,0.001147895087444617,1,9802
運動休閒,20250616,6890,0.07484076433121012,F2,H3,-0.03925717691160002,1,9802
運動休閒,20250616,6890,0.07484076433121012,F2,H5,-0.04823608180027672,1,9802
運動休閒,20250616,6890,0.07484076433121012,F2,H10,-0.05721498668895342,1,9802
運動休閒,20250616,6890,0.07484076433121012,F2,S7,-0.03925717691160002,1,9802
運動休閒,20250616,6890,0.07484076433121012,RAND_SECTOR,H1,0.001147895087444617,1,9802
運動休閒,20250616,6890,0.07484076433121012,RAND_SECTOR,H3,-0.03925717691160002,1,9802
運動休閒,20250616,6890,0.07484076433121012,RAND_SECTOR,H5,-0.04823608180027672,1,9802
運動休閒,20250616,6890,0.07484076433121012,RAND_SECTOR,H10,-0.05721498668895342,1,9802
運動休閒,20250616,6890,0.07484076433121012,RAND_SECTOR,S7,-0.03925717691160002,1,9802
運動休閒,20250723,9921,0.0976744186046512,F2,H1,0.009652144211081293,1,9914
運動休閒,20250723,9921,0.0976744186046512,F2,H3,-0.00783100980123197,1,9914
運動休閒,20250723,9921,0.0976744186046512,F2,H5,0.031506086726472704,1,9914
運動休閒,20250723,9921,0.0976744186046512,F2,H10,0.022764509720315962,1,9914
運動休閒,20250723,9921,0.0976744186046512,F2,S7,-0.05416910384271656,1,9914
運動休閒,20250723,9921,0.0976744186046512,RAND_SECTOR,H1,-0.012533232503595726,1,8478
運動休閒,20250723,9921,0.0976744186046512,RAND_SECTOR,H3,-0.038395457366596886,1,8478
運動休閒,20250723,9921,0.0976744186046512,RAND_SECTOR,H5,-0.03604434601541484,1,8478
運動休閒,20250723,9921,0.0976744186046512,RAND_SECTOR,H10,-0.02199544477198856,1,8478
運動休閒,20250723,9921,0.0976744186046512,RAND_SECTOR,S7,-0.08462627835801906,1,8478
運動休閒,20250917,1736,0.06228373702422152,F2,H1,-0.05507715219164955,1,8478
運動休閒,20250917,1736,0.06228373702422152,F2,H3,-0.05722470411848668,1,8478
運動休閒,20250917,1736,0.06228373702422152,F2,H5,0.000759197906116782,1,8478
運動休閒,20250917,1736,0.06228373702422152,F2,H10,-0.05722470411848668,1,8478
運動休閒,20250917,1736,0.06228373702422152,F2,S7,-0.11091350228941577,1,8478
運動休閒,20250917,1736,0.06228373702422152,RAND_SECTOR,H1,0.014616252420459608,1,9914
運動休閒,20250917,1736,0.06228373702422152,RAND_SECTOR,H3,-0.012320462245570263,1,9914
運動休閒,20250917,1736,0.06228373702422152,RAND_SECTOR,H5,-0.04374662935593843,1,9914
運動休閒,20250917,1736,0.06228373702422152,RAND_SECTOR,H10,-0.09762005868799828,1,9914
運動休閒,20250917,1736,0.06228373702422152,RAND_SECTOR,S7,-0.07966224891064488,1,9914
運動休閒,20251113,9802,0.0990099009900991,F2,H1,0.004293254844781602,1,6890
運動休閒,20251113,9802,0.0990099009900991,F2,H3,-0.06441091148262812,1,6890
運動休閒,20251113,9802,0.0990099009900991,F2,H5,-0.023996695995916473,1,6890
運動休閒,20251113,9802,0.0990099009900991,F2,H10,0.13361874440225852,1,6890
運動休閒,20251113,9802,0.0990099009900991,F2,S7,0.0952252396898825,1,6890
運動休閒,20251113,9802,0.0990099009900991,RAND_SECTOR,H1,0.003561327246979662,1,9921
運動休閒,20251113,9802,0.0990099009900991,RAND_SECTOR,H3,-0.04925768997654578,1,9921
運動休閒,20251113,9802,0.0990099009900991,RAND_SECTOR,H5,-0.04511502195901429,1,9921
運動休閒,20251113,9802,0.0990099009900991,RAND_SECTOR,H10,0.06673701451433312,1,9921
運動休閒,20251113,9802,0.0990099009900991,RAND_SECTOR,S7,0.00045432623383079296,1,9921
運動休閒,20260114,9914,0.058263971462544584,F2,H1,-0.00783100980123197,1,6768
運動休閒,20260114,9914,0.058263971462544584,F2,H3,-0.026204509619727645,1,6768
運動休閒,20260114,9914,0.058263971462544584,F2,H5,-0.003237634846608106,1,6768
運動休閒,20260114,9914,0.058263971462544584,F2,H10,-0.03539125952897548,1,6768
運動休閒,20260114,9914,0.058263971462544584,F2,S7,-0.08224368406613947,1,6768
運動休閒,20260114,9914,0.058263971462544584,RAND_SECTOR,H1,-0.02523748331349107,1,6890
運動休閒,20260114,9914,0.058263971462544584,RAND_SECTOR,H3,-0.07165474601284871,1,6890
運動休閒,20260114,9914,0.058263971462544584,RAND_SECTOR,H5,-0.06585258817542883,1,6890
運動休閒,20260114,9914,0.058263971462544584,RAND_SECTOR,H10,-0.08712716691263445,1,6890
運動休閒,20260114,9914,0.058263971462544584,RAND_SECTOR,S7,-0.06585258817542883,1,6890
運動休閒,20260428,1736,0.09836065573770503,F2,H1,-0.019206195676122362,1,6768
運動休閒,20260428,1736,0.09836065573770503,F2,H3,0.016183271490203266,1,6768
運動休閒,20260428,1736,0.09836065573770503,F2,H5,0.011127633323585462,1,6768
運動休閒,20260428,1736,0.09836065573770503,F2,H10,0.10844866803098041,1,6768
運動休閒,20260428,1736,0.09836065573770503,F2,S7,0.05157273865652878,1,6768
運動休閒,20260428,1736,0.09836065573770503,RAND_SECTOR,H1,0.007889977719523378,1,9914
運動休閒,20260428,1736,0.09836065573770503,RAND_SECTOR,H3,0.011383530501913208,1,9914
運動休閒,20260428,1736,0.09836065573770503,RAND_SECTOR,H5,-0.018311668148402016,1,9914
運動休閒,20260428,1736,0.09836065573770503,RAND_SECTOR,H10,0.10920300840883401,1,9914
運動休閒,20260428,1736,0.09836065573770503,RAND_SECTOR,S7,0.13889820705914935,1,9914
運動休閒,20260602,9910,0.09874826147426963,F1,H1,-0.02375470964392823,1,9802
運動休閒,20260602,9910,0.09874826147426963,F1,H3,-0.08254990906311443,1,9802
運動休閒,20260602,9910,0.09874826147426963,F1,H5,-0.011505709764930927,1,9802
運動休閒,20260602,9910,0.09874826147426963,F1,H10,-0.05682700931722062,1,9802
運動休閒,20260602,9910,0.09874826147426963,F1,S7,-0.09357400895421208,1,9802
運動休閒,20260602,9910,0.09874826147426963,F3,H1,-0.02375470964392823,1,9802
運動休閒,20260602,9910,0.09874826147426963,F3,H3,-0.08254990906311443,1,9802
運動休閒,20260602,9910,0.09874826147426963,F3,H5,-0.011505709764930927,1,9802
運動休閒,20260602,9910,0.09874826147426963,F3,H10,-0.05682700931722062,1,9802
運動休閒,20260602,9910,0.09874826147426963,F3,S7,-0.09357400895421208,1,9802
運動休閒,20260602,9910,0.09874826147426963,F2,H1,0.029190221176333964,1,6890
運動休閒,20260602,9910,0.09874826147426963,F2,H3,0.0982965190011238,1,6890
運動休閒,20260602,9910,0.09874826147426963,F2,H5,0.34757280758340126,1,6890
運動休閒,20260602,9910,0.09874826147426963,F2,H10,0.11557309345732136,1,6890
運動休閒,20260602,9910,0.09874826147426963,F2,S7,0.0045094005246233415,1,6890
運動休閒,20260602,9910,0.09874826147426963,RAND_SECTOR,H1,-0.049171384392847406,1,1736
運動休閒,20260602,9910,0.09874826147426963,RAND_SECTOR,H3,-0.15252232087188566,1,1736
運動休閒,20260602,9910,0.09874826147426963,RAND_SECTOR,H5,-0.10291387136194718,1,1736
運動休閒,20260602,9910,0.09874826147426963,RAND_SECTOR,H10,-0.024367159637878055,1,1736
運動休閒,20260602,9910,0.09874826147426963,RAND_SECTOR,S7,-0.07810964660697794,1,1736
運動休閒,20260629,1736,0.09282700421940926,F2,H1,0.01283917749457597,1,9914
運動休閒,20260629,1736,0.09282700421940926,F2,H3,-0.033668743920991506,1,9914
運動休閒,20260629,1736,0.09282700421940926,F2,H5,-0.009122896507219758,1,9914
運動休閒,20260629,1736,0.09282700421940926,F2,H10,-0.015582330037159586,1,9914
運動休閒,20260629,1736,0.09282700421940926,F2,S7,0.01283917749457597,1,9914
運動休閒,20260629,1736,0.09282700421940926,RAND_SECTOR,H1,-0.02478002014628311,1,6768
運動休閒,20260629,1736,0.09282700421940926,RAND_SECTOR,H3,-0.05476673075675831,1,6768
運動休閒,20260629,1736,0.09282700421940926,RAND_SECTOR,H5,-0.052159190703673475,1,6768
運動休閒,20260629,1736,0.09282700421940926,RAND_SECTOR,H10,-0.08475344136723362,1,6768
運動休閒,20260629,1736,0.09282700421940926,RAND_SECTOR,S7,-0.08475344136723362,1,6768
運動休閒,20260806,1736,0.059479553903345694,F2,H1,0.11646510537887989,1,9921
運動休閒,20260806,1736,0.059479553903345694,F2,H3,0.22646166748517338,1,9921
運動休閒,20260806,1736,0.059479553903345694,F2,H5,0.12196493348419457,1,9921
運動休閒,20260806,1736,0.059479553903345694,F2,H10,0.20996218316922932,1,9921
運動休閒,20260806,1736,0.059479553903345694,F2,S7,0.13075346287385758,1,9921
運動休閒,20260806,1736,0.059479553903345694,RAND_SECTOR,H1,0.002612874306123558,1,9904
運動休閒,20260806,1736,0.059479553903345694,RAND_SECTOR,H3,0.004701651127594575,1,9904
運動休閒,20260806,1736,0.059479553903345694,RAND_SECTOR,H5,0.021411865699363153,1,9904
運動休閒,20260806,1736,0.059479553903345694,RAND_SECTOR,H10,0.046477187557016464,1,9904
運動休閒,20260806,1736,0.059479553903345694,RAND_SECTOR,S7,0.0318557498067189,1,9904
金融保險,20211021,2820,0.07055214723926362,F2,H1,-0.027096427086644836,1,6026
金融保險,20211021,2820,0.07055214723926362,F2,H3,-0.017463718443938236,1,6026
金融保險,20211021,2820,0.07055214723926362,F2,H5,0.0018016988414746304,1,6026
金融保險,20211021,2820,0.07055214723926362,F2,H10,0.043543436293202786,1,6026
金融保險,20211021,2820,0.07055214723926362,F2,S7,0.1109723967921481,1,6026
金融保險,20211021,2820,0.07055214723926362,RAND_SECTOR,H1,-0.017116013720204437,1,2881
金融保險,20211021,2820,0.07055214723926362,RAND_SECTOR,H3,-0.006504580669949966,1,2881
金融保險,20211021,2820,0.07055214723926362,RAND_SECTOR,H5,-0.025074588507895013,1,2881
金融保險,20211021,2820,0.07055214723926362,RAND_SECTOR,H10,-0.03568602155814915,1,2881
金融保險,20211021,2820,0.07055214723926362,RAND_SECTOR,S7,0.012065427167994747,1,2881
金融保險,20211108,6015,0.05198776758409762,F1,H1,-0.002581438424518745,1,2851
金融保險,20211108,6015,0.05198776758409762,F1,H3,0.007917704328907371,1,2851
金融保險,20211108,6015,0.05198776758409762,F1,H5,0.0009182758266230717,1,2851
金融保險,20211108,6015,0.05198776758409762,F1,H10,0.011417418580049077,1,2851
金融保險,20211108,6015,0.05198776758409762,F1,S7,0.011417418580049077,1,2851
金融保險,20211108,6015,0.05198776758409762,F3,H1,-0.002581438424518745,1,2851
金融保險,20211108,6015,0.05198776758409762,F3,H3,0.007917704328907371,1,2851
金融保險,20211108,6015,0.05198776758409762,F3,H5,0.0009182758266230717,1,2851
金融保險,20211108,6015,0.05198776758409762,F3,H10,0.011417418580049077,1,2851
金融保險,20211108,6015,0.05198776758409762,F3,S7,0.011417418580049077,1,2851
金融保險,20211108,6015,0.05198776758409762,F2,H1,0.0010013550966798679,1,6026
金融保險,20211108,6015,0.05198776758409762,F2,H3,0.01572196325986641,1,6026
金融保險,20211108,6015,0.05198776758409762,F2,H5,0.009833719994591483,1,6026
金融保險,20211108,6015,0.05198776758409762,F2,H10,0.012777841627229058,1,6026
金融保險,20211108,6015,0.05198776758409762,F2,S7,0.04516317958623928,1,6026
金融保險,20211108,6015,0.05198776758409762,RAND_SECTOR,H1,-0.00783100980123197,1,5820
金融保險,20211108,6015,0.05198776758409762,RAND_SECTOR,H3,-0.003814131298402801,1,5820
金融保險,20211108,6015,0.05198776758409762,RAND_SECTOR,H5,-0.00783100980123197,1,5820
金融保險,20211108,6015,0.05198776758409762,RAND_SECTOR,H10,-0.00783100980123197,1,5820
金融保險,20211108,6015,0.05198776758409762,RAND_SECTOR,S7,-0.00783100980123197,1,5820
金融保險,20211227,6015,0.08235294117647052,F1,H1,-0.004869311323026482,1,6005
金融保險,20211227,6015,0.08235294117647052,F1,H3,0.006977482589794581,1,6005
金融保險,20211227,6015,0.08235294117647052,F1,H5,-0.001907612844821327,1,6005
金融保險,20211227,6015,0.08235294117647052,F1,H10,0.012900879546205113,1,6005
金融保險,20211227,6015,0.08235294117647052,F1,S7,-0.04337139153969527,1,6005
金融保險,20211227,6015,0.08235294117647052,F3,H1,-0.004869311323026482,1,6005
金融保險,20211227,6015,0.08235294117647052,F3,H3,0.006977482589794581,1,6005
金融保險,20211227,6015,0.08235294117647052,F3,H5,-0.001907612844821327,1,6005
金融保險,20211227,6015,0.08235294117647052,F3,H10,0.012900879546205113,1,6005
金融保險,20211227,6015,0.08235294117647052,F3,S7,-0.04337139153969527,1,6005
金融保險,20211227,6015,0.08235294117647052,F2,H1,-0.016975424457441712,1,6026
金融保險,20211227,6015,0.08235294117647052,F2,H3,0.06989651477655179,1,6026
金融保險,20211227,6015,0.08235294117647052,F2,H5,0.04703547813602715,1,6026
金融保險,20211227,6015,0.08235294117647052,F2,H10,-0.0032588024731269316,1,6026
金融保險,20211227,6015,0.08235294117647052,F2,S7,-0.09013074170712065,1,6026
金融保險,20211227,6015,0.08235294117647052,RAND_SECTOR,H1,-0.006056109997656267,1,2884
金融保險,20211227,6015,0.08235294117647052,RAND_SECTOR,H3,-0.0025063103905048623,1,2884
金融保險,20211227,6015,0.08235294117647052,RAND_SECTOR,H5,-0.006056109997656267,1,2884
金融保險,20211227,6015,0.08235294117647052,RAND_SECTOR,H10,0.04009128489530944,1,2884
金融保險,20211227,6015,0.08235294117647052,RAND_SECTOR,S7,0.02411718666312912,1,2884
金融保險,20220211,2834,0.051886792452830344,F1,H1,-0.01220179830431023,1,2845
金融保險,20220211,2834,0.051886792452830344,F1,H3,0.0009105672049245506,1,2845
金融保險,20220211,2834,0.051886792452830344,F1,H5,0.005281355708002922,1,2845
金融保險,20220211,2834,0.051886792452830344,F1,H10,-0.0253141638135449,1,2845
金融保險,20220211,2834,0.051886792452830344,F1,S7,-0.01657258680738849,1,2845
金融保險,20220211,2834,0.051886792452830344,F3,H1,-0.007533525517924403,15,"2801,2881,2880,2892,2891"
金融保險,20220211,2834,0.051886792452830344,F3,H3,-0.004240423720021543,15,"2801,2881,2880,2892,2891"
金融保險,20220211,2834,0.051886792452830344,F3,H5,-0.007486738112445957,15,"2801,2881,2880,2892,2891"
金融保險,20220211,2834,0.051886792452830344,F3,H10,-0.03916306230621256,15,"2801,2881,2880,2892,2891"
金融保險,20220211,2834,0.051886792452830344,F3,S7,-0.054029637414451215,15,"2801,2881,2880,2892,2891"
金融保險,20220211,2834,0.051886792452830344,F2,H1,-0.024566390358801593,1,6026
金融保險,20220211,2834,0.051886792452830344,F2,H3,-0.019784853056638907,1,6026
金融保險,20220211,2834,0.051886792452830344,F2,H5,-0.029347927660964168,1,6026
金融保險,20220211,2834,0.051886792452830344,F2,H10,-0.04369253956745234,1,6026
金融保險,20220211,2834,0.051886792452830344,F2,S7,-0.019784853056638907,1,6026
金融保險,20220211,2834,0.051886792452830344,RAND_SECTOR,H1,-0.02328535544295729,1,6015
金融保險,20220211,2834,0.051886792452830344,RAND_SECTOR,H3,-0.010921878929576967,1,6015
金融保險,20220211,2834,0.051886792452830344,RAND_SECTOR,H5,-0.014012748057922186,1,6015
金融保險,20220211,2834,0.051886792452830344,RAND_SECTOR,H10,-0.03564883195633761,1,6015
金融保險,20220211,2834,0.051886792452830344,RAND_SECTOR,S7,-0.06346665411144314,1,6015
金融保險,20220323,2897,0.10000000000000009,F1,H1,-0.0151623077583658,1,2887
金融保險,20220323,2897,0.10000000000000009,F1,H3,-0.027381137686922186,1,2887
金融保險,20220323,2897,0.10000000000000009,F1,H5,-0.010274775786943247,1,2887
金融保險,20220323,2897,0.10000000000000009,F1,H10,0.014162884070169302,1,2887
金融保險,20220323,2897,0.10000000000000009,F1,S7,-0.0640376274725909,1,2887
金融保險,20220323,2897,0.10000000000000009,F3,H1,-0.009858263484164609,19,"2801,2881,2880,2892,2890"
金融保險,20220323,2897,0.10000000000000009,F3,H3,-0.011041693858017775,19,"2801,2881,2880,2892,2890"
金融保險,20220323,2897,0.10000000000000009,F3,H5,-0.000553539223238554,19,"2801,2881,2880,2892,2890"
金融保險,20220323,2897,0.10000000000000009,F3,H10,0.04486194957741228,19,"2801,2881,2880,2892,2890"
金融保險,20220323,2897,0.10000000000000009,F3,S7,-0.017052689080302125,19,"2801,2881,2880,2892,2890"
金融保險,20220323,2897,0.10000000000000009,F2,H1,-0.033940720069620456,1,2836
金融保險,20220323,2897,0.10000000000000009,F2,H3,-0.05352300277091193,1,2836
金融保險,20220323,2897,0.10000000000000009,F2,H5,-0.05678671655446055,1,2836
金融保險,20220323,2897,0.10000000000000009,F2,H10,0.03786098316844799,1,2836
金融保險,20220323,2897,0.10000000000000009,F2,S7,-0.060050430338009164,1,2836
金融保險,20220323,2897,0.10000000000000009,RAND_SECTOR,H1,-0.003924832674465084,1,2834
金融保險,20220323,2897,0.10000000000000009,RAND_SECTOR,H3,0.015606052959368899,1,2834
金融保險,20220323,2897,0.10000000000000009,RAND_SECTOR,H5,0.0038875215790685758,1,2834
金融保險,20220323,2897,0.10000000000000009,RAND_SECTOR,H10,0.10544812687500538,1,2834
金融保險,20220323,2897,0.10000000000000009,RAND_SECTOR,S7,-0.003924832674465084,1,2834
金融保險,20221111,2882,0.05674653215636827,F1,H1,-0.01676946917239186,1,6005
金融保險,20221111,2882,0.05674653215636827,F1,H3,-0.012300239486811804,1,6005
金融保險,20221111,2882,0.05674653215636827,F1,H5,-0.012300239486811804,1,6005
金融保險,20221111,2882,0.05674653215636827,F1,H10,-0.0033617801156520244,1,6005
金融保險,20221111,2882,0.05674653215636827,F1,S7,0.032392057368988425,1,6005
金融保險,20221111,2882,0.05674653215636827,F3,H1,-0.009094614131315367,3,"2801,6005,2886"
金融保險,20221111,2882,0.05674653215636827,F3,H3,-0.010284960017318082,3,"2801,6005,2886"
金融保險,20221111,2882,0.05674653215636827,F3,H5,-0.019181605690213432,3,"2801,6005,2886"
金融保險,20221111,2882,0.05674653215636827,F3,H10,-0.007733662724918415,3,"2801,6005,2886"
金融保險,20221111,2882,0.05674653215636827,F3,S7,0.012541785484929457,3,"2801,6005,2886"
金融保險,20221111,2882,0.05674653215636827,F2,H1,-0.014930609015534335,1,2881
金融保險,20221111,2882,0.05674653215636827,F2,H3,-0.018480408622685518,1,2881
金融保險,20221111,2882,0.05674653215636827,F2,H5,-0.018480408622685518,1,2881
金融保險,20221111,2882,0.05674653215636827,F2,H10,0.020567387055977937,1,2881
金融保險,20221111,2882,0.05674653215636827,F2,S7,-0.011380809408383041,1,2881
金融保險,20221111,2882,0.05674653215636827,RAND_SECTOR,H1,-0.00783100980123197,1,2845
金融保險,20221111,2882,0.05674653215636827,RAND_SECTOR,H3,-0.02154763178554664,1,2845
金融保險,20221111,2882,0.05674653215636827,RAND_SECTOR,H5,-0.012403217129336674,1,2845
金融保險,20221111,2882,0.05674653215636827,RAND_SECTOR,H10,-0.0032588024731269316,1,2845
金融保險,20221111,2882,0.05674653215636827,RAND_SECTOR,S7,0.01045781951118796,1,2845
金融保險,20230130,2887,0.056962025316455556,F1,H1,-0.02482748072540797,1,2880
金融保險,20230130,2887,0.056962025316455556,F1,H3,-0.0333257161874958,1,2880
金融保險,20230130,2887,0.056962025316455556,F1,H5,-0.03969939278406176,1,2880
金融保險,20230130,2887,0.056962025316455556,F1,H10,-0.02907659845645183,1,2880
金融保險,20230130,2887,0.056962025316455556,F1,S7,-0.02482748072540797,1,2880
金融保險,20230130,2887,0.056962025316455556,F3,H1,-0.017008117052377383,9,"2801,2881,2880,2891,2882"
金融保險,20230130,2887,0.056962025316455556,F3,H3,-0.014657544497190304,9,"2801,2881,2880,2891,2882"
金融保險,20230130,2887,0.056962025316455556,F3,H5,-0.022273701806814886,9,"2801,2881,2880,2891,2882"
金融保險,20230130,2887,0.056962025316455556,F3,H10,-0.009905252688736495,9,"2801,2881,2880,2891,2882"
金融保險,20230130,2887,0.056962025316455556,F3,S7,-0.013629379387545703,9,"2801,2881,2880,2891,2882"
金融保險,20230130,2887,0.056962025316455556,F2,H1,-0.01583237262541548,1,2884
金融保險,20230130,2887,0.056962025316455556,F2,H3,-0.011831691213323947,1,2884
金融保險,20230130,2887,0.056962025316455556,F2,H5,-0.019833054037507347,1,2884
金融保險,20230130,2887,0.056962025316455556,F2,H10,0.010172056553181097,1,2884
金融保險,20230130,2887,0.056962025316455556,F2,S7,-0.00783100980123197,1,2884
金融保險,20230130,2887,0.056962025316455556,RAND_SECTOR,H1,-0.03291393371075135,1,2890
金融保險,20230130,2887,0.056962025316455556,RAND_SECTOR,H3,-0.03570092525625346,1,2890
金融保險,20230130,2887,0.056962025316455556,RAND_SECTOR,H5,-0.027291340302092792,1,2890
金融保險,20230130,2887,0.056962025316455556,RAND_SECTOR,H10,-0.021668746893434565,1,2890
金融保險,20230130,2887,0.056962025316455556,RAND_SECTOR,S7,-0.03291393371075135,1,2890
金融保險,20230307,6026,0.06103286384976525,F1,H1,0.009652144211081293,1,6016
金融保險,20230307,6026,0.06103286384976525,F1,H3,-0.02968495231662316,1,6016
金融保險,20230307,6026,0.06103286384976525,F1,H5,-0.05590968333509283,1,6016
金融保險,20230307,6026,0.06103286384976525,F1,H10,-0.05153889483201468,1,6016
金融保險,20230307,6026,0.06103286384976525,F1,S7,-0.09087599135971913,1,6016
金融保險,20230307,6026,0.06103286384976525,F3,H1,0.009652144211081293,1,6016
金融保險,20230307,6026,0.06103286384976525,F3,H3,-0.02968495231662316,1,6016
金融保險,20230307,6026,0.06103286384976525,F3,H5,-0.05590968333509283,1,6016
金融保險,20230307,6026,0.06103286384976525,F3,H10,-0.05153889483201468,1,6016
金融保險,20230307,6026,0.06103286384976525,F3,S7,-0.09087599135971913,1,6016
金融保險,20230307,6026,0.06103286384976525,F2,H1,-0.00783100980123197,1,6015
金融保險,20230307,6026,0.06103286384976525,F2,H3,-0.05429355763493038,1,6015
金融保險,20230307,6026,0.06103286384976525,F2,H5,-0.06881310383296102,1,6015
金融保險,20230307,6026,0.06103286384976525,F2,H10,-0.027190404731939455,1,6015
金融保險,20230307,6026,0.06103286384976525,F2,S7,-0.08720452901713338,1,6015
金融保險,20230307,6026,0.06103286384976525,RAND_SECTOR,H1,-0.0158974243556933,1,2851
金融保險,20230307,6026,0.06103286384976525,RAND_SECTOR,H3,-0.04547427772205226,1,2851
金融保險,20230307,6026,0.06103286384976525,RAND_SECTOR,H5,-0.053540692276513924,1,2851
金融保險,20230307,6026,0.06103286384976525,RAND_SECTOR,H10,-0.05891830197948822,1,2851
金融保險,20230307,6026,0.06103286384976525,RAND_SECTOR,S7,-0.050851887425026776,1,2851
金融保險,20230414,6005,0.09599999999999986,F1,H1,-0.00783100980123197,1,2855
金融保險,20230414,6005,0.09599999999999986,F1,H3,-0.004878125901830788,1,2855
金融保險,20230414,6005,0.09599999999999986,F1,H5,-0.025548313197638506,1,2855
金融保險,20230414,6005,0.09599999999999986,F1,H10,-0.016689661499435293,1,2855
金融保險,20230414,6005,0.09599999999999986,F1,S7,-0.03145408099644087,1,2855
金融保險,20230414,6005,0.09599999999999986,F3,H1,-0.005399223060548741,2,"2855,6015"
金融保險,20230414,6005,0.09599999999999986,F3,H3,-0.006354567851531379,2,"2855,6015"
金融保險,20230414,6005,0.09599999999999986,F3,H5,-0.03760302746931116,2,"2855,6015"
金融保險,20230414,6005,0.09599999999999986,F3,H10,-0.03755091775343944,2,"2855,6015"
金融保險,20230414,6005,0.09599999999999986,F3,S7,-0.05855113324976846,2,"2855,6015"
金融保險,20230414,6005,0.09599999999999986,F2,H1,0.051026472668186384,1,6026
金融保險,20230414,6005,0.09599999999999986,F2,H3,0.05943468444953193,1,6026
金融保險,20230414,6005,0.09599999999999986,F2,H5,-0.0036269039105591983,1,6026
金融保險,20230414,6005,0.09599999999999986,F2,H10,-0.012035115691904852,1,6026
金融保險,20230414,6005,0.09599999999999986,F2,S7,-0.0036269039105591983,1,6026
金融保險,20230414,6005,0.09599999999999986,RAND_SECTOR,H1,-0.00783100980123197,1,2891
金融保險,20230414,6005,0.09599999999999986,RAND_SECTOR,H3,-0.014445469735890337,1,2891
金融保險,20230414,6005,0.09599999999999986,RAND_SECTOR,H5,-0.018855109692329508,1,2891
金融保險,20230414,6005,0.09599999999999986,RAND_SECTOR,H10,0.00539791006808521,1,2891
金融保險,20230414,6005,0.09599999999999986,RAND_SECTOR,S7,0.03626538976315774,1,2891
金融保險,20230508,5864,0.09907120743034059,F1,H1,-0.030483269851432238,1,6016
金融保險,20230508,5864,0.09907120743034059,F1,H3,-0.053135529901632395,1,6016
金融保險,20230508,5864,0.09907120743034059,F1,H5,-0.035013721861472114,1,6016
金融保險,20230508,5864,0.09907120743034059,F1,H10,0.023882154269048383,1,6016
金融保險,20230508,5864,0.09907120743034059,F1,S7,0.1733870706003695,1,6016
金融保險,20230508,5864,0.09907120743034059,F3,H1,-0.020410551510388796,5,"2855,6016,6026,2891,2887"
金融保險,20230508,5864,0.09907120743034059,F3,H3,-0.025557285846099932,5,"2855,6016,6026,2891,2887"
金融保險,20230508,5864,0.09907120743034059,F3,H5,-0.01806127802055968,5,"2855,6016,6026,2891,2887"
金融保險,20230508,5864,0.09907120743034059,F3,H10,0.018643234775573947,5,"2855,6016,6026,2891,2887"
金融保險,20230508,5864,0.09907120743034059,F3,S7,0.07372793003538494,5,"2855,6016,6026,2891,2887"
金融保險,20230508,5864,0.09907120743034059,F2,H1,-0.017703338061916374,1,2851
金融保險,20230508,5864,0.09907120743034059,F2,H3,-0.03744799458328474,1,2851
金融保險,20230508,5864,0.09907120743034059,F2,H5,-0.03744799458328474,1,2851
金融保險,20230508,5864,0.09907120743034059,F2,H10,-0.027575666322600556,1,2851
金融保險,20230508,5864,0.09907120743034059,F2,S7,0.016849810850478653,1,2851
金融保險,20230508,5864,0.09907120743034059,RAND_SECTOR,H1,-0.0005889003837226126,1,2892
金融保險,20230508,5864,0.09907120743034059,RAND_SECTOR,H3,-0.0060204824468544915,1,2892
金融保險,20230508,5864,0.09907120743034059,RAND_SECTOR,H5,-0.0060204824468544915,1,2892
金融保險,20230508,5864,0.09907120743034059,RAND_SECTOR,H10,0.017516373160050502,1,2892
金融保險,20230508,5864,0.09907120743034059,RAND_SECTOR,S7,0.0048426816794093774,1,2892
金融保險,20230525,5864,0.05357142857142838,F1,H1,0.007278162638343133,1,2851
金融保險,20230525,5864,0.05357142857142838,F1,H3,0.014832748858130573,1,2851
金融保險,20230525,5864,0.05357142857142838,F1,H5,0.014832748858130573,1,2851
金融保險,20230525,5864,0.05357142857142838,F1,H10,0.06267846158345236,1,2851
金融保險,20230525,5864,0.05357142857142838,F1,S7,0.05008748455047285,1,2851
金融保險,20230525,5864,0.05357142857142838,F3,H1,0.012882184663051244,4,"2855,2851,6016,6026"
金融保險,20230525,5864,0.05357142857142838,F3,H3,0.016591128307721692,4,"2855,2851,6016,6026"
金融保險,20230525,5864,0.05357142857142838,F3,H5,0.037917157937326806,4,"2855,2851,6016,6026"
金融保險,20230525,5864,0.05357142857142838,F3,H10,0.08226024366084861,4,"2855,2851,6016,6026"
金融保險,20230525,5864,0.05357142857142838,F3,S7,0.09681832005837793,4,"2855,2851,6016,6026"
金融保險,20230525,5864,0.05357142857142838,F2,H1,-0.002272640108241686,1,2886
金融保險,20230525,5864,0.05357142857142838,F2,H3,0.00467532200799603,1,2886
金融保險,20230525,5864,0.05357142857142838,F2,H5,-0.003662232531489229,1,2886
金融保險,20230525,5864,0.05357142857142838,F2,H10,0.0366359477426903,1,2886
金融保險,20230525,5864,0.05357142857142838,F2,S7,0.04358390985892813,1,2886
金融保險,20230525,5864,0.05357142857142838,RAND_SECTOR,H1,0.0019440541416131385,1,2897
金融保險,20230525,5864,0.05357142857142838,RAND_SECTOR,H3,-0.00783100980123197,1,2897
金融保險,20230525,5864,0.05357142857142838,RAND_SECTOR,H5,-0.0029434778298095265,1,2897
金融保險,20230525,5864,0.05357142857142838,RAND_SECTOR,H10,0.0019440541416131385,1,2897
金融保險,20230525,5864,0.05357142857142838,RAND_SECTOR,S7,-0.017606073744076967,1,2897
金融保險,20230703,5864,0.08587786259541974,F1,H1,-0.00783100980123197,1,6015
金融保險,20230703,5864,0.08587786259541974,F1,H3,-0.020390110942988482,1,6015
金融保險,20230703,5864,0.08587786259541974,F1,H5,-0.04132194617924956,1,6015
金融保險,20230703,5864,0.08587786259541974,F1,H10,0.000541724293272372,1,6015
金融保險,20230703,5864,0.08587786259541974,F1,S7,0.11357363456908143,1,6015
金融保險,20230703,5864,0.08587786259541974,F3,H1,-0.013599434162852697,2,"2851,6015"
金融保險,20230703,5864,0.08587786259541974,F3,H3,-0.029108463712324062,2,"2851,6015"
金融保險,20230703,5864,0.08587786259541974,F3,H5,-0.024576477990240764,2,"2851,6015"
金融保險,20230703,5864,0.08587786259541974,F3,H10,0.011353260586234204,2,"2851,6015"
金融保險,20230703,5864,0.08587786259541974,F3,S7,0.11286292574478052,2,"2851,6015"
金融保險,20230703,5864,0.08587786259541974,F2,H1,-0.00783100980123197,1,6015
金融保險,20230703,5864,0.08587786259541974,F2,H3,-0.020390110942988482,1,6015
金融保險,20230703,5864,0.08587786259541974,F2,H5,-0.04132194617924956,1,6015
金融保險,20230703,5864,0.08587786259541974,F2,H10,0.000541724293272372,1,6015
金融保險,20230703,5864,0.08587786259541974,F2,S7,0.11357363456908143,1,6015
金融保險,20230703,5864,0.08587786259541974,RAND_SECTOR,H1,-0.00783100980123197,1,2897
金融保險,20230703,5864,0.08587786259541974,RAND_SECTOR,H3,-0.017654465149734677,1,2897
金融保險,20230703,5864,0.08587786259541974,RAND_SECTOR,H5,-0.00783100980123197,1,2897
金融保險,20230703,5864,0.08587786259541974,RAND_SECTOR,H10,-0.00783100980123197,1,2897
金融保險,20230703,5864,0.08587786259541974,RAND_SECTOR,S7,0.018126002912947525,1,2897
金融保險,20230726,6015,0.09917355371900838,F1,H1,-0.00783100980123197,1,6026
金融保險,20230726,6015,0.09917355371900838,F1,H3,-0.02226255874957761,1,6026
金融保險,20230726,6015,0.09917355371900838,F1,H5,-0.03669410769792347,1,6026
金融保險,20230726,6015,0.09917355371900838,F1,H10,-0.025870445986664214,1,6026
金融保險,20230726,6015,0.09917355371900838,F1,S7,-0.07638086730587412,1,6026
金融保險,20230726,6015,0.09917355371900838,F3,H1,-0.00936213478610659,2,"6016,6026"
金融保險,20230726,6015,0.09917355371900838,F3,H3,-0.025764659169527193,2,"6016,6026"
金融保險,20230726,6015,0.09917355371900838,F3,H5,-0.05288505844707059,2,"6016,6026"
金融保險,20230726,6015,0.09917355371900838,F3,H10,-0.0673778523948112,2,"6016,6026"
金融保險,20230726,6015,0.09917355371900838,F3,S7,-0.0819151881602937,2,"6016,6026"
金融保險,20230726,6015,0.09917355371900838,F2,H1,-0.00783100980123197,1,6026
金融保險,20230726,6015,0.09917355371900838,F2,H3,-0.02226255874957761,1,6026
金融保險,20230726,6015,0.09917355371900838,F2,H5,-0.03669410769792347,1,6026
金融保險,20230726,6015,0.09917355371900838,F2,H10,-0.025870445986664214,1,6026
金融保險,20230726,6015,0.09917355371900838,F2,S7,-0.07638086730587412,1,6026
金融保險,20230726,6015,0.09917355371900838,RAND_SECTOR,H1,-0.005142204949744711,1,2890
金融保險,20230726,6015,0.09917355371900838,RAND_SECTOR,H3,0.005613014456204102,1,2890
金融保險,20230726,6015,0.09917355371900838,RAND_SECTOR,H5,0.008301819307691138,1,2890
金融保險,20230726,6015,0.09917355371900838,RAND_SECTOR,H10,0.01751711440185244,1,2890
金融保險,20230726,6015,0.09917355371900838,RAND_SECTOR,S7,-0.04200338532638981,1,2890
金融保險,20230828,2816,0.09859154929577452,F2,H1,-0.0016299536124896319,1,2881
金融保險,20230828,2816,0.09859154929577452,F2,H3,-0.014032065989974196,1,2881
金融保險,20230828,2816,0.09859154929577452,F2,H5,0.015803545628879645,1,2881
金融保險,20230828,2816,0.09859154929577452,F2,H10,0.010919874736433188,1,2881
金融保險,20230828,2816,0.09859154929577452,F2,S7,-0.006986918535870745,1,2881
金融保險,20230828,2816,0.09859154929577452,RAND_SECTOR,H1,-0.006677324928907824,1,5876
金融保險,20230828,2816,0.09859154929577452,RAND_SECTOR,H3,-0.015906803907500988,1,5876
金融保險,20230828,2816,0.09859154929577452,RAND_SECTOR,H5,-0.0055236400565835675,1,5876
金融保險,20230828,2816,0.09859154929577452,RAND_SECTOR,H10,-0.012445749290528663,1,5876
金融保險,20230828,2816,0.09859154929577452,RAND_SECTOR,S7,-0.014753119035176843,1,5876
金融保險,20231115,6026,0.05957446808510625,F1,H1,-0.01858622920718056,1,2855
金融保險,20231115,6026,0.05957446808510625,F1,H3,-0.005142204949744711,1,2855
金融保險,20231115,6026,0.05957446808510625,F1,H5,-0.005142204949744711,1,2855
金融保險,20231115,6026,0.05957446808510625,F1,H10,0.013679429010665656,1,2855
金融保險,20231115,6026,0.05957446808510625,F1,S7,0.040567477525537354,1,2855
金融保險,20231115,6026,0.05957446808510625,F3,H1,-0.011240030237938847,2,"2855,6016"
金融保險,20231115,6026,0.05957446808510625,F3,H3,0.0013877496895814412,2,"2855,6016"
金融保險,20231115,6026,0.05957446808510625,F3,H5,0.011230696020918307,2,"2855,6016"
金融保險,20231115,6026,0.05957446808510625,F3,H10,0.02064151300112349,2,"2855,6016"
金融保險,20231115,6026,0.05957446808510625,F3,S7,0.043928483589896206,2,"2855,6016"
金融保險,20231115,6026,0.05957446808510625,F2,H1,-0.0016299536124896319,1,5864
金融保險,20231115,6026,0.05957446808510625,F2,H3,0.023174271142479608,1,5864
金融保險,20231115,6026,0.05957446808510625,F2,H5,0.026274799236850832,1,5864
金融保險,20231115,6026,0.05957446808510625,F2,H10,0.026274799236850832,1,5864
金融保險,20231115,6026,0.05957446808510625,F2,S7,0.029375327331222056,1,5864
金融保險,20231115,6026,0.05957446808510625,RAND_SECTOR,H1,0.00417103443504363,1,2884
金融保險,20231115,6026,0.05957446808510625,RAND_SECTOR,H3,0.012172397259227141,1,2884
金融保險,20231115,6026,0.05957446808510625,RAND_SECTOR,H5,0.020173760083410652,1,2884
金融保險,20231115,6026,0.05957446808510625,RAND_SECTOR,H10,0.02617478220154834,1,2884
金融保險,20231115,6026,0.05957446808510625,RAND_SECTOR,S7,0.02417444149550252,1,2884
金融保險,20231208,2816,0.06391478029294295,F2,H1,-0.00783100980123197,1,6005
金融保險,20231208,2816,0.06391478029294295,F2,H3,-0.00783100980123197,1,6005
金融保險,20231208,2816,0.06391478029294295,F2,H5,0.004571102576252706,1,6005
金融保險,20231208,2816,0.06391478029294295,F2,H10,-0.014032065989974196,1,6005
金融保險,20231208,2816,0.06391478029294295,F2,S7,0.013872686859366379,1,6005
金融保險,20231208,2816,0.06391478029294295,RAND_SECTOR,H1,-0.011546998528568109,1,6016
金融保險,20231208,2816,0.06391478029294295,RAND_SECTOR,H3,-0.011546998528568109,1,6016
金融保險,20231208,2816,0.06391478029294295,RAND_SECTOR,H5,0.029328877472130088,1,6016
金融保險,20231208,2816,0.06391478029294295,RAND_SECTOR,H10,-0.00783100980123197,1,6016
金融保險,20231208,2816,0.06391478029294295,RAND_SECTOR,S7,0.01818091129012167,1,6016
金融保險,20240227,2809,0.07599517490952956,F2,H1,-0.003878145298447988,1,2884
金融保險,20240227,2809,0.07599517490952956,F2,H3,0.004027583707119975,1,2884
金融保險,20240227,2809,0.07599517490952956,F2,H5,-0.0019017130470561083,1,2884
金融保險,20240227,2809,0.07599517490952956,F2,H10,0.017862609466863466,1,2884
金融保險,20240227,2809,0.07599517490952956,F2,S7,0.07517914475723075,1,2884
金融保險,20240227,2809,0.07599517490952956,RAND_SECTOR,H1,0.021934059904731074,1,2855
金融保險,20240227,2809,0.07599517490952956,RAND_SECTOR,H3,0.04177743970870651,1,2855
金融保險,20240227,2809,0.07599517490952956,RAND_SECTOR,H5,0.08146419931665716,1,2855
金融保險,20240227,2809,0.07599517490952956,RAND_SECTOR,H10,0.1930832107140188,1,2855
金融保險,20240227,2809,0.07599517490952956,RAND_SECTOR,S7,0.18812236576302466,1,2855
金融保險,20240606,2883,0.07092198581560294,F1,H1,-0.00783100980123197,1,2887
金融保險,20240606,2883,0.07092198581560294,F1,H3,-0.005163888859837651,1,2887
金融保險,20240606,2883,0.07092198581560294,F1,H5,0.00017035302295176358,1,2887
金融保險,20240606,2883,0.07092198581560294,F1,H10,-0.002496767918442777,1,2887
金融保險,20240606,2883,0.07092198581560294,F1,S7,0.02684156243689695,1,2887
金融保險,20240606,2883,0.07092198581560294,F3,H1,-0.003848719677674315,12,"2801,2881,2880,2890,2884"
金融保險,20240606,2883,0.07092198581560294,F3,H3,-0.0014080066437139882,12,"2801,2881,2880,2890,2884"
金融保險,20240606,2883,0.07092198581560294,F3,H5,0.0020266898398738353,12,"2801,2881,2880,2890,2884"
金融保險,20240606,2883,0.07092198581560294,F3,H10,0.030098255938272634,12,"2801,2881,2880,2890,2884"
金融保險,20240606,2883,0.07092198581560294,F3,S7,0.06301790406291964,12,"2801,2881,2880,2890,2884"
金融保險,20240606,2883,0.07092198581560294,F2,H1,-0.02992384156679162,1,6005
金融保險,20240606,2883,0.07092198581560294,F2,H3,-0.02590696306396245,1,6005
金融保險,20240606,2883,0.07092198581560294,F2,H5,-0.017873206058304447,1,6005
金融保險,20240606,2883,0.07092198581560294,F2,H10,0.01426182196432757,1,6005
金融保險,20240606,2883,0.07092198581560294,F2,S7,0.010244943461498845,1,6005
金融保險,20240606,2883,0.07092198581560294,RAND_SECTOR,H1,-0.01603075352188288,1,2850
金融保險,20240606,2883,0.07092198581560294,RAND_SECTOR,H3,-0.024338663687801243,1,2850
金融保險,20240606,2883,0.07092198581560294,RAND_SECTOR,H5,0.0005396187237072247,1,2850
金融保險,20240606,2883,0.07092198581560294,RAND_SECTOR,H10,0.044887861283352315,1,2850
金融保險,20240606,2883,0.07092198581560294,RAND_SECTOR,S7,-0.0048687035396641765,1,2850
金融保險,20240624,2850,0.07692307692307687,F1,H1,-0.013165251684021162,1,2812
金融保險,20240624,2850,0.07692307692307687,F1,H3,-0.029167977332388295,1,2812
金融保險,20240624,2850,0.07692307692307687,F1,H5,-0.023833735449599103,1,2812
金融保險,20240624,2850,0.07692307692307687,F1,H10,0.016173078671319008,1,2812
金融保險,20240624,2850,0.07692307692307687,F1,S7,0.04687071390798714,1,2812
金融保險,20240624,2850,0.07692307692307687,F3,H1,-0.013165251684021162,1,2812
金融保險,20240624,2850,0.07692307692307687,F3,H3,-0.029167977332388295,1,2812
金融保險,20240624,2850,0.07692307692307687,F3,H5,-0.023833735449599103,1,2812
金融保險,20240624,2850,0.07692307692307687,F3,H10,0.016173078671319008,1,2812
金融保險,20240624,2850,0.07692307692307687,F3,S7,0.04687071390798714,1,2812
金融保險,20240624,2850,0.07692307692307687,F2,H1,0.0005065447382535115,1,2836
金融保險,20240624,2850,0.07692307692307687,F2,H3,-0.00783100980123197,1,2836
金融保險,20240624,2850,0.07692307692307687,F2,H5,0.017181653817224474,1,2836
金融保險,20240624,2850,0.07692307692307687,F2,H10,0.0755445355936224,1,2836
金融保險,20240624,2850,0.07692307692307687,F2,S7,0.058869426514651435,1,2836
金融保險,20240624,2850,0.07692307692307687,RAND_SECTOR,H1,-0.015990294260103344,1,2882
金融保險,20240624,2850,0.07692307692307687,RAND_SECTOR,H3,-0.0355725769613946,1,2882
金融保險,20240624,2850,0.07692307692307687,RAND_SECTOR,H5,-0.023691513626546867,1,2882
金融保險,20240624,2850,0.07692307692307687,RAND_SECTOR,H10,0.05569689270485867,1,2882
金融保險,20240624,2850,0.07692307692307687,RAND_SECTOR,S7,0.032049282308269644,1,2882
金融保險,20240820,2888,0.06306306306306309,F1,H1,0.034145370553331444,1,2851
金融保險,20240820,2888,0.06306306306306309,F1,H3,0.049409508864081575,1,2851
金融保險,20240820,2888,0.06306306306306309,F1,H5,0.028421318686799868,1,2851
金融保險,20240820,2888,0.06306306306306309,F1,H10,0.0017090766429870285,1,2851
金融保險,20240820,2888,0.06306306306306309,F1,S7,-0.025003165400826033,1,2851
金融保險,20240820,2888,0.06306306306306309,F3,H1,-0.0009736288828156343,7,"2851,2881,6015,2883,2891"
金融保險,20240820,2888,0.06306306306306309,F3,H3,0.0005660033020148392,7,"2851,2881,6015,2883,2891"
金融保險,20240820,2888,0.06306306306306309,F3,H5,0.004343680062680567,7,"2851,2881,6015,2883,2891"
金融保險,20240820,2888,0.06306306306306309,F3,H10,-0.020741770605870093,7,"2851,2881,6015,2883,2891"
金融保險,20240820,2888,0.06306306306306309,F3,S7,-0.0048976304916549095,7,"2851,2881,6015,2883,2891"
金融保險,20240820,2888,0.06306306306306309,F2,H1,-0.015463078956607035,1,2880
金融保險,20240820,2888,0.06306306306306309,F2,H3,-0.01927911353429468,1,2880
金融保險,20240820,2888,0.06306306306306309,F2,H5,-0.026911182689669855,1,2880
金融保險,20240820,2888,0.06306306306306309,F2,H10,-0.053623424733482694,1,2880
金融保險,20240820,2888,0.06306306306306309,F2,S7,-0.028819199978513677,1,2880
金融保險,20240820,2888,0.06306306306306309,RAND_SECTOR,H1,-0.00560391891414147,1,2881
金融保險,20240820,2888,0.06306306306306309,RAND_SECTOR,H3,0.002190899190674944,1,2881
金融保險,20240820,2888,0.06306306306306309,RAND_SECTOR,H5,0.026688898948669326,1,2881
金融保險,20240820,2888,0.06306306306306309,RAND_SECTOR,H10,0.002190899190674944,1,2881
金融保險,20240820,2888,0.06306306306306309,RAND_SECTOR,S7,0.02079212657376872,1,2881
金融保險,20240923,2809,0.05816135084427776,F1,H1,-0.0007943502962760585,1,6005
金融保險,20240923,2809,0.05816135084427776,F1,H3,0.015624521881954179,1,6005
金融保險,20240923,2809,0.05816135084427776,F1,H5,0.017970075050272705,1,6005
金融保險,20240923,2809,0.05816135084427776,F1,H10,0.010933415545316905,1,6005
金融保險,20240923,2809,0.05816135084427776,F1,S7,0.05080781940673318,1,6005
金融保險,20240923,2809,0.05816135084427776,F3,H1,0.001029323361064784,14,"2855,2816,6016,2881,6015"
金融保險,20240923,2809,0.05816135084427776,F3,H3,0.0077499194281822935,14,"2855,2816,6016,2881,6015"
金融保險,20240923,2809,0.05816135084427776,F3,H5,0.0023948447491356733,14,"2855,2816,6016,2881,6015"
金融保險,20240923,2809,0.05816135084427776,F3,H10,-0.008429546456418755,14,"2855,2816,6016,2881,6015"
金融保險,20240923,2809,0.05816135084427776,F3,S7,0.004952949469775346,14,"2855,2816,6016,2881,6015"
金融保險,20240923,2809,0.05816135084427776,F2,H1,-0.017696326465140078,1,2891
金融保險,20240923,2809,0.05816135084427776,F2,H3,-0.01346833360917954,1,2891
金融保險,20240923,2809,0.05816135084427776,F2,H5,-0.028970974081035328,1,2891
金融保險,20240923,2809,0.05816135084427776,F2,H10,-0.009240340753219112,1,2891
金融保險,20240923,2809,0.05816135084427776,F2,S7,0.011899623526584469,1,2891
金融保險,20240923,2809,0.05816135084427776,RAND_SECTOR,H1,-0.00783100980123197,1,6026
金融保險,20240923,2809,0.05816135084427776,RAND_SECTOR,H3,-0.00022818229013021885,1,6026
金融保險,20240923,2809,0.05816135084427776,RAND_SECTOR,H5,-0.00022818229013021885,1,6026
金融保險,20240923,2809,0.05816135084427776,RAND_SECTOR,H10,-0.01543383731233361,1,6026
金融保險,20240923,2809,0.05816135084427776,RAND_SECTOR,S7,-0.00783100980123197,1,6026
金融保險,20250303,2812,0.050000000000000044,F1,H1,-0.014968916205539529,1,2845
金融保險,20250303,2812,0.050000000000000044,F1,H3,-0.02210682260984742,1,2845
金融保險,20250303,2812,0.050000000000000044,F1,H5,-0.04352054182277021,1,2845
金融保險,20250303,2812,0.050000000000000044,F1,H10,-0.02567577581200109,1,2845
金融保險,20250303,2812,0.050000000000000044,F1,S7,-0.04352054182277021,1,2845
金融保險,20250303,2812,0.050000000000000044,F3,H1,0.0011195195227817756,2,"2838,2845"
金融保險,20250303,2812,0.050000000000000044,F3,H3,0.0006804369521695164,2,"2838,2845"
金融保險,20250303,2812,0.050000000000000044,F3,H5,0.0009281245561046925,2,"2838,2845"
金融保險,20250303,2812,0.050000000000000044,F3,H10,0.02393492540342751,2,"2838,2845"
金融保險,20250303,2812,0.050000000000000044,F3,S7,0.011882671766501152,2,"2838,2845"
金融保險,20250303,2812,0.050000000000000044,F2,H1,-0.014968916205539529,1,2845
金融保險,20250303,2812,0.050000000000000044,F2,H3,-0.02210682260984742,1,2845
金融保險,20250303,2812,0.050000000000000044,F2,H5,-0.04352054182277021,1,2845
金融保險,20250303,2812,0.050000000000000044,F2,H10,-0.02567577581200109,1,2845
金融保險,20250303,2812,0.050000000000000044,F2,S7,-0.04352054182277021,1,2845
金融保險,20250303,2812,0.050000000000000044,RAND_SECTOR,H1,-0.014968916205539529,1,2845
金融保險,20250303,2812,0.050000000000000044,RAND_SECTOR,H3,-0.02210682260984742,1,2845
金融保險,20250303,2812,0.050000000000000044,RAND_SECTOR,H5,-0.04352054182277021,1,2845
金融保險,20250303,2812,0.050000000000000044,RAND_SECTOR,H10,-0.02567577581200109,1,2845
金融保險,20250303,2812,0.050000000000000044,RAND_SECTOR,S7,-0.04352054182277021,1,2845
金融保險,20250502,2832,0.06559766763848396,F1,H1,-0.04592764882388911,1,2852
金融保險,20250502,2832,0.06559766763848396,F1,H3,-0.06580415614005797,1,2852
金融保險,20250502,2832,0.06559766763848396,F1,H5,-0.07574240979814262,1,2852
金融保險,20250502,2832,0.06559766763848396,F1,H10,-0.06580415614005797,1,2852
金融保險,20250502,2832,0.06559766763848396,F1,S7,-0.0790551610175041,1,2852
金融保險,20250502,2832,0.06559766763848396,F3,H1,-0.01840829713336208,31,"2855,5864,2851,6016,2801"
金融保險,20250502,2832,0.06559766763848396,F3,H3,-0.00775029325715611,31,"2855,5864,2851,6016,2801"
金融保險,20250502,2832,0.06559766763848396,F3,H5,0.004189413752168754,31,"2855,5864,2851,6016,2801"
金融保險,20250502,2832,0.06559766763848396,F3,H10,0.01984066666966083,31,"2855,5864,2851,6016,2801"
金融保險,20250502,2832,0.06559766763848396,F3,S7,0.006905419817869195,31,"2855,5864,2851,6016,2801"
金融保險,20250502,2832,0.06559766763848396,F2,H1,-0.002807369344529298,1,2891
金融保險,20250502,2832,0.06559766763848396,F2,H3,-0.00029554911617823976,1,2891
金融保險,20250502,2832,0.06559766763848396,F2,H5,0.004728091340524765,1,2891
金融保險,20250502,2832,0.06559766763848396,F2,H10,0.05370858579337523,1,2891
金融保險,20250502,2832,0.06559766763848396,F2,S7,0.04868494533667267,1,2891
金融保險,20250502,2832,0.06559766763848396,RAND_SECTOR,H1,-0.020326840912047617,1,2812
金融保險,20250502,2832,0.06559766763848396,RAND_SECTOR,H3,0.009663153753910025,1,2812
金融保險,20250502,2832,0.06559766763848396,RAND_SECTOR,H5,0.022158984864725673,1,2812
金融保險,20250502,2832,0.06559766763848396,RAND_SECTOR,H10,0.019659818642562277,1,2812
金融保險,20250502,2832,0.06559766763848396,RAND_SECTOR,S7,0.029656483531215416,1,2812
金融保險,20250609,2889,0.050980392156862786,F1,H1,-0.001983255438567255,1,2809
金融保險,20250609,2889,0.050980392156862786,F1,H3,-0.00783100980123197,1,2809
金融保險,20250609,2889,0.050980392156862786,F1,H5,0.01361075619520502,1,2809
金融保險,20250609,2889,0.050980392156862786,F1,H10,0.02140776201209138,1,2809
金融保險,20250609,2889,0.050980392156862786,F1,S7,0.029204767828977296,1,2809
金融保險,20250609,2889,0.050980392156862786,F3,H1,-0.009233196979050133,27,"2855,2851,6016,5876,2801"
金融保險,20250609,2889,0.050980392156862786,F3,H3,-0.01384581431761387,27,"2855,2851,6016,5876,2801"
金融保險,20250609,2889,0.050980392156862786,F3,H5,-0.004995523452972835,27,"2855,2851,6016,5876,2801"
金融保險,20250609,2889,0.050980392156862786,F3,H10,-0.014722270437374223,27,"2855,2851,6016,5876,2801"
金融保險,20250609,2889,0.050980392156862786,F3,S7,0.012768129662730788,27,"2855,2851,6016,5876,2801"
金融保險,20250609,2889,0.050980392156862786,F2,H1,0.0004716595728164741,1,2890
金融保險,20250609,2889,0.050980392156862786,F2,H3,-0.01198234448825597,1,2890
金融保險,20250609,2889,0.050980392156862786,F2,H5,0.012925663633888806,1,2890
金融保險,20250609,2889,0.050980392156862786,F2,H10,0.010849996290376751,1,2890
金融保險,20250609,2889,0.050980392156862786,F2,S7,0.023304000351449305,1,2890
金融保險,20250609,2889,0.050980392156862786,RAND_SECTOR,H1,-0.020204999474912833,1,2881
金融保險,20250609,2889,0.050980392156862786,RAND_SECTOR,H3,-0.026954448387829566,1,2881
金融保險,20250609,2889,0.050980392156862786,RAND_SECTOR,H5,-0.029204264692135218,1,2881
金融保險,20250609,2889,0.050980392156862786,RAND_SECTOR,H10,-0.04157825436581575,1,2881
金融保險,20250609,2889,0.050980392156862786,RAND_SECTOR,S7,-0.03864848153847522,1,2881
金融保險,20250707,2889,0.0979020979020977,F2,H1,-0.024149578718974718,1,2883
金融保險,20250707,2889,0.0979020979020977,F2,H3,-0.01435843736832898,1,2883
金融保險,20250707,2889,0.0979020979020977,F2,H5,-0.001303582234134515,1,2883
金融保險,20250707,2889,0.0979020979020977,F2,H10,0.0019601315494139904,1,2883
金融保險,20250707,2889,0.0979020979020977,F2,S7,0.0019601315494139904,1,2883
金融保險,20250707,2889,0.0979020979020977,RAND_SECTOR,H1,-0.01887966225333393,1,2891
金融保險,20250707,2889,0.0979020979020977,RAND_SECTOR,H3,-0.027718584215015718,1,2891
金融保險,20250707,2889,0.0979020979020977,RAND_SECTOR,H5,-0.019136861264436034,1,2891
金融保險,20250707,2889,0.0979020979020977,RAND_SECTOR,H10,-0.00397488646828581,1,2891
金融保險,20250707,2889,0.0979020979020977,RAND_SECTOR,S7,-0.024968390032186094,1,2891
金融保險,20251217,2887,0.05985037406483795,F2,H1,-0.022743369373357636,1,2891
金融保險,20251217,2887,0.05985037406483795,F2,H3,0.002110563246851882,1,2891
金融保險,20251217,2887,0.05985037406483795,F2,H5,0.00012224863723520052,1,2891
金融保險,20251217,2887,0.05985037406483795,F2,H10,0.002110563246851882,1,2891
金融保險,20251217,2887,0.05985037406483795,F2,S7,-0.00186606597238137,1,2891
金融保險,20251217,2887,0.05985037406483795,RAND_SECTOR,H1,-0.028079356539982392,1,2838
金融保險,20251217,2887,0.05985037406483795,RAND_SECTOR,H3,-0.0027689231165444195,1,2838
金融保險,20251217,2887,0.05985037406483795,RAND_SECTOR,H5,-0.00783100980123197,1,2838
金融保險,20251217,2887,0.05985037406483795,RAND_SECTOR,H10,-0.015424139828263406,1,2838
金融保險,20251217,2887,0.05985037406483795,RAND_SECTOR,S7,-0.04579665993638882,1,2838
金融保險,20260108,6016,0.09782608695652173,F1,H1,-0.00783100980123197,1,6026
金融保險,20260108,6016,0.09782608695652173,F1,H3,-0.0008927651145274051,1,6026
金融保險,20260108,6016,0.09782608695652173,F1,H5,-0.00783100980123197,1,6026
金融保險,20260108,6016,0.09782608695652173,F1,H10,0.02686021363229152,1,6026
金融保險,20260108,6016,0.09782608695652173,F1,S7,0.01645284660223445,1,6026
金融保險,20260108,6016,0.09782608695652173,F3,H1,-0.00783100980123197,1,6026
金融保險,20260108,6016,0.09782608695652173,F3,H3,-0.0008927651145274051,1,6026
金融保險,20260108,6016,0.09782608695652173,F3,H5,-0.00783100980123197,1,6026
金融保險,20260108,6016,0.09782608695652173,F3,H10,0.02686021363229152,1,6026
金融保險,20260108,6016,0.09782608695652173,F3,S7,0.01645284660223445,1,6026
金融保險,20260108,6016,0.09782608695652173,F2,H1,-0.02713390844323138,1,6015
金融保險,20260108,6016,0.09782608695652173,F2,H3,0.026914207754366926,1,6015
金融保險,20260108,6016,0.09782608695652173,F2,H5,0.015332468569167368,1,6015
金融保險,20260108,6016,0.09782608695652173,F2,H10,0.02305362802596722,1,6015
金融保險,20260108,6016,0.09782608695652173,F2,S7,0.02305362802596722,1,6015
金融保險,20260108,6016,0.09782608695652173,RAND_SECTOR,H1,-0.00783100980123197,1,2889
金融保險,20260108,6016,0.09782608695652173,RAND_SECTOR,H3,0.009939181067999625,1,2889
金融保險,20260108,6016,0.09782608695652173,RAND_SECTOR,H5,0.0040157841115890935,1,2889
金融保險,20260108,6016,0.09782608695652173,RAND_SECTOR,H10,-0.016716105235847545,1,2889
金融保險,20260108,6016,0.09782608695652173,RAND_SECTOR,S7,-0.02856289914866894,1,2889
金融保險,20260429,2882,0.052208835341365445,F1,H1,-0.012445749290528663,1,2883
金融保險,20260429,2882,0.052208835341365445,F1,H3,0.01293531790060265,1,2883
金融保險,20260429,2882,0.052208835341365445,F1,H5,0.042931124581030655,1,2883
金融保險,20260429,2882,0.052208835341365445,F1,H10,0.026779536368492618,1,2883
金融保險,20260429,2882,0.052208835341365445,F1,S7,0.03831638509173407,1,2883
金融保險,20260429,2882,0.052208835341365445,F3,H1,-0.0047825194290314664,13,"6026,2892,2883,2890,2891"
金融保險,20260429,2882,0.052208835341365445,F3,H3,0.010659766972551391,13,"6026,2892,2883,2890,2891"
金融保險,20260429,2882,0.052208835341365445,F3,H5,0.03014432292613755,13,"6026,2892,2883,2890,2891"
金融保險,20260429,2882,0.052208835341365445,F3,H10,0.009211833554491528,13,"6026,2892,2883,2890,2891"
金融保險,20260429,2882,0.052208835341365445,F3,S7,0.028741326570055476,13,"6026,2892,2883,2890,2891"
金融保險,20260429,2882,0.052208835341365445,F2,H1,0.007534439162023343,1,2881
金融保險,20260429,2882,0.052208835341365445,F2,H3,0.020704823987670595,1,2881
金融保險,20260429,2882,0.052208835341365445,F2,H5,0.037167805019729716,1,2881
金融保險,20260429,2882,0.052208835341365445,F2,H10,0.05911844639580899,1,2881
金融保險,20260429,2882,0.052208835341365445,F2,S7,0.21277293602836123,1,2881
金融保險,20260429,2882,0.052208835341365445,RAND_SECTOR,H1,-0.001994721623592155,1,2820
金融保險,20260429,2882,0.052208835341365445,RAND_SECTOR,H3,-0.010749153890051821,1,2820
金融保險,20260429,2882,0.052208835341365445,RAND_SECTOR,H5,-0.016585442067691636,1,2820
金融保險,20260429,2882,0.052208835341365445,RAND_SECTOR,H10,-0.019503586156511488,1,2820
金融保險,20260429,2882,0.052208835341365445,RAND_SECTOR,S7,-0.02242173024533145,1,2820
金融保險,20260820,2851,0.09950248756218905,F2,H1,0.001618218676851635,1,6015
金融保險,20260820,2851,0.09950248756218905,F2,H3,-0.010980752627259727,1,6015
金融保險,20260820,2851,0.09950248756218905,F2,H5,0.026816161285074358,1,6015
金融保險,20260820,2851,0.09950248756218905,F2,H10,0.04886436106726899,1,6015
金融保險,20260820,2851,0.09950248756218905,F2,S7,0.09611050345768657,1,6015
金融保險,20260820,2851,0.09950248756218905,RAND_SECTOR,H1,-0.004787546641113027,1,2820
金融保險,20260820,2851,0.09950248756218905,RAND_SECTOR,H3,0.016516695479719345,1,2820
金融保險,20260820,2851,0.09950248756218905,RAND_SECTOR,H5,0.016516695479719345,1,2820
金融保險,20260820,2851,0.09950248756218905,RAND_SECTOR,H10,0.04086440076067088,1,2820
金融保險,20260820,2851,0.09950248756218905,RAND_SECTOR,S7,0.062168642881503144,1,2820
鋼鐵工業,20211004,9958,0.0752212389380531,F2,H1,-0.012670858533908813,1,2013
鋼鐵工業,20211004,9958,0.0752212389380531,F2,H3,0.0018486876641217176,1,2013
鋼鐵工業,20211004,9958,0.0752212389380531,F2,H5,-0.04977636548443187,1,2013
鋼鐵工業,20211004,9958,0.0752212389380531,F2,H10,-0.04493651675175492,1,2013
鋼鐵工業,20211004,9958,0.0752212389380531,F2,S7,-0.11914753065280104,1,2013
鋼鐵工業,20211004,9958,0.0752212389380531,RAND_SECTOR,H1,0.11457945002848602,1,2032
鋼鐵工業,20211004,9958,0.0752212389380531,RAND_SECTOR,H3,0.10813679424797473,1,2032
鋼鐵工業,20211004,9958,0.0752212389380531,RAND_SECTOR,H5,0.06948085956490568,1,2032
鋼鐵工業,20211004,9958,0.0752212389380531,RAND_SECTOR,H10,0.10169413846746322,1,2032
鋼鐵工業,20211004,9958,0.0752212389380531,RAND_SECTOR,S7,0.0029067498329538033,1,2032
鋼鐵工業,20211102,5011,0.06322795341098164,F2,H1,0.010714204968838459,1,5009
鋼鐵工業,20211102,5011,0.06322795341098164,F2,H3,0.0014415975838035777,1,5009
鋼鐵工業,20211102,5011,0.06322795341098164,F2,H5,0.013032356815097623,1,5009
鋼鐵工業,20211102,5011,0.06322795341098164,F2,H10,0.003759749430062076,1,5009
鋼鐵工業,20211102,5011,0.06322795341098164,F2,S7,-0.026376224571302176,1,5009
鋼鐵工業,20211102,5011,0.06322795341098164,RAND_SECTOR,H1,0.010714204968838459,1,5009
鋼鐵工業,20211102,5011,0.06322795341098164,RAND_SECTOR,H3,0.0014415975838035777,1,5009
鋼鐵工業,20211102,5011,0.06322795341098164,RAND_SECTOR,H5,0.013032356815097623,1,5009
鋼鐵工業,20211102,5011,0.06322795341098164,RAND_SECTOR,H10,0.003759749430062076,1,5009
鋼鐵工業,20211102,5011,0.06322795341098164,RAND_SECTOR,S7,-0.026376224571302176,1,5009
鋼鐵工業,20220113,2009,0.09891435464414933,F1,H1,-0.04379449132229596,1,2023
鋼鐵工業,20220113,2009,0.09891435464414933,F1,H3,-0.048025489148303624,1,2023
鋼鐵工業,20220113,2009,0.09891435464414933,F1,H5,-0.03321699675727707,1,2023
鋼鐵工業,20220113,2009,0.09891435464414933,F1,H10,-0.039563493496288515,1,2023
鋼鐵工業,20220113,2009,0.09891435464414933,F1,S7,-0.08821996849537506,1,2023
鋼鐵工業,20220113,2009,0.09891435464414933,F3,H1,-0.03111518281639054,10,"2030,2034,2069,2031,2029"
鋼鐵工業,20220113,2009,0.09891435464414933,F3,H3,-0.03862543471357952,10,"2030,2034,2069,2031,2029"
鋼鐵工業,20220113,2009,0.09891435464414933,F3,H5,-0.02838815201373902,10,"2030,2034,2069,2031,2029"
鋼鐵工業,20220113,2009,0.09891435464414933,F3,H10,-0.022291895135306418,10,"2030,2034,2069,2031,2029"
鋼鐵工業,20220113,2009,0.09891435464414933,F3,S7,-0.004901576015102116,10,"2030,2034,2069,2031,2029"
鋼鐵工業,20220113,2009,0.09891435464414933,F2,H1,-0.04295203600295827,1,2032
鋼鐵工業,20220113,2009,0.09891435464414933,F2,H3,-0.0649026773790371,1,2032
鋼鐵工業,20220113,2009,0.09891435464414933,F2,H5,-0.034171779452526696,1,2032
鋼鐵工業,20220113,2009,0.09891435464414933,F2,H10,0.005339375024415283,1,2032
鋼鐵工業,20220113,2009,0.09891435464414933,F2,S7,0.0689962350150446,1,2032
鋼鐵工業,20220113,2009,0.09891435464414933,RAND_SECTOR,H1,-0.031912781407998136,1,2034
鋼鐵工業,20220113,2009,0.09891435464414933,RAND_SECTOR,H3,-0.031912781407998136,1,2034
鋼鐵工業,20220113,2009,0.09891435464414933,RAND_SECTOR,H5,-0.015858267003487247,1,2034
鋼鐵工業,20220113,2009,0.09891435464414933,RAND_SECTOR,H10,-0.014252815563036259,1,2034
鋼鐵工業,20220113,2009,0.09891435464414933,RAND_SECTOR,S7,0.06762520789996906,1,2034
鋼鐵工業,20220718,5009,0.06032906764168189,F1,H1,0.058313589545352595,1,2034
鋼鐵工業,20220718,5009,0.06032906764168189,F1,H3,0.07343235511028623,1,2034
鋼鐵工業,20220718,5009,0.06032906764168189,F1,H5,0.06209328093658617,1,2034
鋼鐵工業,20220718,5009,0.06032906764168189,F1,H10,0.12634803458755384,1,2034
鋼鐵工業,20220718,5009,0.06032906764168189,F1,S7,0.13579726306563744,1,2034
鋼鐵工業,20220718,5009,0.06032906764168189,F3,H1,0.03604767651334613,5,"2030,2034,2010,2023,2007"
鋼鐵工業,20220718,5009,0.06032906764168189,F3,H3,0.028381656755249375,5,"2030,2034,2010,2023,2007"
鋼鐵工業,20220718,5009,0.06032906764168189,F3,H5,0.03654634629556184,5,"2030,2034,2010,2023,2007"
鋼鐵工業,20220718,5009,0.06032906764168189,F3,H10,0.0785718644824946,5,"2030,2034,2010,2023,2007"
鋼鐵工業,20220718,5009,0.06032906764168189,F3,S7,0.06959020504088378,5,"2030,2034,2010,2023,2007"
鋼鐵工業,20220718,5009,0.06032906764168189,F2,H1,0.050747233162532934,1,2009
鋼鐵工業,20220718,5009,0.06032906764168189,F2,H3,0.02878039205112093,1,2009
鋼鐵工業,20220718,5009,0.06032906764168189,F2,H5,0.030610962143738707,1,2009
鋼鐵工業,20220718,5009,0.06032906764168189,F2,H10,0.03427210232897404,1,2009
鋼鐵工業,20220718,5009,0.06032906764168189,F2,S7,0.037933242514209375,1,2009
鋼鐵工業,20220718,5009,0.06032906764168189,RAND_SECTOR,H1,-0.0012275556235363805,1,2002
鋼鐵工業,20220718,5009,0.06032906764168189,RAND_SECTOR,H3,0.007026762098583328,1,2002
鋼鐵工業,20220718,5009,0.06032906764168189,RAND_SECTOR,H5,0.01694950574325893,1,2002
鋼鐵工業,20220718,5009,0.06032906764168189,RAND_SECTOR,H10,0.033440578809365906,1,2002
鋼鐵工業,20220718,5009,0.06032906764168189,RAND_SECTOR,S7,0.022446530098627626,1,2002
鋼鐵工業,20220922,8349,0.09917355371900838,F2,H1,0.05033062065869598,1,5009
鋼鐵工業,20220922,8349,0.09917355371900838,F2,H3,-0.004409737421236071,1,5009
鋼鐵工業,20220922,8349,0.09917355371900838,F2,H5,-0.03006928027120437,1,5009
鋼鐵工業,20220922,8349,0.09917355371900838,F2,H10,0.062305073988681015,1,5009
鋼鐵工業,20220922,8349,0.09917355371900838,F2,S7,0.045198712088702075,1,5009
鋼鐵工業,20220922,8349,0.09917355371900838,RAND_SECTOR,H1,-0.02523748331349107,1,2023
鋼鐵工業,20220922,8349,0.09917355371900838,RAND_SECTOR,H3,-0.046125251528201794,1,2023
鋼鐵工業,20220922,8349,0.09917355371900838,RAND_SECTOR,H5,-0.07745690385026838,1,2023
鋼鐵工業,20220922,8349,0.09917355371900838,RAND_SECTOR,H10,-0.02523748331349107,1,2023
鋼鐵工業,20220922,8349,0.09917355371900838,RAND_SECTOR,S7,-0.08093819855272022,1,2023
鋼鐵工業,20221024,9958,0.061141304347826164,F2,H1,0.07368988919305552,1,2009
鋼鐵工業,20221024,9958,0.061141304347826164,F2,H3,0.11146786677577425,1,2009
鋼鐵工業,20221024,9958,0.061141304347826164,F2,H5,0.0816431476315227,1,2009
鋼鐵工業,20221024,9958,0.061141304347826164,F2,H10,0.22679011413354688,1,2009
鋼鐵工業,20221024,9958,0.061141304347826164,F2,S7,0.24070831640086432,1,2009
鋼鐵工業,20221024,9958,0.061141304347826164,RAND_SECTOR,H1,-0.034238549464316925,1,2006
鋼鐵工業,20221024,9958,0.061141304347826164,RAND_SECTOR,H3,-0.04932857212893704,1,2006
鋼鐵工業,20221024,9958,0.061141304347826164,RAND_SECTOR,H5,-0.056873583461247046,1,2006
鋼鐵工業,20221024,9958,0.061141304347826164,RAND_SECTOR,H10,-0.058759836294324685,1,2006
鋼鐵工業,20221024,9958,0.061141304347826164,RAND_SECTOR,S7,-0.02857979096508456,1,2006
鋼鐵工業,20230110,9962,0.0773638968481376,F1,H1,-0.002967436319865513,1,2032
鋼鐵工業,20230110,9962,0.0773638968481376,F1,H3,0.011623284124234301,1,2032
鋼鐵工業,20230110,9962,0.0773638968481376,F1,H5,0.018918644346283875,1,2032
鋼鐵工業,20230110,9962,0.0773638968481376,F1,H10,0.02864579130901701,1,2032
鋼鐵工業,20230110,9962,0.0773638968481376,F1,S7,0.02864579130901701,1,2032
鋼鐵工業,20230110,9962,0.0773638968481376,F3,H1,0.0019709572475229142,4,"2032,2028,2069,2017"
鋼鐵工業,20230110,9962,0.0773638968481376,F3,H3,0.004147653666491835,4,"2032,2028,2069,2017"
鋼鐵工業,20230110,9962,0.0773638968481376,F3,H5,0.02240058134183537,4,"2032,2028,2069,2017"
鋼鐵工業,20230110,9962,0.0773638968481376,F3,H10,0.04599004810708601,4,"2032,2028,2069,2017"
鋼鐵工業,20230110,9962,0.0773638968481376,F3,S7,0.09779420397928995,4,"2032,2028,2069,2017"
鋼鐵工業,20230110,9962,0.0773638968481376,F2,H1,0.002860466386254812,1,4950
鋼鐵工業,20230110,9962,0.0773638968481376,F2,H3,-0.016384190751221217,1,4950
鋼鐵工業,20230110,9962,0.0773638968481376,F2,H5,-0.06342668597616297,1,4950
鋼鐵工業,20230110,9962,0.0773638968481376,F2,H10,-0.1404053145260673,1,4950
鋼鐵工業,20230110,9962,0.0773638968481376,F2,S7,-0.06342668597616297,1,4950
鋼鐵工業,20230110,9962,0.0773638968481376,RAND_SECTOR,H1,0.00040275775228471034,1,2007
鋼鐵工業,20230110,9962,0.0773638968481376,RAND_SECTOR,H3,-0.0037141260244736296,1,2007
鋼鐵工業,20230110,9962,0.0773638968481376,RAND_SECTOR,H5,0.004519641529043161,1,2007
鋼鐵工業,20230110,9962,0.0773638968481376,RAND_SECTOR,H10,0.02098717663607652,1,2007
鋼鐵工業,20230110,9962,0.0773638968481376,RAND_SECTOR,S7,0.025104060412834972,1,2007
鋼鐵工業,20230307,5009,0.09942857142857142,F1,H1,-0.00783100980123197,1,2030
鋼鐵工業,20230307,5009,0.09942857142857142,F1,H3,-0.03080755483741393,1,2030
鋼鐵工業,20230307,5009,0.09942857142857142,F1,H5,-0.00783100980123197,1,2030
鋼鐵工業,20230307,5009,0.09942857142857142,F1,H10,-0.012008563444174225,1,2030
鋼鐵工業,20230307,5009,0.09942857142857142,F1,S7,-0.020363670730058514,1,2030
鋼鐵工業,20230307,5009,0.09942857142857142,F3,H1,-0.002150652987116808,2,"2030,5011"
鋼鐵工業,20230307,5009,0.09942857142857142,F3,H3,-0.029733269811867302,2,"2030,5011"
鋼鐵工業,20230307,5009,0.09942857142857142,F3,H5,-0.02108517570083379,2,"2030,5011"
鋼鐵工業,20230307,5009,0.09942857142857142,F3,H10,-0.005186155944273851,2,"2030,5011"
鋼鐵工業,20230307,5009,0.09942857142857142,F3,S7,0.021878252890417116,2,"2030,5011"
鋼鐵工業,20230307,5009,0.09942857142857142,F2,H1,-0.00783100980123197,1,9958
鋼鐵工業,20230307,5009,0.09942857142857142,F2,H3,-0.08739173071339734,1,9958
鋼鐵工業,20230307,5009,0.09942857142857142,F2,H5,-0.06960756956832503,1,9958
鋼鐵工業,20230307,5009,0.09942857142857142,F2,H10,-0.06960756956832503,1,9958
鋼鐵工業,20230307,5009,0.09942857142857142,F2,S7,-0.08739173071339734,1,9958
鋼鐵工業,20230307,5009,0.09942857142857142,RAND_SECTOR,H1,0.004767961502879281,1,2006
鋼鐵工業,20230307,5009,0.09942857142857142,RAND_SECTOR,H3,0.006342832915893437,1,2006
鋼鐵工業,20230307,5009,0.09942857142857142,RAND_SECTOR,H5,-0.014130495453287595,1,2006
鋼鐵工業,20230307,5009,0.09942857142857142,RAND_SECTOR,H10,-0.03617869523548234,1,2006
鋼鐵工業,20230307,5009,0.09942857142857142,RAND_SECTOR,S7,-0.055656351835665085,1,2006
鋼鐵工業,20230601,8930,0.08181818181818179,F2,H1,0.0008115772214054573,1,5009
鋼鐵工業,20230601,8930,0.08181818181818179,F2,H3,0.03192489050289993,1,5009
鋼鐵工業,20230601,8930,0.08181818181818179,F2,H5,0.03538192531195472,1,5009
鋼鐵工業,20230601,8930,0.08181818181818179,F2,H10,0.0232823034802625,1,5009
鋼鐵工業,20230601,8930,0.08181818181818179,F2,S7,0.07220495991050413,1,5009
鋼鐵工業,20230601,8930,0.08181818181818179,RAND_SECTOR,H1,0.0008115772214054573,1,5009
鋼鐵工業,20230601,8930,0.08181818181818179,RAND_SECTOR,H3,0.03192489050289993,1,5009
鋼鐵工業,20230601,8930,0.08181818181818179,RAND_SECTOR,H5,0.03538192531195472,1,5009
鋼鐵工業,20230601,8930,0.08181818181818179,RAND_SECTOR,H10,0.0232823034802625,1,5009
鋼鐵工業,20230601,8930,0.08181818181818179,RAND_SECTOR,S7,0.07220495991050413,1,5009
鋼鐵工業,20230628,2010,0.059171597633136175,F2,H1,0.045467324382999275,1,9958
鋼鐵工業,20230628,2010,0.059171597633136175,F2,H3,0.11926501786885813,1,9958
鋼鐵工業,20230628,2010,0.059171597633136175,F2,H5,0.09056591484657961,1,9958
鋼鐵工業,20230628,2010,0.059171597633136175,F2,H10,0.20126245507536789,1,9958
鋼鐵工業,20230628,2010,0.059171597633136175,F2,S7,0.34475797018676,1,9958
鋼鐵工業,20230628,2010,0.059171597633136175,RAND_SECTOR,H1,-0.010970785086671153,1,2023
鋼鐵工業,20230628,2010,0.059171597633136175,RAND_SECTOR,H3,-0.00783100980123197,1,2023
鋼鐵工業,20230628,2010,0.059171597633136175,RAND_SECTOR,H5,-0.010970785086671153,1,2023
鋼鐵工業,20230628,2010,0.059171597633136175,RAND_SECTOR,H10,-0.04550831322650184,1,2023
鋼鐵工業,20230628,2010,0.059171597633136175,RAND_SECTOR,S7,-0.02870764952875604,1,2023
鋼鐵工業,20230727,3004,0.08114035087719285,F1,H1,-0.031912781407998136,1,2007
鋼鐵工業,20230727,3004,0.08114035087719285,F1,H3,-0.01746371844393846,1,2007
鋼鐵工業,20230727,3004,0.08114035087719285,F1,H5,-0.0030146554798786696,1,2007
鋼鐵工業,20230727,3004,0.08114035087719285,F1,H10,-0.060810907336117714,1,2007
鋼鐵工業,20230727,3004,0.08114035087719285,F1,S7,-0.08007632462153047,1,2007
鋼鐵工業,20230727,3004,0.08114035087719285,F3,H1,-0.031912781407998136,1,2007
鋼鐵工業,20230727,3004,0.08114035087719285,F3,H3,-0.01746371844393846,1,2007
鋼鐵工業,20230727,3004,0.08114035087719285,F3,H5,-0.0030146554798786696,1,2007
鋼鐵工業,20230727,3004,0.08114035087719285,F3,H10,-0.060810907336117714,1,2007
鋼鐵工業,20230727,3004,0.08114035087719285,F3,S7,-0.08007632462153047,1,2007
鋼鐵工業,20230727,3004,0.08114035087719285,F2,H1,-0.03906871414032376,1,2009
鋼鐵工業,20230727,3004,0.08114035087719285,F2,H3,0.1290198853985982,1,2009
鋼鐵工業,20230727,3004,0.08114035087719285,F2,H5,-0.05691883090551875,1,2009
鋼鐵工業,20230727,3004,0.08114035087719285,F2,H10,-0.09113155470547629,1,2009
鋼鐵工業,20230727,3004,0.08114035087719285,F2,S7,-0.07625645740114706,1,2009
鋼鐵工業,20230727,3004,0.08114035087719285,RAND_SECTOR,H1,-0.03906871414032376,1,2009
鋼鐵工業,20230727,3004,0.08114035087719285,RAND_SECTOR,H3,0.1290198853985982,1,2009
鋼鐵工業,20230727,3004,0.08114035087719285,RAND_SECTOR,H5,-0.05691883090551875,1,2009
鋼鐵工業,20230727,3004,0.08114035087719285,RAND_SECTOR,H10,-0.09113155470547629,1,2009
鋼鐵工業,20230727,3004,0.08114035087719285,RAND_SECTOR,S7,-0.07625645740114706,1,2009
鋼鐵工業,20230905,8930,0.05329153605015691,F2,H1,-0.025548313197638617,1,9958
鋼鐵工業,20230905,8930,0.05329153605015691,F2,H3,-0.0019252420024297168,1,9958
鋼鐵工業,20230905,8930,0.05329153605015691,F2,H5,-0.04031273269464397,1,9958
鋼鐵工業,20230905,8930,0.05329153605015691,F2,H10,0.09847281057720769,1,9958
鋼鐵工業,20230905,8930,0.05329153605015691,F2,S7,0.06599108768379525,1,9958
鋼鐵工業,20230905,8930,0.05329153605015691,RAND_SECTOR,H1,-0.014294651431191241,1,2006
鋼鐵工業,20230905,8930,0.05329153605015691,RAND_SECTOR,H3,-0.012678741023701479,1,2006
鋼鐵工業,20230905,8930,0.05329153605015691,RAND_SECTOR,H5,-0.012678741023701479,1,2006
鋼鐵工業,20230905,8930,0.05329153605015691,RAND_SECTOR,H10,0.035798571200994056,1,2006
鋼鐵工業,20230905,8930,0.05329153605015691,RAND_SECTOR,S7,-0.02883784509859999,1,2006
鋼鐵工業,20231121,2023,0.05414012738853513,F1,H1,-0.016458566237743,1,2014
鋼鐵工業,20231121,2023,0.05414012738853513,F1,H3,-0.012144788019487596,1,2014
鋼鐵工業,20231121,2023,0.05414012738853513,F1,H5,0.02667921594481215,1,2014
鋼鐵工業,20231121,2023,0.05414012738853513,F1,H10,0.01805165950830112,1,2014
鋼鐵工業,20231121,2023,0.05414012738853513,F1,S7,0.2704076852762487,1,2014
鋼鐵工業,20231121,2023,0.05414012738853513,F3,H1,-0.016458566237743,1,2014
鋼鐵工業,20231121,2023,0.05414012738853513,F3,H3,-0.012144788019487596,1,2014
鋼鐵工業,20231121,2023,0.05414012738853513,F3,H5,0.02667921594481215,1,2014
鋼鐵工業,20231121,2023,0.05414012738853513,F3,H10,0.01805165950830112,1,2014
鋼鐵工業,20231121,2023,0.05414012738853513,F3,S7,0.2704076852762487,1,2014
鋼鐵工業,20231121,2023,0.05414012738853513,F2,H1,-0.016458566237743,1,2014
鋼鐵工業,20231121,2023,0.05414012738853513,F2,H3,-0.012144788019487596,1,2014
鋼鐵工業,20231121,2023,0.05414012738853513,F2,H5,0.02667921594481215,1,2014
鋼鐵工業,20231121,2023,0.05414012738853513,F2,H10,0.01805165950830112,1,2014
鋼鐵工業,20231121,2023,0.05414012738853513,F2,S7,0.2704076852762487,1,2014
鋼鐵工業,20231121,2023,0.05414012738853513,RAND_SECTOR,H1,0.011220979670827136,1,2006
鋼鐵工業,20231121,2023,0.05414012738853513,RAND_SECTOR,H3,0.009755442019130589,1,2006
鋼鐵工業,20231121,2023,0.05414012738853513,RAND_SECTOR,H5,0.02734189383949226,1,2006
鋼鐵工業,20231121,2023,0.05414012738853513,RAND_SECTOR,H10,0.024410818536098722,1,2006
鋼鐵工業,20231121,2023,0.05414012738853513,RAND_SECTOR,S7,0.06544587278361069,1,2006
鋼鐵工業,20231212,5011,0.0786290322580645,F2,H1,0.009233321725528043,1,8930
鋼鐵工業,20231212,5011,0.0786290322580645,F2,H3,-0.0005177248611918372,1,8930
鋼鐵工業,20231212,5011,0.0786290322580645,F2,H5,0.026297653252288278,1,8930
鋼鐵工業,20231212,5011,0.0786290322580645,F2,H10,-0.03586526873805218,1,8930
鋼鐵工業,20231212,5011,0.0786290322580645,F2,S7,-0.08949602496501263,1,8930
鋼鐵工業,20231212,5011,0.0786290322580645,RAND_SECTOR,H1,-0.0011044403761556465,1,2017
鋼鐵工業,20231212,5011,0.0786290322580645,RAND_SECTOR,H3,0.07625110801222301,1,2017
鋼鐵工業,20231212,5011,0.0786290322580645,RAND_SECTOR,H5,0.03925497617430285,1,2017
鋼鐵工業,20231212,5011,0.0786290322580645,RAND_SECTOR,H10,0.015711983186535328,1,2017
鋼鐵工業,20231212,5011,0.0786290322580645,RAND_SECTOR,S7,-0.024647433363922833,1,2017
鋼鐵工業,20240115,9958,0.07671957671957674,F2,H1,-0.016909680299782792,1,8930
鋼鐵工業,20240115,9958,0.07671957671957674,F2,H3,-0.03895788008197765,1,8930
鋼鐵工業,20240115,9958,0.07671957671957674,F2,H5,-0.014315774443053875,1,8930
鋼鐵工業,20240115,9958,0.07671957671957674,F2,H10,0.006435472410776466,1,8930
鋼鐵工業,20240115,9958,0.07671957671957674,F2,S7,0.16466372967123366,1,8930
鋼鐵工業,20240115,9958,0.07671957671957674,RAND_SECTOR,H1,-0.021497249335650115,1,9962
鋼鐵工業,20240115,9958,0.07671957671957674,RAND_SECTOR,H3,-0.018764001428766663,1,9962
鋼鐵工業,20240115,9958,0.07671957671957674,RAND_SECTOR,H5,-0.018764001428766663,1,9962
鋼鐵工業,20240115,9958,0.07671957671957674,RAND_SECTOR,H10,-0.010564257708115421,1,9962
鋼鐵工業,20240115,9958,0.07671957671957674,RAND_SECTOR,S7,-0.018764001428766663,1,9962
鋼鐵工業,20240401,2009,0.06809078771695587,F2,H1,-0.02523748331349096,1,2020
鋼鐵工業,20240401,2009,0.06809078771695587,F2,H3,-0.017777566093951425,1,2020
鋼鐵工業,20240401,2009,0.06809078771695587,F2,H5,-0.04388727636233991,1,2020
鋼鐵工業,20240401,2009,0.06809078771695587,F2,H10,-0.04264395682575006,1,2020
鋼鐵工業,20240401,2009,0.06809078771695587,F2,S7,-0.005344370728052161,1,2020
鋼鐵工業,20240401,2009,0.06809078771695587,RAND_SECTOR,H1,4.334726383770082e-05,1,2034
鋼鐵工業,20240401,2009,0.06809078771695587,RAND_SECTOR,H3,0.007917704328907593,1,2034
鋼鐵工業,20240401,2009,0.06809078771695587,RAND_SECTOR,H5,0.013823472127709291,1,2034
鋼鐵工業,20240401,2009,0.06809078771695587,RAND_SECTOR,H10,-0.00783100980123197,1,2034
鋼鐵工業,20240401,2009,0.06809078771695587,RAND_SECTOR,S7,0.003980525796372536,1,2034
鋼鐵工業,20240614,2025,0.09876543209876543,F1,H1,0.017718406255388564,1,2007
鋼鐵工業,20240614,2025,0.09876543209876543,F1,H3,0.009201934236515052,1,2007
鋼鐵工業,20240614,2025,0.09876543209876543,F1,H5,0.06030076634975612,1,2007
鋼鐵工業,20240614,2025,0.09876543209876543,F1,H10,0.0006854622176415415,1,2007
鋼鐵工業,20240614,2025,0.09876543209876543,F1,S7,0.02197664226482554,1,2007
鋼鐵工業,20240614,2025,0.09876543209876543,F3,H1,0.01848446608338916,2,"2038,2007"
鋼鐵工業,20240614,2025,0.09876543209876543,F3,H3,0.004378398905726333,2,"2038,2007"
鋼鐵工業,20240614,2025,0.09876543209876543,F3,H5,0.025003899378233885,2,"2038,2007"
鋼鐵工業,20240614,2025,0.09876543209876543,F3,H10,-0.015882562752077778,2,"2038,2007"
鋼鐵工業,20240614,2025,0.09876543209876543,F3,S7,-0.007698930520542102,2,"2038,2007"
鋼鐵工業,20240614,2025,0.09876543209876543,F2,H1,0.037267580662348365,1,2031
鋼鐵工業,20240614,2025,0.09876543209876543,F2,H3,-0.022863873289092007,1,2031
鋼鐵工業,20240614,2025,0.09876543209876543,F2,H5,-0.05292960026481219,1,2031
鋼鐵工業,20240614,2025,0.09876543209876543,F2,H10,-0.02887701868423631,1,2031
鋼鐵工業,20240614,2025,0.09876543209876543,F2,S7,-0.04270184027806356,1,2031
鋼鐵工業,20240614,2025,0.09876543209876543,RAND_SECTOR,H1,0.01925052591138976,1,2038
鋼鐵工業,20240614,2025,0.09876543209876543,RAND_SECTOR,H3,-0.0004451364250623868,1,2038
鋼鐵工業,20240614,2025,0.09876543209876543,RAND_SECTOR,H5,-0.010292967593288349,1,2038
鋼鐵工業,20240614,2025,0.09876543209876543,RAND_SECTOR,H10,-0.0324505877217971,1,2038
鋼鐵工業,20240614,2025,0.09876543209876543,RAND_SECTOR,S7,-0.037374503305909745,1,2038
鋼鐵工業,20240813,2069,0.09467455621301779,F1,H1,0.0035732314654206565,1,2030
鋼鐵工業,20240813,2069,0.09467455621301779,F1,H3,0.000722171148757722,1,2030
鋼鐵工業,20240813,2069,0.09467455621301779,F1,H5,-0.0021288891679055455,1,2030
鋼鐵工業,20240813,2069,0.09467455621301779,F1,H10,0.00927535209874697,1,2030
鋼鐵工業,20240813,2069,0.09467455621301779,F1,S7,-0.05344797486784192,1,2030
鋼鐵工業,20240813,2069,0.09467455621301779,F3,H1,-0.006504251080448793,3,"2030,5014,2023"
鋼鐵工業,20240813,2069,0.09467455621301779,F3,H3,-0.012870551641577688,3,"2030,5014,2023"
鋼鐵工業,20240813,2069,0.09467455621301779,F3,H5,-0.016839826577872197,3,"2030,5014,2023"
鋼鐵工業,20240813,2069,0.09467455621301779,F3,H10,0.004230613758283967,3,"2030,5014,2023"
鋼鐵工業,20240813,2069,0.09467455621301779,F3,S7,-0.018156665053387384,3,"2030,5014,2023"
鋼鐵工業,20240813,2069,0.09467455621301779,F2,H1,-0.03112136168383206,1,9958
鋼鐵工業,20240813,2069,0.09467455621301779,F2,H3,-0.03345039687209228,1,9958
鋼鐵工業,20240813,2069,0.09467455621301779,F2,H5,-0.014818115366011964,1,9958
鋼鐵工業,20240813,2069,0.09467455621301779,F2,H10,0.13377722285639115,1,9958
鋼鐵工業,20240813,2069,0.09467455621301779,F2,S7,-0.03156528881016574,1,9958
鋼鐵工業,20240813,2069,0.09467455621301779,RAND_SECTOR,H1,0.018744945293378112,1,2002
鋼鐵工業,20240813,2069,0.09467455621301779,RAND_SECTOR,H3,-0.012260335650333465,1,2002
鋼鐵工業,20240813,2069,0.09467455621301779,RAND_SECTOR,H5,-0.025548313197638284,1,2002
鋼鐵工業,20240813,2069,0.09467455621301779,RAND_SECTOR,H10,-0.00783100980123197,1,2002
鋼鐵工業,20240813,2069,0.09467455621301779,RAND_SECTOR,S7,-0.0897735380096123,1,2002
鋼鐵工業,20240912,4950,0.0980392156862746,F1,H1,-0.005746621166360599,1,5011
鋼鐵工業,20240912,4950,0.0980392156862746,F1,H3,-0.00783100980123197,1,5011
鋼鐵工業,20240912,4950,0.0980392156862746,F1,H5,0.006759710642867622,1,5011
鋼鐵工業,20240912,4950,0.0980392156862746,F1,H10,0.035941151531066806,1,5011
鋼鐵工業,20240912,4950,0.0980392156862746,F1,S7,-0.02450611888020293,1,5011
鋼鐵工業,20240912,4950,0.0980392156862746,F3,H1,-0.005178151538668407,2,"5011,5014"
鋼鐵工業,20240912,4950,0.0980392156862746,F3,H3,0.01310762148543032,2,"5011,5014"
鋼鐵工業,20240912,4950,0.0980392156862746,F3,H5,0.015570989872096597,2,"5011,5014"
鋼鐵工業,20240912,4950,0.0980392156862746,F3,H10,0.08331362050541591,2,"5011,5014"
鋼鐵工業,20240912,4950,0.0980392156862746,F3,S7,0.08047127236695473,2,"5011,5014"
鋼鐵工業,20240912,4950,0.0980392156862746,F2,H1,-0.01486766930618777,1,9958
鋼鐵工業,20240912,4950,0.0980392156862746,F2,H3,0.0015512028720423565,1,9958
鋼鐵工業,20240912,4950,0.0980392156862746,F2,H5,0.1516666056444329,1,9958
鋼鐵工業,20240912,4950,0.0980392156862746,F2,H10,0.1024099891097423,1,9958
鋼鐵工業,20240912,4950,0.0980392156862746,F2,S7,0.04377115990177738,1,9958
鋼鐵工業,20240912,4950,0.0980392156862746,RAND_SECTOR,H1,-0.00783100980123197,1,2025
鋼鐵工業,20240912,4950,0.0980392156862746,RAND_SECTOR,H3,0.009886293595174678,1,2025
鋼鐵工業,20240912,4950,0.0980392156862746,RAND_SECTOR,H5,-0.021118987348536677,1,2025
鋼鐵工業,20240912,4950,0.0980392156862746,RAND_SECTOR,H10,0.04975022623708947,1,2025
鋼鐵工業,20240912,4950,0.0980392156862746,RAND_SECTOR,S7,-0.00783100980123197,1,2025
鋼鐵工業,20241108,2069,0.07204610951008639,F2,H1,-0.05231421988811624,1,2033
鋼鐵工業,20241108,2069,0.07204610951008639,F2,H3,-0.019435325476071186,1,2033
鋼鐵工業,20241108,2069,0.07204610951008639,F2,H5,-0.021369378088544444,1,2033
鋼鐵工業,20241108,2069,0.07204610951008639,F2,H10,-0.05618232511306287,1,2033
鋼鐵工業,20241108,2069,0.07204610951008639,F2,S7,-0.08132500907521478,1,2033
鋼鐵工業,20241108,2069,0.07204610951008639,RAND_SECTOR,H1,-0.05231421988811624,1,2033
鋼鐵工業,20241108,2069,0.07204610951008639,RAND_SECTOR,H3,-0.019435325476071186,1,2033
鋼鐵工業,20241108,2069,0.07204610951008639,RAND_SECTOR,H5,-0.021369378088544444,1,2033
鋼鐵工業,20241108,2069,0.07204610951008639,RAND_SECTOR,H10,-0.05618232511306287,1,2033
鋼鐵工業,20241108,2069,0.07204610951008639,RAND_SECTOR,S7,-0.08132500907521478,1,2033
鋼鐵工業,20250203,2027,0.09104258443465496,F2,H1,-0.013974471040852587,1,2023
鋼鐵工業,20250203,2027,0.09104258443465496,F2,H3,-0.026261393520094378,1,2023
鋼鐵工業,20250203,2027,0.09104258443465496,F2,H5,-0.010902740421042001,1,2023
鋼鐵工業,20250203,2027,0.09104258443465496,F2,H10,0.019814565777062088,1,2023
鋼鐵工業,20250203,2027,0.09104258443465496,F2,S7,0.03210148825630377,1,2023
鋼鐵工業,20250203,2027,0.09104258443465496,RAND_SECTOR,H1,-0.01382598859397377,1,2038
鋼鐵工業,20250203,2027,0.09104258443465496,RAND_SECTOR,H3,-0.010828499197602759,1,2038
鋼鐵工業,20250203,2027,0.09104258443465496,RAND_SECTOR,H5,0.05811375691892762,1,2038
鋼鐵工業,20250203,2027,0.09104258443465496,RAND_SECTOR,H10,0.16302588579190913,1,2038
鋼鐵工業,20250203,2027,0.09104258443465496,RAND_SECTOR,S7,0.19899575854836016,1,2038
鋼鐵工業,20250327,2009,0.05033557046979875,F1,H1,-0.05721498668895353,1,2014
鋼鐵工業,20250327,2009,0.05033557046979875,F1,H3,-0.052725534244615235,1,2014
鋼鐵工業,20250327,2009,0.05033557046979875,F1,H5,-0.23230363201814785,1,2014
鋼鐵工業,20250327,2009,0.05033557046979875,F1,H10,-0.24577198935116273,1,2014
鋼鐵工業,20250327,2009,0.05033557046979875,F1,S7,-0.23230363201814785,1,2014
鋼鐵工業,20250327,2009,0.05033557046979875,F3,H1,-0.05721498668895353,1,2014
鋼鐵工業,20250327,2009,0.05033557046979875,F3,H3,-0.052725534244615235,1,2014
鋼鐵工業,20250327,2009,0.05033557046979875,F3,H5,-0.23230363201814785,1,2014
鋼鐵工業,20250327,2009,0.05033557046979875,F3,H10,-0.24577198935116273,1,2014
鋼鐵工業,20250327,2009,0.05033557046979875,F3,S7,-0.23230363201814785,1,2014
鋼鐵工業,20250327,2009,0.05033557046979875,F2,H1,-0.02931498399844923,1,2027
鋼鐵工業,20250327,2009,0.05033557046979875,F2,H3,-0.01564336405476563,1,2027
鋼鐵工業,20250327,2009,0.05033557046979875,F2,H5,-0.16896081628036264,1,2027
鋼鐵工業,20250327,2009,0.05033557046979875,F2,H10,-0.06447057813935053,1,2027
鋼鐵工業,20250327,2009,0.05033557046979875,F2,S7,-0.16896081628036264,1,2027
鋼鐵工業,20250327,2009,0.05033557046979875,RAND_SECTOR,H1,-0.04888627836118087,1,2020
鋼鐵工業,20250327,2009,0.05033557046979875,RAND_SECTOR,H3,-0.04033309741119162,1,2020
鋼鐵工業,20250327,2009,0.05033557046979875,RAND_SECTOR,H5,-0.2182392611709706,1,2020
鋼鐵工業,20250327,2009,0.05033557046979875,RAND_SECTOR,H10,-0.14639254119105982,1,2020
鋼鐵工業,20250327,2009,0.05033557046979875,RAND_SECTOR,S7,-0.2182392611709706,1,2020
鋼鐵工業,20250506,2032,0.09836065573770503,F1,H1,-0.028562899148669052,1,2014
鋼鐵工業,20250506,2032,0.09836065573770503,F1,H3,-0.03744799458328463,1,2014
鋼鐵工業,20250506,2032,0.09836065573770503,F1,H5,0.006977482589794581,1,2014
鋼鐵工業,20250506,2032,0.09836065573770503,F1,H10,0.0040157841115890935,1,2014
鋼鐵工業,20250506,2032,0.09836065573770503,F1,S7,-0.11149045653841672,1,2014
鋼鐵工業,20250506,2032,0.09836065573770503,F3,H1,-0.011881413600407294,16,"2034,2020,5009,2031,5014"
鋼鐵工業,20250506,2032,0.09836065573770503,F3,H3,0.0005811227002863184,16,"2034,2020,5009,2031,5014"
鋼鐵工業,20250506,2032,0.09836065573770503,F3,H5,0.011426615349709686,16,"2034,2020,5009,2031,5014"
鋼鐵工業,20250506,2032,0.09836065573770503,F3,H10,0.013935031778429925,16,"2034,2020,5009,2031,5014"
鋼鐵工業,20250506,2032,0.09836065573770503,F3,S7,-0.015189705268615211,16,"2034,2020,5009,2031,5014"
鋼鐵工業,20250506,2032,0.09836065573770503,F2,H1,-0.003411548820390964,1,5009
鋼鐵工業,20250506,2032,0.09836065573770503,F2,H3,0.005427373141290381,1,5009
鋼鐵工業,20250506,2032,0.09836065573770503,F2,H5,0.0032176426508703226,1,5009
鋼鐵工業,20250506,2032,0.09836065573770503,F2,H10,-0.0023066835751809345,1,5009
鋼鐵工業,20250506,2032,0.09836065573770503,F2,S7,-0.08185698123031604,1,5009
鋼鐵工業,20250506,2032,0.09836065573770503,RAND_SECTOR,H1,0.0010408440604561253,1,8415
鋼鐵工業,20250506,2032,0.09836065573770503,RAND_SECTOR,H3,-0.00783100980123197,1,8415
鋼鐵工業,20250506,2032,0.09836065573770503,RAND_SECTOR,H5,-0.02113879059376378,1,8415
鋼鐵工業,20250506,2032,0.09836065573770503,RAND_SECTOR,H10,0.01582726716326932,1,8415
鋼鐵工業,20250506,2032,0.09836065573770503,RAND_SECTOR,S7,0.011391340232425495,1,8415
鋼鐵工業,20250723,2014,0.09931506849315075,F1,H1,-0.012854650257934641,1,2002
鋼鐵工業,20250723,2014,0.09931506849315075,F1,H3,-0.025413751399691042,1,2002
鋼鐵工業,20250723,2014,0.09931506849315075,F1,H5,-0.00029554911617823976,1,2002
鋼鐵工業,20250723,2014,0.09931506849315075,F1,H10,-0.032949212084745105,1,2002
鋼鐵工業,20250723,2014,0.09931506849315075,F1,S7,0.019799012710632446,1,2002
鋼鐵工業,20250723,2014,0.09931506849315075,F3,H1,-0.009974551810602694,3,"2031,2010,2002"
鋼鐵工業,20250723,2014,0.09931506849315075,F3,H3,-0.005152345296878395,3,"2031,2010,2002"
鋼鐵工業,20250723,2014,0.09931506849315075,F3,H5,0.0024166877120050945,3,"2031,2010,2002"
鋼鐵工業,20250723,2014,0.09931506849315075,F3,H10,0.0028846655593287585,3,"2031,2010,2002"
鋼鐵工業,20250723,2014,0.09931506849315075,F3,S7,0.05322076975469788,3,"2031,2010,2002"
鋼鐵工業,20250723,2014,0.09931506849315075,F2,H1,-0.05205024056217966,1,2009
鋼鐵工業,20250723,2014,0.09931506849315075,F2,H3,-0.0783054088264925,1,2009
鋼鐵工業,20250723,2014,0.09931506849315075,F2,H5,-0.08521466363289065,1,2009
鋼鐵工業,20250723,2014,0.09931506849315075,F2,H10,-0.08659651459417028,1,2009
鋼鐵工業,20250723,2014,0.09931506849315075,F2,S7,-0.07968725978777225,1,2009
鋼鐵工業,20250723,2014,0.09931506849315075,RAND_SECTOR,H1,-0.0042143549159386895,1,2031
鋼鐵工業,20250723,2014,0.09931506849315075,RAND_SECTOR,H3,0.010252264625234098,1,2031
鋼鐵工業,20250723,2014,0.09931506849315075,RAND_SECTOR,H5,0.007841161368371763,1,2031
鋼鐵工業,20250723,2014,0.09931506849315075,RAND_SECTOR,H10,0.034363297193855225,1,2031
鋼鐵工業,20250723,2014,0.09931506849315075,RAND_SECTOR,S7,0.05726877813404596,1,2031
鋼鐵工業,20250828,3004,0.09961685823754785,F2,H1,-0.030437391856393714,1,5009
鋼鐵工業,20250828,3004,0.09961685823754785,F2,H3,-0.07062651551001475,1,5009
鋼鐵工業,20250828,3004,0.09961685823754785,F2,H5,-0.03671694242727197,1,5009
鋼鐵工業,20250828,3004,0.09961685823754785,F2,H10,-0.0944888076793523,1,5009
鋼鐵工業,20250828,3004,0.09961685823754785,F2,S7,-0.0944888076793523,1,5009
鋼鐵工業,20250828,3004,0.09961685823754785,RAND_SECTOR,H1,-0.016620989780844586,1,2211
鋼鐵工業,20250828,3004,0.09961685823754785,RAND_SECTOR,H3,-0.02650971725790885,1,2211
鋼鐵工業,20250828,3004,0.09961685823754785,RAND_SECTOR,H5,-0.0012385248165223128,1,2211
鋼鐵工業,20250828,3004,0.09961685823754785,RAND_SECTOR,H10,0.025131415122315204,1,2211
鋼鐵工業,20250828,3004,0.09961685823754785,RAND_SECTOR,S7,0.06688382002547488,1,2211
鋼鐵工業,20250925,2009,0.09942363112391917,F1,H1,-0.012867400614423374,1,2002
鋼鐵工業,20250925,2009,0.09942363112391917,F1,H3,-0.022940182240807072,1,2002
鋼鐵工業,20250925,2009,0.09942363112391917,F1,H5,-0.04308574549357391,1,2002
鋼鐵工業,20250925,2009,0.09942363112391917,F1,H10,-0.04812213630676565,1,2002
鋼鐵工業,20250925,2009,0.09942363112391917,F1,S7,-0.05064033171336135,1,2002
鋼鐵工業,20250925,2009,0.09942363112391917,F3,H1,-0.017934595041151524,2,"2014,2002"
鋼鐵工業,20250925,2009,0.09942363112391917,F3,H3,-0.03662468755432652,2,"2014,2002"
鋼鐵工業,20250925,2009,0.09942363112391917,F3,H5,-0.052765781047369065,2,"2014,2002"
鋼鐵工業,20250925,2009,0.09942363112391917,F3,H10,-0.04011319678731712,2,"2014,2002"
鋼鐵工業,20250925,2009,0.09942363112391917,F3,S7,-0.06564554195725142,2,"2014,2002"
鋼鐵工業,20250925,2009,0.09942363112391917,F2,H1,-0.02008000968022905,1,2023
鋼鐵工業,20250925,2009,0.09942363112391917,F2,H3,-0.05376475934747116,1,2023
鋼鐵工業,20250925,2009,0.09942363112391917,F2,H5,-0.07826275910546521,1,2023
鋼鐵工業,20250925,2009,0.09942363112391917,F2,H10,-0.09051175898446262,1,2023
鋼鐵工業,20250925,2009,0.09942363112391917,F2,S7,-0.07520050913571608,1,2023
鋼鐵工業,20250925,2009,0.09942363112391917,RAND_SECTOR,H1,-0.02008000968022905,1,2023
鋼鐵工業,20250925,2009,0.09942363112391917,RAND_SECTOR,H3,-0.05376475934747116,1,2023
鋼鐵工業,20250925,2009,0.09942363112391917,RAND_SECTOR,H5,-0.07826275910546521,1,2023
鋼鐵工業,20250925,2009,0.09942363112391917,RAND_SECTOR,H10,-0.09051175898446262,1,2023
鋼鐵工業,20250925,2009,0.09942363112391917,RAND_SECTOR,S7,-0.07520050913571608,1,2023
鋼鐵工業,20251124,2006,0.05246422893481717,F1,H1,-0.00783100980123197,1,2002
鋼鐵工業,20251124,2006,0.05246422893481717,F1,H3,0.003193090089865347,1,2002
鋼鐵工業,20251124,2006,0.05246422893481717,F1,H5,0.02248526489928615,1,2002
鋼鐵工業,20251124,2006,0.05246422893481717,F1,H10,0.02248526489928615,1,2002
鋼鐵工業,20251124,2006,0.05246422893481717,F1,S7,0.03626538976315774,1,2002
鋼鐵工業,20251124,2006,0.05246422893481717,F3,H1,-0.00783100980123197,1,2002
鋼鐵工業,20251124,2006,0.05246422893481717,F3,H3,0.003193090089865347,1,2002
鋼鐵工業,20251124,2006,0.05246422893481717,F3,H5,0.02248526489928615,1,2002
鋼鐵工業,20251124,2006,0.05246422893481717,F3,H10,0.02248526489928615,1,2002
鋼鐵工業,20251124,2006,0.05246422893481717,F3,S7,0.03626538976315774,1,2002
鋼鐵工業,20251124,2006,0.05246422893481717,F2,H1,0.027245671670441673,1,2034
鋼鐵工業,20251124,2006,0.05246422893481717,F2,H3,0.029751148918418346,1,2034
鋼鐵工業,20251124,2006,0.05246422893481717,F2,H5,0.03225662616639524,1,2034
鋼鐵工業,20251124,2006,0.05246422893481717,F2,H10,0.004696376438651395,1,2034
鋼鐵工業,20251124,2006,0.05246422893481717,F2,S7,0.027245671670441673,1,2034
鋼鐵工業,20251124,2006,0.05246422893481717,RAND_SECTOR,H1,-0.00783100980123197,1,2002
鋼鐵工業,20251124,2006,0.05246422893481717,RAND_SECTOR,H3,0.003193090089865347,1,2002
鋼鐵工業,20251124,2006,0.05246422893481717,RAND_SECTOR,H5,0.02248526489928615,1,2002
鋼鐵工業,20251124,2006,0.05246422893481717,RAND_SECTOR,H10,0.02248526489928615,1,2002
鋼鐵工業,20251124,2006,0.05246422893481717,RAND_SECTOR,S7,0.03626538976315774,1,2002
鋼鐵工業,20251226,2009,0.10000000000000009,F2,H1,-0.013993550113025499,1,2014
鋼鐵工業,20251226,2009,0.10000000000000009,F2,H3,-0.029399900892509434,1,2014
鋼鐵工業,20251226,2009,0.10000000000000009,F2,H5,-0.023237360580716127,1,2014
鋼鐵工業,20251226,2009,0.10000000000000009,F2,H10,0.04146931269311649,1,2014
鋼鐵工業,20251226,2009,0.10000000000000009,F2,S7,0.07536328440798123,1,2014
鋼鐵工業,20251226,2009,0.10000000000000009,RAND_SECTOR,H1,-0.004730481706860745,1,2006
鋼鐵工業,20251226,2009,0.10000000000000009,RAND_SECTOR,H3,-0.006280745754046468,1,2006
鋼鐵工業,20251226,2009,0.10000000000000009,RAND_SECTOR,H5,0.00922189471780932,1,2006
鋼鐵工業,20251226,2009,0.10000000000000009,RAND_SECTOR,H10,0.061930872322119024,1,2006
鋼鐵工業,20251226,2009,0.10000000000000009,RAND_SECTOR,S7,0.10688852969050089,1,2006
鋼鐵工業,20260302,2006,0.05585831062670299,F2,H1,-0.04170995092997021,1,2017
鋼鐵工業,20260302,2006,0.05585831062670299,F2,H3,-0.0852685895240628,1,2017
鋼鐵工業,20260302,2006,0.05585831062670299,F2,H5,-0.06106934586067814,1,2017
鋼鐵工業,20260302,2006,0.05585831062670299,F2,H10,-0.07849280129831493,1,2017
鋼鐵工業,20260302,2006,0.05585831062670299,F2,S7,-0.07074904332603182,1,2017
鋼鐵工業,20260302,2006,0.05585831062670299,RAND_SECTOR,H1,-0.03411363205815299,1,2038
鋼鐵工業,20260302,2006,0.05585831062670299,RAND_SECTOR,H3,-0.027542976493922455,1,2038
鋼鐵工業,20260302,2006,0.05585831062670299,RAND_SECTOR,H5,0.00202497354511344,1,2038
鋼鐵工業,20260302,2006,0.05585831062670299,RAND_SECTOR,H10,-0.01768699314757738,1,2038
鋼鐵工業,20260302,2006,0.05585831062670299,RAND_SECTOR,S7,0.048019562494725276,1,2038
鋼鐵工業,20260320,2014,0.0980392156862746,F1,H1,-0.030380305033022026,1,2002
鋼鐵工業,20260320,2014,0.0980392156862746,F1,H3,-0.02536935053706879,1,2002
鋼鐵工業,20260320,2014,0.0980392156862746,F1,H5,-0.03539125952897548,1,2002
鋼鐵工業,20260320,2014,0.0980392156862746,F1,H10,-0.00783100980123197,1,2002
鋼鐵工業,20260320,2014,0.0980392156862746,F1,S7,-0.010336487049208753,1,2002
鋼鐵工業,20260320,2014,0.0980392156862746,F3,H1,-0.012210884626359627,6,"2034,2031,2010,2023,2027"
鋼鐵工業,20260320,2014,0.0980392156862746,F3,H3,-0.004863071003720039,6,"2034,2031,2010,2023,2027"
鋼鐵工業,20260320,2014,0.0980392156862746,F3,H5,0.0010093031626953557,6,"2034,2031,2010,2023,2027"
鋼鐵工業,20260320,2014,0.0980392156862746,F3,H10,-0.0028601117322030745,6,"2034,2031,2010,2023,2027"
鋼鐵工業,20260320,2014,0.0980392156862746,F3,S7,-0.010963291252103565,6,"2034,2031,2010,2023,2027"
鋼鐵工業,20260320,2014,0.0980392156862746,F2,H1,-0.07933868477051254,1,2038
鋼鐵工業,20260320,2014,0.0980392156862746,F2,H3,-0.07933868477051254,1,2038
鋼鐵工業,20260320,2014,0.0980392156862746,F2,H5,-0.01676946917239186,1,2038
鋼鐵工業,20260320,2014,0.0980392156862746,F2,H10,-0.07040022539935242,1,2038
鋼鐵工業,20260320,2014,0.0980392156862746,F2,S7,-0.05848227957113883,1,2038
鋼鐵工業,20260320,2014,0.0980392156862746,RAND_SECTOR,H1,-0.021059929670548816,1,2027
鋼鐵工業,20260320,2014,0.0980392156862746,RAND_SECTOR,H3,-0.01973703768361723,1,2027
鋼鐵工業,20260320,2014,0.0980392156862746,RAND_SECTOR,H5,0.058313589545352595,1,2027
鋼鐵工業,20260320,2014,0.0980392156862746,RAND_SECTOR,H10,0.00539791006808521,1,2027
鋼鐵工業,20260320,2014,0.0980392156862746,RAND_SECTOR,S7,-0.021059929670548816,1,2027
鋼鐵工業,20260505,3004,0.08658008658008653,F1,H1,-0.002991161068555015,1,9958
鋼鐵工業,20260505,3004,0.08658008658008653,F1,H3,0.011528385129475849,1,9958
鋼鐵工業,20260505,3004,0.08658008658008653,F1,H5,0.016368233862152692,1,9958
鋼鐵工業,20260505,3004,0.08658008658008653,F1,H10,0.006688536396798783,1,9958
鋼鐵工業,20260505,3004,0.08658008658008653,F1,S7,0.0018486876641217176,1,9958
鋼鐵工業,20260505,3004,0.08658008658008653,F3,H1,-0.002991161068555015,1,9958
鋼鐵工業,20260505,3004,0.08658008658008653,F3,H3,0.011528385129475849,1,9958
鋼鐵工業,20260505,3004,0.08658008658008653,F3,H5,0.016368233862152692,1,9958
鋼鐵工業,20260505,3004,0.08658008658008653,F3,H10,0.006688536396798783,1,9958
鋼鐵工業,20260505,3004,0.08658008658008653,F3,S7,0.0018486876641217176,1,9958
鋼鐵工業,20260505,3004,0.08658008658008653,F2,H1,0.0020906801007556375,1,5009
鋼鐵工業,20260505,3004,0.08658008658008653,F2,H3,0.09280327349035722,1,5009
鋼鐵工業,20260505,3004,0.08658008658008653,F2,H5,0.07862943077323203,1,5009
鋼鐵工業,20260505,3004,0.08658008658008653,F2,H10,-0.0007440884426693772,1,5009
鋼鐵工業,20260505,3004,0.08658008658008653,F2,S7,0.023351444176443525,1,5009
鋼鐵工業,20260505,3004,0.08658008658008653,RAND_SECTOR,H1,-0.00929654745292896,1,8415
鋼鐵工業,20260505,3004,0.08658008658008653,RAND_SECTOR,H3,0.009755442019130589,1,8415
鋼鐵工業,20260505,3004,0.08658008658008653,RAND_SECTOR,H5,0.024410818536098722,1,8415
鋼鐵工業,20260505,3004,0.08658008658008653,RAND_SECTOR,H10,0.053721571570035875,1,8415
鋼鐵工業,20260505,3004,0.08658008658008653,RAND_SECTOR,S7,0.018548667929311202,1,8415
鋼鐵工業,20260722,2027,0.06318347509112998,F1,H1,0.004106852380304282,1,8415
鋼鐵工業,20260722,2027,0.06318347509112998,F1,H3,0.010738998036713188,1,8415
鋼鐵工業,20260722,2027,0.06318347509112998,F1,H5,0.012065427167994747,1,8415
鋼鐵工業,20260722,2027,0.06318347509112998,F1,H10,-0.015789584588922656,1,8415
鋼鐵工業,20260722,2027,0.06318347509112998,F1,S7,0.009412568905430962,1,8415
鋼鐵工業,20260722,2027,0.06318347509112998,F3,H1,-0.004452683050313211,3,"2034,2014,8415"
鋼鐵工業,20260722,2027,0.06318347509112998,F3,H3,-0.015429039429335933,3,"2034,2014,8415"
鋼鐵工業,20260722,2027,0.06318347509112998,F3,H5,-0.03464585183030444,3,"2034,2014,8415"
鋼鐵工業,20260722,2027,0.06318347509112998,F3,H10,-0.0368580112594468,3,"2034,2014,8415"
鋼鐵工業,20260722,2027,0.06318347509112998,F3,S7,-0.00519744020378643,3,"2034,2014,8415"
鋼鐵工業,20260722,2027,0.06318347509112998,F2,H1,-0.00783100980123197,1,2009
鋼鐵工業,20260722,2027,0.06318347509112998,F2,H3,-0.009136495314651438,1,2009
鋼鐵工業,20260722,2027,0.06318347509112998,F2,H5,-0.07478427990830716,1,2009
鋼鐵工業,20260722,2027,0.06318347509112998,F2,H10,0.03740307559496525,1,2009
鋼鐵工業,20260722,2027,0.06318347509112998,F2,S7,-0.07478427990830716,1,2009
鋼鐵工業,20260722,2027,0.06318347509112998,RAND_SECTOR,H1,-0.0026090677475542057,1,2002
鋼鐵工業,20260722,2027,0.06318347509112998,RAND_SECTOR,H3,0.005285847283468037,1,2002
鋼鐵工業,20260722,2027,0.06318347509112998,RAND_SECTOR,H5,-0.010503982778576115,1,2002
鋼鐵工業,20260722,2027,0.06318347509112998,RAND_SECTOR,H10,-0.013135621122250085,1,2002
鋼鐵工業,20260722,2027,0.06318347509112998,RAND_SECTOR,S7,2.2570596120097264e-05,1,2002
電器電纜,20211015,1608,0.09839816933638446,F1,H1,-0.00783100980123197,1,1605
電器電纜,20211015,1608,0.09839816933638446,F1,H3,0.030925591378407447,1,1605
電器電纜,20211015,1608,0.09839816933638446,F1,H5,-0.005893179742250232,1,1605
電器電纜,20211015,1608,0.09839816933638446,F1,H10,0.009609460729605779,1,1605
電器電纜,20211015,1608,0.09839816933638446,F1,S7,0.07549568273499263,1,1605
電器電纜,20211015,1608,0.09839816933638446,F3,H1,-0.003969469683376785,3,"1605,1609,1612"
電器電纜,20211015,1608,0.09839816933638446,F3,H3,0.03674452428667285,3,"1605,1609,1612"
電器電纜,20211015,1608,0.09839816933638446,F3,H5,0.0010913685053916729,3,"1605,1609,1612"
電器電纜,20211015,1608,0.09839816933638446,F3,H10,0.02474653626472449,3,"1605,1609,1612"
電器電纜,20211015,1608,0.09839816933638446,F3,S7,0.04627070365521694,3,"1605,1609,1612"
電器電纜,20211015,1608,0.09839816933638446,F2,H1,-0.00783100980123197,1,1605
電器電纜,20211015,1608,0.09839816933638446,F2,H3,0.030925591378407447,1,1605
電器電纜,20211015,1608,0.09839816933638446,F2,H5,-0.005893179742250232,1,1605
電器電纜,20211015,1608,0.09839816933638446,F2,H10,0.009609460729605779,1,1605
電器電纜,20211015,1608,0.09839816933638446,F2,S7,0.07549568273499263,1,1605
電器電纜,20211015,1608,0.09839816933638446,RAND_SECTOR,H1,-0.0061606916359140396,1,1604
電器電纜,20211015,1608,0.09839816933638446,RAND_SECTOR,H3,0.005531535521310582,1,1604
電器電纜,20211015,1608,0.09839816933638446,RAND_SECTOR,H5,0.0005205810253570142,1,1604
電器電纜,20211015,1608,0.09839816933638446,RAND_SECTOR,H10,-0.004490373470596332,1,1604
電器電纜,20211015,1608,0.09839816933638446,RAND_SECTOR,S7,-0.0061606916359140396,1,1604
電器電纜,20211118,1611,0.09688581314878886,F2,H1,-0.031084970509015486,1,1609
電器電纜,20211118,1611,0.09688581314878886,F2,H3,-0.03496063062697963,1,1609
電器電纜,20211118,1611,0.09688581314878886,F2,H5,-0.031084970509015486,1,1609
電器電纜,20211118,1611,0.09688581314878886,F2,H10,-0.06015242139374499,1,1609
電器電纜,20211118,1611,0.09688581314878886,F2,S7,-0.058214591334763144,1,1609
電器電纜,20211118,1611,0.09688581314878886,RAND_SECTOR,H1,-0.028423196390262806,1,1612
電器電纜,20211118,1611,0.09688581314878886,RAND_SECTOR,H3,-0.04527134905401542,1,1612
電器電纜,20211118,1611,0.09688581314878886,RAND_SECTOR,H5,-0.05275941690457231,1,1612
電器電纜,20211118,1611,0.09688581314878886,RAND_SECTOR,H10,-0.062119501717768255,1,1612
電器電纜,20211118,1611,0.09688581314878886,RAND_SECTOR,S7,-0.004086975875953636,1,1612
電器電纜,20220214,4930,0.0535714285714286,F2,H1,-0.004115021073895719,1,1612
電器電纜,20220214,4930,0.0535714285714286,F2,H3,-0.005973015437563678,1,1612
電器電纜,20220214,4930,0.0535714285714286,F2,H5,0.00331695638077667,1,1612
電器電纜,20220214,4930,0.0535714285714286,F2,H10,0.02561288874479395,1,1612
電器電纜,20220214,4930,0.0535714285714286,F2,S7,-0.005973015437563678,1,1612
電器電纜,20220214,4930,0.0535714285714286,RAND_SECTOR,H1,0.000541724293272372,1,1609
電器電纜,20220214,4930,0.0535714285714286,RAND_SECTOR,H3,-0.0036446427539795767,1,1609
電器電纜,20220214,4930,0.0535714285714286,RAND_SECTOR,H5,0.01100764191140291,1,1609
電器電纜,20220214,4930,0.0535714285714286,RAND_SECTOR,H10,-0.0036446427539795767,1,1609
電器電纜,20220214,4930,0.0535714285714286,RAND_SECTOR,S7,0.01519400895865508,1,1609
電器電纜,20220316,1609,0.09832635983263605,F1,H1,-0.003117617923803273,1,1608
電器電纜,20220316,1609,0.09832635983263605,F1,H3,0.0510863886666284,1,1608
電器電纜,20220316,1609,0.09832635983263605,F1,H5,0.06993995617634385,1,1608
電器電纜,20220316,1609,0.09832635983263605,F1,H10,0.06522656429891494,1,1608
電器電纜,20220316,1609,0.09832635983263605,F1,S7,0.1382841383990614,1,1608
電器電纜,20220316,1609,0.09832635983263605,F3,H1,-0.007342439006625456,3,"1604,1608,1612"
電器電纜,20220316,1609,0.09832635983263605,F3,H3,0.026823557102305884,3,"1604,1608,1612"
電器電纜,20220316,1609,0.09832635983263605,F3,H5,0.04023767534539058,3,"1604,1608,1612"
電器電纜,20220316,1609,0.09832635983263605,F3,H10,0.09718287362768814,3,"1604,1608,1612"
電器電纜,20220316,1609,0.09832635983263605,F3,S7,0.0992354404452623,3,"1604,1608,1612"
電器電纜,20220316,1609,0.09832635983263605,F2,H1,-0.0222625587495775,1,1612
電器電纜,20220316,1609,0.09832635983263605,F2,H3,0.022836031714002836,1,1612
電器電纜,20220316,1609,0.09832635983263605,F2,H5,0.028247862569632298,1,1612
電器電纜,20220316,1609,0.09832635983263605,F2,H10,0.1942106754756081,1,1612
電器電纜,20220316,1609,0.09832635983263605,F2,S7,0.1400923669193117,1,1612
電器電纜,20220316,1609,0.09832635983263605,RAND_SECTOR,H1,-0.003117617923803273,1,1608
電器電纜,20220316,1609,0.09832635983263605,RAND_SECTOR,H3,0.0510863886666284,1,1608
電器電纜,20220316,1609,0.09832635983263605,RAND_SECTOR,H5,0.06993995617634385,1,1608
電器電纜,20220316,1609,0.09832635983263605,RAND_SECTOR,H10,0.06522656429891494,1,1608
電器電纜,20220316,1609,0.09832635983263605,RAND_SECTOR,S7,0.1382841383990614,1,1608
電器電纜,20220412,1605,0.07772020725388606,F2,H1,0.054179552086191185,1,1608
電器電纜,20220412,1605,0.07772020725388606,F2,H3,0.06968219255804686,1,1608
電器電纜,20220412,1605,0.07772020725388606,F2,H5,0.056394215010742155,1,1608
電器電纜,20220412,1605,0.07772020725388606,F2,H10,-0.038836290744943436,1,1608
電器電纜,20220412,1605,0.07772020725388606,F2,S7,-0.1539987628215861,1,1608
電器電纜,20220412,1605,0.07772020725388606,RAND_SECTOR,H1,0.0003015229053151547,1,1612
電器電纜,20220412,1605,0.07772020725388606,RAND_SECTOR,H3,0.027952134107576132,1,1612
電器電纜,20220412,1605,0.07772020725388606,RAND_SECTOR,H5,-0.0468671667926589,1,1612
電器電纜,20220412,1605,0.07772020725388606,RAND_SECTOR,H10,-0.05825271258182507,1,1612
電器電纜,20220412,1605,0.07772020725388606,RAND_SECTOR,S7,-0.2095178209236045,1,1612
電器電纜,20220609,1611,0.08991825613079008,F2,H1,-0.041056068364470066,1,1605
電器電纜,20220609,1611,0.08991825613079008,F2,H3,0.01737420703984527,1,1605
電器電纜,20220609,1611,0.08991825613079008,F2,H5,-0.055950060134197455,1,1605
電器電纜,20220609,1611,0.08991825613079008,F2,H10,-0.07960289599422188,1,1605
電器電纜,20220609,1611,0.08991825613079008,F2,S7,-0.07839502577899138,1,1605
電器電纜,20220609,1611,0.08991825613079008,RAND_SECTOR,H1,-0.041056068364470066,1,1605
電器電纜,20220609,1611,0.08991825613079008,RAND_SECTOR,H3,0.01737420703984527,1,1605
電器電纜,20220609,1611,0.08991825613079008,RAND_SECTOR,H5,-0.055950060134197455,1,1605
電器電纜,20220609,1611,0.08991825613079008,RAND_SECTOR,H10,-0.07960289599422188,1,1605
電器電纜,20220609,1611,0.08991825613079008,RAND_SECTOR,S7,-0.07839502577899138,1,1605
電器電纜,20220812,1605,0.06666666666666665,F2,H1,0.00531030132722865,1,1608
電器電纜,20220812,1605,0.06666666666666665,F2,H3,0.01188095689145885,1,1608
電器電纜,20220812,1605,0.06666666666666665,F2,H5,0.02502226801991947,1,1608
電器電纜,20220812,1605,0.06666666666666665,F2,H10,-0.00783100980123197,1,1608
電器電纜,20220812,1605,0.06666666666666665,F2,S7,-0.093249532136225,1,1608
電器電纜,20220812,1605,0.06666666666666665,RAND_SECTOR,H1,0.00531030132722865,1,1608
電器電纜,20220812,1605,0.06666666666666665,RAND_SECTOR,H3,0.01188095689145885,1,1608
電器電纜,20220812,1605,0.06666666666666665,RAND_SECTOR,H5,0.02502226801991947,1,1608
電器電纜,20220812,1605,0.06666666666666665,RAND_SECTOR,H10,-0.00783100980123197,1,1608
電器電纜,20220812,1605,0.06666666666666665,RAND_SECTOR,S7,-0.093249532136225,1,1608
電器電纜,20220915,1618,0.09965635738831602,F2,H1,0.0630382037843944,1,2061
電器電纜,20220915,1618,0.09965635738831602,F2,H3,0.044388410735545225,1,2061
電器電纜,20220915,1618,0.09965635738831602,F2,H5,0.03692849351600569,1,2061
電器電纜,20220915,1618,0.09965635738831602,F2,H10,-0.082430181996628,1,2061
電器電纜,20220915,1618,0.09965635738831602,F2,S7,-0.082430181996628,1,2061
電器電纜,20220915,1618,0.09965635738831602,RAND_SECTOR,H1,-0.00285773165487202,1,1609
電器電纜,20220915,1618,0.09965635738831602,RAND_SECTOR,H3,0.026981937223286234,1,1609
電器電纜,20220915,1618,0.09965635738831602,RAND_SECTOR,H5,0.012062102784207163,1,1609
電器電纜,20220915,1618,0.09965635738831602,RAND_SECTOR,H10,-0.11226985087478647,1,1609
電器電纜,20220915,1618,0.09965635738831602,RAND_SECTOR,S7,-0.0998366555088871,1,1609
電器電纜,20221024,1618,0.07067137809187285,F1,H1,-0.02536049726057421,1,1611
電器電纜,20221024,1618,0.07067137809187285,F1,H3,-0.02536049726057421,1,1611
電器電纜,20221024,1618,0.07067137809187285,F1,H5,-0.02886639475244257,1,1611
電器電纜,20221024,1618,0.07067137809187285,F1,H10,0.013204375149978631,1,1611
電器電纜,20221024,1618,0.07067137809187285,F1,S7,-0.004325112309363499,1,1611
電器電纜,20221024,1618,0.07067137809187285,F3,H1,-0.02536049726057421,1,1611
電器電纜,20221024,1618,0.07067137809187285,F3,H3,-0.02536049726057421,1,1611
電器電纜,20221024,1618,0.07067137809187285,F3,H5,-0.02886639475244257,1,1611
電器電纜,20221024,1618,0.07067137809187285,F3,H10,0.013204375149978631,1,1611
電器電纜,20221024,1618,0.07067137809187285,F3,S7,-0.004325112309363499,1,1611
電器電纜,20221024,1618,0.07067137809187285,F2,H1,-0.022584452034670854,1,1608
電器電纜,20221024,1618,0.07067137809187285,F2,H3,-0.03733789426810974,1,1608
電器電纜,20221024,1618,0.07067137809187285,F2,H5,-0.052091336501548735,1,1608
電器電纜,20221024,1618,0.07067137809187285,F2,H10,0.09175472527448125,1,1608
電器電纜,20221024,1618,0.07067137809187285,F2,S7,0.04749439857416404,1,1608
電器電纜,20221024,1618,0.07067137809187285,RAND_SECTOR,H1,-0.016311086640537598,1,1604
電器電纜,20221024,1618,0.07067137809187285,RAND_SECTOR,H3,0.007009124667553213,1,1604
電器電纜,20221024,1618,0.07067137809187285,RAND_SECTOR,H5,0.0006490670380738806,1,1604
電器電纜,20221024,1618,0.07067137809187285,RAND_SECTOR,H10,0.03456937439529684,1,1604
電器電纜,20221024,1618,0.07067137809187285,RAND_SECTOR,S7,0.0748497393819989,1,1604
電器電纜,20221202,1609,0.06169665809768632,F1,H1,-0.00783100980123197,1,1608
電器電纜,20221202,1609,0.06169665809768632,F1,H3,-0.06074668927849969,1,1608
電器電纜,20221202,1609,0.06169665809768632,F1,H5,-0.04751776940918251,1,1608
電器電纜,20221202,1609,0.06169665809768632,F1,H10,-0.07397560914781642,1,1608
電器電纜,20221202,1609,0.06169665809768632,F1,S7,-0.08720452901713327,1,1608
電器電纜,20221202,1609,0.06169665809768632,F3,H1,-0.01503021920148817,3,"1608,1612,1611"
電器電纜,20221202,1609,0.06169665809768632,F3,H3,-0.061932172052947876,3,"1608,1612,1611"
電器電纜,20221202,1609,0.06169665809768632,F3,H5,-0.05395856704687718,3,"1608,1612,1611"
電器電纜,20221202,1609,0.06169665809768632,F3,H10,-0.06214929312372922,3,"1608,1612,1611"
電器電纜,20221202,1609,0.06169665809768632,F3,S7,-0.07110136853433513,3,"1608,1612,1611"
電器電纜,20221202,1609,0.06169665809768632,F2,H1,-0.01597188356696544,1,1605
電器電纜,20221202,1609,0.06169665809768632,F2,H3,-0.018007102008398612,1,1605
電器電纜,20221202,1609,0.06169665809768632,F2,H5,-0.04446494174703264,1,1605
電器電纜,20221202,1609,0.06169665809768632,F2,H10,-0.016989492787682026,1,1605
電器電纜,20221202,1609,0.06169665809768632,F2,S7,-0.03835928642273234,1,1605
電器電纜,20221202,1609,0.06169665809768632,RAND_SECTOR,H1,-0.019572654655655164,1,1612
電器電纜,20221202,1609,0.06169665809768632,RAND_SECTOR,H3,-0.05479758921892475,1,1612
電器電纜,20221202,1609,0.06169665809768632,RAND_SECTOR,H5,-0.03424971072368432,1,1612
電器電纜,20221202,1609,0.06169665809768632,RAND_SECTOR,H10,-0.02250806586926113,1,1612
電器電纜,20221202,1609,0.06169665809768632,RAND_SECTOR,S7,-0.04599135557810741,1,1612
電器電纜,20230104,1618,0.0692041522491349,F1,H1,-0.014943332311617263,1,1608
電器電纜,20230104,1618,0.0692041522491349,F1,H3,-0.00783100980123197,1,1608
電器電纜,20230104,1618,0.0692041522491349,F1,H5,0.013505957729924356,1,1608
電器電纜,20230104,1618,0.0692041522491349,F1,H10,0.06684837655781517,1,1608
電器電纜,20230104,1618,0.0692041522491349,F1,S7,0.09529766659935701,1,1608
電器電纜,20230104,1618,0.0692041522491349,F3,H1,-0.008425472578219295,2,"1608,1612"
電器電纜,20230104,1618,0.0692041522491349,F3,H3,0.006977482589794581,2,"1608,1612"
電器電纜,20230104,1618,0.0692041522491349,F3,H5,0.0428204034201175,2,"1608,1612"
電器電纜,20230104,1618,0.0692041522491349,F3,H10,0.1316872808763737,2,"1608,1612"
電器電纜,20230104,1618,0.0692041522491349,F3,S7,0.10592899644137344,2,"1608,1612"
電器電纜,20230104,1618,0.0692041522491349,F2,H1,-0.02840594277770414,1,1609
電器電纜,20230104,1618,0.0692041522491349,F2,H3,-0.04898087575417609,1,1609
電器電纜,20230104,1618,0.0692041522491349,F2,H5,-0.051266979418228664,1,1609
電器電纜,20230104,1618,0.0692041522491349,F2,H10,-0.026119839113651566,1,1609
電器電纜,20230104,1618,0.0692041522491349,F2,S7,0.07218261844060403,1,1609
電器電纜,20230104,1618,0.0692041522491349,RAND_SECTOR,H1,-0.001907612844821327,1,1612
電器電纜,20230104,1618,0.0692041522491349,RAND_SECTOR,H3,0.021785974980821132,1,1612
電器電纜,20230104,1618,0.0692041522491349,RAND_SECTOR,H5,0.07213484911031065,1,1612
電器電纜,20230104,1618,0.0692041522491349,RAND_SECTOR,H10,0.19652618519493226,1,1612
電器電纜,20230104,1618,0.0692041522491349,RAND_SECTOR,S7,0.11656032628338986,1,1612
電器電纜,20230315,1611,0.09818181818181815,F2,H1,-0.023154083008934845,1,1609
電器電纜,20230315,1611,0.09818181818181815,F2,H3,-0.023154083008934845,1,1609
電器電纜,20230315,1611,0.09818181818181815,F2,H5,-0.051884845273378,1,1609
電器電纜,20230315,1611,0.09818181818181815,F2,H10,0.02664590491609986,1,1609
電器電纜,20230315,1611,0.09818181818181815,F2,S7,0.08985358189787473,1,1609
電器電纜,20230315,1611,0.09818181818181815,RAND_SECTOR,H1,-0.009757551529773312,1,1605
電器電纜,20230315,1611,0.09818181818181815,RAND_SECTOR,H3,0.0018016988414746304,1,1605
電器電纜,20230315,1611,0.09818181818181815,RAND_SECTOR,H5,-0.00783100980123197,1,1605
電器電纜,20230315,1611,0.09818181818181815,RAND_SECTOR,H10,-0.030949510543727632,1,1605
電器電纜,20230315,1611,0.09818181818181815,RAND_SECTOR,S7,-0.0001248428870669338,1,1605
電器電纜,20230901,1616,0.07373271889400934,F1,H1,-0.014951839874428718,1,1608
電器電纜,20230901,1616,0.07373271889400934,F1,H3,-0.017325449898827783,1,1608
電器電纜,20230901,1616,0.07373271889400934,F1,H5,-0.012578229850029876,1,1608
電器電纜,20230901,1616,0.07373271889400934,F1,H10,-0.03868794011841836,1,1608
電器電纜,20230901,1616,0.07373271889400934,F1,S7,-0.0007101797280347766,1,1608
電器電纜,20230901,1616,0.07373271889400934,F3,H1,-0.014951839874428718,1,1608
電器電纜,20230901,1616,0.07373271889400934,F3,H3,-0.017325449898827783,1,1608
電器電纜,20230901,1616,0.07373271889400934,F3,H5,-0.012578229850029876,1,1608
電器電纜,20230901,1616,0.07373271889400934,F3,H10,-0.03868794011841836,1,1608
電器電纜,20230901,1616,0.07373271889400934,F3,S7,-0.0007101797280347766,1,1608
電器電纜,20230901,1616,0.07373271889400934,F2,H1,-0.022529809656028577,1,1618
電器電纜,20230901,1616,0.07373271889400934,F2,H3,0.021566589908361244,1,1618
電器電纜,20230901,1616,0.07373271889400934,F2,H5,0.10975938903714044,1,1618
電器電纜,20230901,1616,0.07373271889400934,F2,H10,0.04177743970870651,1,1618
電器電纜,20230901,1616,0.07373271889400934,F2,S7,0.08403648929124641,1,1618
電器電纜,20230901,1616,0.07373271889400934,RAND_SECTOR,H1,-0.001913500913366395,1,1612
電器電纜,20230901,1616,0.07373271889400934,RAND_SECTOR,H3,0.0572615879652878,1,1612
電器電纜,20230901,1616,0.07373271889400934,RAND_SECTOR,H5,0.03556405537644802,1,1612
電器電纜,20230901,1616,0.07373271889400934,RAND_SECTOR,H10,0.029646546488582448,1,1612
電器電纜,20230901,1616,0.07373271889400934,RAND_SECTOR,S7,0.12038168276918548,1,1612
電器電纜,20230928,1618,0.05699481865284972,F2,H1,-0.02424092948645329,1,1609
電器電纜,20230928,1618,0.05699481865284972,F2,H3,-0.05958537188539137,1,1609
電器電纜,20230928,1618,0.05699481865284972,F2,H5,-0.07220838702786947,1,1609
電器電纜,20230928,1618,0.05699481865284972,F2,H10,-0.1542579854539763,1,1609
電器電纜,20230928,1618,0.05699481865284972,F2,S7,-0.07220838702786947,1,1609
電器電纜,20230928,1618,0.05699481865284972,RAND_SECTOR,H1,0.006342832915893437,1,1612
電器電纜,20230928,1618,0.05699481865284972,RAND_SECTOR,H3,-0.022004852518357154,1,1612
電器電纜,20230928,1618,0.05699481865284972,RAND_SECTOR,H5,-0.0609829199904518,1,1612
電器電纜,20230928,1618,0.05699481865284972,RAND_SECTOR,H10,-0.11767829085895276,1,1612
電器電纜,20230928,1618,0.05699481865284972,RAND_SECTOR,S7,-0.11059136950038995,1,1612
電器電纜,20231115,1605,0.05833333333333335,F1,H1,-0.0002802564511650285,1,1609
電器電纜,20231115,1605,0.05833333333333335,F1,H3,0.02086185292902143,1,1609
電器電纜,20231115,1605,0.05833333333333335,F1,H5,0.014821250248968187,1,1609
電器電纜,20231115,1605,0.05833333333333335,F1,H10,0.03596335962915509,1,1609
電器電纜,20231115,1605,0.05833333333333335,F1,S7,0.061635921019381756,1,1609
電器電纜,20231115,1605,0.05833333333333335,F3,H1,-0.005317934640446165,2,"1609,1608"
電器電纜,20231115,1605,0.05833333333333335,F3,H3,0.00651542156389473,2,"1609,1608"
電器電纜,20231115,1605,0.05833333333333335,F3,H5,0.004757421738115886,2,"1609,1608"
電器電纜,20231115,1605,0.05833333333333335,F3,H10,0.022902285513696108,2,"1609,1608"
電器電纜,20231115,1605,0.05833333333333335,F3,S7,0.0975913404069515,2,"1609,1608"
電器電纜,20231115,1605,0.05833333333333335,F2,H1,-0.009599581976274307,1,1618
電器電纜,20231115,1605,0.05833333333333335,F2,H3,-0.02551673155165568,1,1618
電器電纜,20231115,1605,0.05833333333333335,F2,H5,-0.018442442851486107,1,1618
電器電纜,20231115,1605,0.05833333333333335,F2,H10,0.013391856299276306,1,1618
電器電纜,20231115,1605,0.05833333333333335,F2,S7,0.28398339908075854,1,1618
電器電纜,20231115,1605,0.05833333333333335,RAND_SECTOR,H1,-0.011831691213323836,1,1612
電器電纜,20231115,1605,0.05833333333333335,RAND_SECTOR,H3,-0.011831691213323836,1,1612
電器電纜,20231115,1605,0.05833333333333335,RAND_SECTOR,H5,0.00417103443504363,1,1612
電器電纜,20231115,1605,0.05833333333333335,RAND_SECTOR,H10,0.02417444149550252,1,1612
電器電纜,20231115,1605,0.05833333333333335,RAND_SECTOR,S7,0.19020272009731243,1,1612
電器電纜,20240115,1609,0.08052708638360184,F1,H1,-0.039192673284526136,1,1611
電器電纜,20240115,1609,0.08052708638360184,F1,H3,-0.047745854234515606,1,1611
電器電纜,20240115,1609,0.08052708638360184,F1,H5,-0.047745854234515606,1,1611
電器電纜,20240115,1609,0.08052708638360184,F1,H10,-0.033490552651200156,1,1611
電器電纜,20240115,1609,0.08052708638360184,F1,S7,-0.0791075177178101,1,1611
電器電纜,20240115,1609,0.08052708638360184,F3,H1,-0.03189974363393133,2,"1608,1611"
電器電纜,20240115,1609,0.08052708638360184,F3,H3,-0.03258151892704653,2,"1608,1611"
電器電纜,20240115,1609,0.08052708638360184,F3,H5,-0.02898670374516693,2,"1608,1611"
電器電纜,20240115,1609,0.08052708638360184,F3,H10,-0.01586769431704327,2,"1608,1611"
電器電纜,20240115,1609,0.08052708638360184,F3,S7,-0.02190037266824335,2,"1608,1611"
電器電纜,20240115,1609,0.08052708638360184,F2,H1,-0.04352054182277032,1,1616
電器電纜,20240115,1609,0.08052708638360184,F2,H3,-0.05065844822707799,1,1616
電器電纜,20240115,1609,0.08052708638360184,F2,H5,-0.05065844822707799,1,1616
電器電纜,20240115,1609,0.08052708638360184,F2,H10,-0.04352054182277032,1,1616
電器電纜,20240115,1609,0.08052708638360184,F2,S7,0.05997910103969106,1,1616
電器電纜,20240115,1609,0.08052708638360184,RAND_SECTOR,H1,-0.043767839367486516,1,1618
電器電纜,20240115,1609,0.08052708638360184,RAND_SECTOR,H3,-0.057830077023847015,1,1618
電器電纜,20240115,1609,0.08052708638360184,RAND_SECTOR,H5,-0.06251748957596726,1,1618
電器電纜,20240115,1609,0.08052708638360184,RAND_SECTOR,H10,-0.042205368516779806,1,1618
電器電纜,20240115,1609,0.08052708638360184,RAND_SECTOR,S7,-0.0015811263984050195,1,1618
電器電纜,20240216,1616,0.05964912280701751,F1,H1,0.007139990050875733,1,1603
電器電纜,20240216,1616,0.05964912280701751,F1,H3,-0.011914009760897848,1,1603
電器電纜,20240216,1616,0.05964912280701751,F1,H5,-0.02008000968022927,1,1603
電器電纜,20240216,1616,0.05964912280701751,F1,H10,0.01666698995676219,1,1603
電器電纜,20240216,1616,0.05964912280701751,F1,S7,0.03844298974164606,1,1603
電器電纜,20240216,1616,0.05964912280701751,F3,H1,0.007139990050875733,1,1603
電器電纜,20240216,1616,0.05964912280701751,F3,H3,-0.011914009760897848,1,1603
電器電纜,20240216,1616,0.05964912280701751,F3,H5,-0.02008000968022927,1,1603
電器電纜,20240216,1616,0.05964912280701751,F3,H10,0.01666698995676219,1,1603
電器電纜,20240216,1616,0.05964912280701751,F3,S7,0.03844298974164606,1,1603
電器電纜,20240216,1616,0.05964912280701751,F2,H1,-0.004759279181421494,1,1618
電器電纜,20240216,1616,0.05964912280701751,F2,H3,-0.01858206697056841,1,1618
電器電纜,20240216,1616,0.05964912280701751,F2,H5,0.025958027016682816,1,1618
電器電纜,20240216,1616,0.05964912280701751,F2,H10,0.07356985162374463,1,1618
電器電纜,20240216,1616,0.05964912280701751,F2,S7,0.08432090879308074,1,1618
電器電纜,20240216,1616,0.05964912280701751,RAND_SECTOR,H1,0.0003687339194191619,1,1605
電器電纜,20240216,1616,0.05964912280701751,RAND_SECTOR,H3,0.001735357872860721,1,1605
電器電纜,20240216,1616,0.05964912280701751,RAND_SECTOR,H5,-0.018764001428766663,1,1605
電器電纜,20240216,1616,0.05964912280701751,RAND_SECTOR,H10,-0.013297505614999094,1,1605
電器電纜,20240216,1616,0.05964912280701751,RAND_SECTOR,S7,0.019501469267604765,1,1605
電器電纜,20240507,1616,0.09090909090909105,F2,H1,0.077675381627488,1,1615
電器電纜,20240507,1616,0.09090909090909105,F2,H3,0.03344793778504651,1,1615
電器電纜,20240507,1616,0.09090909090909105,F2,H5,-0.01225375418547614,1,1615
電器電纜,20240507,1616,0.09090909090909105,F2,H10,0.012808463991907493,1,1615
電器電纜,20240507,1616,0.09090909090909105,F2,S7,0.0496646671939418,1,1615
電器電纜,20240507,1616,0.09090909090909105,RAND_SECTOR,H1,-0.013667297978871673,1,1618
電器電纜,20240507,1616,0.09090909090909105,RAND_SECTOR,H3,-0.025339874334151302,1,1618
電器電纜,20240507,1616,0.09090909090909105,RAND_SECTOR,H5,0.005786995946594153,1,1618
電器電纜,20240507,1616,0.09090909090909105,RAND_SECTOR,H10,0.015514142909327289,1,1618
電器電纜,20240507,1616,0.09090909090909105,RAND_SECTOR,S7,-0.06911203566644997,1,1618
電器電纜,20240607,1618,0.09979633401221988,F1,H1,-0.03434323358866043,1,1603
電器電纜,20240607,1618,0.09979633401221988,F1,H3,-0.05881605554628677,1,1603
電器電纜,20240607,1618,0.09979633401221988,F1,H5,-0.012929514375737305,1,1603
電器電纜,20240607,1618,0.09979633401221988,F1,H10,-0.038422037248264984,1,1603
電器電纜,20240607,1618,0.09979633401221988,F1,S7,-0.07513127018470445,1,1603
電器電纜,20240607,1618,0.09979633401221988,F3,H1,-0.036158043065054046,2,"1603,1612"
電器電纜,20240607,1618,0.09979633401221988,F3,H3,-0.05404604955765768,2,"1603,1612"
電器電纜,20240607,1618,0.09979633401221988,F3,H5,-0.01854367783062638,2,"1603,1612"
電器電纜,20240607,1618,0.09979633401221988,F3,H10,-0.0331738044381536,2,"1603,1612"
電器電纜,20240607,1618,0.09979633401221988,F3,S7,-0.048456441038703446,2,"1603,1612"
電器電纜,20240607,1618,0.09979633401221988,F2,H1,-0.06240030426216425,1,1608
電器電纜,20240607,1618,0.09979633401221988,F2,H3,-0.030154812080704252,1,1608
電器電纜,20240607,1618,0.09979633401221988,F2,H5,-0.00783100980123197,1,1608
電器電纜,20240607,1618,0.09979633401221988,F2,H10,-0.06240030426216425,1,1608
電器電纜,20240607,1618,0.09979633401221988,F2,S7,-0.038836290744943325,1,1608
電器電纜,20240607,1618,0.09979633401221988,RAND_SECTOR,H1,-0.021009725041063798,1,1609
電器電纜,20240607,1618,0.09979633401221988,RAND_SECTOR,H3,-0.01347903061830269,1,1609
電器電纜,20240607,1618,0.09979633401221988,RAND_SECTOR,H5,0.016643747072741633,1,1609
電器電纜,20240607,1618,0.09979633401221988,RAND_SECTOR,H10,-0.011596357012612635,1,1609
電器電纜,20240607,1618,0.09979633401221988,RAND_SECTOR,S7,0.018526420678431688,1,1609
電器電纜,20240709,1616,0.09999999999999987,F1,H1,-0.004509015414405515,1,1603
電器電纜,20240709,1616,0.09999999999999987,F1,H3,0.025388934067030355,1,1603
電器電纜,20240709,1616,0.09999999999999987,F1,H5,-0.0022943524898547674,1,1603
電器電纜,20240709,1616,0.09999999999999987,F1,H10,-0.06651957730182867,1,1603
電器電纜,20240709,1616,0.09999999999999987,F1,S7,-0.075378229000032,1,1603
電器電纜,20240709,1616,0.09999999999999987,F3,H1,-0.010132027509212438,4,"1603,1609,1608,1612"
電器電纜,20240709,1616,0.09999999999999987,F3,H3,0.03765099198457317,4,"1603,1609,1608,1612"
電器電纜,20240709,1616,0.09999999999999987,F3,H5,0.020600258949809463,4,"1603,1609,1608,1612"
電器電纜,20240709,1616,0.09999999999999987,F3,H10,-0.05567174307946027,4,"1603,1609,1608,1612"
電器電纜,20240709,1616,0.09999999999999987,F3,S7,-0.08864470508740854,4,"1603,1609,1608,1612"
電器電纜,20240709,1616,0.09999999999999987,F2,H1,-0.02271354465421338,1,1618
電器電纜,20240709,1616,0.09999999999999987,F2,H3,-0.030981619572536423,1,1618
電器電纜,20240709,1616,0.09999999999999987,F2,H5,-0.017752699703219466,1,1618
電器電纜,20240709,1616,0.09999999999999987,F2,H10,-0.16163511246958984,1,1618
電器電纜,20240709,1616,0.09999999999999987,F2,S7,-0.12628237624842797,1,1618
電器電纜,20240709,1616,0.09999999999999987,RAND_SECTOR,H1,-0.021238698857971916,1,1617
電器電纜,20240709,1616,0.09999999999999987,RAND_SECTOR,H3,0.015153600010322288,1,1617
電器電纜,20240709,1616,0.09999999999999987,RAND_SECTOR,H5,-0.02698485131086059,1,1617
電器電纜,20240709,1616,0.09999999999999987,RAND_SECTOR,H10,-0.11126175395322713,1,1617
電器電纜,20240709,1616,0.09999999999999987,RAND_SECTOR,S7,-0.08253099168878408,1,1617
電器電纜,20240927,1605,0.0627802690582957,F1,H1,-0.017838478002084046,1,1612
電器電纜,20240927,1605,0.0627802690582957,F1,H3,-0.024986669574121323,1,1612
電器電纜,20240927,1605,0.0627802690582957,F1,H5,-0.030705222831751255,1,1612
電器電纜,20240927,1605,0.0627802690582957,F1,H10,-0.014979201373269246,1,1612
電器電纜,20240927,1605,0.0627802690582957,F1,S7,-0.0507201592334553,1,1612
電器電纜,20240927,1605,0.0627802690582957,F3,H1,-0.016755111073402107,4,"1609,1612,1618,1611"
電器電纜,20240927,1605,0.0627802690582957,F3,H3,-0.04829859459565544,4,"1609,1612,1618,1611"
電器電纜,20240927,1605,0.0627802690582957,F3,H5,-0.06165955190817174,4,"1609,1612,1618,1611"
電器電纜,20240927,1605,0.0627802690582957,F3,H10,-0.07292571895203256,4,"1609,1612,1618,1611"
電器電纜,20240927,1605,0.0627802690582957,F3,S7,-0.07492918854780414,4,"1609,1612,1618,1611"
電器電纜,20240927,1605,0.0627802690582957,F2,H1,-0.028348536924987955,1,1608
電器電纜,20240927,1605,0.0627802690582957,F2,H3,-0.04740052639704673,1,1608
電器電纜,20240927,1605,0.0627802690582957,F2,H5,-0.059124827610621544,1,1608
電器電纜,20240927,1605,0.0627802690582957,F2,H10,-0.11041864542001145,1,1608
電器電纜,20240927,1605,0.0627802690582957,F2,S7,-0.08990111829625558,1,1608
電器電纜,20240927,1605,0.0627802690582957,RAND_SECTOR,H1,-0.01910565741712722,1,1611
電器電纜,20240927,1605,0.0627802690582957,RAND_SECTOR,H3,-0.050110938360838464,1,1611
電器電纜,20240927,1605,0.0627802690582957,RAND_SECTOR,H5,-0.058566924072759874,1,1611
電器電纜,20240927,1605,0.0627802690582957,RAND_SECTOR,H10,-0.050110938360838464,1,1611
電器電纜,20240927,1605,0.0627802690582957,RAND_SECTOR,S7,-0.08111621930455015,1,1611
電器電纜,20250213,1605,0.06734693877551012,F2,H1,0.02891598983575938,1,1608
電器電纜,20250213,1605,0.06734693877551012,F2,H3,-0.013343059746780628,1,1608
電器電纜,20250213,1605,0.06734693877551012,F2,H5,0.08954853923679518,1,1608
電器電纜,20250213,1605,0.06734693877551012,F2,H10,0.03810273974500733,1,1608
電器電纜,20250213,1605,0.06734693877551012,F2,S7,0.02707863985390979,1,1608
電器電纜,20250213,1605,0.06734693877551012,RAND_SECTOR,H1,0.029048173287691048,1,1609
電器電纜,20250213,1605,0.06734693877551012,RAND_SECTOR,H3,0.007634454074767927,1,1609
電器電纜,20250213,1605,0.06734693877551012,RAND_SECTOR,H5,0.08139282025261396,1,1609
電器電纜,20250213,1605,0.06734693877551012,RAND_SECTOR,H10,0.015962011546460486,1,1609
電器電纜,20250213,1605,0.06734693877551012,RAND_SECTOR,S7,0.0397550328941525,1,1609
電器電纜,20250515,1618,0.09921962095875125,F1,H1,-0.00912458084451595,1,1609
電器電纜,20250515,1618,0.09921962095875125,F1,H3,-0.00912458084451595,1,1609
電器電纜,20250515,1618,0.09921962095875125,F1,H5,-6.958354152863944e-05,1,1609
電器電纜,20250515,1618,0.09921962095875125,F1,H10,-0.022060291277355315,1,1609
電器電纜,20250515,1618,0.09921962095875125,F1,S7,-0.010418151887799931,1,1609
電器電纜,20250515,1618,0.09921962095875125,F3,H1,-0.0013356786145405735,3,"1605,1609,1608"
電器電纜,20250515,1618,0.09921962095875125,F3,H3,0.00682832857426859,3,"1605,1609,1608"
電器電纜,20250515,1618,0.09921962095875125,F3,H5,-0.010652557874437049,3,"1605,1609,1608"
電器電纜,20250515,1618,0.09921962095875125,F3,H10,-0.05095031778641942,3,"1605,1609,1608"
電器電纜,20250515,1618,0.09921962095875125,F3,S7,-0.06294170326679138,3,"1605,1609,1608"
電器電纜,20250515,1618,0.09921962095875125,F2,H1,-0.020692459674179098,1,1616
電器電纜,20250515,1618,0.09921962095875125,F2,H3,-0.005993659819382491,1,1616
電器電纜,20250515,1618,0.09921962095875125,F2,H5,-0.00783100980123197,1,1616
電器電纜,20250515,1618,0.09921962095875125,F2,H10,-0.01885510969232962,1,1616
電器電纜,20250515,1618,0.09921962095875125,F2,S7,0.34126548675018653,1,1616
電器電纜,20250515,1618,0.09921962095875125,RAND_SECTOR,H1,-0.020692459674179098,1,1616
電器電纜,20250515,1618,0.09921962095875125,RAND_SECTOR,H3,-0.005993659819382491,1,1616
電器電纜,20250515,1618,0.09921962095875125,RAND_SECTOR,H5,-0.00783100980123197,1,1616
電器電纜,20250515,1618,0.09921962095875125,RAND_SECTOR,H10,-0.01885510969232962,1,1616
電器電纜,20250515,1618,0.09921962095875125,RAND_SECTOR,S7,0.34126548675018653,1,1616
電器電纜,20250606,1612,0.0769230769230771,F1,H1,-0.027184111040479575,1,1609
電器電纜,20250606,1612,0.0769230769230771,F1,H3,-0.020733077294063706,1,1609
電器電纜,20250606,1612,0.0769230769230771,F1,H5,-0.012991836798364798,1,1609
電器電纜,20250606,1612,0.0769230769230771,F1,H10,-0.0581490730232761,1,1609
電器電纜,20250606,1612,0.0769230769230771,F1,S7,-0.033635144786895554,1,1609
電器電纜,20250606,1612,0.0769230769230771,F3,H1,-0.037882470416555014,5,"1605,1609,1608,1616,1618"
電器電纜,20250606,1612,0.0769230769230771,F3,H3,0.004894276706935141,5,"1605,1609,1608,1616,1618"
電器電纜,20250606,1612,0.0769230769230771,F3,H5,0.036119325851416154,5,"1605,1609,1608,1616,1618"
電器電纜,20250606,1612,0.0769230769230771,F3,H10,0.04250607294917315,5,"1605,1609,1608,1616,1618"
電器電纜,20250606,1612,0.0769230769230771,F3,S7,0.01073295223915185,5,"1605,1609,1608,1616,1618"
電器電纜,20250606,1612,0.0769230769230771,F2,H1,-0.024820204838882032,1,1616
電器電纜,20250606,1612,0.0769230769230771,F2,H3,0.12128687248490921,1,1616
電器電纜,20250606,1612,0.0769230769230771,F2,H5,0.2402112377484602,1,1616
電器電纜,20250606,1612,0.0769230769230771,F2,H10,0.42709238316261144,1,1616
電器電纜,20250606,1612,0.0769230769230771,F2,S7,0.21642636469575005,1,1616
電器電纜,20250606,1612,0.0769230769230771,RAND_SECTOR,H1,-0.026639900610687217,1,1605
電器電纜,20250606,1612,0.0769230769230771,RAND_SECTOR,H3,0.015680103710587145,1,1605
電器電纜,20250606,1612,0.0769230769230771,RAND_SECTOR,H5,-0.005479898450050147,1,1605
電器電纜,20250606,1612,0.0769230769230771,RAND_SECTOR,H10,-0.05955545952723418,1,1605
電器電纜,20250606,1612,0.0769230769230771,RAND_SECTOR,S7,-0.026639900610687217,1,1605
電器電纜,20250730,1605,0.0983213429256593,F2,H1,-0.029147140450033415,1,1618
電器電纜,20250730,1605,0.0983213429256593,F2,H3,0.007671630670623708,1,1618
電器電纜,20250730,1605,0.0983213429256593,F2,H5,0.019298611024515466,1,1618
電器電纜,20250730,1605,0.0983213429256593,F2,H10,-0.08921987227847461,1,1618
電器電纜,20250730,1605,0.0983213429256593,F2,S7,-0.08921987227847461,1,1618
電器電纜,20250730,1605,0.0983213429256593,RAND_SECTOR,H1,-0.09051175898446262,1,1616
電器電纜,20250730,1605,0.0983213429256593,RAND_SECTOR,H3,0.012839177494575749,1,1616
電器電纜,20250730,1605,0.0983213429256593,RAND_SECTOR,H5,0.0886298642458705,1,1616
電器電纜,20250730,1605,0.0983213429256593,RAND_SECTOR,H10,0.052801539599803826,1,1616
電器電纜,20250730,1605,0.0983213429256593,RAND_SECTOR,S7,0.0927639017050319,1,1616
電器電纜,20250925,1608,0.09932659932659926,F1,H1,-0.029995100252452556,1,1612
電器電纜,20250925,1608,0.09932659932659926,F1,H3,-0.006527239774689275,1,1612
電器電纜,20250925,1608,0.09932659932659926,F1,H5,-0.01695739998702861,1,1612
電器電纜,20250925,1608,0.09932659932659926,F1,H10,0.010421770570361755,1,1612
電器電纜,20250925,1608,0.09932659932659926,F1,S7,0.016940620703073783,1,1612
電器電纜,20250925,1608,0.09932659932659926,F3,H1,-0.030061021208850847,2,"1612,1611"
電器電纜,20250925,1608,0.09932659932659926,F3,H3,-0.016469096606301137,2,"1612,1611"
電器電纜,20250925,1608,0.09932659932659926,F3,H5,-0.03097414853081132,2,"1612,1611"
電器電纜,20250925,1608,0.09932659932659926,F3,H10,-0.019142557615784095,2,"1612,1611"
電器電纜,20250925,1608,0.09932659932659926,F3,S7,-0.01588313254942808,2,"1612,1611"
電器電纜,20250925,1608,0.09932659932659926,F2,H1,-0.062119501717768144,1,1605
電器電纜,20250925,1608,0.09932659932659926,F2,H3,-0.030295213352902417,1,1605
電器電纜,20250925,1608,0.09932659932659926,F2,H5,-0.03965529816609814,1,1605
電器電纜,20250925,1608,0.09932659932659926,F2,H10,0.040841431227386815,1,1605
電器電纜,20250925,1608,0.09932659932659926,F2,S7,0.1494184150604596,1,1605
電器電纜,20250925,1608,0.09932659932659926,RAND_SECTOR,H1,-0.04281581199441831,1,1616
電器電纜,20250925,1608,0.09932659932659926,RAND_SECTOR,H3,-0.023224322766234096,1,1616
電器電纜,20250925,1608,0.09932659932659926,RAND_SECTOR,H5,-0.010629793976686952,1,1616
電器電纜,20250925,1608,0.09932659932659926,RAND_SECTOR,H10,0.011760479426952353,1,1616
電器電纜,20250925,1608,0.09932659932659926,RAND_SECTOR,S7,-0.030221283204871385,1,1616
電器電纜,20251103,1608,0.0635400907715582,F1,H1,-0.04448749958690079,1,1612
電器電纜,20251103,1608,0.0635400907715582,F1,H3,-0.048153148565467596,1,1612
電器電纜,20251103,1608,0.0635400907715582,F1,H5,-0.13246307507250565,1,1612
電器電纜,20251103,1608,0.0635400907715582,F1,H10,-0.1434600220082065,1,1612
電器電纜,20251103,1608,0.0635400907715582,F1,S7,-0.13246307507250565,1,1612
電器電纜,20251103,1608,0.0635400907715582,F3,H1,-0.04493267784694074,3,"1605,1616,1612"
電器電纜,20251103,1608,0.0635400907715582,F3,H3,-0.01786661811411039,3,"1605,1616,1612"
電器電纜,20251103,1608,0.0635400907715582,F3,H5,-0.08461794467952095,3,"1605,1616,1612"
電器電纜,20251103,1608,0.0635400907715582,F3,H10,-0.08828841903070268,3,"1605,1616,1612"
電器電纜,20251103,1608,0.0635400907715582,F3,S7,-0.08686013448787973,3,"1605,1616,1612"
電器電纜,20251103,1608,0.0635400907715582,F2,H1,-0.047173522423735736,1,1603
電器電纜,20251103,1608,0.0635400907715582,F2,H3,-0.04963242946264235,1,1603
電器電纜,20251103,1608,0.0635400907715582,F2,H5,-0.08282767448787987,1,1603
電器電纜,20251103,1608,0.0635400907715582,F2,H10,-0.07545095337116048,1,1603
電器電纜,20251103,1608,0.0635400907715582,F2,S7,-0.08282767448787987,1,1603
電器電纜,20251103,1608,0.0635400907715582,RAND_SECTOR,H1,-0.03203025346461652,1,1616
電器電纜,20251103,1608,0.0635400907715582,RAND_SECTOR,H3,-0.017795404250860902,1,1616
電器電纜,20251103,1608,0.0635400907715582,RAND_SECTOR,H5,-0.12028631858990158,1,1616
電器電纜,20251103,1608,0.0635400907715582,RAND_SECTOR,H10,-0.15729692654566618,1,1616
電器電纜,20251103,1608,0.0635400907715582,RAND_SECTOR,S7,-0.12028631858990158,1,1616
電器電纜,20251216,1611,0.09836065573770503,F2,H1,-0.01665813604855193,1,1616
電器電纜,20251216,1611,0.09836065573770503,F2,H3,-0.002534734052839993,1,1616
電器電纜,20251216,1611,0.09836065573770503,F2,H5,0.01688494369126392,1,1616
電器電纜,20251216,1611,0.09836065573770503,F2,H10,0.009823242693408174,1,1616
電器電纜,20251216,1611,0.09836065573770503,F2,S7,0.009823242693408174,1,1616
電器電纜,20251216,1611,0.09836065573770503,RAND_SECTOR,H1,-0.033940720069620345,1,1605
電器電纜,20251216,1611,0.09836065573770503,RAND_SECTOR,H3,-0.017622151151877596,1,1605
電器電纜,20251216,1611,0.09836065573770503,RAND_SECTOR,H5,0.026437984926028113,1,1605
電器電纜,20251216,1611,0.09836065573770503,RAND_SECTOR,H10,0.042756553843771306,1,1605
電器電纜,20251216,1611,0.09836065573770503,RAND_SECTOR,S7,0.4980446266487979,1,1605
電器電纜,20260421,1618,0.07354838709677414,F1,H1,-0.011988142441729521,1,1612
電器電纜,20260421,1618,0.07354838709677414,F1,H3,-0.030002383883885875,1,1612
電器電纜,20260421,1618,0.07354838709677414,F1,H5,-0.016145275082227073,1,1612
電器電纜,20260421,1618,0.07354838709677414,F1,H10,0.024040340442583297,1,1612
電器電纜,20260421,1618,0.07354838709677414,F1,S7,0.0018689663599293915,1,1612
電器電纜,20260421,1618,0.07354838709677414,F3,H1,-0.017875896480740783,2,"1609,1612"
電器電纜,20260421,1618,0.07354838709677414,F3,H3,-0.04426407980384128,2,"1609,1612"
電器電纜,20260421,1618,0.07354838709677414,F3,H5,-0.04168079105351741,2,"1609,1612"
電器電纜,20260421,1618,0.07354838709677414,F3,H10,-0.010000608223097396,2,"1609,1612"
電器電纜,20260421,1618,0.07354838709677414,F3,S7,-0.002981021720651289,2,"1609,1612"
電器電纜,20260421,1618,0.07354838709677414,F2,H1,-0.010657702081000586,1,1608
電器電纜,20260421,1618,0.07354838709677414,F2,H3,-0.06577820153648761,1,1608
電器電纜,20260421,1618,0.07354838709677414,F2,H5,-0.07001823995614043,1,1608
電器電纜,20260421,1618,0.07354838709677414,F2,H10,-0.06577820153648761,1,1608
電器電纜,20260421,1618,0.07354838709677414,F2,S7,-0.07991166293533047,1,1608
電器電纜,20260421,1618,0.07354838709677414,RAND_SECTOR,H1,-0.023763650519752044,1,1609
電器電纜,20260421,1618,0.07354838709677414,RAND_SECTOR,H3,-0.05852577572379669,1,1609
電器電纜,20260421,1618,0.07354838709677414,RAND_SECTOR,H5,-0.06721630702480774,1,1609
電器電纜,20260421,1618,0.07354838709677414,RAND_SECTOR,H10,-0.04404155688877809,1,1609
電器電纜,20260421,1618,0.07354838709677414,RAND_SECTOR,S7,-0.00783100980123197,1,1609
電器電纜,20260507,1605,0.09969325153374231,F1,H1,0.028811594950426844,1,1609
電器電纜,20260507,1605,0.09969325153374231,F1,H3,-0.005012347897258351,1,1609
電器電纜,20260507,1605,0.09969325153374231,F1,H5,-0.028970974081035328,1,1609
電器電纜,20260507,1605,0.09969325153374231,F1,H10,-0.005012347897258351,1,1609
電器電纜,20260507,1605,0.09969325153374231,F1,S7,0.19370331633289273,1,1609
電器電纜,20260507,1605,0.09969325153374231,F3,H1,0.002025178326273062,3,"1609,1608,1612"
電器電纜,20260507,1605,0.09969325153374231,F3,H3,-0.013519176368737043,3,"1609,1608,1612"
電器電纜,20260507,1605,0.09969325153374231,F3,H5,-0.038204970548693686,3,"1609,1608,1612"
電器電纜,20260507,1605,0.09969325153374231,F3,H10,-0.028113576940672663,3,"1609,1608,1612"
電器電纜,20260507,1605,0.09969325153374231,F3,S7,0.057387677443926775,3,"1609,1608,1612"
電器電纜,20260507,1605,0.09969325153374231,F2,H1,-0.013566090669432929,1,1608
電器電纜,20260507,1605,0.09969325153374231,F2,H3,-0.02503625240583507,1,1608
電器電纜,20260507,1605,0.09969325153374231,F2,H5,-0.05371165674683975,1,1608
電器電纜,20260507,1605,0.09969325153374231,F2,H10,-0.05944673761504082,1,1608
電器電纜,20260507,1605,0.09969325153374231,F2,S7,-0.09672476325834689,1,1608
電器電纜,20260507,1605,0.09969325153374231,RAND_SECTOR,H1,-0.03123122183422178,1,2061
電器電纜,20260507,1605,0.09969325153374231,RAND_SECTOR,H3,0.017909223435056854,1,2061
電器電纜,20260507,1605,0.09969325153374231,RAND_SECTOR,H5,0.010889159825159922,1,2061
電器電纜,20260507,1605,0.09969325153374231,RAND_SECTOR,H10,0.15597047442969658,1,2061
電器電纜,20260507,1605,0.09969325153374231,RAND_SECTOR,S7,1.0732587861228975,1,2061
電器電纜,20260810,1605,0.09985528219971074,F1,H1,0.0018284935803971614,1,1608
電器電纜,20260810,1605,0.09985528219971074,F1,H3,0.015627784125581634,1,1608
電器電纜,20260810,1605,0.09985528219971074,F1,H5,0.0032084226349156086,1,1608
電器電纜,20260810,1605,0.09985528219971074,F1,H10,0.015627784125581634,1,1608
電器電纜,20260810,1605,0.09985528219971074,F1,S7,0.0018284935803971614,1,1608
電器電纜,20260810,1605,0.09985528219971074,F3,H1,-0.002878411582890683,5,"1609,1608,1616,1612,1611"
電器電纜,20260810,1605,0.09985528219971074,F3,H3,0.011070643244135692,5,"1609,1608,1616,1612,1611"
電器電纜,20260810,1605,0.09985528219971074,F3,H5,-0.0013983860054780362,5,"1609,1608,1616,1612,1611"
電器電纜,20260810,1605,0.09985528219971074,F3,H10,0.007584020754529441,5,"1609,1608,1616,1612,1611"
電器電纜,20260810,1605,0.09985528219971074,F3,S7,-0.0062055154097725,5,"1609,1608,1616,1612,1611"
電器電纜,20260810,1605,0.09985528219971074,F2,H1,0.05650759365875624,1,2061
電器電纜,20260810,1605,0.09985528219971074,F2,H3,-0.08571458241069163,1,2061
電器電纜,20260810,1605,0.09985528219971074,F2,H5,-0.13650821672120872,1,2061
電器電纜,20260810,1605,0.09985528219971074,F2,H10,-0.1449738224396283,1,2061
電器電纜,20260810,1605,0.09985528219971074,F2,S7,-0.15343942815804779,1,2061
電器電纜,20260810,1605,0.09985528219971074,RAND_SECTOR,H1,-0.02523748331349107,1,1616
電器電纜,20260810,1605,0.09985528219971074,RAND_SECTOR,H3,-0.020264205167131344,1,1616
電器電纜,20260810,1605,0.09985528219971074,RAND_SECTOR,H5,-0.052590513118469406,1,1616
電器電纜,20260810,1605,0.09985528219971074,RAND_SECTOR,H10,-0.02523748331349107,1,1616
電器電纜,20260810,1605,0.09985528219971074,RAND_SECTOR,S7,-0.060050430338009275,1,1616
電子通路業,20211005,3232,0.09972299168975063,F2,H1,-0.1329305781306419,1,3054
電子通路業,20211005,3232,0.09972299168975063,F2,H3,-0.17750628638594868,1,3054
電子通路業,20211005,3232,0.09972299168975063,F2,H5,-0.26234392467830725,1,3054
電子通路業,20211005,3232,0.09972299168975063,F2,H10,-0.11855131740312352,1,3054
電子通路業,20211005,3232,0.09972299168975063,F2,S7,-0.1329305781306419,1,3054
電子通路業,20211005,3232,0.09972299168975063,RAND_SECTOR,H1,-0.048745194964067595,1,3444
電子通路業,20211005,3232,0.09972299168975063,RAND_SECTOR,H3,-0.009109578087570513,1,3444
電子通路業,20211005,3232,0.09972299168975063,RAND_SECTOR,H5,-0.015502419519263566,1,3444
電子通路業,20211005,3232,0.09972299168975063,RAND_SECTOR,H10,0.09829015796487339,1,3444
電子通路業,20211005,3232,0.09972299168975063,RAND_SECTOR,S7,0.07399736052443995,1,3444
電子通路業,20220214,3036,0.06298342541436464,F2,H1,-0.006439468440504359,1,3048
電子通路業,20220214,3036,0.06298342541436464,F2,H3,-0.04401108518014896,1,3048
電子通路業,20220214,3036,0.06298342541436464,F2,H5,-0.020354882047780243,1,3048
電子通路業,20220214,3036,0.06298342541436464,F2,H10,0.05757143415296451,1,3048
電子通路業,20220214,3036,0.06298342541436464,F2,S7,-0.02731258885141785,1,3048
電子通路業,20220214,3036,0.06298342541436464,RAND_SECTOR,H1,0.020881276088764444,1,6118
電子通路業,20220214,3036,0.06298342541436464,RAND_SECTOR,H3,0.04959356197876108,1,6118
電子通路業,20220214,3036,0.06298342541436464,RAND_SECTOR,H5,0.0783058478687575,1,6118
電子通路業,20220214,3036,0.06298342541436464,RAND_SECTOR,H10,0.0256666570704307,1,6118
電子通路業,20220214,3036,0.06298342541436464,RAND_SECTOR,S7,-0.060470200599558876,1,6118
電子通路業,20220318,2347,0.05939226519337004,F1,H1,-0.00783100980123197,1,3702
電子通路業,20220318,2347,0.05939226519337004,F1,H3,-0.045207238884062195,1,3702
電子通路業,20220318,2347,0.05939226519337004,F1,H5,-0.041809399876532094,1,3702
電子通路業,20220318,2347,0.05939226519337004,F1,H10,-0.05030399739535729,1,3702
電子通路業,20220318,2347,0.05939226519337004,F1,S7,-0.0469061583878273,1,3702
電子通路業,20220318,2347,0.05939226519337004,F3,H1,-0.018615455346870757,2,"3702,6265"
電子通路業,20220318,2347,0.05939226519337004,F3,H3,0.0004419895214499703,2,"3702,6265"
電子通路業,20220318,2347,0.05939226519337004,F3,H5,-0.024820204838882032,2,"3702,6265"
電子通路業,20220318,2347,0.05939226519337004,F3,H10,-0.052433802280511976,2,"3702,6265"
電子通路業,20220318,2347,0.05939226519337004,F3,S7,-0.07050636627708479,2,"3702,6265"
電子通路業,20220318,2347,0.05939226519337004,F2,H1,-0.029399900892509545,1,6265
電子通路業,20220318,2347,0.05939226519337004,F2,H3,0.046091217926962136,1,6265
電子通路業,20220318,2347,0.05939226519337004,F2,H5,-0.00783100980123197,1,6265
電子通路業,20220318,2347,0.05939226519337004,F2,H10,-0.05456360716566666,1,6265
電子通路業,20220318,2347,0.05939226519337004,F2,S7,-0.09410657416634227,1,6265
電子通路業,20220318,2347,0.05939226519337004,RAND_SECTOR,H1,-0.003321150754873825,1,3010
電子通路業,20220318,2347,0.05939226519337004,RAND_SECTOR,H3,-0.00783100980123197,1,3010
電子通路業,20220318,2347,0.05939226519337004,RAND_SECTOR,H5,-0.030380305033022026,1,3010
電子通路業,20220318,2347,0.05939226519337004,RAND_SECTOR,H10,-0.016850727893948036,1,3010
電子通路業,20220318,2347,0.05939226519337004,RAND_SECTOR,S7,-0.04390988217209624,1,3010
電子通路業,20220509,6113,0.0979020979020977,F2,H1,0.011455212470450782,1,8112
電子通路業,20220509,6113,0.0979020979020977,F2,H3,-0.004616639422617919,1,8112
電子通路業,20220509,6113,0.0979020979020977,F2,H5,-0.002473725836875662,1,8112
電子通路業,20220509,6113,0.0979020979020977,F2,H10,0.02859852115639039,1,8112
電子通路業,20220509,6113,0.0979020979020977,F2,S7,0.032884348327875346,1,8112
電子通路業,20220509,6113,0.0979020979020977,RAND_SECTOR,H1,0.011455212470450782,1,8112
電子通路業,20220509,6113,0.0979020979020977,RAND_SECTOR,H3,-0.004616639422617919,1,8112
電子通路業,20220509,6113,0.0979020979020977,RAND_SECTOR,H5,-0.002473725836875662,1,8112
電子通路業,20220509,6113,0.0979020979020977,RAND_SECTOR,H10,0.02859852115639039,1,8112
電子通路業,20220509,6113,0.0979020979020977,RAND_SECTOR,S7,0.032884348327875346,1,8112
電子通路業,20220627,6118,0.09980430528375739,F1,H1,-0.05255993968724182,1,6265
電子通路業,20220627,6118,0.09980430528375739,F1,H3,-0.0850900705134311,1,6265
電子通路業,20220627,6118,0.09980430528375739,F1,H5,-0.12981900039944116,1,6265
電子通路業,20220627,6118,0.09980430528375739,F1,H10,-0.14608406581253552,1,6265
電子通路業,20220627,6118,0.09980430528375739,F1,S7,-0.0850900705134311,1,6265
電子通路業,20220627,6118,0.09980430528375739,F3,H1,-0.05255993968724182,1,6265
電子通路業,20220627,6118,0.09980430528375739,F3,H3,-0.0850900705134311,1,6265
電子通路業,20220627,6118,0.09980430528375739,F3,H5,-0.12981900039944116,1,6265
電子通路業,20220627,6118,0.09980430528375739,F3,H10,-0.14608406581253552,1,6265
電子通路業,20220627,6118,0.09980430528375739,F3,S7,-0.0850900705134311,1,6265
電子通路業,20220627,6118,0.09980430528375739,F2,H1,-0.055531442022326516,1,6113
電子通路業,20220627,6118,0.09980430528375739,F2,H3,-0.022141139467560356,1,6113
電子通路業,20220627,6118,0.09980430528375739,F2,H5,-0.11515698229869475,1,6113
電子通路業,20220627,6118,0.09980430528375739,F2,H10,-0.07222659329970982,1,6113
電子通路業,20220627,6118,0.09980430528375739,F2,S7,-0.11515698229869475,1,6113
電子通路業,20220627,6118,0.09980430528375739,RAND_SECTOR,H1,0.0318557498067189,1,8032
電子通路業,20220627,6118,0.09980430528375739,RAND_SECTOR,H3,-0.011138239768561209,1,8032
電子通路業,20220627,6118,0.09980430528375739,RAND_SECTOR,H5,-0.06736114921315806,1,8032
電子通路業,20220627,6118,0.09980430528375739,RAND_SECTOR,H10,-0.03759607950719479,1,8032
電子通路業,20220627,6118,0.09980430528375739,RAND_SECTOR,S7,-0.06736114921315806,1,8032
電子通路業,20220722,6265,0.09865470852017943,F1,H1,-0.004490373470596332,1,5434
電子通路業,20220722,6265,0.09865470852017943,F1,H3,0.022234717174488106,1,5434
電子通路業,20220722,6265,0.09865470852017943,F1,H5,0.03225662616639524,1,5434
電子通路業,20220722,6265,0.09865470852017943,F1,H10,0.04561917148893757,1,5434
電子通路業,20220722,6265,0.09865470852017943,F1,S7,0.09572871644847125,1,5434
電子通路業,20220722,6265,0.09865470852017943,F3,H1,-0.005535586403140373,3,"5434,8070,3033"
電子通路業,20220722,6265,0.09865470852017943,F3,H3,0.007503499105170268,3,"5434,8070,3033"
電子通路業,20220722,6265,0.09865470852017943,F3,H5,0.01572864589316773,3,"5434,8070,3033"
電子通路業,20220722,6265,0.09865470852017943,F3,H10,0.00955762783835771,3,"5434,8070,3033"
電子通路業,20220722,6265,0.09865470852017943,F3,S7,0.055247048929563634,3,"5434,8070,3033"
電子通路業,20220722,6265,0.09865470852017943,F2,H1,-0.00783100980123197,1,3048
電子通路業,20220722,6265,0.09865470852017943,F2,H3,-0.00269910123123851,1,3048
電子通路業,20220722,6265,0.09865470852017943,F2,H5,0.010985988288744863,1,3048
電子通路業,20220722,6265,0.09865470852017943,F2,H10,-0.014673554561223434,1,3048
電子通路業,20220722,6265,0.09865470852017943,F2,S7,0.02809235018872336,1,3048
電子通路業,20220722,6265,0.09865470852017943,RAND_SECTOR,H1,-0.0032429451066711135,1,3010
電子通路業,20220722,6265,0.09865470852017943,RAND_SECTOR,H3,0.009374232803371019,1,3010
電子通路業,20220722,6265,0.09865470852017943,RAND_SECTOR,H5,0.00019810341424930655,1,3010
電子通路業,20220722,6265,0.09865470852017943,RAND_SECTOR,H10,0.007080200456090591,1,3010
電子通路業,20220722,6265,0.09865470852017943,RAND_SECTOR,S7,0.06213697679081975,1,3010
電子通路業,20220905,3224,0.10000000000000009,F2,H1,-0.016818047755930876,1,2347
電子通路業,20220905,3224,0.10000000000000009,F2,H3,0.015535288880985432,1,2347
電子通路業,20220905,3224,0.10000000000000009,F2,H5,0.01194047369910578,1,2347
電子通路業,20220905,3224,0.10000000000000009,F2,H10,0.006548250926286192,1,2347
電子通路業,20220905,3224,0.10000000000000009,F2,S7,-0.022210270528750464,1,2347
電子通路業,20220905,3224,0.10000000000000009,RAND_SECTOR,H1,-0.07789305694510851,1,6118
電子通路業,20220905,3224,0.10000000000000009,RAND_SECTOR,H3,-0.05077226450231753,1,6118
電子通路業,20220905,3224,0.10000000000000009,RAND_SECTOR,H5,-0.07337292487130997,1,6118
電子通路業,20220905,3224,0.10000000000000009,RAND_SECTOR,H10,-0.06659272676061223,1,6118
電子通路業,20220905,3224,0.10000000000000009,RAND_SECTOR,S7,-0.0620725946868137,1,6118
電子通路業,20221104,6113,0.09826589595375723,F1,H1,-0.003083789752433841,1,6265
電子通路業,20221104,6113,0.09826589595375723,F1,H3,-0.026819889996423485,1,6265
電子通路業,20221104,6113,0.09826589595375723,F1,H5,-0.02207266994762558,1,6265
電子通路業,20221104,6113,0.09826589595375723,F1,H10,0.0016634302963640657,1,6265
電子通路業,20221104,6113,0.09826589595375723,F1,S7,0.015905090442757785,1,6265
電子通路業,20221104,6113,0.09826589595375723,F3,H1,0.009293156415480563,2,"3209,6265"
電子通路業,20221104,6113,0.09826589595375723,F3,H3,0.0044122118582658465,2,"3209,6265"
電子通路業,20221104,6113,0.09826589595375723,F3,H5,0.03395789907903163,2,"3209,6265"
電子通路業,20221104,6113,0.09826589595375723,F3,H10,0.03495711832247972,2,"3209,6265"
電子通路業,20221104,6113,0.09826589595375723,F3,S7,0.06148657496450993,2,"3209,6265"
電子通路業,20221104,6113,0.09826589595375723,F2,H1,-0.017940446382587738,1,6118
電子通路業,20221104,6113,0.09826589595375723,F2,H3,-0.009275215027140016,1,6118
電子通路業,20221104,6113,0.09826589595375723,F2,H5,-0.04104772999711492,1,6118
電子通路業,20221104,6113,0.09826589595375723,F2,H10,-0.03671511431939112,1,6118
電子通路業,20221104,6113,0.09826589595375723,F2,S7,-0.06704342406345831,1,6118
電子通路業,20221104,6113,0.09826589595375723,RAND_SECTOR,H1,-0.017940446382587738,1,6118
電子通路業,20221104,6113,0.09826589595375723,RAND_SECTOR,H3,-0.009275215027140016,1,6118
電子通路業,20221104,6113,0.09826589595375723,RAND_SECTOR,H5,-0.04104772999711492,1,6118
電子通路業,20221104,6113,0.09826589595375723,RAND_SECTOR,H10,-0.03671511431939112,1,6118
電子通路業,20221104,6113,0.09826589595375723,RAND_SECTOR,S7,-0.06704342406345831,1,6118
電子通路業,20230206,3444,0.07742998352553543,F2,H1,0.00720185368662829,1,6118
電子通路業,20230206,3444,0.07742998352553543,F2,H3,0.014718285430558309,1,6118
電子通路業,20230206,3444,0.07742998352553543,F2,H5,-0.020358396041115445,1,6118
電子通路業,20230206,3444,0.07742998352553543,F2,H10,0.009707330934604741,1,6118
電子通路業,20230206,3444,0.07742998352553543,F2,S7,-0.03664399815296382,1,6118
電子通路業,20230206,3444,0.07742998352553543,RAND_SECTOR,H1,-0.002419178945602396,1,3033
電子通路業,20230206,3444,0.07742998352553543,RAND_SECTOR,H3,-0.013242840656861321,1,3033
電子通路業,20230206,3444,0.07742998352553543,RAND_SECTOR,H5,-0.02045861513103453,1,3033
電子通路業,20230206,3444,0.07742998352553543,RAND_SECTOR,H10,0.0029926519100273996,1,3033
電子通路業,20230206,3444,0.07742998352553543,RAND_SECTOR,S7,0.04989518599215126,1,3033
電子通路業,20230510,3224,0.09864603481624745,F2,H1,-0.0372400750333326,1,6118
電子通路業,20230510,3224,0.09864603481624745,F2,H3,-0.006283164262700147,1,6118
電子通路業,20230510,3224,0.09864603481624745,F2,H5,0.01848236435380568,1,6118
電子通路業,20230510,3224,0.09864603481624745,F2,H10,0.04479573850884333,1,6118
電子通路業,20230510,3224,0.09864603481624745,F2,S7,0.05098712066296973,1,6118
電子通路業,20230510,3224,0.09864603481624745,RAND_SECTOR,H1,-0.016724954932495817,1,3702
電子通路業,20230510,3224,0.09864603481624745,RAND_SECTOR,H3,-0.014748522681103826,1,3702
電子通路業,20230510,3224,0.09864603481624745,RAND_SECTOR,H5,0.004027583707119975,1,3702
電子通路業,20230510,3224,0.09864603481624745,RAND_SECTOR,H10,0.02774477072382342,1,3702
電子通路業,20230510,3224,0.09864603481624745,RAND_SECTOR,S7,0.05146195774052709,1,3702
電子通路業,20230607,6776,0.09893992932862195,F2,H1,0.03530677238132318,1,3055
電子通路業,20230607,6776,0.09893992932862195,F2,H3,0.029555068090315828,1,3055
電子通路業,20230607,6776,0.09893992932862195,F2,H5,0.2711266483126247,1,3055
電子通路業,20230607,6776,0.09893992932862195,F2,H10,0.16040634071073323,1,3055
電子通路業,20230607,6776,0.09893992932862195,F2,S7,0.1000134456551558,1,3055
電子通路業,20230607,6776,0.09893992932862195,RAND_SECTOR,H1,-0.0054854566329131105,1,3209
電子通路業,20230607,6776,0.09893992932862195,RAND_SECTOR,H3,-0.03011376490025852,1,3209
電子通路業,20230607,6776,0.09893992932862195,RAND_SECTOR,H5,-0.013694892722028396,1,3209
電子通路業,20230607,6776,0.09893992932862195,RAND_SECTOR,H10,-0.03363209465273642,1,3209
電子通路業,20230607,6776,0.09893992932862195,RAND_SECTOR,S7,-0.09696203019733873,1,3209
電子通路業,20230906,8112,0.09960159362549792,F2,H1,-0.005156699854604541,1,8068
電子通路業,20230906,8112,0.09960159362549792,F2,H3,-0.014516784667800486,1,8068
電子通路業,20230906,8112,0.09960159362549792,F2,H5,0.14995327704978512,1,8068
電子通路業,20230906,8112,0.09960159362549792,F2,H10,0.23018257544860732,1,8068
電子通路業,20230906,8112,0.09960159362549792,F2,S7,0.002866229985277746,1,8068
電子通路業,20230906,8112,0.09960159362549792,RAND_SECTOR,H1,0.03007207521759736,1,6189
電子通路業,20230906,8112,0.09960159362549792,RAND_SECTOR,H3,0.010005736089981676,1,6189
電子通路業,20230906,8112,0.09960159362549792,RAND_SECTOR,H5,0.03007207521759736,1,6189
電子通路業,20230906,8112,0.09960159362549792,RAND_SECTOR,H10,0.0713195500910293,1,6189
電子通路業,20230906,8112,0.09960159362549792,RAND_SECTOR,S7,0.11368182158266227,1,6189
電子通路業,20231123,8068,0.08022130013831252,F2,H1,-0.0017253544769317841,1,6113
電子通路業,20231123,8068,0.08022130013831252,F2,H3,-0.03225363109843238,1,6113
電子通路業,20231123,8068,0.08022130013831252,F2,H5,-0.016989492787682026,1,6113
電子通路業,20231123,8068,0.08022130013831252,F2,H10,0.0013274731852181976,1,6113
電子通路業,20231123,8068,0.08022130013831252,F2,S7,0.01659161149596855,1,6113
電子通路業,20231123,8068,0.08022130013831252,RAND_SECTOR,H1,-0.019157139826331937,1,3312
電子通路業,20231123,8068,0.08022130013831252,RAND_SECTOR,H3,-0.019157139826331937,1,3312
電子通路業,20231123,8068,0.08022130013831252,RAND_SECTOR,H5,-0.012361461811271846,1,3312
電子通路業,20231123,8068,0.08022130013831252,RAND_SECTOR,H10,0.03294305828912858,1,3312
電子通路業,20231123,8068,0.08022130013831252,RAND_SECTOR,S7,0.012556024243948194,1,3312
電子通路業,20240321,8112,0.07391910739191077,F2,H1,-0.051426313916026256,1,3033
電子通路業,20240321,8112,0.07391910739191077,F2,H3,-0.03489016407938006,1,3033
電子通路業,20240321,8112,0.07391910739191077,F2,H5,-0.04090330947452425,1,3033
電子通路業,20240321,8112,0.07391910739191077,F2,H10,-0.018354014242733974,1,3033
電子通路業,20240321,8112,0.07391910739191077,F2,S7,-0.02136058694030596,1,3033
電子通路業,20240321,8112,0.07391910739191077,RAND_SECTOR,H1,-0.051426313916026256,1,3033
電子通路業,20240321,8112,0.07391910739191077,RAND_SECTOR,H3,-0.03489016407938006,1,3033
電子通路業,20240321,8112,0.07391910739191077,RAND_SECTOR,H5,-0.04090330947452425,1,3033
電子通路業,20240321,8112,0.07391910739191077,RAND_SECTOR,H10,-0.018354014242733974,1,3033
電子通路業,20240321,8112,0.07391910739191077,RAND_SECTOR,S7,-0.02136058694030596,1,3033
電子通路業,20240813,8096,0.09966024915062288,F1,H1,-0.016809914689908556,1,3036
電子通路業,20240813,8096,0.09966024915062288,F1,H3,0.001147895087444617,1,3036
電子通路業,20240813,8096,0.09966024915062288,F1,H5,0.005637347531783021,1,3036
電子通路業,20240813,8096,0.09966024915062288,F1,H10,0.0817007876515703,1,3036
電子通路業,20240813,8096,0.09966024915062288,F1,S7,-0.03240267096146421,1,3036
電子通路業,20240813,8096,0.09966024915062288,F3,H1,-0.019001734906841372,2,"3036,3360"
電子通路業,20240813,8096,0.09966024915062288,F3,H3,0.013361624296284291,2,"3036,3360"
電子通路業,20240813,8096,0.09966024915062288,F3,H5,0.005584441526546802,2,"3036,3360"
電子通路業,20240813,8096,0.09966024915062288,F3,H10,0.05697870690898277,2,"3036,3360"
電子通路業,20240813,8096,0.09966024915062288,F3,S7,0.04335524990072803,2,"3036,3360"
電子通路業,20240813,8096,0.09966024915062288,F2,H1,-0.016809914689908556,1,3036
電子通路業,20240813,8096,0.09966024915062288,F2,H3,0.001147895087444617,1,3036
電子通路業,20240813,8096,0.09966024915062288,F2,H5,0.005637347531783021,1,3036
電子通路業,20240813,8096,0.09966024915062288,F2,H10,0.0817007876515703,1,3036
電子通路業,20240813,8096,0.09966024915062288,F2,S7,-0.03240267096146421,1,3036
電子通路業,20240813,8096,0.09966024915062288,RAND_SECTOR,H1,-0.06407160496757924,1,3048
電子通路業,20240813,8096,0.09966024915062288,RAND_SECTOR,H3,0.0017192799439971207,1,3048
電子通路業,20240813,8096,0.09966024915062288,RAND_SECTOR,H5,-0.017381299546460616,1,3048
電子通路業,20240813,8096,0.09966024915062288,RAND_SECTOR,H10,-0.013136726326359205,1,3048
電子通路業,20240813,8096,0.09966024915062288,RAND_SECTOR,S7,-0.1489630693696128,1,3048
電子通路業,20241209,8096,0.0714285714285714,F2,H1,-0.023600583155384602,1,2347
電子通路業,20241209,8096,0.0714285714285714,F2,H3,-0.03542776317099894,1,2347
電子通路業,20241209,8096,0.0714285714285714,F2,H5,-0.06696690987930431,1,2347
電子通路業,20241209,8096,0.0714285714285714,F2,H10,-0.059082123202228054,1,2347
電子通路業,20241209,8096,0.0714285714285714,F2,S7,-0.039370156509537346,1,2347
電子通路業,20241209,8096,0.0714285714285714,RAND_SECTOR,H1,-0.028735704894560787,1,3048
電子通路業,20241209,8096,0.0714285714285714,RAND_SECTOR,H3,-0.009439063269949477,1,3048
電子通路業,20241209,8096,0.0714285714285714,RAND_SECTOR,H5,-0.043208186113019464,1,3048
電子通路業,20241209,8096,0.0714285714285714,RAND_SECTOR,H10,0.021113952635685163,1,3048
電子通路業,20241209,8096,0.0714285714285714,RAND_SECTOR,S7,-0.03838402570686672,1,3048
電子通路業,20250121,8096,0.0813793103448277,F2,H1,-0.033271240319148965,1,5434
電子通路業,20250121,8096,0.0813793103448277,F2,H3,-0.028183194215565588,1,5434
電子通路業,20250121,8096,0.0813793103448277,F2,H5,-0.021399132744121085,1,5434
電子通路業,20250121,8096,0.0813793103448277,F2,H10,-0.009527025169092984,1,5434
電子通路業,20250121,8096,0.0813793103448277,F2,S7,-0.006134994433370733,1,5434
電子通路業,20250121,8096,0.0813793103448277,RAND_SECTOR,H1,-0.0381841720252859,1,3312
電子通路業,20250121,8096,0.0813793103448277,RAND_SECTOR,H3,-0.028698808830268874,1,3312
電子通路業,20250121,8096,0.0813793103448277,RAND_SECTOR,H5,-0.0021397918842216423,1,3312
電子通路業,20250121,8096,0.0813793103448277,RAND_SECTOR,H10,0.022522152422822073,1,3312
電子通路業,20250121,8096,0.0813793103448277,RAND_SECTOR,S7,-0.00403686452322527,1,3312
電子通路業,20250226,3036,0.09615384615384626,F2,H1,-0.06240030426216425,1,3209
電子通路業,20250226,3036,0.09615384615384626,F2,H3,-0.0698415716886549,1,3209
電子通路業,20250226,3036,0.09615384615384626,F2,H5,-0.03759607950719501,1,3209
電子通路業,20250226,3036,0.09615384615384626,F2,H10,-0.06736114921315794,1,3209
電子通路業,20250226,3036,0.09615384615384626,F2,S7,-0.02519396712971045,1,3209
電子通路業,20250226,3036,0.09615384615384626,RAND_SECTOR,H1,-0.0328436734196883,1,8032
電子通路業,20250226,3036,0.09615384615384626,RAND_SECTOR,H3,-0.07619895702501245,1,8032
電子通路業,20250226,3036,0.09615384615384626,RAND_SECTOR,H5,-0.0945415770118806,1,8032
電子通路業,20250226,3036,0.09615384615384626,RAND_SECTOR,H10,-0.13956437152510193,1,8032
電子通路業,20250226,3036,0.09615384615384626,RAND_SECTOR,S7,-0.11121668609085145,1,8032
電子通路業,20250612,3048,0.055452865064695045,F1,H1,-0.01948074354133489,1,8112
電子通路業,20250612,3048,0.055452865064695045,F1,H3,-0.01948074354133489,1,8112
電子通路業,20250612,3048,0.055452865064695045,F1,H5,-0.013655876671283429,1,8112
電子通路業,20250612,3048,0.055452865064695045,F1,H10,-0.02542249737198954,1,8112
電子通路業,20250612,3048,0.055452865064695045,F1,S7,-0.02542249737198954,1,8112
電子通路業,20250612,3048,0.055452865064695045,F3,H1,-0.026222800920343337,12,"6227,3036,3702,2347,3010"
電子通路業,20250612,3048,0.055452865064695045,F3,H3,-0.010543982937196189,12,"6227,3036,3702,2347,3010"
電子通路業,20250612,3048,0.055452865064695045,F3,H5,-0.026813447696800774,12,"6227,3036,3702,2347,3010"
電子通路業,20250612,3048,0.055452865064695045,F3,H10,-0.028443610574180312,12,"6227,3036,3702,2347,3010"
電子通路業,20250612,3048,0.055452865064695045,F3,S7,-0.03389203538743063,12,"6227,3036,3702,2347,3010"
電子通路業,20250612,3048,0.055452865064695045,F2,H1,-0.044322314609735125,1,8096
電子通路業,20250612,3048,0.055452865064695045,F2,H3,-0.04826732053497884,1,8096
電子通路業,20250612,3048,0.055452865064695045,F2,H5,-0.06010233831070977,1,8096
電子通路業,20250612,3048,0.055452865064695045,F2,H10,-0.10349740348838932,1,8096
電子通路業,20250612,3048,0.055452865064695045,F2,S7,-0.0946211401565914,1,8096
電子通路業,20250612,3048,0.055452865064695045,RAND_SECTOR,H1,-0.03865567745789278,1,3312
電子通路業,20250612,3048,0.055452865064695045,RAND_SECTOR,H3,-0.036729135729351325,1,3312
電子通路業,20250612,3048,0.055452865064695045,RAND_SECTOR,H5,-0.055994553014764414,1,3312
電子通路業,20250612,3048,0.055452865064695045,RAND_SECTOR,H10,-0.03865567745789278,1,3312
電子通路業,20250612,3048,0.055452865064695045,RAND_SECTOR,S7,-0.06370071992892956,1,3312
電子通路業,20250805,3048,0.06153846153846154,F1,H1,0.004834977307688559,1,3312
電子通路業,20250805,3048,0.06153846153846154,F1,H3,-0.033162984019072916,1,3312
電子通路業,20250805,3048,0.06153846153846154,F1,H5,0.01538996656512226,1,3312
電子通路業,20250805,3048,0.06153846153846154,F1,H10,-0.11232540344982567,1,3312
電子通路業,20250805,3048,0.06153846153846154,F1,S7,-0.11232540344982567,1,3312
電子通路業,20250805,3048,0.06153846153846154,F3,H1,-0.011625452325679936,4,"3312,3209,8112,8096"
電子通路業,20250805,3048,0.06153846153846154,F3,H3,-0.030912129200175498,4,"3312,3209,8112,8096"
電子通路業,20250805,3048,0.06153846153846154,F3,H5,-0.013510223367251023,4,"3312,3209,8112,8096"
電子通路業,20250805,3048,0.06153846153846154,F3,H10,-0.059149073806092495,4,"3312,3209,8112,8096"
電子通路業,20250805,3048,0.06153846153846154,F3,S7,-0.07314120721128006,4,"3312,3209,8112,8096"
電子通路業,20250805,3048,0.06153846153846154,F2,H1,0.030887780060183445,1,3010
電子通路業,20250805,3048,0.06153846153846154,F2,H3,-0.04074198118343497,1,3010
電子通路業,20250805,3048,0.06153846153846154,F2,H5,-0.00783100980123197,1,3010
電子通路業,20250805,3048,0.06153846153846154,F2,H10,-0.043645890423041345,1,3010
電子通路業,20250805,3048,0.06153846153846154,F2,S7,-0.06881310383296102,1,3010
電子通路業,20250805,3048,0.06153846153846154,RAND_SECTOR,H1,0.03304486619946667,1,8070
電子通路業,20250805,3048,0.06153846153846154,RAND_SECTOR,H3,-0.00783100980123197,1,8070
電子通路業,20250805,3048,0.06153846153846154,RAND_SECTOR,H5,0.00827160801722493,1,8070
電子通路業,20250805,3048,0.06153846153846154,RAND_SECTOR,H10,-0.018978975983240498,1,8070
電子通路業,20250805,3048,0.06153846153846154,RAND_SECTOR,S7,0.007032945108113031,1,8070
電子通路業,20251212,3055,0.06425702811244971,F2,H1,0.027245671670441673,1,6265
電子通路業,20251212,3055,0.06425702811244971,F2,H3,-0.00783100980123197,1,6265
電子通路業,20251212,3055,0.06425702811244971,F2,H5,0.037267580662348365,1,6265
電子通路業,20251212,3055,0.06425702811244971,F2,H10,0.40807821336289796,1,6265
電子通路業,20251212,3055,0.06425702811244971,F2,S7,1.0795461158206505,1,6265
電子通路業,20251212,3055,0.06425702811244971,RAND_SECTOR,H1,-0.00783100980123197,1,6189
電子通路業,20251212,3055,0.06425702811244971,RAND_SECTOR,H3,-0.00783100980123197,1,6189
電子通路業,20251212,3055,0.06425702811244971,RAND_SECTOR,H5,0.0088909394717811,1,6189
電子通路業,20251212,3055,0.06425702811244971,RAND_SECTOR,H10,-0.003371823328428447,1,6189
電子通路業,20251212,3055,0.06425702811244971,RAND_SECTOR,S7,-0.0178641793650397,1,6189
電子通路業,20260806,6265,0.06627680311890849,F1,H1,0.040009423688436074,1,3312
電子通路業,20260806,6265,0.06627680311890849,F1,H3,0.036889395417370796,1,3312
電子通路業,20260806,6265,0.06627680311890849,F1,H5,0.18561074300481706,1,3312
電子通路業,20260806,6265,0.06627680311890849,F1,H10,0.08160980063597334,1,3312
電子通路業,20260806,6265,0.06627680311890849,F1,S7,0.09616993256761175,1,3312
電子通路業,20260806,6265,0.06627680311890849,F3,H1,-0.004098739578066787,7,"5434,3048,3010,3312,3028"
電子通路業,20260806,6265,0.06627680311890849,F3,H3,0.03677575596742851,7,"5434,3048,3010,3312,3028"
電子通路業,20260806,6265,0.06627680311890849,F3,H5,0.05925145169347014,7,"5434,3048,3010,3312,3028"
電子通路業,20260806,6265,0.06627680311890849,F3,H10,0.011347806725798557,7,"5434,3048,3010,3312,3028"
電子通路業,20260806,6265,0.06627680311890849,F3,S7,0.005973640100979497,7,"5434,3048,3010,3312,3028"
電子通路業,20260806,6265,0.06627680311890849,F2,H1,-0.011492149986467193,1,8096
電子通路業,20260806,6265,0.06627680311890849,F2,H3,-0.10302065461734988,1,8096
電子通路業,20260806,6265,0.06627680311890849,F2,H5,-0.07007039295023221,1,8096
電子通路業,20260806,6265,0.06627680311890849,F2,H10,-0.2091937199891738,1,8096
電子通路業,20260806,6265,0.06627680311890849,F2,S7,-0.09935951443211455,1,8096
電子通路業,20260806,6265,0.06627680311890849,RAND_SECTOR,H1,-0.003731137940906293,1,3010
電子通路業,20260806,6265,0.06627680311890849,RAND_SECTOR,H3,0.07006655554495245,1,3010
電子通路業,20260806,6265,0.06627680311890849,RAND_SECTOR,H5,0.07826629926560336,1,3010
電子通路業,20260806,6265,0.06627680311890849,RAND_SECTOR,H10,0.04136745252267415,1,3010
電子通路業,20260806,6265,0.06627680311890849,RAND_SECTOR,S7,0.06186681182430154,1,3010
電子零組件業,20211005,3294,0.09840425531914887,F2,H1,0.014633193750438256,1,2476
電子零組件業,20211005,3294,0.09840425531914887,F2,H3,0.042713448190026204,1,2476
電子零組件業,20211005,3294,0.09840425531914887,F2,H5,0.022121261600995146,1,2476
電子零組件業,20211005,3294,0.09840425531914887,F2,H10,0.0838978213680881,1,2476
電子零組件業,20211005,3294,0.09840425531914887,F2,S7,0.18873077127588256,1,2476
電子零組件業,20211005,3294,0.09840425531914887,RAND_SECTOR,H1,-0.03737019164602884,1,6282
電子零組件業,20211005,3294,0.09840425531914887,RAND_SECTOR,H3,-0.02173180125760721,1,6282
電子零組件業,20211005,3294,0.09840425531914887,RAND_SECTOR,H5,-0.0616965766946852,1,6282
電子零組件業,20211005,3294,0.09840425531914887,RAND_SECTOR,H10,-0.035632592713982114,1,6282
電子零組件業,20211005,3294,0.09840425531914887,RAND_SECTOR,S7,-0.0651717745587791,1,6282
電子零組件業,20230104,8358,0.09826589595375723,F1,H1,-0.016496241156679692,1,6133
電子零組件業,20230104,8358,0.09826589595375723,F1,H3,0.022497299942835225,1,6133
電子零組件業,20230104,8358,0.09826589595375723,F1,H5,-0.012163625478955775,1,6133
電子零組件業,20230104,8358,0.09826589595375723,F1,H10,-0.005664701962370122,1,6133
電子零組件業,20230104,8358,0.09826589595375723,F1,S7,0.022497299942835225,1,6133
電子零組件業,20230104,8358,0.09826589595375723,F3,H1,-0.01751929858389245,8,"2492,2484,6133,2383,5469"
電子零組件業,20230104,8358,0.09826589595375723,F3,H3,0.01347848686815406,8,"2492,2484,6133,2383,5469"
電子零組件業,20230104,8358,0.09826589595375723,F3,H5,0.005890200831207101,8,"2492,2484,6133,2383,5469"
電子零組件業,20230104,8358,0.09826589595375723,F3,H10,0.012474886150042802,8,"2492,2484,6133,2383,5469"
電子零組件業,20230104,8358,0.09826589595375723,F3,S7,0.05108052465896579,8,"2492,2484,6133,2383,5469"
電子零組件業,20230104,8358,0.09826589595375723,F2,H1,-0.025593625994048796,1,3520
電子零組件業,20230104,8358,0.09826589595375723,F2,H3,-0.023056109395074964,1,3520
電子零組件業,20230104,8358,0.09826589595375723,F2,H5,-0.02051859279610091,1,3520
電子零組件業,20230104,8358,0.09826589595375723,F2,H10,-0.010368526400205802,1,3520
電子零組件業,20230104,8358,0.09826589595375723,F2,S7,0.004856573193637415,1,3520
電子零組件業,20230104,8358,0.09826589595375723,RAND_SECTOR,H1,-0.027113446006508557,1,6274
電子零組件業,20230104,8358,0.09826589595375723,RAND_SECTOR,H3,0.06579283752800502,1,6274
電子零組件業,20230104,8358,0.09826589595375723,RAND_SECTOR,H5,0.043004503830860186,1,6274
電子零組件業,20230104,8358,0.09826589595375723,RAND_SECTOR,H10,0.06929873501987349,1,6274
電子零組件業,20230104,8358,0.09826589595375723,RAND_SECTOR,S7,0.043004503830860186,1,6274
電子零組件業,20250425,6834,0.0998389694041868,F1,H1,0.002860466386254812,1,5469
電子零組件業,20250425,6834,0.0998389694041868,F1,H3,0.026381713998725687,1,5469
電子零組件業,20250425,6834,0.0998389694041868,F1,H5,0.03065830447372031,1,5469
電子零組件業,20250425,6834,0.0998389694041868,F1,H10,0.18461556157352899,1,5469
電子零組件業,20250425,6834,0.0998389694041868,F1,S7,0.31932816153586185,1,5469
電子零組件業,20250425,6834,0.0998389694041868,F3,H1,0.007086943258241353,72,"6672,6213,8046,5309,2492"
電子零組件業,20250425,6834,0.0998389694041868,F3,H3,0.025925500612164847,72,"6672,6213,8046,5309,2492"
電子零組件業,20250425,6834,0.0998389694041868,F3,H5,-0.004560385814604535,72,"6672,6213,8046,5309,2492"
電子零組件業,20250425,6834,0.0998389694041868,F3,H10,0.09009831214866154,72,"6672,6213,8046,5309,2492"
電子零組件業,20250425,6834,0.0998389694041868,F3,S7,0.0992942560556146,72,"6672,6213,8046,5309,2492"
電子零組件業,20250425,6834,0.0998389694041868,F2,H1,-0.00783100980123197,1,6805
電子零組件業,20250425,6834,0.0998389694041868,F2,H3,0.020516675633018622,1,6805
電子零組件業,20250425,6834,0.0998389694041868,F2,H5,-0.03944958201635751,1,6805
電子零組件業,20250425,6834,0.0998389694041868,F2,H10,0.22331165604727232,1,6805
電子零組件業,20250425,6834,0.0998389694041868,F2,S7,0.2865488004775234,1,6805
電子零組件業,20250425,6834,0.0998389694041868,RAND_SECTOR,H1,-0.0004816098738338326,1,6284
電子零組件業,20250425,6834,0.0998389694041868,RAND_SECTOR,H3,0.015687069966442424,1,6284
電子零組件業,20250425,6834,0.0998389694041868,RAND_SECTOR,H5,-0.019590049685069055,1,6284
電子零組件業,20250425,6834,0.0998389694041868,RAND_SECTOR,H10,0.07301238940014909,1,6284
電子零組件業,20250425,6834,0.0998389694041868,RAND_SECTOR,S7,0.059783469530832356,1,6284
電機機械,20211005,1570,0.07304785894206556,F2,H1,0.006759710642867622,1,8255
電機機械,20211005,1570,0.07304785894206556,F2,H3,0.014055070864917196,1,8255
電機機械,20211005,1570,0.07304785894206556,F2,H5,0.004327923902184505,1,8255
電機機械,20211005,1570,0.07304785894206556,F2,H10,0.21102979686026102,1,8255
電機機械,20211005,1570,0.07304785894206556,F2,S7,0.38611844218945524,1,8255
電機機械,20211005,1570,0.07304785894206556,RAND_SECTOR,H1,-0.011123606007643838,1,1526
電機機械,20211005,1570,0.07304785894206556,RAND_SECTOR,H3,-0.03307424738372278,1,1526
電機機械,20211005,1570,0.07304785894206556,RAND_SECTOR,H5,-0.023196458764487282,1,1526
電機機械,20211005,1570,0.07304785894206556,RAND_SECTOR,H10,-0.021001394626879222,1,1526
電機機械,20211005,1570,0.07304785894206556,RAND_SECTOR,S7,0.005339375024415283,1,1526
電機機械,20220309,8996,0.07081174438687388,F2,H1,-0.028718778015942914,1,1506
電機機械,20220309,8996,0.07081174438687388,F2,H3,-0.02523748331349107,1,1506
電機機械,20220309,8996,0.07081174438687388,F2,H5,-0.014793599206135655,1,1506
電機機械,20220309,8996,0.07081174438687388,F2,H10,-0.014793599206135655,1,1506
電機機械,20220309,8996,0.07081174438687388,F2,S7,0.08964524186741896,1,1506
電機機械,20220309,8996,0.07081174438687388,RAND_SECTOR,H1,-0.012089245810668836,1,1529
電機機械,20220309,8996,0.07081174438687388,RAND_SECTOR,H3,-0.01634748182010559,1,1529
電機機械,20220309,8996,0.07081174438687388,RAND_SECTOR,H5,-0.0014436557870767253,1,1529
電機機械,20220309,8996,0.07081174438687388,RAND_SECTOR,H10,0.10714136245356087,1,1529
電機機械,20220309,8996,0.07081174438687388,RAND_SECTOR,S7,0.058171648345038074,1,1529
電機機械,20220518,6122,0.09821428571428559,F2,H1,0.03196186413722124,1,1506
電機機械,20220518,6122,0.09821428571428559,F2,H3,-0.002525293276104734,1,1506
電機機械,20220518,6122,0.09821428571428559,F2,H5,-0.042318167214557945,1,1506
電機機械,20220518,6122,0.09821428571428559,F2,H10,-0.05292960026481208,1,1506
電機機械,20220518,6122,0.09821428571428559,F2,S7,-0.0661938915776299,1,1506
電機機械,20220518,6122,0.09821428571428559,RAND_SECTOR,H1,0.012012370002743467,1,2371
電機機械,20220518,6122,0.09821428571428559,RAND_SECTOR,H3,0.007760217187605889,1,2371
電機機械,20220518,6122,0.09821428571428559,RAND_SECTOR,H5,0.027603596991581325,1,2371
電機機械,20220518,6122,0.09821428571428559,RAND_SECTOR,H10,0.0020906801007556375,1,2371
電機機械,20220518,6122,0.09821428571428559,RAND_SECTOR,S7,-0.04184823232233259,1,2371
電機機械,20220713,1514,0.05747126436781613,F2,H1,0.06550321990911168,1,8222
電機機械,20220713,1514,0.05747126436781613,F2,H3,0.022365437726556747,1,8222
電機機械,20220713,1514,0.05747126436781613,F2,H5,-0.020772344455998515,1,8222
電機機械,20220713,1514,0.05747126436781613,F2,H10,-0.018615455346870702,1,8222
電機機械,20220713,1514,0.05747126436781613,F2,S7,-0.016458566237743,1,8222
電機機械,20220713,1514,0.05747126436781613,RAND_SECTOR,H1,-0.006068720298214592,1,1504
電機機械,20220713,1514,0.05747126436781613,RAND_SECTOR,H3,0.004505016719889454,1,1504
電機機械,20220713,1514,0.05747126436781613,RAND_SECTOR,H5,0.013316464234976344,1,1504
電機機械,20220713,1514,0.05747126436781613,RAND_SECTOR,H10,0.03270164876816728,1,1504
電機機械,20220713,1514,0.05747126436781613,RAND_SECTOR,S7,0.011554174731958966,1,1504
電機機械,20221111,1560,0.05797101449275366,F1,H1,0.008380901803323182,1,8255
電機機械,20221111,1560,0.05797101449275366,F1,H3,0.02459281340787811,1,8255
電機機械,20221111,1560,0.05797101449275366,F1,H5,-0.014315774443054097,1,8255
電機機械,20221111,1560,0.05797101449275366,F1,H10,0.021350431086966992,1,8255
電機機械,20221111,1560,0.05797101449275366,F1,S7,0.06025901893789931,1,8255
電機機械,20221111,1560,0.05797101449275366,F3,H1,0.003427294322966734,4,"8255,6125,1517,2049"
電機機械,20221111,1560,0.05797101449275366,F3,H3,0.007085673645446905,4,"8255,6125,1517,2049"
電機機械,20221111,1560,0.05797101449275366,F3,H5,0.003421451802958886,4,"8255,6125,1517,2049"
電機機械,20221111,1560,0.05797101449275366,F3,H10,-4.126745189722558e-05,4,"8255,6125,1517,2049"
電機機械,20221111,1560,0.05797101449275366,F3,S7,0.030154963541289076,4,"8255,6125,1517,2049"
電機機械,20221111,1560,0.05797101449275366,F2,H1,0.026381713998725687,1,8996
電機機械,20221111,1560,0.05797101449275366,F2,H3,0.029802986378721252,1,8996
電機機械,20221111,1560,0.05797101449275366,F2,H5,0.04006680351870884,1,8996
電機機械,20221111,1560,0.05797101449275366,F2,H10,0.10164970635863213,1,8996
電機機械,20221111,1560,0.05797101449275366,F2,S7,0.173496426338543,1,8996
電機機械,20221111,1560,0.05797101449275366,RAND_SECTOR,H1,0.013197620048838399,1,1513
電機機械,20221111,1560,0.05797101449275366,RAND_SECTOR,H3,0.0036391519351699486,1,1513
電機機械,20221111,1560,0.05797101449275366,RAND_SECTOR,H5,0.036137943521642235,1,1513
電機機械,20221111,1560,0.05797101449275366,RAND_SECTOR,H10,0.08201859046725013,1,1513
電機機械,20221111,1560,0.05797101449275366,RAND_SECTOR,S7,0.22921899941774138,1,1513
電機機械,20231103,1560,0.05263157894736836,F1,H1,-0.00783100980123197,1,4532
電機機械,20231103,1560,0.05263157894736836,F1,H3,-0.0027946189880401207,1,4532
電機機械,20231103,1560,0.05263157894736836,F1,H5,-0.010349205207827894,1,4532
電機機械,20231103,1560,0.05263157894736836,F1,H10,0.009796358044938946,1,4532
電機機械,20231103,1560,0.05263157894736836,F1,S7,0.034978312110897525,1,4532
電機機械,20231103,1560,0.05263157894736836,F3,H1,-0.00783100980123197,1,4532
電機機械,20231103,1560,0.05263157894736836,F3,H3,-0.0027946189880401207,1,4532
電機機械,20231103,1560,0.05263157894736836,F3,H5,-0.010349205207827894,1,4532
電機機械,20231103,1560,0.05263157894736836,F3,H10,0.009796358044938946,1,4532
電機機械,20231103,1560,0.05263157894736836,F3,S7,0.034978312110897525,1,4532
電機機械,20231103,1560,0.05263157894736836,F2,H1,0.021610206525140896,1,6603
電機機械,20231103,1560,0.05263157894736836,F2,H3,0.053995544484151115,1,6603
電機機械,20231103,1560,0.05263157894736836,F2,H5,0.030442571423052733,1,6603
電機機械,20231103,1560,0.05263157894736836,F2,H10,-0.01666337469914403,1,6603
電機機械,20231103,1560,0.05263157894736836,F2,S7,-0.03432810449496759,1,6603
電機機械,20231103,1560,0.05263157894736836,RAND_SECTOR,H1,0.0023161730530738556,1,3162
電機機械,20231103,1560,0.05263157894736836,RAND_SECTOR,H3,0.018100679715326917,1,3162
電機機械,20231103,1560,0.05263157894736836,RAND_SECTOR,H5,0.04403236923188536,1,3162
電機機械,20231103,1560,0.05263157894736836,RAND_SECTOR,H10,0.05192462256301211,1,3162
電機機械,20231103,1560,0.05263157894736836,RAND_SECTOR,S7,0.059816875894138644,1,3162
電機機械,20240105,8027,0.05247813411078739,F2,H1,-0.009876719059373706,1,8222
電機機械,20240105,8027,0.05247813411078739,F2,H3,-0.04669948570592597,1,8222
電機機械,20240105,8027,0.05247813411078739,F2,H5,0.051494558684880065,1,8222
電機機械,20240105,8027,0.05247813411078739,F2,H10,-0.07533941531991095,1,8222
電機機械,20240105,8027,0.05247813411078739,F2,S7,-0.07533941531991095,1,8222
電機機械,20240105,8027,0.05247813411078739,RAND_SECTOR,H1,-0.012280198098087447,1,4543
電機機械,20240105,8027,0.05247813411078739,RAND_SECTOR,H3,-0.0011572273559488089,1,4543
電機機械,20240105,8027,0.05247813411078739,RAND_SECTOR,H5,0.0032919609409065576,1,4543
電機機械,20240105,8027,0.05247813411078739,RAND_SECTOR,H10,-0.02896465421129535,1,4543
電機機械,20240105,8027,0.05247813411078739,RAND_SECTOR,S7,0.09672491517487147,1,4543
電機機械,20250429,1560,0.0990990990990992,F1,H1,-0.00783100980123197,1,6125
電機機械,20250429,1560,0.0990990990990992,F1,H3,-0.05426637595718031,1,6125
電機機械,20250429,1560,0.0990990990990992,F1,H5,-0.03569222949480111,1,6125
電機機械,20250429,1560,0.0990990990990992,F1,H10,0.037056510816185106,1,6125
電機機械,20250429,1560,0.0990990990990992,F1,S7,0.07575264927947578,1,6125
電機機械,20250429,1560,0.0990990990990992,F3,H1,0.008404245210829484,23,"8996,4566,6603,3167,1528"
電機機械,20250429,1560,0.0990990990990992,F3,H3,-0.008033936162576711,23,"8996,4566,6603,3167,1528"
電機機械,20250429,1560,0.0990990990990992,F3,H5,0.009652731421399479,23,"8996,4566,6603,3167,1528"
電機機械,20250429,1560,0.0990990990990992,F3,H10,0.07162451784799648,23,"8996,4566,6603,3167,1528"
電機機械,20250429,1560,0.0990990990990992,F3,S7,0.05096176690811961,23,"8996,4566,6603,3167,1528"
電機機械,20250429,1560,0.0990990990990992,F2,H1,0.14256092134468656,1,4562
電機機械,20250429,1560,0.0990990990990992,F2,H3,0.010967981592007847,1,4562
電機機械,20250429,1560,0.0990990990990992,F2,H5,0.010967981592007847,1,4562
電機機械,20250429,1560,0.0990990990990992,F2,H10,0.21149055645323256,1,4562
電機機械,20250429,1560,0.0990990990990992,F2,S7,0.19060278823852173,1,4562
電機機械,20250429,1560,0.0990990990990992,RAND_SECTOR,H1,-0.003696972342070448,1,4576
電機機械,20250429,1560,0.0990990990990992,RAND_SECTOR,H3,-0.1070479088211087,1,4576
電機機械,20250429,1560,0.0990990990990992,RAND_SECTOR,H5,-0.07810964660697794,1,4576
電機機械,20250429,1560,0.0990990990990992,RAND_SECTOR,H10,0.15753048856522955,1,4576
電機機械,20250429,1560,0.0990990990990992,RAND_SECTOR,S7,-0.1070479088211087,1,4576
電腦及週邊設備業,20211006,3323,0.09052333804809032,F2,H1,0.13793208875883423,1,3701
電腦及週邊設備業,20211006,3323,0.09052333804809032,F2,H3,0.13793208875883423,1,3701
電腦及週邊設備業,20211006,3323,0.09052333804809032,F2,H5,0.05218908960585411,1,3701
電腦及週邊設備業,20211006,3323,0.09052333804809032,F2,H10,0.129357788843536,1,3701
電腦及週邊設備業,20211006,3323,0.09052333804809032,F2,S7,0.49437798523765064,1,3701
電腦及週邊設備業,20211006,3323,0.09052333804809032,RAND_SECTOR,H1,0.013363521364562647,1,3017
電腦及週邊設備業,20211006,3323,0.09052333804809032,RAND_SECTOR,H3,-0.014454300790542884,1,3017
電腦及週邊設備業,20211006,3323,0.09052333804809032,RAND_SECTOR,H5,-0.0329995155606132,1,3017
電腦及週邊設備業,20211006,3323,0.09052333804809032,RAND_SECTOR,H10,0.04647997631111722,1,3017
電腦及週邊設備業,20211006,3323,0.09052333804809032,RAND_SECTOR,S7,0.06899916567477415,1,3017
電腦及週邊設備業,20220304,5258,0.05641025641025643,F2,H1,-0.055994553014764414,1,3594
電腦及週邊設備業,20220304,5258,0.05641025641025643,F2,H3,-0.02131680190102092,1,3594
電腦及週邊設備業,20220304,5258,0.05641025641025643,F2,H5,-0.030949510543727632,1,3594
電腦及週邊設備業,20220304,5258,0.05641025641025643,F2,H10,0.024920199583970293,1,3594
電腦及週邊設備業,20220304,5258,0.05641025641025643,F2,S7,-0.036729135729351325,1,3594
電腦及週邊設備業,20220304,5258,0.05641025641025643,RAND_SECTOR,H1,-0.08070217857289286,1,2417
電腦及週邊設備業,20220304,5258,0.05641025641025643,RAND_SECTOR,H3,-0.020910450349991616,1,2417
電腦及週邊設備業,20220304,5258,0.05641025641025643,RAND_SECTOR,H5,-0.06949122953109887,1,2417
電腦及週邊設備業,20220304,5258,0.05641025641025643,RAND_SECTOR,H10,-0.019041958843025952,1,2417
電腦及週邊設備業,20220304,5258,0.05641025641025643,RAND_SECTOR,S7,-0.07509670405199587,1,2417
食品工業,20211018,1219,0.06839622641509435,F2,H1,-0.014071066343362748,1,1201
食品工業,20211018,1219,0.06839622641509435,F2,H3,-0.011991047495985896,1,1201
食品工業,20211018,1219,0.06839622641509435,F2,H5,0.0025690844356525133,1,1201
食品工業,20211018,1219,0.06839622641509435,F2,H10,-0.047351367901392605,1,1201
食品工業,20211018,1219,0.06839622641509435,F2,S7,-0.0660715375277845,1,1201
食品工業,20211018,1219,0.06839622641509435,RAND_SECTOR,H1,-0.00783100980123197,1,1217
食品工業,20211018,1219,0.06839622641509435,RAND_SECTOR,H3,-0.012624096710404653,1,1217
食品工業,20211018,1219,0.06839622641509435,RAND_SECTOR,H5,-0.017417183619577448,1,1217
食品工業,20211018,1219,0.06839622641509435,RAND_SECTOR,H10,-0.022210270528750353,1,1217
食品工業,20211018,1219,0.06839622641509435,RAND_SECTOR,S7,0.0017551640171136196,1,1217
食品工業,20211102,1229,0.05913978494623673,F2,H1,0.009308185806808256,1,1227
食品工業,20211102,1229,0.05913978494623673,F2,H3,0.009308185806808256,1,1227
食品工業,20211102,1229,0.05913978494623673,F2,H5,-0.011639719936352155,1,1227
食品工業,20211102,1229,0.05913978494623673,F2,H10,-0.015448430071471786,1,1227
食品工業,20211102,1229,0.05913978494623673,F2,S7,-0.02687456047683212,1,1227
食品工業,20211102,1229,0.05913978494623673,RAND_SECTOR,H1,0.009308185806808256,1,1227
食品工業,20211102,1229,0.05913978494623673,RAND_SECTOR,H3,0.009308185806808256,1,1227
食品工業,20211102,1229,0.05913978494623673,RAND_SECTOR,H5,-0.011639719936352155,1,1227
食品工業,20211102,1229,0.05913978494623673,RAND_SECTOR,H10,-0.015448430071471786,1,1227
食品工業,20211102,1229,0.05913978494623673,RAND_SECTOR,S7,-0.02687456047683212,1,1227
食品工業,20211208,1236,0.09913793103448287,F2,H1,-0.00783100980123197,1,1217
食品工業,20211208,1236,0.09913793103448287,F2,H3,-0.012555624040273772,1,1217
食品工業,20211208,1236,0.09913793103448287,F2,H5,-0.017280238279315352,1,1217
食品工業,20211208,1236,0.09913793103448287,F2,H10,-0.017280238279315352,1,1217
食品工業,20211208,1236,0.09913793103448287,F2,S7,0.025241289872060202,1,1217
食品工業,20211208,1236,0.09913793103448287,RAND_SECTOR,H1,-0.0041103760879867,1,1215
食品工業,20211208,1236,0.09913793103448287,RAND_SECTOR,H3,-0.006590798563483435,1,1215
食品工業,20211208,1236,0.09913793103448287,RAND_SECTOR,H5,-0.00783100980123197,1,1215
食品工業,20211208,1236,0.09913793103448287,RAND_SECTOR,H10,-0.002870164850237944,1,1215
食品工業,20211208,1236,0.09913793103448287,RAND_SECTOR,S7,0.0020906801007556375,1,1215
食品工業,20220411,4207,0.09965635738831602,F1,H1,-0.048717094562170216,1,1220
食品工業,20220411,4207,0.09965635738831602,F1,H3,-0.013282487769356921,1,1220
食品工業,20220411,4207,0.09965635738831602,F1,H5,0.1420846343222082,1,1220
食品工業,20220411,4207,0.09965635738831602,F1,H10,0.2565656716528357,1,1220
食品工業,20220411,4207,0.09965635738831602,F1,S7,0.0466837698800191,1,1220
食品工業,20220411,4207,0.09965635738831602,F3,H1,-0.048717094562170216,1,1220
食品工業,20220411,4207,0.09965635738831602,F3,H3,-0.013282487769356921,1,1220
食品工業,20220411,4207,0.09965635738831602,F3,H5,0.1420846343222082,1,1220
食品工業,20220411,4207,0.09965635738831602,F3,H10,0.2565656716528357,1,1220
食品工業,20220411,4207,0.09965635738831602,F3,S7,0.0466837698800191,1,1220
食品工業,20220411,4207,0.09965635738831602,F2,H1,0.0031443108868076663,1,1219
食品工業,20220411,4207,0.09965635738831602,F2,H3,0.009729503299631403,1,1219
食品工業,20220411,4207,0.09965635738831602,F2,H5,0.12606790259284928,1,1219
食品工業,20220411,4207,0.09965635738831602,F2,H10,0.18313957017065463,1,1219
食品工業,20220411,4207,0.09965635738831602,F2,S7,0.02948508053810217,1,1219
食品工業,20220411,4207,0.09965635738831602,RAND_SECTOR,H1,-0.00026874615642435984,1,1216
食品工業,20220411,4207,0.09965635738831602,RAND_SECTOR,H3,0.0027561593014988617,1,1216
食品工業,20220411,4207,0.09965635738831602,RAND_SECTOR,H5,0.019393139320075914,1,1216
食品工業,20220411,4207,0.09965635738831602,RAND_SECTOR,H10,0.028467855693844912,1,1216
食品工業,20220411,4207,0.09965635738831602,RAND_SECTOR,S7,0.0042686120304606945,1,1216
食品工業,20220525,4207,0.05666666666666664,F1,H1,-0.02063319031992561,1,1219
食品工業,20220525,4207,0.05666666666666664,F1,H3,-0.02063319031992561,1,1219
食品工業,20220525,4207,0.05666666666666664,F1,H5,-0.03556906759173506,1,1219
食品工業,20220525,4207,0.05666666666666664,F1,H10,-0.04623755135731322,1,1219
食品工業,20220525,4207,0.05666666666666664,F1,S7,-0.08464409291339459,1,1219
食品工業,20220525,4207,0.05666666666666664,F3,H1,0.004705978443088649,4,"1220,1217,1210,1219"
食品工業,20220525,4207,0.05666666666666664,F3,H3,0.0023047401154763225,4,"1220,1217,1210,1219"
食品工業,20220525,4207,0.05666666666666664,F3,H5,-0.012766626817172111,4,"1220,1217,1210,1219"
食品工業,20220525,4207,0.05666666666666664,F3,H10,-0.021413973849118778,4,"1220,1217,1210,1219"
食品工業,20220525,4207,0.05666666666666664,F3,S7,-0.07249880181899343,4,"1220,1217,1210,1219"
食品工業,20220525,4207,0.05666666666666664,F2,H1,0.002895141444160254,1,1229
食品工業,20220525,4207,0.05666666666666664,F2,H3,0.02792282768340848,1,1229
食品工業,20220525,4207,0.05666666666666664,F2,H5,0.020772060186480257,1,1229
食品工業,20220525,4207,0.05666666666666664,F2,H10,0.018984368312248145,1,1229
食品工業,20220525,4207,0.05666666666666664,F2,S7,0.011833600815320366,1,1229
食品工業,20220525,4207,0.05666666666666664,RAND_SECTOR,H1,0.005637347531783021,1,1217
食品工業,20220525,4207,0.05666666666666664,RAND_SECTOR,H3,0.023595157309136194,1,1217
食品工業,20220525,4207,0.05666666666666664,RAND_SECTOR,H5,-0.0033415573568935653,1,1217
食品工業,20220525,4207,0.05666666666666664,RAND_SECTOR,H10,-0.0033415573568935653,1,1217
食品工業,20220525,4207,0.05666666666666664,RAND_SECTOR,S7,-0.06619389157763,1,1217
食品工業,20220705,1218,0.09967845659163999,F1,H1,-0.019813727074163956,1,1201
食品工業,20220705,1218,0.09967845659163999,F1,H3,-0.01741718361957756,1,1201
食品工業,20220705,1218,0.09967845659163999,F1,H5,-0.019813727074163956,1,1201
食品工業,20220705,1218,0.09967845659163999,F1,H10,-0.01502064016499105,1,1201
食品工業,20220705,1218,0.09967845659163999,F1,S7,-0.031791672732452536,1,1201
食品工業,20220705,1218,0.09967845659163999,F3,H1,-0.028501162392188785,5,"1220,1210,1219,1227,1201"
食品工業,20220705,1218,0.09967845659163999,F3,H3,-0.03265173645012907,5,"1220,1210,1219,1227,1201"
食品工業,20220705,1218,0.09967845659163999,F3,H5,-0.041142798805571056,5,"1220,1210,1219,1227,1201"
食品工業,20220705,1218,0.09967845659163999,F3,H10,-0.027065092493490362,5,"1220,1210,1219,1227,1201"
食品工業,20220705,1218,0.09967845659163999,F3,S7,-0.041322599081185386,5,"1220,1210,1219,1227,1201"
食品工業,20220705,1218,0.09967845659163999,F2,H1,-0.03476772446726184,1,1217
食品工業,20220705,1218,0.09967845659163999,F2,H3,-0.039257176911600244,1,1217
食品工業,20220705,1218,0.09967845659163999,F2,H5,-0.03502304877689277,1,1217
食品工業,20220705,1218,0.09967845659163999,F2,H10,-0.007320361181970769,1,1217
食品工業,20220705,1218,0.09967845659163999,F2,S7,-0.03502304877689277,1,1217
食品工業,20220705,1218,0.09967845659163999,RAND_SECTOR,H1,-0.034078866684797204,1,1229
食品工業,20220705,1218,0.09967845659163999,RAND_SECTOR,H3,-0.037578580935939354,1,1229
食品工業,20220705,1218,0.09967845659163999,RAND_SECTOR,H5,-0.042828152312652246,1,1229
食品工業,20220705,1218,0.09967845659163999,RAND_SECTOR,H10,-0.009580866926803044,1,1229
食品工業,20220705,1218,0.09967845659163999,RAND_SECTOR,S7,0.023666418459046268,1,1229
食品工業,20220727,1258,0.09821428571428581,F2,H1,-0.0204969969101525,1,1218
食品工業,20220727,1258,0.09821428571428581,F2,H3,-0.07116094534583417,1,1218
食品工業,20220727,1258,0.09821428571428581,F2,H5,-0.13589821279142755,1,1218
食品工業,20220727,1258,0.09821428571428581,F2,H10,-0.11338090237556897,1,1218
食品工業,20220727,1258,0.09821428571428581,F2,S7,-0.13026888518746293,1,1218
食品工業,20220727,1258,0.09821428571428581,RAND_SECTOR,H1,-0.0204969969101525,1,1218
食品工業,20220727,1258,0.09821428571428581,RAND_SECTOR,H3,-0.07116094534583417,1,1218
食品工業,20220727,1258,0.09821428571428581,RAND_SECTOR,H5,-0.13589821279142755,1,1218
食品工業,20220727,1258,0.09821428571428581,RAND_SECTOR,H10,-0.11338090237556897,1,1218
食品工業,20220727,1258,0.09821428571428581,RAND_SECTOR,S7,-0.13026888518746293,1,1218
食品工業,20221024,1218,0.05340453938584777,F2,H1,1.9032792846207514e-06,1,1227
食品工業,20221024,1218,0.05340453938584777,F2,H3,0.014362243926898444,1,1227
食品工業,20221024,1218,0.05340453938584777,F2,H5,0.00914030187322079,1,1227
食品工業,20221024,1218,0.05340453938584777,F2,H10,0.027417099061092687,1,1227
食品工業,20221024,1218,0.05340453938584777,F2,S7,0.04308292522212587,1,1227
食品工業,20221024,1218,0.05340453938584777,RAND_SECTOR,H1,-0.0051127385952078885,1,1201
食品工業,20221024,1218,0.05340453938584777,RAND_SECTOR,H3,0.008478617434912072,1,1201
食品工業,20221024,1218,0.05340453938584777,RAND_SECTOR,H5,0.00032380381684005144,1,1201
食品工業,20221024,1218,0.05340453938584777,RAND_SECTOR,H10,0.0057603462288882135,1,1201
食品工業,20221024,1218,0.05340453938584777,RAND_SECTOR,S7,0.016633431052984315,1,1201
食品工業,20230303,1220,0.06666666666666665,F1,H1,-0.02720090331921221,1,1219
食品工業,20230303,1220,0.06666666666666665,F1,H3,-0.033657534491872254,1,1219
食品工業,20230303,1220,0.06666666666666665,F1,H5,-0.0745495319187196,1,1219
食品工業,20230303,1220,0.06666666666666665,F1,H10,-0.10683268778202015,1,1219
食品工業,20230303,1220,0.06666666666666665,F1,S7,-0.07024511113694609,1,1219
食品工業,20230303,1220,0.06666666666666665,F3,H1,-0.02720090331921221,1,1219
食品工業,20230303,1220,0.06666666666666665,F3,H3,-0.033657534491872254,1,1219
食品工業,20230303,1220,0.06666666666666665,F3,H5,-0.0745495319187196,1,1219
食品工業,20230303,1220,0.06666666666666665,F3,H10,-0.10683268778202015,1,1219
食品工業,20230303,1220,0.06666666666666665,F3,S7,-0.07024511113694609,1,1219
食品工業,20230303,1220,0.06666666666666665,F2,H1,-0.02720090331921221,1,1219
食品工業,20230303,1220,0.06666666666666665,F2,H3,-0.033657534491872254,1,1219
食品工業,20230303,1220,0.06666666666666665,F2,H5,-0.0745495319187196,1,1219
食品工業,20230303,1220,0.06666666666666665,F2,H10,-0.10683268778202015,1,1219
食品工業,20230303,1220,0.06666666666666665,F2,S7,-0.07024511113694609,1,1219
食品工業,20230303,1220,0.06666666666666665,RAND_SECTOR,H1,-0.016001813249927554,1,1215
食品工業,20230303,1220,0.06666666666666665,RAND_SECTOR,H3,-0.00783100980123197,1,1215
食品工業,20230303,1220,0.06666666666666665,RAND_SECTOR,H5,-0.027674389605207406,1,1215
食品工業,20230303,1220,0.06666666666666665,RAND_SECTOR,H10,-0.039346965960486924,1,1215
食品工業,20230303,1220,0.06666666666666665,RAND_SECTOR,S7,-0.02183810142756748,1,1215
食品工業,20230406,1218,0.06055363321799301,F2,H1,-0.002062585439611242,1,1220
食品工業,20230406,1218,0.06055363321799301,F2,H3,-0.00783100980123197,1,1220
食品工業,20230406,1218,0.06055363321799301,F2,H5,-0.028020495066904294,1,1220
食品工業,20230406,1218,0.06055363321799301,F2,H10,-0.03667313160933572,1,1220
食品工業,20230406,1218,0.06055363321799301,F2,S7,-0.07416788995987023,1,1220
食品工業,20230406,1218,0.06055363321799301,RAND_SECTOR,H1,-0.012144788019487485,1,1217
食品工業,20230406,1218,0.06055363321799301,RAND_SECTOR,H3,-0.016458566237743,1,1217
食品工業,20230406,1218,0.06055363321799301,RAND_SECTOR,H5,-0.012144788019487485,1,1217
食品工業,20230406,1218,0.06055363321799301,RAND_SECTOR,H10,-0.04234123554727609,1,1217
食品工業,20230406,1218,0.06055363321799301,RAND_SECTOR,S7,-0.02508612267425392,1,1217
食品工業,20230508,1218,0.09899328859060397,F2,H1,0.012983724258882168,1,1796
食品工業,20230508,1218,0.09899328859060397,F2,H3,-0.028645743861345885,1,1796
食品工業,20230508,1218,0.09899328859060397,F2,H5,0.023391091288939014,1,1796
食品工業,20230508,1218,0.09899328859060397,F2,H10,0.037267580662348365,1,1796
食品工業,20230508,1218,0.09899328859060397,F2,S7,-0.12925029181856373,1,1796
食品工業,20230508,1218,0.09899328859060397,RAND_SECTOR,H1,-0.016650289714109756,1,1217
食品工業,20230508,1218,0.09899328859060397,RAND_SECTOR,H3,-0.029879209583426714,1,1217
食品工業,20230508,1218,0.09899328859060397,RAND_SECTOR,H5,-0.012240649757670807,1,1217
食品工業,20230508,1218,0.09899328859060397,RAND_SECTOR,H10,0.018626829937401945,1,1217
食品工業,20230508,1218,0.09899328859060397,RAND_SECTOR,S7,0.009807550024523826,1,1217
食品工業,20230607,4207,0.0721311475409836,F2,H1,-0.0771369319107047,1,1796
食品工業,20230607,4207,0.0721311475409836,F2,H3,-0.1865673352414512,1,1796
食品工業,20230607,4207,0.0721311475409836,F2,H5,-0.1902150153524761,1,1796
食品工業,20230607,4207,0.0721311475409836,F2,H10,-0.20115805568555067,1,1796
食品工業,20230607,4207,0.0721311475409836,F2,S7,-0.16103357446427702,1,1796
食品工業,20230607,4207,0.0721311475409836,RAND_SECTOR,H1,0.004767961502879281,1,1229
食品工業,20230607,4207,0.0721311475409836,RAND_SECTOR,H3,4.334726383770082e-05,1,1229
食品工業,20230607,4207,0.0721311475409836,RAND_SECTOR,H5,0.003193090089865347,1,1229
食品工業,20230607,4207,0.0721311475409836,RAND_SECTOR,H10,0.017366932806990754,1,1229
食品工業,20230607,4207,0.0721311475409836,RAND_SECTOR,S7,0.06933768943645013,1,1229
食品工業,20230630,1217,0.08016877637130815,F2,H1,-0.017440394694198225,1,1234
食品工業,20230630,1217,0.08016877637130815,F2,H3,-0.015038048470956578,1,1234
食品工業,20230630,1217,0.08016877637130815,F2,H5,-0.012358863374358098,1,1234
食品工業,20230630,1217,0.08016877637130815,F2,H10,0.00648924992002442,1,1234
食品工業,20230630,1217,0.08016877637130815,F2,S7,0.01277195435148526,1,1234
食品工業,20230630,1217,0.08016877637130815,RAND_SECTOR,H1,-0.015162307758365912,1,1201
食品工業,20230630,1217,0.08016877637130815,RAND_SECTOR,H3,-0.02249360571549952,1,1201
食品工業,20230630,1217,0.08016877637130815,RAND_SECTOR,H5,-0.027381137686922075,1,1201
食品工業,20230630,1217,0.08016877637130815,RAND_SECTOR,H10,-0.032268669658344296,1,1201
食品工業,20230630,1217,0.08016877637130815,RAND_SECTOR,S7,-0.012973413071777462,1,1201
食品工業,20230825,1737,0.0998531571218797,F2,H1,-0.002870164850237944,1,4207
食品工業,20230825,1737,0.0998531571218797,F2,H3,-0.025309737921216935,1,4207
食品工業,20230825,1737,0.0998531571218797,F2,H5,-0.03851692304423571,1,4207
食品工業,20230825,1737,0.0998531571218797,F2,H10,-0.05700698221646183,1,4207
食品工業,20230825,1737,0.0998531571218797,F2,S7,-0.025309737921216935,1,4207
食品工業,20230825,1737,0.0998531571218797,RAND_SECTOR,H1,-0.006433588688275926,1,1216
食品工業,20230825,1737,0.0998531571218797,RAND_SECTOR,H3,0.013130306893108346,1,1216
食品工業,20230825,1737,0.0998531571218797,RAND_SECTOR,H5,-0.013420694253056031,1,1216
食品工業,20230825,1737,0.0998531571218797,RAND_SECTOR,H10,-0.012023273140099877,1,1216
食品工業,20230825,1737,0.0998531571218797,RAND_SECTOR,S7,-0.02180522093079207,1,1216
食品工業,20240320,1218,0.06308411214953269,F2,H1,-0.01460349437596753,1,1210
食品工業,20240320,1218,0.06308411214953269,F2,H3,-0.02137597895070309,1,1210
食品工業,20240320,1218,0.06308411214953269,F2,H5,-0.02137597895070309,1,1210
食品工業,20240320,1218,0.06308411214953269,F2,H10,-0.02814846352543876,1,1210
食品工業,20240320,1218,0.06308411214953269,F2,S7,-0.04846591724964555,1,1210
食品工業,20240320,1218,0.06308411214953269,RAND_SECTOR,H1,-0.010424915657960554,1,1216
食品工業,20240320,1218,0.06308411214953269,RAND_SECTOR,H3,-0.019503586156511488,1,1216
食品工業,20240320,1218,0.06308411214953269,RAND_SECTOR,H5,-0.014315774443053986,1,1216
食品工業,20240320,1218,0.06308411214953269,RAND_SECTOR,H10,-0.033770068368520034,1,1216
食品工業,20240320,1218,0.06308411214953269,RAND_SECTOR,S7,-0.00783100980123197,1,1216
食品工業,20240423,1702,0.0803571428571428,F2,H1,-0.026376224571302287,1,1215
食品工業,20240423,1702,0.0803571428571428,F2,H3,-0.026376224571302287,1,1215
食品工業,20240423,1702,0.0803571428571428,F2,H5,-0.017103617186267073,1,1215
食品工業,20240423,1702,0.0803571428571428,F2,H10,-0.00783100980123197,1,1215
食品工業,20240423,1702,0.0803571428571428,F2,S7,-0.021739920878784846,1,1215
食品工業,20240423,1702,0.0803571428571428,RAND_SECTOR,H1,-0.026376224571302287,1,1215
食品工業,20240423,1702,0.0803571428571428,RAND_SECTOR,H3,-0.026376224571302287,1,1215
食品工業,20240423,1702,0.0803571428571428,RAND_SECTOR,H5,-0.017103617186267073,1,1215
食品工業,20240423,1702,0.0803571428571428,RAND_SECTOR,H10,-0.00783100980123197,1,1215
食品工業,20240423,1702,0.0803571428571428,RAND_SECTOR,S7,-0.021739920878784846,1,1215
食品工業,20241004,1702,0.07334525939177095,F1,H1,-0.01746371844393846,1,1218
食品工業,20241004,1702,0.07334525939177095,F1,H3,-0.022280072765291536,1,1218
食品工業,20241004,1702,0.07334525939177095,F1,H5,-0.019871895604614997,1,1218
食品工業,20241004,1702,0.07334525939177095,F1,H10,-0.01264736412258538,1,1218
食品工業,20241004,1702,0.07334525939177095,F1,S7,-0.03672913572935155,1,1218
食品工業,20241004,1702,0.07334525939177095,F3,H1,-0.012647364122585214,2,"1218,1210"
食品工業,20241004,1702,0.07334525939177095,F3,H3,-0.016007718817041827,2,"1218,1210"
食品工業,20241004,1702,0.07334525939177095,F3,H5,-0.016707985304263484,2,"1218,1210"
食品工業,20241004,1702,0.07334525939177095,F3,H10,-0.01595225216458873,2,"1218,1210"
食品工業,20241004,1702,0.07334525939177095,F3,S7,-0.031801848103091834,2,"1218,1210"
食品工業,20241004,1702,0.07334525939177095,F2,H1,-0.00783100980123197,1,1210
食品工業,20241004,1702,0.07334525939177095,F2,H3,-0.009735364868792118,1,1210
食品工業,20241004,1702,0.07334525939177095,F2,H5,-0.01354407500391197,1,1210
食品工業,20241004,1702,0.07334525939177095,F2,H10,-0.019257140206592083,1,1210
食品工業,20241004,1702,0.07334525939177095,F2,S7,-0.02687456047683212,1,1210
食品工業,20241004,1702,0.07334525939177095,RAND_SECTOR,H1,-0.012694583282598537,1,1229
食品工業,20241004,1702,0.07334525939177095,RAND_SECTOR,H3,-0.014315774443054097,1,1229
食品工業,20241004,1702,0.07334525939177095,RAND_SECTOR,H5,-0.014315774443054097,1,1229
食品工業,20241004,1702,0.07334525939177095,RAND_SECTOR,H10,-0.002967436319865513,1,1229
食品工業,20241004,1702,0.07334525939177095,RAND_SECTOR,S7,-0.02566411256624257,1,1229
食品工業,20241210,1220,0.08358208955223878,F2,H1,-0.00899826743675991,1,1216
食品工業,20241210,1220,0.08358208955223878,F2,H3,-0.010165525072287962,1,1216
食品工業,20241210,1220,0.08358208955223878,F2,H5,-0.026507131969679354,1,1216
食品工業,20241210,1220,0.08358208955223878,F2,H10,-0.01833632852098377,1,1216
食品工業,20241210,1220,0.08358208955223878,F2,S7,-0.08253549847502151,1,1216
食品工業,20241210,1220,0.08358208955223878,RAND_SECTOR,H1,-0.00899826743675991,1,1216
食品工業,20241210,1220,0.08358208955223878,RAND_SECTOR,H3,-0.010165525072287962,1,1216
食品工業,20241210,1220,0.08358208955223878,RAND_SECTOR,H5,-0.026507131969679354,1,1216
食品工業,20241210,1220,0.08358208955223878,RAND_SECTOR,H10,-0.01833632852098377,1,1216
食品工業,20241210,1220,0.08358208955223878,RAND_SECTOR,S7,-0.08253549847502151,1,1216
食品工業,20250505,1219,0.09966777408637872,F1,H1,-0.002112456543602148,1,1201
食品工業,20250505,1219,0.09966777408637872,F1,H3,-0.019268116316491612,1,1201
食品工業,20250505,1219,0.09966777408637872,F1,H5,-0.024986669574121434,1,1201
食品工業,20250505,1219,0.09966777408637872,F1,H10,-0.022127392945306412,1,1201
食品工業,20250505,1219,0.09966777408637872,F1,S7,-0.08789075540804903,1,1201
食品工業,20250505,1219,0.09966777408637872,F3,H1,-0.011817032324558885,7,"1702,1217,1216,1231,1215"
食品工業,20250505,1219,0.09966777408637872,F3,H3,-0.01487715083495492,7,"1702,1217,1216,1231,1215"
食品工業,20250505,1219,0.09966777408637872,F3,H5,-0.01601645790729516,7,"1702,1217,1216,1231,1215"
食品工業,20250505,1219,0.09966777408637872,F3,H10,-0.006350310813219779,7,"1702,1217,1216,1231,1215"
食品工業,20250505,1219,0.09966777408637872,F3,S7,-0.042940591031526316,7,"1702,1217,1216,1231,1215"
食品工業,20250505,1219,0.09966777408637872,F2,H1,-0.025352757972512574,1,1218
食品工業,20250505,1219,0.09966777408637872,F2,H3,-0.020972320929692145,1,1218
食品工業,20250505,1219,0.09966777408637872,F2,H5,-0.040684287622383186,1,1218
食品工業,20250505,1219,0.09966777408637872,F2,H10,-0.0582060357936639,1,1218
食品工業,20250505,1219,0.09966777408637872,F2,S7,-0.0822984395291747,1,1218
食品工業,20250505,1219,0.09966777408637872,RAND_SECTOR,H1,-0.011909813460836305,1,1702
食品工業,20250505,1219,0.09966777408637872,RAND_SECTOR,H3,-0.011909813460836305,1,1702
食品工業,20250505,1219,0.09966777408637872,RAND_SECTOR,H5,-0.003752206141627523,1,1702
食品工業,20250505,1219,0.09966777408637872,RAND_SECTOR,H10,-0.024146224439649422,1,1702
食品工業,20250505,1219,0.09966777408637872,RAND_SECTOR,S7,-0.07306047505421553,1,1702
食品工業,20251015,1227,0.0760697305863709,F1,H1,-0.028235513455705297,1,1218
食品工業,20251015,1227,0.0760697305863709,F1,H3,-0.03588720232613296,1,1218
食品工業,20251015,1227,0.0760697305863709,F1,H5,-0.04098832823975107,1,1218
食品工業,20251015,1227,0.0760697305863709,F1,H10,-0.053741143023796734,1,1218
食品工業,20251015,1227,0.0760697305863709,F1,S7,-0.06904452076465217,1,1218
食品工業,20251015,1227,0.0760697305863709,F3,H1,-0.028235513455705297,1,1218
食品工業,20251015,1227,0.0760697305863709,F3,H3,-0.03588720232613296,1,1218
食品工業,20251015,1227,0.0760697305863709,F3,H5,-0.04098832823975107,1,1218
食品工業,20251015,1227,0.0760697305863709,F3,H10,-0.053741143023796734,1,1218
食品工業,20251015,1227,0.0760697305863709,F3,S7,-0.06904452076465217,1,1218
食品工業,20251015,1227,0.0760697305863709,F2,H1,-0.028235513455705297,1,1218
食品工業,20251015,1227,0.0760697305863709,F2,H3,-0.03588720232613296,1,1218
食品工業,20251015,1227,0.0760697305863709,F2,H5,-0.04098832823975107,1,1218
食品工業,20251015,1227,0.0760697305863709,F2,H10,-0.053741143023796734,1,1218
食品工業,20251015,1227,0.0760697305863709,F2,S7,-0.06904452076465217,1,1218
食品工業,20251015,1227,0.0760697305863709,RAND_SECTOR,H1,0.0011537029172563606,1,1216
食品工業,20251015,1227,0.0760697305863709,RAND_SECTOR,H3,0.01142194602409985,1,1216
食品工業,20251015,1227,0.0760697305863709,RAND_SECTOR,H5,0.012705476412455452,1,1216
食品工業,20251015,1227,0.0760697305863709,RAND_SECTOR,H10,0.02297371951929894,1,1216
食品工業,20251015,1227,0.0760697305863709,RAND_SECTOR,S7,-0.042486330286829244,1,1216
食品工業,20260113,1215,0.07446808510638303,F2,H1,-0.011742319880859053,1,1216
食品工業,20260113,1215,0.07446808510638303,F2,H3,-0.0169573999870285,1,1216
食品工業,20260113,1215,0.07446808510638303,F2,H5,-0.028691330225910416,1,1216
食品工業,20260113,1215,0.07446808510638303,F2,H10,-0.04172903049133436,1,1216
食品工業,20260113,1215,0.07446808510638303,F2,S7,-0.03781772041170717,1,1216
食品工業,20260113,1215,0.07446808510638303,RAND_SECTOR,H1,-0.011647044378919502,1,1210
食品工業,20260113,1215,0.07446808510638303,RAND_SECTOR,H3,-0.00783100980123197,1,1210
食品工業,20260113,1215,0.07446808510638303,RAND_SECTOR,H5,-0.004014975223544437,1,1210
食品工業,20260113,1215,0.07446808510638303,RAND_SECTOR,H10,-0.011647044378919502,1,1210
食品工業,20260113,1215,0.07446808510638303,RAND_SECTOR,S7,-0.025003165400825922,1,1210
食品工業,20260602,1229,0.06930693069306937,F2,H1,-0.0014607434115125884,1,1702
食品工業,20260602,1229,0.06930693069306937,F2,H3,-0.018978975983240498,1,1702
食品工業,20260602,1229,0.06930693069306937,F2,H5,-0.011016142996091549,1,1702
食品工業,20260602,1229,0.06930693069306937,F2,H10,0.004909522978206571,1,1702
食品工業,20260602,1229,0.06930693069306937,F2,S7,0.0065020895756362496,1,1702
食品工業,20260602,1229,0.06930693069306937,RAND_SECTOR,H1,0.008236504210084261,1,1201
食品工業,20260602,1229,0.06930693069306937,RAND_SECTOR,H3,-0.027915402315377036,1,1201
食品工業,20260602,1229,0.06930693069306937,RAND_SECTOR,H5,-0.01988164530971881,1,1201
食品工業,20260602,1229,0.06930693069306937,RAND_SECTOR,H10,-0.00783100980123197,1,1201
食品工業,20260602,1229,0.06930693069306937,RAND_SECTOR,S7,-0.00783100980123197,1,1201
食品工業,20260826,1219,0.06726457399103136,F2,H1,0.003994603907930827,1,1229
食品工業,20260826,1219,0.06726457399103136,F2,H3,-0.018474062139478553,1,1229
食品工業,20260826,1219,0.06726457399103136,F2,H5,-0.0066484484303157565,1,1229
食品工業,20260826,1219,0.06726457399103136,F2,H10,-0.010196132543064507,1,1229
食品工業,20260826,1219,0.06726457399103136,F2,S7,-0.053950903266967276,1,1229
食品工業,20260826,1219,0.06726457399103136,RAND_SECTOR,H1,-0.016891913821312166,1,1215
食品工業,20260826,1219,0.06726457399103136,RAND_SECTOR,H3,-0.02595281784139203,1,1215
食品工業,20260826,1219,0.06726457399103136,RAND_SECTOR,H5,-0.0033005577911919826,1,1215
食品工業,20260826,1219,0.06726457399103136,RAND_SECTOR,H10,-0.0033005577911919826,1,1215
食品工業,20260826,1219,0.06726457399103136,RAND_SECTOR,S7,-0.048605077891592297,1,1215
