event,date,sector,trend,regime,ex5,ex20,ex60
H1_range_to_bull,20210806,光電業,BULL,多頭強勢,-0.030789115136913403,-0.028867921902358165,0.002080453662030971
H1_range_to_bull,20211214,光電業,BULL,多頭強勢,-0.0008211128765559222,-0.009034584079808186,-0.06696753224533128
H1_range_to_bull,20220209,光電業,BULL,多頭強勢,-0.015288028295295316,-0.049890751044409334,-0.11224299512916636
H1_range_to_bull,20230206,光電業,BULL,多頭強勢,-0.003912385638785866,0.028005917431966836,-0.0034938826022331004
H1_range_to_bull,20230322,光電業,BULL,多頭強勢,0.0018666227345684983,-0.020946029629049207,-0.03184885393724855
H1_range_to_bull,20230518,光電業,BULL,多頭強勢,0.0031364648245613136,0.003234864798206588,0.017438419354872104
H1_range_to_bull,20230605,光電業,BULL,多頭強勢,-0.008212758998074084,0.01063780766357327,0.013116527363657843
H1_range_to_bull,20230717,光電業,BULL,多頭弱勢,-0.009060269522254716,-0.008940631884131606,-0.026042053750641204
H1_range_to_bull,20230720,光電業,BULL,多頭弱勢,-0.010807634712224404,-0.003508122692241787,-0.02961197928722082
H1_range_to_bull,20240103,光電業,BULL,多頭弱勢,0.010962006414100223,0.05546638763546006,0.05156467010965124
H1_range_to_bull,20240105,光電業,BULL,多頭弱勢,0.01605702227494473,0.045099878088374214,0.0433945850340135
H1_range_to_bull,20240111,光電業,BULL,多頭強勢,0.021556244051657056,0.05454165788530177,0.02229592558337288
H1_range_to_bull,20240115,光電業,BULL,多頭強勢,0.0196021688539067,0.04455885053004913,0.004884946219096686
H1_range_to_bull,20240118,光電業,BULL,多頭強勢,0.017721898393546626,0.019648022407266964,0.003312509353600987
H1_range_to_bull,20240312,光電業,BULL,多頭弱勢,-0.004179161237596296,0.015776833771942556,0.039023806753050644
H1_range_to_bull,20240325,光電業,BULL,多頭強勢,0.006816946666573972,-0.004398923200762114,0.07072434311029943
H1_range_to_bull,20240417,光電業,BULL,多頭弱勢,-0.004793975021366784,0.014588732743294273,0.13004280101143142
H1_range_to_bull,20240424,光電業,BULL,多頭弱勢,-0.00798341353770397,0.0308329291369739,0.10231625037605141
H1_range_to_bull,20241107,光電業,BULL,多頭強勢,-0.0014351913819503348,-0.009877964228008514,-0.010330549540766138
H1_range_to_bull,20250922,光電業,BULL,多頭強勢,-0.01467886238331811,-0.04980263056245777,-0.019052507628448526
H1_range_to_bull,20260224,光電業,BULL,多頭強勢,0.002945007701245096,0.041236932618136525,0.2365341288651288
H1_range_to_bull,20260305,光電業,BULL,多頭強勢,0.029065306113524945,0.016724171670896567,0.2462904872415321
H1_range_to_bull,20260311,光電業,BULL,多頭強勢,0.035642981495810785,0.04494976877568073,0.17263809323043922
H1_range_to_bull,20260408,光電業,BULL,多頭強勢,0.05140455853443768,0.09207412862498345,0.16385755378867856
H1_range_to_bull,20260609,光電業,BULL,多頭弱勢,0.04098321301615658,0.024119167770758326,0.016059631065540994
H1_range_to_bull,20260615,光電業,BULL,多頭強勢,0.039134411046655056,-0.02851982393190775,-0.012865521874005862
H1_range_to_bull,20260630,光電業,BULL,多頭弱勢,-0.018241681209770565,-0.12237200243202787,0.004400801572367021
H1_range_to_bull,20220208,其他,BULL,多頭弱勢,-0.0028215242147623257,0.002971940320905867,0.013588843927486674
H1_range_to_bull,20220216,其他,BULL,多頭弱勢,0.007682444516310203,-0.0055912240300911575,0.01160015756252402
H1_range_to_bull,20220225,其他,BULL,多頭弱勢,0.009376580284146223,-0.007965152699360763,0.008443817662866754
H1_range_to_bull,20230308,其他,BULL,多頭弱勢,0.011112876873270977,-0.003692360221690485,-0.015673695279053074
H1_range_to_bull,20230322,其他,BULL,多頭弱勢,-0.0029228282766577997,0.0032319036568201603,-0.033684591057606
H1_range_to_bull,20230327,其他,BULL,多頭弱勢,-0.005924797497327191,0.0029223261563574576,-0.031396054904936174
H1_range_to_bull,20230406,其他,BULL,多頭弱勢,0.005923418625944338,0.008454167246052621,-0.031173461133459424
H1_range_to_bull,20230426,其他,BULL,多頭弱勢,-0.005597480161845653,-0.004583923123008784,-0.05483941845787724
H1_range_to_bull,20230516,其他,BULL,多頭弱勢,-0.008288496172476203,-0.025735986627332334,-0.025738810691885022
H1_range_to_bull,20230703,其他,BULL,多頭弱勢,0.010237342415317499,-0.01352653763681571,0.023296964583621287
H1_range_to_bull,20240123,其他,BULL,多頭強勢,0.005896370386536431,0.0017546197666550578,-0.003069967785554323
H1_range_to_bull,20240321,其他,BULL,多頭弱勢,0.005263386592712262,-0.005760501284583455,-0.007034071582641632
H1_range_to_bull,20240418,其他,BULL,多頭強勢,-0.0028545960233444176,-0.009557594340271043,-0.0063485746147635
H1_range_to_bull,20240424,其他,BULL,多頭強勢,-0.000950715205896107,-0.012015628753651794,0.011936944795558735
H1_range_to_bull,20240527,其他,BULL,多頭弱勢,-0.0006042578197794704,0.006508602119424466,0.0417934274069722
H1_range_to_bull,20240723,其他,BULL,多頭強勢,0.008879258462755054,0.015028290973131879,0.015108570661732748
H1_range_to_bull,20240801,其他,BULL,多頭強勢,0.006103308685141112,0.008526059414623888,0.008002538735656787
H1_range_to_bull,20240814,其他,BULL,多頭強勢,-0.003407550379145549,-0.006515435187734309,0.003324913376259283
H1_range_to_bull,20240903,其他,BULL,多頭弱勢,-0.005285178095748189,-0.015232959720193298,0.020289785814783384
H1_range_to_bull,20260813,其他,BULL,多頭弱勢,0.0017437832283228238,0.003484201431084093,
H1_range_to_bull,20211213,其他電子業,BULL,多頭強勢,-0.004099823512835107,0.01646020839922128,-0.009957585065157603
H1_range_to_bull,20220208,其他電子業,BULL,多頭強勢,-0.0015245473100590082,-0.019626105182781847,-0.07323564246159935
H1_range_to_bull,20220215,其他電子業,BULL,多頭弱勢,-0.011667096410839984,-0.025513305009267365,-0.053615396664070364
H1_range_to_bull,20220223,其他電子業,BULL,多頭弱勢,0.0020067743180808874,-0.009469697241624189,-0.03711700569770494
H1_range_to_bull,20230202,其他電子業,BULL,多頭強勢,-0.0010787710687155084,0.0036156137106295727,0.014756167272354362
H1_range_to_bull,20230306,其他電子業,BULL,多頭強勢,0.00016426997911075242,0.020291796477498167,0.01528576262860993
H1_range_to_bull,20230322,其他電子業,BULL,多頭強勢,0.00019938556477194455,-0.00856341197365282,-0.0023906282382552962
H1_range_to_bull,20230424,其他電子業,BULL,多頭弱勢,0.002131533163001024,-0.002662560875182074,0.02332305222566828
H1_range_to_bull,20230428,其他電子業,BULL,多頭弱勢,-0.0024161893837696628,0.006387923413228596,0.02801629463449979
H1_range_to_bull,20230517,其他電子業,BULL,多頭弱勢,0.0031399136168409197,0.02253440048386334,0.04336554210689235
H1_range_to_bull,20230615,其他電子業,BULL,多頭強勢,-0.013250687439620223,0.014637602348914674,0.015433550673215508
H1_range_to_bull,20230703,其他電子業,BULL,多頭弱勢,0.0022758749557109242,0.024979654903901256,0.021020695248367798
H1_range_to_bull,20230713,其他電子業,BULL,多頭強勢,-0.009692782064734388,0.0037635842871929295,0.0032658695589427647
H1_range_to_bull,20230725,其他電子業,BULL,多頭弱勢,0.0014098020518195547,0.02147437529391718,-0.005869052891257394
H1_range_to_bull,20230727,其他電子業,BULL,多頭強勢,0.003577261632023994,0.007624501885127984,-0.014728244884537334
H1_range_to_bull,20230807,其他電子業,BULL,多頭弱勢,0.0008573586553078383,0.0052253709358891405,-0.027190523831791512
H1_range_to_bull,20240305,其他電子業,BULL,多頭強勢,-0.01302245897559123,0.029131625505840676,0.05417274564475909
H1_range_to_bull,20240320,其他電子業,BULL,多頭強勢,0.0010811034950712305,-0.015732458732651042,0.05396741112324968
H1_range_to_bull,20240417,其他電子業,BULL,多頭強勢,-0.010826925465829843,-0.016842265420714354,0.0982519502351982
H1_range_to_bull,20240424,其他電子業,BULL,多頭弱勢,-0.008189723967207779,0.0222112230242172,0.07332561484799027
H1_range_to_bull,20240426,其他電子業,BULL,多頭弱勢,-0.0033506927398932913,0.037693053192419994,0.0764274448096516
H1_range_to_bull,20241021,其他電子業,BULL,多頭強勢,0.0056510241769435615,0.0026589252026097895,0.019199324609241605
H1_range_to_bull,20241125,其他電子業,BULL,多頭強勢,-0.006219990800505132,0.01599835160072742,-0.0005977160164576355
H1_range_to_bull,20241204,其他電子業,BULL,多頭強勢,0.0025458290332387896,0.014704013637170568,-0.011809760899745473
H1_range_to_bull,20250815,其他電子業,BULL,多頭強勢,0.004657610633147865,0.022553941751546347,0.014947061849949043
H1_range_to_bull,20250916,其他電子業,BULL,多頭弱勢,0.0035640960198985473,0.000965331816124783,0.03069367847005154
H1_range_to_bull,20250918,其他電子業,BULL,多頭弱勢,-0.009242165320239928,0.0064414148961245785,0.027358916580832
H1_range_to_bull,20251021,其他電子業,BULL,多頭強勢,0.007565717322724871,-0.01020391397753858,0.049041595228700455
H1_range_to_bull,20251106,其他電子業,BULL,多頭弱勢,-0.01710032684404044,0.0058595418110664954,0.03607373607269589
H1_range_to_bull,20260225,其他電子業,BULL,多頭強勢,-0.01077380840341962,0.020410658302870473,0.18438258739441915
H1_range_to_bull,20260305,其他電子業,BULL,多頭強勢,0.012010093660451991,0.02202222240733542,0.1883151768848905
H1_range_to_bull,20260311,其他電子業,BULL,多頭強勢,0.015265628484791613,0.06416399720726577,0.14672226233172636
H1_range_to_bull,20260401,其他電子業,BULL,多頭弱勢,0.061030896013505365,0.14528541468804684,0.15593145398764072
H1_range_to_bull,20260408,其他電子業,BULL,多頭強勢,0.03452602197911467,0.08808908128660899,0.09783091344208754
H1_range_to_bull,20260521,其他電子業,BULL,多頭弱勢,0.01437741932738983,-0.0019328292799163996,-0.06003272235493949
H1_range_to_bull,20260609,其他電子業,BULL,多頭弱勢,0.013812055699418669,-0.002410806356580048,-0.007947053917574096
H1_range_to_bull,20260615,其他電子業,BULL,多頭強勢,0.01553863794051636,-0.023566060778203644,-0.021279792854740857
H1_range_to_bull,20260617,其他電子業,BULL,多頭強勢,-0.011750166451205125,-0.06568393003195389,-0.04261575637814162
H1_range_to_bull,20260630,其他電子業,BULL,多頭弱勢,-0.03323947995528966,-0.1032577634078248,-0.01833751350881294
H1_range_to_bull,20210824,化學工業,BULL,多頭強勢,-0.004088395478375764,0.05391578451837916,0.14467795004277073
H1_range_to_bull,20210826,化學工業,BULL,多頭弱勢,0.004709188107789867,0.056061638690034624,0.1562051424204049
H1_range_to_bull,20210914,化學工業,BULL,多頭強勢,-0.026897400963658304,0.04796416612685629,0.047986665821040886
H1_range_to_bull,20211007,化學工業,BULL,多頭強勢,0.04212162249680139,0.03777889636473385,0.07211454040137774
H1_range_to_bull,20211203,化學工業,BULL,多頭強勢,-0.013465250561713254,0.013144728666846454,-0.0006017180024298109
H1_range_to_bull,20211221,化學工業,BULL,多頭強勢,0.01618309509214539,0.010339050446384524,0.05071640514448968
H1_range_to_bull,20220210,化學工業,BULL,多頭弱勢,0.01048673764283481,0.004575785357582417,-0.001868501430790842
H1_range_to_bull,20220215,化學工業,BULL,多頭強勢,-0.004383573557519749,-0.0076739370635146706,0.005733430527082833
H1_range_to_bull,20230323,化學工業,BULL,多頭弱勢,0.005243969976911985,0.04067745077154603,1.1067584401169839e-05
H1_range_to_bull,20230330,化學工業,BULL,多頭弱勢,-0.0038877123831475117,0.0399652977407306,-0.013102871430640192
H1_range_to_bull,20230516,化學工業,BULL,多頭強勢,-0.002154075573543548,-0.007342343324579163,-0.007064046429213905
H1_range_to_bull,20230529,化學工業,BULL,多頭弱勢,-0.0037429101431666265,-0.017108427088842554,-0.0034717205535972594
H1_range_to_bull,20230705,化學工業,BULL,多頭弱勢,-0.0007539342289948486,0.02780191803311435,0.024943307225643495
H1_range_to_bull,20230720,化學工業,BULL,多頭強勢,-0.0025460471889223214,-0.011418458842541244,0.011696293806324191
H1_range_to_bull,20240327,化學工業,BULL,多頭強勢,-0.003699232377261148,-0.015670432257093157,-0.02072583801565095
H1_range_to_bull,20240417,化學工業,BULL,多頭強勢,-0.0006122845477216448,0.013808305597069657,0.0103398590953441
H1_range_to_bull,20240719,化學工業,BULL,多頭弱勢,0.003347022234420529,-0.006454139261800839,0.04819162596953267
H1_range_to_bull,20240926,化學工業,BULL,多頭弱勢,-0.016289597382855327,-0.025140333786693392,-0.05654448070869755
H1_range_to_bull,20241023,化學工業,BULL,多頭強勢,-0.014724558609154085,-0.03066435591194508,-0.03084248860593828
H1_range_to_bull,20241025,化學工業,BULL,多頭強勢,-0.011249506062048187,-0.014255588836258777,-0.02580857174191792
H1_range_to_bull,20250901,化學工業,BULL,多頭強勢,0.0045818381665833005,0.036116929490269976,0.0123883039582674
H1_range_to_bull,20250918,化學工業,BULL,多頭弱勢,0.01979705238225281,0.026176785582943653,0.027417150883189852
H1_range_to_bull,20251015,化學工業,BULL,多頭弱勢,-0.00992128412497189,-0.011657268960536194,0.06867934431995978
H1_range_to_bull,20251027,化學工業,BULL,多頭弱勢,-0.01050068496665403,-0.02057347871961525,0.05427757703028403
H1_range_to_bull,20251029,化學工業,BULL,多頭弱勢,-0.001269806242378324,-0.01524091281386646,0.05991974279720152
H1_range_to_bull,20260224,化學工業,BULL,多頭強勢,0.00385625217906075,0.054557117946433455,0.2076443023939798
H1_range_to_bull,20260305,化學工業,BULL,多頭強勢,0.03785553403958416,0.04134347713473807,0.18624498425423883
H1_range_to_bull,20260310,化學工業,BULL,多頭弱勢,0.05346861709857376,0.072199586991012,0.17996187824915938
H1_range_to_bull,20260401,化學工業,BULL,多頭弱勢,0.05728942805250453,0.1221476782744903,0.17986862420775304
H1_range_to_bull,20260408,化學工業,BULL,多頭弱勢,0.03130587593904885,0.10299402172318585,0.18957698651446026
H1_range_to_bull,20260521,化學工業,BULL,多頭弱勢,-0.011805239111456655,0.010894249394573112,-0.020329222292446807
H1_range_to_bull,20260612,化學工業,BULL,多頭弱勢,0.01630021381047355,0.034323059432280645,-0.0028054829451235747
H1_range_to_bull,20260629,化學工業,BULL,多頭弱勢,0.00021345628011316606,-0.08313147627604793,-0.03229938807650759
H1_range_to_bull,20260715,化學工業,BULL,多頭弱勢,-0.03299433589105379,-0.03386486013817941,
H1_range_to_bull,20210830,半導體業,BULL,多頭強勢,-0.00711713202863902,-0.06571043776459459,0.037139397725802284
H1_range_to_bull,20211116,半導體業,BULL,多頭強勢,-0.015509518689054907,-0.048305940541284904,-0.09959991295779103
H1_range_to_bull,20211208,半導體業,BULL,多頭弱勢,-0.0001566465944319896,-0.050553742710643196,-0.10807225482524897
H1_range_to_bull,20211223,半導體業,BULL,多頭弱勢,0.005834890471774679,-0.05302559561984039,-0.07817546400471305
H1_range_to_bull,20230201,半導體業,BULL,多頭強勢,0.0059553278737666734,-0.00842886472382598,-0.05056091947633745
H1_range_to_bull,20230301,半導體業,BULL,多頭弱勢,0.016368703623859074,0.03406857538880868,0.00583230334230727
H1_range_to_bull,20230322,半導體業,BULL,多頭強勢,-0.0066255296590770375,-0.06333178927985281,-0.03913564254400857
H1_range_to_bull,20230714,半導體業,BULL,多頭強勢,-0.008306804445886676,-0.023085617179090315,0.058106462651237076
H1_range_to_bull,20230720,半導體業,BULL,多頭強勢,0.005920236600165548,-0.016681806734779613,0.07507254346668091
H1_range_to_bull,20230728,半導體業,BULL,多頭強勢,-0.014107311621765692,-0.001036685387560056,0.059085073195800704
H1_range_to_bull,20231016,半導體業,BULL,多頭弱勢,0.009759497098455246,0.02279795003227326,0.05641347779521533
H1_range_to_bull,20231030,半導體業,BULL,多頭弱勢,0.014382320156017585,0.06659507487013347,0.08106236676541076
H1_range_to_bull,20231102,半導體業,BULL,多頭強勢,-0.003182997894816706,0.07162064394835632,0.07067609888267247
H1_range_to_bull,20231222,半導體業,BULL,多頭弱勢,0.000997699610062146,0.017798005161038168,-0.006195640211545637
H1_range_to_bull,20231226,半導體業,BULL,多頭強勢,-0.027544312239027497,-0.0016758530667893984,-0.006498417773582725
H1_range_to_bull,20240115,半導體業,BULL,多頭強勢,0.008478701163316005,0.03249728479295608,-0.08246838701013054
H1_range_to_bull,20240122,半導體業,BULL,多頭強勢,-0.003306721202896392,0.032355443339448314,-0.07464869935125568
H1_range_to_bull,20240202,半導體業,BULL,多頭強勢,0.018813417797397106,-0.015807457083575747,-0.0872562510441637
H1_range_to_bull,20240401,半導體業,BULL,多頭弱勢,-0.011399979769351453,-0.06897596387824238,-0.018824475580329195
H1_range_to_bull,20240712,半導體業,BULL,多頭弱勢,-0.04094634976678311,-0.058393446178682924,-0.020624839865041912
H1_range_to_bull,20250821,半導體業,BULL,多頭弱勢,0.03651358103839801,0.11962675375056005,0.12283435097161355
H1_range_to_bull,20250930,半導體業,BULL,多頭弱勢,0.026213913794349272,0.051409314453974314,0.08052008128081291
H1_range_to_bull,20251015,半導體業,BULL,多頭弱勢,-0.003352970407590243,0.0002547935277571571,0.08660247919922745
H1_range_to_bull,20251112,半導體業,BULL,多頭強勢,-0.02521804822201822,-0.001890739974548446,0.11325240307547155
H1_range_to_bull,20251128,半導體業,BULL,多頭強勢,0.020031099562704387,0.05388632315430773,0.12676348982444485
H1_range_to_bull,20251219,半導體業,BULL,多頭弱勢,0.02030185177986196,0.08630781934238019,0.1789673522454813
H1_range_to_bull,20260203,半導體業,BULL,多頭弱勢,-0.0059692592833682,0.0562523684781802,0.3937848902272438
H1_range_to_bull,20260223,半導體業,BULL,多頭強勢,-0.024691591357884957,0.0608144623154413,0.4279096607032411
H1_range_to_bull,20260305,半導體業,BULL,多頭弱勢,0.030332277938664186,0.05011541958204435,0.42118133429733406
H1_range_to_bull,20260311,半導體業,BULL,多頭強勢,0.04697472563418768,0.08165780433658558,0.312412092685443
H1_range_to_bull,20260407,半導體業,BULL,多頭弱勢,0.03312971964532178,0.24074861580835302,0.3457710120430852
H1_range_to_bull,20260615,半導體業,BULL,多頭強勢,0.08484827889289714,8.184870300744851e-05,-0.020853813187783624
H1_range_to_bull,20260617,半導體業,BULL,多頭強勢,0.00080181301944433,-0.097678013022719,-0.06650285435252533
H1_range_to_bull,20260630,半導體業,BULL,多頭弱勢,-0.019961946754360714,-0.17317929802565082,-0.037399998400655304
H1_range_to_bull,20220208,塑膠工業,BULL,多頭弱勢,0.0002465600646279894,-0.007451220547519118,-0.06065598446034086
H1_range_to_bull,20220216,塑膠工業,BULL,多頭弱勢,0.00010371881657647922,-0.0019562951649523264,-0.04927772872285114
H1_range_to_bull,20220301,塑膠工業,BULL,多頭弱勢,-0.006601395973792404,-0.01409533600974661,-0.052880559181007876
H1_range_to_bull,20220317,塑膠工業,BULL,多頭強勢,-0.007248639740979354,-0.04505342398455739,-0.03794794842970258
H1_range_to_bull,20230330,塑膠工業,BULL,多頭強勢,-0.001852850136563066,-0.027463954118650713,-0.047286142298919184
H1_range_to_bull,20230424,塑膠工業,BULL,多頭弱勢,-0.022160307777669027,-0.010174491804942953,-0.057079798349096426
H1_range_to_bull,20230516,塑膠工業,BULL,多頭強勢,-0.004665118174968088,-0.03647658602316705,-0.01027769182375185
H1_range_to_bull,20240719,塑膠工業,BULL,多頭強勢,0.003903750643625927,-0.02375970935812489,-0.062488410802482984
H1_range_to_bull,20251128,塑膠工業,BULL,多頭弱勢,-0.006271918641574774,-0.02568441342731477,0.07889359112564953
H1_range_to_bull,20260107,塑膠工業,BULL,多頭強勢,-0.005163808274033007,0.0043833101380575355,0.10554411892661347
H1_range_to_bull,20260204,塑膠工業,BULL,多頭弱勢,0.01145129048199377,0.06341532619543608,-0.027616101476783395
H1_range_to_bull,20260209,塑膠工業,BULL,多頭強勢,0.02482854261275067,0.09332971068621054,-0.024319695350934468
H1_range_to_bull,20260211,塑膠工業,BULL,多頭強勢,0.02488919508383337,0.08434301140455538,-0.053636722079281586
H1_range_to_bull,20260305,塑膠工業,BULL,多頭弱勢,0.005975606225674577,0.09169336233232617,-0.06204805859016463
H1_range_to_bull,20260413,塑膠工業,BULL,多頭弱勢,-0.06403389659858631,-0.12497012879134428,-0.0991094510819599
H1_range_to_bull,20220207,居家生活,BULL,多頭強勢,0.012532322173343997,0.03368666682710357,0.05025362898344331
H1_range_to_bull,20220311,居家生活,BULL,多頭弱勢,-0.004437796085578689,-0.001919071492117442,0.029270755165712224
H1_range_to_bull,20220317,居家生活,BULL,多頭強勢,0.0019197697753424534,-0.00439106309296192,0.01825026429910096
H1_range_to_bull,20220413,居家生活,BULL,多頭弱勢,-0.006008788438711489,0.018134001870868707,0.025692727842481403
H1_range_to_bull,20230203,居家生活,BULL,多頭弱勢,-0.00527217711180043,0.0035558549568783654,0.0009506274053648484
H1_range_to_bull,20230224,居家生活,BULL,多頭強勢,-0.00999449290436413,-0.005185998174709661,-0.023264239892818547
H1_range_to_bull,20230321,居家生活,BULL,多頭弱勢,0.007123340083532111,-0.008545979614590547,-0.027092611255292914
H1_range_to_bull,20230329,居家生活,BULL,多頭強勢,0.00012540801198198358,-0.007680162139593667,-0.030098121916740467
H1_range_to_bull,20230428,居家生活,BULL,多頭弱勢,0.004087907770754606,-0.006160429352631487,-0.039550847143901384
H1_range_to_bull,20230516,居家生活,BULL,多頭弱勢,-0.0034491978151191226,-0.023698861365473604,-0.016164691928552993
H1_range_to_bull,20230601,居家生活,BULL,多頭弱勢,-0.004365292901881455,0.006403077520269678,0.005933340056150926
H1_range_to_bull,20230711,居家生活,BULL,多頭弱勢,-0.012596897375258872,-0.011093793229938725,-0.017285591344733467
H1_range_to_bull,20231207,居家生活,BULL,多頭強勢,0.007293340725262783,0.019500933275505394,0.04093479281322826
H1_range_to_bull,20240111,居家生活,BULL,多頭弱勢,0.006254517875281125,-0.012329069596960424,0.04470731587802521
H1_range_to_bull,20240115,居家生活,BULL,多頭弱勢,-0.0076012604930337235,-0.018373235203400756,0.03988847707022786
H1_range_to_bull,20240129,居家生活,BULL,多頭弱勢,-0.0006379572254142261,0.027812417921365074,0.04462499545779389
H1_range_to_bull,20240215,居家生活,BULL,多頭弱勢,-0.001512337810304739,0.029007907198893814,0.06781526365521197
H1_range_to_bull,20240603,居家生活,BULL,多頭弱勢,-0.002250746461005119,-0.030090993389415285,0.010310143480846357
H1_range_to_bull,20240613,居家生活,BULL,多頭弱勢,-0.01124306113276787,-0.04065210442683809,0.04208518680375591
H1_range_to_bull,20240625,居家生活,BULL,多頭弱勢,-0.008453623021188697,-0.010235930417959511,0.0386752225203157
H1_range_to_bull,20240628,居家生活,BULL,多頭強勢,-0.025921685422782895,0.010739515315220553,0.03414310572000656
H1_range_to_bull,20240925,居家生活,BULL,多頭弱勢,-0.001700849500994247,-0.010131904054094676,-0.032227156172794265
H1_range_to_bull,20211026,建材營造,BULL,多頭強勢,-0.011980072321045905,-0.013917922157911558,-0.03655033072169619
H1_range_to_bull,20211206,建材營造,BULL,多頭弱勢,-0.006249570784436788,-0.03162329968533759,-0.013947914661089803
H1_range_to_bull,20220323,建材營造,BULL,多頭弱勢,-0.001044413401739438,-0.0016831743750501393,0.021039356955698654
H1_range_to_bull,20220421,建材營造,BULL,多頭弱勢,0.013768210369292717,0.02905095841673188,0.018792529980576303
H1_range_to_bull,20230322,建材營造,BULL,多頭弱勢,0.0013178696894051679,0.008060069722485878,-0.007261114197856897
H1_range_to_bull,20230426,建材營造,BULL,多頭強勢,-0.010688268325755385,0.009823470608947203,-0.02242313096863416
H1_range_to_bull,20230512,建材營造,BULL,多頭強勢,-0.004334338304924475,-0.007093153545437353,0.011649417506171125
H1_range_to_bull,20230621,建材營造,BULL,多頭弱勢,0.0012874607387381278,0.0027295245812355706,0.04388019969767627
H1_range_to_bull,20230628,建材營造,BULL,多頭弱勢,-0.0024204572171220686,-0.005624793167962406,0.044410966517124784
H1_range_to_bull,20230703,建材營造,BULL,多頭弱勢,0.00994175276482713,0.012830030500556817,0.05515577390906178
H1_range_to_bull,20230920,建材營造,BULL,多頭強勢,0.004801256016303686,0.018830436632751683,0.07114442723339823
H1_range_to_bull,20231003,建材營造,BULL,多頭強勢,0.0004457567619292682,0.011956668572524773,0.061926911222594735
H1_range_to_bull,20231025,建材營造,BULL,多頭弱勢,-0.002683371301376786,0.02779362617412201,0.07460950604891807
H1_range_to_bull,20231102,建材營造,BULL,多頭弱勢,0.006528801136743347,0.017960236905616322,0.09059037741257871
H1_range_to_bull,20240122,建材營造,BULL,多頭弱勢,0.013640841632195075,0.03902618051437315,0.33985749176142604
H1_range_to_bull,20240517,建材營造,BULL,多頭強勢,-0.041330869672263335,-0.01872883364898455,0.07903671898909906
H1_range_to_bull,20240531,建材營造,BULL,多頭強勢,0.0036470490393010983,-0.04193757097800035,0.02017635279514262
H1_range_to_bull,20240704,建材營造,BULL,多頭弱勢,0.024545626888059814,0.0733050831508748,-0.06596911003060296
H1_range_to_bull,20240711,建材營造,BULL,多頭強勢,0.0578927191521971,0.08140621265814349,-0.08678696610075039
H1_range_to_bull,20240815,建材營造,BULL,多頭強勢,-0.06039889444544142,-0.0870515618448457,-0.18377487838990014
H1_range_to_bull,20210830,數位雲端,BULL,多頭強勢,0.021752534392959585,0.15028295898480207,0.1720986003544433
H1_range_to_bull,20210916,數位雲端,BULL,多頭強勢,0.0360313269544184,0.09183756333711729,0.12790005924759282
H1_range_to_bull,20211117,數位雲端,BULL,多頭弱勢,0.004045328417217014,0.047661229402251135,-0.01354374051332748
H1_range_to_bull,20211122,數位雲端,BULL,多頭弱勢,0.01611634670855069,0.05521031491111643,-0.019423218938568906
H1_range_to_bull,20211125,數位雲端,BULL,多頭弱勢,-0.00648690969423633,0.02918879012481155,-0.039820489413401605
H1_range_to_bull,20211130,數位雲端,BULL,多頭強勢,-0.014502465615353961,0.012552806012637266,-0.059973285602297546
H1_range_to_bull,20211208,數位雲端,BULL,多頭弱勢,0.03755982381988493,0.030175627633393185,-0.07055510422653623
H1_range_to_bull,20220107,數位雲端,BULL,多頭強勢,-0.018393453800533144,-0.0331628649432988,-0.1373757514022902
H1_range_to_bull,20230207,數位雲端,BULL,多頭強勢,0.006513002072400497,0.029627592479974325,0.06262685389050086
H1_range_to_bull,20230322,數位雲端,BULL,多頭強勢,-0.004474131457564815,-0.018063111307596164,-0.06596359018073959
H1_range_to_bull,20230330,數位雲端,BULL,多頭弱勢,-0.006586372199097256,0.032658679037081584,-0.05071855848409694
H1_range_to_bull,20230407,數位雲端,BULL,多頭弱勢,-0.012331342336482323,0.05944568834184895,-0.04799796680942228
H1_range_to_bull,20230428,數位雲端,BULL,多頭強勢,0.031217025758789242,-0.034982414453353136,-0.07982534563544946
H1_range_to_bull,20230517,數位雲端,BULL,多頭弱勢,-0.025030184813011044,-0.07091896339101689,-0.09276684035811457
H1_range_to_bull,20230522,數位雲端,BULL,多頭弱勢,-0.012123014501779626,-0.04635148428248605,-0.07554286109161346
H1_range_to_bull,20230605,數位雲端,BULL,多頭弱勢,-0.017747203165362074,-0.018299456956049155,-0.0656888664539507
H1_range_to_bull,20230619,數位雲端,BULL,多頭弱勢,-0.0018545452662478063,-0.004903234076707227,-0.020068745621003352
H1_range_to_bull,20231222,數位雲端,BULL,多頭弱勢,0.014403273202615046,-0.02181831947617615,-0.10605619848459671
H1_range_to_bull,20240105,數位雲端,BULL,多頭弱勢,-0.004841927207811991,-0.016587555282090015,-0.13830969251617686
H1_range_to_bull,20240129,數位雲端,BULL,多頭強勢,-0.008911147583203844,-0.06823929046645799,-0.131341426368168
H1_range_to_bull,20240715,數位雲端,BULL,多頭強勢,-0.018927990918746616,-0.03226245097382368,-0.003366366206437467
H1_range_to_bull,20241121,數位雲端,BULL,多頭強勢,-0.003273739957444996,0.0193608006146459,0.03322119207268651
H1_range_to_bull,20241204,數位雲端,BULL,多頭弱勢,0.02452341222000658,0.008863140146096918,0.00550356475791894
H1_range_to_bull,20250108,數位雲端,BULL,多頭強勢,0.0007639925844091298,0.00745492220775211,0.0346342473117964
H1_range_to_bull,20250327,數位雲端,BULL,多頭強勢,0.006480559564798205,0.06051263149947593,0.07084578618309542
H1_range_to_bull,20250731,數位雲端,BULL,多頭強勢,0.007852374946220745,-0.013833894797450196,-0.06819694301233142
H1_range_to_bull,20250821,數位雲端,BULL,多頭弱勢,-0.009011139142788352,-0.009387078112172254,-0.07741516738974896
H1_range_to_bull,20250905,數位雲端,BULL,多頭弱勢,-0.0043223899557965975,-0.012053518293871987,-0.08312374580838025
H1_range_to_bull,20260703,數位雲端,BULL,多頭弱勢,0.014499764503571204,-0.008860693042611473,-0.00522135200398454
H1_range_to_bull,20260708,數位雲端,BULL,多頭弱勢,-0.010998881469505277,-0.03016693622740582,-0.044100351907974594
H1_range_to_bull,20220104,文化創意業,BULL,多頭強勢,-0.02389149366276387,-0.02921072514478463,-0.05207352683205587
H1_range_to_bull,20220211,文化創意業,BULL,多頭弱勢,-0.032926310058780175,-0.03061792789390909,-0.046620668716924635
H1_range_to_bull,20220215,文化創意業,BULL,多頭強勢,-0.007775855578717761,-0.009715533298858506,-0.04658282617249668
H1_range_to_bull,20220223,文化創意業,BULL,多頭弱勢,0.008037577283544765,0.006654064546440106,-0.016549496319955177
H1_range_to_bull,20220304,文化創意業,BULL,多頭強勢,-0.013584728788796512,-0.004097472764161357,-0.00942610959936507
H1_range_to_bull,20230104,文化創意業,BULL,多頭強勢,0.008274641476674768,-0.018714439116229657,-0.07680631517055
H1_range_to_bull,20230223,文化創意業,BULL,多頭弱勢,0.003081453864032545,0.025194955217285146,-0.026907114942941374
H1_range_to_bull,20230301,文化創意業,BULL,多頭弱勢,0.009575761780166128,0.028452046183706656,-0.025065236208241366
H1_range_to_bull,20230303,文化創意業,BULL,多頭弱勢,-0.0017277437669589585,0.020411732594329622,0.014017288876389727
H1_range_to_bull,20230330,文化創意業,BULL,多頭強勢,-0.028833044751988512,-0.005109721985054605,-0.0004945359373823982
H1_range_to_bull,20230428,文化創意業,BULL,多頭強勢,0.011883231720484088,-0.030375718400249982,-0.028497897602944126
H1_range_to_bull,20230517,文化創意業,BULL,多頭弱勢,-0.02626952916103535,-0.0008771065241720624,-0.029925902636596127
H1_range_to_bull,20230601,文化創意業,BULL,多頭強勢,0.01600021140424537,-0.005999085708153346,-0.03361388595249898
H1_range_to_bull,20231201,文化創意業,BULL,多頭強勢,0.01074989021497511,-0.0030182971464034064,-0.027694151927927874
H1_range_to_bull,20240102,文化創意業,BULL,多頭強勢,-0.002857244965587336,-0.02572133512334559,-0.022597984245680408
H1_range_to_bull,20240122,文化創意業,BULL,多頭強勢,-0.015431772329087837,-0.06833870003844764,-0.023408040206606417
H1_range_to_bull,20240124,文化創意業,BULL,多頭強勢,-0.017791823418684082,-0.05727557876582893,0.0035882091153443263
H1_range_to_bull,20240426,文化創意業,BULL,多頭強勢,0.022181259455546953,0.004112759183748864,0.09275511259237848
H1_range_to_bull,20240816,文化創意業,BULL,多頭弱勢,0.0010263155253361494,0.0009320741644555392,-0.059892344187978126
H1_range_to_bull,20250704,文化創意業,BULL,多頭強勢,-0.014043217595724718,-0.055238108108049945,-0.1039512529110983
H1_range_to_bull,20230324,橡膠工業,BULL,多頭弱勢,-0.008825711830469067,-0.02887390423163092,-0.0695734559462479
H1_range_to_bull,20230331,橡膠工業,BULL,多頭弱勢,-0.007080353253305775,-0.03312524000801576,-0.08369458666779979
H1_range_to_bull,20230616,橡膠工業,BULL,多頭強勢,-0.006955367039731244,-0.05109298758504838,-0.018985062027815365
H1_range_to_bull,20240603,橡膠工業,BULL,多頭強勢,-0.03248364251246019,-0.053639425936190144,-0.02604170284902152
H1_range_to_bull,20240625,橡膠工業,BULL,多頭強勢,-0.01610241340430775,-0.005023238737409126,-0.016833557040576912
H1_range_to_bull,20240628,橡膠工業,BULL,多頭弱勢,0.00791607819252654,0.014719264729041063,-0.010133242701033444
H1_range_to_bull,20240801,橡膠工業,BULL,多頭強勢,0.015459115660483996,-0.0027323848352580945,-0.022561268301943632
H1_range_to_bull,20260306,橡膠工業,BULL,多頭弱勢,-0.02313504212355395,-0.00485820802646102,-0.07936073313212175
H1_range_to_bull,20260312,橡膠工業,BULL,多頭強勢,0.00012623031303852887,0.006749515380192524,-0.05369978456535614
H1_range_to_bull,20260318,橡膠工業,BULL,多頭弱勢,-0.004965928349792256,-0.0366920434648728,-0.06436447555491412
H1_range_to_bull,20260327,橡膠工業,BULL,多頭弱勢,-0.018070987858000064,-0.05150110691391437,-0.10908703856457422
H1_range_to_bull,20260807,橡膠工業,BULL,多頭弱勢,-0.013589382574924265,-0.025582875693565515,
H1_range_to_bull,20230208,水泥工業,BULL,多頭弱勢,0.005189143955982836,-0.002755604218186991,0.05308625368497863
H1_range_to_bull,20230321,水泥工業,BULL,多頭強勢,0.0015340473255477448,0.04634446543169916,0.04090391365880877
H1_range_to_bull,20230323,水泥工業,BULL,多頭弱勢,-0.0011810517966500938,0.06061210020769523,0.029161243837920736
H1_range_to_bull,20230522,水泥工業,BULL,多頭弱勢,-0.010534963702098464,0.011265738872721295,-0.00306843650326228
H1_range_to_bull,20230605,水泥工業,BULL,多頭弱勢,0.0057328029803293806,-0.007828590128075555,-0.013151497841243615
H1_range_to_bull,20240520,水泥工業,BULL,多頭弱勢,-0.011469467803497365,-0.012988920213103803,-0.017830108470359374
H1_range_to_bull,20240603,水泥工業,BULL,多頭強勢,-0.00046217337351986236,-0.0011153419944915331,-0.026741973573546685
H1_range_to_bull,20260128,水泥工業,BULL,多頭弱勢,0.006763782033339865,-0.006797124679510186,-0.05705372736098825
H1_range_to_bull,20260223,水泥工業,BULL,多頭弱勢,-0.006821440200646622,-0.035336283466228746,-0.12268092560582741
H1_range_to_bull,20211230,汽車工業,BULL,多頭弱勢,0.01737154000068806,0.0133699467206201,-0.052596338708436066
H1_range_to_bull,20220208,汽車工業,BULL,多頭強勢,-0.005349319044564247,-0.035840974002237846,-0.0620485741003927
H1_range_to_bull,20220216,汽車工業,BULL,多頭弱勢,-0.002710971336372183,-0.04487285286474607,-0.03748004235444708
H1_range_to_bull,20220301,汽車工業,BULL,多頭弱勢,-0.020691166729491797,-0.036041904852098294,0.03029576859417337
H1_range_to_bull,20230209,汽車工業,BULL,多頭弱勢,0.00547112063079265,0.01293746436304806,0.0227447718523668
H1_range_to_bull,20230216,汽車工業,BULL,多頭強勢,-0.006781997887652675,0.014381049236402384,0.041401198311909
H1_range_to_bull,20230322,汽車工業,BULL,多頭弱勢,-0.0008600800686264819,-0.011319487503352295,0.06560049054096796
H1_range_to_bull,20230427,汽車工業,BULL,多頭弱勢,-0.012771570702562456,0.013038540382285971,0.022539780537720155
H1_range_to_bull,20230504,汽車工業,BULL,多頭弱勢,0.007886727698055013,0.049916396243694414,0.043242736642526876
H1_range_to_bull,20230508,汽車工業,BULL,多頭弱勢,0.015128492782523872,0.046605147836765656,0.03870584868447026
H1_range_to_bull,20230516,汽車工業,BULL,多頭強勢,0.001512576401376007,0.05650385866520136,0.0021303990650189675
H1_range_to_bull,20231114,汽車工業,BULL,多頭強勢,-0.006156317512961276,-0.003914965489028602,-0.07394598111972911
H1_range_to_bull,20240429,汽車工業,BULL,多頭強勢,0.007679505871417965,0.014260114766567952,-0.06405164900010532
H1_range_to_bull,20240607,汽車工業,BULL,多頭弱勢,-0.004691003596655611,-0.04516375004893989,-0.030139726078685175
H1_range_to_bull,20240620,汽車工業,BULL,多頭弱勢,-0.02340197235109112,-0.03639588008549039,0.0010230128040307311
H1_range_to_bull,20240704,汽車工業,BULL,多頭弱勢,0.00035404926886926057,-0.021719244110417812,0.02421732534365323
H1_range_to_bull,20240710,汽車工業,BULL,多頭弱勢,-0.008206408658223826,-0.024235681576478735,0.02336318684333022
H1_range_to_bull,20250923,汽車工業,BULL,多頭弱勢,-0.014545511678525113,-0.007005205941124193,-0.013423402755157122
H1_range_to_bull,20251022,汽車工業,BULL,多頭強勢,-0.01083024342951898,0.000556887227674871,-0.003032050782882857
H1_range_to_bull,20260703,汽車工業,BULL,多頭強勢,-0.022280300115649916,-0.03711009907244786,-0.0576294093076356
H1_range_to_bull,20210805,油電燃氣業,BULL,多頭強勢,0.028864635488691642,0.03685624089493787,0.04051280615997058
H1_range_to_bull,20220422,油電燃氣業,BULL,多頭弱勢,0.007837000562058553,0.016857782896916806,0.043312576452276264
H1_range_to_bull,20220525,油電燃氣業,BULL,多頭弱勢,-0.009673009568320491,0.02539719473851778,-0.005163104007220505
H1_range_to_bull,20230419,油電燃氣業,BULL,多頭弱勢,-0.0008291717077213729,0.006362512348821769,-0.04197412199466345
H1_range_to_bull,20230504,油電燃氣業,BULL,多頭弱勢,0.00949879729982231,-0.004469176227513267,-0.025934590706304543
H1_range_to_bull,20230508,油電燃氣業,BULL,多頭弱勢,0.005916398139269752,-0.019364241209618063,-0.04497212445285624
H1_range_to_bull,20230516,油電燃氣業,BULL,多頭強勢,-0.002965472648661118,-0.02534907489977333,-0.03108539624733611
H1_range_to_bull,20230615,油電燃氣業,BULL,多頭弱勢,-0.005644346948257782,-0.01727227974426268,-0.008401341809114109
H1_range_to_bull,20230630,油電燃氣業,BULL,多頭弱勢,-0.02072034390252972,-0.014625967851174562,-0.011898054988580535
H1_range_to_bull,20250716,油電燃氣業,BULL,多頭弱勢,-0.009520668686593403,-0.04338708381078851,-0.07296364755975279
H1_range_to_bull,20260323,油電燃氣業,BULL,多頭強勢,-0.013942385233902736,-0.08282587873757752,-0.11859789968604138
H1_range_to_bull,20220103,玻璃陶瓷,BULL,多頭弱勢,-0.019358992300093244,-0.04765228008285319,-0.04155367821981221
H1_range_to_bull,20221125,玻璃陶瓷,BULL,多頭強勢,-0.04479549839060365,-0.07249180139437238,-0.13580316400296097
H1_range_to_bull,20230111,玻璃陶瓷,BULL,多頭強勢,0.007135730328805483,-0.016933264661226674,-0.0024615722520819616
H1_range_to_bull,20230420,玻璃陶瓷,BULL,多頭強勢,0.026972783591787123,-0.047660797053612786,-0.0891813790410094
H1_range_to_bull,20230524,玻璃陶瓷,BULL,多頭強勢,-0.020509015242063423,0.012142096223357796,-0.03893936453507537
H1_range_to_bull,20230602,玻璃陶瓷,BULL,多頭弱勢,-0.03627122780379076,-0.018658402845373546,-0.025303646630355905
H1_range_to_bull,20230613,玻璃陶瓷,BULL,多頭弱勢,0.01204036871880821,-0.023002819244384486,-0.008472222169210071
H1_range_to_bull,20230705,玻璃陶瓷,BULL,多頭弱勢,-0.019301739131133214,0.008739763017492321,-0.027211730474673214
H1_range_to_bull,20240131,玻璃陶瓷,BULL,多頭弱勢,0.06152808984943097,0.1096409568662794,0.006004054210908771
H1_range_to_bull,20240417,玻璃陶瓷,BULL,多頭強勢,0.0030949996707680034,-0.026438949302506377,-0.013373301757755723
H1_range_to_bull,20240612,玻璃陶瓷,BULL,多頭弱勢,-0.007779483572181167,-0.0014118372889499464,-0.01788470039393109
H1_range_to_bull,20240617,玻璃陶瓷,BULL,多頭弱勢,-0.01955094854957646,0.005019806451107771,-0.01646638468404621
H1_range_to_bull,20250819,玻璃陶瓷,BULL,多頭強勢,0.022850824222290875,-0.051629497013072116,-0.0466789104549871
H1_range_to_bull,20250903,玻璃陶瓷,BULL,多頭弱勢,-0.033364884422166265,-0.047187702981118546,-0.021531688920296777
H1_range_to_bull,20251007,玻璃陶瓷,BULL,多頭強勢,-0.018132351839615833,-0.046223911987967735,-0.021930029451425102
H1_range_to_bull,20260119,玻璃陶瓷,BULL,多頭強勢,-0.017399105934537556,0.005152751834059329,0.040838094411054
H1_range_to_bull,20260223,玻璃陶瓷,BULL,多頭弱勢,0.022556186298285208,0.008888043567480852,0.1540535308024691
H1_range_to_bull,20260311,玻璃陶瓷,BULL,多頭弱勢,0.06743270583651471,0.019027817937780453,0.197839057429257
H1_range_to_bull,20260313,玻璃陶瓷,BULL,多頭弱勢,0.0052653954677579886,0.021104799761581947,0.1323205958968523
H1_range_to_bull,20260408,玻璃陶瓷,BULL,多頭強勢,0.029988297009060444,0.09282683758295208,0.18939315722626054
H1_range_to_bull,20260413,玻璃陶瓷,BULL,多頭強勢,0.019358993989790203,0.09952679356106697,0.16461176216110684
H1_range_to_bull,20260511,玻璃陶瓷,BULL,多頭強勢,0.0006290605710635236,0.05427210923172418,0.019596839097814883
H1_range_to_bull,20260612,玻璃陶瓷,BULL,多頭弱勢,0.014346449636271316,0.05368422016507057,-0.003476336881051381
H1_range_to_bull,20260630,玻璃陶瓷,BULL,多頭強勢,-0.0006830361969758728,-0.08982230060909005,-0.008598681580559184
H1_range_to_bull,20260722,玻璃陶瓷,BULL,多頭弱勢,-0.08166130863763034,-0.01216206347664219,
H1_range_to_bull,20220110,生技醫療業,BULL,多頭強勢,0.001969405300194741,0.0009480107876347343,0.05796000526043335
H1_range_to_bull,20220208,生技醫療業,BULL,多頭弱勢,-0.00046617822444682076,-0.00848493984670495,0.03303985202786415
H1_range_to_bull,20220303,生技醫療業,BULL,多頭弱勢,-0.00745746892173936,-0.004216790782418286,0.011186089373736594
H1_range_to_bull,20220629,生技醫療業,BULL,多頭強勢,-0.004643596727737908,0.0266879439044442,0.06846044757097085
H1_range_to_bull,20220811,生技醫療業,BULL,多頭弱勢,0.031217631444820326,0.09272380209893592,0.02832844651480397
H1_range_to_bull,20230130,生技醫療業,BULL,多頭弱勢,0.027218235129612803,0.00750304965360013,0.04623645951848192
H1_range_to_bull,20230322,生技醫療業,BULL,多頭弱勢,0.01058999461066978,0.036254511332099476,-0.024943805411757655
H1_range_to_bull,20230522,生技醫療業,BULL,多頭弱勢,-0.01763734723677831,-0.04840865207970525,-0.03629586881459291
H1_range_to_bull,20230601,生技醫療業,BULL,多頭弱勢,-0.007242528772033328,-0.0086871983885435,-0.02439729779938976
H1_range_to_bull,20230717,生技醫療業,BULL,多頭強勢,0.026123771457882226,-0.01399675557323296,-0.04882988928776447
H1_range_to_bull,20230719,生技醫療業,BULL,多頭強勢,-0.018523659989550106,-0.035559737605005415,-0.07198119668624231
H1_range_to_bull,20240108,生技醫療業,BULL,多頭弱勢,0.009075887184852544,0.006770703472188676,-0.04345648168570541
H1_range_to_bull,20240115,生技醫療業,BULL,多頭弱勢,-0.003290171334686731,-0.021376890477762284,-0.061810063610166
H1_range_to_bull,20240329,生技醫療業,BULL,多頭強勢,-0.0011935083638179265,-0.03982327139093176,-0.004559343239977781
H1_range_to_bull,20240429,生技醫療業,BULL,多頭弱勢,-0.0009375796329221843,-0.02060963277115492,4.5813453992536723e-05
H1_range_to_bull,20240502,生技醫療業,BULL,多頭弱勢,-0.0030809350144291184,-0.014526434057869062,-0.0014152830883786133
H1_range_to_bull,20250925,生技醫療業,BULL,多頭強勢,-0.0063207260250610535,-0.02122920342378054,-0.037573103225241496
H1_range_to_bull,20250930,生技醫療業,BULL,多頭強勢,-0.010789321561519419,-0.019877058562074473,-0.0466624343880747
H1_range_to_bull,20211222,紡織纖維,BULL,多頭弱勢,-0.005304755562153445,0.005327158111288834,-0.023064360804548933
H1_range_to_bull,20220113,紡織纖維,BULL,多頭強勢,-0.005322109778036488,-0.009808413067084347,-0.028671127664301382
H1_range_to_bull,20220208,紡織纖維,BULL,多頭弱勢,-0.00805604826168825,-0.017729670641723923,-0.0049563592566303355
H1_range_to_bull,20230410,紡織纖維,BULL,多頭弱勢,-0.01275681462074912,-0.015416714152769318,-0.026144912828632794
H1_range_to_bull,20240409,紡織纖維,BULL,多頭弱勢,-0.008699188836209378,0.017609490571644737,0.004136853343213592
H1_range_to_bull,20240422,紡織纖維,BULL,多頭強勢,0.01563565049777174,-4.524468492099476e-05,-0.00679569528831081
H1_range_to_bull,20260226,紡織纖維,BULL,多頭弱勢,0.006406771424919272,-0.023056562914228196,-0.10432182731159953
H1_range_to_bull,20260813,紡織纖維,BULL,多頭弱勢,-0.0031878563759263146,-0.012268829176724989,
H1_range_to_bull,20210901,綠能環保,BULL,多頭弱勢,0.005671607346058838,0.008517942301946808,-0.0008549493585642068
H1_range_to_bull,20210903,綠能環保,BULL,多頭弱勢,-0.015510610955560292,0.005543405218160047,-0.004261044363543409
H1_range_to_bull,20211213,綠能環保,BULL,多頭強勢,-0.001302932999152736,0.022063832076973194,0.1653817930049853
H1_range_to_bull,20220207,綠能環保,BULL,多頭強勢,0.03968349143926587,0.08786549713684459,0.13356923410570318
H1_range_to_bull,20220316,綠能環保,BULL,多頭弱勢,0.032891749240761964,0.04197725467444194,0.05065096365005661
H1_range_to_bull,20220408,綠能環保,BULL,多頭強勢,0.02221438905323149,0.03214923912565037,0.03535604602466767
H1_range_to_bull,20230131,綠能環保,BULL,多頭弱勢,-0.008215916708463706,-0.026958316274808353,-0.026987258033887754
H1_range_to_bull,20230217,綠能環保,BULL,多頭弱勢,-0.010012411729959007,0.008069504969592915,-0.006123906875097382
H1_range_to_bull,20230322,綠能環保,BULL,多頭弱勢,-0.010315356450499195,-0.01857313579732431,-0.044528982401297976
H1_range_to_bull,20230406,綠能環保,BULL,多頭弱勢,-0.0004364663187443052,0.0010676737599392,-0.034411588245519265
H1_range_to_bull,20230502,綠能環保,BULL,多頭強勢,0.013461318720776976,0.010698171243034637,-0.009257951256599152
H1_range_to_bull,20230516,綠能環保,BULL,多頭弱勢,-0.004324714909294782,-0.040749034978065694,-0.013990545601770293
H1_range_to_bull,20230609,綠能環保,BULL,多頭弱勢,-0.00862554047000819,0.0022498323292473197,0.00555815485909273
H1_range_to_bull,20230616,綠能環保,BULL,多頭弱勢,0.006970734536486187,0.022839284887411767,0.009785955870596934
H1_range_to_bull,20230717,綠能環保,BULL,多頭強勢,-0.009280432222999924,0.005698789305727897,-0.0022691208337612193
H1_range_to_bull,20230720,綠能環保,BULL,多頭強勢,0.003967626475676885,-0.0017600904643258128,0.0022271758941668704
H1_range_to_bull,20240122,綠能環保,BULL,多頭強勢,-0.009353810100557206,0.024392823924446333,0.06363544793844617
H1_range_to_bull,20240520,綠能環保,BULL,多頭弱勢,-0.02154640344375794,-0.002871875509765507,0.10247971968525804
H1_range_to_bull,20240528,綠能環保,BULL,多頭弱勢,-0.015019621094644423,0.09707266217025158,0.15540997791891595
H1_range_to_bull,20240626,綠能環保,BULL,多頭強勢,0.031410412113749675,0.05113604597347585,0.050881830158374414
H1_range_to_bull,20240819,綠能環保,BULL,多頭強勢,-0.006564362279095704,-0.02331714521746265,-0.04987078244018724
H1_range_to_bull,20260225,綠能環保,BULL,多頭強勢,-0.005796427567711308,-0.025367104463442484,-0.09636840452461691
H1_range_to_bull,20260306,綠能環保,BULL,多頭弱勢,0.0003328006572373317,-0.030300498898358997,-0.10566162043292412
H1_range_to_bull,20260311,綠能環保,BULL,多頭強勢,-0.022277701119165952,-0.04838700972461425,-0.10808846867162623
H1_range_to_bull,20220401,航運業,BULL,多頭強勢,0.004474306511664903,0.05831193646398792,-0.1178552221234423
H1_range_to_bull,20220413,航運業,BULL,多頭弱勢,0.02522210742408011,0.03193710223363137,-0.08651305003545266
H1_range_to_bull,20220429,航運業,BULL,多頭弱勢,0.026462719030298527,-0.007694910057531547,-0.11668274291116107
H1_range_to_bull,20220504,航運業,BULL,多頭強勢,-0.021095851823025938,-0.025952032470509905,-0.1343925121620156
H1_range_to_bull,20230209,航運業,BULL,多頭弱勢,-0.010431113823527391,0.05171444555310763,0.024379815557905596
H1_range_to_bull,20230214,航運業,BULL,多頭弱勢,0.005343533966370894,0.06232448116994051,0.01952755048735237
H1_range_to_bull,20230301,航運業,BULL,多頭強勢,0.0028258735355996684,-0.019034894351397172,-0.04808471901768858
H1_range_to_bull,20230406,航運業,BULL,多頭強勢,0.011603149456218181,-0.03707826378613045,-0.07066273624443309
H1_range_to_bull,20230428,航運業,BULL,多頭弱勢,-0.02662961749017425,-0.02910858513126434,-0.10685926145086772
H1_range_to_bull,20230522,航運業,BULL,多頭弱勢,-0.012736961872534334,-0.004844910452103793,-0.044930698233286444
H1_range_to_bull,20230531,航運業,BULL,多頭弱勢,0.014289660529074363,-0.01048775111614609,-0.03927264519111081
H1_range_to_bull,20240105,航運業,BULL,多頭強勢,-0.028525484788600987,-0.06264170518326909,-0.053953836126111265
H1_range_to_bull,20240403,航運業,BULL,多頭弱勢,0.029236718139255186,0.04755495248024035,0.1104520566567826
H1_range_to_bull,20240417,航運業,BULL,多頭弱勢,0.020481211341556137,0.09273730147543222,0.014855583455794436
H1_range_to_bull,20240614,航運業,BULL,多頭弱勢,-0.004841178971443823,-0.06556200606376786,-0.05775741071418378
H1_range_to_bull,20240620,航運業,BULL,多頭弱勢,-0.003454368954404234,-0.07737830263054585,-0.06517108357051392
H1_range_to_bull,20240625,航運業,BULL,多頭強勢,0.005679983653776408,-0.06259798251708965,-0.061608552768568955
H1_range_to_bull,20240627,航運業,BULL,多頭弱勢,-0.024290667674286042,-0.05562157968844435,-0.03549200083935711
H1_range_to_bull,20240702,航運業,BULL,多頭弱勢,-0.0513693003663325,-0.05739550184565963,-0.039452147094883525
H1_range_to_bull,20251014,航運業,BULL,多頭強勢,-0.021623456180572143,-0.03616286750447889,-0.0242880115576266
H1_range_to_bull,20251016,航運業,BULL,多頭強勢,-0.029941194757032143,-0.03327107376401321,-0.032881659163604124
H1_range_to_bull,20260303,航運業,BULL,多頭強勢,-0.03203146958373601,-0.06298682199929216,-0.13374656161434972
H1_range_to_bull,20260817,航運業,BULL,多頭強勢,0.03071227359928358,0.0033285153545693797,
H1_range_to_bull,20220322,觀光餐旅,BULL,多頭弱勢,-0.0070399844120480285,-0.009807097961487255,0.11284417155019058
H1_range_to_bull,20220408,觀光餐旅,BULL,多頭弱勢,0.011114583701148054,0.05051366432495074,0.125072741689767
H1_range_to_bull,20220429,觀光餐旅,BULL,多頭強勢,0.00981787340725761,0.015522550495101747,0.10293579448039739
H1_range_to_bull,20220915,觀光餐旅,BULL,多頭強勢,0.060010054940821636,0.05743211382274875,0.09771985225291271
H1_range_to_bull,20220930,觀光餐旅,BULL,多頭強勢,0.00929845017553624,-0.042298024050576394,0.019991540422652186
H1_range_to_bull,20221012,觀光餐旅,BULL,多頭強勢,-0.045935665146086636,-0.05303238200363894,0.016270234835482414
H1_range_to_bull,20230111,觀光餐旅,BULL,多頭弱勢,-0.02621366639538287,0.08630475977123843,0.07874235553664358
H1_range_to_bull,20230329,觀光餐旅,BULL,多頭強勢,-0.03244516919459065,-0.035083253221269824,0.20801722779948492
H1_range_to_bull,20230413,觀光餐旅,BULL,多頭弱勢,-0.0008194811771794885,0.04502960293211891,0.13390857369096706
H1_range_to_bull,20230502,觀光餐旅,BULL,多頭弱勢,0.026415827368504157,0.17730640084522464,0.1297424822977062
H1_range_to_bull,20230504,觀光餐旅,BULL,多頭強勢,0.04065138511461122,0.17414154226626313,0.10285976205939174
H1_range_to_bull,20240614,觀光餐旅,BULL,多頭弱勢,-0.015751963847594648,-0.041634244728328024,-0.048703328147555014
H1_range_to_bull,20240625,觀光餐旅,BULL,多頭弱勢,-0.010735064904311434,-0.010306514737484625,-0.04996654821009598
H1_range_to_bull,20210723,貿易百貨,BULL,多頭強勢,-0.004647827100163426,0.016770413119639185,0.034444675876477995
H1_range_to_bull,20230130,貿易百貨,BULL,多頭強勢,-0.02829284436077045,-0.04597636368854821,-0.12458076056044438
H1_range_to_bull,20230522,貿易百貨,BULL,多頭強勢,-0.002739469216167487,-0.028598633828891287,-0.027616700302923743
H1_range_to_bull,20230602,貿易百貨,BULL,多頭弱勢,-0.007364145335810522,-0.02392120909483684,-0.018045664793004304
H1_range_to_bull,20230612,貿易百貨,BULL,多頭弱勢,-0.011631547162523107,-0.009022587934628542,-0.01694560285319254
H1_range_to_bull,20230621,貿易百貨,BULL,多頭弱勢,0.007831530951918391,-0.014665443622122604,0.0029490117313356184
H1_range_to_bull,20230628,貿易百貨,BULL,多頭強勢,-0.012737088626161337,-0.022958650755166808,-0.009237727981766197
H1_range_to_bull,20231226,貿易百貨,BULL,多頭弱勢,0.0038583427588704646,-0.02070727388208747,-0.1058851898402291
H1_range_to_bull,20240619,貿易百貨,BULL,多頭弱勢,-0.00015389728524627845,0.015061957045880904,0.028215711518055547
H1_range_to_bull,20240801,貿易百貨,BULL,多頭弱勢,0.005409468615244523,0.0028523043273831154,0.06372494626933253
H1_range_to_bull,20241022,貿易百貨,BULL,多頭弱勢,-0.013635612416227329,-0.010726194286517152,-0.031062711147846214
H1_range_to_bull,20241105,貿易百貨,BULL,多頭強勢,0.0017317622467724822,-0.0007867602202399245,-0.05300019860857862
H1_range_to_bull,20241202,貿易百貨,BULL,多頭強勢,-0.0034266568710620937,-0.027304416879153942,-0.07131471664406067
H1_range_to_bull,20241206,貿易百貨,BULL,多頭弱勢,0.017618797882706143,-0.03854974414553572,-0.05219086680246682
H1_range_to_bull,20241210,貿易百貨,BULL,多頭弱勢,0.0061751974653368145,-0.04685835539906554,-0.0707085027680558
H1_range_to_bull,20260703,貿易百貨,BULL,多頭弱勢,0.038226070471480904,0.05909013589521375,0.02065428154387395
H1_range_to_bull,20260714,貿易百貨,BULL,多頭強勢,0.013982100156999997,-0.0030904476072725513,
H1_range_to_bull,20260727,貿易百貨,BULL,多頭弱勢,-0.018072226828222297,-0.038226299489647175,
H1_range_to_bull,20211019,資訊服務業,BULL,多頭弱勢,-0.0005996086088374056,-0.009252897448116665,-0.019039957125369766
H1_range_to_bull,20211208,資訊服務業,BULL,多頭弱勢,0.0019552331384076714,-0.0006251703899521587,0.019007101635500998
H1_range_to_bull,20211215,資訊服務業,BULL,多頭弱勢,0.002686127474784401,-0.0018789016913456288,0.019023000232826704
H1_range_to_bull,20220209,資訊服務業,BULL,多頭弱勢,-0.009076168521914415,0.023042786573169143,0.02900648622201251
H1_range_to_bull,20230215,資訊服務業,BULL,多頭強勢,0.036034379433957237,0.15782133322466027,0.3087411244577559
H1_range_to_bull,20230512,資訊服務業,BULL,多頭弱勢,0.03195070237736252,-0.001491426303427662,-0.0001336509053367664
H1_range_to_bull,20230516,資訊服務業,BULL,多頭弱勢,0.009245723780403867,-0.015460712122575819,-0.01549825528084317
H1_range_to_bull,20230615,資訊服務業,BULL,多頭強勢,-0.0054979829556374244,-0.021508565118188078,-0.03539803886981396
H1_range_to_bull,20230629,資訊服務業,BULL,多頭弱勢,-0.009101969338406922,0.024905488982564002,-0.03910298315490807
H1_range_to_bull,20230725,資訊服務業,BULL,多頭強勢,-0.027226236040493523,-0.05150131260757904,-0.04355736036990721
H1_range_to_bull,20231220,資訊服務業,BULL,多頭弱勢,-0.012536886936927387,0.03387631867765273,0.06992988953477808
H1_range_to_bull,20240102,資訊服務業,BULL,多頭弱勢,0.013744137858682148,0.04464127413372413,0.05013186581444015
H1_range_to_bull,20240110,資訊服務業,BULL,多頭強勢,0.017571956153603126,0.0056989652666012205,-0.001596225653525657
H1_range_to_bull,20240408,資訊服務業,BULL,多頭弱勢,-0.022802369286274743,-0.055579270867879005,-0.0725099770511697
H1_range_to_bull,20240624,資訊服務業,BULL,多頭弱勢,-0.009253323971431596,-0.008780266732192971,-0.03538430366238584
H1_range_to_bull,20240628,資訊服務業,BULL,多頭弱勢,0.006331391988394105,-0.012298575452304724,-0.023170062813718143
H1_range_to_bull,20240702,資訊服務業,BULL,多頭弱勢,0.01511361262411978,-0.023285256461647984,-0.0363813259402188
H1_range_to_bull,20241216,資訊服務業,BULL,多頭弱勢,0.0036884289611476178,0.007584083402977358,0.07779368312948462
H1_range_to_bull,20241220,資訊服務業,BULL,多頭弱勢,-0.006722957486354757,-0.004905032575430861,0.06479672742856185
H1_range_to_bull,20250107,資訊服務業,BULL,多頭強勢,-0.023186088457778545,0.04482270766273062,0.07795290767953181
H1_range_to_bull,20250218,資訊服務業,BULL,多頭弱勢,-0.02770962233920274,-0.02375242299836511,0.04271158777893244
H1_range_to_bull,20250327,資訊服務業,BULL,多頭強勢,-3.9781088401080744e-05,0.12372254449441399,0.03523038260560437
H1_range_to_bull,20220218,農業科技,BULL,多頭強勢,-0.017799419643486008,-0.014723706307639244,0.27706837074768026
H1_range_to_bull,20220407,農業科技,BULL,多頭強勢,0.23916663201998822,0.26811487361643654,-0.030694211558446316
H1_range_to_bull,20220506,農業科技,BULL,多頭弱勢,-0.08943817477786141,-0.17756037181082504,-0.24553698033132554
H1_range_to_bull,20230302,農業科技,BULL,多頭強勢,-0.02132722158793368,-0.02898169108873125,-0.11585133083517297
H1_range_to_bull,20230323,農業科技,BULL,多頭弱勢,-0.0035200676623875753,-0.020692133573172365,-0.11258867413133433
H1_range_to_bull,20230331,農業科技,BULL,多頭弱勢,0.007012419541625377,-0.023749741640162865,-0.10804684376003311
H1_range_to_bull,20240102,農業科技,BULL,多頭強勢,-0.00804196602157733,-0.011364962747596984,-0.02004479145419183
H1_range_to_bull,20240123,農業科技,BULL,多頭弱勢,-0.005888408265107304,0.0016827113566863228,-0.05360546794930318
H1_range_to_bull,20240306,農業科技,BULL,多頭弱勢,-0.003966810866074373,0.016894993685300435,-0.035689354066331724
H1_range_to_bull,20240312,農業科技,BULL,多頭弱勢,-0.02190626587917841,-0.022036310664768355,-0.028638272130074388
H1_range_to_bull,20240329,農業科技,BULL,多頭強勢,0.0011863819748285688,-0.035978781685002105,-0.02775896217567178
H1_range_to_bull,20240417,農業科技,BULL,多頭弱勢,0.005424283688317063,-0.03609693751986257,-0.10333252044930372
H1_range_to_bull,20240506,農業科技,BULL,多頭弱勢,-0.01071123233779446,-0.00320209096376263,-0.07996731139626459
H1_range_to_bull,20240517,農業科技,BULL,多頭弱勢,-0.002957825227805894,0.018764906926065843,-0.05014370883172478
H1_range_to_bull,20260312,農業科技,BULL,多頭強勢,-0.016838125002594254,-0.042542355058188264,-0.14459710460197067
H1_range_to_bull,20211126,通信網路業,BULL,多頭弱勢,0.0034076814135785664,0.03168977855211777,-0.05117332743496017
H1_range_to_bull,20220822,通信網路業,BULL,多頭弱勢,0.013887301144473308,0.0053971055681513655,-0.017119923756479576
H1_range_to_bull,20230208,通信網路業,BULL,多頭強勢,0.005160278581657831,0.018044485329774207,0.029322789100814844
H1_range_to_bull,20230307,通信網路業,BULL,多頭強勢,-0.004577391809335422,0.035769679714415394,0.026585407845692688
H1_range_to_bull,20230322,通信網路業,BULL,多頭強勢,0.012804586685305482,-0.011502370472028485,-0.0063459482550605045
H1_range_to_bull,20230502,通信網路業,BULL,多頭弱勢,-0.0060279171092241955,0.01936347179623644,0.08610147988476055
H1_range_to_bull,20230504,通信網路業,BULL,多頭強勢,-0.013908052829216783,0.015199119852890502,0.07169677360714688
H1_range_to_bull,20230518,通信網路業,BULL,多頭強勢,0.004446446524105863,0.0021216315357886206,0.06685917281272911
H1_range_to_bull,20230711,通信網路業,BULL,多頭強勢,0.018459098462486005,-0.014843089403433901,0.03910711637682533
H1_range_to_bull,20230727,通信網路業,BULL,多頭弱勢,-0.013363640786752666,4.65680176997621e-05,0.020265951654727832
H1_range_to_bull,20230824,通信網路業,BULL,多頭強勢,-0.008398320321084368,0.004995189370974939,0.02282434519849074
H1_range_to_bull,20240124,通信網路業,BULL,多頭強勢,0.007119230248961151,0.05549632504714604,-0.03998206035939719
H1_range_to_bull,20240311,通信網路業,BULL,多頭弱勢,-0.013541191921057114,-0.04078509679538045,-0.02818635339796012
H1_range_to_bull,20240325,通信網路業,BULL,多頭弱勢,0.004033034082968864,-0.047946538406101344,0.036528372942198045
H1_range_to_bull,20240401,通信網路業,BULL,多頭弱勢,-0.014033275471415063,-0.04989113477101241,0.027081124704670154
H1_range_to_bull,20240705,通信網路業,BULL,多頭強勢,-0.0020617441800039557,-0.04057548805658501,0.05388166907501652
H1_range_to_bull,20241107,通信網路業,BULL,多頭強勢,-0.0028848766492832467,0.039544619293090666,0.048342596724683815
H1_range_to_bull,20241122,通信網路業,BULL,多頭強勢,0.012213327515971015,0.03115880557374181,0.018112454937064697
H1_range_to_bull,20241129,通信網路業,BULL,多頭強勢,0.007163166875817521,0.017414483378064248,-0.001120430557372912
H1_range_to_bull,20241223,通信網路業,BULL,多頭強勢,0.013781216686516424,0.012430852101704745,-0.06799008636781667
H1_range_to_bull,20241225,通信網路業,BULL,多頭強勢,-0.0018592604809904607,-0.007991211028506525,-0.07661813479688817
H1_range_to_bull,20241231,通信網路業,BULL,多頭強勢,-0.0007021733648874678,0.004597296221175929,-0.1037470005327017
H1_range_to_bull,20250106,通信網路業,BULL,多頭強勢,-0.01611942128755274,-0.007650891946499816,-0.10182213076171505
H1_range_to_bull,20260119,通信網路業,BULL,多頭弱勢,0.014391889160201373,0.08253383566136124,0.12703627985493735
H1_range_to_bull,20260211,通信網路業,BULL,多頭弱勢,0.05180574930273452,0.03203235728766598,0.1215719528524605
H1_range_to_bull,20260311,通信網路業,BULL,多頭弱勢,0.033011810950674944,0.07563806296240465,0.06244207395339864
H1_range_to_bull,20260325,通信網路業,BULL,多頭強勢,-0.0012760691400539956,0.025392400897775558,-0.0012743098653318213
H1_range_to_bull,20260401,通信網路業,BULL,多頭弱勢,0.046542353433413564,0.05164802078191382,-0.03240152174513203
H1_range_to_bull,20260408,通信網路業,BULL,多頭強勢,0.015414679127971315,0.008302714134677553,-0.06866915443251738
H1_range_to_bull,20260505,通信網路業,BULL,多頭強勢,0.015414206931893009,0.036701000765615624,-0.0996013854788615
H1_range_to_bull,20260507,通信網路業,BULL,多頭強勢,0.0012808793245306111,0.002607657487252335,-0.07603697507849448
H1_range_to_bull,20260521,通信網路業,BULL,多頭強勢,-0.003601956647919024,-0.058975130408335526,-0.12226958931620911
H1_range_to_bull,20230208,造紙工業,BULL,多頭弱勢,-0.010453140868363762,-0.044715280853754535,-0.01864630153589833
H1_range_to_bull,20230529,造紙工業,BULL,多頭強勢,0.049818712163296815,0.06675622682093571,0.005034409158254125
H1_range_to_bull,20230531,造紙工業,BULL,多頭弱勢,0.02993424296230622,0.04196300676334785,-0.0021264816475910706
H1_range_to_bull,20230724,造紙工業,BULL,多頭強勢,0.02316071804057662,-0.073872866928685,-0.08345910223672602
H1_range_to_bull,20240514,造紙工業,BULL,多頭弱勢,-0.012215982124930155,-0.05490268664009022,-0.08852615582397796
H1_range_to_bull,20240516,造紙工業,BULL,多頭弱勢,-0.030711450757632566,-0.06404352713613946,-0.10324022188926635
H1_range_to_bull,20260622,造紙工業,BULL,多頭強勢,0.002256499661219987,0.013383281548643655,0.02928737633540516
H1_range_to_bull,20260806,造紙工業,BULL,多頭弱勢,0.00539365881189406,0.01009588430815558,
H1_range_to_bull,20260817,造紙工業,BULL,多頭強勢,0.01212307056112466,-0.016285439544433372,
H1_range_to_bull,20260820,造紙工業,BULL,多頭強勢,-0.022815024263044797,-0.05128731073152018,
H1_range_to_bull,20210802,運動休閒,BULL,多頭強勢,0.021212756074612607,-0.010221591138512266,-0.006880215254175558
H1_range_to_bull,20211230,運動休閒,BULL,多頭弱勢,-0.007010460537398755,0.00010885930305450271,-0.04034998236862332
H1_range_to_bull,20220627,運動休閒,BULL,多頭強勢,-0.0012431979685873853,0.016734607929777504,0.09417495531970593
H1_range_to_bull,20220913,運動休閒,BULL,多頭強勢,-0.020092349899038884,-0.013110542915593548,0.006479048993375806
H1_range_to_bull,20230109,運動休閒,BULL,多頭弱勢,0.00710609901989692,-0.0034394348206080658,-0.082169183733584
H1_range_to_bull,20230411,運動休閒,BULL,多頭弱勢,-0.027556838119184267,-0.03450624913576125,-0.022479673558262206
H1_range_to_bull,20240507,運動休閒,BULL,多頭弱勢,0.016989250180234877,-0.021802967433554005,-0.003712594328609875
H1_range_to_bull,20240527,運動休閒,BULL,多頭弱勢,-0.003571247435868126,-0.024587864467141486,-0.008588468684119692
H1_range_to_bull,20240604,運動休閒,BULL,多頭弱勢,-0.0035129622156630873,-0.05644112006851419,0.013842076195928085
H1_range_to_bull,20240607,運動休閒,BULL,多頭弱勢,-0.006985860207743692,-0.042613295529858576,0.038920128623604416
H1_range_to_bull,20240614,運動休閒,BULL,多頭弱勢,-0.008410393498412723,-0.03368266913986409,0.04735271717192119
H1_range_to_bull,20240620,運動休閒,BULL,多頭弱勢,-0.011010255048134935,-0.007342147411347151,0.03964990037974116
H1_range_to_bull,20241104,運動休閒,BULL,多頭強勢,-0.020546841159286663,-0.014448212868901956,0.009444218366424513
H1_range_to_bull,20211216,金融保險,BULL,多頭弱勢,-0.005175679971075157,0.05748217939090398,0.05843367965271329
H1_range_to_bull,20211221,金融保險,BULL,多頭弱勢,0.012469439646600806,0.06222471063254622,0.065004312294308
H1_range_to_bull,20220207,金融保險,BULL,多頭弱勢,-0.011155014145940216,-0.036413577688131096,-0.028618164214888848
H1_range_to_bull,20220216,金融保險,BULL,多頭弱勢,-0.008459287801393569,0.005641926929410346,-0.019429411512577995
H1_range_to_bull,20230331,金融保險,BULL,多頭弱勢,-0.001192574555354346,-0.001166924024670342,0.004752375509693027
H1_range_to_bull,20230418,金融保險,BULL,多頭弱勢,0.014083369254712964,0.029997830666380322,0.04210694984467396
H1_range_to_bull,20230630,金融保險,BULL,多頭弱勢,0.002112304800347768,0.048094065766745436,0.03711565476363921
H1_range_to_bull,20230711,金融保險,BULL,多頭強勢,0.017110149865502692,0.04517264701665727,0.01282309888382542
H1_range_to_bull,20230714,金融保險,BULL,多頭強勢,0.008050887671990067,0.025831033796139255,0.01548388614922612
H1_range_to_bull,20240129,金融保險,BULL,多頭弱勢,-0.004687689719421312,0.024766685522934095,0.07796172801460025
H1_range_to_bull,20240425,金融保險,BULL,多頭強勢,0.034840982310459706,0.022072029022245372,0.022604463518471632
H1_range_to_bull,20240531,金融保險,BULL,多頭弱勢,0.01585634813529898,0.00867705220657309,-0.007360133580581969
H1_range_to_bull,20240605,金融保險,BULL,多頭弱勢,-0.007605266118451068,-0.0093456028726783,-0.022010007640352863
H1_range_to_bull,20250320,金融保險,BULL,多頭弱勢,0.02252918628152118,0.05468591444464466,0.047224870977645175
H1_range_to_bull,20250324,金融保險,BULL,多頭強勢,0.02185632591017688,0.03547048396460188,0.04272543530932045
H1_range_to_bull,20250909,金融保險,BULL,多頭弱勢,0.00486734472437563,0.02518442092598023,0.06867944161707266
H1_range_to_bull,20251103,金融保險,BULL,多頭強勢,0.010215485339757257,0.011553015366821625,0.04027652725979549
H1_range_to_bull,20251120,金融保險,BULL,多頭強勢,-0.024735983140993463,0.0071574080889826724,0.056354965477689034
H1_range_to_bull,20251124,金融保險,BULL,多頭強勢,-0.012721327314055456,0.008849992682649452,0.05237176473586025
H1_range_to_bull,20260225,金融保險,BULL,多頭弱勢,-0.022843019475666408,-0.02066420420018689,0.014313348682354354
H1_range_to_bull,20260325,金融保險,BULL,多頭弱勢,0.007319078535912479,0.006778026833812512,0.10867349892056578
H1_range_to_bull,20260327,金融保險,BULL,多頭強勢,0.022006860075513147,0.01771989821105916,0.1410129838395632
H1_range_to_bull,20260525,金融保險,BULL,多頭弱勢,0.04404776802467167,0.09385794754344107,0.11001274000512916
H1_range_to_bull,20260703,金融保險,BULL,多頭弱勢,0.01810715887927155,0.04442732335984981,0.08582958823429476
H1_range_to_bull,20261007,金融保險,BULL,多頭弱勢,,,
H1_range_to_bull,20210802,鋼鐵工業,BULL,多頭強勢,-0.028485895525259694,-0.003972034496945366,-0.1302025377118908
H1_range_to_bull,20210830,鋼鐵工業,BULL,多頭強勢,-0.029557988564303764,-0.06598733623649664,-0.12637859918318234
H1_range_to_bull,20220302,鋼鐵工業,BULL,多頭強勢,0.018028397248761957,0.01211482977964912,-0.0689374226276506
H1_range_to_bull,20220408,鋼鐵工業,BULL,多頭弱勢,0.0017825626572346561,-0.07335180829659915,-0.1506417592264011
H1_range_to_bull,20220419,鋼鐵工業,BULL,多頭弱勢,-0.03481194511228919,-0.07319902776179725,-0.14897333987352804
H1_range_to_bull,20230109,鋼鐵工業,BULL,多頭弱勢,0.006119188432656712,-0.0060418174742386185,-0.06101221464798451
H1_range_to_bull,20230216,鋼鐵工業,BULL,多頭弱勢,-0.011726985723579792,-0.019991327746531888,-0.08057755867630126
H1_range_to_bull,20230307,鋼鐵工業,BULL,多頭弱勢,0.009633750515268876,-0.02437539134810082,-0.07466410514028371
H1_range_to_bull,20230410,鋼鐵工業,BULL,多頭弱勢,-0.004457283824675525,-0.024154751817899354,-0.0778411666489543
H1_range_to_bull,20240215,鋼鐵工業,BULL,多頭弱勢,-0.008595954886782605,-0.005743365506956952,-0.015201592469568856
H1_range_to_bull,20240226,鋼鐵工業,BULL,多頭弱勢,-0.005891351929618777,-0.008571192282592077,-0.013133044819896508
H1_range_to_bull,20240312,鋼鐵工業,BULL,多頭弱勢,0.004707655101144037,0.015375160893782824,-0.025862113997525
H1_range_to_bull,20240314,鋼鐵工業,BULL,多頭弱勢,-0.011942171382132483,0.011069450146953914,-0.04212538355870872
H1_range_to_bull,20240423,鋼鐵工業,BULL,多頭弱勢,-0.006621929925113325,-0.01451880403196671,-0.09438650297793617
H1_range_to_bull,20240510,鋼鐵工業,BULL,多頭弱勢,0.015577100100459373,-0.023066305201268487,-0.04741404606279635
H1_range_to_bull,20240527,鋼鐵工業,BULL,多頭弱勢,-0.015548274407179881,-0.04419234168347456,-0.06012331971463428
H1_range_to_bull,20240531,鋼鐵工業,BULL,多頭弱勢,-0.0037102542158241932,-0.04192540949323855,-0.04647564645378211
H1_range_to_bull,20240607,鋼鐵工業,BULL,多頭弱勢,-0.01092215112606129,-0.0539430998112038,-0.04928798256817166
H1_range_to_bull,20240620,鋼鐵工業,BULL,多頭弱勢,-0.02107105237745191,-0.0414803753261816,-0.017991204957984664
H1_range_to_bull,20260225,鋼鐵工業,BULL,多頭弱勢,0.009390159929678683,0.0005528304197428523,-0.04666296672095603
H1_range_to_bull,20260320,鋼鐵工業,BULL,多頭強勢,-0.008870220855349534,-0.05935197978790253,-0.09036960164720244
H1_range_to_bull,20260324,鋼鐵工業,BULL,多頭強勢,-0.002801666160700117,-0.04907428963641247,-0.0735902520552372
H1_range_to_bull,20261001,鋼鐵工業,BULL,多頭強勢,,,
H1_range_to_bull,20211229,電器電纜,BULL,多頭強勢,-0.01910603874952828,-0.001488652051768423,-0.004605402347177346
H1_range_to_bull,20220208,電器電纜,BULL,多頭弱勢,-0.006214086137148898,0.003973922055568128,0.005107163004267348
H1_range_to_bull,20220301,電器電纜,BULL,多頭弱勢,0.0011780562206490236,-0.0004419105793795376,-0.000631974242295337
H1_range_to_bull,20220314,電器電纜,BULL,多頭弱勢,0.001611433089412223,0.01468923502728716,-0.020412242751972
H1_range_to_bull,20220317,電器電纜,BULL,多頭弱勢,0.0039711814055936965,0.028636068859220067,-0.009055428571171996
H1_range_to_bull,20220414,電器電纜,BULL,多頭強勢,0.003958719129473467,-0.0398245926741224,-0.07361401244279422
H1_range_to_bull,20230116,電器電纜,BULL,多頭強勢,0.009129961105057392,-0.011563119508839426,-0.017739136560969704
H1_range_to_bull,20230315,電器電纜,BULL,多頭強勢,-0.011083958385274602,-0.01719926540179638,0.03363851440392275
H1_range_to_bull,20230320,電器電纜,BULL,多頭強勢,-0.004940217335135212,-0.0006453048738024776,0.03400006279514056
H1_range_to_bull,20230428,電器電纜,BULL,多頭弱勢,-0.004031175061762893,0.018001712189863586,0.07463443297591194
H1_range_to_bull,20230510,電器電纜,BULL,多頭弱勢,0.021816186546001697,0.05757169102475088,0.08317846262373771
H1_range_to_bull,20230512,電器電纜,BULL,多頭強勢,0.0161741035151498,0.02722866301391505,0.07105189490019251
H1_range_to_bull,20230516,電器電纜,BULL,多頭強勢,-0.006160339454923804,0.013170997396289248,0.049997366138636784
H1_range_to_bull,20230703,電器電纜,BULL,多頭弱勢,0.042132522274597975,0.032428914485965805,0.0401341499068627
H1_range_to_bull,20230720,電器電纜,BULL,多頭弱勢,0.0032814707439909295,0.02117662495907078,0.0003215638692616249
H1_range_to_bull,20230725,電器電纜,BULL,多頭強勢,0.04674081534496571,0.0006555938204413567,-0.00587302742719132
H1_range_to_bull,20230801,電器電纜,BULL,多頭弱勢,-0.03913448576505342,-0.04364519931498041,-0.05434703413100688
H1_range_to_bull,20240327,電器電纜,BULL,多頭強勢,-0.005343508830951289,0.07969957770805505,0.07840109981849389
H1_range_to_bull,20240516,電器電纜,BULL,多頭弱勢,-0.022538839890974795,0.006583515331224268,-0.030622459657849536
H1_range_to_bull,20240607,電器電纜,BULL,多頭強勢,0.02805547867889005,0.0009758090716725162,-0.058961254400381885
H1_range_to_bull,20240704,電器電纜,BULL,多頭弱勢,0.01854356709937819,-0.010248522448525144,-0.04031058532900628
H1_range_to_bull,20240709,電器電纜,BULL,多頭強勢,0.005132584495200206,0.0005698876030099526,-0.057547616698893404
H1_range_to_bull,20240712,電器電纜,BULL,多頭強勢,-0.018422072621467535,-0.0066046605710026254,-0.07028438317136362
H1_range_to_bull,20240718,電器電纜,BULL,多頭強勢,-0.012293693037281665,-0.004221516562529257,-0.07772220536143531
H1_range_to_bull,20250926,電器電纜,BULL,多頭強勢,0.011967530724894626,0.005549373877810192,-0.02078929019648026
H1_range_to_bull,20251016,電器電纜,BULL,多頭弱勢,0.005649630265372596,-0.007838865627093728,-0.025747635689467738
H1_range_to_bull,20251103,電器電纜,BULL,多頭強勢,-0.025394540674536937,-0.040952337151205276,-0.01790828413955179
H1_range_to_bull,20260713,電器電纜,BULL,多頭弱勢,-0.029556802627978558,-0.0010156180764983244,-0.009280939192932311
H1_range_to_bull,20260715,電器電纜,BULL,多頭弱勢,-0.027153337413216537,0.006200600653346763,
H1_range_to_bull,20210809,電子通路業,BULL,多頭強勢,0.017855913743786457,0.02010454010913369,0.04896526479183233
H1_range_to_bull,20210827,電子通路業,BULL,多頭弱勢,0.003478842560173461,0.026180765169163445,0.08727933642905744
H1_range_to_bull,20210914,電子通路業,BULL,多頭強勢,0.012484798380558415,0.009755514234203413,0.1043435856099551
H1_range_to_bull,20211019,電子通路業,BULL,多頭弱勢,-0.0007741697283199581,0.029829927426233555,0.07608801609637006
H1_range_to_bull,20220110,電子通路業,BULL,多頭弱勢,0.008368503598379044,0.008402283320105841,0.000783572977989172
H1_range_to_bull,20220209,電子通路業,BULL,多頭弱勢,0.007879916494649789,0.01961420365815712,0.026497204910874365
H1_range_to_bull,20220225,電子通路業,BULL,多頭弱勢,-0.0004753873167922043,0.0012855010469594065,0.04606266667529338
H1_range_to_bull,20220310,電子通路業,BULL,多頭強勢,-0.005843004641922627,-0.013167223252416465,0.019987147476813814
H1_range_to_bull,20220421,電子通路業,BULL,多頭弱勢,0.007794621024836586,0.05466340985954298,0.02087196557644029
H1_range_to_bull,20230322,電子通路業,BULL,多頭強勢,0.000755019321283742,-0.018412034991910103,-0.05894833712676405
H1_range_to_bull,20230329,電子通路業,BULL,多頭弱勢,-0.00728927505229208,-0.02365594774437297,-0.060948813529609264
H1_range_to_bull,20230502,電子通路業,BULL,多頭弱勢,-0.0033045995106516122,-0.011914946157230644,-0.04191659277518626
H1_range_to_bull,20230519,電子通路業,BULL,多頭弱勢,0.002933886131898172,-0.016998077677732655,-0.020696965531822643
H1_range_to_bull,20240109,電子通路業,BULL,多頭強勢,0.02212500304240733,0.10399889246952625,0.09853272631160662
H1_range_to_bull,20240325,電子通路業,BULL,多頭強勢,0.002194387496022873,-0.01642207175822634,0.02909184958817082
H1_range_to_bull,20240401,電子通路業,BULL,多頭弱勢,0.015523418130557931,0.000898831842734607,0.0403416665473134
H1_range_to_bull,20240417,電子通路業,BULL,多頭弱勢,-0.012859250967502381,0.009336161684391851,0.044676017018571185
H1_range_to_bull,20240429,電子通路業,BULL,多頭弱勢,0.01076004926632634,0.05157143618136305,0.004176513865859453
H1_range_to_bull,20250916,電子通路業,BULL,多頭弱勢,0.005931526634773646,0.017094733942534458,0.051938828583389704
H1_range_to_bull,20251007,電子通路業,BULL,多頭強勢,0.002240442790473398,0.012856323306567476,0.09605575918651409
H1_range_to_bull,20251017,電子通路業,BULL,多頭弱勢,0.009231338914835178,0.02611500631366489,0.09710655825017653
H1_range_to_bull,20251106,電子通路業,BULL,多頭強勢,0.03401025890937743,0.009888305951918565,0.08431641136637988
H1_range_to_bull,20251110,電子通路業,BULL,多頭強勢,-0.006816834202924872,0.004723589320658153,0.04815225226918861
H1_range_to_bull,20251127,電子通路業,BULL,多頭弱勢,0.0011050942042643208,0.025533235678499123,0.06655103490474945
H1_range_to_bull,20251202,電子通路業,BULL,多頭弱勢,0.022765301429307088,0.0657316716757362,0.10099423683187235
H1_range_to_bull,20260114,電子通路業,BULL,多頭強勢,-0.011479152282502555,0.005754511583585224,0.08216299321770537
H1_range_to_bull,20260129,電子通路業,BULL,多頭弱勢,-0.013243308906951898,0.02230616374705807,0.14192641666599978
H1_range_to_bull,20260225,電子通路業,BULL,多頭強勢,-0.015924862494784912,0.022785945424581674,0.2075974618921823
H1_range_to_bull,20260316,電子通路業,BULL,多頭強勢,-0.017751321805061126,0.00043248362979842955,0.12537041200218532
H1_range_to_bull,20260408,電子通路業,BULL,多頭強勢,0.022402404215695698,0.08921446331279816,0.15027607142491045
H1_range_to_bull,20260617,電子通路業,BULL,多頭弱勢,0.0004517517899695449,-0.03917715669303118,-0.06346930684085282
H1_range_to_bull,20260702,電子通路業,BULL,多頭弱勢,-0.0022290854327750853,-0.03930822562988934,-0.06267921510401958
H1_range_to_bull,20210806,電子零組件業,BULL,多頭強勢,-0.02807822440387453,-0.014267691547328057,0.0013303720776903262
H1_range_to_bull,20211224,電子零組件業,BULL,多頭強勢,0.008952206392143905,-0.029152082187505896,-0.05539589468648145
H1_range_to_bull,20220209,電子零組件業,BULL,多頭強勢,-0.0030319925560709144,-0.036513704040638376,-0.07952639073644274
H1_range_to_bull,20220216,電子零組件業,BULL,多頭弱勢,-0.014937673519151397,-0.03695800965349094,-0.06455318834237606
H1_range_to_bull,20230202,電子零組件業,BULL,多頭強勢,-0.0071049193797499376,-0.00856107663640393,0.009078634907302166
H1_range_to_bull,20230322,電子零組件業,BULL,多頭強勢,0.000669225632740741,-0.00813144530625662,-0.0034902530651530345
H1_range_to_bull,20230428,電子零組件業,BULL,多頭弱勢,0.0003002043234650916,0.014142608087180613,0.044853776208548864
H1_range_to_bull,20230517,電子零組件業,BULL,多頭弱勢,0.007742276367161363,0.008645098783101372,0.07305229208719187
H1_range_to_bull,20230629,電子零組件業,BULL,多頭弱勢,0.01571980677595395,0.046781456917527164,0.09297760781120884
H1_range_to_bull,20230807,電子零組件業,BULL,多頭弱勢,0.013415679033119743,0.042798835237139995,0.027262234838073475
H1_range_to_bull,20230817,電子零組件業,BULL,多頭強勢,0.0015885299771138622,0.020598177223685826,0.008547741901617816
H1_range_to_bull,20230823,電子零組件業,BULL,多頭強勢,0.008104560923225998,0.009141882609081789,0.011042669028844466
H1_range_to_bull,20231006,電子零組件業,BULL,多頭強勢,-0.009555690315947617,-0.0007606352833632122,-0.01599370727624111
H1_range_to_bull,20240201,電子零組件業,BULL,多頭弱勢,0.025276414427967218,0.015864731589172634,-0.015103471905612911
H1_range_to_bull,20240325,電子零組件業,BULL,多頭弱勢,0.004953259099381066,-0.03728250689783934,0.005988149245215985
H1_range_to_bull,20240328,電子零組件業,BULL,多頭弱勢,0.0034093253735136275,-0.03580209576761632,0.0008326160028573892
H1_range_to_bull,20240401,電子零組件業,BULL,多頭弱勢,-0.001754887574356689,-0.04219841620654123,-0.004635158119833296
H1_range_to_bull,20240712,電子零組件業,BULL,多頭弱勢,-0.024316827721900004,-0.029363615558816065,-0.00030866423116735625
H1_range_to_bull,20250818,電子零組件業,BULL,多頭強勢,0.0024178258995578277,0.0019457568142642523,0.07541770102497254
H1_range_to_bull,20250918,電子零組件業,BULL,多頭強勢,-0.007153090994736724,0.04256833186667706,0.08148637692823468
H1_range_to_bull,20250930,電子零組件業,BULL,多頭弱勢,0.015539896922263027,0.05831957933016593,0.10497974518033627
H1_range_to_bull,20251016,電子零組件業,BULL,多頭弱勢,0.03400989969717207,0.03658561050117266,0.11905589510000376
H1_range_to_bull,20251106,電子零組件業,BULL,多頭弱勢,0.014708338191280541,0.027154866943414492,0.09794601185791649
H1_range_to_bull,20251112,電子零組件業,BULL,多頭強勢,-0.0009415947240853824,0.023263928856783883,0.08279710510176372
H1_range_to_bull,20260113,電子零組件業,BULL,多頭弱勢,0.009448719502539452,0.012984571668670711,0.21607050846648912
H1_range_to_bull,20260223,電子零組件業,BULL,多頭強勢,-0.011660457748931485,0.022496113055315292,0.31749014499414363
H1_range_to_bull,20260305,電子零組件業,BULL,多頭弱勢,0.005817527785474583,0.01848468466858066,0.3511418515868854
H1_range_to_bull,20260311,電子零組件業,BULL,多頭強勢,0.039120391751698666,0.08914616556139847,0.3643687613656226
H1_range_to_bull,20260325,電子零組件業,BULL,多頭弱勢,-0.01013825805113048,0.11872665913485775,0.370569811393787
H1_range_to_bull,20260401,電子零組件業,BULL,多頭弱勢,0.0707036562839854,0.1848319041067618,0.39966403045933097
H1_range_to_bull,20260408,電子零組件業,BULL,多頭強勢,0.05266789678933423,0.13120632562595472,0.3303000619504452
H1_range_to_bull,20260630,電子零組件業,BULL,多頭弱勢,-0.03676085580990287,-0.1816413640801793,-0.07794845048545038
H1_range_to_bull,20211213,電機機械,BULL,多頭弱勢,-0.009269742308974257,-0.004363992383977406,-0.017003496181173094
H1_range_to_bull,20220208,電機機械,BULL,多頭強勢,-0.0027064429625078693,-0.017156868362373397,-0.023140883303853485
H1_range_to_bull,20220812,電機機械,BULL,多頭弱勢,0.010288604368432316,0.008947367161187518,-0.007171142696988944
H1_range_to_bull,20230223,電機機械,BULL,多頭強勢,0.01293464099190985,0.022755016989394798,0.03697468672105389
H1_range_to_bull,20230322,電機機械,BULL,多頭弱勢,0.0009584645911420132,0.005693059950053895,0.05756101404483506
H1_range_to_bull,20230428,電機機械,BULL,多頭弱勢,-0.005982710972828232,0.0022679626480336546,0.05784131068823923
H1_range_to_bull,20230517,電機機械,BULL,多頭弱勢,0.0037584770538304363,0.04409169160069403,0.0628756074045873
H1_range_to_bull,20230614,電機機械,BULL,多頭強勢,0.012607793258358976,0.03290460918352208,0.012900760479253787
H1_range_to_bull,20240108,電機機械,BULL,多頭弱勢,0.012201581816057367,0.02513632469735062,0.08748855959688448
H1_range_to_bull,20240115,電機機械,BULL,多頭強勢,-0.003805713556151169,0.02478740764058915,0.06299716917568537
H1_range_to_bull,20240326,電機機械,BULL,多頭強勢,0.0002523338869141567,-0.011395220453801098,0.022539946896571114
H1_range_to_bull,20240417,電機機械,BULL,多頭弱勢,-0.012344414611093127,-0.021751866675694655,0.055326096565148336
H1_range_to_bull,20240424,電機機械,BULL,多頭弱勢,-0.016535450970492065,-0.0020433870660986203,0.056631806962868736
H1_range_to_bull,20240426,電機機械,BULL,多頭弱勢,0.003924918648501207,0.023602191409502364,0.06882226314743559
H1_range_to_bull,20240814,電機機械,BULL,多頭強勢,-0.0023122501587769153,0.02773502668629505,0.022269777283289934
H1_range_to_bull,20240902,電機機械,BULL,多頭強勢,-0.014161961736476478,-0.009792987220799309,-0.017285701124184396
H1_range_to_bull,20240913,電機機械,BULL,多頭弱勢,0.0037171933777247444,0.010089865777056999,-0.016952497994393585
H1_range_to_bull,20241017,電機機械,BULL,多頭強勢,0.0006789104942152863,-0.02980594608060695,-0.015336947233842615
H1_range_to_bull,20241106,電機機械,BULL,多頭強勢,-0.017285250997189062,-0.02936892437594142,-0.01237664175057955
H1_range_to_bull,20251007,電機機械,BULL,多頭強勢,0.0020390569457941843,-0.009579611511831308,-0.016068705064458254
H1_range_to_bull,20260226,電機機械,BULL,多頭弱勢,-0.04434747359981431,-0.040539043418409304,0.030413004088219044
H1_range_to_bull,20260603,電機機械,BULL,多頭弱勢,-0.030167010866669307,-0.027012337677535178,-0.04728532976570962
H1_range_to_bull,20260609,電機機械,BULL,多頭弱勢,-0.0045628245737518,-0.010602867958271329,-0.020619867100836617
H1_range_to_bull,20260622,電機機械,BULL,多頭弱勢,-0.008030135184572965,-0.006279744490399586,-0.025480073191335016
H1_range_to_bull,20260702,電機機械,BULL,多頭強勢,-0.004258980919147531,-0.022139222523017144,-0.02252271699432079
H1_range_to_bull,20211214,電腦及週邊設備業,BULL,多頭強勢,0.004895882474650922,-0.006327744745301969,-0.03960602265025163
H1_range_to_bull,20220209,電腦及週邊設備業,BULL,多頭強勢,-0.0023163831389163753,-0.028967218720767924,-0.06047145383210085
H1_range_to_bull,20220216,電腦及週邊設備業,BULL,多頭弱勢,-0.018963395914969174,-0.031925541599770124,-0.04647899560759323
H1_range_to_bull,20230110,電腦及週邊設備業,BULL,多頭弱勢,0.000588830415819596,0.01615839647922014,0.0608264401378229
H1_range_to_bull,20230117,電腦及週邊設備業,BULL,多頭弱勢,0.00565257720931054,0.01888491196270692,0.06928082145554514
H1_range_to_bull,20230317,電腦及週邊設備業,BULL,多頭弱勢,0.02661826725733562,0.02572180793961526,0.18383209360630726
H1_range_to_bull,20230428,電腦及週邊設備業,BULL,多頭強勢,0.006434226992426772,0.07647142716542067,0.2666709950103801
H1_range_to_bull,20230512,電腦及週邊設備業,BULL,多頭強勢,0.017482346165368694,0.10381958724431675,0.1957105116469177
H1_range_to_bull,20240126,電腦及週邊設備業,BULL,多頭弱勢,0.012459919381299159,0.034114055599471206,-0.04156153103161349
H1_range_to_bull,20240201,電腦及週邊設備業,BULL,多頭弱勢,0.010910506364311432,0.009397035963123204,-0.05467754048531061
H1_range_to_bull,20240311,電腦及週邊設備業,BULL,多頭弱勢,-0.005096005164364967,-0.016938760698059555,-0.012352072797725835
H1_range_to_bull,20240320,電腦及週邊設備業,BULL,多頭強勢,-0.012773045325818303,-0.07351725535450103,-0.01545869347046444
H1_range_to_bull,20240626,電腦及週邊設備業,BULL,多頭弱勢,0.016349609987514616,-0.03856045080771156,-0.021195722847726448
H1_range_to_bull,20240628,電腦及週邊設備業,BULL,多頭弱勢,0.0009204735711164057,-0.043384715478753555,-0.031103880306975754
H1_range_to_bull,20241226,電腦及週邊設備業,BULL,多頭強勢,0.009578809829693277,-0.003578529958797979,-0.019750382888329823
H1_range_to_bull,20250910,電腦及週邊設備業,BULL,多頭強勢,-0.00012288144048904978,-0.010195762151780575,-0.03557381187969423
H1_range_to_bull,20250918,電腦及週邊設備業,BULL,多頭弱勢,-0.016138322806774644,0.012269992864189486,-0.0336467509202113
H1_range_to_bull,20251007,電腦及週邊設備業,BULL,多頭強勢,-0.0017241333108811907,-0.01052954325112012,-0.029685744736257534
H1_range_to_bull,20251016,電腦及週邊設備業,BULL,多頭弱勢,0.014299329419446694,-0.02478421448033823,-0.03241776630903419
H1_range_to_bull,20251021,電腦及週邊設備業,BULL,多頭強勢,-0.0006577391228370123,-0.04535934192133969,-0.05445075285152089
H1_range_to_bull,20251103,電腦及週邊設備業,BULL,多頭弱勢,-0.006710915785513184,-0.0462563440927396,-0.05837538589682365
H1_range_to_bull,20260416,電腦及週邊設備業,BULL,多頭強勢,0.029675314000833678,0.06932414643229343,0.07584356056950423
H1_range_to_bull,20260612,電腦及週邊設備業,BULL,多頭弱勢,-0.012119984517965235,-0.033528156667654296,-0.0196761751395383
H1_range_to_bull,20260617,電腦及週邊設備業,BULL,多頭弱勢,-0.027328049365448016,-0.05255604313917811,-0.018434712050573995
H1_range_to_bull,20260703,電腦及週邊設備業,BULL,多頭強勢,-0.020007159473855514,-3.1673690885719585e-05,0.003404720876617813
H1_range_to_bull,20210802,食品工業,BULL,多頭強勢,0.005240001999082047,0.0030779980630559964,0.016169710174581055
H1_range_to_bull,20211202,食品工業,BULL,多頭強勢,0.005025169293179976,-0.006489934280558128,0.018961568959469554
H1_range_to_bull,20211206,食品工業,BULL,多頭弱勢,0.005686568722518368,-0.007913858767344496,0.0153803325043218
H1_range_to_bull,20220208,食品工業,BULL,多頭弱勢,0.022090221153899928,0.00862402294706122,0.053227182579219504
H1_range_to_bull,20220325,食品工業,BULL,多頭弱勢,-0.005050264741859535,0.05149247139563031,0.052518764409586347
H1_range_to_bull,20220415,食品工業,BULL,多頭強勢,0.02203152543870588,0.002320513560996322,0.04556083557537098
H1_range_to_bull,20220428,食品工業,BULL,多頭強勢,-0.00877272615380386,-0.03328335059749841,0.004218266743263435
H1_range_to_bull,20230322,食品工業,BULL,多頭弱勢,-0.0028850944896878818,0.006070655100856607,-0.05281636581872372
H1_range_to_bull,20230331,食品工業,BULL,多頭強勢,-0.01608275291511682,-0.017020251152738204,-0.05892473431909946
H1_range_to_bull,20230424,食品工業,BULL,多頭強勢,-0.01644727065515877,-0.009137803282117718,-0.03686880289509003
H1_range_to_bull,20230607,食品工業,BULL,多頭弱勢,-0.00975877798143453,-0.006771817778618422,-0.0028778170997342915
H1_range_to_bull,20230621,食品工業,BULL,多頭弱勢,0.005503004453755217,0.025627294184420696,0.0018584725875890468
H1_range_to_bull,20240322,食品工業,BULL,多頭弱勢,0.014085787470550908,-0.015905572620929214,-0.036580714213823015
H1_range_to_bull,20240429,食品工業,BULL,多頭弱勢,-0.00028649747983522725,-0.01594103231133738,0.023388403016972946
H1_range_to_bull,20240819,食品工業,BULL,多頭弱勢,-0.0013486931482045942,0.002226364553288611,-0.018873306907202757
H1_range_to_bull,20240821,食品工業,BULL,多頭弱勢,-0.010042642081497263,-0.00992100617978087,-0.019354337511290468
X_bear_to_range,20220520,光電業,RANGE,盤整強勢,-7.905316690251171e-05,-0.019087778835217294,0.011401400957848824
X_bear_to_range,20220718,光電業,RANGE,盤整強勢,0.0009715422195559504,0.033118230925211586,-0.006508228355832604
X_bear_to_range,20221101,光電業,RANGE,盤整強勢,0.011665356400226944,0.011612075194767646,-0.022581966769002038
X_bear_to_range,20231113,光電業,RANGE,盤整弱勢,0.017182627682636543,0.025961553256270857,0.08756208954983835
X_bear_to_range,20250206,光電業,RANGE,盤整弱勢,-0.0024329946583396163,-0.009352205613568601,-0.036445111385418186
X_bear_to_range,20250424,光電業,RANGE,盤整強勢,-0.0183740432280414,0.012408410755619832,-0.002411366000643792
X_bear_to_range,20250605,光電業,RANGE,盤整弱勢,-0.0005379766460415821,0.0011093667199797794,0.08929105077208348
X_bear_to_range,20220722,其他,RANGE,盤整弱勢,0.003784417005651761,0.0035472372810594344,0.0418600899270653
X_bear_to_range,20220805,其他,RANGE,盤整弱勢,-0.0053622478616454465,0.006625003447909644,0.03188042806008516
X_bear_to_range,20250428,其他,RANGE,盤整弱勢,0.0008925817293821041,0.005731779320176648,-0.009110206097734578
X_bear_to_range,20250604,其他,RANGE,盤整強勢,-0.0030313810492416694,-0.0031573340711442263,-0.03768827071040821
X_bear_to_range,20250609,其他,RANGE,盤整弱勢,-0.0025744333878416122,0.00614747498598827,-0.023746021270279062
X_bear_to_range,20250825,其他,RANGE,盤整弱勢,0.016314863961609864,0.019961185710493396,0.01494896925075042
X_bear_to_range,20220518,其他電子業,RANGE,盤整強勢,-0.0019064612523156943,0.0018541809347405133,0.011098267591539451
X_bear_to_range,20220718,其他電子業,RANGE,盤整強勢,0.003587196539978717,0.027134040117002586,0.006712579633626745
X_bear_to_range,20250425,其他電子業,RANGE,盤整強勢,-0.011324774959916264,0.009529635163247202,0.06643122211863613
X_bear_to_range,20250603,其他電子業,RANGE,盤整弱勢,0.01021495396502186,0.02495208455224202,0.18022112747497496
X_bear_to_range,20220721,化學工業,RANGE,盤整弱勢,-0.012604793445237038,-0.006518390571690097,-0.0260836385211837
X_bear_to_range,20220805,化學工業,RANGE,盤整弱勢,0.009012089028901011,0.03521500160058169,-0.012676461391558105
X_bear_to_range,20231002,化學工業,RANGE,盤整弱勢,0.0047683211748724245,0.00627421359495145,-0.018612664761761114
X_bear_to_range,20231012,化學工業,RANGE,盤整強勢,0.01808336693067083,0.002734625561417651,-0.02625461899608346
X_bear_to_range,20250117,化學工業,RANGE,盤整強勢,-0.011945617463582825,-0.012451162251904013,-0.03450746026202717
X_bear_to_range,20250205,化學工業,RANGE,盤整弱勢,0.005813883719114992,0.025014276081270232,-0.0261453373774041
X_bear_to_range,20250416,化學工業,RANGE,盤整弱勢,-0.0033471920825975487,0.008417697076467945,-0.0010607189815122833
X_bear_to_range,20250605,化學工業,RANGE,盤整弱勢,-0.008979309019753278,-0.011359373706659922,0.039109693530247555
X_bear_to_range,20220517,半導體業,RANGE,盤整強勢,-0.017202225585865406,-0.0380715720943052,-0.13716146044040528
X_bear_to_range,20220720,半導體業,RANGE,盤整強勢,-0.03388855097637881,-0.021604527244511437,-0.1103080174232704
X_bear_to_range,20220812,半導體業,RANGE,盤整強勢,-0.004017718445329114,-0.035698138184373146,-0.05469652244332891
X_bear_to_range,20221101,半導體業,RANGE,盤整強勢,0.029682256532974204,0.05820903060741961,0.08204179095038422
X_bear_to_range,20241224,半導體業,RANGE,盤整強勢,-0.013199820163952727,-0.03663478284840786,-0.08465168962359815
X_bear_to_range,20250120,半導體業,RANGE,盤整強勢,-0.005163872656517476,-0.009438074490599649,-0.08662284307796117
X_bear_to_range,20250425,半導體業,RANGE,盤整強勢,-0.029790970359123172,-0.0011919938557712062,0.0558382448501485
X_bear_to_range,20250605,半導體業,RANGE,盤整強勢,0.007661408953817528,0.03209355766369674,0.06655120787078665
X_bear_to_range,20210923,塑膠工業,RANGE,盤整強勢,0.0090039044736486,-0.008061417400347904,-0.06871432611719935
X_bear_to_range,20211005,塑膠工業,RANGE,盤整弱勢,-0.016608923320764146,-0.06527407193393138,-0.08847358445414387
X_bear_to_range,20211007,塑膠工業,RANGE,盤整弱勢,-0.004552481989350778,-0.05167649652697305,-0.0801052825231924
X_bear_to_range,20211013,塑膠工業,RANGE,盤整弱勢,-0.0040657456496183166,-0.04060218642842815,-0.04795984035829329
X_bear_to_range,20220523,塑膠工業,RANGE,盤整強勢,-0.010983988104895662,-0.0046978321176334055,-0.07486492189193267
X_bear_to_range,20220525,塑膠工業,RANGE,盤整強勢,-0.010795611260687156,0.0022721787596766893,-0.07509184083906392
X_bear_to_range,20220615,塑膠工業,RANGE,盤整強勢,-0.0028996212329103765,-0.03140773860475708,-0.07733021116960098
X_bear_to_range,20220810,塑膠工業,RANGE,盤整弱勢,-0.01699777394572792,-0.018459316877964937,0.0006206367279120578
X_bear_to_range,20220912,塑膠工業,RANGE,盤整強勢,-0.0002381125979352243,0.01666404124406036,0.002525883175854997
X_bear_to_range,20240401,塑膠工業,RANGE,盤整強勢,-0.021907992747406603,-0.023407457436824305,-0.0873679184896118
X_bear_to_range,20240408,塑膠工業,RANGE,盤整弱勢,-0.017435199473683965,-0.03253878410166572,-0.07264473154965702
X_bear_to_range,20240429,塑膠工業,RANGE,盤整弱勢,-0.01276184416734372,-0.030958247140276743,0.002970538579713043
X_bear_to_range,20241018,塑膠工業,RANGE,盤整弱勢,0.012740379161109287,-0.0018399386078606778,-0.040306825739123295
X_bear_to_range,20250115,塑膠工業,RANGE,盤整強勢,0.003501953893752104,0.017074580147403387,0.026344791614943297
X_bear_to_range,20250528,塑膠工業,RANGE,盤整強勢,-0.0077425914507137745,-0.04012953031934868,0.01371033426387517
X_bear_to_range,20250703,塑膠工業,RANGE,盤整強勢,-0.017052906668645708,0.06076041038783001,0.013051595059716318
X_bear_to_range,20211019,居家生活,RANGE,盤整弱勢,-0.005048354901953607,-0.02618332341925847,-0.04013618611802461
X_bear_to_range,20220715,居家生活,RANGE,盤整強勢,0.006657620756651352,0.023509699473958,0.03771026518594137
X_bear_to_range,20231005,居家生活,RANGE,盤整弱勢,0.014690532840903815,0.03385318904319819,0.03667743826336636
X_bear_to_range,20231011,居家生活,RANGE,盤整強勢,0.011394476418135166,0.021355228186445762,0.0212549503853844
X_bear_to_range,20250428,居家生活,RANGE,盤整弱勢,-0.006850720916981477,-0.007889225788202066,-0.06537040915524714
X_bear_to_range,20250618,居家生活,RANGE,盤整弱勢,-0.00504715531361366,-0.038695533572315796,-0.08320019928972955
X_bear_to_range,20250805,居家生活,RANGE,盤整弱勢,-0.02506560721722368,-0.029097569228822506,-0.033598858771746266
X_bear_to_range,20250903,居家生活,RANGE,盤整強勢,0.00524592740638404,0.007593008801814767,-0.021360199235541333
X_bear_to_range,20251217,居家生活,RANGE,盤整弱勢,-0.009050910020885941,-0.04032813919863911,-0.09153928269365033
X_bear_to_range,20251219,居家生活,RANGE,盤整弱勢,-0.0034303542511749155,-0.038656389266429565,-0.08753267884943995
X_bear_to_range,20251229,居家生活,RANGE,盤整弱勢,-0.01891413752104569,-0.04989262239775209,-0.0785485434364317
X_bear_to_range,20251231,居家生活,RANGE,盤整弱勢,-0.011636919655649858,-0.03458176046445266,-0.07245906933770038
X_bear_to_range,20260202,居家生活,RANGE,盤整強勢,-0.005376101926036107,-0.040077932722792156,-0.11480531406885737
X_bear_to_range,20260408,居家生活,RANGE,盤整弱勢,-0.032257360094389204,-0.06306080869048657,-0.14290540398693147
X_bear_to_range,20260420,居家生活,RANGE,盤整弱勢,-0.011700741159668154,-0.028178498942954957,-0.06578459448156111
X_bear_to_range,20260602,居家生活,RANGE,盤整弱勢,0.024104576758914333,0.008747497168121579,0.02178634350917496
X_bear_to_range,20260625,居家生活,RANGE,盤整弱勢,-0.02092555113999394,0.014618440428183044,-0.02268664996854758
X_bear_to_range,20260703,居家生活,RANGE,盤整弱勢,0.0197364468182643,0.06178274086909666,-0.0003228967357851095
X_bear_to_range,20260713,居家生活,RANGE,盤整強勢,0.014239249917127543,0.039310212267727664,-0.026945003514058083
X_bear_to_range,20260804,居家生活,RANGE,盤整弱勢,-0.0011808801506354126,-0.033896479080844436,
X_bear_to_range,20261008,居家生活,RANGE,盤整弱勢,,,
X_bear_to_range,20220725,建材營造,RANGE,盤整弱勢,-0.0023713429418442643,-0.012078126083271759,0.03522901373503243
X_bear_to_range,20220805,建材營造,RANGE,盤整弱勢,-0.00569516788496675,0.002587297197882893,0.01970095386157132
X_bear_to_range,20221107,建材營造,RANGE,盤整弱勢,-0.0007515243716391951,-0.03228878207664611,-0.05070261815415501
X_bear_to_range,20241111,建材營造,RANGE,盤整強勢,0.010477814517336596,0.028366726664608505,0.021907387887481276
X_bear_to_range,20241119,建材營造,RANGE,盤整強勢,0.015764342475777543,0.003269324059652072,0.037070816201557714
X_bear_to_range,20241218,建材營造,RANGE,盤整弱勢,-2.914617966049554e-05,-0.004082699314288413,0.030652890898173475
X_bear_to_range,20250203,建材營造,RANGE,盤整強勢,-0.007536575965188561,0.01643898025978109,0.04174194251720487
X_bear_to_range,20250205,建材營造,RANGE,盤整弱勢,0.002105631312554628,0.018925742161331877,0.020681656642391077
X_bear_to_range,20250415,建材營造,RANGE,盤整弱勢,-0.004172661735919311,-0.02495991877818514,-0.03156265504443628
X_bear_to_range,20250429,建材營造,RANGE,盤整弱勢,0.012913320672655933,0.004833119521697526,-0.05831162454150325
X_bear_to_range,20250610,建材營造,RANGE,盤整弱勢,-0.012255253295558655,-0.01915071022472263,-0.11383429953485372
X_bear_to_range,20250630,建材營造,RANGE,盤整弱勢,-0.00192553287080564,-0.052428256854218265,-0.0847952735356973
X_bear_to_range,20250815,建材營造,RANGE,盤整弱勢,-0.01002165835534983,0.01737656544835464,-0.021490697037306047
X_bear_to_range,20250904,建材營造,RANGE,盤整強勢,-0.011096739938192171,-0.052732953133524184,-0.04372632544236259
X_bear_to_range,20251126,建材營造,RANGE,盤整弱勢,-0.011979293885368088,0.02329814913297933,-0.06943073118167692
X_bear_to_range,20260414,建材營造,RANGE,盤整弱勢,-0.032361691688659384,-0.06355969551008311,-0.08522798216560291
X_bear_to_range,20260603,建材營造,RANGE,盤整弱勢,0.05105260763580808,0.01599378814197762,0.04188035785509128
X_bear_to_range,20260908,建材營造,RANGE,盤整強勢,-0.009956773582716369,,
X_bear_to_range,20220520,數位雲端,RANGE,盤整弱勢,-0.013553956016083914,-0.02878672123719973,-0.04383435203008677
X_bear_to_range,20220530,數位雲端,RANGE,盤整弱勢,-0.0011011311504601998,-0.03503490380622058,-0.04405492351430253
X_bear_to_range,20220718,數位雲端,RANGE,盤整強勢,-0.008738599024431552,-0.014489677198575648,-0.06985541115743861
X_bear_to_range,20220809,數位雲端,RANGE,盤整強勢,0.02218965375363177,0.004739044199131443,-0.060043972389236804
X_bear_to_range,20220812,數位雲端,RANGE,盤整弱勢,-0.019954873374453067,-0.01996878643318009,-0.07829920153267635
X_bear_to_range,20221102,數位雲端,RANGE,盤整強勢,-0.0004320490511156398,-0.012822558603051065,0.11034315414379448
X_bear_to_range,20230901,數位雲端,RANGE,盤整弱勢,0.02876858212191508,0.026504511140250354,0.021205767836951203
X_bear_to_range,20231005,數位雲端,RANGE,盤整弱勢,-0.001408831397955234,-0.019227680388579624,0.01655836159357474
X_bear_to_range,20231103,數位雲端,RANGE,盤整弱勢,-0.008974388681695367,0.019985130344250347,0.017908284816571494
X_bear_to_range,20240429,數位雲端,RANGE,盤整弱勢,0.013850407297115615,0.0034725787991247564,0.021066923598467367
X_bear_to_range,20250521,數位雲端,RANGE,盤整弱勢,0.01387891117810494,0.0551994333359035,0.08465629375587727
X_bear_to_range,20251127,數位雲端,RANGE,盤整弱勢,-0.018028125760438975,-0.03546866221605256,-0.15144706739278335
X_bear_to_range,20251222,數位雲端,RANGE,盤整強勢,-0.002113958792772737,-0.07051440480269056,-0.09736058096453824
X_bear_to_range,20251231,數位雲端,RANGE,盤整弱勢,-0.024990989768740726,-0.07407429726856801,-0.11167433940511193
X_bear_to_range,20260313,數位雲端,RANGE,盤整強勢,-0.0028956378787091284,-0.0011761510309377353,0.06520503579188608
X_bear_to_range,20260325,數位雲端,RANGE,盤整強勢,0.0068676720013444905,-0.018953779842312113,0.0028465523918099894
X_bear_to_range,20260414,數位雲端,RANGE,盤整弱勢,0.0007005601460788255,0.0002619175037337218,0.03507959617788679
X_bear_to_range,20260430,數位雲端,RANGE,盤整弱勢,-0.002077403367791523,0.07059466642001361,0.007669376063916194
X_bear_to_range,20210930,文化創意業,RANGE,盤整強勢,-0.015218017703641378,-0.045208697877122395,0.022600377551959497
X_bear_to_range,20211007,文化創意業,RANGE,盤整弱勢,-0.01870976659524483,-0.033061935812455326,0.11705023139473822
X_bear_to_range,20211028,文化創意業,RANGE,盤整弱勢,-0.008458406073002064,-0.0033001686018477583,0.11492052036188258
X_bear_to_range,20220720,文化創意業,RANGE,盤整弱勢,-0.02113218365206707,-0.017316113317514023,0.0025020293417414297
X_bear_to_range,20220801,文化創意業,RANGE,盤整弱勢,0.00457870400108679,-0.0301725597643114,-0.008240597739560915
X_bear_to_range,20220808,文化創意業,RANGE,盤整強勢,-0.011767638147821596,-0.03289322326864952,0.0011580810913488504
X_bear_to_range,20250120,文化創意業,RANGE,盤整弱勢,-0.010725951131429667,0.0017750836557109823,0.06453219120625944
X_bear_to_range,20250205,文化創意業,RANGE,盤整弱勢,0.02277314964299541,0.015435685171792796,0.15822427795590333
X_bear_to_range,20250918,文化創意業,RANGE,盤整強勢,0.011865906468148099,0.01181520158877745,-0.03336133053175139
X_bear_to_range,20250924,文化創意業,RANGE,盤整弱勢,-6.133744606483249e-05,-0.0003317038127484146,-0.046021776405026665
X_bear_to_range,20251009,文化創意業,RANGE,盤整弱勢,0.008186146764765393,-0.005830997714192196,-0.05790613295790266
X_bear_to_range,20251021,文化創意業,RANGE,盤整強勢,-0.013781074533563645,-0.03786770021337168,-0.09953386894270098
X_bear_to_range,20251029,文化創意業,RANGE,盤整弱勢,-0.0006600060092922244,-0.036569158752609285,-0.08243320535145321
X_bear_to_range,20260114,文化創意業,RANGE,盤整弱勢,-0.008637937979054919,-0.016745624297028167,-0.08510567428922666
X_bear_to_range,20260122,文化創意業,RANGE,盤整弱勢,0.0014756674831535206,-0.009200750264627362,-0.10408295131542157
X_bear_to_range,20260422,文化創意業,RANGE,盤整弱勢,-0.019072884402271104,-0.048209397550158885,-0.10501495302521296
X_bear_to_range,20260522,文化創意業,RANGE,盤整弱勢,-0.03753590065736612,-0.012327812766113666,-0.06459213479518326
X_bear_to_range,20260602,文化創意業,RANGE,盤整弱勢,0.03437142296484344,0.0015477472182314342,-0.027875190526016065
X_bear_to_range,20260609,文化創意業,RANGE,盤整弱勢,-0.015118155001192634,-0.04898746269143335,-0.06054792467386004
X_bear_to_range,20260630,文化創意業,RANGE,盤整弱勢,-0.032706544959693516,-0.015938131433121644,-0.047816598051925924
X_bear_to_range,20260703,文化創意業,RANGE,盤整弱勢,-0.015945959029647967,-0.007847546331464311,-0.020724560001762364
X_bear_to_range,20260707,文化創意業,RANGE,盤整弱勢,-0.00968545298918847,-0.0072235733343206515,-0.03776270056027742
X_bear_to_range,20260812,文化創意業,RANGE,盤整弱勢,-0.0008858416798289922,0.013887471313577407,
X_bear_to_range,20260818,文化創意業,RANGE,盤整弱勢,-0.01211955767396895,0.0034832590207230702,
X_bear_to_range,20260820,文化創意業,RANGE,盤整弱勢,0.01531532610491229,0.004562965642768231,
X_bear_to_range,20260826,文化創意業,RANGE,盤整弱勢,0.016241999986780754,0.005163225600340767,
X_bear_to_range,20210910,橡膠工業,RANGE,盤整弱勢,-0.012321484785175484,-0.03163922521813538,-0.06942577725300719
X_bear_to_range,20210930,橡膠工業,RANGE,盤整弱勢,-0.010923931590221297,-0.03909656507217113,-0.05956492885404689
X_bear_to_range,20211019,橡膠工業,RANGE,盤整弱勢,-0.010567714737052376,-0.05069303857749366,-0.058686092449399374
X_bear_to_range,20211105,橡膠工業,RANGE,盤整弱勢,-0.013537798259227874,-0.0146606791042725,-0.017795248928483637
X_bear_to_range,20211116,橡膠工業,RANGE,盤整弱勢,-0.0011535359367055133,-0.010539203649465152,-0.014909113077089309
X_bear_to_range,20211216,橡膠工業,RANGE,盤整弱勢,-0.003875099914500083,-0.010526362797027644,-0.035343362949760815
X_bear_to_range,20220525,橡膠工業,RANGE,盤整弱勢,-0.0037596836406435866,0.005496177895031894,-0.015012841422655883
X_bear_to_range,20220527,橡膠工業,RANGE,盤整弱勢,-0.010415297842523426,0.0065413743912374755,-0.01886731885136522
X_bear_to_range,20220725,橡膠工業,RANGE,盤整弱勢,-0.00510661386342914,-0.019121042357909693,-0.0403542762839981
X_bear_to_range,20220805,橡膠工業,RANGE,盤整弱勢,-0.006152410286375625,-0.034391061191743816,-0.04308999455095698
X_bear_to_range,20221104,橡膠工業,RANGE,盤整弱勢,0.0093319556204081,0.0030015430159106016,-0.026112160202458073
X_bear_to_range,20241203,橡膠工業,RANGE,盤整弱勢,-0.00730772154189315,-0.03650716070134919,-0.06087714730172285
X_bear_to_range,20241206,橡膠工業,RANGE,盤整弱勢,-0.013602639907663534,-0.04001982983112953,-0.05860944501625548
X_bear_to_range,20250122,橡膠工業,RANGE,盤整弱勢,-0.016753017897668206,-0.016220245815364853,-0.026188105104735314
X_bear_to_range,20250206,橡膠工業,RANGE,盤整弱勢,0.01462071255169779,-0.009613510273193307,0.0030357269933111025
X_bear_to_range,20250429,橡膠工業,RANGE,盤整弱勢,0.016499425170604095,-0.018067575362627143,-0.057819930008794776
X_bear_to_range,20250707,橡膠工業,RANGE,盤整強勢,-0.007969782812031171,0.011587205558547278,-0.07738236222348913
X_bear_to_range,20250813,橡膠工業,RANGE,盤整弱勢,0.007459325230695629,-0.021219435912268554,-0.059385275116107784
X_bear_to_range,20251113,橡膠工業,RANGE,盤整強勢,0.0029110855511363942,0.006013022319048721,-0.030546830876172493
X_bear_to_range,20251126,橡膠工業,RANGE,盤整弱勢,0.007671434094857958,-0.009829542389635303,-0.013546123085286743
X_bear_to_range,20210910,水泥工業,RANGE,盤整弱勢,0.011474050128824399,0.004963552789481979,-0.08689568004020792
X_bear_to_range,20211217,水泥工業,RANGE,盤整弱勢,-0.011360276933792705,-0.005890783625878644,0.02342700729254196
X_bear_to_range,20220106,水泥工業,RANGE,盤整弱勢,0.012562251658151197,-0.00566853754649067,0.004393594875542636
X_bear_to_range,20220112,水泥工業,RANGE,盤整強勢,0.0021493578445069307,-0.009944479989287191,-0.01348593872111396
X_bear_to_range,20220209,水泥工業,RANGE,盤整弱勢,-0.0026892444399927635,0.019207483021964494,0.00819153425634788
X_bear_to_range,20220217,水泥工業,RANGE,盤整弱勢,0.0036838598518919834,0.029866787236497747,-0.0016344658656261696
X_bear_to_range,20220301,水泥工業,RANGE,盤整強勢,0.005953861367288579,0.013763526510854492,-0.01133272176607237
X_bear_to_range,20220627,水泥工業,RANGE,盤整強勢,0.03452234830583636,0.007694904029488983,-0.0349439906673103
X_bear_to_range,20220713,水泥工業,RANGE,盤整強勢,-0.0349411224782501,-0.06702016640452033,-0.09323212709360922
X_bear_to_range,20220719,水泥工業,RANGE,盤整弱勢,-0.022643416799764532,-0.05945342065077447,-0.059865901897874496
X_bear_to_range,20220816,水泥工業,RANGE,盤整弱勢,-0.005267924015182501,0.00045606663650790214,-0.01573039338083143
X_bear_to_range,20220830,水泥工業,RANGE,盤整弱勢,0.02154912842953422,-6.99211581808995e-05,-0.010766969350573176
X_bear_to_range,20220906,水泥工業,RANGE,盤整強勢,-0.012378325337995339,-0.03198066656102038,-0.04423173832726725
X_bear_to_range,20220912,水泥工業,RANGE,盤整強勢,-0.0031389891337270763,-0.0037581738907157963,-0.03199072658079872
X_bear_to_range,20220919,水泥工業,RANGE,盤整強勢,-0.006203518695793185,-0.007099014859771394,-0.03483447682666205
X_bear_to_range,20221031,水泥工業,RANGE,盤整弱勢,-0.019902591487709655,-0.01180510625860462,-0.016272900830394788
X_bear_to_range,20221107,水泥工業,RANGE,盤整弱勢,0.03465320653453949,0.00682991448043567,0.0072031925312549955
X_bear_to_range,20231102,水泥工業,RANGE,盤整強勢,0.004288432110144049,-0.01091370088093091,-0.042141391859416885
X_bear_to_range,20240925,水泥工業,RANGE,盤整弱勢,0.0061198549352690125,0.008357686533460052,-0.0021406949263793676
X_bear_to_range,20250429,水泥工業,RANGE,盤整弱勢,0.0173104737224663,0.010415180875351659,-0.06892727880911782
X_bear_to_range,20250704,水泥工業,RANGE,盤整弱勢,-0.032434413956976355,-0.06108367467730078,-0.07131496145758442
X_bear_to_range,20250821,水泥工業,RANGE,盤整弱勢,-0.0229953918507982,-0.014129905169823754,0.011131274302154555
X_bear_to_range,20250910,水泥工業,RANGE,盤整弱勢,-0.01398821620199225,0.01009826374291729,0.022627392509091168
X_bear_to_range,20250912,水泥工業,RANGE,盤整強勢,0.002365396992621097,-0.0006634496615601912,0.0028493902715888307
X_bear_to_range,20250919,水泥工業,RANGE,盤整弱勢,0.005890789843073217,0.0015383921366436308,0.002054642774183834
X_bear_to_range,20251009,水泥工業,RANGE,盤整弱勢,0.012575535690095977,0.015560249158589182,-0.001295394779572595
X_bear_to_range,20251021,水泥工業,RANGE,盤整弱勢,-0.00859103242902121,0.014016057434745245,-0.020950680312397982
X_bear_to_range,20251124,水泥工業,RANGE,盤整強勢,-0.0008230511986489532,-0.03474525135440239,-0.06213655429829712
X_bear_to_range,20260602,水泥工業,RANGE,盤整弱勢,0.011115520855537932,-0.014003822692119902,-0.020871044208924834
X_bear_to_range,20260703,水泥工業,RANGE,盤整弱勢,0.00796268033084107,0.013954197908056992,-0.020659615166331073
X_bear_to_range,20260810,水泥工業,RANGE,盤整弱勢,0.0006074027557758299,0.00517561171729356,
X_bear_to_range,20260817,水泥工業,RANGE,盤整弱勢,0.002752831281060797,0.0004277588751056289,
X_bear_to_range,20260820,水泥工業,RANGE,盤整強勢,-0.015464789270993902,-0.01781459944421085,
X_bear_to_range,20261008,水泥工業,RANGE,盤整弱勢,,,
X_bear_to_range,20210901,汽車工業,RANGE,盤整弱勢,-0.006001037527204189,-0.028765786385143148,-0.00353406803907972
X_bear_to_range,20210903,汽車工業,RANGE,盤整弱勢,-0.011819952326400221,-0.027224615242151307,-0.010728616246933165
X_bear_to_range,20211018,汽車工業,RANGE,盤整強勢,0.011370797636457042,-0.026713224946916234,-0.0052286075027906526
X_bear_to_range,20220421,汽車工業,RANGE,盤整弱勢,-0.0009513585448848658,0.08242449118047157,0.13023318020671043
X_bear_to_range,20220518,汽車工業,RANGE,盤整強勢,0.04822109704310645,0.06741570584447795,0.10080849292806218
X_bear_to_range,20240905,汽車工業,RANGE,盤整強勢,0.009438635493227144,0.013058948812185979,-0.0018406926257700934
X_bear_to_range,20250205,汽車工業,RANGE,盤整弱勢,0.0054086709999023146,-0.011287659995625459,-0.05087352250282706
X_bear_to_range,20250425,汽車工業,RANGE,盤整強勢,-0.02687595717277449,-0.030907774210559708,-0.041876069503581956
X_bear_to_range,20250626,汽車工業,RANGE,盤整強勢,-0.002912661835644938,-0.004774141488790005,0.008521299656720098
X_bear_to_range,20250703,汽車工業,RANGE,盤整弱勢,-0.008025752184808199,-0.01774095037732467,0.00042983272587493807
X_bear_to_range,20220805,油電燃氣業,RANGE,盤整弱勢,-0.026694161515104547,-0.02534781336468514,0.0006161192965461332
X_bear_to_range,20220810,油電燃氣業,RANGE,盤整弱勢,-0.015204035541284397,-0.009742496164753488,-0.007527808186132592
X_bear_to_range,20231103,油電燃氣業,RANGE,盤整弱勢,-0.006977069458585505,-0.05498368783953297,-0.08497883630657108
X_bear_to_range,20231115,油電燃氣業,RANGE,盤整弱勢,0.003954821343252302,-0.040871363018246204,-0.06633584107953523
X_bear_to_range,20240108,油電燃氣業,RANGE,盤整弱勢,-0.00392544843179497,-0.015551757017677515,-0.04936566671287516
X_bear_to_range,20240716,油電燃氣業,RANGE,盤整弱勢,0.017490434718702215,0.012070311425177692,-0.021451186553756392
X_bear_to_range,20240821,油電燃氣業,RANGE,盤整弱勢,-0.009953425592738005,-0.02503386377746453,-0.03843509122130996
X_bear_to_range,20240823,油電燃氣業,RANGE,盤整弱勢,-0.006877784257258719,-0.023452417931755738,-0.04256666964187442
X_bear_to_range,20240923,油電燃氣業,RANGE,盤整弱勢,-0.0038544345566285613,-0.008695711670460123,-0.03487945073162485
X_bear_to_range,20250114,油電燃氣業,RANGE,盤整強勢,-0.004199490014499714,-0.047277560488284395,0.04206118944895716
X_bear_to_range,20250429,油電燃氣業,RANGE,盤整弱勢,0.0161978976796282,0.025240604130850396,0.034815133985971955
X_bear_to_range,20251104,油電燃氣業,RANGE,盤整強勢,0.0036508633677300823,-0.008558644162359337,-0.06250037103292318
X_bear_to_range,20251128,油電燃氣業,RANGE,盤整弱勢,-0.003746027396439415,-0.03487254727488266,0.21756969699292783
X_bear_to_range,20251202,油電燃氣業,RANGE,盤整強勢,-0.01690424363441014,-0.04456764573649323,0.040573807726488095
X_bear_to_range,20260114,油電燃氣業,RANGE,盤整弱勢,0.00428640982752533,0.015269969654637365,0.00028451684943530536
X_bear_to_range,20260209,油電燃氣業,RANGE,盤整弱勢,-0.010192008916727245,0.05675145782453361,-0.006165876037962027
X_bear_to_range,20211007,玻璃陶瓷,RANGE,盤整弱勢,-0.033574551796718324,-0.00748844169886255,-0.02028206608159358
X_bear_to_range,20211020,玻璃陶瓷,RANGE,盤整弱勢,-0.006389963833040063,0.018849631159471816,-0.03300037405393099
X_bear_to_range,20220527,玻璃陶瓷,RANGE,盤整強勢,-0.011879757141181776,-0.03129030334993477,-0.07208018702507119
X_bear_to_range,20220729,玻璃陶瓷,RANGE,盤整弱勢,-0.021120337568466208,-0.02192394408548335,0.09326133805462415
X_bear_to_range,20220810,玻璃陶瓷,RANGE,盤整弱勢,-0.01149407401549389,-0.04246626573913022,0.15770642298913556
X_bear_to_range,20220907,玻璃陶瓷,RANGE,盤整弱勢,0.018489580973655034,0.06415618741182477,0.2967987286520328
X_bear_to_range,20221004,玻璃陶瓷,RANGE,盤整強勢,0.016520385907074067,0.08347354521882625,0.18392423755161796
X_bear_to_range,20221018,玻璃陶瓷,RANGE,盤整強勢,0.03256773885175943,0.055712518224012214,0.12845801207166055
X_bear_to_range,20230918,玻璃陶瓷,RANGE,盤整弱勢,-0.017466148388458592,-0.04498708113261511,-0.04592851892926857
X_bear_to_range,20231103,玻璃陶瓷,RANGE,盤整弱勢,-0.010876229228216128,-0.034214858600809604,-0.011060621835492702
X_bear_to_range,20250106,玻璃陶瓷,RANGE,盤整弱勢,0.019234664675410226,0.047889570724841346,0.10876728126697614
X_bear_to_range,20250527,玻璃陶瓷,RANGE,盤整強勢,-0.013949365308588556,-0.01928216510110907,0.17439956052627706
X_bear_to_range,20250604,玻璃陶瓷,RANGE,盤整弱勢,-0.0033385228985187178,-0.03337734464789428,0.23480962731294702
X_bear_to_range,20250723,玻璃陶瓷,RANGE,盤整強勢,0.04319545128789444,0.18585817101836086,0.1160148254801359
X_bear_to_range,20210907,生技醫療業,RANGE,盤整強勢,-0.02246618014350074,-0.04060845862721183,-0.04902339394392217
X_bear_to_range,20211020,生技醫療業,RANGE,盤整弱勢,-0.0024103666715434126,-0.02961936803136221,-0.01847407846431417
X_bear_to_range,20211027,生技醫療業,RANGE,盤整弱勢,-0.018801069837809242,-0.021927299253516927,-0.015456883924422404
X_bear_to_range,20211116,生技醫療業,RANGE,盤整弱勢,0.016759684831113248,0.03209598516933675,0.01907798244207659
X_bear_to_range,20230914,生技醫療業,RANGE,盤整弱勢,-0.005063473763526612,-0.021282700073602202,-0.03031611962101427
X_bear_to_range,20231002,生技醫療業,RANGE,盤整強勢,-0.008287622012448415,0.014628163464116495,-0.029096889493138337
X_bear_to_range,20231006,生技醫療業,RANGE,盤整強勢,-0.015007339334591762,0.02216743743815299,-0.024768830736313918
X_bear_to_range,20231024,生技醫療業,RANGE,盤整強勢,0.023685846999553402,-0.009406434077601049,-0.016813939808458744
X_bear_to_range,20241203,生技醫療業,RANGE,盤整強勢,-0.022211198410622322,-0.004559049316283155,0.009124645506957504
X_bear_to_range,20250106,生技醫療業,RANGE,盤整弱勢,0.014662616235804324,-0.004921326905923729,-0.005507208658610832
X_bear_to_range,20250122,生技醫療業,RANGE,盤整弱勢,-0.005820936845842568,-0.010218820621612057,-0.01779285834424501
X_bear_to_range,20250415,生技醫療業,RANGE,盤整弱勢,-0.0027204538163708354,-0.019628163276629182,0.010861186147344493
X_bear_to_range,20260108,生技醫療業,RANGE,盤整強勢,-0.007691884657696331,0.0009931028945221923,-0.08148727729808142
X_bear_to_range,20260604,生技醫療業,RANGE,盤整弱勢,0.0013122289041663134,0.009897733591423083,0.02081579203436303
X_bear_to_range,20260609,生技醫療業,RANGE,盤整強勢,-0.018744172025687688,0.02114295919395574,0.009921771041278463
X_bear_to_range,20260617,生技醫療業,RANGE,盤整弱勢,0.008827175783136253,0.052539012218792924,0.03625893309531637
X_bear_to_range,20260629,生技醫療業,RANGE,盤整強勢,0.026897590363317635,0.041380930567553056,0.021049413306254067
X_bear_to_range,20260918,生技醫療業,RANGE,盤整弱勢,-0.0022439206495593906,,
X_bear_to_range,20210910,紡織纖維,RANGE,盤整弱勢,-0.0032870341892823444,0.01528122458574151,-0.011135576646977896
X_bear_to_range,20210924,紡織纖維,RANGE,盤整弱勢,0.013398699169560983,0.015356363954789995,-0.021370535921247054
X_bear_to_range,20220624,紡織纖維,RANGE,盤整強勢,0.007305398625120439,0.006791219264769305,0.03276320144803298
X_bear_to_range,20220720,紡織纖維,RANGE,盤整弱勢,0.0043742219384405815,0.027606882043759953,0.04479399714835991
X_bear_to_range,20220805,紡織纖維,RANGE,盤整強勢,0.009165227148636285,0.010923438621905507,0.028549819194394685
X_bear_to_range,20231102,紡織纖維,RANGE,盤整強勢,0.007194039332255244,-0.01530524707702885,-0.029770191791355302
X_bear_to_range,20241220,紡織纖維,RANGE,盤整弱勢,0.001085995555970116,0.0010515920170933567,0.033862774542206826
X_bear_to_range,20250415,紡織纖維,RANGE,盤整弱勢,-0.0024682738518919307,-0.006176021665035822,-0.02401985868334261
X_bear_to_range,20250606,紡織纖維,RANGE,盤整弱勢,-0.011007659150537807,-0.00407262019886068,-0.05964937043370665
X_bear_to_range,20250617,紡織纖維,RANGE,盤整弱勢,-0.0027912082271697464,-0.0052456132893758944,-0.042566071916084997
X_bear_to_range,20250703,紡織纖維,RANGE,盤整弱勢,-0.009129283362791096,-0.029859656233219366,-0.04255161543939523
X_bear_to_range,20250828,紡織纖維,RANGE,盤整弱勢,0.014856649675894706,0.017489790405677285,0.026858682659708786
X_bear_to_range,20250903,紡織纖維,RANGE,盤整強勢,-0.0025892106268377377,-0.001534852516833522,0.006692730056536922
X_bear_to_range,20250912,紡織纖維,RANGE,盤整弱勢,-0.004364016661842459,-0.00036982495692784636,-0.0061749625070569416
X_bear_to_range,20250917,紡織纖維,RANGE,盤整弱勢,0.0012562918932881764,-0.003337776447362403,-0.000678185409558385
X_bear_to_range,20251112,紡織纖維,RANGE,盤整強勢,0.022366221043676814,-0.006561796810959116,-0.017554506652148555
X_bear_to_range,20260112,紡織纖維,RANGE,盤整弱勢,-0.015207447406689358,0.008131168514450126,-0.06766036393898078
X_bear_to_range,20260529,紡織纖維,RANGE,盤整弱勢,0.02775942101956621,0.0135245046862985,0.03762109653848385
X_bear_to_range,20220805,綠能環保,RANGE,盤整弱勢,-0.014519820666822818,0.0023435214692284767,-0.020306771825558526
X_bear_to_range,20220812,綠能環保,RANGE,盤整弱勢,0.013583094085975408,0.015015773876554865,-0.007971908064260527
X_bear_to_range,20231012,綠能環保,RANGE,盤整弱勢,0.0054342565952355745,-0.004517117177982118,-0.005126802091781138
X_bear_to_range,20231103,綠能環保,RANGE,盤整弱勢,0.0036704918399617648,-0.018553974029125696,0.017323607927351346
X_bear_to_range,20250122,綠能環保,RANGE,盤整弱勢,0.008694753162569228,-0.009556010086918976,0.02861154888315224
X_bear_to_range,20250415,綠能環保,RANGE,盤整弱勢,0.00448005462779825,0.01946924266647633,0.04674554701875616
X_bear_to_range,20250425,綠能環保,RANGE,盤整弱勢,0.022047507234401163,0.028100144689908263,0.03793463371701507
X_bear_to_range,20251128,綠能環保,RANGE,盤整強勢,0.0045950683569104325,0.04125774413060089,0.06749475068421773
X_bear_to_range,20260609,綠能環保,RANGE,盤整弱勢,-0.023924115639952347,-0.03720337540282766,-0.06503680868960758
X_bear_to_range,20260618,綠能環保,RANGE,盤整弱勢,-0.003580817297270441,-0.026052235238543713,-0.06200519065879482
X_bear_to_range,20260805,綠能環保,RANGE,盤整弱勢,-0.004059879730719532,-0.014455149379457783,
X_bear_to_range,20260907,綠能環保,RANGE,盤整強勢,-0.021643450502024885,-0.014513518727343168,
X_bear_to_range,20260930,綠能環保,RANGE,盤整弱勢,0.01393187323162134,,
X_bear_to_range,20211102,航運業,RANGE,盤整強勢,0.01660313752268304,0.01578058135806601,-0.01776384212019865
X_bear_to_range,20211129,航運業,RANGE,盤整弱勢,0.043295804531335025,0.005989182623757541,0.06042327138697738
X_bear_to_range,20220718,航運業,RANGE,盤整弱勢,-0.012826083585599916,-0.02953993603963047,-0.11613227312672343
X_bear_to_range,20220805,航運業,RANGE,盤整弱勢,-0.010386357107401583,-0.1110282654717539,-0.12932753088878668
X_bear_to_range,20220826,航運業,RANGE,盤整弱勢,-0.04216156243418839,-0.018519376148042423,-0.05148005479626011
X_bear_to_range,20220915,航運業,RANGE,盤整強勢,-0.001509725948489013,-0.057064107080145046,-0.05892674253840343
X_bear_to_range,20221104,航運業,RANGE,盤整弱勢,0.01934166760912402,0.007859481764881715,-0.01764927774513622
X_bear_to_range,20230818,航運業,RANGE,盤整強勢,-0.00013248103757789592,0.011299959608164309,-0.04337449657381545
X_bear_to_range,20230830,航運業,RANGE,盤整弱勢,-0.016546154173024585,-0.0014100766657865129,-0.03784248608532295
X_bear_to_range,20231002,航運業,RANGE,盤整弱勢,-0.001470711048194785,-0.022243035341953432,0.03428403129098882
X_bear_to_range,20250428,航運業,RANGE,盤整弱勢,0.01144835389566955,0.0292437305114358,-0.00040256230784793505
X_bear_to_range,20250704,航運業,RANGE,盤整弱勢,0.00013502094217862463,0.004999377540436245,0.03927303059416731
X_bear_to_range,20250717,航運業,RANGE,盤整強勢,0.02734518174907065,0.04839563085497327,0.059503806913877466
X_bear_to_range,20260507,航運業,RANGE,盤整強勢,-0.03294035878702725,-0.045811823757614056,0.01559542161238682
X_bear_to_range,20260522,航運業,RANGE,盤整弱勢,0.012857771917347601,-0.015892110145620586,0.1049602746011827
X_bear_to_range,20260529,航運業,RANGE,盤整弱勢,-0.019270756786084565,-0.013955528918675585,0.08078471832969243
X_bear_to_range,20220207,觀光餐旅,RANGE,盤整強勢,0.02379300540079577,0.07536048904319041,0.11883421529063774
X_bear_to_range,20231101,觀光餐旅,RANGE,盤整強勢,0.013671780898282707,0.00882731524500463,-0.027474535444110937
X_bear_to_range,20240410,觀光餐旅,RANGE,盤整弱勢,-0.013743677941138618,0.03954828897675679,-0.05185862920529799
X_bear_to_range,20240417,觀光餐旅,RANGE,盤整強勢,0.043528682680665474,0.05548720638940315,-0.03213365245660291
X_bear_to_range,20240422,觀光餐旅,RANGE,盤整弱勢,0.03735649160137114,0.009020076824211978,-0.04248661861088476
X_bear_to_range,20240925,觀光餐旅,RANGE,盤整弱勢,-0.012900095161359145,0.004684589854769517,0.01332592456416281
X_bear_to_range,20241217,觀光餐旅,RANGE,盤整強勢,-0.01468309223250041,-0.04096734747037648,-0.06032011945376907
X_bear_to_range,20241230,觀光餐旅,RANGE,盤整弱勢,-0.005892902385042479,-0.006060463311852093,-0.030299619239996134
X_bear_to_range,20250418,觀光餐旅,RANGE,盤整弱勢,-0.005555053760239494,0.02561239037904106,0.03927485024729973
X_bear_to_range,20251106,觀光餐旅,RANGE,盤整強勢,-0.011132298891654395,-0.031242859123681875,-0.09230632659936869
X_bear_to_range,20251212,觀光餐旅,RANGE,盤整弱勢,-0.003522305951329561,-0.044104225348547826,-0.10049722780205202
X_bear_to_range,20251219,觀光餐旅,RANGE,盤整弱勢,-0.007194394375574597,-0.06251044937999484,-0.09126280855431902
X_bear_to_range,20251226,觀光餐旅,RANGE,盤整弱勢,-0.015282237507706832,-0.05510636397939157,-0.07037015562271402
X_bear_to_range,20260205,觀光餐旅,RANGE,盤整強勢,-0.03981837123788365,-0.06615691344201148,-0.13192878144969883
X_bear_to_range,20260401,觀光餐旅,RANGE,盤整強勢,-0.006285797820196618,-0.06891128309583877,-0.1378969219975005
X_bear_to_range,20260408,觀光餐旅,RANGE,盤整弱勢,-0.008851431419115624,-0.04867781430137651,-0.12982182617263455
X_bear_to_range,20260413,觀光餐旅,RANGE,盤整弱勢,-0.029841293948641805,-0.05825512087782292,-0.11720799285624495
X_bear_to_range,20260602,觀光餐旅,RANGE,盤整弱勢,0.01562577889795849,0.004330999830127926,0.002596246304790932
X_bear_to_range,20260630,觀光餐旅,RANGE,盤整弱勢,-0.007383087990727311,0.03579904290219635,-0.02883379057873756
X_bear_to_range,20260703,觀光餐旅,RANGE,盤整弱勢,0.013405162461224189,0.019337121779768124,-0.02198624146479588
X_bear_to_range,20260810,觀光餐旅,RANGE,盤整弱勢,0.00041182130017721526,-0.006371326616306872,
X_bear_to_range,20260819,觀光餐旅,RANGE,盤整強勢,0.0006914714551824099,-0.011666015419662844,
X_bear_to_range,20261001,觀光餐旅,RANGE,盤整弱勢,,,
X_bear_to_range,20220210,貿易百貨,RANGE,盤整弱勢,0.005242188223283595,0.022738457789036392,-0.007420734371679533
X_bear_to_range,20220217,貿易百貨,RANGE,盤整弱勢,0.015166559102055636,0.016213308836479787,-0.009197789086475797
X_bear_to_range,20220615,貿易百貨,RANGE,盤整弱勢,0.01704901445894641,0.04163590368441884,-0.02849326383252033
X_bear_to_range,20220627,貿易百貨,RANGE,盤整強勢,0.038434853911867316,-0.004222592544881706,-0.060007993042226426
X_bear_to_range,20220704,貿易百貨,RANGE,盤整強勢,-0.011543497056524323,-0.05220328918294683,-0.06240334778168926
X_bear_to_range,20220809,貿易百貨,RANGE,盤整弱勢,-0.009130117277598743,-0.021474829349526787,0.00026944860895656425
X_bear_to_range,20221101,貿易百貨,RANGE,盤整弱勢,-0.00039316836375078573,0.014899632290128861,0.007261773243924963
X_bear_to_range,20231102,貿易百貨,RANGE,盤整弱勢,0.0019556913602655013,-0.030784261473758234,-0.05727410682132049
X_bear_to_range,20240327,貿易百貨,RANGE,盤整弱勢,-0.02018682411145027,-0.011305865487677279,-0.04095492914615059
X_bear_to_range,20240409,貿易百貨,RANGE,盤整弱勢,-0.0021575029399386898,0.005291752504404834,-0.026913224912542305
X_bear_to_range,20240418,貿易百貨,RANGE,盤整弱勢,-0.00018540956034045902,0.014153781552209914,-0.014218378753452596
X_bear_to_range,20240423,貿易百貨,RANGE,盤整弱勢,0.001977092647243127,-0.008885105847871284,-0.016390737316942308
X_bear_to_range,20250312,貿易百貨,RANGE,盤整弱勢,-0.010994859027261179,0.004948952152032227,-0.052281483044152186
X_bear_to_range,20250428,貿易百貨,RANGE,盤整弱勢,-0.012061855724340941,-0.04831267083998037,-0.06272182978482663
X_bear_to_range,20250618,貿易百貨,RANGE,盤整強勢,0.0068379421949983366,-0.007807372918056094,-0.05183953744793268
X_bear_to_range,20250626,貿易百貨,RANGE,盤整強勢,0.004727972273562962,-0.02008324524707765,-0.050623112661272514
X_bear_to_range,20250806,貿易百貨,RANGE,盤整弱勢,-0.018692327316856175,-0.025697556510744426,-0.00425739631033986
X_bear_to_range,20250904,貿易百貨,RANGE,盤整強勢,0.009830800797400605,0.011274321412794311,0.021954330882876415
X_bear_to_range,20250912,貿易百貨,RANGE,盤整強勢,-0.004378523009198018,0.0025834687329200226,-0.00047663987882216614
X_bear_to_range,20251222,貿易百貨,RANGE,盤整弱勢,-0.0048666078607382,-0.053288835513324743,-0.0413734347554162
X_bear_to_range,20251230,貿易百貨,RANGE,盤整弱勢,-0.006710542253636216,-0.037062237488825894,-0.04950499176810899
X_bear_to_range,20260102,貿易百貨,RANGE,盤整弱勢,-0.016600467127466344,-0.020933513304139964,-0.056677691194835365
X_bear_to_range,20260126,貿易百貨,RANGE,盤整弱勢,0.006824221621680067,0.003905795128639684,-0.04040152187854081
X_bear_to_range,20260204,貿易百貨,RANGE,盤整強勢,-0.00010609859242273131,-0.030234667303457287,-0.06522810501657905
X_bear_to_range,20260507,貿易百貨,RANGE,盤整弱勢,0.0038377756762051646,0.03194011871373037,0.07587623325254957
X_bear_to_range,20260519,貿易百貨,RANGE,盤整強勢,0.0072091241508098446,0.033117047883121684,0.043012006883850123
X_bear_to_range,20260521,貿易百貨,RANGE,盤整強勢,-0.0021918604439703053,0.016909247600808967,0.04820409179545394
X_bear_to_range,20220718,資訊服務業,RANGE,盤整弱勢,0.0027020820497562787,0.03976801136309159,0.06424658181028957
X_bear_to_range,20231002,資訊服務業,RANGE,盤整強勢,0.01705520190519334,0.011438387606865053,0.020867931952664717
X_bear_to_range,20231005,資訊服務業,RANGE,盤整強勢,0.002078146776714241,0.00988423924164479,0.006406635288240176
X_bear_to_range,20231024,資訊服務業,RANGE,盤整弱勢,-0.007388539817208488,-0.002115291777647736,0.0477456983165408
X_bear_to_range,20240916,資訊服務業,RANGE,盤整弱勢,0.0050210984144252735,0.011836739895971423,0.08260814715033404
X_bear_to_range,20251128,資訊服務業,RANGE,盤整弱勢,-0.0017890498445370315,-0.02779135662960898,-0.09442743178590074
X_bear_to_range,20251217,資訊服務業,RANGE,盤整弱勢,-0.006704024593470373,-0.04457989738724257,-0.08261097144103716
X_bear_to_range,20251222,資訊服務業,RANGE,盤整弱勢,-0.013953534751362602,-0.045776363083070974,-0.09607942457594286
X_bear_to_range,20260112,資訊服務業,RANGE,盤整弱勢,-0.0217313813288468,-0.044776859999896605,-0.08525660571399629
X_bear_to_range,20260325,資訊服務業,RANGE,盤整弱勢,-0.014306660366757576,-0.023352575804585884,-0.07126461756299406
X_bear_to_range,20260401,資訊服務業,RANGE,盤整弱勢,-0.014362019283454989,-0.012005368308097016,-0.07366774371007248
X_bear_to_range,20260914,資訊服務業,RANGE,盤整強勢,-0.009445436487884058,,
X_bear_to_range,20211019,農業科技,RANGE,盤整強勢,-0.04898536537599436,-0.05525031246015802,-0.017256968761561686
X_bear_to_range,20211105,農業科技,RANGE,盤整弱勢,-0.02423850210032765,0.027697311727801866,0.00029792631726707763
X_bear_to_range,20211110,農業科技,RANGE,盤整弱勢,0.015590893469725968,0.030487662447641756,0.02980203878601032
X_bear_to_range,20220815,農業科技,RANGE,盤整強勢,0.052610829436665146,-0.013971063655734913,-0.08859845847613618
X_bear_to_range,20221007,農業科技,RANGE,盤整弱勢,-0.019622352703161542,0.015291361598432526,0.028400184837090947
X_bear_to_range,20221028,農業科技,RANGE,盤整強勢,0.0045186125070713415,-0.053179716887559056,-0.041787387835938244
X_bear_to_range,20221123,農業科技,RANGE,盤整弱勢,-0.0037780734354505505,0.0013154152258172003,0.018638679240061046
X_bear_to_range,20221130,農業科技,RANGE,盤整弱勢,0.01828972144977445,0.04462830305946968,-0.0011673850089701926
X_bear_to_range,20230807,農業科技,RANGE,盤整弱勢,-0.0014615028212072168,0.005910597917665784,-0.02109449609459709
X_bear_to_range,20230904,農業科技,RANGE,盤整弱勢,0.00825455853116424,-0.019979612957343167,0.03233355052169335
X_bear_to_range,20231102,農業科技,RANGE,盤整強勢,-0.0019925459818487456,0.0637214956895279,0.04180265303584753
X_bear_to_range,20240925,農業科技,RANGE,盤整弱勢,-0.020057978626612624,-0.0471885331155961,-0.03159745510407153
X_bear_to_range,20241011,農業科技,RANGE,盤整弱勢,-0.02794327246761457,-0.02724939932458905,0.0020047922865404078
X_bear_to_range,20241204,農業科技,RANGE,盤整強勢,0.00559668202912782,0.03539535251523142,0.0073015824442019
X_bear_to_range,20241224,農業科技,RANGE,盤整強勢,0.013261035562075016,-0.016759876998410018,-0.015195836331660557
X_bear_to_range,20250106,農業科技,RANGE,盤整弱勢,-0.004655084558403924,-0.04089623733443393,-0.021455973995903113
X_bear_to_range,20250108,農業科技,RANGE,盤整弱勢,-0.02852666687982957,-0.050073304393778786,-0.03403366674906219
X_bear_to_range,20250418,農業科技,RANGE,盤整弱勢,-0.006323773186136895,-0.013080316580637463,0.05155937920911404
X_bear_to_range,20251117,農業科技,RANGE,盤整弱勢,-0.0114713261375797,-0.019268078059266773,-0.04707632988030298
X_bear_to_range,20251205,農業科技,RANGE,盤整弱勢,-0.007496771284335686,-0.02988024567394377,0.002679326423288289
X_bear_to_range,20260603,農業科技,RANGE,盤整弱勢,0.016990136136220003,-0.01862412228144915,0.06372097924607048
X_bear_to_range,20260615,農業科技,RANGE,盤整弱勢,-0.011906349456294978,0.005218629085475679,0.040731302246534595
X_bear_to_range,20260717,農業科技,RANGE,盤整強勢,-0.0001185389421702026,-0.01460068518733405,
X_bear_to_range,20210901,通信網路業,RANGE,盤整弱勢,-0.005931114847359675,-0.0015858607779743947,0.13647902290013217
X_bear_to_range,20210903,通信網路業,RANGE,盤整弱勢,-0.010311433956437535,-0.004657261224752796,0.12817316057546585
X_bear_to_range,20220420,通信網路業,RANGE,盤整弱勢,0.0022314600422993353,0.020614985653618752,0.07572146014048188
X_bear_to_range,20220518,通信網路業,RANGE,盤整強勢,-0.010368865253019444,0.02947586884189898,0.11930914974625198
X_bear_to_range,20220520,通信網路業,RANGE,盤整強勢,-0.003305198325667915,0.02836064528126391,0.12107019488588001
X_bear_to_range,20250425,通信網路業,RANGE,盤整強勢,-0.035825808784502616,-0.028337040312789413,-0.010395875940054571
X_bear_to_range,20250529,通信網路業,RANGE,盤整強勢,0.010176519336725628,0.015397870171447958,0.05631683608376765
X_bear_to_range,20250610,通信網路業,RANGE,盤整強勢,-0.0021059854670538725,-0.004417350174333465,0.06080104498885539
X_bear_to_range,20250616,通信網路業,RANGE,盤整強勢,0.008289737942211243,-0.001392017928948188,0.05134928372770766
X_bear_to_range,20211019,造紙工業,RANGE,盤整弱勢,-0.014758218953342124,-0.004881652253060503,-0.028185690577092193
X_bear_to_range,20220321,造紙工業,RANGE,盤整弱勢,-0.008851223542489857,-0.03650641312779271,-0.057346404079164595
X_bear_to_range,20220606,造紙工業,RANGE,盤整弱勢,0.007717774760220061,0.005405151850685824,-0.03228959943714763
X_bear_to_range,20220615,造紙工業,RANGE,盤整強勢,0.017891311656806408,-0.043178904480561595,-0.0642168240824344
X_bear_to_range,20220627,造紙工業,RANGE,盤整弱勢,-0.022143175264919802,-0.045870327612922354,-0.06806075825994035
X_bear_to_range,20220725,造紙工業,RANGE,盤整強勢,-0.011773860662638521,-0.006732314722461066,0.008421378659284079
X_bear_to_range,20220811,造紙工業,RANGE,盤整弱勢,0.0047382002062388955,-0.004565784806511167,0.01374809043502194
X_bear_to_range,20221101,造紙工業,RANGE,盤整弱勢,0.0015669162127465372,-0.013582050364595644,-0.043352716580646766
X_bear_to_range,20221104,造紙工業,RANGE,盤整弱勢,0.023379710450854834,-0.028185012811225207,-0.04216089608836568
X_bear_to_range,20231006,造紙工業,RANGE,盤整弱勢,0.019586925265839928,-0.027062894777802528,-0.035127251711012664
X_bear_to_range,20231108,造紙工業,RANGE,盤整弱勢,0.018974742984148397,0.01433461287742683,-0.033784603330550556
X_bear_to_range,20240822,造紙工業,RANGE,盤整弱勢,0.003665814872240188,-0.007628825661144053,-0.03268330949270036
X_bear_to_range,20240916,造紙工業,RANGE,盤整強勢,-0.0051487886722491605,-0.007341327787552613,-0.0704197489369488
X_bear_to_range,20250117,造紙工業,RANGE,盤整強勢,-0.0172730635015226,-0.03552475905144348,-0.04223271936619638
X_bear_to_range,20250205,造紙工業,RANGE,盤整弱勢,-0.01076501752889299,-0.010990454688496614,0.006382687643585183
X_bear_to_range,20250429,造紙工業,RANGE,盤整弱勢,0.033782673146807385,0.038484560770928114,0.04043734300608075
X_bear_to_range,20250502,造紙工業,RANGE,盤整弱勢,-0.012393447223141535,-0.027177863508738062,-0.02267813831208211
X_bear_to_range,20250701,造紙工業,RANGE,盤整強勢,0.0071322589261256925,0.02267558554854349,-0.013892575644123478
X_bear_to_range,20251107,造紙工業,RANGE,盤整強勢,0.056082221434269774,0.028892989326918576,-0.04137172106066968
X_bear_to_range,20260601,造紙工業,RANGE,盤整弱勢,0.045985254296162244,0.07922744657138066,0.1426152650022418
X_bear_to_range,20210924,運動休閒,RANGE,盤整弱勢,0.006470650215826761,0.014996312708134493,-0.021393022206347652
X_bear_to_range,20220419,運動休閒,RANGE,盤整弱勢,0.01891265839610362,0.08110137072965458,0.12438062556899063
X_bear_to_range,20220504,運動休閒,RANGE,盤整強勢,0.01493473139936756,0.050396921174202705,0.09223402074147818
X_bear_to_range,20220517,運動休閒,RANGE,盤整強勢,-0.00660340124622242,0.010471333587494773,0.07678093222877407
X_bear_to_range,20231103,運動休閒,RANGE,盤整強勢,-0.014614297512473173,0.0010806090451268915,-0.04161063479521563
X_bear_to_range,20231115,運動休閒,RANGE,盤整弱勢,0.010852728987429828,-0.020481071783613886,-0.0433654830093589
X_bear_to_range,20250106,運動休閒,RANGE,盤整強勢,0.015126001766507899,-0.014716988448398527,-0.06237353836600219
X_bear_to_range,20250108,運動休閒,RANGE,盤整強勢,0.01734025827150449,-0.013537289304502834,-0.06471311235126823
X_bear_to_range,20250116,運動休閒,RANGE,盤整強勢,-0.009880537291827106,-0.009444333035469085,-0.0652620166162028
X_bear_to_range,20250205,運動休閒,RANGE,盤整弱勢,-0.02078032546445881,-0.014486724953290436,-0.10434130538071995
X_bear_to_range,20250428,運動休閒,RANGE,盤整弱勢,-0.047110234462230845,-0.04835905004453379,-0.045066119722301096
X_bear_to_range,20250627,運動休閒,RANGE,盤整強勢,0.018558692448593598,0.005559814459502638,-0.03783047800213877
X_bear_to_range,20250701,運動休閒,RANGE,盤整強勢,0.007158424153143619,-0.0076360978904506625,-0.04815381614449542
X_bear_to_range,20260112,運動休閒,RANGE,盤整弱勢,-0.004217985477238086,-0.028688641451123754,-0.1416839766150917
X_bear_to_range,20260512,運動休閒,RANGE,盤整弱勢,-0.008048206732638674,0.0016172504817590395,-0.0007270436757794117
X_bear_to_range,20260529,運動休閒,RANGE,盤整弱勢,0.027955847205333416,-0.007446337665742441,0.03149174886701596
X_bear_to_range,20211018,金融保險,RANGE,盤整強勢,0.0013810014886069255,-0.00908535644638446,0.03688606322285569
X_bear_to_range,20220729,金融保險,RANGE,盤整弱勢,0.010304510536990552,-0.00512855140437183,0.013678531833380456
X_bear_to_range,20220805,金融保險,RANGE,盤整強勢,0.0006848241520805605,-0.015263063574594254,-0.015896810304331224
X_bear_to_range,20231102,金融保險,RANGE,盤整強勢,-0.005448601142712526,-0.02893428119940744,-0.03880003943152287
X_bear_to_range,20250604,金融保險,RANGE,盤整強勢,0.0035496061689371215,0.0021938215858447333,-0.01730030746968842
X_bear_to_range,20211123,鋼鐵工業,RANGE,盤整弱勢,-0.021514042200766133,-0.0033237995186762084,0.024398824802282042
X_bear_to_range,20211206,鋼鐵工業,RANGE,盤整弱勢,-0.006957078959195186,-0.02959675487244704,0.08663569820108918
X_bear_to_range,20220719,鋼鐵工業,RANGE,盤整強勢,-0.014945528855994846,0.024836343429553376,0.008724179873989157
X_bear_to_range,20221006,鋼鐵工業,RANGE,盤整強勢,0.005809626043880856,0.011488247755655046,0.045412607319367686
X_bear_to_range,20221101,鋼鐵工業,RANGE,盤整弱勢,-0.003390089370207884,-0.006740323369084422,0.03248448619592803
X_bear_to_range,20230901,鋼鐵工業,RANGE,盤整弱勢,-0.0019249240546720912,-0.005672131475192155,-0.02685452671827522
X_bear_to_range,20240916,鋼鐵工業,RANGE,盤整強勢,-0.0007352072707522139,0.009246311276845139,-0.02108667434034727
X_bear_to_range,20250107,鋼鐵工業,RANGE,盤整弱勢,0.026336929800944417,0.08617492624597328,0.0716066216599495
X_bear_to_range,20250116,鋼鐵工業,RANGE,盤整強勢,0.010239914653100625,0.06636258191897694,0.02228860209538029
X_bear_to_range,20250703,鋼鐵工業,RANGE,盤整弱勢,-0.016658239793477726,-0.014131581900570811,-0.04067901481913494
X_bear_to_range,20250707,鋼鐵工業,RANGE,盤整弱勢,-0.01346246565143702,-0.021826327997060777,-0.0431971399748666
X_bear_to_range,20250814,鋼鐵工業,RANGE,盤整弱勢,0.005074328055912625,-0.024982309820597653,-0.052348988451892085
X_bear_to_range,20250827,鋼鐵工業,RANGE,盤整弱勢,-0.0016180898801202142,-0.0018794780314252317,-0.019697222603145
X_bear_to_range,20251126,鋼鐵工業,RANGE,盤整強勢,0.0005811433197812337,-0.019006149925945303,0.01215871538824026
X_bear_to_range,20251212,鋼鐵工業,RANGE,盤整弱勢,-0.007443435839856003,0.023953524113916855,0.02855571718667664
X_bear_to_range,20251229,鋼鐵工業,RANGE,盤整強勢,0.03526890506829812,0.01896166319763455,0.021704341203970582
X_bear_to_range,20210910,電器電纜,RANGE,盤整弱勢,-0.030727489236551563,-0.0339989921691352,0.009317639025250679
X_bear_to_range,20211015,電器電纜,RANGE,盤整強勢,-0.012585977376871152,0.008909214334137876,0.023975378782579423
X_bear_to_range,20220727,電器電纜,RANGE,盤整弱勢,-0.011758435273213196,-0.010927134823852332,0.026203367064030397
X_bear_to_range,20220810,電器電纜,RANGE,盤整弱勢,0.010477311868039643,-0.0016119397077668067,0.04306940403781549
X_bear_to_range,20240923,電器電纜,RANGE,盤整弱勢,0.008176167473909734,-0.034829080281418734,-0.05245824187477671
X_bear_to_range,20241022,電器電纜,RANGE,盤整弱勢,-0.012524297895924442,0.005205696988411404,-0.04542361623670822
X_bear_to_range,20250206,電器電纜,RANGE,盤整弱勢,0.019998159750990462,0.04539484419284627,0.032792099346200296
X_bear_to_range,20250415,電器電纜,RANGE,盤整強勢,0.008250014109314177,0.011910026911614927,0.0354633401652365
X_bear_to_range,20250606,電器電纜,RANGE,盤整強勢,0.03633617484843987,0.017319633318395474,0.008296151897904575
X_bear_to_range,20260428,電器電纜,RANGE,盤整弱勢,0.01004403863602028,0.013111141220686247,0.03133631578671586
X_bear_to_range,20260522,電器電纜,RANGE,盤整強勢,0.0420600874807332,0.04080526080275432,0.047219346483277594
X_bear_to_range,20250415,電子通路業,RANGE,盤整強勢,-0.001657829326938662,0.022596085577610517,0.007337928293544238
X_bear_to_range,20250728,電子通路業,RANGE,盤整弱勢,0.016731887152959396,-0.018282449094712307,0.024243315128943982
X_bear_to_range,20250730,電子通路業,RANGE,盤整弱勢,0.01088604131492266,-0.0038447466084522985,0.0320655568814647
X_bear_to_range,20250801,電子通路業,RANGE,盤整強勢,-0.009475690864534272,-0.007510515949612273,0.014428215707334047
X_bear_to_range,20220518,電子零組件業,RANGE,盤整強勢,-0.006203138880716941,-0.0029023943356061613,0.002029955297344649
X_bear_to_range,20220718,電子零組件業,RANGE,盤整強勢,0.007884446448111789,0.026515197550641897,-0.012724561347555688
X_bear_to_range,20221101,電子零組件業,RANGE,盤整強勢,0.010462917384419089,-0.0004581003139308426,-0.01636814325873559
X_bear_to_range,20241226,電子零組件業,RANGE,盤整強勢,-0.007826745989220289,-0.016248983788795298,-0.053554872988574934
X_bear_to_range,20250205,電子零組件業,RANGE,盤整強勢,0.006198981607134984,-0.014050166582028439,-0.08641607387428596
X_bear_to_range,20250428,電子零組件業,RANGE,盤整強勢,-0.017349510548111746,0.03040133704904601,0.08502768329897151
X_bear_to_range,20250604,電子零組件業,RANGE,盤整強勢,0.002639730299123507,0.009065178270452431,0.14404225986419733
X_bear_to_range,20220518,電機機械,RANGE,盤整弱勢,0.02106983787621547,0.03392713864990823,0.06651385384790467
X_bear_to_range,20220520,電機機械,RANGE,盤整強勢,0.011332476673093648,0.03074219772762209,0.05898842132056549
X_bear_to_range,20250206,電機機械,RANGE,盤整弱勢,0.008399769485992813,0.002811654016910567,-0.03875535695413514
X_bear_to_range,20250428,電機機械,RANGE,盤整強勢,-0.011010325970846845,0.006184030437572756,0.013859872632034394
X_bear_to_range,20250604,電機機械,RANGE,盤整弱勢,0.01095002522175786,0.004864915808822244,0.02557251253138975
X_bear_to_range,20260918,電機機械,RANGE,盤整弱勢,0.0011006925264474814,,
X_bear_to_range,20210924,電腦及週邊設備業,RANGE,盤整弱勢,-0.01523902308492215,0.028720071960164115,0.0923505326355567
X_bear_to_range,20211018,電腦及週邊設備業,RANGE,盤整弱勢,0.01632444097622604,0.04337751619006132,0.08468365705359858
X_bear_to_range,20220523,電腦及週邊設備業,RANGE,盤整強勢,0.005865375680243354,0.005276133302060015,0.08389781052658457
X_bear_to_range,20220525,電腦及週邊設備業,RANGE,盤整弱勢,0.011553594044161695,0.006489620381729531,0.09039699718683183
X_bear_to_range,20220718,電腦及週邊設備業,RANGE,盤整強勢,0.007450621228984185,0.03865483972230298,0.01956441058601692
X_bear_to_range,20250425,電腦及週邊設備業,RANGE,盤整強勢,-0.00806049356738572,0.03010379976975927,0.07057945049927435
X_bear_to_range,20211008,食品工業,RANGE,盤整強勢,0.0001204316857090458,-0.033627427928797735,-0.047071576732395815
X_bear_to_range,20220725,食品工業,RANGE,盤整弱勢,-0.004153992326342167,-0.03503342834317581,0.0031311118822634765
X_bear_to_range,20220811,食品工業,RANGE,盤整弱勢,-0.021068945248313643,-0.00345816554583446,0.016552167238071888
X_bear_to_range,20231106,食品工業,RANGE,盤整弱勢,-0.003573720301915384,-0.03609109805737395,-0.04691851836563073
X_bear_to_range,20231115,食品工業,RANGE,盤整弱勢,-0.004649386069233385,-0.03127036344198639,-0.05705809062094021
X_bear_to_range,20250122,食品工業,RANGE,盤整弱勢,-0.01341412350093369,-0.009670602652054772,0.028439066974798956
X_bear_to_range,20250429,食品工業,RANGE,盤整弱勢,0.026179060355942193,-0.0065580188959461945,-0.0017266884307009615
X_bear_to_range,20250528,食品工業,RANGE,盤整弱勢,-0.0005566429069130503,0.024824008835635455,-0.01895318972285339
X_bear_to_range,20250617,食品工業,RANGE,盤整弱勢,0.015661502634888608,0.014178222979821409,-0.008970961352650218
X_bear_to_range,20250818,食品工業,RANGE,盤整弱勢,-0.0005628298019665651,0.025440859946254134,-0.008762509548915703
X_bear_to_range,20250821,食品工業,RANGE,盤整弱勢,0.0013029820599774061,0.02135817825260917,-0.015005835550940587
X_bear_to_range,20260102,食品工業,RANGE,盤整弱勢,-0.015184168680482911,-0.014344596033723747,-0.05491182107850292
X_bear_to_range,20260205,食品工業,RANGE,盤整強勢,-0.02343504109029268,-0.043359551677851785,-0.10039778412309713
X_bear_to_range,20260211,食品工業,RANGE,盤整弱勢,-0.0038290278685873995,-0.01939163650167506,-0.10245209786512563
X_bear_to_range,20260603,食品工業,RANGE,盤整弱勢,0.02112249042230816,-0.027303562963944525,-0.01901771112902159
X_bear_to_range,20260612,食品工業,RANGE,盤整強勢,-0.011262192167465471,-0.022508550104393232,-0.021851236831680068
X_bear_to_range,20260821,食品工業,RANGE,盤整弱勢,-0.007963979546264092,-0.015143263818418504,
X_bear_to_range,20260826,食品工業,RANGE,盤整弱勢,0.002352344958127065,-0.015346343616991168,
X_bear_to_range,20260907,食品工業,RANGE,盤整強勢,-0.002973369160690808,-0.04281848726345459,
X_bear_to_range,20260918,食品工業,RANGE,盤整弱勢,-0.01448486773680538,,
X_regime_bull_strong,20210806,光電業,BULL,多頭強勢,-0.030789115136913403,-0.028867921902358165,0.002080453662030971
X_regime_bull_strong,20211214,光電業,BULL,多頭強勢,-0.0008211128765559222,-0.009034584079808186,-0.06696753224533128
X_regime_bull_strong,20211224,光電業,BULL,多頭強勢,0.012164656493195883,-0.03625872213766748,-0.08665444587387952
X_regime_bull_strong,20220103,光電業,BULL,多頭強勢,-0.022466211568794966,-0.03965110791711593,-0.11980655396686418
X_regime_bull_strong,20220209,光電業,BULL,多頭強勢,-0.015288028295295316,-0.049890751044409334,-0.11224299512916636
X_regime_bull_strong,20230206,光電業,BULL,多頭強勢,-0.003912385638785866,0.028005917431966836,-0.0034938826022331004
X_regime_bull_strong,20230322,光電業,BULL,多頭強勢,0.0018666227345684983,-0.020946029629049207,-0.03184885393724855
X_regime_bull_strong,20230330,光電業,BULL,多頭強勢,0.001103954960611598,-0.03318003521691443,-0.03560819785707385
X_regime_bull_strong,20230419,光電業,BULL,多頭強勢,-0.016717155773420728,-0.03359231499122408,-0.007442259081217442
X_regime_bull_strong,20230518,光電業,BULL,多頭強勢,0.0031364648245613136,0.003234864798206588,0.017438419354872104
X_regime_bull_strong,20230605,光電業,BULL,多頭強勢,-0.008212758998074084,0.01063780766357327,0.013116527363657843
X_regime_bull_strong,20230619,光電業,BULL,多頭強勢,0.0015158695778486968,0.02470013846379238,0.006703103744241663
X_regime_bull_strong,20230705,光電業,BULL,多頭強勢,0.005160525748377651,-0.004358331390187629,-0.006106556865999181
X_regime_bull_strong,20240111,光電業,BULL,多頭強勢,0.021556244051657056,0.05454165788530177,0.02229592558337288
X_regime_bull_strong,20240115,光電業,BULL,多頭強勢,0.0196021688539067,0.04455885053004913,0.004884946219096686
X_regime_bull_strong,20240118,光電業,BULL,多頭強勢,0.017721898393546626,0.019648022407266964,0.003312509353600987
X_regime_bull_strong,20240215,光電業,BULL,多頭強勢,-0.007303427934891079,-0.03074324265906445,-0.012741812643180292
X_regime_bull_strong,20240325,光電業,BULL,多頭強勢,0.006816946666573972,-0.004398923200762114,0.07072434311029943
X_regime_bull_strong,20240402,光電業,BULL,多頭強勢,0.003935114649195584,-0.020945215090592606,0.10744923377103793
X_regime_bull_strong,20240409,光電業,BULL,多頭強勢,0.00019243014094180548,-0.009562358119848402,0.14232399737553328
X_regime_bull_strong,20240429,光電業,BULL,多頭強勢,-0.005211951515650241,0.048064970295908824,0.07363220950871194
X_regime_bull_strong,20240513,光電業,BULL,多頭強勢,0.01812332587256877,0.03189614133185682,0.04848849894898204
X_regime_bull_strong,20240614,光電業,BULL,多頭強勢,0.012593555742020195,0.06712123022376545,0.03578703974884062
X_regime_bull_strong,20240716,光電業,BULL,多頭強勢,-0.03401730363881388,-0.04577574473359856,0.01611197585714024
X_regime_bull_strong,20241107,光電業,BULL,多頭強勢,-0.0014351913819503348,-0.009877964228008514,-0.010330549540766138
X_regime_bull_strong,20250922,光電業,BULL,多頭強勢,-0.01467886238331811,-0.04980263056245777,-0.019052507628448526
X_regime_bull_strong,20260224,光電業,BULL,多頭強勢,0.002945007701245096,0.041236932618136525,0.2365341288651288
X_regime_bull_strong,20260305,光電業,BULL,多頭強勢,0.029065306113524945,0.016724171670896567,0.2462904872415321
X_regime_bull_strong,20260311,光電業,BULL,多頭強勢,0.035642981495810785,0.04494976877568073,0.17263809323043922
X_regime_bull_strong,20260408,光電業,BULL,多頭強勢,0.05140455853443768,0.09207412862498345,0.16385755378867856
X_regime_bull_strong,20260430,光電業,BULL,多頭強勢,-0.0018438770814950527,0.07386638888683955,-0.06409162568443368
X_regime_bull_strong,20260513,光電業,BULL,多頭強勢,0.026234546057671865,0.0027135679122278628,-0.03175580008062402
X_regime_bull_strong,20260515,光電業,BULL,多頭強勢,0.0558478959561757,0.013747352865146167,-0.03742486589431798
X_regime_bull_strong,20260603,光電業,BULL,多頭強勢,-0.0434119418478204,-0.007329900466733749,-0.025151261631973537
X_regime_bull_strong,20260615,光電業,BULL,多頭強勢,0.039134411046655056,-0.02851982393190775,-0.012865521874005862
X_regime_bull_strong,20260617,光電業,BULL,多頭強勢,-0.01214301927875876,-0.08789162975876313,-0.040278437766364625
X_regime_bull_strong,20220223,其他,BULL,多頭強勢,-0.00503558962873157,-0.009838717441753377,0.0028957308688620717
X_regime_bull_strong,20220301,其他,BULL,多頭強勢,0.004715797565226207,-0.009667121052328868,0.006300047844638439
X_regime_bull_strong,20230413,其他,BULL,多頭強勢,-0.0002675359457866965,0.006363653258412953,-0.02353644016517812
X_regime_bull_strong,20230427,其他,BULL,多頭強勢,-0.000511848889850279,-0.007663904485464442,-0.05154639234597641
X_regime_bull_strong,20240123,其他,BULL,多頭強勢,0.005896370386536431,0.0017546197666550578,-0.003069967785554323
X_regime_bull_strong,20240205,其他,BULL,多頭強勢,-0.002667527161573556,-0.0009674321504635972,-0.009729201613073779
X_regime_bull_strong,20240326,其他,BULL,多頭強勢,-0.0016319162379337848,-0.0044136857723614045,-0.008191773448921316
X_regime_bull_strong,20240418,其他,BULL,多頭強勢,-0.0028545960233444176,-0.009557594340271043,-0.0063485746147635
X_regime_bull_strong,20240424,其他,BULL,多頭強勢,-0.000950715205896107,-0.012015628753651794,0.011936944795558735
X_regime_bull_strong,20240507,其他,BULL,多頭強勢,-6.256501014617437e-06,-0.007141089709022469,0.027923915883245
X_regime_bull_strong,20240611,其他,BULL,多頭強勢,0.002793681595700988,-0.004689038834928827,0.037517168268230115
X_regime_bull_strong,20240619,其他,BULL,多頭強勢,-0.0064045761482867045,0.0060856387059690445,0.026411009057114215
X_regime_bull_strong,20240625,其他,BULL,多頭強勢,-0.004848401191054577,0.019692190010984705,0.034013110784117465
X_regime_bull_strong,20240715,其他,BULL,多頭強勢,0.013597046520954417,0.0324637200147408,0.026021573400289787
X_regime_bull_strong,20240723,其他,BULL,多頭強勢,0.008879258462755054,0.015028290973131879,0.015108570661732748
X_regime_bull_strong,20240801,其他,BULL,多頭強勢,0.006103308685141112,0.008526059414623888,0.008002538735656787
X_regime_bull_strong,20240814,其他,BULL,多頭強勢,-0.003407550379145549,-0.006515435187734309,0.003324913376259283
X_regime_bull_strong,20211213,其他電子業,BULL,多頭強勢,-0.004099823512835107,0.01646020839922128,-0.009957585065157603
X_regime_bull_strong,20211222,其他電子業,BULL,多頭強勢,0.012694438587463925,-0.004815452400239815,-0.019950748021112352
X_regime_bull_strong,20220208,其他電子業,BULL,多頭強勢,-0.0015245473100590082,-0.019626105182781847,-0.07323564246159935
X_regime_bull_strong,20230202,其他電子業,BULL,多頭強勢,-0.0010787710687155084,0.0036156137106295727,0.014756167272354362
X_regime_bull_strong,20230306,其他電子業,BULL,多頭強勢,0.00016426997911075242,0.020291796477498167,0.01528576262860993
X_regime_bull_strong,20230322,其他電子業,BULL,多頭強勢,0.00019938556477194455,-0.00856341197365282,-0.0023906282382552962
X_regime_bull_strong,20230407,其他電子業,BULL,多頭強勢,-0.004899329433325897,-0.01347542381434429,-0.0011693896142467575
X_regime_bull_strong,20230502,其他電子業,BULL,多頭強勢,-0.003960321808524197,0.00836010128910759,0.03402032814923058
X_regime_bull_strong,20230505,其他電子業,BULL,多頭強勢,-0.0052317139134490515,0.003625866492302905,0.02628333053994705
X_regime_bull_strong,20230615,其他電子業,BULL,多頭強勢,-0.013250687439620223,0.014637602348914674,0.015433550673215508
X_regime_bull_strong,20230704,其他電子業,BULL,多頭強勢,0.010650193736190309,0.020028344061649488,0.02735658578274569
X_regime_bull_strong,20230713,其他電子業,BULL,多頭強勢,-0.009692782064734388,0.0037635842871929295,0.0032658695589427647
X_regime_bull_strong,20230727,其他電子業,BULL,多頭強勢,0.003577261632023994,0.007624501885127984,-0.014728244884537334
X_regime_bull_strong,20230808,其他電子業,BULL,多頭強勢,0.004762664481534895,0.010122392652739062,-0.026016882551311744
X_regime_bull_strong,20240305,其他電子業,BULL,多頭強勢,-0.01302245897559123,0.029131625505840676,0.05417274564475909
X_regime_bull_strong,20240320,其他電子業,BULL,多頭強勢,0.0010811034950712305,-0.015732458732651042,0.05396741112324968
X_regime_bull_strong,20240402,其他電子業,BULL,多頭強勢,0.0047792862746224105,-0.03412060955531321,0.08336865875152782
X_regime_bull_strong,20240412,其他電子業,BULL,多頭強勢,-0.028805252373973685,-0.022911538695892374,0.10950942353633847
X_regime_bull_strong,20240417,其他電子業,BULL,多頭強勢,-0.010826925465829843,-0.016842265420714354,0.0982519502351982
X_regime_bull_strong,20240429,其他電子業,BULL,多頭強勢,-0.007726964621782687,0.0372015239208212,0.059795235112357036
X_regime_bull_strong,20240517,其他電子業,BULL,多頭強勢,0.04149644721260144,0.06601346284567704,0.10198512799020623
X_regime_bull_strong,20240522,其他電子業,BULL,多頭強勢,0.018050840687621618,0.04998933260868376,0.0943214163995696
X_regime_bull_strong,20240606,其他電子業,BULL,多頭強勢,0.016756074975192183,0.07753515722792079,0.07358609229710525
X_regime_bull_strong,20240612,其他電子業,BULL,多頭強勢,0.0023430093125853535,0.055100309563927585,0.06295152183833452
X_regime_bull_strong,20240621,其他電子業,BULL,多頭強勢,0.023859303412465657,-0.0010935880810466186,0.054541302999588495
X_regime_bull_strong,20241021,其他電子業,BULL,多頭強勢,0.0056510241769435615,0.0026589252026097895,0.019199324609241605
X_regime_bull_strong,20241105,其他電子業,BULL,多頭強勢,0.004713314951270774,-0.000968373715370164,0.0093619939916827
X_regime_bull_strong,20241107,其他電子業,BULL,多頭強勢,-0.0039051336928365987,-0.006855199490112204,0.005486564420165856
X_regime_bull_strong,20241125,其他電子業,BULL,多頭強勢,-0.006219990800505132,0.01599835160072742,-0.0005977160164576355
X_regime_bull_strong,20241204,其他電子業,BULL,多頭強勢,0.0025458290332387896,0.014704013637170568,-0.011809760899745473
X_regime_bull_strong,20250815,其他電子業,BULL,多頭強勢,0.004657610633147865,0.022553941751546347,0.014947061849949043
X_regime_bull_strong,20250825,其他電子業,BULL,多頭強勢,0.013422882594409716,0.014388693393045344,-0.0074086379018250895
X_regime_bull_strong,20250909,其他電子業,BULL,多頭強勢,-0.012671410110857742,-0.01689656894822871,0.005207400866655203
X_regime_bull_strong,20251021,其他電子業,BULL,多頭強勢,0.007565717322724871,-0.01020391397753858,0.049041595228700455
X_regime_bull_strong,20251027,其他電子業,BULL,多頭強勢,0.01143397363895969,-0.015076679415053543,0.05115450741846973
X_regime_bull_strong,20260225,其他電子業,BULL,多頭強勢,-0.01077380840341962,0.020410658302870473,0.18438258739441915
X_regime_bull_strong,20260305,其他電子業,BULL,多頭強勢,0.012010093660451991,0.02202222240733542,0.1883151768848905
X_regime_bull_strong,20260311,其他電子業,BULL,多頭強勢,0.015265628484791613,0.06416399720726577,0.14672226233172636
X_regime_bull_strong,20260408,其他電子業,BULL,多頭強勢,0.03452602197911467,0.08808908128660899,0.09783091344208754
X_regime_bull_strong,20260430,其他電子業,BULL,多頭強勢,-0.0029460945691590894,0.02786934937592317,-0.08310321265650474
X_regime_bull_strong,20260512,其他電子業,BULL,多頭強勢,-0.020929317803103198,-0.027102457359189643,-0.0558427185893971
X_regime_bull_strong,20260518,其他電子業,BULL,多頭強勢,0.052366828012454555,-0.0006895726126874696,-0.037336680721071935
X_regime_bull_strong,20260522,其他電子業,BULL,多頭強勢,-0.0068007709470875345,-0.026626529678346944,-0.079661596264389
X_regime_bull_strong,20260615,其他電子業,BULL,多頭強勢,0.01553863794051636,-0.023566060778203644,-0.021279792854740857
X_regime_bull_strong,20260617,其他電子業,BULL,多頭強勢,-0.011750166451205125,-0.06568393003195389,-0.04261575637814162
X_regime_bull_strong,20260624,其他電子業,BULL,多頭強勢,0.0036227624578201853,-0.058534711870419594,-0.03475856206620558
X_regime_bull_strong,20210824,化學工業,BULL,多頭強勢,-0.004088395478375764,0.05391578451837916,0.14467795004277073
X_regime_bull_strong,20210914,化學工業,BULL,多頭強勢,-0.026897400963658304,0.04796416612685629,0.047986665821040886
X_regime_bull_strong,20211007,化學工業,BULL,多頭強勢,0.04212162249680139,0.03777889636473385,0.07211454040137774
X_regime_bull_strong,20211025,化學工業,BULL,多頭強勢,-0.019323769955941636,0.02193200419838698,0.023221802039383996
X_regime_bull_strong,20211105,化學工業,BULL,多頭強勢,0.022460943570010806,0.01667352031225321,0.014618735476406658
X_regime_bull_strong,20211123,化學工業,BULL,多頭強勢,0.006051473550354628,-0.012108181115265772,-0.0012732240980574301
X_regime_bull_strong,20211129,化學工業,BULL,多頭強勢,-0.013598837696863268,-0.012347350913474539,-0.006985208557908365
X_regime_bull_strong,20211201,化學工業,BULL,多頭強勢,-0.011096297782300434,0.0043618448029508206,-0.002460165139060568
X_regime_bull_strong,20211203,化學工業,BULL,多頭強勢,-0.013465250561713254,0.013144728666846454,-0.0006017180024298109
X_regime_bull_strong,20211221,化學工業,BULL,多頭強勢,0.01618309509214539,0.010339050446384524,0.05071640514448968
X_regime_bull_strong,20211229,化學工業,BULL,多頭強勢,0.010035095123351363,-0.015319066462134344,0.03483562042176989
X_regime_bull_strong,20220107,化學工業,BULL,多頭強勢,-0.005891877360008402,-0.004107021761490706,0.003397099744069213
X_regime_bull_strong,20220211,化學工業,BULL,多頭強勢,0.0016037949751707553,-0.003816661269820762,0.0029889883706110953
X_regime_bull_strong,20220215,化學工業,BULL,多頭強勢,-0.004383573557519749,-0.0076739370635146706,0.005733430527082833
X_regime_bull_strong,20230331,化學工業,BULL,多頭強勢,-0.006850353159116944,0.03586368585742638,-0.009949086022179768
X_regime_bull_strong,20230410,化學工業,BULL,多頭強勢,-0.009391257625484036,0.014036214299322591,-0.010164436353619022
X_regime_bull_strong,20230420,化學工業,BULL,多頭強勢,0.04384068848367029,0.01871128828900795,0.014023219483632748
X_regime_bull_strong,20230516,化學工業,BULL,多頭強勢,-0.002154075573543548,-0.007342343324579163,-0.007064046429213905
X_regime_bull_strong,20230519,化學工業,BULL,多頭強勢,-0.00442225346441259,-0.014480913451101148,-0.008575611400834838
X_regime_bull_strong,20230613,化學工業,BULL,多頭強勢,-0.01222222182014631,-0.014420364227085558,0.002783523420973537
X_regime_bull_strong,20230720,化學工業,BULL,多頭強勢,-0.0025460471889223214,-0.011418458842541244,0.011696293806324191
X_regime_bull_strong,20240327,化學工業,BULL,多頭強勢,-0.003699232377261148,-0.015670432257093157,-0.02072583801565095
X_regime_bull_strong,20240402,化學工業,BULL,多頭強勢,-0.011295660549810368,-0.01857177023536799,-0.011767055655599601
X_regime_bull_strong,20240417,化學工業,BULL,多頭強勢,-0.0006122845477216448,0.013808305597069657,0.0103398590953441
X_regime_bull_strong,20241023,化學工業,BULL,多頭強勢,-0.014724558609154085,-0.03066435591194508,-0.03084248860593828
X_regime_bull_strong,20241025,化學工業,BULL,多頭強勢,-0.011249506062048187,-0.014255588836258777,-0.02580857174191792
X_regime_bull_strong,20250901,化學工業,BULL,多頭強勢,0.0045818381665833005,0.036116929490269976,0.0123883039582674
X_regime_bull_strong,20250909,化學工業,BULL,多頭強勢,-0.012411148986737045,0.029466821757608015,-0.00016805697816309542
X_regime_bull_strong,20250919,化學工業,BULL,多頭強勢,0.02410732266246028,0.020049671302897577,0.03924618609299209
X_regime_bull_strong,20250923,化學工業,BULL,多頭強勢,0.022457033781060474,0.016017467139293418,0.04652999670376607
X_regime_bull_strong,20260224,化學工業,BULL,多頭強勢,0.00385625217906075,0.054557117946433455,0.2076443023939798
X_regime_bull_strong,20260305,化學工業,BULL,多頭強勢,0.03785553403958416,0.04134347713473807,0.18624498425423883
X_regime_bull_strong,20260311,化學工業,BULL,多頭強勢,0.056239572824352754,0.08147775130434602,0.16950374464693652
X_regime_bull_strong,20260330,化學工業,BULL,多頭強勢,0.019758660787923637,0.11051349738912933,0.17496691523375835
X_regime_bull_strong,20260409,化學工業,BULL,多頭強勢,0.02825479945745315,0.09884449392400249,0.14233857089130203
X_regime_bull_strong,20260505,化學工業,BULL,多頭強勢,0.021965224111192744,0.004853255415496707,-0.04237109928896095
X_regime_bull_strong,20260508,化學工業,BULL,多頭強勢,-0.0028603319932488346,-0.00140922609824079,-0.022242675810116963
X_regime_bull_strong,20260526,化學工業,BULL,多頭強勢,-0.019012045615787808,0.0048165076161734224,-0.02379012201875204
X_regime_bull_strong,20260617,化學工業,BULL,多頭強勢,0.00406595367195901,-0.018432796986237066,-0.028144911513376933
X_regime_bull_strong,20260630,化學工業,BULL,多頭強勢,-0.0009725589640443792,-0.08611143775527944,-0.030221126985295752
X_regime_bull_strong,20210721,半導體業,BULL,多頭強勢,-0.026802333894768753,-0.07868721558212112,-0.09324450650988739
X_regime_bull_strong,20210803,半導體業,BULL,多頭強勢,-0.05637899748431603,-0.00943738714756616,-0.011701816363453538
X_regime_bull_strong,20210830,半導體業,BULL,多頭強勢,-0.00711713202863902,-0.06571043776459459,0.037139397725802284
X_regime_bull_strong,20211116,半導體業,BULL,多頭強勢,-0.015509518689054907,-0.048305940541284904,-0.09959991295779103
X_regime_bull_strong,20211224,半導體業,BULL,多頭強勢,-0.003971001920624481,-0.06124061482551149,-0.08427604472378306
X_regime_bull_strong,20230201,半導體業,BULL,多頭強勢,0.0059553278737666734,-0.00842886472382598,-0.05056091947633745
X_regime_bull_strong,20230213,半導體業,BULL,多頭強勢,0.00498934045829557,0.009490916042174538,-0.05147746574357258
X_regime_bull_strong,20230220,半導體業,BULL,多頭強勢,-0.01244146399136579,0.028417201600163727,-0.05038614508867641
X_regime_bull_strong,20230303,半導體業,BULL,多頭強勢,0.0030822559085623563,0.027789738351473824,-0.009441684061794714
X_regime_bull_strong,20230307,半導體業,BULL,多頭強勢,-0.0016809228293021596,0.020220441868230608,-0.02468366200879174
X_regime_bull_strong,20230322,半導體業,BULL,多頭強勢,-0.0066255296590770375,-0.06333178927985281,-0.03913564254400857
X_regime_bull_strong,20230407,半導體業,BULL,多頭強勢,-0.006560312794607406,-0.0685125873474015,-0.02431668794467426
X_regime_bull_strong,20230714,半導體業,BULL,多頭強勢,-0.008306804445886676,-0.023085617179090315,0.058106462651237076
X_regime_bull_strong,20230720,半導體業,BULL,多頭強勢,0.005920236600165548,-0.016681806734779613,0.07507254346668091
X_regime_bull_strong,20230728,半導體業,BULL,多頭強勢,-0.014107311621765692,-0.001036685387560056,0.059085073195800704
X_regime_bull_strong,20231017,半導體業,BULL,多頭強勢,0.018218212877627843,0.021959690501833523,0.062191156958567945
X_regime_bull_strong,20231102,半導體業,BULL,多頭強勢,-0.003182997894816706,0.07162064394835632,0.07067609888267247
X_regime_bull_strong,20231107,半導體業,BULL,多頭強勢,0.01178887612762334,0.05722937592752485,0.07132283394155803
X_regime_bull_strong,20231114,半導體業,BULL,多頭強勢,0.03751802513039196,0.04835138842442009,0.08026347179447818
X_regime_bull_strong,20231212,半導體業,BULL,多頭強勢,-0.021367164381406477,-0.009930036290136413,0.0025480959148032195
X_regime_bull_strong,20231214,半導體業,BULL,多頭強勢,-0.0024412092057629264,0.0029444634354243845,0.012591990972414917
X_regime_bull_strong,20231226,半導體業,BULL,多頭強勢,-0.027544312239027497,-0.0016758530667893984,-0.006498417773582725
X_regime_bull_strong,20240115,半導體業,BULL,多頭強勢,0.008478701163316005,0.03249728479295608,-0.08246838701013054
X_regime_bull_strong,20240122,半導體業,BULL,多頭強勢,-0.003306721202896392,0.032355443339448314,-0.07464869935125568
X_regime_bull_strong,20240131,半導體業,BULL,多頭強勢,0.019295001738348576,0.0038388036593967126,-0.0982001774894099
X_regime_bull_strong,20240202,半導體業,BULL,多頭強勢,0.018813417797397106,-0.015807457083575747,-0.0872562510441637
X_regime_bull_strong,20240226,半導體業,BULL,多頭強勢,-0.008585054735449921,-0.05140346272817066,-0.08481767173544584
X_regime_bull_strong,20240402,半導體業,BULL,多頭強勢,-0.013694129816785769,-0.07417685142650116,-0.02465186162981331
X_regime_bull_strong,20250826,半導體業,BULL,多頭強勢,0.014937593493290942,0.08155597584106987,0.08280585740372026
X_regime_bull_strong,20251003,半導體業,BULL,多頭強勢,-0.00367875914924954,0.010466680515529115,0.07728512977057496
X_regime_bull_strong,20251016,半導體業,BULL,多頭強勢,0.01926405557560964,0.013891519319461264,0.1013768909639023
X_regime_bull_strong,20251020,半導體業,BULL,多頭強勢,-0.00271192160615204,-0.031668779264155636,0.07725277110185225
X_regime_bull_strong,20251027,半導體業,BULL,多頭強勢,-0.01284393878416569,-0.026278384272389724,0.10763719114767291
X_regime_bull_strong,20251030,半導體業,BULL,多頭強勢,-0.01951656744361304,-0.018053758042359126,0.1304964653398089
X_regime_bull_strong,20251112,半導體業,BULL,多頭強勢,-0.02521804822201822,-0.001890739974548446,0.11325240307547155
X_regime_bull_strong,20251128,半導體業,BULL,多頭強勢,0.020031099562704387,0.05388632315430773,0.12676348982444485
X_regime_bull_strong,20251222,半導體業,BULL,多頭強勢,0.029938908582470863,0.09682514487162353,0.14728811695611843
X_regime_bull_strong,20260116,半導體業,BULL,多頭強勢,0.023352134042444784,0.04929555205214825,0.27891214011439824
X_regime_bull_strong,20260223,半導體業,BULL,多頭強勢,-0.024691591357884957,0.0608144623154413,0.4279096607032411
X_regime_bull_strong,20260311,半導體業,BULL,多頭強勢,0.04697472563418768,0.08165780433658558,0.312412092685443
X_regime_bull_strong,20260408,半導體業,BULL,多頭強勢,0.051178413314063004,0.23205411688842373,0.35715060727466325
X_regime_bull_strong,20260430,半導體業,BULL,多頭強勢,0.05194327497943371,0.11257708124984162,-0.0838944651134735
X_regime_bull_strong,20260522,半導體業,BULL,多頭強勢,-0.002403527775931672,0.02085000059065073,-0.10398027458159313
X_regime_bull_strong,20260615,半導體業,BULL,多頭強勢,0.08484827889289714,8.184870300744851e-05,-0.020853813187783624
X_regime_bull_strong,20260617,半導體業,BULL,多頭強勢,0.00080181301944433,-0.097678013022719,-0.06650285435252533
X_regime_bull_strong,20260706,半導體業,BULL,多頭強勢,-0.01345698239203376,-0.062084268295549506,0.018121577943304372
X_regime_bull_strong,20220218,塑膠工業,BULL,多頭強勢,-0.0003850705703666692,-0.0037930824149835997,-0.042479880565278884
X_regime_bull_strong,20220222,塑膠工業,BULL,多頭強勢,0.011245359220022922,-0.007894308597450994,-0.03814049758407009
X_regime_bull_strong,20220303,塑膠工業,BULL,多頭強勢,-0.01015967218201995,-0.016122417647613206,-0.05750888442658682
X_regime_bull_strong,20220317,塑膠工業,BULL,多頭強勢,-0.007248639740979354,-0.04505342398455739,-0.03794794842970258
X_regime_bull_strong,20230330,塑膠工業,BULL,多頭強勢,-0.001852850136563066,-0.027463954118650713,-0.047286142298919184
X_regime_bull_strong,20230516,塑膠工業,BULL,多頭強勢,-0.004665118174968088,-0.03647658602316705,-0.01027769182375185
X_regime_bull_strong,20240719,塑膠工業,BULL,多頭強勢,0.003903750643625927,-0.02375970935812489,-0.062488410802482984
X_regime_bull_strong,20251201,塑膠工業,BULL,多頭強勢,-0.02853185807848959,-0.05558565865492153,0.03370969697337
X_regime_bull_strong,20260107,塑膠工業,BULL,多頭強勢,-0.005163808274033007,0.0043833101380575355,0.10554411892661347
X_regime_bull_strong,20260121,塑膠工業,BULL,多頭強勢,0.02342269266730543,0.05037856056687869,0.06750256476995843
X_regime_bull_strong,20260123,塑膠工業,BULL,多頭強勢,-0.009337974695825355,0.015255338270439227,0.018424090488252512
X_regime_bull_strong,20260209,塑膠工業,BULL,多頭強勢,0.02482854261275067,0.09332971068621054,-0.024319695350934468
X_regime_bull_strong,20260211,塑膠工業,BULL,多頭強勢,0.02488919508383337,0.08434301140455538,-0.053636722079281586
X_regime_bull_strong,20260303,塑膠工業,BULL,多頭強勢,0.016992327955771797,0.08706293590864701,-0.0684527320696866
X_regime_bull_strong,20260306,塑膠工業,BULL,多頭強勢,-0.016037696442376136,0.015502143189664874,-0.10962438289696005
X_regime_bull_strong,20260318,塑膠工業,BULL,多頭強勢,0.014833687376683228,-0.02004965327078782,-0.10434777721729385
X_regime_bull_strong,20220207,居家生活,BULL,多頭強勢,0.012532322173343997,0.03368666682710357,0.05025362898344331
X_regime_bull_strong,20220214,居家生活,BULL,多頭強勢,0.005039797199652422,0.029945383039610515,0.03524008557881204
X_regime_bull_strong,20220222,居家生活,BULL,多頭強勢,0.017043572301413644,0.024046826571537006,0.02875457085588154
X_regime_bull_strong,20220314,居家生活,BULL,多頭強勢,-0.009299635344114515,-0.014842881754487648,0.01892136378304683
X_regime_bull_strong,20220317,居家生活,BULL,多頭強勢,0.0019197697753424534,-0.00439106309296192,0.01825026429910096
X_regime_bull_strong,20220328,居家生活,BULL,多頭強勢,-0.0021974850110710285,-0.008561204967580258,-0.004742587678235537
X_regime_bull_strong,20230224,居家生活,BULL,多頭強勢,-0.00999449290436413,-0.005185998174709661,-0.023264239892818547
X_regime_bull_strong,20230329,居家生活,BULL,多頭強勢,0.00012540801198198358,-0.007680162139593667,-0.030098121916740467
X_regime_bull_strong,20230407,居家生活,BULL,多頭強勢,-0.012890322710647342,-0.009661920608593156,-0.0321883776868265
X_regime_bull_strong,20230502,居家生活,BULL,多頭強勢,-0.00625523325832385,-0.01870276473622844,-0.04296576980838588
X_regime_bull_strong,20230517,居家生活,BULL,多頭強勢,-0.0008357419523496307,-0.021924060653455098,-0.017765627921664265
X_regime_bull_strong,20230613,居家生活,BULL,多頭強勢,-0.005562764412717629,0.0008286334165746086,-0.0043380371945449595
X_regime_bull_strong,20230628,居家生活,BULL,多頭強勢,0.0009200045641921281,-0.020473123290118654,0.0002973008056204596
X_regime_bull_strong,20230712,居家生活,BULL,多頭強勢,-0.012627483988762534,-0.006025209893420664,-0.003492363277840936
X_regime_bull_strong,20231207,居家生活,BULL,多頭強勢,0.007293340725262783,0.019500933275505394,0.04093479281322826
X_regime_bull_strong,20231213,居家生活,BULL,多頭強勢,0.006624273907773635,0.017934426053823792,0.038896079550533
X_regime_bull_strong,20231221,居家生活,BULL,多頭強勢,0.0012317972689542007,0.009152987743723761,0.021636022636474787
X_regime_bull_strong,20240109,居家生活,BULL,多頭強勢,0.003060949388802133,-0.018526961213865503,0.033510137360473286
X_regime_bull_strong,20240305,居家生活,BULL,多頭強勢,0.019654339754326792,0.021518992284387896,0.029975905395832766
X_regime_bull_strong,20240401,居家生活,BULL,多頭強勢,0.008853029409587454,0.01514982754038037,-0.007706449093109705
X_regime_bull_strong,20240403,居家生活,BULL,多頭強勢,0.012511291130752304,0.013882822446877018,-0.01849116518198901
X_regime_bull_strong,20240410,居家生活,BULL,多頭強勢,0.012995254658645376,0.020372715508600103,-0.04491439783004697
X_regime_bull_strong,20240509,居家生活,BULL,多頭強勢,-0.0065769643300057495,-0.014651898945097115,0.0020395152157843995
X_regime_bull_strong,20240607,居家生活,BULL,多頭強勢,-0.022159118632691793,-0.05040704183534104,0.03160578010698037
X_regime_bull_strong,20240628,居家生活,BULL,多頭強勢,-0.025921685422782895,0.010739515315220553,0.03414310572000656
X_regime_bull_strong,20241008,居家生活,BULL,多頭強勢,-0.01822317815538865,-0.018461626579038225,-0.037652718072600525
X_regime_bull_strong,20211026,建材營造,BULL,多頭強勢,-0.011980072321045905,-0.013917922157911558,-0.03655033072169619
X_regime_bull_strong,20211111,建材營造,BULL,多頭強勢,-0.0016898700105612164,-0.018137456920721932,-0.03406762016389542
X_regime_bull_strong,20220407,建材營造,BULL,多頭強勢,-0.005909540998783393,0.013871523542876754,0.02744391852630479
X_regime_bull_strong,20230331,建材營造,BULL,多頭強勢,-0.000472743479169006,-0.011186739593871849,-0.018883935420422618
X_regime_bull_strong,20230426,建材營造,BULL,多頭強勢,-0.010688268325755385,0.009823470608947203,-0.02242313096863416
X_regime_bull_strong,20230509,建材營造,BULL,多頭強勢,0.015473549336581693,0.003259236528503344,0.00899230031308592
X_regime_bull_strong,20230512,建材營造,BULL,多頭強勢,-0.004334338304924475,-0.007093153545437353,0.011649417506171125
X_regime_bull_strong,20230607,建材營造,BULL,多頭強勢,-0.004513952540524548,-0.013124658917570604,0.027094117365171356
X_regime_bull_strong,20230920,建材營造,BULL,多頭強勢,0.004801256016303686,0.018830436632751683,0.07114442723339823
X_regime_bull_strong,20231003,建材營造,BULL,多頭強勢,0.0004457567619292682,0.011956668572524773,0.061926911222594735
X_regime_bull_strong,20231011,建材營造,BULL,多頭強勢,0.015088883574983489,0.021574127885621863,0.08560635176476596
X_regime_bull_strong,20231016,建材營造,BULL,多頭強勢,0.001491754754080362,0.012694614804952053,0.08012684512473311
X_regime_bull_strong,20231109,建材營造,BULL,多頭強勢,0.009705352148176218,0.009993434768944098,0.1002558874431071
X_regime_bull_strong,20231211,建材營造,BULL,多頭強勢,0.018459200287153473,0.04447981399440326,0.12783517108487435
X_regime_bull_strong,20231221,建材營造,BULL,多頭強勢,0.0010849726050210801,0.029511527795818792,0.15351793074289277
X_regime_bull_strong,20240102,建材營造,BULL,多頭強勢,0.017254313668647082,0.03349363977089118,0.20125214450386783
X_regime_bull_strong,20240124,建材營造,BULL,多頭強勢,0.015423184119178136,0.04290437989168435,0.4158975749221383
X_regime_bull_strong,20240220,建材營造,BULL,多頭強勢,-0.0018112313286602413,0.05085962980648256,0.22887713099352452
X_regime_bull_strong,20240223,建材營造,BULL,多頭強勢,0.021150419812028677,0.0697736592127423,0.20854069007215775
X_regime_bull_strong,20240301,建材營造,BULL,多頭強勢,0.03421159678070021,0.08421927216586883,0.2056334954533905
X_regime_bull_strong,20240320,建材營造,BULL,多頭強勢,0.02622645602950285,0.16577494682945215,0.16454412747419203
X_regime_bull_strong,20240325,建材營造,BULL,多頭強勢,0.034725910713050666,0.17489770949497846,0.14369233355433333
X_regime_bull_strong,20240517,建材營造,BULL,多頭強勢,-0.041330869672263335,-0.01872883364898455,0.07903671898909906
X_regime_bull_strong,20240531,建材營造,BULL,多頭強勢,0.0036470490393010983,-0.04193757097800035,0.02017635279514262
X_regime_bull_strong,20240711,建材營造,BULL,多頭強勢,0.0578927191521971,0.08140621265814349,-0.08678696610075039
X_regime_bull_strong,20240815,建材營造,BULL,多頭強勢,-0.06039889444544142,-0.0870515618448457,-0.18377487838990014
X_regime_bull_strong,20210721,數位雲端,BULL,多頭強勢,0.01759590855693623,-0.004299924203475705,0.17862492368589752
X_regime_bull_strong,20210728,數位雲端,BULL,多頭強勢,0.006195924821934203,-0.010793260847885087,0.1911597172348818
X_regime_bull_strong,20210806,數位雲端,BULL,多頭強勢,-0.0015416448513712044,-0.0070916418949637655,0.18992713917449228
X_regime_bull_strong,20210830,數位雲端,BULL,多頭強勢,0.021752534392959585,0.15028295898480207,0.1720986003544433
X_regime_bull_strong,20210916,數位雲端,BULL,多頭強勢,0.0360313269544184,0.09183756333711729,0.12790005924759282
X_regime_bull_strong,20211008,數位雲端,BULL,多頭強勢,0.005241851451121406,0.022353185988863336,0.022230720208636368
X_regime_bull_strong,20211025,數位雲端,BULL,多頭強勢,-0.006267007765152863,-0.04416944964894337,-0.028969715489111494
X_regime_bull_strong,20211130,數位雲端,BULL,多頭強勢,-0.014502465615353961,0.012552806012637266,-0.059973285602297546
X_regime_bull_strong,20211210,數位雲端,BULL,多頭強勢,0.021960806662095832,-0.007582002101118192,-0.10384446720571418
X_regime_bull_strong,20220105,數位雲端,BULL,多頭強勢,-0.008451996522835015,-0.021497237520412042,-0.11888737299270999
X_regime_bull_strong,20220107,數位雲端,BULL,多頭強勢,-0.018393453800533144,-0.0331628649432988,-0.1373757514022902
X_regime_bull_strong,20230207,數位雲端,BULL,多頭強勢,0.006513002072400497,0.029627592479974325,0.06262685389050086
X_regime_bull_strong,20230217,數位雲端,BULL,多頭強勢,-0.004366571256189193,-0.011030699186380662,-0.024080586309612115
X_regime_bull_strong,20230302,數位雲端,BULL,多頭強勢,-0.011311921913606,-0.023917010902712005,-0.04374396188531994
X_regime_bull_strong,20230322,數位雲端,BULL,多頭強勢,-0.004474131457564815,-0.018063111307596164,-0.06596359018073959
X_regime_bull_strong,20230418,數位雲端,BULL,多頭強勢,-0.028073187784129393,-0.0008087535998846014,-0.06575727571149252
X_regime_bull_strong,20230428,數位雲端,BULL,多頭強勢,0.031217025758789242,-0.034982414453353136,-0.07982534563544946
X_regime_bull_strong,20231225,數位雲端,BULL,多頭強勢,0.0034957105917437113,-0.015630088415361704,-0.11320379009699426
X_regime_bull_strong,20240129,數位雲端,BULL,多頭強勢,-0.008911147583203844,-0.06823929046645799,-0.131341426368168
X_regime_bull_strong,20240715,數位雲端,BULL,多頭強勢,-0.018927990918746616,-0.03226245097382368,-0.003366366206437467
X_regime_bull_strong,20241121,數位雲端,BULL,多頭強勢,-0.003273739957444996,0.0193608006146459,0.03322119207268651
X_regime_bull_strong,20241205,數位雲端,BULL,多頭強勢,0.02070147534467427,0.011025298912180875,0.005954241191380362
X_regime_bull_strong,20250108,數位雲端,BULL,多頭強勢,0.0007639925844091298,0.00745492220775211,0.0346342473117964
X_regime_bull_strong,20250327,數位雲端,BULL,多頭強勢,0.006480559564798205,0.06051263149947593,0.07084578618309542
X_regime_bull_strong,20250731,數位雲端,BULL,多頭強勢,0.007852374946220745,-0.013833894797450196,-0.06819694301233142
X_regime_bull_strong,20250813,數位雲端,BULL,多頭強勢,-0.008135984823272675,-0.009141226995401049,-0.08054969489764295
X_regime_bull_strong,20250909,數位雲端,BULL,多頭強勢,-0.010441871186552413,-0.02326809982454197,-0.09396247705866718
X_regime_bull_strong,20220104,文化創意業,BULL,多頭強勢,-0.02389149366276387,-0.02921072514478463,-0.05207352683205587
X_regime_bull_strong,20220215,文化創意業,BULL,多頭強勢,-0.007775855578717761,-0.009715533298858506,-0.04658282617249668
X_regime_bull_strong,20220304,文化創意業,BULL,多頭強勢,-0.013584728788796512,-0.004097472764161357,-0.00942610959936507
X_regime_bull_strong,20230104,文化創意業,BULL,多頭強勢,0.008274641476674768,-0.018714439116229657,-0.07680631517055
X_regime_bull_strong,20230112,文化創意業,BULL,多頭強勢,-0.012789612452820426,-0.055585645572300835,-0.06904457462060788
X_regime_bull_strong,20230309,文化創意業,BULL,多頭強勢,0.005476782269892655,-0.005247392123465935,0.044415152699496654
X_regime_bull_strong,20230330,文化創意業,BULL,多頭強勢,-0.028833044751988512,-0.005109721985054605,-0.0004945359373823982
X_regime_bull_strong,20230428,文化創意業,BULL,多頭強勢,0.011883231720484088,-0.030375718400249982,-0.028497897602944126
X_regime_bull_strong,20230503,文化創意業,BULL,多頭強勢,0.004340628584985989,-0.016104724282409333,-0.055268225173734344
X_regime_bull_strong,20230601,文化創意業,BULL,多頭強勢,0.01600021140424537,-0.005999085708153346,-0.03361388595249898
X_regime_bull_strong,20231201,文化創意業,BULL,多頭強勢,0.01074989021497511,-0.0030182971464034064,-0.027694151927927874
X_regime_bull_strong,20231211,文化創意業,BULL,多頭強勢,-0.0031139356916828932,-0.002355711665428254,-0.03863695412680973
X_regime_bull_strong,20231215,文化創意業,BULL,多頭強勢,-0.01684420054927789,-0.009808769277936976,-0.04084889822725151
X_regime_bull_strong,20231220,文化創意業,BULL,多頭強勢,-0.04207985614007131,-0.007425594973434976,-0.04640640848124533
X_regime_bull_strong,20240102,文化創意業,BULL,多頭強勢,-0.002857244965587336,-0.02572133512334559,-0.022597984245680408
X_regime_bull_strong,20240122,文化創意業,BULL,多頭強勢,-0.015431772329087837,-0.06833870003844764,-0.023408040206606417
X_regime_bull_strong,20240124,文化創意業,BULL,多頭強勢,-0.017791823418684082,-0.05727557876582893,0.0035882091153443263
X_regime_bull_strong,20240426,文化創意業,BULL,多頭強勢,0.022181259455546953,0.004112759183748864,0.09275511259237848
X_regime_bull_strong,20240503,文化創意業,BULL,多頭強勢,-0.0015727463530165187,0.005500453513927792,0.051330218644547405
X_regime_bull_strong,20240523,文化創意業,BULL,多頭強勢,-0.00940148528989291,0.020851847956136434,0.06597654992333986
X_regime_bull_strong,20240604,文化創意業,BULL,多頭強勢,0.010914633245534785,0.02800809590526722,0.04900200646488945
X_regime_bull_strong,20240611,文化創意業,BULL,多頭強勢,0.006455724987681939,0.019561912237676615,0.056501721408792914
X_regime_bull_strong,20240621,文化創意業,BULL,多頭強勢,0.0128838641756097,0.04160192999664794,0.03385281312691847
X_regime_bull_strong,20240625,文化創意業,BULL,多頭強勢,-0.014474786604831716,0.01679460484495359,0.031188857297922607
X_regime_bull_strong,20240712,文化創意業,BULL,多頭強勢,0.03760444748017502,0.02863153962319375,0.028717714219700284
X_regime_bull_strong,20240717,文化創意業,BULL,多頭強勢,0.015870531171981846,0.02468947578405905,0.017395805082993293
X_regime_bull_strong,20240821,文化創意業,BULL,多頭強勢,-0.00736411100350228,-0.009146909090120173,-0.06997880355863752
X_regime_bull_strong,20250704,文化創意業,BULL,多頭強勢,-0.014043217595724718,-0.055238108108049945,-0.1039512529110983
X_regime_bull_strong,20230328,橡膠工業,BULL,多頭強勢,-0.01334612988247826,-0.0446281278304718,-0.08208237508684921
X_regime_bull_strong,20230616,橡膠工業,BULL,多頭強勢,-0.006955367039731244,-0.05109298758504838,-0.018985062027815365
X_regime_bull_strong,20240603,橡膠工業,BULL,多頭強勢,-0.03248364251246019,-0.053639425936190144,-0.02604170284902152
X_regime_bull_strong,20240625,橡膠工業,BULL,多頭強勢,-0.01610241340430775,-0.005023238737409126,-0.016833557040576912
X_regime_bull_strong,20240708,橡膠工業,BULL,多頭強勢,-0.003863091946269535,0.030535973866302912,0.003026129437409448
X_regime_bull_strong,20240710,橡膠工業,BULL,多頭強勢,0.0034825155638775,0.0351223890375961,-0.001589552117414128
X_regime_bull_strong,20240801,橡膠工業,BULL,多頭強勢,0.015459115660483996,-0.0027323848352580945,-0.022561268301943632
X_regime_bull_strong,20260312,橡膠工業,BULL,多頭強勢,0.00012623031303852887,0.006749515380192524,-0.05369978456535614
X_regime_bull_strong,20260319,橡膠工業,BULL,多頭強勢,0.0019597713590382947,-0.03338526907046935,-0.0838300829478033
X_regime_bull_strong,20260330,橡膠工業,BULL,多頭強勢,-0.009324798713022515,-0.055052760298232896,-0.1105205589627896
X_regime_bull_strong,20260811,橡膠工業,BULL,多頭強勢,-0.009055146343657883,-0.01881863353546364,
X_regime_bull_strong,20260821,橡膠工業,BULL,多頭強勢,-0.014676490152944081,-0.040725007530193744,
X_regime_bull_strong,20260826,橡膠工業,BULL,多頭強勢,-0.0005140243652330869,-0.023526516213820407,
X_regime_bull_strong,20230216,水泥工業,BULL,多頭強勢,0.030585246261824777,0.005420206386137834,0.029307935627483322
X_regime_bull_strong,20230220,水泥工業,BULL,多頭強勢,-0.014347792189277711,-0.02497397397559384,8.977558619131798e-05
X_regime_bull_strong,20230321,水泥工業,BULL,多頭強勢,0.0015340473255477448,0.04634446543169916,0.04090391365880877
X_regime_bull_strong,20230411,水泥工業,BULL,多頭強勢,-0.008475980035422681,0.04328909891729507,-0.01049091428075545
X_regime_bull_strong,20230421,水泥工業,BULL,多頭強勢,0.00029352670883691506,-0.01796930152197922,-0.032519792272167315
X_regime_bull_strong,20230503,水泥工業,BULL,多頭強勢,0.011671372458702006,-0.04046453051604887,-0.030669099855315442
X_regime_bull_strong,20230505,水泥工業,BULL,多頭強勢,-0.009079563161518742,-0.0480630519244507,-0.026179835278701467
X_regime_bull_strong,20230511,水泥工業,BULL,多頭強勢,-0.014566913962496996,-0.02856438728968877,-0.019499626001492066
X_regime_bull_strong,20230606,水泥工業,BULL,多頭強勢,0.008234591513243395,-0.009955893571513504,-0.012587502275503933
X_regime_bull_strong,20240603,水泥工業,BULL,多頭強勢,-0.00046217337351986236,-0.0011153419944915331,-0.026741973573546685
X_regime_bull_strong,20240605,水泥工業,BULL,多頭強勢,-0.01288438133375995,-0.023237443171368805,-0.03670374958662846
X_regime_bull_strong,20240624,水泥工業,BULL,多頭強勢,-0.0069115247053882075,-0.02763806257245634,-0.031960434856294594
X_regime_bull_strong,20240703,水泥工業,BULL,多頭強勢,-0.007321079252209059,0.013432887796523713,-0.020220813803705627
X_regime_bull_strong,20260130,水泥工業,BULL,多頭強勢,0.003994421701011157,-0.01603457599589704,-0.08097785334287994
X_regime_bull_strong,20220104,汽車工業,BULL,多頭強勢,-0.005853977156132992,-0.00805687303402048,-0.0664007171890268
X_regime_bull_strong,20220208,汽車工業,BULL,多頭強勢,-0.005349319044564247,-0.035840974002237846,-0.0620485741003927
X_regime_bull_strong,20230216,汽車工業,BULL,多頭強勢,-0.006781997887652675,0.014381049236402384,0.041401198311909
X_regime_bull_strong,20230308,汽車工業,BULL,多頭強勢,0.009096425111273926,0.029057058543908075,0.049611548060727734
X_regime_bull_strong,20230310,汽車工業,BULL,多頭強勢,-0.0011313617912877515,0.020022554495740787,0.05098273961104437
X_regime_bull_strong,20230323,汽車工業,BULL,多頭強勢,-0.003955099595389226,-0.002216965017748063,0.057119893680421585
X_regime_bull_strong,20230407,汽車工業,BULL,多頭強勢,0.008666276250696422,-0.019552081490218576,0.054241752650714264
X_regime_bull_strong,20230428,汽車工業,BULL,多頭強勢,-0.012321859321532647,0.024525563014777055,0.029751127388416183
X_regime_bull_strong,20230516,汽車工業,BULL,多頭強勢,0.001512576401376007,0.05650385866520136,0.0021303990650189675
X_regime_bull_strong,20230530,汽車工業,BULL,多頭強勢,-0.00447940259056525,0.02740312130044599,-0.008995337192016457
X_regime_bull_strong,20230609,汽車工業,BULL,多頭強勢,0.00406019483436015,-0.00324075276757822,0.0010236961466465536
X_regime_bull_strong,20230704,汽車工業,BULL,多頭強勢,-0.010094737550026486,-0.028638378337244315,0.029320854934127283
X_regime_bull_strong,20231114,汽車工業,BULL,多頭強勢,-0.006156317512961276,-0.003914965489028602,-0.07394598111972911
X_regime_bull_strong,20231117,汽車工業,BULL,多頭強勢,-0.01939838820428504,-0.029932212525716047,-0.07971409536052065
X_regime_bull_strong,20231206,汽車工業,BULL,多頭強勢,0.0005472032581007626,-0.04309826957484597,-0.058584725554835564
X_regime_bull_strong,20240429,汽車工業,BULL,多頭強勢,0.007679505871417965,0.014260114766567952,-0.06405164900010532
X_regime_bull_strong,20240506,汽車工業,BULL,多頭強勢,0.0026107012931102644,0.004105496982395748,-0.06173876686909255
X_regime_bull_strong,20240515,汽車工業,BULL,多頭強勢,-0.005433097145093709,-0.028616420607467316,-0.08115057328781045
X_regime_bull_strong,20240520,汽車工業,BULL,多頭強勢,-0.0013770911874307085,-0.03008022634606775,-0.07902890181433841
X_regime_bull_strong,20240715,汽車工業,BULL,多頭強勢,-0.02083871075257546,-0.030328323555431184,0.015216953942940335
X_regime_bull_strong,20251022,汽車工業,BULL,多頭強勢,-0.01083024342951898,0.000556887227674871,-0.003032050782882857
X_regime_bull_strong,20260703,汽車工業,BULL,多頭強勢,-0.022280300115649916,-0.03711009907244786,-0.0576294093076356
X_regime_bull_strong,20210805,油電燃氣業,BULL,多頭強勢,0.028864635488691642,0.03685624089493787,0.04051280615997058
X_regime_bull_strong,20210809,油電燃氣業,BULL,多頭強勢,0.03861004513293751,0.03202443549251825,0.02809763386488723
X_regime_bull_strong,20230420,油電燃氣業,BULL,多頭強勢,-0.020102193196770642,-0.009205061229086792,-0.051036021508525126
X_regime_bull_strong,20230516,油電燃氣業,BULL,多頭強勢,-0.002965472648661118,-0.02534907489977333,-0.03108539624733611
X_regime_bull_strong,20230616,油電燃氣業,BULL,多頭強勢,-0.00455566572472669,-0.01100486073662205,-0.01690254564838501
X_regime_bull_strong,20250718,油電燃氣業,BULL,多頭強勢,-0.0192413458478696,-0.05972998709493724,-0.07928239278090908
X_regime_bull_strong,20250722,油電燃氣業,BULL,多頭強勢,-0.021428447064671917,-0.0490871696027404,-0.07704777597890725
X_regime_bull_strong,20260323,油電燃氣業,BULL,多頭強勢,-0.013942385233902736,-0.08282587873757752,-0.11859789968604138
X_regime_bull_strong,20221125,玻璃陶瓷,BULL,多頭強勢,-0.04479549839060365,-0.07249180139437238,-0.13580316400296097
X_regime_bull_strong,20221208,玻璃陶瓷,BULL,多頭強勢,0.020578018938570426,-0.049247193128203436,-0.12461862803244578
X_regime_bull_strong,20221215,玻璃陶瓷,BULL,多頭強勢,-0.06780820369307783,-0.06654328386935816,-0.14210066160103396
X_regime_bull_strong,20230111,玻璃陶瓷,BULL,多頭強勢,0.007135730328805483,-0.016933264661226674,-0.0024615722520819616
X_regime_bull_strong,20230117,玻璃陶瓷,BULL,多頭強勢,0.010081727971415134,-0.04163875100865966,-0.015863772232526344
X_regime_bull_strong,20230131,玻璃陶瓷,BULL,多頭強勢,-0.027283770437292063,-0.07868211552031842,-0.049753687150209405
X_regime_bull_strong,20230420,玻璃陶瓷,BULL,多頭強勢,0.026972783591787123,-0.047660797053612786,-0.0891813790410094
X_regime_bull_strong,20230524,玻璃陶瓷,BULL,多頭強勢,-0.020509015242063423,0.012142096223357796,-0.03893936453507537
X_regime_bull_strong,20230605,玻璃陶瓷,BULL,多頭強勢,-0.008055516183117869,-0.0028801197084758843,0.013762561102948573
X_regime_bull_strong,20230615,玻璃陶瓷,BULL,多頭強勢,-0.019876071759186386,-0.060072954808584184,-0.02832600179565136
X_regime_bull_strong,20230706,玻璃陶瓷,BULL,多頭強勢,-0.02940826512183546,0.000920479000325037,-0.038512612450410405
X_regime_bull_strong,20240216,玻璃陶瓷,BULL,多頭強勢,0.055796741123118894,-0.03245915709325859,-0.0774229595751969
X_regime_bull_strong,20240417,玻璃陶瓷,BULL,多頭強勢,0.0030949996707680034,-0.026438949302506377,-0.013373301757755723
X_regime_bull_strong,20250819,玻璃陶瓷,BULL,多頭強勢,0.022850824222290875,-0.051629497013072116,-0.0466789104549871
X_regime_bull_strong,20250826,玻璃陶瓷,BULL,多頭強勢,-0.010969742200326975,-0.08509009199771679,-0.05734882188071177
X_regime_bull_strong,20251007,玻璃陶瓷,BULL,多頭強勢,-0.018132351839615833,-0.046223911987967735,-0.021930029451425102
X_regime_bull_strong,20260119,玻璃陶瓷,BULL,多頭強勢,-0.017399105934537556,0.005152751834059329,0.040838094411054
X_regime_bull_strong,20260204,玻璃陶瓷,BULL,多頭強勢,-0.002578576159129608,0.032230532025616064,0.12896135662944963
X_regime_bull_strong,20260224,玻璃陶瓷,BULL,多頭強勢,0.017368230343015746,-0.003991972273035736,0.15507324444596282
X_regime_bull_strong,20260316,玻璃陶瓷,BULL,多頭強勢,-0.014841379310118207,0.01275761837730861,0.12456283229339035
X_regime_bull_strong,20260408,玻璃陶瓷,BULL,多頭強勢,0.029988297009060444,0.09282683758295208,0.18939315722626054
X_regime_bull_strong,20260413,玻璃陶瓷,BULL,多頭強勢,0.019358993989790203,0.09952679356106697,0.16461176216110684
X_regime_bull_strong,20260511,玻璃陶瓷,BULL,多頭強勢,0.0006290605710635236,0.05427210923172418,0.019596839097814883
X_regime_bull_strong,20260522,玻璃陶瓷,BULL,多頭強勢,0.009318288555998474,0.02112145408107141,0.011559099449305402
X_regime_bull_strong,20260603,玻璃陶瓷,BULL,多頭強勢,-0.03632294604931365,0.008271449344506868,-0.012588088990989371
X_regime_bull_strong,20260609,玻璃陶瓷,BULL,多頭強勢,0.01147226599037331,0.024115452271131693,-0.0056514291904165995
X_regime_bull_strong,20260617,玻璃陶瓷,BULL,多頭強勢,-0.011452142130836496,0.0024082161831770477,-0.008303995367644465
X_regime_bull_strong,20260630,玻璃陶瓷,BULL,多頭強勢,-0.0006830361969758728,-0.08982230060909005,-0.008598681580559184
X_regime_bull_strong,20260714,玻璃陶瓷,BULL,多頭強勢,-0.0030916725513331043,-0.057062847805926784,
X_regime_bull_strong,20220110,生技醫療業,BULL,多頭強勢,0.001969405300194741,0.0009480107876347343,0.05796000526043335
X_regime_bull_strong,20220629,生技醫療業,BULL,多頭強勢,-0.004643596727737908,0.0266879439044442,0.06846044757097085
X_regime_bull_strong,20220817,生技醫療業,BULL,多頭強勢,0.03012203557873077,0.05608977849454559,0.013697529328254195
X_regime_bull_strong,20230131,生技醫療業,BULL,多頭強勢,0.028774830901615325,0.008727643370483512,0.06531054847161137
X_regime_bull_strong,20230203,生技醫療業,BULL,多頭強勢,0.003081896422162683,-0.03796810129374652,0.026765503662325843
X_regime_bull_strong,20230302,生技醫療業,BULL,多頭強勢,-0.02229998204793396,-0.008051450273741186,-0.0012465198444022857
X_regime_bull_strong,20230327,生技醫療業,BULL,多頭強勢,0.017863656029284775,0.04062425777448586,0.006503651196269902
X_regime_bull_strong,20230406,生技醫療業,BULL,多頭強勢,0.003992003854493026,0.04129939874393328,-0.015749629566144674
X_regime_bull_strong,20230411,生技醫療業,BULL,多頭強勢,0.027890569007468814,0.02359159832715743,-0.015384673121142459
X_regime_bull_strong,20230417,生技醫療業,BULL,多頭強勢,0.0008902864623260044,-0.004662131350174642,-0.03189965569769394
X_regime_bull_strong,20230428,生技醫療業,BULL,多頭強勢,0.0027513802247047577,-0.0388685554692003,-0.041415356066861135
X_regime_bull_strong,20230510,生技醫療業,BULL,多頭強勢,-0.023173042503207848,-0.041540884269142396,-0.05197542856840723
X_regime_bull_strong,20230523,生技醫療業,BULL,多頭強勢,-0.006771181097473933,-0.050249018450104765,-0.02870016783354682
X_regime_bull_strong,20230606,生技醫療業,BULL,多頭強勢,-0.02138926565168815,-0.0027580738941922543,-0.029198002553944065
X_regime_bull_strong,20230717,生技醫療業,BULL,多頭強勢,0.026123771457882226,-0.01399675557323296,-0.04882988928776447
X_regime_bull_strong,20230719,生技醫療業,BULL,多頭強勢,-0.018523659989550106,-0.035559737605005415,-0.07198119668624231
X_regime_bull_strong,20240329,生技醫療業,BULL,多頭強勢,-0.0011935083638179265,-0.03982327139093176,-0.004559343239977781
X_regime_bull_strong,20250925,生技醫療業,BULL,多頭強勢,-0.0063207260250610535,-0.02122920342378054,-0.037573103225241496
X_regime_bull_strong,20250930,生技醫療業,BULL,多頭強勢,-0.010789321561519419,-0.019877058562074473,-0.0466624343880747
X_regime_bull_strong,20220106,紡織纖維,BULL,多頭強勢,0.01147706602807011,0.0009929711197020803,-0.020660165325073258
X_regime_bull_strong,20220113,紡織纖維,BULL,多頭強勢,-0.005322109778036488,-0.009808413067084347,-0.028671127664301382
X_regime_bull_strong,20240422,紡織纖維,BULL,多頭強勢,0.01563565049777174,-4.524468492099476e-05,-0.00679569528831081
X_regime_bull_strong,20211213,綠能環保,BULL,多頭強勢,-0.001302932999152736,0.022063832076973194,0.1653817930049853
X_regime_bull_strong,20211228,綠能環保,BULL,多頭強勢,-0.0038332204897195262,0.026249902855623584,0.12559538614191942
X_regime_bull_strong,20220107,綠能環保,BULL,多頭強勢,-0.011299337956174882,0.0554485245790398,0.1553542046094355
X_regime_bull_strong,20220207,綠能環保,BULL,多頭強勢,0.03968349143926587,0.08786549713684459,0.13356923410570318
X_regime_bull_strong,20220210,綠能環保,BULL,多頭強勢,0.03606682125014893,0.07251936375410463,0.12557407078807617
X_regime_bull_strong,20220307,綠能環保,BULL,多頭強勢,-0.006685379287141854,0.009823479456435358,0.05619873871261495
X_regime_bull_strong,20220317,綠能環保,BULL,多頭強勢,0.009269417546864703,0.0276329652964192,0.03712042011582665
X_regime_bull_strong,20220408,綠能環保,BULL,多頭強勢,0.02221438905323149,0.03214923912565037,0.03535604602466767
X_regime_bull_strong,20230307,綠能環保,BULL,多頭強勢,0.012817564518363852,-0.006938814800023641,-0.02985260522732197
X_regime_bull_strong,20230310,綠能環保,BULL,多頭強勢,0.01293368933865974,-0.0012698881240152601,-0.04516348495668589
X_regime_bull_strong,20230419,綠能環保,BULL,多頭強勢,-0.008391400485014107,0.0009081133851462694,-0.007071440546563626
X_regime_bull_strong,20230502,綠能環保,BULL,多頭強勢,0.013461318720776976,0.010698171243034637,-0.009257951256599152
X_regime_bull_strong,20230526,綠能環保,BULL,多頭強勢,-0.020462086658625353,-0.028050333685707578,-0.02015006752346182
X_regime_bull_strong,20230531,綠能環保,BULL,多頭強勢,-0.028750617264350867,-0.03337126924404089,-0.01587081999807801
X_regime_bull_strong,20230620,綠能環保,BULL,多頭強勢,0.0041026016276570045,0.014262896168417354,0.008671632025313208
X_regime_bull_strong,20230627,綠能環保,BULL,多頭強勢,-0.0015052114014912805,0.006527994793691878,0.013698714379143419
X_regime_bull_strong,20230630,綠能環保,BULL,多頭強勢,0.011170969568708248,0.023408277360263716,0.024989755013800415
X_regime_bull_strong,20230717,綠能環保,BULL,多頭強勢,-0.009280432222999924,0.005698789305727897,-0.0022691208337612193
X_regime_bull_strong,20230720,綠能環保,BULL,多頭強勢,0.003967626475676885,-0.0017600904643258128,0.0022271758941668704
X_regime_bull_strong,20240122,綠能環保,BULL,多頭強勢,-0.009353810100557206,0.024392823924446333,0.06363544793844617
X_regime_bull_strong,20240126,綠能環保,BULL,多頭強勢,-0.0002878410710241289,0.05620966231529099,0.07273701858945229
X_regime_bull_strong,20240131,綠能環保,BULL,多頭強勢,-0.0021503884714096436,0.04331666205170149,0.050713552070842605
X_regime_bull_strong,20240220,綠能環保,BULL,多頭強勢,0.017504561856036986,0.02581842752874968,0.03730842839130884
X_regime_bull_strong,20240321,綠能環保,BULL,多頭強勢,0.0018052451785958842,0.0310976597730223,0.011588970763624917
X_regime_bull_strong,20240415,綠能環保,BULL,多頭強勢,0.00256046498886614,-0.037206557761076335,0.10144546044958122
X_regime_bull_strong,20240521,綠能環保,BULL,多頭強勢,-0.01636031932456304,0.00549415072322855,0.11717479625766297
X_regime_bull_strong,20240626,綠能環保,BULL,多頭強勢,0.031410412113749675,0.05113604597347585,0.050881830158374414
X_regime_bull_strong,20240712,綠能環保,BULL,多頭強勢,0.045117090030470174,-0.01666085113978822,-0.005112122084302208
X_regime_bull_strong,20240819,綠能環保,BULL,多頭強勢,-0.006564362279095704,-0.02331714521746265,-0.04987078244018724
X_regime_bull_strong,20260225,綠能環保,BULL,多頭強勢,-0.005796427567711308,-0.025367104463442484,-0.09636840452461691
X_regime_bull_strong,20260311,綠能環保,BULL,多頭強勢,-0.022277701119165952,-0.04838700972461425,-0.10808846867162623
X_regime_bull_strong,20220401,航運業,BULL,多頭強勢,0.004474306511664903,0.05831193646398792,-0.1178552221234423
X_regime_bull_strong,20220414,航運業,BULL,多頭強勢,0.03937314037617127,0.013097469623743932,-0.11062892105708724
X_regime_bull_strong,20220504,航運業,BULL,多頭強勢,-0.021095851823025938,-0.025952032470509905,-0.1343925121620156
X_regime_bull_strong,20230301,航運業,BULL,多頭強勢,0.0028258735355996684,-0.019034894351397172,-0.04808471901768858
X_regime_bull_strong,20230406,航運業,BULL,多頭強勢,0.011603149456218181,-0.03707826378613045,-0.07066273624443309
X_regime_bull_strong,20230524,航運業,BULL,多頭強勢,-0.02059495868194753,-0.02092312462634663,-0.05834523707824454
X_regime_bull_strong,20240105,航運業,BULL,多頭強勢,-0.028525484788600987,-0.06264170518326909,-0.053953836126111265
X_regime_bull_strong,20240410,航運業,BULL,多頭強勢,-0.00801375650911695,0.07385620751146828,0.031097852046281294
X_regime_bull_strong,20240423,航運業,BULL,多頭強勢,0.006673290229545457,0.054279794983059675,-0.024678111944473682
X_regime_bull_strong,20240508,航運業,BULL,多頭強勢,0.05540790740285449,0.08309594581450958,-0.008016851881326288
X_regime_bull_strong,20240527,航運業,BULL,多頭強勢,-0.020769707034344227,-0.03273148117701866,-0.09250626860904457
X_regime_bull_strong,20240605,航運業,BULL,多頭強勢,-0.03806645030345261,-0.07568681990694584,-0.11272977363937996
X_regime_bull_strong,20240625,航運業,BULL,多頭強勢,0.005679983653776408,-0.06259798251708965,-0.061608552768568955
X_regime_bull_strong,20240703,航運業,BULL,多頭強勢,-0.041279543742500334,-0.04375506324446912,-0.02037234540336038
X_regime_bull_strong,20251014,航運業,BULL,多頭強勢,-0.021623456180572143,-0.03616286750447889,-0.0242880115576266
X_regime_bull_strong,20251016,航運業,BULL,多頭強勢,-0.029941194757032143,-0.03327107376401321,-0.032881659163604124
X_regime_bull_strong,20260303,航運業,BULL,多頭強勢,-0.03203146958373601,-0.06298682199929216,-0.13374656161434972
X_regime_bull_strong,20260817,航運業,BULL,多頭強勢,0.03071227359928358,0.0033285153545693797,
X_regime_bull_strong,20260903,航運業,BULL,多頭強勢,0.007957629218367967,-0.02773146782627603,
X_regime_bull_strong,20220406,觀光餐旅,BULL,多頭強勢,0.016932734033042015,0.031008164240121622,0.1245208821294555
X_regime_bull_strong,20220429,觀光餐旅,BULL,多頭強勢,0.00981787340725761,0.015522550495101747,0.10293579448039739
X_regime_bull_strong,20220506,觀光餐旅,BULL,多頭強勢,-0.002899490654600923,0.045710944281292874,0.06960939389134359
X_regime_bull_strong,20220915,觀光餐旅,BULL,多頭強勢,0.060010054940821636,0.05743211382274875,0.09771985225291271
X_regime_bull_strong,20220930,觀光餐旅,BULL,多頭強勢,0.00929845017553624,-0.042298024050576394,0.019991540422652186
X_regime_bull_strong,20221007,觀光餐旅,BULL,多頭強勢,-0.03828739893258376,-0.051829987730853955,0.020959678005303628
X_regime_bull_strong,20221012,觀光餐旅,BULL,多頭強勢,-0.045935665146086636,-0.05303238200363894,0.016270234835482414
X_regime_bull_strong,20230113,觀光餐旅,BULL,多頭強勢,-0.01765665953849,0.17466145497264696,0.07895660618300589
X_regime_bull_strong,20230206,觀光餐旅,BULL,多頭強勢,0.02702832384674698,0.13072116549553842,0.10744799207806927
X_regime_bull_strong,20230214,觀光餐旅,BULL,多頭強勢,0.07532658938963478,0.04442702673421363,0.10099362079302347
X_regime_bull_strong,20230329,觀光餐旅,BULL,多頭強勢,-0.03244516919459065,-0.035083253221269824,0.20801722779948492
X_regime_bull_strong,20230418,觀光餐旅,BULL,多頭強勢,-0.040208901574830834,0.03193211820444556,0.08262616742194058
X_regime_bull_strong,20230504,觀光餐旅,BULL,多頭強勢,0.04065138511461122,0.17414154226626313,0.10285976205939174
X_regime_bull_strong,20230509,觀光餐旅,BULL,多頭強勢,0.052619386328566504,0.2181493264347878,0.07876211540000252
X_regime_bull_strong,20230602,觀光餐旅,BULL,多頭強勢,0.039172537838578006,0.023038524161163497,-0.09884567684059
X_regime_bull_strong,20230619,觀光餐旅,BULL,多頭強勢,-0.044682840212118845,-0.12355107182751013,-0.21048319804072513
X_regime_bull_strong,20240617,觀光餐旅,BULL,多頭強勢,-0.010246277026905233,-0.029983878666420168,-0.045652873341383626
X_regime_bull_strong,20210723,貿易百貨,BULL,多頭強勢,-0.004647827100163426,0.016770413119639185,0.034444675876477995
X_regime_bull_strong,20230130,貿易百貨,BULL,多頭強勢,-0.02829284436077045,-0.04597636368854821,-0.12458076056044438
X_regime_bull_strong,20230215,貿易百貨,BULL,多頭強勢,-0.010074753668961187,-0.05912513093334597,-0.0662903587129343
X_regime_bull_strong,20230220,貿易百貨,BULL,多頭強勢,-0.00934761140451266,-0.07023103328275312,-0.06805145497302774
X_regime_bull_strong,20230522,貿易百貨,BULL,多頭強勢,-0.002739469216167487,-0.028598633828891287,-0.027616700302923743
X_regime_bull_strong,20230606,貿易百貨,BULL,多頭強勢,-0.01297442775977704,-0.02120699651442904,-0.020227307246711575
X_regime_bull_strong,20230628,貿易百貨,BULL,多頭強勢,-0.012737088626161337,-0.022958650755166808,-0.009237727981766197
X_regime_bull_strong,20240104,貿易百貨,BULL,多頭強勢,-0.00596590087891662,-0.030639212105833508,-0.106220529028407
X_regime_bull_strong,20241023,貿易百貨,BULL,多頭強勢,-0.0017868984124239356,-0.00488505498800787,-0.02398676386691343
X_regime_bull_strong,20241105,貿易百貨,BULL,多頭強勢,0.0017317622467724822,-0.0007867602202399245,-0.05300019860857862
X_regime_bull_strong,20241202,貿易百貨,BULL,多頭強勢,-0.0034266568710620937,-0.027304416879153942,-0.07131471664406067
X_regime_bull_strong,20260707,貿易百貨,BULL,多頭強勢,0.02734486629151852,0.027322790497019703,0.0018284839081949
X_regime_bull_strong,20260714,貿易百貨,BULL,多頭強勢,0.013982100156999997,-0.0030904476072725513,
X_regime_bull_strong,20211028,資訊服務業,BULL,多頭強勢,-0.0020884593142901225,-0.013963190906192663,-0.01914981572611476
X_regime_bull_strong,20211103,資訊服務業,BULL,多頭強勢,-0.013649133481739125,-0.01828510291784595,-0.024978947490153475
X_regime_bull_strong,20211115,資訊服務業,BULL,多頭強勢,-0.0001153746845277529,-0.01546823261986049,-0.0321730852117768
X_regime_bull_strong,20211117,資訊服務業,BULL,多頭強勢,0.0008880768367293844,-0.0087580243299792,-0.02309963081355378
X_regime_bull_strong,20211216,資訊服務業,BULL,多頭強勢,0.001439819153829177,0.0012624002725832079,0.021258973178607588
X_regime_bull_strong,20220111,資訊服務業,BULL,多頭強勢,-0.008260006977637561,-0.02403662380342886,0.014181029487493151
X_regime_bull_strong,20230215,資訊服務業,BULL,多頭強勢,0.036034379433957237,0.15782133322466027,0.3087411244577559
X_regime_bull_strong,20230317,資訊服務業,BULL,多頭強勢,0.011806025426294824,0.07097985318956085,0.11290133326520015
X_regime_bull_strong,20230410,資訊服務業,BULL,多頭強勢,0.030388770013113523,0.07335810705535986,0.06914932125008738
X_regime_bull_strong,20230428,資訊服務業,BULL,多頭強勢,-0.015256586265801087,0.018935099596647645,0.029481115875697413
X_regime_bull_strong,20230517,資訊服務業,BULL,多頭強勢,-0.014610518124693092,-0.027668250303211413,-0.03147293767183347
X_regime_bull_strong,20230526,資訊服務業,BULL,多頭強勢,-0.010399621273896806,-0.03811741474448898,-0.045816454437104914
X_regime_bull_strong,20230615,資訊服務業,BULL,多頭強勢,-0.0054979829556374244,-0.021508565118188078,-0.03539803886981396
X_regime_bull_strong,20230703,資訊服務業,BULL,多頭強勢,-0.01992069777405235,0.012935448251809985,-0.030869165197655153
X_regime_bull_strong,20230725,資訊服務業,BULL,多頭強勢,-0.027226236040493523,-0.05150131260757904,-0.04355736036990721
X_regime_bull_strong,20231222,資訊服務業,BULL,多頭強勢,-0.005992977102420622,0.040854974524723454,0.0649214605485032
X_regime_bull_strong,20240110,資訊服務業,BULL,多頭強勢,0.017571956153603126,0.0056989652666012205,-0.001596225653525657
X_regime_bull_strong,20240226,資訊服務業,BULL,多頭強勢,0.021957802230799222,0.044217450704254854,-0.046596346652449924
X_regime_bull_strong,20240229,資訊服務業,BULL,多頭強勢,0.008238206505987415,0.02764088613957243,-0.05206938633384631
X_regime_bull_strong,20240709,資訊服務業,BULL,多頭強勢,0.006806923568776265,-0.04087975243130722,-0.04117009353658873
X_regime_bull_strong,20240716,資訊服務業,BULL,多頭強勢,-0.026096126500148302,-0.04323347573214218,-0.039189651459692616
X_regime_bull_strong,20241225,資訊服務業,BULL,多頭強勢,0.005274132797195612,0.056097100156591084,0.0626720569133824
X_regime_bull_strong,20250107,資訊服務業,BULL,多頭強勢,-0.023186088457778545,0.04482270766273062,0.07795290767953181
X_regime_bull_strong,20250327,資訊服務業,BULL,多頭強勢,-3.9781088401080744e-05,0.12372254449441399,0.03523038260560437
X_regime_bull_strong,20220218,農業科技,BULL,多頭強勢,-0.017799419643486008,-0.014723706307639244,0.27706837074768026
X_regime_bull_strong,20220407,農業科技,BULL,多頭強勢,0.23916663201998822,0.26811487361643654,-0.030694211558446316
X_regime_bull_strong,20230302,農業科技,BULL,多頭強勢,-0.02132722158793368,-0.02898169108873125,-0.11585133083517297
X_regime_bull_strong,20230324,農業科技,BULL,多頭強勢,-0.011658025361713424,-0.028046980794013444,-0.10602566450745636
X_regime_bull_strong,20230407,農業科技,BULL,多頭強勢,-0.029701898493962722,-0.07157370531326933,-0.1377887383553469
X_regime_bull_strong,20240102,農業科技,BULL,多頭強勢,-0.00804196602157733,-0.011364962747596984,-0.02004479145419183
X_regime_bull_strong,20240329,農業科技,BULL,多頭強勢,0.0011863819748285688,-0.035978781685002105,-0.02775896217567178
X_regime_bull_strong,20240418,農業科技,BULL,多頭強勢,-0.009068367477627785,-0.04252821512134065,-0.11035408364399883
X_regime_bull_strong,20260312,農業科技,BULL,多頭強勢,-0.016838125002594254,-0.042542355058188264,-0.14459710460197067
X_regime_bull_strong,20260317,農業科技,BULL,多頭強勢,-0.006014235800625475,-0.02966698922447523,-0.14303268497642846
X_regime_bull_strong,20211130,通信網路業,BULL,多頭強勢,0.005812475766126639,0.025207643172575914,-0.06413727292555595
X_regime_bull_strong,20211208,通信網路業,BULL,多頭強勢,0.02572147658664164,-0.015557583190225845,-0.08143795072928008
X_regime_bull_strong,20211227,通信網路業,BULL,多頭強勢,-0.00022023802445085994,-0.036505755487688675,-0.06821494584466402
X_regime_bull_strong,20220103,通信網路業,BULL,多頭強勢,-0.026127551264259082,-0.036386281053749,-0.08463924421355035
X_regime_bull_strong,20230208,通信網路業,BULL,多頭強勢,0.005160278581657831,0.018044485329774207,0.029322789100814844
X_regime_bull_strong,20230307,通信網路業,BULL,多頭強勢,-0.004577391809335422,0.035769679714415394,0.026585407845692688
X_regime_bull_strong,20230322,通信網路業,BULL,多頭強勢,0.012804586685305482,-0.011502370472028485,-0.0063459482550605045
X_regime_bull_strong,20230412,通信網路業,BULL,多頭強勢,0.010066624770353323,-0.026551041446556282,0.038548202478081564
X_regime_bull_strong,20230417,通信網路業,BULL,多頭強勢,-0.044247601943414955,-0.05047903400550775,0.03816141606791722
X_regime_bull_strong,20230504,通信網路業,BULL,多頭強勢,-0.013908052829216783,0.015199119852890502,0.07169677360714688
X_regime_bull_strong,20230518,通信網路業,BULL,多頭強勢,0.004446446524105863,0.0021216315357886206,0.06685917281272911
X_regime_bull_strong,20230522,通信網路業,BULL,多頭強勢,0.019865075099968744,-0.0028397734458582985,0.06681358378958657
X_regime_bull_strong,20230711,通信網路業,BULL,多頭強勢,0.018459098462486005,-0.014843089403433901,0.03910711637682533
X_regime_bull_strong,20230728,通信網路業,BULL,多頭強勢,-0.022863931144182933,-0.0009057347789882333,0.018956865349236802
X_regime_bull_strong,20230824,通信網路業,BULL,多頭強勢,-0.008398320321084368,0.004995189370974939,0.02282434519849074
X_regime_bull_strong,20240124,通信網路業,BULL,多頭強勢,0.007119230248961151,0.05549632504714604,-0.03998206035939719
X_regime_bull_strong,20240201,通信網路業,BULL,多頭強勢,0.015628169954425706,0.02577209475056637,-0.040317553521896934
X_regime_bull_strong,20240305,通信網路業,BULL,多頭強勢,-0.015467541219659372,-0.03693672200230393,-0.03299780011056137
X_regime_bull_strong,20240705,通信網路業,BULL,多頭強勢,-0.0020617441800039557,-0.04057548805658501,0.05388166907501652
X_regime_bull_strong,20241107,通信網路業,BULL,多頭強勢,-0.0028848766492832467,0.039544619293090666,0.048342596724683815
X_regime_bull_strong,20241122,通信網路業,BULL,多頭強勢,0.012213327515971015,0.03115880557374181,0.018112454937064697
X_regime_bull_strong,20241129,通信網路業,BULL,多頭強勢,0.007163166875817521,0.017414483378064248,-0.001120430557372912
X_regime_bull_strong,20241223,通信網路業,BULL,多頭強勢,0.013781216686516424,0.012430852101704745,-0.06799008636781667
X_regime_bull_strong,20241225,通信網路業,BULL,多頭強勢,-0.0018592604809904607,-0.007991211028506525,-0.07661813479688817
X_regime_bull_strong,20241231,通信網路業,BULL,多頭強勢,-0.0007021733648874678,0.004597296221175929,-0.1037470005327017
X_regime_bull_strong,20250106,通信網路業,BULL,多頭強勢,-0.01611942128755274,-0.007650891946499816,-0.10182213076171505
X_regime_bull_strong,20260120,通信網路業,BULL,多頭強勢,0.025048991098652808,0.10631170512298006,0.12301063605928976
X_regime_bull_strong,20260123,通信網路業,BULL,多頭強勢,0.008224537299185222,0.06527059956769665,0.1384719731029816
X_regime_bull_strong,20260203,通信網路業,BULL,多頭強勢,-0.011927451950863732,0.031095656723061842,0.10713427016870299
X_regime_bull_strong,20260223,通信網路業,BULL,多頭強勢,0.016071194718922877,0.03758208554306541,0.11866937762787202
X_regime_bull_strong,20260316,通信網路業,BULL,多頭強勢,-0.0016939063609446962,0.059614809694605655,0.022730894343383344
X_regime_bull_strong,20260325,通信網路業,BULL,多頭強勢,-0.0012760691400539956,0.025392400897775558,-0.0012743098653318213
X_regime_bull_strong,20260330,通信網路業,BULL,多頭強勢,0.050575105515953775,0.0490008119778105,-0.01726198585601095
X_regime_bull_strong,20260408,通信網路業,BULL,多頭強勢,0.015414679127971315,0.008302714134677553,-0.06866915443251738
X_regime_bull_strong,20260505,通信網路業,BULL,多頭強勢,0.015414206931893009,0.036701000765615624,-0.0996013854788615
X_regime_bull_strong,20260507,通信網路業,BULL,多頭強勢,0.0012808793245306111,0.002607657487252335,-0.07603697507849448
X_regime_bull_strong,20260521,通信網路業,BULL,多頭強勢,-0.003601956647919024,-0.058975130408335526,-0.12226958931620911
X_regime_bull_strong,20230529,造紙工業,BULL,多頭強勢,0.049818712163296815,0.06675622682093571,0.005034409158254125
X_regime_bull_strong,20230601,造紙工業,BULL,多頭強勢,0.04986578091420349,0.04810451721116647,-0.0005085975239159102
X_regime_bull_strong,20230621,造紙工業,BULL,多頭強勢,-0.006725303925487386,0.014955199713787254,-0.07091952410816176
X_regime_bull_strong,20230704,造紙工業,BULL,多頭強勢,-0.020366990748662824,0.04696141329264918,-0.05014495303078026
X_regime_bull_strong,20230724,造紙工業,BULL,多頭強勢,0.02316071804057662,-0.073872866928685,-0.08345910223672602
X_regime_bull_strong,20260622,造紙工業,BULL,多頭強勢,0.002256499661219987,0.013383281548643655,0.02928737633540516
X_regime_bull_strong,20260812,造紙工業,BULL,多頭強勢,0.030001036241326193,0.006228296905446943,
X_regime_bull_strong,20260817,造紙工業,BULL,多頭強勢,0.01212307056112466,-0.016285439544433372,
X_regime_bull_strong,20260820,造紙工業,BULL,多頭強勢,-0.022815024263044797,-0.05128731073152018,
X_regime_bull_strong,20210802,運動休閒,BULL,多頭強勢,0.021212756074612607,-0.010221591138512266,-0.006880215254175558
X_regime_bull_strong,20220103,運動休閒,BULL,多頭強勢,-0.010834207562182282,0.006900548502133482,-0.037496559028822374
X_regime_bull_strong,20220627,運動休閒,BULL,多頭強勢,-0.0012431979685873853,0.016734607929777504,0.09417495531970593
X_regime_bull_strong,20220913,運動休閒,BULL,多頭強勢,-0.020092349899038884,-0.013110542915593548,0.006479048993375806
X_regime_bull_strong,20230110,運動休閒,BULL,多頭強勢,0.010929951971591644,-0.000661450323434884,-0.08337062470687329
X_regime_bull_strong,20230116,運動休閒,BULL,多頭強勢,-0.02148418150660745,0.002097451769431047,-0.08871917263389462
X_regime_bull_strong,20230208,運動休閒,BULL,多頭強勢,0.007831202912188341,-0.004940888610465266,-0.07475414929166149
X_regime_bull_strong,20230223,運動休閒,BULL,多頭強勢,0.00041118218846166593,-0.03194913248584547,-0.10684643878773634
X_regime_bull_strong,20240508,運動休閒,BULL,多頭強勢,0.016633503381173184,-0.024625990890433325,-0.0057191454224852015
X_regime_bull_strong,20241104,運動休閒,BULL,多頭強勢,-0.020546841159286663,-0.014448212868901956,0.009444218366424513
X_regime_bull_strong,20220208,金融保險,BULL,多頭強勢,-0.008263418562745137,-0.025313317541248655,-0.02010992803388538
X_regime_bull_strong,20230406,金融保險,BULL,多頭強勢,0.0055491953165876795,0.006909099866608467,0.004262377838045617
X_regime_bull_strong,20230420,金融保險,BULL,多頭強勢,-0.005818870029925868,0.014272581828293857,0.035546875884912926
X_regime_bull_strong,20230509,金融保險,BULL,多頭強勢,0.0058982714680887,0.0015802838896570234,0.03818150881684076
X_regime_bull_strong,20230519,金融保險,BULL,多頭強勢,-0.003822224900978927,-0.016449780083463657,0.023272442642159673
X_regime_bull_strong,20230531,金融保險,BULL,多頭強勢,0.004188141449563296,-0.008090016113256444,0.05429454066485021
X_regime_bull_strong,20230607,金融保險,BULL,多頭強勢,-0.0009700000944555713,-0.010025047851712505,0.03310316183585198
X_regime_bull_strong,20230711,金融保險,BULL,多頭強勢,0.017110149865502692,0.04517264701665727,0.01282309888382542
X_regime_bull_strong,20230714,金融保險,BULL,多頭強勢,0.008050887671990067,0.025831033796139255,0.01548388614922612
X_regime_bull_strong,20240425,金融保險,BULL,多頭強勢,0.034840982310459706,0.022072029022245372,0.022604463518471632
X_regime_bull_strong,20240502,金融保險,BULL,多頭強勢,0.01181809502819127,-0.009059989751360395,0.0025869596291730607
X_regime_bull_strong,20240510,金融保險,BULL,多頭強勢,0.0069927679656116015,-0.007629455309807718,-0.006236765696027203
X_regime_bull_strong,20240515,金融保險,BULL,多頭強勢,-0.005502178676549393,-0.01914887513261336,-0.011629535530269967
X_regime_bull_strong,20240520,金融保險,BULL,多頭強勢,-0.009422756908789272,0.0026824986086074996,-0.008751253357485167
X_regime_bull_strong,20240606,金融保險,BULL,多頭強勢,-0.006131399677328319,0.004671813919107502,-0.012359935045028053
X_regime_bull_strong,20240619,金融保險,BULL,多頭強勢,-0.013727459693286474,-0.01051076281085369,-0.026333719110756687
X_regime_bull_strong,20240703,金融保險,BULL,多頭強勢,0.016965975088162867,0.004180328552882612,-0.02526566227452972
X_regime_bull_strong,20240709,金融保險,BULL,多頭強勢,-0.020048064837269678,-0.00338386701953515,-0.030480706551826435
X_regime_bull_strong,20240711,金融保險,BULL,多頭強勢,-0.025456993399502664,-0.01830544395428038,-0.031967994724535445
X_regime_bull_strong,20250324,金融保險,BULL,多頭強勢,0.02185632591017688,0.03547048396460188,0.04272543530932045
X_regime_bull_strong,20250910,金融保險,BULL,多頭強勢,-0.007029811731430854,0.02618576902812215,0.057103557186965345
X_regime_bull_strong,20250924,金融保險,BULL,多頭強勢,0.01669970340325834,0.028200777602337496,0.07810575367751374
X_regime_bull_strong,20251008,金融保險,BULL,多頭強勢,0.01123062631707269,0.031682433143558814,0.05624174702343557
X_regime_bull_strong,20251014,金融保險,BULL,多頭強勢,-0.008446646754580945,0.016930606223102104,0.044628167377326236
X_regime_bull_strong,20251029,金融保險,BULL,多頭強勢,0.010923086614372635,0.031111051991446214,0.04011427024161434
X_regime_bull_strong,20251103,金融保險,BULL,多頭強勢,0.010215485339757257,0.011553015366821625,0.04027652725979549
X_regime_bull_strong,20251120,金融保險,BULL,多頭強勢,-0.024735983140993463,0.0071574080889826724,0.056354965477689034
X_regime_bull_strong,20251124,金融保險,BULL,多頭強勢,-0.012721327314055456,0.008849992682649452,0.05237176473586025
X_regime_bull_strong,20260226,金融保險,BULL,多頭強勢,-0.004294860323744071,-0.014923580307086848,0.030406044897374786
X_regime_bull_strong,20260327,金融保險,BULL,多頭強勢,0.022006860075513147,0.01771989821105916,0.1410129838395632
X_regime_bull_strong,20260528,金融保險,BULL,多頭強勢,0.04864303520325125,0.06811510875240354,0.08397432172907328
X_regime_bull_strong,20260615,金融保險,BULL,多頭強勢,-0.010064387591515504,-0.0041311524462414925,0.0766641415090697
X_regime_bull_strong,20260623,金融保險,BULL,多頭強勢,-0.0006515241995725656,0.011383061921365116,0.1195705058199372
X_regime_bull_strong,20260708,金融保險,BULL,多頭強勢,0.007462215773272059,0.009854337825892318,0.07039077658496959
X_regime_bull_strong,20261008,金融保險,BULL,多頭強勢,,,
X_regime_bull_strong,20210721,鋼鐵工業,BULL,多頭強勢,0.018420358839851565,-0.023519692647631332,-0.09912767672250913
X_regime_bull_strong,20210802,鋼鐵工業,BULL,多頭強勢,-0.028485895525259694,-0.003972034496945366,-0.1302025377118908
X_regime_bull_strong,20210830,鋼鐵工業,BULL,多頭強勢,-0.029557988564303764,-0.06598733623649664,-0.12637859918318234
X_regime_bull_strong,20220302,鋼鐵工業,BULL,多頭強勢,0.018028397248761957,0.01211482977964912,-0.0689374226276506
X_regime_bull_strong,20220322,鋼鐵工業,BULL,多頭強勢,-0.02117998744630003,-0.031208837275953128,-0.1456023225442805
X_regime_bull_strong,20220411,鋼鐵工業,BULL,多頭強勢,-0.004806254259590548,-0.08583614065071976,-0.15990982547376373
X_regime_bull_strong,20230112,鋼鐵工業,BULL,多頭強勢,0.00874125056754635,-0.02185842602951793,-0.08350236141733049
X_regime_bull_strong,20230413,鋼鐵工業,BULL,多頭強勢,-0.009790805960996503,-0.023506012450858343,-0.08166913194557926
X_regime_bull_strong,20240308,鋼鐵工業,BULL,多頭強勢,0.010024899011729024,0.03052549714511183,-0.027077208875053785
X_regime_bull_strong,20240318,鋼鐵工業,BULL,多頭強勢,-0.0075546457137973585,0.021699131760781414,-0.038993353378071804
X_regime_bull_strong,20240514,鋼鐵工業,BULL,多頭強勢,0.0010275379960644569,-0.03288444514831189,-0.06159753502448631
X_regime_bull_strong,20240520,鋼鐵工業,BULL,多頭強勢,-0.021511504202583215,-0.051956571773689814,-0.07780785993214745
X_regime_bull_strong,20260320,鋼鐵工業,BULL,多頭強勢,-0.008870220855349534,-0.05935197978790253,-0.09036960164720244
X_regime_bull_strong,20260324,鋼鐵工業,BULL,多頭強勢,-0.002801666160700117,-0.04907428963641247,-0.0735902520552372
X_regime_bull_strong,20261001,鋼鐵工業,BULL,多頭強勢,,,
X_regime_bull_strong,20211229,電器電纜,BULL,多頭強勢,-0.01910603874952828,-0.001488652051768423,-0.004605402347177346
X_regime_bull_strong,20220302,電器電纜,BULL,多頭強勢,0.002364140623653116,0.0017118767737171504,-0.0027286032285297745
X_regime_bull_strong,20220414,電器電纜,BULL,多頭強勢,0.003958719129473467,-0.0398245926741224,-0.07361401244279422
X_regime_bull_strong,20230116,電器電纜,BULL,多頭強勢,0.009129961105057392,-0.011563119508839426,-0.017739136560969704
X_regime_bull_strong,20230215,電器電纜,BULL,多頭強勢,-0.014647993092609588,-0.011558041181714256,0.006197026184998081
X_regime_bull_strong,20230308,電器電纜,BULL,多頭強勢,0.002456720604805368,-0.012437784485273752,0.06096833552240752
X_regime_bull_strong,20230315,電器電纜,BULL,多頭強勢,-0.011083958385274602,-0.01719926540179638,0.03363851440392275
X_regime_bull_strong,20230320,電器電纜,BULL,多頭強勢,-0.004940217335135212,-0.0006453048738024776,0.03400006279514056
X_regime_bull_strong,20230329,電器電纜,BULL,多頭強勢,-0.005442919006421057,0.0012902518533555105,0.03487926467796562
X_regime_bull_strong,20230412,電器電纜,BULL,多頭強勢,0.002034591598966978,0.00447838191533468,0.08472333850199422
X_regime_bull_strong,20230420,電器電纜,BULL,多頭強勢,-0.010381917409553073,0.025240941906010922,0.06612083213546607
X_regime_bull_strong,20230502,電器電纜,BULL,多頭強勢,-0.00030792011497500753,0.020448611095512336,0.07489160147670001
X_regime_bull_strong,20230504,電器電纜,BULL,多頭強勢,0.0073597201198172535,0.017977066475000785,0.07545184003176308
X_regime_bull_strong,20230512,電器電纜,BULL,多頭強勢,0.0161741035151498,0.02722866301391505,0.07105189490019251
X_regime_bull_strong,20230516,電器電纜,BULL,多頭強勢,-0.006160339454923804,0.013170997396289248,0.049997366138636784
X_regime_bull_strong,20230525,電器電纜,BULL,多頭強勢,-0.009635215940719519,0.0025493523607569915,0.049361723262917045
X_regime_bull_strong,20230605,電器電纜,BULL,多頭強勢,-0.008030543842753842,0.008884221754961305,0.03630230225225636
X_regime_bull_strong,20230620,電器電纜,BULL,多頭強勢,-0.013343830869161317,0.02282726566338477,0.012993497147648553
X_regime_bull_strong,20230704,電器電纜,BULL,多頭強勢,0.030577404536782985,0.07523646195134764,0.04871155498462165
X_regime_bull_strong,20230725,電器電纜,BULL,多頭強勢,0.04674081534496571,0.0006555938204413567,-0.00587302742719132
X_regime_bull_strong,20230802,電器電纜,BULL,多頭強勢,-0.007619630302721517,-0.002838639452386365,-0.02483833571313794
X_regime_bull_strong,20240327,電器電纜,BULL,多頭強勢,-0.005343508830951289,0.07969957770805505,0.07840109981849389
X_regime_bull_strong,20240409,電器電纜,BULL,多頭強勢,0.12130524385204319,0.09337716453060618,0.040831274498613485
X_regime_bull_strong,20240507,電器電纜,BULL,多頭強勢,-0.022421721471958662,-0.07297046035484442,-0.07310677308404029
X_regime_bull_strong,20240521,電器電纜,BULL,多頭強勢,-0.029838013639919767,0.00021725262068948703,-0.03900981157713896
X_regime_bull_strong,20240607,電器電纜,BULL,多頭強勢,0.02805547867889005,0.0009758090716725162,-0.058961254400381885
X_regime_bull_strong,20240709,電器電纜,BULL,多頭強勢,0.005132584495200206,0.0005698876030099526,-0.057547616698893404
X_regime_bull_strong,20240712,電器電纜,BULL,多頭強勢,-0.018422072621467535,-0.0066046605710026254,-0.07028438317136362
X_regime_bull_strong,20240718,電器電纜,BULL,多頭強勢,-0.012293693037281665,-0.004221516562529257,-0.07772220536143531
X_regime_bull_strong,20250926,電器電纜,BULL,多頭強勢,0.011967530724894626,0.005549373877810192,-0.02078929019648026
X_regime_bull_strong,20251007,電器電纜,BULL,多頭強勢,-0.01103958916977179,-0.01022220615308158,-0.03492686073549447
X_regime_bull_strong,20251021,電器電纜,BULL,多頭強勢,0.01238867163927498,-0.010478785274583312,-0.019150629426575513
X_regime_bull_strong,20251027,電器電纜,BULL,多頭強勢,0.006755743955018198,-0.028161661364713778,-0.011345644450826295
X_regime_bull_strong,20251030,電器電纜,BULL,多頭強勢,-0.004056038836643814,-0.030280837598789558,-0.020763602174222524
X_regime_bull_strong,20251103,電器電纜,BULL,多頭強勢,-0.025394540674536937,-0.040952337151205276,-0.01790828413955179
X_regime_bull_strong,20210809,電子通路業,BULL,多頭強勢,0.017855913743786457,0.02010454010913369,0.04896526479183233
X_regime_bull_strong,20210830,電子通路業,BULL,多頭強勢,-0.001686137238055066,0.018010271451001342,0.0773298815240608
X_regime_bull_strong,20210914,電子通路業,BULL,多頭強勢,0.012484798380558415,0.009755514234203413,0.1043435856099551
X_regime_bull_strong,20210923,電子通路業,BULL,多頭強勢,-0.008376781869860933,-0.002451152885252517,0.08432757238769356
X_regime_bull_strong,20211109,電子通路業,BULL,多頭強勢,0.016222799790314234,0.06017343881729862,0.06800402310524226
X_regime_bull_strong,20211130,電子通路業,BULL,多頭強勢,0.009011574807228133,0.02979630286529951,0.02229751828763914
X_regime_bull_strong,20211216,電子通路業,BULL,多頭強勢,0.01273365665641157,0.006557054687040631,0.027831684322774497
X_regime_bull_strong,20211221,電子通路業,BULL,多頭強勢,0.010981245125823165,0.001940664743792864,0.006618165275211052
X_regime_bull_strong,20220103,電子通路業,BULL,多頭強勢,-0.0131292027814463,-0.012693110529208322,-0.00676508932280212
X_regime_bull_strong,20220210,電子通路業,BULL,多頭強勢,0.007240999131822745,0.020522032549290758,0.030166677612642606
X_regime_bull_strong,20220302,電子通路業,BULL,多頭強勢,0.005586484608613135,-0.0021220545978968795,0.038607799100400325
X_regime_bull_strong,20220310,電子通路業,BULL,多頭強勢,-0.005843004641922627,-0.013167223252416465,0.019987147476813814
X_regime_bull_strong,20230322,電子通路業,BULL,多頭強勢,0.000755019321283742,-0.018412034991910103,-0.05894833712676405
X_regime_bull_strong,20230331,電子通路業,BULL,多頭強勢,-0.010226417454138962,-0.025587403231941204,-0.059032639839039905
X_regime_bull_strong,20230525,電子通路業,BULL,多頭強勢,-0.009014562445257487,-0.02232138498133967,-0.01720237954058629
X_regime_bull_strong,20240109,電子通路業,BULL,多頭強勢,0.02212500304240733,0.10399889246952625,0.09853272631160662
X_regime_bull_strong,20240306,電子通路業,BULL,多頭強勢,-0.033750678981437306,-0.015554310867825789,0.020784226288222463
X_regime_bull_strong,20240325,電子通路業,BULL,多頭強勢,0.002194387496022873,-0.01642207175822634,0.02909184958817082
X_regime_bull_strong,20240408,電子通路業,BULL,多頭強勢,-0.006238312046448841,-0.007773292416291714,0.03321434233695751
X_regime_bull_strong,20240430,電子通路業,BULL,多頭強勢,-0.007897180736483437,0.044866690905053554,-5.945793214184869e-05
X_regime_bull_strong,20240517,電子通路業,BULL,多頭強勢,0.016249665853935797,0.038522209719203324,0.0017179235219957605
X_regime_bull_strong,20240523,電子通路業,BULL,多頭強勢,0.02878534927632994,0.013022689879814982,-0.004338598179407668
X_regime_bull_strong,20240617,電子通路業,BULL,多頭強勢,-0.01625353078211462,-0.00262751885408697,-0.02615514665937807
X_regime_bull_strong,20240701,電子通路業,BULL,多頭強勢,0.004998062658042897,-0.03217743552430312,-0.03284452767069993
X_regime_bull_strong,20240705,電子通路業,BULL,多頭強勢,-0.0024875134319405586,-0.04028746584363957,-0.04102641403655243
X_regime_bull_strong,20240710,電子通路業,BULL,多頭強勢,-0.018418977391272594,-0.05656377945637073,-0.03557153895852255
X_regime_bull_strong,20250917,電子通路業,BULL,多頭強勢,-0.009260583034316715,0.010047156942867766,0.03977639620442491
X_regime_bull_strong,20251007,電子通路業,BULL,多頭強勢,0.002240442790473398,0.012856323306567476,0.09605575918651409
X_regime_bull_strong,20251020,電子通路業,BULL,多頭強勢,0.00928447706859707,0.018633444077434655,0.09042578587620631
X_regime_bull_strong,20251027,電子通路業,BULL,多頭強勢,-0.00820263114670218,0.012251349551479648,0.0734455389229366
X_regime_bull_strong,20251031,電子通路業,BULL,多頭強勢,0.018495370364023066,0.0011102327313881255,0.08214755006111563
X_regime_bull_strong,20251106,電子通路業,BULL,多頭強勢,0.03401025890937743,0.009888305951918565,0.08431641136637988
X_regime_bull_strong,20251110,電子通路業,BULL,多頭強勢,-0.006816834202924872,0.004723589320658153,0.04815225226918861
X_regime_bull_strong,20260114,電子通路業,BULL,多頭強勢,-0.011479152282502555,0.005754511583585224,0.08216299321770537
X_regime_bull_strong,20260130,電子通路業,BULL,多頭強勢,-0.0072877637284342114,0.027691883270264214,0.157245208035049
X_regime_bull_strong,20260225,電子通路業,BULL,多頭強勢,-0.015924862494784912,0.022785945424581674,0.2075974618921823
X_regime_bull_strong,20260316,電子通路業,BULL,多頭強勢,-0.017751321805061126,0.00043248362979842955,0.12537041200218532
X_regime_bull_strong,20260408,電子通路業,BULL,多頭強勢,0.022402404215695698,0.08921446331279816,0.15027607142491045
X_regime_bull_strong,20260421,電子通路業,BULL,多頭強勢,0.004510665750342063,0.0894536434137632,0.0484531138557686
X_regime_bull_strong,20260429,電子通路業,BULL,多頭強勢,0.0380002511723994,0.10891900591480408,0.03207973272504857
X_regime_bull_strong,20260602,電子通路業,BULL,多頭強勢,-0.01670877278527769,-0.019469144085155918,-0.07576797557509996
X_regime_bull_strong,20260605,電子通路業,BULL,多頭強勢,-0.00444448922899849,-0.013690232907872059,-0.058721652050247694
X_regime_bull_strong,20260622,電子通路業,BULL,多頭強勢,-0.0018909782008165212,-0.03215827560175544,-0.06997695779876831
X_regime_bull_strong,20210806,電子零組件業,BULL,多頭強勢,-0.02807822440387453,-0.014267691547328057,0.0013303720776903262
X_regime_bull_strong,20211224,電子零組件業,BULL,多頭強勢,0.008952206392143905,-0.029152082187505896,-0.05539589468648145
X_regime_bull_strong,20220209,電子零組件業,BULL,多頭強勢,-0.0030319925560709144,-0.036513704040638376,-0.07952639073644274
X_regime_bull_strong,20230202,電子零組件業,BULL,多頭強勢,-0.0071049193797499376,-0.00856107663640393,0.009078634907302166
X_regime_bull_strong,20230322,電子零組件業,BULL,多頭強勢,0.000669225632740741,-0.00813144530625662,-0.0034902530651530345
X_regime_bull_strong,20230410,電子零組件業,BULL,多頭強勢,-0.0001536339009764985,-0.018395207745222485,-0.0002993343009116134
X_regime_bull_strong,20230525,電子零組件業,BULL,多頭強勢,0.007783023276293724,-0.010865416242939512,0.07822666831062802
X_regime_bull_strong,20230615,電子零組件業,BULL,多頭強勢,-0.006464705281736048,0.038973888515972305,0.08848199337019202
X_regime_bull_strong,20230703,電子零組件業,BULL,多頭強勢,0.0031898150231144534,0.028230807008941046,0.08141767320987692
X_regime_bull_strong,20230713,電子零組件業,BULL,多頭強勢,0.012002687532567786,0.025413534816498114,0.06527053464653626
X_regime_bull_strong,20230808,電子零組件業,BULL,多頭強勢,0.019733448025118283,0.04703932576814862,0.03212881626534291
X_regime_bull_strong,20230817,電子零組件業,BULL,多頭強勢,0.0015885299771138622,0.020598177223685826,0.008547741901617816
X_regime_bull_strong,20230823,電子零組件業,BULL,多頭強勢,0.008104560923225998,0.009141882609081789,0.011042669028844466
X_regime_bull_strong,20231006,電子零組件業,BULL,多頭強勢,-0.009555690315947617,-0.0007606352833632122,-0.01599370727624111
X_regime_bull_strong,20240202,電子零組件業,BULL,多頭強勢,0.027038461916789394,0.003269320743624994,-0.017592717454670406
X_regime_bull_strong,20240305,電子零組件業,BULL,多頭強勢,-0.03653101275523113,-0.032956231651122735,-0.03743235593717638
X_regime_bull_strong,20240402,電子零組件業,BULL,多頭強勢,0.00032575977562508164,-0.04021543997816718,-0.004171272355243449
X_regime_bull_strong,20240409,電子零組件業,BULL,多頭強勢,-0.01684369543051681,-0.023115820361750528,0.016478611393232062
X_regime_bull_strong,20240716,電子零組件業,BULL,多頭強勢,-0.03170598014020536,-0.025948374358854866,-0.005006941943851491
X_regime_bull_strong,20250818,電子零組件業,BULL,多頭強勢,0.0024178258995578277,0.0019457568142642523,0.07541770102497254
X_regime_bull_strong,20250826,電子零組件業,BULL,多頭強勢,-0.004646984714215201,0.022793462964386314,0.059105609120852616
X_regime_bull_strong,20250918,電子零組件業,BULL,多頭強勢,-0.007153090994736724,0.04256833186667706,0.08148637692823468
X_regime_bull_strong,20251003,電子零組件業,BULL,多頭強勢,-0.009368206368936989,0.0317427427922987,0.10225800696560712
X_regime_bull_strong,20251020,電子零組件業,BULL,多頭強勢,0.010813380020855341,0.007753031453055212,0.09361106922730089
X_regime_bull_strong,20251112,電子零組件業,BULL,多頭強勢,-0.0009415947240853824,0.023263928856783883,0.08279710510176372
X_regime_bull_strong,20260114,電子零組件業,BULL,多頭強勢,0.0201677375425003,0.02560385663928258,0.18565908477273252
X_regime_bull_strong,20260223,電子零組件業,BULL,多頭強勢,-0.011660457748931485,0.022496113055315292,0.31749014499414363
X_regime_bull_strong,20260311,電子零組件業,BULL,多頭強勢,0.039120391751698666,0.08914616556139847,0.3643687613656226
X_regime_bull_strong,20260316,電子零組件業,BULL,多頭強勢,-0.015298852187111921,0.08258941140347222,0.30839578348124924
X_regime_bull_strong,20260330,電子零組件業,BULL,多頭強勢,0.053606489571128776,0.16061286070263361,0.36397834446068905
X_regime_bull_strong,20260408,電子零組件業,BULL,多頭強勢,0.05266789678933423,0.13120632562595472,0.3303000619504452
X_regime_bull_strong,20260430,電子零組件業,BULL,多頭強勢,0.023922465618858996,0.16057713261619994,-0.02883052669521487
X_regime_bull_strong,20260615,電子零組件業,BULL,多頭強勢,0.025144605070264288,-0.045846132746140335,-0.05637490252462923
X_regime_bull_strong,20260617,電子零組件業,BULL,多頭強勢,-0.015657306032026353,-0.11941958226945876,-0.0897877865678479
X_regime_bull_strong,20260701,電子零組件業,BULL,多頭強勢,-0.03773827560276269,-0.15744262722948238,-0.0748496372175824
X_regime_bull_strong,20211230,電機機械,BULL,多頭強勢,-0.005093754277079721,0.001056609201922536,-0.022783112036019806
X_regime_bull_strong,20220208,電機機械,BULL,多頭強勢,-0.0027064429625078693,-0.017156868362373397,-0.023140883303853485
X_regime_bull_strong,20220819,電機機械,BULL,多頭強勢,0.006128908679269374,0.0022980506308193406,-0.022327376433086354
X_regime_bull_strong,20220829,電機機械,BULL,多頭強勢,-0.005322739176870501,0.004127535681040295,-0.0318156438852955
X_regime_bull_strong,20230223,電機機械,BULL,多頭強勢,0.01293464099190985,0.022755016989394798,0.03697468672105389
X_regime_bull_strong,20230307,電機機械,BULL,多頭強勢,-9.176106680148025e-05,0.012856325385877143,0.02760022475546081
X_regime_bull_strong,20230328,電機機械,BULL,多頭強勢,0.009381855588328195,0.015895469944697337,0.059684525987410725
X_regime_bull_strong,20230407,電機機械,BULL,多頭強勢,0.010715709728187625,2.4745981641493414e-05,0.07740399286489583
X_regime_bull_strong,20230502,電機機械,BULL,多頭強勢,-0.0038539404084921456,0.008278559053513167,0.05872726816724346
X_regime_bull_strong,20230504,電機機械,BULL,多頭強勢,-0.003719337724074262,0.014595255843833182,0.059924940264174505
X_regime_bull_strong,20230518,電機機械,BULL,多頭強勢,0.0038781026520855466,0.04837150354471745,0.0656642337048202
X_regime_bull_strong,20230522,電機機械,BULL,多頭強勢,0.006349022637533377,0.0423370913005172,0.06215971166165978
X_regime_bull_strong,20230614,電機機械,BULL,多頭強勢,0.012607793258358976,0.03290460918352208,0.012900760479253787
X_regime_bull_strong,20230628,電機機械,BULL,多頭強勢,0.026116449084525557,0.016238591059110942,0.001515403565920559
X_regime_bull_strong,20230630,電機機械,BULL,多頭強勢,0.027669645267788173,0.0017918250913381041,-0.00784549911627263
X_regime_bull_strong,20230704,電機機械,BULL,多頭強勢,0.01282521613024962,-0.00812344236664237,-0.008862254237281153
X_regime_bull_strong,20240115,電機機械,BULL,多頭強勢,-0.003805713556151169,0.02478740764058915,0.06299716917568537
X_regime_bull_strong,20240326,電機機械,BULL,多頭強勢,0.0002523338869141567,-0.011395220453801098,0.022539946896571114
X_regime_bull_strong,20240408,電機機械,BULL,多頭強勢,-0.010136146845446253,-0.016246949526914693,0.03336881476045249
X_regime_bull_strong,20240507,電機機械,BULL,多頭強勢,-0.006564502574708325,0.02390955286710786,0.05494757279907764
X_regime_bull_strong,20240527,電機機械,BULL,多頭強勢,0.014871692885927261,0.022724040224754348,0.07030936215399738
X_regime_bull_strong,20240606,電機機械,BULL,多頭強勢,0.00817174983694815,0.028620466601215498,0.08657804808632677
X_regime_bull_strong,20240614,電機機械,BULL,多頭強勢,-0.007566842608027265,0.02762555597337987,0.060617690657400025
X_regime_bull_strong,20240618,電機機械,BULL,多頭強勢,0.0009811824855486817,0.029537106666956837,0.07899884280861905
X_regime_bull_strong,20240628,電機機械,BULL,多頭強勢,0.023747110467175644,0.010761133163730289,0.08600932995496247
X_regime_bull_strong,20240704,電機機械,BULL,多頭強勢,0.008800279480966821,-0.010025429211253267,0.046500021094791844
X_regime_bull_strong,20240814,電機機械,BULL,多頭強勢,-0.0023122501587769153,0.02773502668629505,0.022269777283289934
X_regime_bull_strong,20240902,電機機械,BULL,多頭強勢,-0.014161961736476478,-0.009792987220799309,-0.017285701124184396
X_regime_bull_strong,20240918,電機機械,BULL,多頭強勢,-0.0036490895364009934,0.008163170940752286,-0.007011126953847355
X_regime_bull_strong,20240925,電機機械,BULL,多頭強勢,-0.011620303441518761,-0.0016919191290328591,0.025846857920124637
X_regime_bull_strong,20241017,電機機械,BULL,多頭強勢,0.0006789104942152863,-0.02980594608060695,-0.015336947233842615
X_regime_bull_strong,20241106,電機機械,BULL,多頭強勢,-0.017285250997189062,-0.02936892437594142,-0.01237664175057955
X_regime_bull_strong,20251007,電機機械,BULL,多頭強勢,0.0020390569457941843,-0.009579611511831308,-0.016068705064458254
X_regime_bull_strong,20260702,電機機械,BULL,多頭強勢,-0.004258980919147531,-0.022139222523017144,-0.02252271699432079
X_regime_bull_strong,20211214,電腦及週邊設備業,BULL,多頭強勢,0.004895882474650922,-0.006327744745301969,-0.03960602265025163
X_regime_bull_strong,20211222,電腦及週邊設備業,BULL,多頭強勢,0.0032481574088370335,-0.012320924388972341,-0.04705318486786908
X_regime_bull_strong,20211224,電腦及週邊設備業,BULL,多頭強勢,0.006452924910639771,-0.022169257188281916,-0.05276085491233231
X_regime_bull_strong,20220104,電腦及週邊設備業,BULL,多頭強勢,-0.018331046044192653,-0.0188435334412348,-0.07519239692282394
X_regime_bull_strong,20220209,電腦及週邊設備業,BULL,多頭強勢,-0.0023163831389163753,-0.028967218720767924,-0.06047145383210085
X_regime_bull_strong,20230131,電腦及週邊設備業,BULL,多頭強勢,0.011006700156344711,0.02051368166619552,0.06374028572852135
X_regime_bull_strong,20230217,電腦及週邊設備業,BULL,多頭強勢,0.0034189364786111637,0.04078695885793282,0.08955431651857988
X_regime_bull_strong,20230223,電腦及週邊設備業,BULL,多頭強勢,0.01071515106162376,0.042402938302595165,0.12711112387938364
X_regime_bull_strong,20230321,電腦及週邊設備業,BULL,多頭強勢,0.003293356231058537,-0.0006496732300227057,0.16319052504130196
X_regime_bull_strong,20230418,電腦及週邊設備業,BULL,多頭強勢,-0.023853338336065864,0.014727404128780078,0.24235464825686054
X_regime_bull_strong,20230428,電腦及週邊設備業,BULL,多頭強勢,0.006434226992426772,0.07647142716542067,0.2666709950103801
X_regime_bull_strong,20230510,電腦及週邊設備業,BULL,多頭強勢,0.022065868173262053,0.09343493279007195,0.23232484194492617
X_regime_bull_strong,20230512,電腦及週邊設備業,BULL,多頭強勢,0.017482346165368694,0.10381958724431675,0.1957105116469177
X_regime_bull_strong,20230703,電腦及週邊設備業,BULL,多頭強勢,-0.008970136598193776,0.0480046842996465,0.035246577861072985
X_regime_bull_strong,20230712,電腦及週邊設備業,BULL,多頭強勢,0.02917325701906984,-0.0013440036839236953,0.028559841192005865
X_regime_bull_strong,20240202,電腦及週邊設備業,BULL,多頭強勢,0.008218147588702887,-0.001075450331551063,-0.04135610762480814
X_regime_bull_strong,20240304,電腦及週邊設備業,BULL,多頭強勢,-0.014927350235701697,-0.02927442831404374,-0.016111042085032
X_regime_bull_strong,20240320,電腦及週邊設備業,BULL,多頭強勢,-0.012773045325818303,-0.07351725535450103,-0.01545869347046444
X_regime_bull_strong,20240701,電腦及週邊設備業,BULL,多頭強勢,0.001118528029711548,-0.034013922645705616,-0.03647394553506448
X_regime_bull_strong,20241226,電腦及週邊設備業,BULL,多頭強勢,0.009578809829693277,-0.003578529958797979,-0.019750382888329823
X_regime_bull_strong,20250910,電腦及週邊設備業,BULL,多頭強勢,-0.00012288144048904978,-0.010195762151780575,-0.03557381187969423
X_regime_bull_strong,20250922,電腦及週邊設備業,BULL,多頭強勢,-0.01277133753168563,0.00856160612119266,-0.026034416992234258
X_regime_bull_strong,20251007,電腦及週邊設備業,BULL,多頭強勢,-0.0017241333108811907,-0.01052954325112012,-0.029685744736257534
X_regime_bull_strong,20251021,電腦及週邊設備業,BULL,多頭強勢,-0.0006577391228370123,-0.04535934192133969,-0.05445075285152089
X_regime_bull_strong,20260416,電腦及週邊設備業,BULL,多頭強勢,0.029675314000833678,0.06932414643229343,0.07584356056950423
X_regime_bull_strong,20260430,電腦及週邊設備業,BULL,多頭強勢,0.02960970259768933,0.11405135885448842,0.011773048869352858
X_regime_bull_strong,20260521,電腦及週邊設備業,BULL,多頭強勢,0.02771112133907643,0.0007467083946356909,0.002096314750331357
X_regime_bull_strong,20260703,電腦及週邊設備業,BULL,多頭強勢,-0.020007159473855514,-3.1673690885719585e-05,0.003404720876617813
X_regime_bull_strong,20210722,食品工業,BULL,多頭強勢,0.007957677247079381,0.015074946810164136,0.04229904092620123
X_regime_bull_strong,20210802,食品工業,BULL,多頭強勢,0.005240001999082047,0.0030779980630559964,0.016169710174581055
X_regime_bull_strong,20211202,食品工業,BULL,多頭強勢,0.005025169293179976,-0.006489934280558128,0.018961568959469554
X_regime_bull_strong,20211214,食品工業,BULL,多頭強勢,-0.008639230940752,0.005444628666589332,-0.009380819734843428
X_regime_bull_strong,20220107,食品工業,BULL,多頭強勢,0.013926774113807605,0.03299456139638922,0.04104466432736775
X_regime_bull_strong,20220111,食品工業,BULL,多頭強勢,0.002857643333233524,0.01823652377187723,0.04046886332417192
X_regime_bull_strong,20220214,食品工業,BULL,多頭強勢,0.0060859995786558575,-0.008005991827277528,0.023719701766454278
X_regime_bull_strong,20220328,食品工業,BULL,多頭強勢,0.00439802348444002,0.0785174291455987,0.046580357434023785
X_regime_bull_strong,20220415,食品工業,BULL,多頭強勢,0.02203152543870588,0.002320513560996322,0.04556083557537098
X_regime_bull_strong,20220428,食品工業,BULL,多頭強勢,-0.00877272615380386,-0.03328335059749841,0.004218266743263435
X_regime_bull_strong,20230331,食品工業,BULL,多頭強勢,-0.01608275291511682,-0.017020251152738204,-0.05892473431909946
X_regime_bull_strong,20230424,食品工業,BULL,多頭強勢,-0.01644727065515877,-0.009137803282117718,-0.03686880289509003
X_regime_bull_strong,20230508,食品工業,BULL,多頭強勢,-0.0012285823500978732,-0.041598101920009414,-0.03986969766908231
X_regime_bull_strong,20230627,食品工業,BULL,多頭強勢,-0.004302123884206022,0.007592151645647811,-0.00563508752187044
X_regime_bull_strong,20240328,食品工業,BULL,多頭強勢,-0.01741362558644438,-0.03618953671719564,-0.04697103412596787
H2_emerging_leader,20210722,光電業,RANGE,盤整強勢,-0.002860755418802846,-0.035805060441907954,-0.040758305238844335
H2_emerging_leader,20210804,光電業,RANGE,盤整強勢,-0.035879486346845374,-0.03377044350000961,-0.017451584342269816
H2_emerging_leader,20210826,光電業,RANGE,盤整強勢,0.005161439661470538,-0.02957372424367459,0.04720947449895056
H2_emerging_leader,20210831,光電業,RANGE,盤整強勢,-0.03020975641100548,-0.04784397580964043,0.020859072304802023
H2_emerging_leader,20211012,光電業,RANGE,盤整強勢,0.016699076726562838,0.05640353364899799,0.15055954385161774
H2_emerging_leader,20211014,光電業,RANGE,盤整強勢,0.01706763989915014,0.04806110073166189,0.12219307237444704
H2_emerging_leader,20211019,光電業,RANGE,盤整強勢,0.021522258432771606,0.05244610780704559,0.0968531733745096
H2_emerging_leader,20211101,光電業,RANGE,盤整強勢,-0.006193436644399326,0.01895520233941652,0.02296481719950992
H2_emerging_leader,20211103,光電業,RANGE,盤整強勢,-0.012866191653821298,0.018313177484848467,0.03093024919219381
H2_emerging_leader,20211122,光電業,RANGE,盤整強勢,0.0003219467984699972,0.028921391636267547,-0.024740051815806515
H2_emerging_leader,20220322,光電業,RANGE,盤整強勢,-0.004101683066493745,-0.054079087810796386,-0.06258739766531615
H2_emerging_leader,20220420,光電業,BEAR,空頭抗跌,-0.018756299012597025,-0.0029516517980739884,-0.02136610795577497
H2_emerging_leader,20220505,光電業,BEAR,空頭抗跌,-0.00572426849253381,0.02103759318223141,0.0023242744917104236
H2_emerging_leader,20220516,光電業,BEAR,空頭抗跌,0.003390205341173451,0.0014765153026890417,0.012624784583312506
H2_emerging_leader,20220531,光電業,RANGE,盤整強勢,-0.0054045372594827,-0.029233064650788287,0.006934188570024039
H2_emerging_leader,20220708,光電業,BEAR,空頭抗跌,0.019373392932403522,0.041923790216287324,0.03073797287172474
H2_emerging_leader,20220713,光電業,BEAR,空頭抗跌,0.021261158161262173,0.041456678615740795,0.02956370087941047
H2_emerging_leader,20220804,光電業,RANGE,盤整弱勢,0.012634503349959778,0.022161177441743278,-0.004193845838009566
H2_emerging_leader,20220819,光電業,RANGE,盤整強勢,-0.006540554879327731,-0.007294176686535644,-0.008466256603168687
H2_emerging_leader,20220831,光電業,RANGE,盤整強勢,-0.013453691212267263,-0.027608747153782934,-0.010453657535938403
H2_emerging_leader,20221007,光電業,RANGE,盤整強勢,0.006451537123463965,0.015295261271338675,-0.011771500109609923
H2_emerging_leader,20221018,光電業,RANGE,盤整強勢,-0.008699532349110937,0.014154181698832508,-0.031044205484002524
H2_emerging_leader,20221101,光電業,RANGE,盤整強勢,0.011665356400226944,0.011612075194767646,-0.022581966769002038
H2_emerging_leader,20221117,光電業,RANGE,盤整強勢,-0.013074748419404422,-0.024161383712844563,-0.04845410652091375
H2_emerging_leader,20221130,光電業,RANGE,盤整強勢,-0.00615155942162496,-0.041333489214204384,-0.016162167038918276
H2_emerging_leader,20230109,光電業,RANGE,盤整強勢,-0.01786702015401584,-0.002509565228868159,0.029573639980382593
H2_emerging_leader,20230131,光電業,RANGE,盤整弱勢,0.007045104118593009,0.006608687892405679,0.014600681193362483
H2_emerging_leader,20230216,光電業,RANGE,盤整弱勢,-0.002969869015020405,0.036616035638028406,0.003476539116814864
H2_emerging_leader,20230220,光電業,RANGE,盤整強勢,-0.015283031310028597,0.03479043811216523,-0.002579685611206986
H2_emerging_leader,20230223,光電業,RANGE,盤整弱勢,0.02658182307150122,0.04058721599846143,0.01368581533153515
H2_emerging_leader,20230306,光電業,RANGE,盤整強勢,0.0015033870178119066,0.01730860436942787,-0.0022941507816692727
H2_emerging_leader,20230308,光電業,RANGE,盤整強勢,-0.0003957061350716995,0.017076326816923414,-0.020495466624050246
H2_emerging_leader,20230317,光電業,RANGE,盤整弱勢,0.01233501804728964,0.006706570183247995,-0.027009040917990487
H2_emerging_leader,20230714,光電業,RANGE,盤整強勢,-0.010096531687195778,-0.011036390427637169,-0.022062037784967972
H2_emerging_leader,20230821,光電業,RANGE,盤整強勢,-0.0018784467716057374,-0.006568431461833415,-0.031853350737606506
H2_emerging_leader,20230825,光電業,RANGE,盤整強勢,-1.3484727948823855e-05,-0.00668683218397639,0.000747361729236791
H2_emerging_leader,20231005,光電業,RANGE,盤整強勢,-0.012963125404725672,-0.012868138013150052,-0.003456140832907656
H2_emerging_leader,20231024,光電業,RANGE,盤整強勢,-0.005201150304544648,0.0028478883359845455,0.026608542589531103
H2_emerging_leader,20231027,光電業,RANGE,盤整強勢,-0.009071405920675516,0.006126648460414261,0.03982717277204935
H2_emerging_leader,20231120,光電業,RANGE,盤整強勢,0.009254692563835732,-0.005443004560138111,0.05880997662987998
H2_emerging_leader,20231122,光電業,RANGE,盤整強勢,-0.004661651259613195,-0.01819925256551776,0.03781602611069954
H2_emerging_leader,20231128,光電業,RANGE,盤整強勢,-0.006643297808951863,-0.006004349023478437,0.04627087724551596
H2_emerging_leader,20231226,光電業,RANGE,盤整強勢,-0.005337260425625284,0.04427356333493905,0.044766960675374896
H2_emerging_leader,20240821,光電業,RANGE,盤整強勢,0.01933173615477938,0.03289061466605847,0.026294140109118
H2_emerging_leader,20241007,光電業,RANGE,盤整強勢,0.013018408677953805,0.01500157830547385,0.009701137830086727
H2_emerging_leader,20241014,光電業,RANGE,盤整強勢,0.025653918627593773,-0.004778070079612735,0.0005615759988411156
H2_emerging_leader,20241016,光電業,RANGE,盤整強勢,0.007946355590961332,-0.016133335698015408,-0.027921249481082155
H2_emerging_leader,20241021,光電業,RANGE,盤整強勢,-0.019899543330785877,-0.032891958660479566,-0.029833390053794442
H2_emerging_leader,20241204,光電業,RANGE,盤整強勢,-0.009669296710390362,0.011239870943227218,-0.006158778337094299
H2_emerging_leader,20241223,光電業,RANGE,盤整強勢,0.01727324746323187,-0.011109419483324726,-0.033751820843075715
H2_emerging_leader,20241231,光電業,RANGE,盤整強勢,-0.010196187868901016,-0.028231823807465316,-0.08743553770585166
H2_emerging_leader,20250207,光電業,RANGE,盤整強勢,0.010175508527604068,-0.0007843096449963918,-0.033789807595695213
H2_emerging_leader,20250211,光電業,RANGE,盤整弱勢,0.015795072123482072,-0.007118154096555836,-0.0267808693925021
H2_emerging_leader,20250217,光電業,RANGE,盤整強勢,0.0015092147357047333,-0.005763489804662389,-0.0348415372383013
H2_emerging_leader,20250219,光電業,RANGE,盤整強勢,-0.0029247045044920334,-0.00943081552746871,-0.03241809335761864
H2_emerging_leader,20250317,光電業,RANGE,盤整強勢,-0.0030075114786150877,-0.03608603246425843,-0.01947064282762065
H2_emerging_leader,20250320,光電業,RANGE,盤整強勢,-0.005213731378838675,-0.04025529656833149,-0.021728512477058745
H2_emerging_leader,20250415,光電業,BEAR,空頭抗跌,0.008062446173052665,0.01619303169658294,0.03054451313376788
H2_emerging_leader,20250417,光電業,BEAR,空頭抗跌,0.018762498217079985,0.009992325185134723,0.024982442940433044
H2_emerging_leader,20250423,光電業,BEAR,空頭抗跌,0.01586412194520888,0.025135641890043983,0.02090379782506223
H2_emerging_leader,20250502,光電業,RANGE,盤整強勢,0.01028592576496054,0.00908117242104757,0.02872029177712819
H2_emerging_leader,20250512,光電業,RANGE,盤整強勢,-0.004204461687637495,0.011852973024926834,0.040383991307207545
H2_emerging_leader,20250523,光電業,RANGE,盤整強勢,-0.01989987702909621,-0.009209888427828196,0.05288530778526873
H2_emerging_leader,20250609,光電業,RANGE,盤整強勢,-0.0007598470810249777,-0.005664316388991404,0.0696903406096115
H2_emerging_leader,20250711,光電業,RANGE,盤整強勢,0.0031879742872021333,0.03933340852083814,0.07102661197539356
H2_emerging_leader,20250730,光電業,RANGE,盤整強勢,0.019213701217409288,0.07300003767649682,0.022307966458714436
H2_emerging_leader,20250801,光電業,RANGE,盤整強勢,0.011794264160650533,0.04619633353042185,0.003504557380937301
H2_emerging_leader,20251112,光電業,RANGE,盤整強勢,-0.008611875914807155,0.018193953991157447,0.08426320053346822
H2_emerging_leader,20251126,光電業,RANGE,盤整強勢,0.015657112572164428,0.05660696782876572,0.11269197788513002
H2_emerging_leader,20251202,光電業,RANGE,盤整強勢,0.007970647917634783,0.0537469433415559,0.11631417013753474
H2_emerging_leader,20251208,光電業,RANGE,盤整強勢,0.027033281653264706,0.053368821050253167,0.15492406479404916
H2_emerging_leader,20251217,光電業,RANGE,盤整強勢,0.022668884770278327,0.06065160964617831,0.11937810479461816
H2_emerging_leader,20251219,光電業,RANGE,盤整強勢,0.009306942495396065,0.04634787675710649,0.08411742351673566
H2_emerging_leader,20260106,光電業,RANGE,盤整強勢,-0.0017698086038174209,0.009913597452157842,0.12589053058981714
H2_emerging_leader,20260804,光電業,RANGE,盤整強勢,0.0033098500722754977,0.06361962018550431,
H2_emerging_leader,20260814,光電業,RANGE,盤整強勢,-0.001570277443571672,0.014448868951452887,
H2_emerging_leader,20260820,光電業,RANGE,盤整弱勢,0.043353271465693816,0.06023833284931554,
H2_emerging_leader,20260825,光電業,RANGE,盤整強勢,0.018842144509934582,0.026099471428398115,
H2_emerging_leader,20260901,光電業,RANGE,盤整強勢,-0.018024388919539974,0.04573401969375675,
H2_emerging_leader,20260916,光電業,RANGE,盤整強勢,0.018003488246057367,,
H2_emerging_leader,20260924,光電業,RANGE,盤整強勢,0.02289416879861772,,
H2_emerging_leader,20210812,其他,RANGE,盤整強勢,-0.00197360112305333,0.011394123606399971,-0.0020027590588964257
H2_emerging_leader,20210901,其他,RANGE,盤整弱勢,0.011565012687507393,0.007015368238528892,0.0024677224866826095
H2_emerging_leader,20210906,其他,RANGE,盤整強勢,0.0006926777080896434,-0.007052307425487929,-0.008519732102654526
H2_emerging_leader,20210909,其他,RANGE,盤整強勢,-0.011051534072582005,0.0023063846186450604,-0.016047170796065456
H2_emerging_leader,20211005,其他,RANGE,盤整強勢,0.007554530106758652,-0.0038435333109615027,-0.018163936951129375
H2_emerging_leader,20211013,其他,RANGE,盤整強勢,-0.009441398215122746,-0.016206666619432583,0.000312819201087694
H2_emerging_leader,20211015,其他,RANGE,盤整強勢,-0.006979520020725086,-0.018274437060698596,0.007183127410083798
H2_emerging_leader,20220413,其他,RANGE,盤整強勢,0.0024970761719699903,0.01933930385193154,0.04035198676398562
H2_emerging_leader,20220419,其他,RANGE,盤整強勢,0.02285717525862002,0.01268306378491331,0.03784124766441574
H2_emerging_leader,20220426,其他,RANGE,盤整強勢,-0.012520093808614992,-0.00590437943817922,0.006422863649930957
H2_emerging_leader,20220428,其他,RANGE,盤整強勢,0.006485460864105182,-0.004390707725816715,0.01875194169459994
H2_emerging_leader,20220526,其他,RANGE,盤整強勢,0.0005082225735401694,0.015937648915443057,0.01853350008441494
H2_emerging_leader,20220608,其他,RANGE,盤整弱勢,0.021230415234577325,0.025186129082206146,0.0224921693040237
H2_emerging_leader,20220615,其他,RANGE,盤整強勢,0.002415237378723123,0.00593774484351052,0.015869179251197178
H2_emerging_leader,20220621,其他,RANGE,盤整強勢,-0.0060885293242944494,-0.006308444857040615,0.015779671150422385
H2_emerging_leader,20220728,其他,RANGE,盤整強勢,0.0007084049724065235,-0.0012037177676107944,0.032000938551722286
H2_emerging_leader,20220801,其他,RANGE,盤整弱勢,0.002243734511263421,0.005221370833771201,0.02964503976848172
H2_emerging_leader,20220825,其他,RANGE,盤整強勢,0.004218476740019328,0.03567887009126358,0.02759688555071084
H2_emerging_leader,20220908,其他,RANGE,盤整強勢,0.009187193151807889,0.02177885096995731,0.010851463003883507
H2_emerging_leader,20220929,其他,RANGE,盤整強勢,-0.004712903922048914,-0.0001977220059522014,-0.010478745799299485
H2_emerging_leader,20221222,其他,RANGE,盤整強勢,0.0026495073395089394,-0.010306420713804144,-0.017872849004844205
H2_emerging_leader,20230710,其他,RANGE,盤整強勢,-0.010478381274634319,-0.016291053264261092,0.01007330547497759
H2_emerging_leader,20230804,其他,RANGE,盤整弱勢,0.021975270616300703,0.01975537168562414,0.03259228910986798
H2_emerging_leader,20230809,其他,RANGE,盤整強勢,0.004801996659255034,0.017089143219134177,0.018245791094674023
H2_emerging_leader,20230811,其他,RANGE,盤整強勢,-0.007318966890235668,0.011791863507335382,0.009934111579618057
H2_emerging_leader,20230815,其他,RANGE,盤整強勢,-0.0029392059398743228,0.00878161809717919,0.014760507421629095
H2_emerging_leader,20230817,其他,RANGE,盤整弱勢,-0.0013532421462680072,0.007525523430538011,0.01595066436386498
H2_emerging_leader,20230829,其他,RANGE,盤整強勢,0.00833320272534778,0.018306446802260692,0.013758474105948555
H2_emerging_leader,20230901,其他,RANGE,盤整弱勢,0.014428880335660314,0.01308931952894402,0.007167031544859689
H2_emerging_leader,20230906,其他,RANGE,盤整強勢,-0.00308828972274742,0.004629604907423165,-0.006444164201761568
H2_emerging_leader,20230912,其他,RANGE,盤整強勢,0.004156400692730955,0.0071824876909468115,-0.008498191593828024
H2_emerging_leader,20230922,其他,RANGE,盤整強勢,1.306077608848391e-05,-0.0010714202830421488,0.0014883877852873845
H2_emerging_leader,20231114,其他,RANGE,盤整強勢,-0.010600115870296602,-0.01127438058678222,0.02245933165082753
H2_emerging_leader,20241113,其他,RANGE,盤整強勢,0.009062153284263607,0.017991610545235726,0.03300575024691498
H2_emerging_leader,20241115,其他,RANGE,盤整強勢,-0.001568935896332821,0.02354675526416873,0.019017564572262325
H2_emerging_leader,20241129,其他,RANGE,盤整強勢,-0.00800888612767426,0.01752969555210556,0.017022839950572043
H2_emerging_leader,20241230,其他,RANGE,盤整強勢,0.008560868279496977,0.007841838544960645,0.015736536285862135
H2_emerging_leader,20250106,其他,RANGE,盤整強勢,-0.0005196116534662704,-0.012042949421521398,-0.002199872231196956
H2_emerging_leader,20250326,其他,RANGE,盤整強勢,0.007253342675652891,-0.010326844483948716,-0.010808870913028304
H2_emerging_leader,20250523,其他,RANGE,盤整弱勢,0.012039621579523787,0.002013441264679415,-0.03606075711901341
H2_emerging_leader,20250528,其他,RANGE,盤整強勢,0.005115761383363328,-0.0035739781259470117,-0.03739662516308059
H2_emerging_leader,20250603,其他,BEAR,空頭抗跌,-0.00421288189825237,-0.003979789035888855,-0.044965931172043644
H2_emerging_leader,20250606,其他,BEAR,空頭抗跌,-0.0028122858666571604,0.0013188781964933415,-0.033040803572263786
H2_emerging_leader,20250703,其他,RANGE,盤整弱勢,-0.004231403305828862,-0.02301929910131647,-0.023906348703422228
H2_emerging_leader,20250710,其他,RANGE,盤整弱勢,-0.011092311156553954,-0.02190443999496486,-0.0254619811757833
H2_emerging_leader,20250829,其他,RANGE,盤整弱勢,0.021576200336764967,0.0064831264549311575,0.0035716563345184315
H2_emerging_leader,20250902,其他,RANGE,盤整強勢,0.0076915699070111716,-0.0020026263990183587,-0.004495037650668528
H2_emerging_leader,20251016,其他,RANGE,盤整弱勢,-0.01072557691536844,-0.004502956992811603,-0.02672412720661481
H2_emerging_leader,20251106,其他,RANGE,盤整弱勢,-7.993392176091534e-05,0.011395835414313084,-0.028670448377497583
H2_emerging_leader,20251119,其他,RANGE,盤整強勢,0.007456907689317609,0.006022551808325241,-0.04909834761036465
H2_emerging_leader,20251124,其他,RANGE,盤整強勢,-0.0005549848899384958,-0.008469663882736247,-0.06562710044810383
H2_emerging_leader,20251218,其他,RANGE,盤整強勢,-0.002214534602192779,-0.03690240478083593,-0.0708741487603826
H2_emerging_leader,20260114,其他,RANGE,盤整弱勢,-0.00869837784827103,-0.006874995612922459,-0.06528610767334475
H2_emerging_leader,20260203,其他,RANGE,盤整弱勢,0.006673546548619314,-0.03129616570920364,-0.07546755326612246
H2_emerging_leader,20260210,其他,RANGE,盤整強勢,-0.024318057682704255,-0.04075988468130942,-0.09057440033425618
H2_emerging_leader,20260324,其他,RANGE,盤整弱勢,0.0012267290577449965,-0.02087062039780097,-0.0660653763090833
H2_emerging_leader,20260519,其他,RANGE,盤整強勢,-0.03394329711866542,-0.017977059822700106,0.004544603820478752
H2_emerging_leader,20260612,其他,RANGE,盤整強勢,0.0018261332768401335,0.02528285203455305,0.023125739761037864
H2_emerging_leader,20260629,其他,RANGE,盤整弱勢,-0.0008623532106143313,0.04006010886688589,0.011898691160297487
H2_emerging_leader,20260715,其他,RANGE,盤整強勢,0.006899501943821974,0.0001698440770453967,
H2_emerging_leader,20260720,其他,RANGE,盤整強勢,0.007596457144637615,-0.021795307509869112,
H2_emerging_leader,20260909,其他,RANGE,盤整強勢,-0.0032201978655416416,,
H2_emerging_leader,20260914,其他,RANGE,盤整強勢,-0.007730334686976443,,
H2_emerging_leader,20210825,其他電子業,RANGE,盤整強勢,0.007659410380811954,-0.0024052588440769303,0.02807672709018534
H2_emerging_leader,20210903,其他電子業,RANGE,盤整強勢,-0.012253042262695316,-0.019161336966030895,0.015419254734133137
H2_emerging_leader,20211008,其他電子業,RANGE,盤整弱勢,-0.0014804162350150786,0.023153566628729097,0.06357733813805744
H2_emerging_leader,20211020,其他電子業,RANGE,盤整弱勢,0.013192367349377416,0.027225650114609215,0.040789402924528685
H2_emerging_leader,20211101,其他電子業,RANGE,盤整強勢,-0.0002590643087846574,0.013244707138220367,0.022393168903474744
H2_emerging_leader,20211103,其他電子業,RANGE,盤整強勢,0.001328501489748949,0.003927436121084664,0.027728088339701445
H2_emerging_leader,20211115,其他電子業,RANGE,盤整強勢,-0.0014241518772103838,-0.0008235884408663522,0.005704623539640914
H2_emerging_leader,20220322,其他電子業,RANGE,盤整強勢,-0.0010657124331223903,-0.05623732073565678,-0.03047811433760659
H2_emerging_leader,20220505,其他電子業,BEAR,空頭抗跌,0.01417131557957009,0.024673487454382463,0.02431286668871864
H2_emerging_leader,20220513,其他電子業,BEAR,空頭抗跌,0.008646961888804622,0.020406186171960983,0.019510323238899598
H2_emerging_leader,20220525,其他電子業,RANGE,盤整強勢,0.0029911048936021242,-0.01231301691654927,0.014146118713715653
H2_emerging_leader,20220601,其他電子業,RANGE,盤整弱勢,0.007864230394034137,-0.030686303686114358,0.014318453960318105
H2_emerging_leader,20220608,其他電子業,RANGE,盤整弱勢,0.002620525772052261,-0.034654235793648056,0.02097135847922077
H2_emerging_leader,20220615,其他電子業,RANGE,盤整強勢,-0.01764006559300585,-0.020560067430514403,0.012428977100691622
H2_emerging_leader,20220708,其他電子業,BEAR,空頭抗跌,0.02253104224090079,0.03658730098516304,0.04999731913941184
H2_emerging_leader,20220713,其他電子業,BEAR,空頭抗跌,0.015831129852447057,0.030801565954492162,0.042199030113523946
H2_emerging_leader,20220804,其他電子業,RANGE,盤整強勢,0.003831195069024216,0.021820546698788516,-0.007285987515586553
H2_emerging_leader,20220808,其他電子業,RANGE,盤整強勢,0.002577045704372078,0.010098096330975581,-0.00090042655617395
H2_emerging_leader,20220830,其他電子業,RANGE,盤整強勢,-0.005319462956900382,-0.005683907598103513,-0.019358558752689527
H2_emerging_leader,20221101,其他電子業,RANGE,盤整弱勢,0.010120948906407155,0.0008156172555492947,0.008479769732223752
H2_emerging_leader,20221201,其他電子業,RANGE,盤整弱勢,0.0049477808718629635,-0.01981596611887815,0.00720951646269706
H2_emerging_leader,20221205,其他電子業,RANGE,盤整強勢,-0.004371050451971803,-0.021194552225682603,0.0032472856079161644
H2_emerging_leader,20230109,其他電子業,RANGE,盤整強勢,-0.007523282804839578,0.0044896727490372,0.025540317233515186
H2_emerging_leader,20230131,其他電子業,RANGE,盤整強勢,0.007656989913065142,0.00017407482862211165,0.016640119044660714
H2_emerging_leader,20230303,其他電子業,RANGE,盤整強勢,0.004707572239403532,0.02444216123361389,0.023628504367765396
H2_emerging_leader,20230531,其他電子業,RANGE,盤整強勢,-0.002433734039993987,-0.0026544833838146945,0.03444104477752289
H2_emerging_leader,20230928,其他電子業,RANGE,盤整強勢,-0.011303169451569523,-0.03590758793558298,-0.02749015845322718
H2_emerging_leader,20231005,其他電子業,RANGE,盤整強勢,-0.009389673206277826,-0.02561526465110668,-0.01715730627905085
H2_emerging_leader,20231107,其他電子業,RANGE,盤整強勢,-0.003088710302647921,-0.0065605549073473185,0.021670011990892253
H2_emerging_leader,20231117,其他電子業,RANGE,盤整強勢,-0.0045608959226840105,-0.0033373432662127736,0.035670589542247
H2_emerging_leader,20240813,其他電子業,RANGE,盤整強勢,0.016513534329990014,0.018058006965379698,0.07795670969942119
H2_emerging_leader,20240819,其他電子業,RANGE,盤整強勢,0.00760868294849174,0.011061778528732462,0.05200425742355367
H2_emerging_leader,20241014,其他電子業,RANGE,盤整強勢,0.018412656783516855,0.03018501515438409,0.04409670538107037
H2_emerging_leader,20241017,其他電子業,RANGE,盤整強勢,0.022073708140171816,0.010630870881215823,0.03608803630876599
H2_emerging_leader,20250318,其他電子業,RANGE,盤整強勢,-0.0009804260011433451,-0.03732335028167649,0.0005187511251766169
H2_emerging_leader,20250415,其他電子業,BEAR,空頭抗跌,0.010559191036360641,0.0476814823946833,0.08801921374171978
H2_emerging_leader,20250417,其他電子業,BEAR,空頭抗跌,0.012977414002037117,0.029139754591647762,0.08427900216230232
H2_emerging_leader,20250423,其他電子業,BEAR,空頭抗跌,0.032056732683213254,0.027739161603843668,0.10180212931437148
H2_emerging_leader,20250512,其他電子業,RANGE,盤整強勢,-0.004274995540647086,0.013956187674213368,0.07437219963649949
H2_emerging_leader,20250516,其他電子業,RANGE,盤整強勢,0.0035831694511476685,0.016395776167304133,0.11790382085846214
H2_emerging_leader,20250604,其他電子業,RANGE,盤整強勢,0.010456389243187088,0.024498922024749945,0.18556295046832233
H2_emerging_leader,20250610,其他電子業,RANGE,盤整強勢,-0.003122651684701716,0.02204224361356473,0.17036536094115282
H2_emerging_leader,20250617,其他電子業,RANGE,盤整弱勢,0.01886190442190569,0.04174550345328243,0.18700093396109105
H2_emerging_leader,20250624,其他電子業,RANGE,盤整強勢,-0.0010074252363364011,0.0217306331182402,0.14926548629431424
H2_emerging_leader,20251125,其他電子業,RANGE,盤整強勢,0.016119269363580158,0.04624229098121976,0.0696129341150408
H2_emerging_leader,20251204,其他電子業,RANGE,盤整強勢,0.01633514186665542,0.048638413307922256,0.07146662439875434
H2_emerging_leader,20251208,其他電子業,RANGE,盤整強勢,0.012294722701832317,0.029036004505252642,0.0715323468226233
H2_emerging_leader,20260727,其他電子業,RANGE,盤整強勢,0.015023455709991192,0.012718004254468118,
H2_emerging_leader,20260804,其他電子業,RANGE,盤整強勢,0.0002281995022675211,0.024748861927444892,
H2_emerging_leader,20260814,其他電子業,RANGE,盤整強勢,-0.017568147942755113,0.004348378576687651,
H2_emerging_leader,20260827,其他電子業,RANGE,盤整強勢,0.006893293965414346,0.031003059842829382,
H2_emerging_leader,20260901,其他電子業,RANGE,盤整強勢,-0.0025426144823396373,0.037764157384640076,
H2_emerging_leader,20260904,其他電子業,RANGE,盤整強勢,-0.015546802162415878,0.03513544433067494,
H2_emerging_leader,20260918,其他電子業,RANGE,盤整強勢,0.025140477481725737,,
H2_emerging_leader,20260923,其他電子業,RANGE,盤整強勢,0.02737533270969056,,
H2_emerging_leader,20260930,其他電子業,RANGE,盤整強勢,-0.0002893035508300442,,
H2_emerging_leader,20210818,化學工業,RANGE,盤整強勢,-0.009676597807538323,0.07232180400671501,0.135031946563447
H2_emerging_leader,20210823,化學工業,RANGE,盤整強勢,-0.0075451124700371686,0.04493526134681842,0.13034949772619883
H2_emerging_leader,20220218,化學工業,RANGE,盤整強勢,-0.003747306875245421,0.02237108498044566,0.011525204873135318
H2_emerging_leader,20220314,化學工業,RANGE,盤整強勢,0.028743263722849383,0.03193565497255226,0.022871207539978688
H2_emerging_leader,20220317,化學工業,RANGE,盤整弱勢,0.010238482257654538,0.004823655533134321,0.0016900735409404524
H2_emerging_leader,20220516,化學工業,RANGE,盤整弱勢,-0.005016022033069341,0.0033207859950677328,-0.023878771317416895
H2_emerging_leader,20220608,化學工業,RANGE,盤整強勢,-0.0029586872583825877,-0.02657803740338964,0.0056612072744791075
H2_emerging_leader,20220722,化學工業,RANGE,盤整強勢,-0.0034136665858011473,0.00911846885547729,-0.01675735046244592
H2_emerging_leader,20220811,化學工業,RANGE,盤整弱勢,0.009583490973052621,0.034678788481098496,-0.02129385171806948
H2_emerging_leader,20220819,化學工業,RANGE,盤整強勢,0.012536086454986684,0.015858237066100237,-0.021718876948484067
H2_emerging_leader,20220825,化學工業,RANGE,盤整強勢,0.009057877809900338,0.009268364696211728,-0.04068624638089567
H2_emerging_leader,20220830,化學工業,RANGE,盤整強勢,0.0017538850360549543,-0.007828626865678492,-0.05165331924255332
H2_emerging_leader,20221101,化學工業,RANGE,盤整弱勢,-0.0039336993537492995,0.0072730647516214275,-0.01454560172862307
H2_emerging_leader,20221111,化學工業,RANGE,盤整強勢,-0.013044844187288325,-0.01597605877024235,-0.039481667262423095
H2_emerging_leader,20221128,化學工業,RANGE,盤整強勢,0.0026676531879867536,-0.008944683919557531,-0.04829411169802533
H2_emerging_leader,20230714,化學工業,RANGE,盤整強勢,0.022361302140322767,0.007246418773205629,0.022784593872893652
H2_emerging_leader,20230823,化學工業,RANGE,盤整強勢,-0.0047167175835256345,0.010501539796294104,0.006441196972834774
H2_emerging_leader,20230901,化學工業,RANGE,盤整強勢,0.0035493002591275337,0.007415384735038921,0.008984783898530788
H2_emerging_leader,20230911,化學工業,RANGE,盤整強勢,0.006337307521123619,0.011154600849040252,-0.010127280530713212
H2_emerging_leader,20230913,化學工業,RANGE,盤整強勢,-0.0025240312780267886,0.008428103354301008,-0.023916592658038416
H2_emerging_leader,20231016,化學工業,RANGE,盤整強勢,0.007911645379902962,-0.00587400301251172,-0.03481695393817208
H2_emerging_leader,20231019,化學工業,RANGE,盤整強勢,-0.005219969637432565,-0.01856585848440502,-0.05273688473526958
H2_emerging_leader,20231023,化學工業,RANGE,盤整強勢,-0.009854612980429875,-0.024168988542298327,-0.04889625524600479
H2_emerging_leader,20231220,化學工業,RANGE,盤整強勢,-0.0070528090599911095,-0.015731467428476305,0.0022972824240033995
H2_emerging_leader,20240123,化學工業,RANGE,盤整弱勢,0.0009918340932166584,0.033509683019056574,0.0013055108281830041
H2_emerging_leader,20240126,化學工業,RANGE,盤整強勢,-0.0039897304937275705,0.030075245731578694,-0.011600116349511372
H2_emerging_leader,20240215,化學工業,RANGE,盤整弱勢,0.0003629680161426098,0.008162511583782697,0.009016539462066389
H2_emerging_leader,20240226,化學工業,RANGE,盤整強勢,-0.0019478659989654763,-0.022275755657885653,-0.04449343321127651
H2_emerging_leader,20240516,化學工業,RANGE,盤整強勢,-0.012472863192165973,-0.01955749979933051,-0.009230613253972834
H2_emerging_leader,20240531,化學工業,RANGE,盤整弱勢,0.0050337300718824255,0.00658399271980168,0.06238671103294812
H2_emerging_leader,20240621,化學工業,RANGE,盤整強勢,0.00828833339489819,0.01846814824486301,0.08310655947209657
H2_emerging_leader,20240703,化學工業,RANGE,盤整強勢,-0.007363113528730666,-0.001839125768845179,0.06829868326006497
H2_emerging_leader,20240822,化學工業,RANGE,盤整強勢,0.012596048847427517,0.05936547153636399,-0.004452904300332388
H2_emerging_leader,20240827,化學工業,RANGE,盤整強勢,0.007340859368571977,0.027830724964478085,-0.008008483156572016
H2_emerging_leader,20250114,化學工業,BEAR,空頭抗跌,-0.0008892009300469697,-0.007685055774313929,-0.02760183454420033
H2_emerging_leader,20250213,化學工業,RANGE,盤整強勢,0.0020651525394234094,-0.00036199770700403016,-0.012249842011293824
H2_emerging_leader,20250219,化學工業,RANGE,盤整強勢,-0.0006631572581815865,0.0011338637395633747,-0.01987670981672124
H2_emerging_leader,20250305,化學工業,RANGE,盤整強勢,-0.015209063991596015,-0.02321122145733201,-0.025803661074598916
H2_emerging_leader,20250320,化學工業,RANGE,盤整強勢,-0.009866111011807392,-0.0227696948567927,-0.024696558866318705
H2_emerging_leader,20250428,化學工業,RANGE,盤整弱勢,-0.002531487660479624,0.02551786220844409,0.030713314575472467
H2_emerging_leader,20250513,化學工業,RANGE,盤整弱勢,-0.0028940835260089243,0.004485390303170692,0.009638821025904382
H2_emerging_leader,20250520,化學工業,RANGE,盤整強勢,0.014751187969886089,-0.004922549680136334,0.015036215488595836
H2_emerging_leader,20250610,化學工業,RANGE,盤整強勢,-0.01408548611180338,-0.013967816359832727,0.04173532338660777
H2_emerging_leader,20250626,化學工業,RANGE,盤整強勢,-0.009535463274464265,0.013497019774332222,0.05340027964783655
H2_emerging_leader,20250716,化學工業,RANGE,盤整強勢,0.015352018311994953,0.010872383757499524,0.08612552451365832
H2_emerging_leader,20250723,化學工業,RANGE,盤整強勢,0.0035739988908397155,0.019184725221455395,0.0702554408294243
H2_emerging_leader,20250818,化學工業,RANGE,盤整強勢,-0.0049022689797114955,0.008410955166773725,0.024502282632882528
H2_emerging_leader,20250821,化學工業,RANGE,盤整強勢,0.013552066669048221,0.023962093118529437,0.03427179690000127
H2_emerging_leader,20251215,化學工業,RANGE,盤整強勢,0.03777927677554642,0.08915227993106656,0.14998817427864575
H2_emerging_leader,20251222,化學工業,RANGE,盤整強勢,-0.0035763653507768518,0.022830703869372256,0.10677900852950818
H2_emerging_leader,20260106,化學工業,RANGE,盤整強勢,-0.0065230534112526405,-0.025431329701739634,0.11451583194230064
H2_emerging_leader,20260804,化學工業,RANGE,盤整強勢,0.016365194046757767,0.022943691766029433,
H2_emerging_leader,20260813,化學工業,RANGE,盤整強勢,0.006144478961818265,0.0011735733613882516,
H2_emerging_leader,20260817,化學工業,RANGE,盤整強勢,-0.004898334458842413,-0.011665066509180836,
H2_emerging_leader,20260826,化學工業,RANGE,盤整強勢,-0.009406263171351644,0.001987979175145701,
H2_emerging_leader,20260901,化學工業,RANGE,盤整強勢,-0.006855033931781244,0.04515435249152651,
H2_emerging_leader,20260917,化學工業,RANGE,盤整強勢,0.022492407574346108,,
H2_emerging_leader,20260929,化學工業,RANGE,盤整強勢,0.04553313453584897,,
H2_emerging_leader,20261002,化學工業,RANGE,盤整強勢,,,
H2_emerging_leader,20261006,化學工業,RANGE,盤整強勢,,,
H2_emerging_leader,20211008,半導體業,RANGE,盤整強勢,0.01940610135687001,0.09183458503694826,0.11858349114158095
H2_emerging_leader,20211019,半導體業,RANGE,盤整強勢,0.04580011597084004,0.13131414944526573,0.02321569915126276
H2_emerging_leader,20211101,半導體業,RANGE,盤整強勢,-0.0011367844417656987,0.05467377679336951,-0.03306242004377592
H2_emerging_leader,20211103,半導體業,RANGE,盤整弱勢,0.01576201190964655,0.059060773409944936,-0.028666161230276183
H2_emerging_leader,20211115,半導體業,RANGE,盤整強勢,-0.002546472493273816,-0.04635080861139403,-0.08112673453720515
H2_emerging_leader,20211203,半導體業,RANGE,盤整強勢,-0.03524782099330685,-0.030859183621001714,-0.11174832779131427
H2_emerging_leader,20211221,半導體業,RANGE,盤整強勢,0.0095420754285312,-0.03785893465498844,-0.07477422345459275
H2_emerging_leader,20220118,半導體業,RANGE,盤整強勢,-0.01783456610956103,-0.03758426200742661,-0.15402979522327653
H2_emerging_leader,20220120,半導體業,RANGE,盤整強勢,-0.004979409033769706,-0.011706544427932924,-0.14112352231089384
H2_emerging_leader,20220210,半導體業,RANGE,盤整強勢,-0.007844191396992217,-0.04278574196930306,-0.09915360663175729
H2_emerging_leader,20220216,半導體業,RANGE,盤整強勢,-0.033745596487138346,-0.027151392407802732,-0.07346181975313232
H2_emerging_leader,20220322,半導體業,RANGE,盤整強勢,-0.0022811556671265224,-0.11256696405080711,-0.10609424233216533
H2_emerging_leader,20220329,半導體業,RANGE,盤整弱勢,-0.04129620323831913,-0.12133468544032244,-0.12694172053802805
H2_emerging_leader,20220503,半導體業,BEAR,空頭抗跌,0.017939445337467066,0.07078235563848526,-0.07729830265848113
H2_emerging_leader,20220510,半導體業,BEAR,空頭抗跌,0.03247398437357571,0.036346962622743895,-0.10886751886296092
H2_emerging_leader,20220513,半導體業,BEAR,空頭抗跌,0.008038456884522066,-9.863710431136027e-05,-0.12640200923839703
H2_emerging_leader,20220530,半導體業,RANGE,盤整強勢,-0.004585621590454192,-0.09822773015188284,-0.1374584739850877
H2_emerging_leader,20220715,半導體業,BEAR,空頭抗跌,0.011886644928722958,0.004675914325408835,-0.10099187332576806
H2_emerging_leader,20220812,半導體業,RANGE,盤整強勢,-0.004017718445329114,-0.035698138184373146,-0.05469652244332891
H2_emerging_leader,20220817,半導體業,RANGE,盤整強勢,-0.007482020020466225,-0.048913503261397054,-0.04724790673949574
H2_emerging_leader,20220831,半導體業,RANGE,盤整強勢,-0.02577237414385726,-0.06914368001505201,-0.0169848384351221
H2_emerging_leader,20221003,半導體業,RANGE,盤整弱勢,-0.037656577592378934,-0.011724050500818282,-0.020023457110749293
H2_emerging_leader,20221018,半導體業,BEAR,空頭弱勢,-0.012369730688528112,0.0975282166905179,0.05263364612580548
H2_emerging_leader,20221020,半導體業,BEAR,空頭抗跌,-0.002650143107735814,0.0946870945014467,0.054501496390099935
H2_emerging_leader,20221031,半導體業,BEAR,空頭抗跌,0.021754852684970148,0.06353474030787767,0.09026679982548114
H2_emerging_leader,20221130,半導體業,RANGE,盤整強勢,-0.017954316001272314,-0.06685096419847031,0.0065927393380988825
H2_emerging_leader,20230529,半導體業,RANGE,盤整強勢,-0.013103036676278872,-0.009097651051809402,0.004981060831696336
H2_emerging_leader,20230531,半導體業,RANGE,盤整強勢,-0.00850734234880797,-0.0005048047065547914,0.01509900871994977
H2_emerging_leader,20230609,半導體業,RANGE,盤整弱勢,0.005175110262624735,-0.00463677467941252,0.04227580810821386
H2_emerging_leader,20230613,半導體業,RANGE,盤整強勢,-0.013276644386817187,-0.0011936515679919716,0.02577886673287643
H2_emerging_leader,20230823,半導體業,RANGE,盤整強勢,0.015774936289572293,0.03245866543131605,0.12031231220500085
H2_emerging_leader,20240321,半導體業,RANGE,盤整強勢,-0.018118803891424326,-0.08102108220555644,-0.003077038536768273
H2_emerging_leader,20240429,半導體業,RANGE,盤整強勢,-0.0017333954683965737,0.031398884652932044,-0.01578291102452504
H2_emerging_leader,20240517,半導體業,RANGE,盤整強勢,0.02824227544228804,0.07010042383426356,0.0032121073946951555
H2_emerging_leader,20240522,半導體業,RANGE,盤整強勢,0.02789440610148384,0.06238506454826797,0.008365565921850018
H2_emerging_leader,20240524,半導體業,RANGE,盤整強勢,0.004863708870913001,0.0315784342340555,-0.01102352099067223
H2_emerging_leader,20240612,半導體業,RANGE,盤整強勢,0.01765681856556145,0.01451761440671101,-0.05642626302238962
H2_emerging_leader,20240620,半導體業,RANGE,盤整強勢,-0.011847057249340457,-0.0342797297767446,-0.07166525686650148
H2_emerging_leader,20240704,半導體業,RANGE,盤整強勢,-0.01318359217852374,-0.09670066238737063,-0.058593573254093256
H2_emerging_leader,20240819,半導體業,RANGE,盤整強勢,-0.0004569143990352468,-0.026465993450019105,-0.02350181717131502
H2_emerging_leader,20240822,半導體業,RANGE,盤整強勢,0.00334523536766221,-0.007534330805652542,-0.023415338579710326
H2_emerging_leader,20240828,半導體業,RANGE,盤整強勢,-0.03326016589891572,-0.0022137760400237107,-0.043644669936435405
H2_emerging_leader,20240912,半導體業,RANGE,盤整強勢,0.00768966309165138,0.0308765547777585,0.0009979864080821646
H2_emerging_leader,20240919,半導體業,RANGE,盤整強勢,0.022010875369504385,0.047368702106802454,0.018951250655211756
H2_emerging_leader,20240923,半導體業,RANGE,盤整強勢,0.009421702267296805,0.03138730552531743,0.01369564229011705
H2_emerging_leader,20240925,半導體業,RANGE,盤整強勢,-0.013222525566220052,-0.011400521773507899,-0.0046962831149289855
H2_emerging_leader,20241014,半導體業,RANGE,盤整強勢,0.00757167195496263,-0.027086366625320275,-0.01980035875403928
H2_emerging_leader,20241017,半導體業,RANGE,盤整強勢,0.010735326119487328,-0.03688271532866262,-0.026307150022052653
H2_emerging_leader,20241021,半導體業,RANGE,盤整強勢,-0.027421974853570744,-0.050661781925628764,-0.03632355682133921
H2_emerging_leader,20241125,半導體業,RANGE,盤整強勢,-0.004392468813817346,0.026270833115424372,-0.010351305198388113
H2_emerging_leader,20241206,半導體業,RANGE,盤整強勢,-0.010046882104001738,0.019603068012532726,-0.040372002884845826
H2_emerging_leader,20241218,半導體業,RANGE,盤整強勢,0.00819113159585532,-0.018321958308232817,-0.04954164909051161
H2_emerging_leader,20241223,半導體業,BEAR,空頭抗跌,0.00358331663440446,-0.011348313298769012,-0.0873085114487957
H2_emerging_leader,20250107,半導體業,RANGE,盤整強勢,-0.03077254190752239,-0.01606158445308708,-0.11403355920849875
H2_emerging_leader,20250120,半導體業,RANGE,盤整強勢,-0.005163872656517476,-0.009438074490599649,-0.08662284307796117
H2_emerging_leader,20250213,半導體業,RANGE,盤整強勢,0.01246883530367493,-0.04145710443233226,-0.0785388011159411
H2_emerging_leader,20250217,半導體業,RANGE,盤整強勢,-0.008995941344469372,-0.0507726464447507,-0.09717916862697518
H2_emerging_leader,20250219,半導體業,RANGE,盤整強勢,-0.024242987584142256,-0.046749764188351965,-0.08888077996384375
H2_emerging_leader,20250318,半導體業,RANGE,盤整弱勢,0.0013846787380277193,-0.06501316451002453,-0.0224564418013017
H2_emerging_leader,20250320,半導體業,RANGE,盤整強勢,-0.023478604765958914,-0.07819636976658129,-0.026004984550865848
H2_emerging_leader,20250326,半導體業,RANGE,盤整弱勢,-0.027361934685137063,-0.04692819875030796,0.005989204907342213
H2_emerging_leader,20250415,半導體業,BEAR,空頭抗跌,0.005869460095111615,0.03314596507921798,0.07968137151409543
H2_emerging_leader,20250417,半導體業,BEAR,空頭抗跌,0.014463216507795366,0.019699188312502294,0.07310704033534997
H2_emerging_leader,20250423,半導體業,BEAR,空頭抗跌,0.009032336105746011,0.028736620546339367,0.08497518512740175
H2_emerging_leader,20250512,半導體業,RANGE,盤整強勢,0.0025216589693822233,0.036560627663230434,0.03668200931224491
H2_emerging_leader,20250605,半導體業,RANGE,盤整強勢,0.007661408953817528,0.03209355766369674,0.06655120787078665
H2_emerging_leader,20250610,半導體業,RANGE,盤整強勢,0.0010094325806467852,0.012429636011646997,0.0558332228727094
H2_emerging_leader,20250616,半導體業,RANGE,盤整強勢,0.015881463874453244,0.017097720403368964,0.07512325597211958
H2_emerging_leader,20250624,半導體業,RANGE,盤整強勢,-0.008919443914766345,-0.006194755211032403,0.08399276054117444
H2_emerging_leader,20260727,半導體業,RANGE,盤整強勢,0.042744340910876644,0.05168970561455022,
H2_emerging_leader,20260804,半導體業,RANGE,盤整強勢,0.010492830941117002,0.025969925958879186,
H2_emerging_leader,20260811,半導體業,RANGE,盤整強勢,-0.021652070263001855,0.012272902232501777,
H2_emerging_leader,20260813,半導體業,RANGE,盤整強勢,-0.03266964328937003,-0.0051649484883224805,
H2_emerging_leader,20260817,半導體業,RANGE,盤整強勢,-0.0027784539357442184,0.006449554238255247,
H2_emerging_leader,20260826,半導體業,RANGE,盤整強勢,-0.0014718896821283214,0.041481872506737294,
H2_emerging_leader,20260907,半導體業,RANGE,盤整強勢,-0.020690979046816504,0.048964259057793356,
H2_emerging_leader,20260918,半導體業,RANGE,盤整強勢,0.022293018358636146,,
H2_emerging_leader,20260930,半導體業,RANGE,盤整強勢,-0.007802696821102273,,
H2_emerging_leader,20261002,半導體業,RANGE,盤整強勢,,,
H2_emerging_leader,20210802,塑膠工業,RANGE,盤整強勢,0.007600260335380429,-0.00652770109368437,-0.02795361647245361
H2_emerging_leader,20210806,塑膠工業,RANGE,盤整弱勢,-0.004005772484547254,-0.03357023936634025,-0.04554982198968677
H2_emerging_leader,20210827,塑膠工業,RANGE,盤整強勢,-0.01835025278608919,0.03457329801129137,-0.02324586288244252
H2_emerging_leader,20210909,塑膠工業,RANGE,盤整強勢,0.010297164631770515,0.03275882652902727,-0.03252268558647511
H2_emerging_leader,20210916,塑膠工業,RANGE,盤整強勢,0.03160132753357164,0.008362327732243043,-0.054520056780840966
H2_emerging_leader,20210923,塑膠工業,RANGE,盤整強勢,0.0090039044736486,-0.008061417400347904,-0.06871432611719935
H2_emerging_leader,20210930,塑膠工業,RANGE,盤整強勢,0.0062558723452930285,-0.045622503922100266,-0.07906359808848033
H2_emerging_leader,20211124,塑膠工業,RANGE,盤整強勢,-0.007438940862811206,-0.031501096572907616,-0.0006189461587826801
H2_emerging_leader,20211207,塑膠工業,RANGE,盤整弱勢,-0.011472429664811778,-0.0009271325596751923,0.02133745479285099
H2_emerging_leader,20211227,塑膠工業,RANGE,盤整弱勢,0.0093098122160707,0.032217011566018604,0.009188236887051959
H2_emerging_leader,20220107,塑膠工業,RANGE,盤整強勢,0.003999961458486578,0.0006699467104577111,-0.05069720285762269
H2_emerging_leader,20220112,塑膠工業,RANGE,盤整強勢,-0.005682446944592353,-0.009465522686893412,-0.053323018721691026
H2_emerging_leader,20220517,塑膠工業,BEAR,空頭弱勢,0.007204446089987568,0.009496406969994679,-0.051297876272321366
H2_emerging_leader,20220523,塑膠工業,RANGE,盤整強勢,-0.010983988104895662,-0.0046978321176334055,-0.07486492189193267
H2_emerging_leader,20220525,塑膠工業,RANGE,盤整強勢,-0.010795611260687156,0.0022721787596766893,-0.07509184083906392
H2_emerging_leader,20220609,塑膠工業,RANGE,盤整弱勢,0.008855280102317856,-0.020170910676237094,-0.07862664171607348
H2_emerging_leader,20220615,塑膠工業,RANGE,盤整強勢,-0.0028996212329103765,-0.03140773860475708,-0.07733021116960098
H2_emerging_leader,20220704,塑膠工業,BEAR,空頭弱勢,-0.02991571640451948,-0.05383965716459018,-0.039615508564969475
H2_emerging_leader,20220725,塑膠工業,BEAR,空頭弱勢,-0.02103471663827516,-0.037841019418073954,-0.0018499418928776545
H2_emerging_leader,20220812,塑膠工業,RANGE,盤整弱勢,-0.003808390984969493,-0.00078405045893379,0.011486021933574828
H2_emerging_leader,20220824,塑膠工業,RANGE,盤整強勢,-0.010028716999665333,0.014505927215858382,0.0031088035648953946
H2_emerging_leader,20220908,塑膠工業,BEAR,空頭抗跌,0.006275532502194321,0.02114076503821978,-0.0031949335630875354
H2_emerging_leader,20220927,塑膠工業,RANGE,盤整強勢,-0.004137677640891783,0.004323380293667828,-0.004911971917725952
H2_emerging_leader,20220929,塑膠工業,RANGE,盤整強勢,-0.00959442674663201,-0.00010960395902443604,-0.0011425216379635367
H2_emerging_leader,20221018,塑膠工業,RANGE,盤整強勢,0.008326560410265783,-0.02745252112944177,-0.005247997483947192
H2_emerging_leader,20221021,塑膠工業,RANGE,盤整強勢,-0.002241474073669546,-0.031593066578491424,-0.010674396378817883
H2_emerging_leader,20221111,塑膠工業,RANGE,盤整強勢,-0.016264792445633697,-0.011156805061526852,-0.03792565405206684
H2_emerging_leader,20221130,塑膠工業,RANGE,盤整強勢,-0.019649457082575955,0.0070710420936221305,-0.04878018364886018
H2_emerging_leader,20221215,塑膠工業,RANGE,盤整強勢,0.011773024663319535,0.014209136985973462,-0.05843956614815958
H2_emerging_leader,20221222,塑膠工業,RANGE,盤整強勢,0.0006727136856966249,-0.02005662644349402,-0.06498236347806652
H2_emerging_leader,20221226,塑膠工業,RANGE,盤整強勢,-0.010334276214167859,-0.024012925011355317,-0.06785552418767236
H2_emerging_leader,20230512,塑膠工業,RANGE,盤整強勢,-0.009532503793578624,-0.03299341086048732,-0.013879491878080994
H2_emerging_leader,20230621,塑膠工業,RANGE,盤整弱勢,-0.007323634478087998,-0.026710700317893882,0.014183192680858617
H2_emerging_leader,20230719,塑膠工業,RANGE,盤整弱勢,-0.008354584913379067,0.015093668566275142,0.05234563158929023
H2_emerging_leader,20230801,塑膠工業,RANGE,盤整強勢,0.01706179367429993,-0.004935501336698244,0.02539971702876593
H2_emerging_leader,20230804,塑膠工業,RANGE,盤整強勢,0.01739671745495467,0.0119015521653233,0.029223818719129803
H2_emerging_leader,20230809,塑膠工業,RANGE,盤整強勢,-0.024512041663154717,-0.008068789931548088,0.003849186899262244
H2_emerging_leader,20230811,塑膠工業,RANGE,盤整強勢,-0.02474710955791922,0.00642864985773714,0.008909672813053507
H2_emerging_leader,20230815,塑膠工業,RANGE,盤整弱勢,-0.008680998770116221,0.025537996276145104,0.018091166564891122
H2_emerging_leader,20230824,塑膠工業,RANGE,盤整強勢,0.0018497156338948828,0.02081581117082538,0.019469553352396855
H2_emerging_leader,20230829,塑膠工業,RANGE,盤整弱勢,0.003117161558476647,0.013573240194060046,0.020604718531218487
H2_emerging_leader,20230908,塑膠工業,RANGE,盤整強勢,-0.006123967326682366,0.003003429546301519,-0.01437522334528911
H2_emerging_leader,20230913,塑膠工業,RANGE,盤整強勢,0.0046236106667965245,0.013005676878918526,-0.025222622997886635
H2_emerging_leader,20231220,塑膠工業,RANGE,盤整強勢,-0.01288218560553072,-0.04917020405926553,-0.11585837208221172
H2_emerging_leader,20231225,塑膠工業,RANGE,盤整弱勢,-0.006254644613482224,-0.045635707483018345,-0.10305450612457583
H2_emerging_leader,20240126,塑膠工業,RANGE,盤整強勢,0.0022681421283900624,-0.03461089186415547,-0.11755987128040908
H2_emerging_leader,20240201,塑膠工業,RANGE,盤整強勢,-0.013832710244298465,-0.05906910285739535,-0.11383004081058447
H2_emerging_leader,20240401,塑膠工業,RANGE,盤整強勢,-0.021907992747406603,-0.023407457436824305,-0.0873679184896118
H2_emerging_leader,20240423,塑膠工業,BEAR,空頭抗跌,0.0029715191887134326,-0.027213209846301274,-0.023457845481073228
H2_emerging_leader,20240502,塑膠工業,RANGE,盤整強勢,-0.02002032471702668,-0.043074723280568425,-0.017974467615423803
H2_emerging_leader,20240506,塑膠工業,RANGE,盤整強勢,0.0028791800424044075,-0.038037219185729845,0.004817583414835486
H2_emerging_leader,20240515,塑膠工業,RANGE,盤整強勢,-0.015597176495447392,-0.04975438404934256,-0.01046472079145883
H2_emerging_leader,20240620,塑膠工業,RANGE,盤整強勢,-0.0034954164427332384,0.028626198380275296,0.013242410373962243
H2_emerging_leader,20240703,塑膠工業,RANGE,盤整強勢,-0.00036384469502639136,0.038849620352184616,0.027203264219348523
H2_emerging_leader,20240712,塑膠工業,RANGE,盤整強勢,0.022488216476376797,0.017469585892751265,-0.030438986528290225
H2_emerging_leader,20240717,塑膠工業,RANGE,盤整強勢,0.01902851056336325,-0.009859723937472427,-0.044637907026576024
H2_emerging_leader,20240919,塑膠工業,RANGE,盤整弱勢,0.018849558177807507,-0.03535353746812751,-0.07147405472302659
H2_emerging_leader,20240927,塑膠工業,RANGE,盤整強勢,-0.02570063976696343,-0.028576160138772635,-0.10024708311738938
H2_emerging_leader,20241028,塑膠工業,RANGE,盤整強勢,-0.00041984002867201733,-0.030059095289982445,-0.052857182377084914
H2_emerging_leader,20241101,塑膠工業,RANGE,盤整強勢,0.0029795765187548627,-0.03546733809032027,-0.06809625765610329
H2_emerging_leader,20250114,塑膠工業,BEAR,空頭抗跌,-0.00691146592330983,0.0006482356905733316,0.024285116514710395
H2_emerging_leader,20250213,塑膠工業,RANGE,盤整強勢,-0.006407344701082285,0.021236526232656743,-0.007807568404661083
H2_emerging_leader,20250219,塑膠工業,RANGE,盤整強勢,0.01205997262839628,0.02797792553261625,0.014018392854896755
H2_emerging_leader,20250225,塑膠工業,RANGE,盤整強勢,-0.0026438934572236396,0.0032857360985349207,-0.0022111240916283664
H2_emerging_leader,20250310,塑膠工業,RANGE,盤整強勢,0.0014473234520414697,-0.013515706031027586,-0.03055033885836049
H2_emerging_leader,20250423,塑膠工業,RANGE,盤整強勢,-0.004518729763963988,-0.014146629544127862,-0.005205072955156612
H2_emerging_leader,20250528,塑膠工業,RANGE,盤整強勢,-0.0077425914507137745,-0.04012953031934868,0.01371033426387517
H2_emerging_leader,20250701,塑膠工業,BEAR,空頭抗跌,-2.2023736123907844e-05,0.0909657952724981,0.007432565525941754
H2_emerging_leader,20250707,塑膠工業,RANGE,盤整強勢,0.014794931095556215,0.02990720438654645,0.00826776260620335
H2_emerging_leader,20250715,塑膠工業,RANGE,盤整強勢,0.04466895139117944,0.017652937682011274,0.009487117085412649
H2_emerging_leader,20250723,塑膠工業,RANGE,盤整強勢,0.023362156338920317,-0.009679962136610404,-0.02843920911309601
H2_emerging_leader,20250728,塑膠工業,RANGE,盤整強勢,-0.03451785895592771,-0.03334626925704907,-0.007327666908851199
H2_emerging_leader,20250730,塑膠工業,RANGE,盤整強勢,-0.04828179637732155,-0.06263390087899495,-0.029232282299310217
H2_emerging_leader,20250812,塑膠工業,RANGE,盤整強勢,-0.003338661225469347,-0.05573205085181786,0.06356998495190379
H2_emerging_leader,20250815,塑膠工業,RANGE,盤整強勢,-0.0034174259479571117,-0.06069724856078018,0.08748205323716313
H2_emerging_leader,20250821,塑膠工業,RANGE,盤整強勢,-0.042360595984775554,-0.056428393700093164,0.0795282131605265
H2_emerging_leader,20250918,塑膠工業,RANGE,盤整強勢,0.023912243949869336,0.05066982063232648,0.12623089450752312
H2_emerging_leader,20250925,塑膠工業,RANGE,盤整強勢,-0.019986665965037276,0.032977258654574015,0.09440240297743412
H2_emerging_leader,20250930,塑膠工業,RANGE,盤整強勢,0.020420784690273905,0.035015925988539726,0.10725864748786719
H2_emerging_leader,20251009,塑膠工業,RANGE,盤整強勢,0.0031949179328464566,0.07144683321379415,0.0958632965892146
H2_emerging_leader,20251016,塑膠工業,RANGE,盤整強勢,0.021208142292038067,0.10181341521923944,0.06833351149350127
H2_emerging_leader,20251022,塑膠工業,RANGE,盤整強勢,-0.005632763652497194,0.0682073839774857,0.043541846756530354
H2_emerging_leader,20251106,塑膠工業,RANGE,盤整強勢,0.0365868392292455,0.04489497918099115,0.019187939959046184
H2_emerging_leader,20251111,塑膠工業,RANGE,盤整強勢,0.015179083997879879,0.009811681385662973,0.011879557342462495
H2_emerging_leader,20260529,塑膠工業,RANGE,盤整弱勢,0.0027525443176576103,0.03480304017035306,0.07130746489346425
H2_emerging_leader,20260615,塑膠工業,RANGE,盤整弱勢,0.02823081739195888,0.08296635621264284,0.07143878871898074
H2_emerging_leader,20260617,塑膠工業,RANGE,盤整弱勢,0.01446136044756392,0.04603720686520513,0.049298300220465566
H2_emerging_leader,20260624,塑膠工業,RANGE,盤整強勢,0.019159980281693703,0.03850335538854454,0.027615066664783035
H2_emerging_leader,20260630,塑膠工業,RANGE,盤整強勢,0.026931998736711794,-0.00363757381302246,0.02780359404672719
H2_emerging_leader,20260702,塑膠工業,RANGE,盤整強勢,-0.031876334014555335,-0.06271324125176492,-0.022859930713873655
H2_emerging_leader,20260715,塑膠工業,RANGE,盤整強勢,0.003999452726735332,-0.05067441652051846,
H2_emerging_leader,20260826,塑膠工業,RANGE,盤整強勢,-0.0023808832749345945,-0.011685745135056717,
H2_emerging_leader,20260930,塑膠工業,RANGE,盤整弱勢,0.03577210023790097,,
H2_emerging_leader,20261007,塑膠工業,RANGE,盤整強勢,,,
H2_emerging_leader,20210817,居家生活,RANGE,盤整弱勢,-0.01655066146895831,-0.024114168087487845,-0.04475567433330804
H2_emerging_leader,20210820,居家生活,RANGE,盤整強勢,-0.007832556228017568,-0.012527418382487984,-0.046631559897944326
H2_emerging_leader,20210907,居家生活,RANGE,盤整弱勢,-0.012044880039481648,-0.023048685346357047,-0.04864825017707417
H2_emerging_leader,20210922,居家生活,BEAR,空頭抗跌,-0.012302530507373129,-0.004196630990577945,-0.04391560105963667
H2_emerging_leader,20211005,居家生活,BEAR,空頭弱勢,0.00297541532864153,-0.01684368020300704,-0.06492012255191436
H2_emerging_leader,20211013,居家生活,BEAR,空頭抗跌,-0.005683076871309926,-0.024793863175798778,-0.061802751389971294
H2_emerging_leader,20211215,居家生活,RANGE,盤整強勢,-0.007425623803557784,0.008480554853205098,0.051040268272418074
H2_emerging_leader,20220126,居家生活,RANGE,盤整強勢,0.008786871253338994,0.03275818737572696,0.03676452913459219
H2_emerging_leader,20220607,居家生活,RANGE,盤整強勢,-0.001387772469486806,0.017330646101181763,0.05014646235793855
H2_emerging_leader,20220610,居家生活,RANGE,盤整強勢,-0.009347662463598826,-0.0029048080616841665,0.04490106848764966
H2_emerging_leader,20220628,居家生活,RANGE,盤整弱勢,0.024431758431528797,0.05670446761277682,0.06195894330278556
H2_emerging_leader,20220704,居家生活,RANGE,盤整強勢,0.015578050684509268,0.055274439739198857,0.06068548439163452
H2_emerging_leader,20220707,居家生活,BEAR,空頭弱勢,0.01925587429049785,0.05621744427813746,0.04731749245001365
H2_emerging_leader,20220714,居家生活,BEAR,空頭抗跌,-0.0021308107110698145,0.033013469494541106,0.03350246928621896
H2_emerging_leader,20220726,居家生活,RANGE,盤整強勢,0.010437747885656549,0.0019494849625050423,0.014206947821881463
H2_emerging_leader,20220729,居家生活,RANGE,盤整強勢,0.011750463024095326,0.007630924310171892,0.011892181344479155
H2_emerging_leader,20220805,居家生活,RANGE,盤整強勢,-0.015113877479132547,-0.003985136505832071,-0.0058460094129783174
H2_emerging_leader,20221118,居家生活,RANGE,盤整強勢,-0.011103444572955253,-0.03541802703162605,0.012398381632881095
H2_emerging_leader,20221123,居家生活,RANGE,盤整強勢,-0.01969311939596185,-0.028563898738584156,0.01648760735821611
H2_emerging_leader,20230223,居家生活,RANGE,盤整強勢,0.003121204273232335,-0.0015255132669481156,-0.015089625768446496
H2_emerging_leader,20230710,居家生活,RANGE,盤整弱勢,-0.0056812570354778606,-0.004490084964571851,-0.006991334893857337
H2_emerging_leader,20230804,居家生活,RANGE,盤整強勢,0.012507391936861269,0.0019827172345762215,0.036757853521192964
H2_emerging_leader,20230809,居家生活,RANGE,盤整強勢,-0.004820284067614514,-0.013998390744386087,0.027191791335330083
H2_emerging_leader,20230811,居家生活,RANGE,盤整強勢,-0.011683384980050138,-0.010590277008301868,0.02506507017862876
H2_emerging_leader,20230824,居家生活,RANGE,盤整弱勢,-0.010848001050869277,-0.005354558800322363,0.010116800663497842
H2_emerging_leader,20230829,居家生活,RANGE,盤整強勢,-0.014553504051558516,-0.003419073024746853,0.007555365717181524
H2_emerging_leader,20230912,居家生活,RANGE,盤整強勢,-0.0018213529032401247,0.012509317872752054,0.010795243333074696
H2_emerging_leader,20230922,居家生活,RANGE,盤整強勢,0.006482471151932737,0.0289413168926496,0.024068062473661347
H2_emerging_leader,20230927,居家生活,RANGE,盤整弱勢,-0.002492393574581733,0.03348178655729849,0.03413579170513266
H2_emerging_leader,20231003,居家生活,RANGE,盤整強勢,0.00599910202566057,0.027650425503394492,0.023887932064025605
H2_emerging_leader,20231011,居家生活,RANGE,盤整強勢,0.011394476418135166,0.021355228186445762,0.0212549503853844
H2_emerging_leader,20231016,居家生活,RANGE,盤整弱勢,0.011302041542056936,0.0181327002489844,0.025872509234946217
H2_emerging_leader,20231024,居家生活,RANGE,盤整強勢,0.01257272733085097,-0.0033003960269193874,0.016525302825992016
H2_emerging_leader,20240723,居家生活,RANGE,盤整強勢,0.030652558526086945,0.04882939597635974,0.030617873905242378
H2_emerging_leader,20240801,居家生活,RANGE,盤整強勢,0.01973373578762297,0.011273455570690783,0.0010884269793007533
H2_emerging_leader,20240806,居家生活,RANGE,盤整強勢,0.004912266856167184,0.01604657194141773,-0.005698450569858411
H2_emerging_leader,20240809,居家生活,RANGE,盤整強勢,0.00044531517866342255,0.005386852591598157,-0.01695182999903928
H2_emerging_leader,20240905,居家生活,RANGE,盤整強勢,-0.007004012186671192,-0.0029974325801242693,-0.046554074947776705
H2_emerging_leader,20241105,居家生活,RANGE,盤整強勢,-0.00026302007703041946,-0.02555166788774298,-0.004542526661517991
H2_emerging_leader,20241202,居家生活,RANGE,盤整強勢,-0.007296999371130108,-0.004034467591549656,0.02155875952728545
H2_emerging_leader,20241217,居家生活,RANGE,盤整強勢,-0.009621421941248369,0.01724514139343155,0.0162596798787585
H2_emerging_leader,20241220,居家生活,RANGE,盤整強勢,-0.0038999744160806917,0.017027084300403103,0.022436904561539302
H2_emerging_leader,20250102,居家生活,RANGE,盤整強勢,0.002525112964462088,0.021512529503271354,0.031030750148342015
H2_emerging_leader,20250109,居家生活,RANGE,盤整強勢,0.018843650757204643,0.006485667739064824,0.009506078586361835
H2_emerging_leader,20250113,居家生活,RANGE,盤整強勢,0.0012555415942069742,-0.0129790356530117,0.00743085332573612
H2_emerging_leader,20250206,居家生活,RANGE,盤整弱勢,-0.0010639622025125257,0.005849180898381864,-0.019454839789520575
H2_emerging_leader,20250305,居家生活,RANGE,盤整強勢,0.0009051655902018521,-0.002024355103524389,-0.027697597551053776
H2_emerging_leader,20250422,居家生活,BEAR,空頭抗跌,-0.007876668060147897,-0.026849910740053246,-0.06097709484435929
H2_emerging_leader,20250424,居家生活,BEAR,空頭抗跌,-0.009911547221355708,-0.01603122601719075,-0.058068608310194614
H2_emerging_leader,20250519,居家生活,RANGE,盤整強勢,0.007763028822091472,0.002134264186352354,-0.07892080233834427
H2_emerging_leader,20250603,居家生活,BEAR,空頭抗跌,-0.0034708515592299437,-0.02086963208583253,-0.09624884641995837
H2_emerging_leader,20250624,居家生活,RANGE,盤整強勢,-0.026783284309498223,-0.05647354930571779,-0.07953271658041106
H2_emerging_leader,20250709,居家生活,RANGE,盤整弱勢,-0.011097277067209657,-0.03546145339704462,-0.05412859514016374
H2_emerging_leader,20250804,居家生活,BEAR,空頭弱勢,-0.02377184535286172,-0.03423075574494315,-0.040063097143977884
H2_emerging_leader,20250901,居家生活,BEAR,空頭抗跌,0.006478401305244234,0.015750041113015888,-0.009372838342247669
H2_emerging_leader,20250903,居家生活,RANGE,盤整強勢,0.00524592740638404,0.007593008801814767,-0.021360199235541333
H2_emerging_leader,20250908,居家生活,RANGE,盤整強勢,0.01265956984492724,-0.006516942263250277,-0.015298174161123917
H2_emerging_leader,20250912,居家生活,RANGE,盤整強勢,-0.0022280879284518242,-0.019547519353106405,-0.032997715920375245
H2_emerging_leader,20250916,居家生活,RANGE,盤整強勢,-0.005746300410201573,-0.013364480111380594,-0.034504205428933746
H2_emerging_leader,20250918,居家生活,RANGE,盤整強勢,-0.0013647272092356527,-0.021820589838875935,-0.030422148833182287
H2_emerging_leader,20251003,居家生活,RANGE,盤整弱勢,-0.009361688926124441,-0.014049989275048202,-0.03576537416220475
H2_emerging_leader,20251105,居家生活,RANGE,盤整強勢,-0.007282069721026052,-0.006671831370915502,-0.04681418474422702
H2_emerging_leader,20251124,居家生活,RANGE,盤整強勢,-0.008853502732446176,-0.01921503804907461,-0.10118333934315416
H2_emerging_leader,20251231,居家生活,RANGE,盤整弱勢,-0.011636919655649858,-0.03458176046445266,-0.07245906933770038
H2_emerging_leader,20260203,居家生活,RANGE,盤整強勢,-0.0014667506125639381,-0.029225368177013007,-0.10073281496233814
H2_emerging_leader,20260306,居家生活,RANGE,盤整強勢,-0.008114877008802045,-0.016189772446094697,-0.14389224738575043
H2_emerging_leader,20260310,居家生活,RANGE,盤整強勢,-0.008634234026373082,-0.004776760666048182,-0.10894967066846767
H2_emerging_leader,20260324,居家生活,RANGE,盤整強勢,-0.011069128900981235,-0.042559158126970864,-0.12606219469923388
H2_emerging_leader,20260407,居家生活,BEAR,空頭弱勢,-0.017412731442190098,-0.06161627694665907,-0.13234234930848027
H2_emerging_leader,20260515,居家生活,BEAR,空頭弱勢,-0.02725004079490787,-0.039599174157288086,-0.015790142902599558
H2_emerging_leader,20260519,居家生活,BEAR,空頭抗跌,-0.03289884354138509,-0.03920720446472255,-0.017447845728147584
H2_emerging_leader,20260610,居家生活,RANGE,盤整強勢,-0.018005684940471386,-0.022142067747169605,-0.016511100130919488
H2_emerging_leader,20260629,居家生活,BEAR,空頭抗跌,-0.006872138481120883,0.05782024092878808,-0.009242830316634781
H2_emerging_leader,20260701,居家生活,BEAR,空頭抗跌,-0.009869895147065181,0.05688107623447676,-0.011469072178750896
H2_emerging_leader,20260713,居家生活,RANGE,盤整強勢,0.014239249917127543,0.039310212267727664,-0.026945003514058083
H2_emerging_leader,20260720,居家生活,RANGE,盤整弱勢,0.025945250440984703,0.015212466123678346,
H2_emerging_leader,20260729,居家生活,RANGE,盤整強勢,-0.03843732950660944,-0.06903759167999535,
H2_emerging_leader,20260908,居家生活,BEAR,空頭抗跌,-0.005986096055797771,,
H2_emerging_leader,20210722,建材營造,RANGE,盤整強勢,0.009543873111381468,0.03812337966823315,0.04561442638455964
H2_emerging_leader,20210802,建材營造,RANGE,盤整強勢,0.008963480730616605,0.022266528773771464,0.039216216197120825
H2_emerging_leader,20210812,建材營造,RANGE,盤整強勢,0.009218462147905011,0.004545886839625819,0.013695779220153342
H2_emerging_leader,20210818,建材營造,RANGE,盤整強勢,-0.017268431838038667,-0.0012723249074067591,0.001024023354578768
H2_emerging_leader,20210903,建材營造,RANGE,盤整強勢,-0.0007118822061030899,0.020966360865378786,-0.004715662754530003
H2_emerging_leader,20220117,建材營造,RANGE,盤整強勢,0.014282723858652313,0.0019303791211342323,0.007851290416515095
H2_emerging_leader,20220124,建材營造,RANGE,盤整強勢,-0.012228540475863997,-0.014576243229941846,-0.006457192744847549
H2_emerging_leader,20220126,建材營造,RANGE,盤整強勢,-0.007941556267734625,0.0024914264737807106,-0.004073680620507251
H2_emerging_leader,20220225,建材營造,RANGE,盤整強勢,0.019705043420106587,0.002392171003169522,0.026539333327557674
H2_emerging_leader,20220309,建材營造,RANGE,盤整強勢,0.0064396860652269575,0.0017688598050055078,0.010058543188618152
H2_emerging_leader,20220316,建材營造,RANGE,盤整弱勢,-0.00876856721274058,-0.016342828304880517,0.005350197537897228
H2_emerging_leader,20220426,建材營造,RANGE,盤整強勢,9.15460030467656e-06,0.01672227059416299,-0.0010069199072652996
H2_emerging_leader,20220428,建材營造,RANGE,盤整強勢,0.010286349461625217,0.00735859320704115,0.006446671193494527
H2_emerging_leader,20220510,建材營造,RANGE,盤整強勢,0.0011480715841374039,-0.015477653538511327,-0.006505028833038225
H2_emerging_leader,20220513,建材營造,RANGE,盤整強勢,-0.0034223202095199634,-0.01610397556515476,-0.014082396932111739
H2_emerging_leader,20220704,建材營造,BEAR,空頭抗跌,0.0006354806437768624,-0.020063073271144892,0.010855545135750995
H2_emerging_leader,20220707,建材營造,BEAR,空頭抗跌,-0.004410728086384489,-0.012704362884986223,0.01095148080873281
H2_emerging_leader,20220729,建材營造,RANGE,盤整弱勢,0.0037665503044472803,0.001088466425417954,0.04579403432875333
H2_emerging_leader,20220825,建材營造,RANGE,盤整強勢,0.0017267602937289014,0.02589792853844386,0.0035202798847220468
H2_emerging_leader,20220830,建材營造,RANGE,盤整弱勢,0.023595483639811073,0.03491551696390653,0.004319658319238438
H2_emerging_leader,20220908,建材營造,RANGE,盤整強勢,0.002648927473737746,0.022022055189906256,-0.03069499251308983
H2_emerging_leader,20220927,建材營造,RANGE,盤整強勢,-0.01706972675751605,0.003140842482732914,-0.0568419370122568
H2_emerging_leader,20220929,建材營造,RANGE,盤整強勢,-0.008909520761414366,0.005317374084599251,-0.055926093252183964
H2_emerging_leader,20221012,建材營造,RANGE,盤整強勢,-0.0045503477821030956,-0.03785963625428049,-0.07832272219188051
H2_emerging_leader,20221014,建材營造,RANGE,盤整強勢,0.0001269580675287837,-0.03512617714913738,-0.07449778297620288
H2_emerging_leader,20221124,建材營造,RANGE,盤整弱勢,-0.0194432434786666,-0.01883867736290263,-0.0605312541395866
H2_emerging_leader,20221230,建材營造,RANGE,盤整強勢,-0.0077757994472708435,-0.01856424497651691,-0.02655587466742665
H2_emerging_leader,20230214,建材營造,RANGE,盤整強勢,-0.013190099499312036,0.0014172227396624,0.011374388792078458
H2_emerging_leader,20230317,建材營造,RANGE,盤整強勢,-0.006074236461665723,-0.008165798616053765,-0.005450307418515585
H2_emerging_leader,20230711,建材營造,RANGE,盤整強勢,-0.009856810074261698,0.031415298305991685,0.04634983099086769
H2_emerging_leader,20230726,建材營造,RANGE,盤整弱勢,0.020963941548957456,0.049340478210882555,0.07223110930276683
H2_emerging_leader,20230801,建材營造,RANGE,盤整強勢,0.024810253096333102,0.028826848644013126,0.06104787159952502
H2_emerging_leader,20230804,建材營造,RANGE,盤整強勢,0.032655444002774904,0.024071302750266706,0.04968142346799385
H2_emerging_leader,20230811,建材營造,RANGE,盤整強勢,-0.0037912017566100412,-0.012553838809942347,0.022168160272008255
H2_emerging_leader,20230815,建材營造,RANGE,盤整強勢,-0.0023083941410897754,-0.01554310170622637,0.024726912764673033
H2_emerging_leader,20240710,建材營造,RANGE,盤整強勢,0.05423723191086475,0.07629437625924915,-0.08701905626308509
H2_emerging_leader,20240723,建材營造,RANGE,盤整強勢,0.027528376511987248,-0.04371078063481501,-0.19842508861297073
H2_emerging_leader,20240729,建材營造,RANGE,盤整強勢,-0.06002270586973246,-0.07717756799781184,-0.2254409426469563
H2_emerging_leader,20240801,建材營造,RANGE,盤整強勢,-0.03540542177704639,-0.05041205030312749,-0.20255972714915374
H2_emerging_leader,20240830,建材營造,RANGE,盤整強勢,-0.024207131402596657,-0.1304039230638572,-0.11446385240849094
H2_emerging_leader,20241101,建材營造,BEAR,空頭抗跌,0.012661332058804771,0.05352019603229823,0.03486257449698803
H2_emerging_leader,20241106,建材營造,BEAR,空頭弱勢,0.01911179858224895,0.0396475580737614,0.04046982932564509
H2_emerging_leader,20241111,建材營造,RANGE,盤整強勢,0.010477814517336596,0.028366726664608505,0.021907387887481276
H2_emerging_leader,20241122,建材營造,RANGE,盤整強勢,0.004720410126256323,-0.010468239676865644,0.008467223267769712
H2_emerging_leader,20241129,建材營造,RANGE,盤整強勢,-0.00734145490873795,-0.0009495408761251226,0.0009138043295744049
H2_emerging_leader,20241230,建材營造,BEAR,空頭抗跌,-0.00029485798224693563,-0.015166973538490646,0.015470586134432751
H2_emerging_leader,20250102,建材營造,BEAR,空頭抗跌,-0.02065061905048951,-0.018131143994049987,0.010851762734553363
H2_emerging_leader,20250106,建材營造,BEAR,空頭抗跌,-0.01104322218484223,-0.00665805914205253,0.013480297486990686
H2_emerging_leader,20250214,建材營造,RANGE,盤整強勢,0.02261687079077053,0.005750005671913923,-0.004702370445533677
H2_emerging_leader,20250220,建材營造,RANGE,盤整強勢,0.003948508972622999,0.016370742274721035,-0.005342754592847804
H2_emerging_leader,20250321,建材營造,RANGE,盤整強勢,0.0039258781570627385,-0.018936012695348475,-0.04372965625551456
H2_emerging_leader,20250505,建材營造,RANGE,盤整強勢,-0.022617122933374218,-0.023424190415969243,-0.09693793362189478
H2_emerging_leader,20250521,建材營造,RANGE,盤整強勢,-0.006585640546857148,-0.026211992369136954,-0.100169468402281
H2_emerging_leader,20250523,建材營造,RANGE,盤整強勢,-0.00841293862458423,-0.04013806664670714,-0.10994001550181359
H2_emerging_leader,20250606,建材營造,BEAR,空頭弱勢,-0.011711990666442684,-0.01714152796764024,-0.1180651482157503
H2_emerging_leader,20250701,建材營造,RANGE,盤整強勢,-0.005060739190511851,-0.056903650176455656,-0.0846859341504743
H2_emerging_leader,20250904,建材營造,RANGE,盤整強勢,-0.011096739938192171,-0.052732953133524184,-0.04372632544236259
H2_emerging_leader,20250915,建材營造,RANGE,盤整強勢,-0.030113274798691553,-0.0515121116739754,-0.04516194490678149
H2_emerging_leader,20251014,建材營造,RANGE,盤整弱勢,-0.0059287213803451595,-0.002942407000693873,0.00790434348733927
H2_emerging_leader,20251023,建材營造,RANGE,盤整弱勢,0.004919412926345942,0.011389995576246773,-0.037409019159350326
H2_emerging_leader,20251120,建材營造,BEAR,空頭弱勢,-0.0008644075112176422,0.017597047040061695,-0.07770259399653401
H2_emerging_leader,20251217,建材營造,RANGE,盤整強勢,0.012975548805915602,-0.05095422122230322,-0.10003568724862935
H2_emerging_leader,20251224,建材營造,RANGE,盤整強勢,-0.023306703222533802,-0.08487515610178992,-0.1125507877855086
H2_emerging_leader,20260203,建材營造,RANGE,盤整強勢,0.006942521420774251,-0.029090856292065388,-0.11689151709296534
H2_emerging_leader,20260210,建材營造,RANGE,盤整弱勢,-0.01730591680582563,-0.03759212768583453,-0.12629340136846184
H2_emerging_leader,20260325,建材營造,BEAR,空頭抗跌,-0.004935554577955284,-0.04653008037487388,-0.11435516762454066
H2_emerging_leader,20260520,建材營造,BEAR,空頭抗跌,-0.03225056389430527,-2.700679111459353e-05,0.004163245652318315
H2_emerging_leader,20260605,建材營造,RANGE,盤整強勢,0.025662253942894613,-0.0007492135929274349,0.02016155634751861
H2_emerging_leader,20260609,建材營造,RANGE,盤整強勢,-0.012082760832716876,-0.041445185012133526,-0.013383311897597769
H2_emerging_leader,20260612,建材營造,RANGE,盤整強勢,-0.022686464439868194,-0.021477844370426435,0.0016490249395095108
H2_emerging_leader,20260629,建材營造,RANGE,盤整強勢,-0.005234277567070723,0.05341324133375176,0.007687796525647855
H2_emerging_leader,20260729,建材營造,RANGE,盤整強勢,-0.05146527367612125,-0.0471400594745629,
H2_emerging_leader,20260731,建材營造,RANGE,盤整強勢,-0.030088766623979905,-0.030927485228820974,
H2_emerging_leader,20260819,建材營造,RANGE,盤整強勢,-0.0006945781611807176,-0.014501801524840496,
H2_emerging_leader,20260904,建材營造,RANGE,盤整強勢,-0.0023005626664696008,-0.03990579302431752,
H2_emerging_leader,20260908,建材營造,RANGE,盤整強勢,-0.009956773582716369,,
H2_emerging_leader,20220216,數位雲端,RANGE,盤整強勢,-0.03313409265571052,-0.07680295977979279,-0.11114570927529505
H2_emerging_leader,20220329,數位雲端,RANGE,盤整強勢,-0.026544144336580772,-0.061211399189643585,-0.08798559701098636
H2_emerging_leader,20220510,數位雲端,BEAR,空頭抗跌,0.012801294201570472,-0.00949865806486,-0.04552675440249438
H2_emerging_leader,20220513,數位雲端,BEAR,空頭抗跌,-0.008555210654184325,-0.03768311993287311,-0.05086241494359941
H2_emerging_leader,20220519,數位雲端,BEAR,空頭弱勢,-0.02382226658416315,-0.03812659179190988,-0.04936279212390824
H2_emerging_leader,20220607,數位雲端,RANGE,盤整強勢,-0.015796749207528007,-0.026436663374739905,-0.033893057096927436
H2_emerging_leader,20220707,數位雲端,BEAR,空頭抗跌,-0.003256509123121868,-0.014923547802197849,-0.08568550063738972
H2_emerging_leader,20220714,數位雲端,BEAR,空頭弱勢,0.012624556227048594,-0.01085712785072622,-0.08268690821628584
H2_emerging_leader,20220718,數位雲端,RANGE,盤整強勢,-0.008738599024431552,-0.014489677198575648,-0.06985541115743861
H2_emerging_leader,20220830,數位雲端,RANGE,盤整強勢,-0.009658643698665696,-0.061797762767964295,-0.08811135957607305
H2_emerging_leader,20221004,數位雲端,RANGE,盤整強勢,-0.005211364720477216,-0.02482151294581844,-0.0020008736188896342
H2_emerging_leader,20221031,數位雲端,BEAR,空頭抗跌,0.010895452048485542,-0.012988038963412246,0.10218963639979317
H2_emerging_leader,20221111,數位雲端,RANGE,盤整強勢,-0.004722022252397791,0.01086170201446355,0.14799794797097865
H2_emerging_leader,20221117,數位雲端,RANGE,盤整強勢,-0.023896733333170935,0.002378095913867874,0.1282512012879694
H2_emerging_leader,20221201,數位雲端,RANGE,盤整強勢,0.016693103786982168,0.029683988117256584,0.12781025704987137
H2_emerging_leader,20221205,數位雲端,RANGE,盤整強勢,0.002917579049984941,0.05392730698447119,0.10756577185762146
H2_emerging_leader,20221209,數位雲端,RANGE,盤整強勢,0.0046574161780728405,0.041341014102864816,0.11357529333853317
H2_emerging_leader,20221214,數位雲端,RANGE,盤整強勢,-0.001798743374082392,0.06902619767957062,0.11752012317572358
H2_emerging_leader,20230703,數位雲端,RANGE,盤整強勢,0.005062289559044211,-0.016215845302700753,-0.002340338748235145
H2_emerging_leader,20230705,數位雲端,RANGE,盤整弱勢,-0.0050438813014162115,-0.02851798649631879,-0.01306257679845372
H2_emerging_leader,20230707,數位雲端,RANGE,盤整強勢,-0.01032589799438806,-0.04759941791463046,-0.025490858748956076
H2_emerging_leader,20230725,數位雲端,RANGE,盤整強勢,-0.02476002710830778,-0.032932476324224115,-0.035166008521345556
H2_emerging_leader,20230817,數位雲端,RANGE,盤整強勢,-0.018035097983909596,0.015522139544475993,-0.018530996789121585
H2_emerging_leader,20230822,數位雲端,RANGE,盤整弱勢,-0.02109040069454774,0.014191951794320173,-0.003151973478012146
H2_emerging_leader,20230904,數位雲端,RANGE,盤整強勢,0.02029028917203806,0.019496413303437893,0.02760038888276479
H2_emerging_leader,20230922,數位雲端,RANGE,盤整弱勢,-0.00757065918031213,-0.023119766692793767,-0.005088373523483222
H2_emerging_leader,20231012,數位雲端,RANGE,盤整強勢,-0.02709423613928317,-0.014514904230940736,0.013373747002683165
H2_emerging_leader,20231027,數位雲端,BEAR,空頭抗跌,-0.00036970181837253993,-0.005668208753609141,0.003210839656628786
H2_emerging_leader,20231201,數位雲端,RANGE,盤整強勢,0.008222199501329774,0.02131824652917151,-0.07086026413921029
H2_emerging_leader,20240506,數位雲端,RANGE,盤整強勢,0.0010628286121110572,-0.0015684721041781674,-0.0018517809764898863
H2_emerging_leader,20240510,數位雲端,RANGE,盤整強勢,0.012259309099797278,0.015686121255961163,0.02346350385401492
H2_emerging_leader,20240522,數位雲端,RANGE,盤整強勢,-0.009651726586322096,0.0027651359414164675,-0.020694477066539582
H2_emerging_leader,20240528,數位雲端,RANGE,盤整弱勢,0.0057557012992340475,0.016019856144959172,-0.009481426207526593
H2_emerging_leader,20240607,數位雲端,RANGE,盤整弱勢,0.0022534318134333226,0.009059097207102983,-0.027067640141782617
H2_emerging_leader,20240628,數位雲端,RANGE,盤整強勢,0.00024779318210815457,-0.01071249798608875,-0.008484235107473762
H2_emerging_leader,20240820,數位雲端,RANGE,盤整弱勢,-0.011312472156088682,0.003029013466660454,0.12243520744922184
H2_emerging_leader,20240911,數位雲端,RANGE,盤整強勢,0.016775439340918453,0.03963650553733436,0.18217704010424082
H2_emerging_leader,20241009,數位雲端,RANGE,盤整強勢,0.019093808642030828,0.08235675113781064,0.13328446498340252
H2_emerging_leader,20241016,數位雲端,RANGE,盤整強勢,0.04353923617724973,0.08145637522200859,0.11972803615228261
H2_emerging_leader,20241021,數位雲端,RANGE,盤整強勢,0.03983909980533988,0.05681846452172367,0.09315070595407875
H2_emerging_leader,20241025,數位雲端,RANGE,盤整強勢,0.0026091212134654925,0.02455761322140803,0.05912319001231919
H2_emerging_leader,20250321,數位雲端,RANGE,盤整強勢,0.01315212322110753,0.05848871991878815,0.07786532681965835
H2_emerging_leader,20250325,數位雲端,RANGE,盤整強勢,0.015872970823437547,0.054114667091695615,0.07407155992625399
H2_emerging_leader,20250401,數位雲端,RANGE,盤整弱勢,0.007879658621864447,0.03546101713882682,0.06226668782786377
H2_emerging_leader,20250414,數位雲端,RANGE,盤整強勢,0.013037190468862918,0.009304214411559097,0.05584451676888258
H2_emerging_leader,20250418,數位雲端,RANGE,盤整強勢,0.023797439112071293,-0.028117478277361885,0.062092540728339495
H2_emerging_leader,20250423,數位雲端,RANGE,盤整強勢,-0.00013131939623116373,-0.046028026330233215,0.04347985385951235
H2_emerging_leader,20250603,數位雲端,RANGE,盤整強勢,0.015201292498773715,0.061359764891190605,0.0726848917588356
H2_emerging_leader,20251106,數位雲端,RANGE,盤整強勢,-0.025026737193112707,-0.039241344577283586,-0.12026679875933835
H2_emerging_leader,20251124,數位雲端,BEAR,空頭抗跌,-0.014186199144396176,-0.024767519771199467,-0.15610728430046283
H2_emerging_leader,20251128,數位雲端,RANGE,盤整強勢,-0.015369104043704777,-0.031535759412356215,-0.15069775402854124
H2_emerging_leader,20251219,數位雲端,BEAR,空頭抗跌,-0.012767983379681247,-0.06821553883346376,-0.1005303901048812
H2_emerging_leader,20260106,數位雲端,RANGE,盤整弱勢,-0.028726978530167754,-0.05989440907850992,-0.09942450409153913
H2_emerging_leader,20260305,數位雲端,RANGE,盤整弱勢,0.013185738134101475,0.028729501201655957,0.06282509602832095
H2_emerging_leader,20260316,數位雲端,RANGE,盤整強勢,0.004905395734035024,0.008278366522102464,0.0599988874274869
H2_emerging_leader,20260324,數位雲端,BEAR,空頭抗跌,0.016426374475200217,-0.005452694160570707,0.011606925406889318
H2_emerging_leader,20260401,數位雲端,RANGE,盤整強勢,-0.029243902777935486,-0.0333746990432578,-0.002503850143174363
H2_emerging_leader,20260506,數位雲端,RANGE,盤整弱勢,0.012243562640169032,0.06116533767781275,0.015804628403866667
H2_emerging_leader,20260518,數位雲端,RANGE,盤整強勢,0.020235995230508275,0.023262864287153254,-0.0008178783517004962
H2_emerging_leader,20260520,數位雲端,RANGE,盤整強勢,0.013210835568327672,0.000907668683199879,-0.019473365329754057
H2_emerging_leader,20260529,數位雲端,RANGE,盤整強勢,0.010999375740688787,-0.03421607701614683,-0.0699290728319552
H2_emerging_leader,20260625,數位雲端,RANGE,盤整強勢,-0.013447891857322196,-0.021420261872272427,-0.02105063775788779
H2_emerging_leader,20260630,數位雲端,RANGE,盤整強勢,0.0027222902718308847,-0.017444300527597406,-0.0071881326543075975
H2_emerging_leader,20260813,數位雲端,RANGE,盤整強勢,-0.01864616631881231,-0.01124245262786437,
H2_emerging_leader,20260828,數位雲端,RANGE,盤整弱勢,0.0019947980264898336,0.018788510470183994,
H2_emerging_leader,20260907,數位雲端,RANGE,盤整強勢,0.032342474764032944,-0.0019729743419679494,
H2_emerging_leader,20260911,數位雲端,RANGE,盤整強勢,-0.007595643056116146,,
H2_emerging_leader,20260916,數位雲端,RANGE,盤整強勢,0.006668543427773803,,
H2_emerging_leader,20260924,數位雲端,RANGE,盤整強勢,-0.025360879845178208,,
H2_emerging_leader,20210810,文化創意業,RANGE,盤整強勢,-0.01149438680147916,-0.04147207599444262,-0.0674616219844824
H2_emerging_leader,20211004,文化創意業,BEAR,空頭抗跌,-0.003549276584414559,-0.03138053737882992,0.036630596807105134
H2_emerging_leader,20211117,文化創意業,RANGE,盤整強勢,-0.01842956087444551,0.0695363736492891,0.07546105422023579
H2_emerging_leader,20211210,文化創意業,RANGE,盤整強勢,0.10568690397329024,0.10594340206010873,0.07653876477234987
H2_emerging_leader,20211215,文化創意業,RANGE,盤整強勢,0.009926776509137687,0.008741674337766521,0.0027500548991677316
H2_emerging_leader,20220323,文化創意業,RANGE,盤整強勢,-0.004242596111833859,-0.02848748196491188,-0.0015994552215452956
H2_emerging_leader,20220419,文化創意業,RANGE,盤整強勢,0.0032126225117577456,-0.011479710015305164,0.03343376658145622
H2_emerging_leader,20220525,文化創意業,RANGE,盤整強勢,-0.0005721201245073373,0.012821817835810066,0.005854812305457506
H2_emerging_leader,20220607,文化創意業,RANGE,盤整強勢,0.005879283711129377,0.02253821935828751,-0.029638407995614312
H2_emerging_leader,20220614,文化創意業,RANGE,盤整強勢,0.0024782999620259483,0.013934198331224557,-0.024733747429516714
H2_emerging_leader,20220701,文化創意業,RANGE,盤整強勢,-0.028711652821857933,-0.03532136992076459,-0.04704541974835095
H2_emerging_leader,20220705,文化創意業,BEAR,空頭抗跌,-0.004481128839441011,-0.016988188093677307,-0.019209800246257215
H2_emerging_leader,20220725,文化創意業,RANGE,盤整強勢,-0.017483479137590515,-0.04266788984143512,0.0009775225060573434
H2_emerging_leader,20220907,文化創意業,RANGE,盤整強勢,-0.016774255022772428,0.03997843107617521,0.034114499951631815
H2_emerging_leader,20220920,文化創意業,RANGE,盤整強勢,0.028256697798040672,0.0489899547815536,0.08286426171514441
H2_emerging_leader,20220927,文化創意業,RANGE,盤整強勢,0.009602854853504879,-0.004970781084581405,0.0634571922524554
H2_emerging_leader,20220929,文化創意業,RANGE,盤整強勢,0.0012405800632108305,-0.0029398679555711696,0.054861435398538536
H2_emerging_leader,20221017,文化創意業,RANGE,盤整強勢,-0.0020581839567499725,-0.035072609287771506,0.08280842239900832
H2_emerging_leader,20221103,文化創意業,RANGE,盤整強勢,-0.010403928419673754,0.002946209582697576,0.08855475734286583
H2_emerging_leader,20221108,文化創意業,RANGE,盤整強勢,-0.00964898952415955,0.030645386078059667,0.08381920977975907
H2_emerging_leader,20221118,文化創意業,RANGE,盤整強勢,-0.03382202088148184,0.030525585360462522,0.00562497147625074
H2_emerging_leader,20230317,文化創意業,RANGE,盤整強勢,0.02008964679626101,-0.012656722716463842,-0.0001933351542088152
H2_emerging_leader,20230322,文化創意業,RANGE,盤整強勢,0.017677652540989627,-0.001769546705248844,0.003373331628706136
H2_emerging_leader,20230324,文化創意業,RANGE,盤整強勢,0.006956585740438366,-0.025481141613589366,0.04688971161673512
H2_emerging_leader,20230329,文化創意業,RANGE,盤整強勢,-0.01968702669343895,-0.007664166210207719,0.015320293665203905
H2_emerging_leader,20230424,文化創意業,RANGE,盤整強勢,0.012301664469769161,-0.013483198197700885,-0.01932109484256566
H2_emerging_leader,20230427,文化創意業,RANGE,盤整強勢,0.018784342639766312,-0.026756198927211313,-0.027012568635102763
H2_emerging_leader,20230626,文化創意業,RANGE,盤整強勢,-0.04840978813826628,-0.08052382681083531,-0.07966302552562202
H2_emerging_leader,20230814,文化創意業,RANGE,盤整強勢,0.01146308318428034,-0.010146404105684789,0.08639493823971502
H2_emerging_leader,20230821,文化創意業,RANGE,盤整弱勢,-0.0063913729368335415,-0.016193870899166376,0.0748931543445496
H2_emerging_leader,20230823,文化創意業,RANGE,盤整強勢,-0.01326662773019214,-0.007723864769368802,0.06824770220918289
H2_emerging_leader,20230918,文化創意業,RANGE,盤整弱勢,0.011756449689642868,0.05483081073194691,0.1513601820566302
H2_emerging_leader,20230926,文化創意業,RANGE,盤整強勢,-0.010495014152937387,0.05468553855022847,0.13409604282006177
H2_emerging_leader,20231016,文化創意業,RANGE,盤整強勢,0.024771458163920342,0.041085796291746815,0.11370673139661969
H2_emerging_leader,20231019,文化創意業,RANGE,盤整強勢,0.003375140430507217,0.03195044876295876,0.0796571243796447
H2_emerging_leader,20231023,文化創意業,RANGE,盤整強勢,0.0030133296705060625,0.02250806853460962,0.07666484691525824
H2_emerging_leader,20240307,文化創意業,RANGE,盤整強勢,0.004944305911913364,0.020548309402851177,0.03981154457662604
H2_emerging_leader,20240312,文化創意業,RANGE,盤整強勢,-0.000924534512550789,0.015040803065359432,0.035892211161867166
H2_emerging_leader,20240329,文化創意業,RANGE,盤整強勢,-0.0018713818176219164,-0.003774512028434353,0.07165369918646422
H2_emerging_leader,20240408,文化創意業,RANGE,盤整強勢,-0.0034484224163131294,0.0077654470581289235,0.04842361797801552
H2_emerging_leader,20240424,文化創意業,RANGE,盤整弱勢,0.011193554731831108,0.028404359099350032,0.09772621564117367
H2_emerging_leader,20240926,文化創意業,RANGE,盤整強勢,-0.0050648004600630046,-0.017753239854931768,-0.05902418067013082
H2_emerging_leader,20241126,文化創意業,RANGE,盤整強勢,0.008355786931179894,-0.01655384142143029,-0.00010888909825301774
H2_emerging_leader,20241129,文化創意業,RANGE,盤整強勢,0.002590109849449955,-0.02020907215619231,0.002125835677661189
H2_emerging_leader,20241203,文化創意業,RANGE,盤整強勢,-0.007891151159980367,-0.025060300228980432,0.0010276474417068443
H2_emerging_leader,20241209,文化創意業,RANGE,盤整強勢,-0.0002202003631686933,-0.003988362468829047,-0.0017405390690410198
H2_emerging_leader,20250107,文化創意業,BEAR,空頭抗跌,-0.004539796621555417,0.007867115805960286,0.06029337573295104
H2_emerging_leader,20250120,文化創意業,RANGE,盤整弱勢,-0.010725951131429667,0.0017750836557109823,0.06453219120625944
H2_emerging_leader,20250122,文化創意業,RANGE,盤整強勢,0.0014156929874527477,0.003512382580775908,0.0831894521644039
H2_emerging_leader,20250210,文化創意業,RANGE,盤整弱勢,-0.009623297685124016,-0.001115630776537332,0.12422457746728371
H2_emerging_leader,20250213,文化創意業,RANGE,盤整強勢,-0.0024531409515594627,-0.005641309401812694,0.11735436181314755
H2_emerging_leader,20250312,文化創意業,RANGE,盤整強勢,-0.0033357543572808575,0.051193478843815476,0.10221547226372414
H2_emerging_leader,20250325,文化創意業,RANGE,盤整強勢,0.010736560162020757,0.07592948435912723,0.10217580887435014
H2_emerging_leader,20250703,文化創意業,RANGE,盤整強勢,-0.0019463739944806432,-0.055827314004103866,-0.09656599233740826
H2_emerging_leader,20250826,文化創意業,RANGE,盤整弱勢,-0.029717845026741567,-0.016418168082381855,-0.041130781288950195
H2_emerging_leader,20250909,文化創意業,BEAR,空頭弱勢,0.012314779219027202,0.015260862265630344,-0.02401509710147794
H2_emerging_leader,20250911,文化創意業,BEAR,空頭抗跌,0.0070784793558645275,0.011767720367124195,-0.03372144808912181
H2_emerging_leader,20250924,文化創意業,RANGE,盤整弱勢,-6.133744606483249e-05,-0.0003317038127484146,-0.046021776405026665
H2_emerging_leader,20250930,文化創意業,RANGE,盤整強勢,-0.011355942652782683,-0.008623038377016749,-0.059675691629933234
H2_emerging_leader,20251015,文化創意業,BEAR,空頭抗跌,0.007331213759683104,-0.029741750768820675,-0.06692940075798928
H2_emerging_leader,20251017,文化創意業,BEAR,空頭抗跌,-0.0018102585638258908,-0.029738629596177603,-0.0803201768548292
H2_emerging_leader,20251205,文化創意業,RANGE,盤整強勢,-0.0019927554388379297,-0.017926524263863437,-0.06812262976687243
H2_emerging_leader,20251209,文化創意業,RANGE,盤整強勢,0.006916763396896828,-0.017502754695709527,-0.08258977161623177
H2_emerging_leader,20251217,文化創意業,RANGE,盤整強勢,-0.010446118832182896,-0.05581476792791042,-0.09002264133431195
H2_emerging_leader,20251231,文化創意業,RANGE,盤整強勢,-0.016923942968400964,-0.04052505516853083,-0.09172022441809977
H2_emerging_leader,20260126,文化創意業,RANGE,盤整弱勢,0.011510572997372133,-0.013773166475552117,-0.10628328775666893
H2_emerging_leader,20260202,文化創意業,RANGE,盤整強勢,-0.00406839328527742,-0.037699844962348586,-0.14315941755207323
H2_emerging_leader,20260305,文化創意業,RANGE,盤整強勢,-0.012356744466845683,-0.02680154549892511,-0.16374047619362023
H2_emerging_leader,20260310,文化創意業,RANGE,盤整強勢,-0.02416966005348852,-0.03655284382613058,-0.1476927397609223
H2_emerging_leader,20260325,文化創意業,BEAR,空頭弱勢,-0.0002591096657359824,-0.039731446132234394,-0.12065150240531951
H2_emerging_leader,20260520,文化創意業,BEAR,空頭抗跌,-0.035301484747319,-0.031748756049374806,-0.08691547056661217
H2_emerging_leader,20260610,文化創意業,RANGE,盤整強勢,-0.018958801597555138,-0.06064729600161718,-0.05854685810040993
H2_emerging_leader,20260616,文化創意業,RANGE,盤整強勢,-0.010653089936350436,-0.03980614320334021,-0.044141880019838965
H2_emerging_leader,20260721,文化創意業,BEAR,空頭抗跌,0.008927331901643805,-0.01290313009430294,
H2_emerging_leader,20260828,文化創意業,RANGE,盤整強勢,-0.0009898353147712556,-0.015654543474898964,
H2_emerging_leader,20260904,文化創意業,RANGE,盤整弱勢,-0.002127826884517507,-0.04063810811193603,
H2_emerging_leader,20260908,文化創意業,RANGE,盤整強勢,-0.001469598988014206,,
H2_emerging_leader,20260916,文化創意業,RANGE,盤整弱勢,-7.087338655663127e-05,,
H2_emerging_leader,20260929,文化創意業,RANGE,盤整強勢,-0.025745408799120108,,
H2_emerging_leader,20211018,橡膠工業,BEAR,空頭抗跌,-0.0004455001813671866,-0.0512287703860637,-0.07016615948534057
H2_emerging_leader,20211108,橡膠工業,RANGE,盤整強勢,-0.014985483293980625,-0.013050291745490473,-0.020872009076254222
H2_emerging_leader,20211221,橡膠工業,RANGE,盤整強勢,-5.046479209818572e-05,-0.009150838974174213,-0.042041343942558464
H2_emerging_leader,20220118,橡膠工業,RANGE,盤整強勢,0.025793751361869115,-0.013233589555826004,-0.08955235876745005
H2_emerging_leader,20220207,橡膠工業,RANGE,盤整強勢,-0.0259140794552749,-0.020091337016971033,-0.11756163693627754
H2_emerging_leader,20220516,橡膠工業,BEAR,空頭抗跌,-0.009709136087226518,-0.03153291262931075,-0.01608859704790822
H2_emerging_leader,20220623,橡膠工業,BEAR,空頭抗跌,-0.0027192694435598658,-0.02043382684197445,-0.024214589257376996
H2_emerging_leader,20220704,橡膠工業,BEAR,空頭抗跌,-0.02777956878504825,-0.02808068088111828,-0.045875024609564434
H2_emerging_leader,20220707,橡膠工業,BEAR,空頭抗跌,-0.010406865406257963,-0.016930281679507723,-0.0494671068731179
H2_emerging_leader,20220729,橡膠工業,RANGE,盤整強勢,0.000437580628150136,-0.03421408945997948,-0.03234479965277777
H2_emerging_leader,20220809,橡膠工業,RANGE,盤整強勢,-0.0013547527922307678,-0.0390341622154355,-0.05095729130269005
H2_emerging_leader,20221027,橡膠工業,BEAR,空頭抗跌,-0.022009788331381612,-0.0031620140597623803,-0.062442647919904865
H2_emerging_leader,20221114,橡膠工業,RANGE,盤整強勢,-0.009560675011432974,-0.02438809394358657,-0.047726583765410516
H2_emerging_leader,20221124,橡膠工業,RANGE,盤整強勢,-0.020800914288200127,-0.03605071212396344,-0.08518609781903774
H2_emerging_leader,20221130,橡膠工業,RANGE,盤整強勢,-0.018553012063598523,-0.01980801696607499,-0.06261229521045732
H2_emerging_leader,20230427,橡膠工業,RANGE,盤整強勢,-0.0070890280267205605,-0.02786381721317049,-0.08768165789231525
H2_emerging_leader,20230807,橡膠工業,RANGE,盤整強勢,0.013277182079750538,0.02119250153005402,0.021205574674619844
H2_emerging_leader,20230815,橡膠工業,RANGE,盤整強勢,-0.001212286090730685,0.018720213129151776,0.010796744100451557
H2_emerging_leader,20230828,橡膠工業,RANGE,盤整強勢,-0.0002921068571203646,0.013535762372188738,-0.0011108140789182902
H2_emerging_leader,20230831,橡膠工業,RANGE,盤整強勢,-0.004943445014428786,0.0015930490502994378,-0.002255714367096061
H2_emerging_leader,20230911,橡膠工業,RANGE,盤整弱勢,0.005439952854508061,0.0057734831596292875,-0.022034414387754997
H2_emerging_leader,20231114,橡膠工業,RANGE,盤整強勢,-0.006873386065689071,-0.0331487884602696,-0.06361133189135043
H2_emerging_leader,20240129,橡膠工業,RANGE,盤整弱勢,-0.003283727699239419,-0.034938418414716954,-0.010768974098120138
H2_emerging_leader,20240308,橡膠工業,RANGE,盤整強勢,0.00881867456574896,0.0019096540942331111,0.028506852680230496
H2_emerging_leader,20240312,橡膠工業,RANGE,盤整強勢,0.0015368696930935463,0.011744817097722071,0.019383172822856204
H2_emerging_leader,20240327,橡膠工業,RANGE,盤整弱勢,-0.015607833422272939,0.03317039540070869,0.009119933594891744
H2_emerging_leader,20240410,橡膠工業,RANGE,盤整弱勢,0.013276082707419427,0.032805581356167304,0.018333387127366596
H2_emerging_leader,20240422,橡膠工業,RANGE,盤整強勢,-0.014197904497765784,0.002489064130362831,-0.031354910618960785
H2_emerging_leader,20240807,橡膠工業,RANGE,盤整強勢,0.0006977398879871519,-0.023742892689984144,-0.04331354788670855
H2_emerging_leader,20240809,橡膠工業,RANGE,盤整強勢,-0.012423214289169367,-0.031075777787551828,-0.049898580195087264
H2_emerging_leader,20240916,橡膠工業,RANGE,盤整強勢,-0.023115163851520737,-0.027547229794288947,-0.03034229379523134
H2_emerging_leader,20240930,橡膠工業,RANGE,盤整強勢,-0.0014513603240974386,-0.005783656331859489,-0.020826814693779276
H2_emerging_leader,20241007,橡膠工業,RANGE,盤整強勢,-0.012786612010527424,-0.010653494735034996,-0.04094828536209529
H2_emerging_leader,20250115,橡膠工業,BEAR,空頭弱勢,0.0028535088806022364,-0.017631884928450123,-0.015998464614709995
H2_emerging_leader,20250120,橡膠工業,BEAR,空頭抗跌,-0.012020521551421925,-0.02105011727259022,-0.03514680753200391
H2_emerging_leader,20250217,橡膠工業,RANGE,盤整強勢,-0.006640906401684821,-0.015262231190923889,-0.01474521002002882
H2_emerging_leader,20250317,橡膠工業,RANGE,盤整強勢,-0.01772428573185223,0.012980216098137626,-0.046799582631209174
H2_emerging_leader,20250401,橡膠工業,BEAR,空頭抗跌,0.04037186772491162,0.02291405106566985,-0.0669632001432125
H2_emerging_leader,20250410,橡膠工業,BEAR,空頭抗跌,-0.029888689387825726,-0.03714099152819457,-0.12288594467914615
H2_emerging_leader,20250414,橡膠工業,BEAR,空頭抗跌,0.005544181119431495,-0.012257001814362234,-0.09998367609393632
H2_emerging_leader,20250506,橡膠工業,RANGE,盤整強勢,-0.0127019060286305,-0.049105633454027006,-0.06986477680609907
H2_emerging_leader,20250508,橡膠工業,RANGE,盤整強勢,-0.010926531637142665,-0.04571022294772484,-0.0770537319673088
H2_emerging_leader,20250723,橡膠工業,RANGE,盤整強勢,0.0031752398663467815,-0.03732991561198021,-0.09226144677135358
H2_emerging_leader,20250821,橡膠工業,RANGE,盤整強勢,-0.019083858866917505,-0.04857686545514233,-0.053895656428887266
H2_emerging_leader,20251017,橡膠工業,RANGE,盤整強勢,-0.014795784801196372,-0.002321786169243424,-0.03012986197488391
H2_emerging_leader,20251113,橡膠工業,RANGE,盤整強勢,0.0029110855511363942,0.006013022319048721,-0.030546830876172493
H2_emerging_leader,20251117,橡膠工業,BEAR,空頭抗跌,-0.0015094390339723523,0.01270923615766962,-0.0007702578488808648
H2_emerging_leader,20260210,橡膠工業,RANGE,盤整強勢,0.017463324696069125,0.01953191950549604,-0.04125943050789177
H2_emerging_leader,20260603,橡膠工業,RANGE,盤整強勢,0.014029975998210854,-0.005152754179376759,0.041805684868372356
H2_emerging_leader,20260612,橡膠工業,RANGE,盤整強勢,-0.0402780788222372,0.02034604964799802,0.03401019641321017
H2_emerging_leader,20260630,橡膠工業,RANGE,盤整強勢,0.03772670669427345,0.08794187551625063,0.04985853912174856
H2_emerging_leader,20260702,橡膠工業,RANGE,盤整強勢,0.01926956352021139,0.041426520262109245,0.014728654713885014
H2_emerging_leader,20260713,橡膠工業,RANGE,盤整強勢,0.012301511065294306,0.03660883204087182,-0.002486868808994777
H2_emerging_leader,20260715,橡膠工業,RANGE,盤整強勢,-0.002042492365593916,0.014269383467992832,
H2_emerging_leader,20261008,橡膠工業,RANGE,盤整強勢,,,
H2_emerging_leader,20210722,水泥工業,RANGE,盤整強勢,0.0002870770459087735,-0.045131146687431956,-0.03634303925144861
H2_emerging_leader,20220919,水泥工業,RANGE,盤整強勢,-0.006203518695793185,-0.007099014859771394,-0.03483447682666205
H2_emerging_leader,20240326,水泥工業,RANGE,盤整弱勢,0.0037212682540336372,0.02790339708255834,0.0055315564465306805
H2_emerging_leader,20250213,水泥工業,RANGE,盤整弱勢,-0.007879615792340089,0.021096591617286647,0.04368238949951002
H2_emerging_leader,20210903,汽車工業,RANGE,盤整弱勢,-0.011819952326400221,-0.027224615242151307,-0.010728616246933165
H2_emerging_leader,20210914,汽車工業,RANGE,盤整強勢,-0.00121669518993014,-0.003313610032600098,6.879142212784517e-05
H2_emerging_leader,20210923,汽車工業,RANGE,盤整強勢,-0.028271090551452854,0.01637461565841728,-0.014460164366463406
H2_emerging_leader,20211008,汽車工業,BEAR,空頭抗跌,0.02783251769269809,0.009583921181370261,0.03022029677513627
H2_emerging_leader,20211014,汽車工業,BEAR,空頭抗跌,0.02486701119474119,-0.0013513268145996238,0.02451755877622447
H2_emerging_leader,20211019,汽車工業,RANGE,盤整強勢,0.006555526654592185,-0.03321552801343289,-0.016477098210091135
H2_emerging_leader,20211025,汽車工業,RANGE,盤整強勢,-0.019917381554492616,-0.034439932898882086,-0.021934579275890667
H2_emerging_leader,20211130,汽車工業,RANGE,盤整強勢,-0.0008013936840094507,-0.005477818955753763,-0.021683448221056844
H2_emerging_leader,20211209,汽車工業,RANGE,盤整強勢,-0.009902457244578548,0.012669560821738837,-0.039277317606644345
H2_emerging_leader,20220330,汽車工業,RANGE,盤整強勢,-0.012445878001623818,-0.0186113955301816,0.1048112703463442
H2_emerging_leader,20220406,汽車工業,RANGE,盤整弱勢,-0.004179452405123577,-0.006466652036664106,0.10540350603127863
H2_emerging_leader,20220420,汽車工業,BEAR,空頭弱勢,-0.004429897383213324,0.0681631054594577,0.12978073886281538
H2_emerging_leader,20220503,汽車工業,BEAR,空頭抗跌,0.004335457365172282,0.09231377958978262,0.1189569038850118
H2_emerging_leader,20220510,汽車工業,BEAR,空頭弱勢,0.018430853991952628,0.07150964686944888,0.1344191638033358
H2_emerging_leader,20220517,汽車工業,BEAR,空頭抗跌,0.059301202799883566,0.07857236135433912,0.11227309480030793
H2_emerging_leader,20220523,汽車工業,RANGE,盤整強勢,0.002948426861428363,0.027777877403346262,0.06813655879636554
H2_emerging_leader,20220525,汽車工業,RANGE,盤整強勢,0.0023222774673109722,0.035247613821685085,0.058506622883700704
H2_emerging_leader,20220527,汽車工業,RANGE,盤整強勢,-0.00800714360596316,0.031213880552657614,0.04877340499376609
H2_emerging_leader,20220830,汽車工業,RANGE,盤整強勢,-0.0012002465511670654,0.024545032872180503,-0.029775838214789997
H2_emerging_leader,20221027,汽車工業,RANGE,盤整弱勢,0.005732754873954145,-0.00649610893092703,0.018362000427251196
H2_emerging_leader,20221117,汽車工業,RANGE,盤整弱勢,0.006878086810919341,0.017352627624109752,0.0311228849519517
H2_emerging_leader,20221123,汽車工業,RANGE,盤整弱勢,0.017201220949507497,-0.0086477843060853,0.01647287411711787
H2_emerging_leader,20221128,汽車工業,RANGE,盤整強勢,-0.007506874294476416,-0.025290789365789913,0.005666078552259979
H2_emerging_leader,20221205,汽車工業,RANGE,盤整強勢,-0.0007900005595193557,-0.012657926761561453,0.027580962277237567
H2_emerging_leader,20221214,汽車工業,RANGE,盤整強勢,-0.026202601056270727,-0.025517731942597453,0.0256507980067483
H2_emerging_leader,20221230,汽車工業,RANGE,盤整強勢,0.0017303351053624284,0.018918190692983138,0.061675125597135005
H2_emerging_leader,20230104,汽車工業,RANGE,盤整強勢,-0.004905117942854766,0.021948127415520276,0.06569876737384964
H2_emerging_leader,20230106,汽車工業,RANGE,盤整強勢,-0.006770134946078402,0.021299125259800433,0.04538868898704766
H2_emerging_leader,20230130,汽車工業,RANGE,盤整強勢,0.005272636290217295,-0.0032964269823274883,0.01669787339937727
H2_emerging_leader,20230728,汽車工業,RANGE,盤整強勢,-0.004203504128427946,-0.007235376701018127,0.06431137299089873
H2_emerging_leader,20230821,汽車工業,RANGE,盤整強勢,-0.0012074533938008858,0.05883992584113237,0.06967192898572319
H2_emerging_leader,20230823,汽車工業,RANGE,盤整強勢,0.013124074998057697,0.054889810668200215,0.06339983270949681
H2_emerging_leader,20230830,汽車工業,RANGE,盤整強勢,0.010029852163657083,0.04770263144727239,0.03504885997842275
H2_emerging_leader,20230907,汽車工業,RANGE,盤整強勢,0.03316488695443337,0.04168130554442249,0.032057383266636444
H2_emerging_leader,20230912,汽車工業,RANGE,盤整強勢,-0.0037551354128574125,0.018850427051809778,-0.00309664444314927
H2_emerging_leader,20230925,汽車工業,RANGE,盤整強勢,-0.001774922253898614,0.0054094342347424575,-0.03833323136369096
H2_emerging_leader,20231226,汽車工業,RANGE,盤整弱勢,-0.012178048554238168,-0.030748360535849714,-0.019336947156827426
H2_emerging_leader,20240129,汽車工業,RANGE,盤整強勢,-0.0043233617688388125,-0.015045120686922153,-0.002713778670555861
H2_emerging_leader,20240216,汽車工業,RANGE,盤整弱勢,0.0055142159846369235,0.013711856824408834,0.003911452855294428
H2_emerging_leader,20240226,汽車工業,RANGE,盤整弱勢,-0.012685870853679577,-0.009229080018340007,-0.003700655388923821
H2_emerging_leader,20240229,汽車工業,RANGE,盤整強勢,-0.01921802066455877,0.0023196829050606167,-0.000643300352762527
H2_emerging_leader,20240312,汽車工業,RANGE,盤整強勢,0.01363232021097962,-0.002436560264007792,-0.021327316022597936
H2_emerging_leader,20240318,汽車工業,RANGE,盤整強勢,-0.012026895473066767,-0.0266733105292808,-0.038607415056501726
H2_emerging_leader,20240321,汽車工業,RANGE,盤整強勢,-0.005915561148565105,-0.03479048398646785,-0.04020699242733433
H2_emerging_leader,20240401,汽車工業,RANGE,盤整強勢,-0.013234128206583073,-0.02590831783788576,-0.07457870274986757
H2_emerging_leader,20240426,汽車工業,RANGE,盤整強勢,0.0113565522209912,0.024460273825557037,-0.05604299479750149
H2_emerging_leader,20240816,汽車工業,RANGE,盤整弱勢,0.004534058178849429,0.05344673276743764,0.04523135834186836
H2_emerging_leader,20240826,汽車工業,RANGE,盤整弱勢,0.027049720198905357,0.0630788547911383,0.06257259329715606
H2_emerging_leader,20240830,汽車工業,RANGE,盤整弱勢,0.022391959262328412,0.03015773112476936,0.026598755266829706
H2_emerging_leader,20240905,汽車工業,RANGE,盤整強勢,0.009438635493227144,0.013058948812185979,-0.0018406926257700934
H2_emerging_leader,20240923,汽車工業,RANGE,盤整強勢,-0.010996339656847398,-0.007385525458799221,-0.014036844547454075
H2_emerging_leader,20241111,汽車工業,RANGE,盤整強勢,0.004540146146884864,-0.009739355257537979,-0.003339897862161803
H2_emerging_leader,20241218,汽車工業,RANGE,盤整強勢,0.015536127713184182,0.009464398215478047,-0.007377272250241089
H2_emerging_leader,20241220,汽車工業,RANGE,盤整強勢,0.009555743964584591,-0.005988551860059326,-0.033530400714973534
H2_emerging_leader,20250213,汽車工業,RANGE,盤整強勢,-0.00038775678533220503,-0.004980025465080878,-0.041479253784432915
H2_emerging_leader,20250314,汽車工業,RANGE,盤整強勢,-0.009787596175577833,-0.028353028774582734,-0.0688610845839125
H2_emerging_leader,20250415,汽車工業,BEAR,空頭抗跌,-0.01114007639750699,-0.008521766534442685,-0.0496816677261635
H2_emerging_leader,20250424,汽車工業,BEAR,空頭抗跌,-0.033958986035504096,-0.034035876612959474,-0.054456835454734176
H2_emerging_leader,20250512,汽車工業,RANGE,盤整強勢,-0.005496025452451592,-0.03146103093758767,-0.04008898606841377
H2_emerging_leader,20250618,汽車工業,BEAR,空頭抗跌,0.008391209601437688,-0.01231320805606671,-0.00042792488517540486
H2_emerging_leader,20250626,汽車工業,RANGE,盤整強勢,-0.002912661835644938,-0.004774141488790005,0.008521299656720098
H2_emerging_leader,20250701,汽車工業,BEAR,空頭抗跌,-0.002924350276838669,-0.0048489743372868675,0.009424634929476889
H2_emerging_leader,20250721,汽車工業,RANGE,盤整強勢,-0.003687406091923773,0.0026375349580883,-0.003038950982981424
H2_emerging_leader,20250723,汽車工業,RANGE,盤整強勢,-0.0194261897913625,-0.010437070712812552,-0.002134271233322948
H2_emerging_leader,20250808,汽車工業,RANGE,盤整強勢,0.0016855034600760134,0.016710621534270834,-0.0037142823095139867
H2_emerging_leader,20250812,汽車工業,RANGE,盤整強勢,-0.004902601947894508,0.0026949829362970072,-0.01461243378562917
H2_emerging_leader,20250828,汽車工業,RANGE,盤整強勢,-0.0032592243812180847,-0.001909975643647633,-0.0027887728441079694
H2_emerging_leader,20250912,汽車工業,RANGE,盤整強勢,0.0024729825600010944,-0.015766339569587742,-0.023452311539254627
H2_emerging_leader,20251021,汽車工業,RANGE,盤整強勢,-0.009057154203519106,-0.0032408707695188096,0.003942966897755765
H2_emerging_leader,20251117,汽車工業,RANGE,盤整強勢,0.004909033568099382,-0.007538090655185951,-0.031657579932410376
H2_emerging_leader,20251119,汽車工業,RANGE,盤整強勢,0.001840271316234203,0.0008839752750495894,-0.05607137846774786
H2_emerging_leader,20251217,汽車工業,RANGE,盤整強勢,-0.004051835354608138,0.006921863621981973,-0.0894700983594259
H2_emerging_leader,20251219,汽車工業,RANGE,盤整強勢,-0.004800568833637808,-4.530911243161989e-05,-0.08482341406979389
H2_emerging_leader,20260116,汽車工業,RANGE,盤整強勢,-0.022220296131133365,-0.05776372140471003,-0.08658346088413205
H2_emerging_leader,20260325,汽車工業,RANGE,盤整強勢,0.004383917731704842,0.005595704971085802,0.020569682048872343
H2_emerging_leader,20260401,汽車工業,RANGE,盤整強勢,0.002832492553084983,0.0023249753922162594,0.03242882058128313
H2_emerging_leader,20260407,汽車工業,RANGE,盤整弱勢,0.0021106196144109815,0.007865274468814892,0.052237191130906926
H2_emerging_leader,20260413,汽車工業,RANGE,盤整強勢,0.0003896175165271805,-0.011540352586369877,0.03197794510964013
H2_emerging_leader,20260422,汽車工業,RANGE,盤整弱勢,-0.007284733173933451,-0.016497713554382044,0.010738842138396543
H2_emerging_leader,20260505,汽車工業,RANGE,盤整強勢,-0.009281655061424738,0.010941756399991578,0.021684526087158918
H2_emerging_leader,20260528,汽車工業,RANGE,盤整強勢,-0.03432860293963608,-0.030816583337292563,-0.057295351687968274
H2_emerging_leader,20260615,汽車工業,RANGE,盤整強勢,-0.012047409087460596,-0.007314511078976493,-0.042917412818273604
H2_emerging_leader,20260618,汽車工業,RANGE,盤整強勢,-0.006565717391675992,-0.0025473623227242267,-0.03685839011283663
H2_emerging_leader,20260701,汽車工業,RANGE,盤整強勢,-0.00715870370540053,-0.018877563336158906,-0.04582153827401722
H2_emerging_leader,20260904,汽車工業,RANGE,盤整強勢,-0.004310062147956144,-0.0006550361878868774,
H2_emerging_leader,20260929,汽車工業,RANGE,盤整強勢,-0.004543962639422338,,
H2_emerging_leader,20210820,油電燃氣業,RANGE,盤整強勢,-0.010081164091909262,0.008415787705099168,-0.016025028700899176
H2_emerging_leader,20210910,油電燃氣業,RANGE,盤整強勢,0.008588252322738178,0.04090532075707372,-0.04172719967928745
H2_emerging_leader,20220124,油電燃氣業,RANGE,盤整強勢,-0.01680180077210716,-0.006438648237982528,0.03546510894305269
H2_emerging_leader,20220126,油電燃氣業,RANGE,盤整強勢,0.003844760064862344,0.02848065159947084,0.04349240788570599
H2_emerging_leader,20220309,油電燃氣業,RANGE,盤整強勢,0.011400328834297003,0.03498446256535491,0.036511004354865706
H2_emerging_leader,20220511,油電燃氣業,RANGE,盤整強勢,-0.015162588657626902,-0.036662366701691096,0.008620709031907259
H2_emerging_leader,20220705,油電燃氣業,RANGE,盤整強勢,-0.013143122705720538,-0.02809611930296219,-0.023785413805060752
H2_emerging_leader,20220808,油電燃氣業,RANGE,盤整強勢,-0.01914556320042519,-0.008795138135145653,0.002271298363009544
H2_emerging_leader,20220908,油電燃氣業,RANGE,盤整強勢,0.0007134526677578593,0.024139571659936146,-0.007457725040474376
H2_emerging_leader,20220923,油電燃氣業,RANGE,盤整強勢,-0.00224278885572933,0.024187499662182907,-0.02916152269143726
H2_emerging_leader,20220929,油電燃氣業,RANGE,盤整強勢,-0.02740117362856652,0.010850900699987225,-0.042306642617275195
H2_emerging_leader,20221012,油電燃氣業,RANGE,盤整強勢,-0.019300305695170973,-0.03221338023789169,-0.049478713096517066
H2_emerging_leader,20221014,油電燃氣業,RANGE,盤整強勢,0.006961439954274186,-0.029351113789475775,-0.027984963367288035
H2_emerging_leader,20221024,油電燃氣業,RANGE,盤整強勢,-0.01661539504454893,-0.0381740179354846,-0.07053813416706275
H2_emerging_leader,20221123,油電燃氣業,RANGE,盤整強勢,-0.024738997227465746,-0.020732384475146512,-0.03537875362469098
H2_emerging_leader,20230818,油電燃氣業,RANGE,盤整弱勢,0.017472693114537592,-0.009073971996374733,-0.037043833637499995
H2_emerging_leader,20230822,油電燃氣業,RANGE,盤整強勢,0.014295381895872617,-0.00866604654228001,-0.025047463973752612
H2_emerging_leader,20230828,油電燃氣業,RANGE,盤整強勢,-0.01227996235088039,-0.024128562808709723,-0.055161890118130955
H2_emerging_leader,20230830,油電燃氣業,RANGE,盤整強勢,-0.004254935329163166,-0.016329380887429072,-0.053542263638768156
H2_emerging_leader,20231023,油電燃氣業,BEAR,空頭抗跌,0.003552557036247697,-0.018493114153570585,-0.07774729020150681
H2_emerging_leader,20240110,油電燃氣業,RANGE,盤整強勢,-0.0034818318503304115,-0.017232756097668465,-0.05873246207792068
H2_emerging_leader,20240201,油電燃氣業,RANGE,盤整強勢,-0.0017965482994660963,-0.008425578801317266,-0.07790075714125379
H2_emerging_leader,20240722,油電燃氣業,BEAR,空頭抗跌,-0.009624123806259943,-0.010305109083235935,-0.045791637015048355
H2_emerging_leader,20240806,油電燃氣業,BEAR,空頭抗跌,-0.014320551135794453,-0.029834223340389154,-0.06918830695230471
H2_emerging_leader,20240809,油電燃氣業,BEAR,空頭抗跌,-0.024273858987954196,-0.05001877975984487,-0.06895834994432311
H2_emerging_leader,20241011,油電燃氣業,RANGE,盤整強勢,-0.00855609924220007,-0.01574946776448518,-0.0424992946906739
H2_emerging_leader,20241104,油電燃氣業,BEAR,空頭抗跌,-0.004049875133722056,-0.018389370397647754,-0.02939714888993416
H2_emerging_leader,20241230,油電燃氣業,BEAR,空頭抗跌,-0.0026658716619645285,-0.00010018439507067899,0.12344193677944681
H2_emerging_leader,20250103,油電燃氣業,BEAR,空頭抗跌,0.02920826836937806,-0.007578983738471027,0.08089629041624445
H2_emerging_leader,20250317,油電燃氣業,RANGE,盤整強勢,-0.003638903693101358,0.07689441821577628,0.08631662468097026
H2_emerging_leader,20250401,油電燃氣業,RANGE,盤整強勢,0.08814298049219303,0.04249145741532562,0.07517987530048736
H2_emerging_leader,20251105,油電燃氣業,RANGE,盤整強勢,-0.0030893066281641787,-0.010780968975074821,-0.05899245713277532
H2_emerging_leader,20251111,油電燃氣業,RANGE,盤整強勢,0.0062036275114859055,-0.02855636088963669,-0.05904731486387404
H2_emerging_leader,20260127,油電燃氣業,RANGE,盤整強勢,0.0019063662372930876,0.2755939184688289,-0.020643169656331332
H2_emerging_leader,20260210,油電燃氣業,RANGE,盤整強勢,0.004176747748259688,0.09008817571597982,-0.024124361414605555
H2_emerging_leader,20260304,油電燃氣業,RANGE,盤整強勢,-0.014845032589076082,-0.05929970697541691,-0.15060306928637454
H2_emerging_leader,20260306,油電燃氣業,RANGE,盤整強勢,-0.16131397899744698,-0.20636696639762536,-0.2751880982843202
H2_emerging_leader,20260611,油電燃氣業,RANGE,盤整強勢,-0.017691794661261445,0.01276865542181389,0.022240691054010824
H2_emerging_leader,20260629,油電燃氣業,RANGE,盤整強勢,0.0006016794249285133,0.07839652414461269,0.033190019877718496
H2_emerging_leader,20260709,油電燃氣業,RANGE,盤整強勢,0.043926529181011954,0.0086376921915391,0.02572469695175
H2_emerging_leader,20260907,油電燃氣業,RANGE,盤整強勢,0.018899664548639773,0.005257022816043254,
H2_emerging_leader,20260911,油電燃氣業,RANGE,盤整強勢,-0.009423997688834833,,
H2_emerging_leader,20210723,生技醫療業,RANGE,盤整弱勢,0.008265405279471172,0.02662302141135904,0.0035044752807607688
H2_emerging_leader,20210730,生技醫療業,RANGE,盤整強勢,0.01259385633864574,0.020182508132269135,-0.006891493395147039
H2_emerging_leader,20210818,生技醫療業,RANGE,盤整強勢,-0.004401659373532929,-0.022597151053317895,-0.07414499095974167
H2_emerging_leader,20210820,生技醫療業,RANGE,盤整強勢,0.0007324447014264435,-0.006644179603527965,-0.054769326138785275
H2_emerging_leader,20210831,生技醫療業,RANGE,盤整弱勢,0.01640532088935071,-0.007537422578523002,-0.02416421718518122
H2_emerging_leader,20210907,生技醫療業,RANGE,盤整強勢,-0.02246618014350074,-0.04060845862721183,-0.04902339394392217
H2_emerging_leader,20210909,生技醫療業,RANGE,盤整強勢,-0.014732018529743186,-0.027755609072614,-0.03844008191593142
H2_emerging_leader,20210928,生技醫療業,BEAR,空頭弱勢,-0.002419897591549279,-0.013927380479873366,-0.027922875793473426
H2_emerging_leader,20211118,生技醫療業,RANGE,盤整強勢,0.019572703052850807,0.02185724005280455,0.012972936787361083
H2_emerging_leader,20211122,生技醫療業,RANGE,盤整強勢,0.012749961831976986,0.012623937088835403,0.007926043064657388
H2_emerging_leader,20211124,生技醫療業,RANGE,盤整強勢,0.01596653442403968,0.00974883325793946,0.0050710430171247815
H2_emerging_leader,20220126,生技醫療業,RANGE,盤整強勢,-0.00014510036198944407,-0.004441534925358193,0.04281423140312948
H2_emerging_leader,20220223,生技醫療業,RANGE,盤整強勢,0.0012049672079798603,-0.006086649103478805,0.015257231050104784
H2_emerging_leader,20220225,生技醫療業,RANGE,盤整強勢,0.0017968598956069545,0.00032017217211860807,0.01691891090854894
H2_emerging_leader,20220328,生技醫療業,RANGE,盤整弱勢,0.01392366444617749,0.0681059203535487,0.09200677853458161
H2_emerging_leader,20220408,生技醫療業,RANGE,盤整強勢,0.048254840092103804,0.01549461950073671,0.07575775465023192
H2_emerging_leader,20220414,生技醫療業,RANGE,盤整強勢,0.03644008877278319,-0.0015062852906529839,0.07096325048628746
H2_emerging_leader,20220418,生技醫療業,RANGE,盤整強勢,-0.0011715314189210888,-0.02296249509793842,0.04947734720233232
H2_emerging_leader,20220421,生技醫療業,RANGE,盤整強勢,-0.013493528402408077,-0.048937048880260854,0.023074790607194487
H2_emerging_leader,20220608,生技醫療業,RANGE,盤整強勢,0.030476178752002668,0.06978954794553356,0.16532890133688377
H2_emerging_leader,20220615,生技醫療業,RANGE,盤整強勢,0.038972328313238436,0.05002024427022035,0.13041888884455682
H2_emerging_leader,20220617,生技醫療業,RANGE,盤整強勢,0.007166370564237145,0.02151425049794469,0.10398726375342864
H2_emerging_leader,20220621,生技醫療業,RANGE,盤整強勢,0.012601642867000646,0.009494095008945172,0.08586906009176559
H2_emerging_leader,20220623,生技醫療業,RANGE,盤整強勢,0.004342906598497301,0.02088249219743679,0.07128636314803823
H2_emerging_leader,20220725,生技醫療業,RANGE,盤整強勢,-0.020701568969962666,0.0048303758882045494,0.00880510240653401
H2_emerging_leader,20221114,生技醫療業,RANGE,盤整強勢,0.019304911170859095,0.0919356524266863,0.05782794085208308
H2_emerging_leader,20221123,生技醫療業,RANGE,盤整強勢,-0.009215920086952038,0.0552941578443162,0.0324269132790114
H2_emerging_leader,20221205,生技醫療業,RANGE,盤整強勢,0.045148277289286644,0.017160443610851187,-0.00044946230055468994
H2_emerging_leader,20221213,生技醫療業,RANGE,盤整強勢,0.0018690875456182678,-0.0406895368724533,-0.03967355415225804
H2_emerging_leader,20230315,生技醫療業,RANGE,盤整強勢,-0.0031460570403358326,0.03398447374408366,-0.013309803939590345
H2_emerging_leader,20230317,生技醫療業,RANGE,盤整強勢,0.012050948910808927,0.04694896452086711,-0.012028149715496247
H2_emerging_leader,20230627,生技醫療業,RANGE,盤整強勢,-0.002901281788572064,0.009590736936619111,-0.039644041395700734
H2_emerging_leader,20230821,生技醫療業,RANGE,盤整強勢,-0.011860940544451394,-0.019371229866715824,-0.028585596890308013
H2_emerging_leader,20230830,生技醫療業,RANGE,盤整弱勢,-0.012227226460853013,-0.013851088967284701,-0.014474563960961279
H2_emerging_leader,20230918,生技醫療業,RANGE,盤整強勢,9.435684079475183e-05,-0.010249522673381906,-0.029050895084508248
H2_emerging_leader,20230927,生技醫療業,BEAR,空頭抗跌,0.003331530119611756,0.015582572191114023,-0.02992508870834036
H2_emerging_leader,20231004,生技醫療業,BEAR,空頭弱勢,-0.014902758587045744,0.008038205008129677,-0.030030220064983848
H2_emerging_leader,20231006,生技醫療業,RANGE,盤整強勢,-0.015007339334591762,0.02216743743815299,-0.024768830736313918
H2_emerging_leader,20231023,生技醫療業,BEAR,空頭抗跌,0.021599276567974682,-0.008027777296430234,-0.018547322514768948
H2_emerging_leader,20231101,生技醫療業,RANGE,盤整強勢,0.0007654814174320596,-0.020910008025092186,-0.04118481714084832
H2_emerging_leader,20231107,生技醫療業,RANGE,盤整弱勢,-0.020044951404966004,-0.030512952638039673,-0.04701352416647452
H2_emerging_leader,20231127,生技醫療業,RANGE,盤整強勢,-0.0056570991745749245,-0.028720784242536317,-0.04906809761837051
H2_emerging_leader,20231201,生技醫療業,RANGE,盤整強勢,-0.02715276548359299,-0.030423065692640486,-0.056830259178016845
H2_emerging_leader,20240105,生技醫療業,RANGE,盤整強勢,0.004172902516080901,0.005334792371348906,-0.04375703399817443
H2_emerging_leader,20240118,生技醫療業,RANGE,盤整強勢,-0.004109617555654447,-0.012033242927480169,-0.07235070716340693
H2_emerging_leader,20240205,生技醫療業,RANGE,盤整強勢,-0.01868073970221492,-0.036341966866191865,-0.0894593792394126
H2_emerging_leader,20240328,生技醫療業,RANGE,盤整強勢,-0.0027444945959474443,-0.034498929275450986,-0.004750602032436768
H2_emerging_leader,20240520,生技醫療業,RANGE,盤整強勢,-0.017671958878744204,0.013711879869182566,-0.013926469297466215
H2_emerging_leader,20240604,生技醫療業,RANGE,盤整強勢,-0.008826626083438408,0.017041221418516175,-0.01530173376397043
H2_emerging_leader,20240607,生技醫療業,RANGE,盤整強勢,0.008047651472638225,0.010895278235413051,-0.017224910851371095
H2_emerging_leader,20240618,生技醫療業,RANGE,盤整弱勢,0.018470161750298364,0.0020188769271186416,-0.02917075808016142
H2_emerging_leader,20240620,生技醫療業,RANGE,盤整強勢,0.02591495799710028,0.004027090052816477,-0.02748120117488172
H2_emerging_leader,20240626,生技醫療業,RANGE,盤整強勢,-0.009134350283469591,-0.028561028309162545,-0.056219811783611934
H2_emerging_leader,20240628,生技醫療業,RANGE,盤整強勢,-0.022218065711939464,-0.046289801389316265,-0.07580292904788366
H2_emerging_leader,20240821,生技醫療業,RANGE,盤整強勢,-0.005105686704391007,-0.018190491759455533,-0.041087808140062757
H2_emerging_leader,20240910,生技醫療業,RANGE,盤整強勢,-0.020812045392445327,-0.0311796243822451,-0.06560511588406466
H2_emerging_leader,20241001,生技醫療業,RANGE,盤整弱勢,-0.005818298687524448,-0.01001416635694308,-0.023747840454927893
H2_emerging_leader,20241007,生技醫療業,RANGE,盤整弱勢,-0.008065523570940905,-0.017307232877392255,-0.018527583470831187
H2_emerging_leader,20241113,生技醫療業,RANGE,盤整弱勢,-0.003572473087123407,-0.02474167292986258,-0.006011751189051846
H2_emerging_leader,20241129,生技醫療業,RANGE,盤整強勢,-0.024286805246948602,-0.011166570884281114,-0.0019242123290606292
H2_emerging_leader,20241223,生技醫療業,BEAR,空頭抗跌,0.011391061138753418,0.01739415200321953,0.02415751399619947
H2_emerging_leader,20241226,生技醫療業,BEAR,空頭抗跌,0.004368902418103612,0.017667271350933437,0.0073488381616575865
H2_emerging_leader,20250110,生技醫療業,RANGE,盤整強勢,-0.022058707028538946,-0.029156347094008245,-0.017434566272612168
H2_emerging_leader,20250114,生技醫療業,BEAR,空頭抗跌,-0.01176219047003025,-0.015056288706084262,-0.011046694111531516
H2_emerging_leader,20250203,生技醫療業,RANGE,盤整強勢,-0.007914418301590374,-0.012750149713476974,-0.02143444007568262
H2_emerging_leader,20250418,生技醫療業,RANGE,盤整弱勢,-0.009964638206431488,-0.009896495929225368,0.009447019452959914
H2_emerging_leader,20250519,生技醫療業,RANGE,盤整強勢,0.013537993526270404,0.028742428043563674,0.0010447280083284863
H2_emerging_leader,20250523,生技醫療業,RANGE,盤整強勢,0.021926238402820954,0.0236076027717115,-0.00010760061111065081
H2_emerging_leader,20250603,生技醫療業,RANGE,盤整強勢,0.003044377977716111,-0.0050412975560975536,-0.010884139939681986
H2_emerging_leader,20250606,生技醫療業,RANGE,盤整強勢,-0.0005719527724818985,-0.017065309528732423,-0.014243833641688557
H2_emerging_leader,20250716,生技醫療業,RANGE,盤整弱勢,-0.003986012696019725,-0.017828526121973078,0.004189093850113035
H2_emerging_leader,20250821,生技醫療業,RANGE,盤整強勢,-0.004986038909259596,-0.005554776692290255,-0.015766418744909576
H2_emerging_leader,20250827,生技醫療業,RANGE,盤整強勢,0.008721461034476715,0.00391362731188367,-0.008585602136440114
H2_emerging_leader,20250902,生技醫療業,RANGE,盤整強勢,-0.00903387506530126,0.0019424461623463122,-0.024799853472141337
H2_emerging_leader,20251104,生技醫療業,RANGE,盤整強勢,-0.010918209756896547,-0.009775738836359333,-0.031011091376762515
H2_emerging_leader,20251124,生技醫療業,RANGE,盤整弱勢,-0.005455621209629117,-0.02303424358288904,-0.07207118128395129
H2_emerging_leader,20251127,生技醫療業,RANGE,盤整強勢,-0.004636107502968925,-0.023282798603105292,-0.06131711328235324
H2_emerging_leader,20260108,生技醫療業,RANGE,盤整強勢,-0.007691884657696331,0.0009931028945221923,-0.08148727729808142
H2_emerging_leader,20260114,生技醫療業,RANGE,盤整強勢,-0.0164950292785329,-0.01460482350375811,-0.08464870981388706
H2_emerging_leader,20260127,生技醫療業,RANGE,盤整強勢,-0.0001912755040386696,-0.024325867508376217,-0.10095281764959535
H2_emerging_leader,20260310,生技醫療業,RANGE,盤整強勢,-0.010741109701760114,-0.022163993812787358,-0.11602213011730983
H2_emerging_leader,20260518,生技醫療業,BEAR,空頭弱勢,-0.031169792084330416,-0.06215966472594307,-0.02374698307941142
H2_emerging_leader,20260609,生技醫療業,RANGE,盤整強勢,-0.018744172025687688,0.02114295919395574,0.009921771041278463
H2_emerging_leader,20260624,生技醫療業,RANGE,盤整弱勢,0.003987710552384629,0.04200767028807228,0.03328157261751536
H2_emerging_leader,20260629,生技醫療業,RANGE,盤整強勢,0.026897590363317635,0.041380930567553056,0.021049413306254067
H2_emerging_leader,20260702,生技醫療業,RANGE,盤整強勢,0.022543337293890048,0.03231067974064894,0.017791335977503986
H2_emerging_leader,20260820,生技醫療業,RANGE,盤整弱勢,-0.001659638494852263,-0.006058673911416261,
H2_emerging_leader,20260826,生技醫療業,RANGE,盤整強勢,-0.010041276839555488,-0.01294913511344942,
H2_emerging_leader,20210823,紡織纖維,RANGE,盤整弱勢,0.00011552256526206617,0.0020651906021232416,0.0013811176467813657
H2_emerging_leader,20210913,紡織纖維,RANGE,盤整強勢,-0.0028649597675342326,0.016098388044684414,-0.012632015810686688
H2_emerging_leader,20210927,紡織纖維,RANGE,盤整強勢,0.010503830384398172,0.011126693416148196,-0.024023438662396437
H2_emerging_leader,20210930,紡織纖維,RANGE,盤整強勢,0.0014410386280319263,-0.019984194656563925,-0.041366686023359175
H2_emerging_leader,20211005,紡織纖維,RANGE,盤整強勢,-0.0062475690979407845,-0.019334876020902073,-0.05378841326296745
H2_emerging_leader,20211018,紡織纖維,RANGE,盤整強勢,-0.011653949994473722,-0.037935110777540124,-0.04797423583905215
H2_emerging_leader,20220223,紡織纖維,RANGE,盤整強勢,-0.014096618098847154,-0.022261969965480934,-0.00443470921318468
H2_emerging_leader,20220225,紡織纖維,RANGE,盤整弱勢,0.0034025977405127625,-0.020471374605902922,0.0020278331252868986
H2_emerging_leader,20220317,紡織纖維,RANGE,盤整弱勢,-0.008278574018428039,-0.011614296486532592,0.02245838871794962
H2_emerging_leader,20220321,紡織纖維,RANGE,盤整弱勢,-0.010012967280881031,-0.007187525780960297,0.030463150994064145
H2_emerging_leader,20220408,紡織纖維,RANGE,盤整弱勢,-0.007626872813774486,0.014255507264890215,0.0403993057591535
H2_emerging_leader,20220413,紡織纖維,RANGE,盤整強勢,-0.00607463108687938,0.022294170300967073,0.03472056437254718
H2_emerging_leader,20220426,紡織纖維,RANGE,盤整強勢,0.001952024145573909,0.009199825681318618,0.027267152882589976
H2_emerging_leader,20220428,紡織纖維,RANGE,盤整弱勢,0.005589644416101221,0.002795828948624199,0.03159205807511069
H2_emerging_leader,20220513,紡織纖維,RANGE,盤整強勢,-0.008225329320657476,-0.0039373119428966034,0.028370137566536426
H2_emerging_leader,20220608,紡織纖維,RANGE,盤整強勢,0.004514766206509889,0.017357436195694256,0.03804772923057903
H2_emerging_leader,20220726,紡織纖維,RANGE,盤整強勢,0.0010600413389432219,0.020868811554491072,0.04388602486491909
H2_emerging_leader,20220805,紡織纖維,RANGE,盤整強勢,0.009165227148636285,0.010923438621905507,0.028549819194394685
H2_emerging_leader,20220811,紡織纖維,RANGE,盤整強勢,-0.0025285617618501684,0.007849546541928695,0.018215223097117914
H2_emerging_leader,20221221,紡織纖維,RANGE,盤整強勢,-0.0019648622865872326,-0.029090814859393105,-0.09132726067339117
H2_emerging_leader,20230426,紡織纖維,RANGE,盤整強勢,-0.007951680382874488,-0.01721142194276445,-0.019170904801392524
H2_emerging_leader,20230515,紡織纖維,RANGE,盤整強勢,-0.023657793080712558,-0.028423597612812344,0.0011378130804146468
H2_emerging_leader,20230529,紡織纖維,RANGE,盤整強勢,-0.012838892146198037,0.007141442631737854,0.013422698918932528
H2_emerging_leader,20230531,紡織纖維,RANGE,盤整弱勢,-0.008582247151029024,0.009379461753394429,0.02638191926494885
H2_emerging_leader,20230621,紡織纖維,RANGE,盤整強勢,0.005900128616384265,0.004328234478033127,0.011961468815327406
H2_emerging_leader,20230804,紡織纖維,RANGE,盤整強勢,0.015152067473773102,0.009613375799253261,0.007923450551458468
H2_emerging_leader,20230811,紡織纖維,RANGE,盤整強勢,0.00013993834781370583,-0.004387341303066977,-0.0030409458385800975
H2_emerging_leader,20230922,紡織纖維,RANGE,盤整強勢,-0.0040208347751055605,0.0019052109314325189,-0.01082659059402434
H2_emerging_leader,20231017,紡織纖維,BEAR,空頭弱勢,-0.005129485875003474,0.008569757563023889,-0.015058155251198663
H2_emerging_leader,20231023,紡織纖維,BEAR,空頭抗跌,0.006845824494122979,0.004151936574489194,-0.011763241847560578
H2_emerging_leader,20231101,紡織纖維,BEAR,空頭抗跌,0.00459867459084308,-0.007690561940378704,-0.02546178867181348
H2_emerging_leader,20231106,紡織纖維,RANGE,盤整強勢,0.003742779950048458,-0.01874231411506474,-0.030222237736355094
H2_emerging_leader,20240312,紡織纖維,RANGE,盤整強勢,-0.0068941032876293825,-0.03144005454744209,0.005414217241323432
H2_emerging_leader,20240314,紡織纖維,RANGE,盤整弱勢,-0.012390064941661606,-0.02475357092478138,-0.0016576756069530268
H2_emerging_leader,20240502,紡織纖維,RANGE,盤整強勢,-0.005558030550617364,-0.006856528903943546,3.102018681906682e-05
H2_emerging_leader,20240516,紡織纖維,RANGE,盤整強勢,-0.012280187355884842,-0.006404736070681913,0.007084599489606332
H2_emerging_leader,20240531,紡織纖維,RANGE,盤整強勢,0.016245401846852157,-0.013971227162358234,-0.003085599769605103
H2_emerging_leader,20240607,紡織纖維,RANGE,盤整強勢,-0.02152105755911224,-0.023074578894001198,-0.012688693377801069
H2_emerging_leader,20240730,紡織纖維,RANGE,盤整強勢,0.002569706884769478,-0.01146887721232922,-0.02773178995469677
H2_emerging_leader,20240905,紡織纖維,RANGE,盤整強勢,0.00330576853749769,-0.014617889675618133,0.0029328038732808065
H2_emerging_leader,20240910,紡織纖維,RANGE,盤整強勢,-0.012106710897186984,-0.019753780991791384,-0.009219761971370487
H2_emerging_leader,20241014,紡織纖維,RANGE,盤整強勢,-0.01583979209568801,0.001507385326997783,0.00767921685508223
H2_emerging_leader,20241028,紡織纖維,RANGE,盤整強勢,-0.00654098903537426,0.017039357123450245,0.010804843881292332
H2_emerging_leader,20241101,紡織纖維,RANGE,盤整強勢,0.004451147547839769,0.025337385398572825,0.010678621431538513
H2_emerging_leader,20241108,紡織纖維,RANGE,盤整強勢,0.01248081265833825,0.02180859882915724,0.0030859860913292833
H2_emerging_leader,20241113,紡織纖維,RANGE,盤整強勢,0.00867772202838355,0.01601038793262759,0.003389307645048849
H2_emerging_leader,20241118,紡織纖維,RANGE,盤整強勢,0.0015294075418616094,0.011018282295993914,-0.0025433850332274403
H2_emerging_leader,20241129,紡織纖維,RANGE,盤整強勢,0.000746885469134255,-0.010108789630992966,0.004891873355830042
H2_emerging_leader,20241206,紡織纖維,RANGE,盤整強勢,0.004503686811598288,-0.01575774092434226,0.0059857820729474764
H2_emerging_leader,20250221,紡織纖維,RANGE,盤整強勢,0.016368286885163376,0.03046947623516274,0.0016950219880389472
H2_emerging_leader,20250424,紡織纖維,RANGE,盤整弱勢,0.004838504333908169,0.021182361503122034,-0.01968506826585165
H2_emerging_leader,20250505,紡織纖維,RANGE,盤整強勢,0.0013949731017065918,0.00400923219825697,-0.03308854880046567
H2_emerging_leader,20250507,紡織纖維,RANGE,盤整弱勢,0.0006537898913204568,0.005045006820738322,-0.03677767703619644
H2_emerging_leader,20250509,紡織纖維,RANGE,盤整強勢,0.00010008639766154008,-0.00945537880400123,-0.045309563247309975
H2_emerging_leader,20250520,紡織纖維,RANGE,盤整強勢,0.010717494820928349,-0.017894108637290407,-0.06044423412812856
H2_emerging_leader,20250523,紡織纖維,RANGE,盤整強勢,-0.009483629025679317,-0.03463216984066784,-0.07860403997932147
H2_emerging_leader,20250529,紡織纖維,RANGE,盤整強勢,-0.013990769860181954,-0.023261627911557548,-0.07287736175040266
H2_emerging_leader,20250701,紡織纖維,BEAR,空頭抗跌,0.003120682588864679,-0.0207767742624208,-0.039489328806864496
H2_emerging_leader,20250708,紡織纖維,RANGE,盤整強勢,-0.010275791428171055,-0.03566413758304249,-0.039529456647373465
H2_emerging_leader,20250903,紡織纖維,RANGE,盤整強勢,-0.0025892106268377377,-0.001534852516833522,0.006692730056536922
H2_emerging_leader,20250919,紡織纖維,RANGE,盤整強勢,0.0005508195901119265,-0.004251704953842648,0.0008755309569417717
H2_emerging_leader,20250925,紡織纖維,RANGE,盤整弱勢,-0.00505526153234125,-0.017329462028752074,-0.014905114570152821
H2_emerging_leader,20251015,紡織纖維,RANGE,盤整強勢,-0.008368869358885415,0.011156630301190528,-0.025131925411800447
H2_emerging_leader,20251106,紡織纖維,BEAR,空頭弱勢,0.01892423008816497,0.013042457848798407,-0.015191542786972913
H2_emerging_leader,20251120,紡織纖維,RANGE,盤整強勢,-0.022593569053653402,-0.034339150460474435,-0.07527507947553624
H2_emerging_leader,20251219,紡織纖維,RANGE,盤整強勢,-0.013120065559539961,-0.03149086490172993,-0.06341198487843848
H2_emerging_leader,20260126,紡織纖維,RANGE,盤整強勢,0.0005832171471691419,-0.016365042155032164,-0.08676673858030445
H2_emerging_leader,20260209,紡織纖維,RANGE,盤整弱勢,-0.021691621482753297,-0.04066747016501793,-0.10793159446106958
H2_emerging_leader,20260211,紡織纖維,RANGE,盤整強勢,-0.016869426356565954,-0.0288595614660506,-0.11996040062565258
H2_emerging_leader,20260306,紡織纖維,RANGE,盤整弱勢,-0.01912938367780177,-0.03069176002741274,-0.11431642214001678
H2_emerging_leader,20260401,紡織纖維,RANGE,盤整弱勢,-0.011588714336109921,-0.05289563964736294,-0.06800646440837968
H2_emerging_leader,20260407,紡織纖維,RANGE,盤整強勢,-0.01181223248262616,-0.050289354792329224,-0.03330450041300374
H2_emerging_leader,20260601,紡織纖維,RANGE,盤整弱勢,0.014070807263103453,0.017756781162687273,0.02899750582983212
H2_emerging_leader,20260603,紡織纖維,RANGE,盤整強勢,0.01629990193135409,0.04373226124448594,0.024190356704185706
H2_emerging_leader,20260611,紡織纖維,RANGE,盤整強勢,-0.030954631691685525,0.019869245548391156,0.014337344280671897
H2_emerging_leader,20260629,紡織纖維,RANGE,盤整強勢,0.03931836772647647,0.06810106501792619,0.007996881920104365
H2_emerging_leader,20260721,紡織纖維,RANGE,盤整強勢,0.03645311054860329,3.9649682065101555e-05,
H2_emerging_leader,20261008,紡織纖維,RANGE,盤整弱勢,,,
H2_emerging_leader,20210722,綠能環保,RANGE,盤整強勢,0.008247653345965528,0.06248381662366348,0.05638950266434966
H2_emerging_leader,20210729,綠能環保,RANGE,盤整強勢,0.02622821731215154,0.036837882673063316,0.05292697043261543
H2_emerging_leader,20210818,綠能環保,RANGE,盤整強勢,-0.011494178588793147,-0.03336273762450188,-0.002842731116504321
H2_emerging_leader,20210820,綠能環保,RANGE,盤整強勢,-0.021921974613570455,-0.020218650668889435,-0.011924407947891298
H2_emerging_leader,20211203,綠能環保,RANGE,盤整強勢,0.025982874717295396,0.026088504888222445,0.16208387412836123
H2_emerging_leader,20220729,綠能環保,RANGE,盤整強勢,-0.0019134209837464722,-0.0020098706028391713,-0.008373010987416232
H2_emerging_leader,20220803,綠能環保,RANGE,盤整強勢,-0.027443223019718414,-0.011856287859781524,-0.023247557575203776
H2_emerging_leader,20220819,綠能環保,RANGE,盤整弱勢,0.0007829952906820096,-0.012631046431960554,-0.028917170565329275
H2_emerging_leader,20220824,綠能環保,RANGE,盤整強勢,0.0017544312938124846,-0.005699147350564128,-0.02226402078303858
H2_emerging_leader,20220927,綠能環保,RANGE,盤整強勢,-0.011185478054371527,-0.01403848542669442,0.008293243853467983
H2_emerging_leader,20221026,綠能環保,RANGE,盤整弱勢,-0.006350174921848247,-0.020144526593442597,0.026816511380721192
H2_emerging_leader,20221118,綠能環保,RANGE,盤整弱勢,-0.005219427738906875,0.04811939035419372,0.011520596785682069
H2_emerging_leader,20221123,綠能環保,RANGE,盤整弱勢,-0.006864420135707865,0.042317553172803016,0.01809383348567753
H2_emerging_leader,20221214,綠能環保,RANGE,盤整強勢,-0.006614962425564055,-0.0012855932374952386,-0.01765459225135102
H2_emerging_leader,20230710,綠能環保,RANGE,盤整強勢,0.015876768380619223,0.013649632770150487,0.00845450568530609
H2_emerging_leader,20230728,綠能環保,RANGE,盤整弱勢,0.0013404558517772364,-0.007374837883019937,-0.0036691488887625676
H2_emerging_leader,20230804,綠能環保,RANGE,盤整強勢,-0.00015953555484745502,-0.012771859849354465,-0.004836603373411984
H2_emerging_leader,20230831,綠能環保,RANGE,盤整強勢,0.008650820802578948,0.015337792677821198,-0.0010597902330715878
H2_emerging_leader,20230911,綠能環保,RANGE,盤整強勢,-0.004539748667192407,0.004224422362380474,-0.012702592564333925
H2_emerging_leader,20230920,綠能環保,RANGE,盤整強勢,0.010513639395765136,-0.0027796976153474165,-0.019017647381048025
H2_emerging_leader,20230922,綠能環保,RANGE,盤整強勢,0.006140540905355266,0.0031090612106857013,-0.02043434317941649
H2_emerging_leader,20231003,綠能環保,RANGE,盤整強勢,-0.005623100173269939,-0.010829671969296165,-0.0232188943637769
H2_emerging_leader,20231018,綠能環保,BEAR,空頭弱勢,0.0017493653815579676,-0.002473794042618188,-0.008125755040883198
H2_emerging_leader,20231020,綠能環保,BEAR,空頭弱勢,-0.002930713590912175,-0.017073789017276346,0.0001651927594761432
H2_emerging_leader,20231114,綠能環保,RANGE,盤整強勢,-0.021362742623039135,-0.018121658439961177,0.01143909390100567
H2_emerging_leader,20231128,綠能環保,RANGE,盤整弱勢,-0.004003258599580582,-0.009081396266926032,0.07424596890627214
H2_emerging_leader,20240115,綠能環保,RANGE,盤整強勢,0.015951240920643872,0.019051051766237642,0.0935274864171895
H2_emerging_leader,20240119,綠能環保,RANGE,盤整強勢,-0.006532723570557106,0.03730826443158091,0.06804521128884475
H2_emerging_leader,20240607,綠能環保,RANGE,盤整強勢,0.02806110124873598,0.14866556785022692,0.14092982390589706
H2_emerging_leader,20240613,綠能環保,RANGE,盤整強勢,0.02599033516637104,0.13345481078738175,0.11729440730768634
H2_emerging_leader,20240620,綠能環保,RANGE,盤整強勢,0.05484685333890124,0.13796486981317696,0.0901519401766261
H2_emerging_leader,20241016,綠能環保,RANGE,盤整強勢,-0.00559911751085875,-0.03087391440947647,-0.06452754631564456
H2_emerging_leader,20241023,綠能環保,RANGE,盤整弱勢,0.0028445889861261914,-0.04093295624042617,-0.06541530071092791
H2_emerging_leader,20241105,綠能環保,RANGE,盤整強勢,-0.024269501938463924,-0.0399603087374336,-0.04352810261002193
H2_emerging_leader,20241209,綠能環保,RANGE,盤整弱勢,-0.007153270634705694,-0.02286554141995311,-0.01604336846627961
H2_emerging_leader,20250116,綠能環保,BEAR,空頭弱勢,0.018211684923004436,-4.997033547669838e-05,0.017358796327898038
H2_emerging_leader,20250203,綠能環保,RANGE,盤整強勢,-0.0006611480847446317,-0.013929108466409476,0.022742747222072153
H2_emerging_leader,20250220,綠能環保,RANGE,盤整弱勢,0.000691485394283875,-0.003815158832799575,0.04357647503787923
H2_emerging_leader,20250314,綠能環保,RANGE,盤整強勢,-0.007502098304235143,0.008553225403528264,0.041807074850912715
H2_emerging_leader,20250326,綠能環保,RANGE,盤整強勢,-0.0038706631328173924,0.0008058677090240218,0.05148601723878542
H2_emerging_leader,20250411,綠能環保,BEAR,空頭弱勢,0.010943175605775565,0.019279397485895244,0.04032160453703054
H2_emerging_leader,20250415,綠能環保,RANGE,盤整弱勢,0.00448005462779825,0.01946924266647633,0.04674554701875616
H2_emerging_leader,20250422,綠能環保,RANGE,盤整強勢,0.0018530678858505664,0.030832157259173015,0.03115948651891256
H2_emerging_leader,20250506,綠能環保,RANGE,盤整強勢,0.0050565637326562,0.025776718568550197,0.021629402988027492
H2_emerging_leader,20250604,綠能環保,RANGE,盤整強勢,-0.008585689014393886,-0.00823371478205255,-0.029993924660792155
H2_emerging_leader,20250730,綠能環保,RANGE,盤整強勢,0.004938782447524329,-0.02610157392588003,-0.04894180751386171
H2_emerging_leader,20250804,綠能環保,RANGE,盤整強勢,-0.011604824078469989,-0.026074510922279623,-0.042643554519014644
H2_emerging_leader,20250930,綠能環保,RANGE,盤整弱勢,0.00011460893322527786,0.008770515575044576,0.011239327892158549
H2_emerging_leader,20251014,綠能環保,RANGE,盤整強勢,-0.017833762871182313,-0.045232259107577055,0.026812895514077294
H2_emerging_leader,20251105,綠能環保,BEAR,空頭弱勢,-0.028128890500056934,-0.02890115907944798,0.03371424567966477
H2_emerging_leader,20251125,綠能環保,BEAR,空頭弱勢,0.0030282290137271795,0.021832653078784757,0.08054570118584473
H2_emerging_leader,20251210,綠能環保,RANGE,盤整強勢,0.0053010689084384095,0.06722496202108251,0.039511963263278625
H2_emerging_leader,20251212,綠能環保,RANGE,盤整強勢,-0.003892550921456837,0.1150801008061915,0.02616915920071365
H2_emerging_leader,20251226,綠能環保,RANGE,盤整強勢,0.006741391247935067,0.05619124155165915,-0.00811180697126272
H2_emerging_leader,20251231,綠能環保,RANGE,盤整強勢,-0.0014498372323669358,0.02441033133472764,-0.014973892753974066
H2_emerging_leader,20260112,綠能環保,RANGE,盤整強勢,-0.003934021531218603,-0.05148430990675173,-0.0745704706460758
H2_emerging_leader,20260421,綠能環保,RANGE,盤整強勢,-0.018505287733801584,-0.04061122035943927,-0.09905602387390329
H2_emerging_leader,20260625,綠能環保,RANGE,盤整強勢,-0.010392039066657636,-0.029151460577606546,-0.056395665576286114
H2_emerging_leader,20260804,綠能環保,BEAR,空頭弱勢,0.0015177427628379238,-0.017015508881818315,
H2_emerging_leader,20260819,綠能環保,RANGE,盤整弱勢,-0.00505471671803707,-0.026211237792590613,
H2_emerging_leader,20260821,綠能環保,RANGE,盤整強勢,-0.011239116335664927,-0.0255906412396512,
H2_emerging_leader,20260907,綠能環保,RANGE,盤整強勢,-0.021643450502024885,-0.014513518727343168,
H2_emerging_leader,20260909,綠能環保,BEAR,空頭抗跌,-0.019480604448187135,,
H2_emerging_leader,20261002,綠能環保,RANGE,盤整弱勢,,,
H2_emerging_leader,20210910,航運業,RANGE,盤整強勢,-0.019357323613728338,-0.0914861267122317,-0.03705118931301038
H2_emerging_leader,20210930,航運業,RANGE,盤整強勢,-0.015047274374339264,-0.09307325085898915,-0.0360442727253462
H2_emerging_leader,20211029,航運業,RANGE,盤整強勢,0.06932221816258734,0.040882742463102695,-0.014215930446554968
H2_emerging_leader,20211102,航運業,RANGE,盤整強勢,0.01660313752268304,0.01578058135806601,-0.01776384212019865
H2_emerging_leader,20211112,航運業,RANGE,盤整強勢,0.005260808947842817,0.04933356952665863,0.017237329884039178
H2_emerging_leader,20211118,航運業,RANGE,盤整強勢,0.002338447454391105,0.04324380885662561,0.06944535808292715
H2_emerging_leader,20211122,航運業,RANGE,盤整弱勢,0.015135356653632881,0.042955175829411926,0.06750221729833983
H2_emerging_leader,20211124,航運業,RANGE,盤整強勢,0.02366272205714155,0.010453824715482674,0.047618358266776836
H2_emerging_leader,20211130,航運業,RANGE,盤整強勢,0.04660825582842753,0.00044474130926326627,0.03481388824353614
H2_emerging_leader,20211202,航運業,RANGE,盤整強勢,0.027027595442586705,-0.02992848810641626,0.07684327051373764
H2_emerging_leader,20211206,航運業,RANGE,盤整強勢,-0.03626927621677524,-0.055248581691305955,0.03866348783269968
H2_emerging_leader,20211221,航運業,RANGE,盤整強勢,-0.018187096652486794,-0.06083301914213,-0.0008036324668676872
H2_emerging_leader,20220215,航運業,RANGE,盤整強勢,0.053934359345984874,0.0708314624797393,0.057311367603724434
H2_emerging_leader,20220218,航運業,RANGE,盤整強勢,0.014745356830019724,-0.004542946508894689,0.010847200298202485
H2_emerging_leader,20220510,航運業,RANGE,盤整強勢,-0.03838348765895841,-0.04806336250608695,-0.14131580611410904
H2_emerging_leader,20220707,航運業,BEAR,空頭抗跌,-0.00962316235184352,-0.0027235259754462317,-0.09443381854205252
H2_emerging_leader,20220713,航運業,BEAR,空頭弱勢,0.007405593169494407,-0.004381129465524346,-0.07892412393550412
H2_emerging_leader,20220719,航運業,RANGE,盤整強勢,0.006058905117380857,-0.010953197081795929,-0.10142615374421954
H2_emerging_leader,20220721,航運業,RANGE,盤整強勢,-0.011645669613802555,-0.032544592754353924,-0.125321548492799
H2_emerging_leader,20220727,航運業,RANGE,盤整強勢,-0.0028585305636202978,-0.04302272681244824,-0.10600441928695423
H2_emerging_leader,20220801,航運業,RANGE,盤整強勢,0.0037356231070020986,-0.07727455836608807,-0.10939518438933553
H2_emerging_leader,20220809,航運業,RANGE,盤整弱勢,-0.015789869726440392,-0.1071771486921352,-0.12006683825272929
H2_emerging_leader,20220912,航運業,BEAR,空頭抗跌,0.018545564637404244,-0.007261733640902032,-0.02295098407653518
H2_emerging_leader,20220920,航運業,RANGE,盤整強勢,-0.04655762530687353,-0.06479279641574526,-0.0511167524998207
H2_emerging_leader,20221004,航運業,BEAR,空頭弱勢,-0.034565258833693865,-0.05957121160312481,-0.0009956656130693659
H2_emerging_leader,20221024,航運業,BEAR,空頭抗跌,-0.02339191104707886,-0.008644872745550383,-0.004251446594193381
H2_emerging_leader,20221027,航運業,BEAR,空頭抗跌,-0.003009752781474466,0.022640426443973877,0.006149341414181636
H2_emerging_leader,20221107,航運業,RANGE,盤整強勢,0.0027596099701152343,-0.016494286652915316,-0.03762098401253168
H2_emerging_leader,20221111,航運業,RANGE,盤整強勢,-0.03524583750035601,-0.02442286380910632,-0.04931001109970236
H2_emerging_leader,20221129,航運業,RANGE,盤整強勢,-0.015053826607536278,0.021567556561459852,0.026436177016452164
H2_emerging_leader,20221201,航運業,RANGE,盤整強勢,-0.003075933752692237,0.028361273965501917,0.03165990574989318
H2_emerging_leader,20221213,航運業,RANGE,盤整強勢,0.052919781287682544,0.010235535475782879,0.013969106503070372
H2_emerging_leader,20221215,航運業,RANGE,盤整強勢,0.03301700460146206,-0.0324499220514203,-0.014777538273001087
H2_emerging_leader,20221221,航運業,RANGE,盤整強勢,-0.031917993045510594,-0.0720580795360641,-0.05543663071061969
H2_emerging_leader,20230223,航運業,RANGE,盤整強勢,0.009436641487816276,-0.008390015530550361,-0.028170955756087385
H2_emerging_leader,20230607,航運業,RANGE,盤整弱勢,0.0070207237023870534,-0.05208258069883738,-0.06565290383234242
H2_emerging_leader,20230614,航運業,RANGE,盤整強勢,-0.02051908416677756,-0.08483836929732627,-0.06661200826522753
H2_emerging_leader,20230801,航運業,RANGE,盤整強勢,0.0079523720716279,0.01327795533077607,-0.03197619706355697
H2_emerging_leader,20230808,航運業,RANGE,盤整強勢,-0.016520506397774748,-0.0030950658859258996,-0.03134222861833081
H2_emerging_leader,20230821,航運業,BEAR,空頭抗跌,-0.00039939242285156554,0.008345925018080711,-0.046622039125511966
H2_emerging_leader,20230824,航運業,BEAR,空頭抗跌,-0.007168684411124421,0.008273309749014812,-0.057698842720616324
H2_emerging_leader,20230912,航運業,RANGE,盤整弱勢,0.027624544768773875,-0.025259265216291463,0.016407850283227672
H2_emerging_leader,20231114,航運業,RANGE,盤整弱勢,-0.014561523176233906,0.05360845562629045,0.0038778122604750664
H2_emerging_leader,20231127,航運業,RANGE,盤整弱勢,0.06561160499100703,0.06096202121923001,0.001941574162656154
H2_emerging_leader,20231201,航運業,RANGE,盤整強勢,-0.012342705809551735,0.0016437040462120994,-0.047177171345185925
H2_emerging_leader,20231208,航運業,RANGE,盤整強勢,0.011292786172631193,0.013109926358518324,-0.03501445332362602
H2_emerging_leader,20231218,航運業,RANGE,盤整強勢,0.005317231954471558,-0.015594039447815095,-0.04088779593480149
H2_emerging_leader,20231220,航運業,RANGE,盤整強勢,-0.03126312143021242,-0.034855149833380006,-0.06723142686248385
H2_emerging_leader,20240226,航運業,RANGE,盤整強勢,-0.007876429957529258,0.010707302796324359,0.11698947517045367
H2_emerging_leader,20240311,航運業,RANGE,盤整強勢,0.010587995329433289,0.007363863851652216,0.13492284646964986
H2_emerging_leader,20240319,航運業,RANGE,盤整強勢,-0.0031445878051665974,0.012039608398566468,0.08269287878638487
H2_emerging_leader,20240321,航運業,RANGE,盤整弱勢,-0.006698373686178359,0.014972428944032876,0.08576686783931059
H2_emerging_leader,20240325,航運業,RANGE,盤整強勢,-0.003863875829104949,0.025343573631617503,0.09004850115574273
H2_emerging_leader,20240730,航運業,RANGE,盤整強勢,0.020366964706989336,-0.009597559781870236,0.013672020581943226
H2_emerging_leader,20240806,航運業,RANGE,盤整強勢,-0.018756621253553492,-0.03468227062531465,0.009762941636747617
H2_emerging_leader,20240812,航運業,RANGE,盤整強勢,-0.009169467011254154,-0.014034299934199105,0.04373614443633545
H2_emerging_leader,20240826,航運業,RANGE,盤整強勢,-0.0067731822271943996,0.025027534309930224,0.05173003913046861
H2_emerging_leader,20240911,航運業,RANGE,盤整強勢,-0.009107773725928036,0.004307025726003749,0.043294109360175706
H2_emerging_leader,20240924,航運業,RANGE,盤整強勢,-0.014099970165405807,-0.000976819001302462,0.0248642643294769
H2_emerging_leader,20240927,航運業,RANGE,盤整強勢,-0.02201878673468335,0.004340600632159339,0.017344086298373043
H2_emerging_leader,20241001,航運業,RANGE,盤整強勢,-0.007789123872151327,0.027324798858428753,0.043976689861591034
H2_emerging_leader,20241028,航運業,RANGE,盤整強勢,0.017082427757456716,0.021801872134636874,0.02497168195144695
H2_emerging_leader,20241101,航運業,RANGE,盤整強勢,0.014467995594261991,0.009156693449026858,0.006749062677818371
H2_emerging_leader,20241105,航運業,RANGE,盤整強勢,0.01581947691325577,0.003319429892179048,-0.009820752293006822
H2_emerging_leader,20241107,航運業,RANGE,盤整強勢,0.029405937837572643,-0.0011203432431093306,-0.0012790492700477003
H2_emerging_leader,20241111,航運業,RANGE,盤整強勢,0.014374096611396162,-0.002693956556315419,-0.0038435481302878465
H2_emerging_leader,20241115,航運業,RANGE,盤整強勢,-0.019114234000056893,-0.01626000681980265,-0.01369755306505006
H2_emerging_leader,20241230,航運業,RANGE,盤整強勢,0.006525384659391006,-0.028075124732793978,0.013832501225062965
H2_emerging_leader,20250106,航運業,RANGE,盤整強勢,0.005285141710405825,-0.01757281222060303,0.05043648221632428
H2_emerging_leader,20250213,航運業,RANGE,盤整強勢,-0.0029131417826701034,0.03888135278697551,0.06598943314745835
H2_emerging_leader,20250217,航運業,RANGE,盤整強勢,0.011480763368070001,0.03432895691841416,0.08171695498924725
H2_emerging_leader,20250224,航運業,RANGE,盤整強勢,0.01312729833591526,0.024471222114353663,0.05018727864900495
H2_emerging_leader,20250415,航運業,RANGE,盤整強勢,-0.012487232710414927,-0.0004985866098322494,-0.055207647162087314
H2_emerging_leader,20250616,航運業,RANGE,盤整強勢,-0.027116890051745085,-0.038152015881971174,0.030698699364063463
H2_emerging_leader,20250717,航運業,RANGE,盤整強勢,0.02734518174907065,0.04839563085497327,0.059503806913877466
H2_emerging_leader,20250723,航運業,RANGE,盤整弱勢,-0.011831201359716423,0.03156012308351383,0.026717516788422425
H2_emerging_leader,20250730,航運業,RANGE,盤整強勢,0.012973810975679071,0.049898202071029074,0.025672067227124198
H2_emerging_leader,20250806,航運業,RANGE,盤整弱勢,0.02848916702863806,0.04927657870081861,0.025859196130347567
H2_emerging_leader,20250814,航運業,RANGE,盤整強勢,-0.004600849217286707,0.027341134845870668,-0.025276096494851207
H2_emerging_leader,20250818,航運業,RANGE,盤整強勢,-0.009354039768883967,0.019827647781859102,-0.025952765503209168
H2_emerging_leader,20250821,航運業,RANGE,盤整強勢,0.0077569087687795885,0.02200113554903711,-0.007818262703132454
H2_emerging_leader,20251015,航運業,RANGE,盤整強勢,-0.024585969785598287,-0.035091658685228996,-0.031574697410393
H2_emerging_leader,20251105,航運業,RANGE,盤整強勢,-0.02042171003393165,0.02421708604904852,-0.02598899429144938
H2_emerging_leader,20251120,航運業,RANGE,盤整強勢,0.01071511889004561,0.005084357505734646,-0.01296804823572939
H2_emerging_leader,20251124,航運業,RANGE,盤整強勢,0.003269481115138081,-0.008614693488019423,0.009255732586312182
H2_emerging_leader,20251204,航運業,RANGE,盤整強勢,-0.022658711581379436,-0.027067054430294925,-0.04073862503108633
H2_emerging_leader,20251217,航運業,RANGE,盤整強勢,0.00730856045240795,-0.021973509457574945,-0.03779121405047627
H2_emerging_leader,20251219,航運業,RANGE,盤整強勢,-0.0015649354752302106,-0.0019686214758577528,-0.0431379792053317
H2_emerging_leader,20251229,航運業,RANGE,盤整弱勢,-0.0016059617588742173,-0.013125583863728349,-0.05149689776750721
H2_emerging_leader,20260112,航運業,RANGE,盤整強勢,-0.00835999823473679,-0.004537480652981919,-0.08142785521291052
H2_emerging_leader,20260122,航運業,RANGE,盤整強勢,-0.0042162535065363264,0.03367581558505966,-0.07677862350957367
H2_emerging_leader,20260126,航運業,RANGE,盤整強勢,0.004195450669583829,0.011961535937594454,-0.06786798284589121
H2_emerging_leader,20260210,航運業,RANGE,盤整強勢,0.004808548209789019,-0.03206351358907633,-0.09917980119743336
H2_emerging_leader,20260223,航運業,RANGE,盤整強勢,0.035176038100563856,-0.015039601630296051,-0.10368029824378008
H2_emerging_leader,20260506,航運業,BEAR,空頭弱勢,-0.0226742059783329,-0.05023873296735036,0.02363602598110783
H2_emerging_leader,20260601,航運業,RANGE,盤整強勢,-0.0096717618119792,-0.006306531916238681,0.088650211088308
H2_emerging_leader,20260612,航運業,RANGE,盤整弱勢,-0.013091465170208852,0.04118997704143357,0.10502400608821409
H2_emerging_leader,20260629,航運業,RANGE,盤整強勢,0.009098657684325172,0.0645268731106899,0.08455735515699322
H2_emerging_leader,20260703,航運業,RANGE,盤整強勢,0.031637770205941766,0.03945110719264358,0.05418666153041963
H2_emerging_leader,20260708,航運業,RANGE,盤整強勢,0.006110387726445184,0.023834178087441288,0.04097923461510941
H2_emerging_leader,20260715,航運業,RANGE,盤整強勢,0.005518191821588116,0.0058612640357387745,
H2_emerging_leader,20260721,航運業,RANGE,盤整強勢,0.025371994384559456,0.06072695305351755,
H2_emerging_leader,20260724,航運業,RANGE,盤整強勢,0.010964937977559139,0.07873874230512719,
H2_emerging_leader,20210723,觀光餐旅,RANGE,盤整強勢,-0.021568184253480394,-0.04106686081963011,-0.02707681522246723
H2_emerging_leader,20210827,觀光餐旅,RANGE,盤整強勢,-0.02282933132364011,0.0035021475983853974,-0.04080231551671105
H2_emerging_leader,20210917,觀光餐旅,RANGE,盤整強勢,0.021671072904432917,0.008047855567464976,-0.0643735635537337
H2_emerging_leader,20210923,觀光餐旅,RANGE,盤整強勢,0.03069786626101098,0.006762534804352105,-0.061565862542490905
H2_emerging_leader,20210930,觀光餐旅,RANGE,盤整強勢,0.01902610286503183,-0.024760245709292972,-0.09629759565507727
H2_emerging_leader,20211004,觀光餐旅,RANGE,盤整強勢,-0.017553768992863924,-0.060907839447764976,-0.13611786125912528
H2_emerging_leader,20211007,觀光餐旅,RANGE,盤整強勢,-0.020258451869317864,-0.04409674814831889,-0.12329387320929167
H2_emerging_leader,20211103,觀光餐旅,RANGE,盤整弱勢,0.008496786152032757,-0.028797594557888925,-0.0461582187753071
H2_emerging_leader,20220120,觀光餐旅,BEAR,空頭抗跌,0.018978077717331503,0.10107802770355481,0.12060513302374334
H2_emerging_leader,20220125,觀光餐旅,BEAR,空頭抗跌,0.002768267311879416,0.08149138371073739,0.104397015574128
H2_emerging_leader,20220211,觀光餐旅,RANGE,盤整弱勢,0.06625957735881942,0.07387119762267498,0.10448717428473683
H2_emerging_leader,20220215,觀光餐旅,RANGE,盤整強勢,0.06421017841907092,0.07033742724758367,0.08837988023884844
H2_emerging_leader,20220217,觀光餐旅,RANGE,盤整強勢,0.028479976013454728,0.005968797822518057,0.027714801248095597
H2_emerging_leader,20220223,觀光餐旅,RANGE,盤整強勢,-0.022483060350323266,-0.027961443475716743,-0.008891939274454204
H2_emerging_leader,20220526,觀光餐旅,RANGE,盤整強勢,0.08334527505661565,0.10886515402635624,0.06971227749001167
H2_emerging_leader,20220601,觀光餐旅,RANGE,盤整強勢,0.025850402360658248,0.04126014126632249,0.02544114824286941
H2_emerging_leader,20220908,觀光餐旅,RANGE,盤整強勢,0.019390618778071862,0.10702938854907014,0.10252334010651654
H2_emerging_leader,20221228,觀光餐旅,RANGE,盤整強勢,-0.01599306698666702,-0.021418537357704256,0.05541247175943545
H2_emerging_leader,20230825,觀光餐旅,RANGE,盤整強勢,-0.026519002290731234,-0.049564002976056926,0.017495291209354842
H2_emerging_leader,20230829,觀光餐旅,RANGE,盤整強勢,-0.023486874372481745,-0.04136374711832856,-0.015920676159732465
H2_emerging_leader,20230831,觀光餐旅,RANGE,盤整強勢,-0.026884625511612418,-0.03642985552816603,-0.0182618787964677
H2_emerging_leader,20230928,觀光餐旅,BEAR,空頭抗跌,-0.012398212089567057,0.02060793394137743,-0.009679262480569897
H2_emerging_leader,20231013,觀光餐旅,BEAR,空頭弱勢,-0.01285163601961746,0.0629446797148589,0.03210561400949785
H2_emerging_leader,20231024,觀光餐旅,BEAR,空頭抗跌,0.0378732137421321,0.09096085903078727,0.007754933219033255
H2_emerging_leader,20231027,觀光餐旅,BEAR,空頭抗跌,0.04937307496831128,0.04562403074710157,-0.009874244691324294
H2_emerging_leader,20231101,觀光餐旅,RANGE,盤整強勢,0.013671780898282707,0.00882731524500463,-0.027474535444110937
H2_emerging_leader,20231115,觀光餐旅,RANGE,盤整弱勢,5.571616676015162e-06,-0.07817881534933932,-0.13506780857527717
H2_emerging_leader,20231229,觀光餐旅,RANGE,盤整強勢,0.015442117782057632,-0.007201724676708307,-0.12243276287607532
H2_emerging_leader,20240105,觀光餐旅,RANGE,盤整強勢,-0.017553713768875857,-0.019339446700667805,-0.10969205027498596
H2_emerging_leader,20240111,觀光餐旅,RANGE,盤整強勢,-0.03059742264733696,-0.08439011430841156,-0.12129334737052913
H2_emerging_leader,20240205,觀光餐旅,RANGE,盤整弱勢,-0.042481304609983415,-0.04379058385214065,-0.020987964365772993
H2_emerging_leader,20240311,觀光餐旅,RANGE,盤整強勢,-0.004366558504720383,-0.001199383658708534,-0.012401371873152447
H2_emerging_leader,20240314,觀光餐旅,RANGE,盤整強勢,-0.013269786070889123,-0.01013768255748461,-0.014505927633983798
H2_emerging_leader,20240328,觀光餐旅,RANGE,盤整弱勢,-0.02599641929026103,0.04655656270998595,-0.018517929523532872
H2_emerging_leader,20240411,觀光餐旅,RANGE,盤整強勢,-0.009228418420503818,0.03631108546494762,-0.041301349154023545
H2_emerging_leader,20240417,觀光餐旅,RANGE,盤整強勢,0.043528682680665474,0.05548720638940315,-0.03213365245660291
H2_emerging_leader,20240423,觀光餐旅,RANGE,盤整強勢,0.035172764923830944,-0.01662792655982826,-0.05036070192986643
H2_emerging_leader,20240502,觀光餐旅,RANGE,盤整強勢,-0.007631885400606151,-0.04531748831520348,-0.07764656887229653
H2_emerging_leader,20240516,觀光餐旅,RANGE,盤整強勢,-0.03996793041293941,-0.04095349053791762,-0.08672476120825273
H2_emerging_leader,20240716,觀光餐旅,RANGE,盤整強勢,0.008965694589629543,-0.009266563308197286,-0.02499539698036652
H2_emerging_leader,20240731,觀光餐旅,RANGE,盤整強勢,-0.006139692154035398,-0.014549820495909534,-0.02706297976787836
H2_emerging_leader,20240823,觀光餐旅,RANGE,盤整強勢,-0.011913255165923349,-0.02840149132025333,-0.044690077990694944
H2_emerging_leader,20240906,觀光餐旅,RANGE,盤整強勢,-0.016054673326384244,-0.017832687238266975,-0.03440032200095788
H2_emerging_leader,20240927,觀光餐旅,RANGE,盤整強勢,-0.010480112896355389,0.004646447557420816,0.009564806124466432
H2_emerging_leader,20241015,觀光餐旅,RANGE,盤整強勢,-0.0031537743493933786,-0.003519222472019086,0.004654160570540036
H2_emerging_leader,20241030,觀光餐旅,RANGE,盤整強勢,-0.011241351887099894,-0.020516231401710657,0.006534882315681917
H2_emerging_leader,20241202,觀光餐旅,RANGE,盤整強勢,-0.000517091469906149,0.026745044451516736,0.009060334470333697
H2_emerging_leader,20241211,觀光餐旅,RANGE,盤整強勢,0.03405670172374234,0.010896666507874499,-0.02973538823670484
H2_emerging_leader,20241217,觀光餐旅,RANGE,盤整強勢,-0.01468309223250041,-0.04096734747037648,-0.06032011945376907
H2_emerging_leader,20241223,觀光餐旅,RANGE,盤整強勢,-0.004672579192234866,0.010609697508528856,-0.04406026786718165
H2_emerging_leader,20250102,觀光餐旅,RANGE,盤整強勢,-0.0172669648938292,-0.01496576146609348,-0.030559866286325996
H2_emerging_leader,20250305,觀光餐旅,RANGE,盤整強勢,-0.02278360380398555,-0.029969333516914776,-0.011291657279143108
H2_emerging_leader,20250324,觀光餐旅,RANGE,盤整弱勢,0.0021901093641107303,0.008781176915123187,0.02715499774697179
H2_emerging_leader,20250410,觀光餐旅,BEAR,空頭弱勢,-0.01082180006281784,0.01465270063892525,0.02820178820940944
H2_emerging_leader,20250430,觀光餐旅,RANGE,盤整弱勢,0.025500602180383847,0.015598233363861305,0.011262410093686755
H2_emerging_leader,20250508,觀光餐旅,RANGE,盤整強勢,-0.011520158494973263,-0.011301132130536155,-0.012601071942979665
H2_emerging_leader,20250520,觀光餐旅,RANGE,盤整強勢,0.007974744607219727,-0.008423454636916794,-0.030633695877101477
H2_emerging_leader,20250611,觀光餐旅,RANGE,盤整強勢,-0.006344119198844617,0.019689240331453785,-0.03542708615288778
H2_emerging_leader,20250627,觀光餐旅,RANGE,盤整強勢,-0.00214523120068982,-0.01860158800928698,-0.06897652423040909
H2_emerging_leader,20250714,觀光餐旅,RANGE,盤整強勢,-0.012875651262025138,-0.04079693817254712,-0.0831440017663572
H2_emerging_leader,20250901,觀光餐旅,RANGE,盤整弱勢,-0.008916823224041422,-0.01755965992322276,-0.03144479491301
H2_emerging_leader,20250903,觀光餐旅,RANGE,盤整強勢,0.0008780901322513381,-0.020101321528501553,-0.034716520625927116
H2_emerging_leader,20250905,觀光餐旅,RANGE,盤整弱勢,0.008388573745909504,-0.016923358240226914,-0.0344229635722533
H2_emerging_leader,20251017,觀光餐旅,BEAR,空頭抗跌,-0.01829217903841008,0.0051235935000946906,-0.06881493974774758
H2_emerging_leader,20251023,觀光餐旅,BEAR,空頭抗跌,0.007674668615100619,0.021439623263401333,-0.06813217337431329
H2_emerging_leader,20251103,觀光餐旅,BEAR,空頭抗跌,0.011270981291794723,-0.01770336578862153,-0.09293239366581715
H2_emerging_leader,20251111,觀光餐旅,RANGE,盤整強勢,0.0050254495468261065,-0.02515684376321663,-0.06203396469251354
H2_emerging_leader,20251215,觀光餐旅,RANGE,盤整強勢,-0.011443263825299654,-0.05118905113317573,-0.09717588765975427
H2_emerging_leader,20251217,觀光餐旅,RANGE,盤整強勢,-0.017835812526269382,-0.07003740018056318,-0.09976318675860321
H2_emerging_leader,20260203,觀光餐旅,BEAR,空頭弱勢,0.01090212328090836,-0.024619595417330904,-0.10289949150498316
H2_emerging_leader,20260209,觀光餐旅,BEAR,空頭抗跌,-0.038994204880935766,-0.05496606807443194,-0.12098446767106573
H2_emerging_leader,20260306,觀光餐旅,BEAR,空頭抗跌,-0.01247376228193493,-0.016059939261809753,-0.14858859418258916
H2_emerging_leader,20260310,觀光餐旅,BEAR,空頭抗跌,-0.030144886802184627,-0.03666655848164116,-0.13006098134718874
H2_emerging_leader,20260324,觀光餐旅,BEAR,空頭抗跌,0.01066337142416705,-0.030807566018532077,-0.12040558185145314
H2_emerging_leader,20260401,觀光餐旅,RANGE,盤整強勢,-0.006285797820196618,-0.06891128309583877,-0.1378969219975005
H2_emerging_leader,20260429,觀光餐旅,BEAR,空頭抗跌,-0.02023238143013346,-0.0723813684600344,-0.04843400070835505
H2_emerging_leader,20260610,觀光餐旅,RANGE,盤整強勢,-0.011485511757308383,-0.015261766026664916,-0.021767653340103655
H2_emerging_leader,20260625,觀光餐旅,RANGE,盤整弱勢,-0.032908361029321036,-0.006728528677957712,-0.04258006972162626
H2_emerging_leader,20260629,觀光餐旅,BEAR,空頭抗跌,-0.012284838725506664,0.028316693463584744,-0.029456469972076543
H2_emerging_leader,20260720,觀光餐旅,BEAR,空頭抗跌,0.01383076330579256,-0.018160187812465513,
H2_emerging_leader,20260730,觀光餐旅,BEAR,空頭抗跌,-0.028217355422180394,-0.03663922878242609,
H2_emerging_leader,20260819,觀光餐旅,RANGE,盤整強勢,0.0006914714551824099,-0.011666015419662844,
H2_emerging_leader,20260914,觀光餐旅,BEAR,空頭抗跌,-0.021763661094224302,,
H2_emerging_leader,20260916,觀光餐旅,BEAR,空頭抗跌,-0.012155674155734581,,
H2_emerging_leader,20210812,貿易百貨,RANGE,盤整強勢,0.008292726637080146,0.04465579882866428,0.017104317604805835
H2_emerging_leader,20210818,貿易百貨,RANGE,盤整弱勢,0.010470649236271667,0.03766528053115253,-0.0036489312721826594
H2_emerging_leader,20210820,貿易百貨,RANGE,盤整強勢,-0.0007175844772316642,0.03256351035448719,-0.018265862457422573
H2_emerging_leader,20210901,貿易百貨,RANGE,盤整強勢,0.0057849098753674725,0.015355962795804319,-0.05824564164695709
H2_emerging_leader,20210903,貿易百貨,RANGE,盤整強勢,-0.007718472609098984,0.005495895818474483,-0.0761143721296868
H2_emerging_leader,20210914,貿易百貨,RANGE,盤整強勢,-0.002160534689432637,-0.01019616561202484,-0.11072976995090417
H2_emerging_leader,20211220,貿易百貨,RANGE,盤整強勢,0.008275853910591002,-0.009477521659184663,-0.015088218838919329
H2_emerging_leader,20220218,貿易百貨,RANGE,盤整強勢,0.012055868019066513,0.011836898840822792,-0.00965604220246822
H2_emerging_leader,20220223,貿易百貨,RANGE,盤整強勢,0.01789960407699315,-0.0075948529806169306,-0.01807741530589558
H2_emerging_leader,20220225,貿易百貨,RANGE,盤整強勢,0.02090068591518001,-0.012719312839022442,-0.006268520074084599
H2_emerging_leader,20220316,貿易百貨,RANGE,盤整強勢,-0.015035416477560931,-0.034318052111298875,-0.020992763303231965
H2_emerging_leader,20220413,貿易百貨,RANGE,盤整弱勢,-0.015263599171339615,-0.015405928237595748,0.05489195536409426
H2_emerging_leader,20220428,貿易百貨,RANGE,盤整強勢,-0.015598495517829207,-0.0018678008685908214,0.024242973515398072
H2_emerging_leader,20220520,貿易百貨,RANGE,盤整強勢,0.007699551475189501,0.022644269512023908,0.010427695507423968
H2_emerging_leader,20220526,貿易百貨,RANGE,盤整強勢,-0.00391383020804708,0.01758829422027711,-0.010164838310659577
H2_emerging_leader,20220609,貿易百貨,RANGE,盤整強勢,0.010436602425171762,0.06233205351761774,-0.01368762705075232
H2_emerging_leader,20220617,貿易百貨,BEAR,空頭抗跌,0.003482091445384205,0.023395183590746042,-0.0463499426091379
H2_emerging_leader,20220621,貿易百貨,BEAR,空頭抗跌,0.01792141920038963,0.01875206071457937,-0.052226027455790365
H2_emerging_leader,20220623,貿易百貨,BEAR,空頭抗跌,0.033859173063793005,0.001547229790214405,-0.05181064202603861
H2_emerging_leader,20220704,貿易百貨,RANGE,盤整強勢,-0.011543497056524323,-0.05220328918294683,-0.06240334778168926
H2_emerging_leader,20220707,貿易百貨,RANGE,盤整強勢,-0.013711338375955787,-0.04377482135354305,-0.06478766288354204
H2_emerging_leader,20220826,貿易百貨,RANGE,盤整強勢,-0.010646742515485422,-0.0031299155238966106,0.01781174426395976
H2_emerging_leader,20220922,貿易百貨,BEAR,空頭抗跌,0.013533538879643807,0.02967767044696279,0.06704656938627035
H2_emerging_leader,20220927,貿易百貨,BEAR,空頭抗跌,-0.021927037350203953,0.006384011821043284,0.04122012807506638
H2_emerging_leader,20220929,貿易百貨,BEAR,空頭抗跌,-0.0077958141953521215,0.02007891837830416,0.048201459524687726
H2_emerging_leader,20221012,貿易百貨,BEAR,空頭抗跌,-0.017962407708562535,-0.013827106738753675,0.014114045576714154
H2_emerging_leader,20221014,貿易百貨,BEAR,空頭抗跌,0.004626627182713962,0.0032311220886702408,0.020823222105505718
H2_emerging_leader,20221018,貿易百貨,BEAR,空頭抗跌,0.012417370154790254,0.0301956872985992,0.023608830603534053
H2_emerging_leader,20221024,貿易百貨,BEAR,空頭抗跌,-0.002848391269047821,0.002128914571778648,0.02147786300238
H2_emerging_leader,20221109,貿易百貨,RANGE,盤整弱勢,0.01865190717900629,0.02126133335254988,0.0015616119296212733
H2_emerging_leader,20230426,貿易百貨,RANGE,盤整強勢,0.0004949123728781694,0.017859992449416415,-0.03150950883232553
H2_emerging_leader,20230508,貿易百貨,RANGE,盤整強勢,0.01655561435972336,0.017009893745500035,-0.018618383207687147
H2_emerging_leader,20230515,貿易百貨,RANGE,盤整強勢,-0.0037716721177017687,-0.021112261093118388,-0.02600537660482312
H2_emerging_leader,20230517,貿易百貨,RANGE,盤整強勢,-0.0033691734947828705,-0.025001565403958488,-0.032134327593123416
H2_emerging_leader,20230727,貿易百貨,RANGE,盤整弱勢,0.007340297919300139,0.02039141436727688,0.015568853578019237
H2_emerging_leader,20230804,貿易百貨,RANGE,盤整弱勢,0.015789899340365156,0.007535111943245527,0.008443102021726802
H2_emerging_leader,20230811,貿易百貨,RANGE,盤整弱勢,-0.016885960580973768,-0.011519233784908073,-0.01393736273826178
H2_emerging_leader,20230815,貿易百貨,RANGE,盤整強勢,-0.004821551927356038,-0.0035490647152515813,0.0014272847329746506
H2_emerging_leader,20230824,貿易百貨,RANGE,盤整弱勢,0.004076788881721777,0.0006585119065862337,-0.008108475730861937
H2_emerging_leader,20230828,貿易百貨,RANGE,盤整強勢,-0.008582113619653695,-0.009103383471422748,-0.020586200827939008
H2_emerging_leader,20230830,貿易百貨,RANGE,盤整強勢,-0.013612715681697262,-0.005636630301613647,-0.014223990035724082
H2_emerging_leader,20230914,貿易百貨,RANGE,盤整強勢,-0.0005296123019777298,0.004730962702592566,-0.03436062862872641
H2_emerging_leader,20231020,貿易百貨,BEAR,空頭抗跌,-0.003998095589571031,-0.01069108573197624,-0.05868574371449474
H2_emerging_leader,20231114,貿易百貨,RANGE,盤整強勢,-0.01001914777979437,-0.03519656530284555,-0.08434029197191689
H2_emerging_leader,20240513,貿易百貨,RANGE,盤整強勢,-0.00780737069252551,-0.03384544542775668,-0.003648534249656346
H2_emerging_leader,20240515,貿易百貨,RANGE,盤整強勢,-0.02304014590140307,-0.04720080005125364,-0.003790127128413482
H2_emerging_leader,20240710,貿易百貨,RANGE,盤整強勢,0.0005023390634636775,0.02289324313745153,0.08100373861820681
H2_emerging_leader,20240723,貿易百貨,RANGE,盤整弱勢,0.006372354444302727,0.020945457862101807,0.07205436493617566
H2_emerging_leader,20240730,貿易百貨,RANGE,盤整強勢,0.009068201444701711,0.004746227388209101,0.06790634060179629
H2_emerging_leader,20240809,貿易百貨,RANGE,盤整弱勢,-0.011741753536286034,-0.008749885095540921,0.06498354352362294
H2_emerging_leader,20240826,貿易百貨,RANGE,盤整強勢,0.0036063685328183354,0.003005013346192977,0.055672960802184555
H2_emerging_leader,20250115,貿易百貨,RANGE,盤整強勢,-0.0019289440730808332,-0.028420138724362873,-0.02493994011377476
H2_emerging_leader,20250410,貿易百貨,BEAR,空頭抗跌,0.0076927642208132335,-0.027462874261137096,-0.051693062727233396
H2_emerging_leader,20250418,貿易百貨,BEAR,空頭弱勢,-0.025733051004101316,-0.06370502162791203,-0.07746737693828684
H2_emerging_leader,20250422,貿易百貨,BEAR,空頭抗跌,-0.013643221434247933,-0.06473354539405626,-0.07594520460514051
H2_emerging_leader,20250616,貿易百貨,BEAR,空頭抗跌,-0.01388785994542627,-0.014774367618281683,-0.06307258357020193
H2_emerging_leader,20250703,貿易百貨,RANGE,盤整強勢,-0.014374822765109407,-0.035513059803060375,-0.04794773922130713
H2_emerging_leader,20250919,貿易百貨,RANGE,盤整弱勢,0.004941294502197256,0.01401251814280734,0.0055803402042192245
H2_emerging_leader,20250930,貿易百貨,RANGE,盤整強勢,-0.004213566345338495,0.0013599967271469022,-0.008647761920163463
H2_emerging_leader,20251015,貿易百貨,RANGE,盤整弱勢,0.0070329404929868125,0.009817499309636945,-0.03750965249683293
H2_emerging_leader,20251017,貿易百貨,RANGE,盤整強勢,0.005501867375310103,0.01736674453364536,-0.04752723018052788
H2_emerging_leader,20251031,貿易百貨,RANGE,盤整弱勢,0.007806382397722819,0.00444932941175715,-0.056785108358787244
H2_emerging_leader,20251119,貿易百貨,RANGE,盤整強勢,-0.008155542009836265,-0.017316357544988822,-0.053836187401024096
H2_emerging_leader,20260203,貿易百貨,BEAR,空頭抗跌,0.019980733604283006,-0.010495977256021765,-0.060021812386713155
H2_emerging_leader,20260211,貿易百貨,RANGE,盤整強勢,-0.01254369129197629,-0.031460698734897076,-0.06338985557410079
H2_emerging_leader,20260326,貿易百貨,RANGE,盤整強勢,0.004280541518841503,-0.021999770561604914,-0.012325463749422824
H2_emerging_leader,20260609,貿易百貨,RANGE,盤整強勢,0.01406072641694599,0.004503277173998493,0.009577813357766876
H2_emerging_leader,20260612,貿易百貨,RANGE,盤整強勢,-0.02003548343040227,-0.0018121663068947358,-0.009726920279361131
H2_emerging_leader,20260820,貿易百貨,RANGE,盤整強勢,-0.025660273165396402,-0.01282953435489123,
H2_emerging_leader,20260908,貿易百貨,RANGE,盤整強勢,0.005113957056077015,,
H2_emerging_leader,20260914,貿易百貨,RANGE,盤整強勢,-0.013872909758498937,,
H2_emerging_leader,20260916,貿易百貨,RANGE,盤整強勢,-0.014647183886908428,,
H2_emerging_leader,20210721,資訊服務業,RANGE,盤整強勢,-0.00026222548685576625,0.022636788226900836,0.0619982270170892
H2_emerging_leader,20210817,資訊服務業,RANGE,盤整強勢,0.004951730993357469,0.034231726567885035,0.046117894088108985
H2_emerging_leader,20210820,資訊服務業,RANGE,盤整強勢,0.005181838563680513,0.037729578094750374,0.0334874211100562
H2_emerging_leader,20210825,資訊服務業,RANGE,盤整強勢,0.02264510497271464,0.02622646927610307,0.03655759639459606
H2_emerging_leader,20210902,資訊服務業,RANGE,盤整強勢,0.0031571148348219016,0.028162500583462074,0.004892683393993125
H2_emerging_leader,20220225,資訊服務業,RANGE,盤整強勢,0.030374658858636987,0.047425021765599096,0.03406424728184568
H2_emerging_leader,20220309,資訊服務業,RANGE,盤整強勢,0.0003190260720600472,0.03460945417018722,0.006899703778579347
H2_emerging_leader,20220314,資訊服務業,RANGE,盤整強勢,-0.004586775005293614,0.015743464205880263,0.007640652912706058
H2_emerging_leader,20220406,資訊服務業,RANGE,盤整強勢,-0.009965105740510186,-0.025441244711406658,0.005790857446158315
H2_emerging_leader,20220408,資訊服務業,RANGE,盤整強勢,-0.018290548774100066,-0.01820958076147839,0.006997856446643511
H2_emerging_leader,20220610,資訊服務業,RANGE,盤整強勢,0.010477658630878496,0.02503129885484154,0.056979254863299716
H2_emerging_leader,20220615,資訊服務業,RANGE,盤整強勢,0.00471798768634063,0.027791352931910387,0.060735332117199996
H2_emerging_leader,20220629,資訊服務業,RANGE,盤整弱勢,0.008712706369739021,0.01749635800500173,0.056856463517086876
H2_emerging_leader,20220704,資訊服務業,BEAR,空頭抗跌,0.025187167036038103,0.02448954685065672,0.06835192606479051
H2_emerging_leader,20220707,資訊服務業,BEAR,空頭抗跌,0.014168944412023262,0.021372249584543087,0.06357405783000675
H2_emerging_leader,20220713,資訊服務業,BEAR,空頭抗跌,-0.006541010443163686,0.016556179070088918,0.045514795730052966
H2_emerging_leader,20220805,資訊服務業,RANGE,盤整強勢,-0.001448525242519965,0.00509146958481857,0.03735567871839039
H2_emerging_leader,20230116,資訊服務業,RANGE,盤整強勢,-0.009891894160790261,0.104926575765457,0.36607228362650457
H2_emerging_leader,20230130,資訊服務業,RANGE,盤整弱勢,0.004729785361875242,0.13654312977421787,0.3866671286641162
H2_emerging_leader,20230213,資訊服務業,RANGE,盤整強勢,0.010366557626885535,0.08874822984872209,0.29692144577453905
H2_emerging_leader,20230817,資訊服務業,RANGE,盤整強勢,-0.00958843706539384,-0.02352977615474196,-0.009050605662913564
H2_emerging_leader,20230926,資訊服務業,BEAR,空頭抗跌,0.006778181795865557,0.019356218339392238,0.03758947628582203
H2_emerging_leader,20231005,資訊服務業,RANGE,盤整強勢,0.002078146776714241,0.00988423924164479,0.006406635288240176
H2_emerging_leader,20231012,資訊服務業,RANGE,盤整強勢,-0.004400310456016944,-0.0016631141016241486,0.005454317078248658
H2_emerging_leader,20231025,資訊服務業,RANGE,盤整弱勢,-0.00502470509508583,-0.007618218734176729,0.053611344132390035
H2_emerging_leader,20231027,資訊服務業,RANGE,盤整強勢,0.012973558653424585,-0.017865623972696934,0.06105121651308383
H2_emerging_leader,20231103,資訊服務業,RANGE,盤整強勢,-0.00402329885689251,-0.008186344961551649,0.034584653425566735
H2_emerging_leader,20240527,資訊服務業,RANGE,盤整弱勢,0.018302565788998686,0.01058928770578068,-0.029435402455080167
H2_emerging_leader,20240531,資訊服務業,RANGE,盤整強勢,0.004669130217347684,-0.012178355236566206,-0.050107676340640624
H2_emerging_leader,20240607,資訊服務業,RANGE,盤整強勢,-0.006383325767548935,-0.006862199230548184,-0.05469731989104151
H2_emerging_leader,20240612,資訊服務業,RANGE,盤整弱勢,-0.014582841737095675,-0.01107503484679423,-0.052482285699236075
H2_emerging_leader,20240813,資訊服務業,RANGE,盤整強勢,7.801364942070996e-05,-0.007204944127397733,0.03203059459491291
H2_emerging_leader,20240816,資訊服務業,RANGE,盤整強勢,-0.009581281773746744,-0.007889413986964603,0.004710204703532832
H2_emerging_leader,20240822,資訊服務業,RANGE,盤整弱勢,-0.01123567968056635,0.004914841260831896,0.019243267539337378
H2_emerging_leader,20240909,資訊服務業,BEAR,空頭抗跌,0.002257436942436658,0.014174887402431786,0.09682343603835242
H2_emerging_leader,20240911,資訊服務業,BEAR,空頭抗跌,0.003907527871913331,0.01109737819123438,0.10279352524380543
H2_emerging_leader,20240920,資訊服務業,RANGE,盤整弱勢,-0.011413500524413325,0.05248005340254125,0.0885489730407866
H2_emerging_leader,20240924,資訊服務業,RANGE,盤整弱勢,-0.016475716402983332,0.03659552267589157,0.08002011136520852
H2_emerging_leader,20241014,資訊服務業,RANGE,盤整強勢,0.006058531205409853,0.02464660445086308,0.0942281529273641
H2_emerging_leader,20241016,資訊服務業,RANGE,盤整強勢,0.04576438898879085,0.009842118374259343,0.08527071592273766
H2_emerging_leader,20241023,資訊服務業,RANGE,盤整強勢,-0.015136152691231778,-0.0353945491931881,0.028298729408920108
H2_emerging_leader,20241125,資訊服務業,RANGE,盤整強勢,-0.007124097040962246,0.06219602297676578,0.09452979816465124
H2_emerging_leader,20250708,資訊服務業,RANGE,盤整強勢,-0.012571461897165204,-0.030122860539345927,-0.022195686220520663
H2_emerging_leader,20250711,資訊服務業,RANGE,盤整強勢,-0.014455150831324481,-0.018879084425874135,-0.025855284589838483
H2_emerging_leader,20250805,資訊服務業,RANGE,盤整強勢,0.01841325851428515,-0.005957744287862943,-0.021764877881475832
H2_emerging_leader,20250811,資訊服務業,RANGE,盤整強勢,-0.02467331240908187,-0.023436000210897562,-0.04382574809491456
H2_emerging_leader,20250825,資訊服務業,RANGE,盤整強勢,-0.01739018838146011,-0.024668768097196463,-0.05477063850368467
H2_emerging_leader,20250910,資訊服務業,RANGE,盤整強勢,-0.016713690763909436,-0.02188745563718113,-0.04398558632388429
H2_emerging_leader,20250930,資訊服務業,RANGE,盤整強勢,-0.0019840641451047266,-0.02346929049455751,-0.0674318338596923
H2_emerging_leader,20251120,資訊服務業,BEAR,空頭抗跌,0.0033551630616355174,-0.008933658073649,-0.09891627711658091
H2_emerging_leader,20251125,資訊服務業,BEAR,空頭抗跌,0.004693918296367949,-0.013581748802507544,-0.09478972384227044
H2_emerging_leader,20251201,資訊服務業,RANGE,盤整弱勢,-0.003054040243016496,-0.02849769405378426,-0.09355283730903108
H2_emerging_leader,20251203,資訊服務業,RANGE,盤整強勢,-0.007528557181263868,-0.02761717438241098,-0.08650445371840795
H2_emerging_leader,20251210,資訊服務業,RANGE,盤整弱勢,-0.006851813556705712,-0.027732590425297868,-0.08010553006147583
H2_emerging_leader,20251223,資訊服務業,BEAR,空頭弱勢,-0.004471970485179686,-0.038116696576437854,-0.09364864591279203
H2_emerging_leader,20260305,資訊服務業,RANGE,盤整強勢,0.016493212858368654,-0.006554941532259221,-0.048831852307786
H2_emerging_leader,20260310,資訊服務業,RANGE,盤整弱勢,0.007942234679971245,-0.019628269072051424,-0.023188168057843024
H2_emerging_leader,20260320,資訊服務業,RANGE,盤整弱勢,-0.025438482372384143,-0.02680240644244159,-0.07810826526656035
H2_emerging_leader,20260421,資訊服務業,RANGE,盤整弱勢,-0.011499948395365306,-0.042593843144244484,-0.05591673304040885
H2_emerging_leader,20260505,資訊服務業,RANGE,盤整弱勢,-0.01759412917643242,-0.02016258117179741,-0.03251292059685769
H2_emerging_leader,20260508,資訊服務業,RANGE,盤整強勢,-0.019884768849670244,0.012088260073572776,-0.029999682150464557
H2_emerging_leader,20260601,資訊服務業,RANGE,盤整強勢,0.0069174764617152065,-0.04564931060991354,-0.046577016121247046
H2_emerging_leader,20260609,資訊服務業,RANGE,盤整弱勢,-0.020726664477380485,-0.04075193889578117,-0.049561598867043574
H2_emerging_leader,20260727,資訊服務業,RANGE,盤整強勢,-0.00017021256314431535,-0.014506377362062839,
H2_emerging_leader,20260731,資訊服務業,RANGE,盤整強勢,-0.01759324432183445,-0.01885787622946237,
H2_emerging_leader,20260817,資訊服務業,RANGE,盤整強勢,-0.0029620924217940714,0.05446387287388846,
H2_emerging_leader,20260902,資訊服務業,RANGE,盤整弱勢,-0.0021838557166691057,0.035967672985020564,
H2_emerging_leader,20260911,資訊服務業,BEAR,空頭抗跌,0.014639353776426896,,
H2_emerging_leader,20260918,資訊服務業,RANGE,盤整強勢,-0.016131590911479227,,
H2_emerging_leader,20210823,通信網路業,BEAR,空頭抗跌,0.004154151925903876,0.010625266869307044,0.13975382819923463
H2_emerging_leader,20210827,通信網路業,BEAR,空頭弱勢,-0.0008125209371788022,0.008748866677742873,0.12986702548251744
H2_emerging_leader,20210831,通信網路業,BEAR,空頭弱勢,-0.008858517686895436,0.0021503691048817206,0.1281095652424901
H2_emerging_leader,20210917,通信網路業,RANGE,盤整強勢,0.0038914718502092004,0.011259688155720945,0.18323970273081436
H2_emerging_leader,20210923,通信網路業,RANGE,盤整強勢,-0.0017802768486287202,0.04085609715601816,0.1537879364533759
H2_emerging_leader,20210930,通信網路業,RANGE,盤整弱勢,0.000320076549731335,0.08074625072408464,0.1714096482314898
H2_emerging_leader,20211014,通信網路業,RANGE,盤整強勢,0.028666038283782086,0.09071085746815796,0.14301165412108968
H2_emerging_leader,20211021,通信網路業,RANGE,盤整強勢,0.03961511813293697,0.09397851161735307,0.10371844493262276
H2_emerging_leader,20211027,通信網路業,RANGE,盤整強勢,0.016227442978652,0.04692653327408065,0.041124615530069575
H2_emerging_leader,20220321,通信網路業,RANGE,盤整弱勢,0.017722407431329516,-0.005999850279551661,0.04372746314833918
H2_emerging_leader,20220329,通信網路業,RANGE,盤整強勢,-0.002999404312843806,-0.011870304332999189,0.02485947030595652
H2_emerging_leader,20220421,通信網路業,RANGE,盤整強勢,0.011551360839409393,0.02683960219572456,0.07832214745890938
H2_emerging_leader,20220426,通信網路業,RANGE,盤整強勢,0.010929911140854702,0.015313433595981928,0.08182259792777626
H2_emerging_leader,20220429,通信網路業,BEAR,空頭抗跌,-0.00247258726339104,0.016641312931783267,0.08409694385310887
H2_emerging_leader,20220513,通信網路業,BEAR,空頭弱勢,0.008599376226653938,0.042621988961092025,0.14580906826407028
H2_emerging_leader,20220523,通信網路業,RANGE,盤整強勢,0.004856514862623382,0.02654403248969418,0.12552451439931683
H2_emerging_leader,20220531,通信網路業,RANGE,盤整強勢,0.005759598670371735,0.006833084714943538,0.11663721510556191
H2_emerging_leader,20220714,通信網路業,RANGE,盤整強勢,-0.00014171431720290742,0.06104177490736186,0.033184479110140594
H2_emerging_leader,20221102,通信網路業,RANGE,盤整強勢,0.0024058872067722233,0.03426841179991566,-0.004037439662937681
H2_emerging_leader,20221117,通信網路業,RANGE,盤整強勢,-0.008818182303160279,0.0004371044734953547,-0.015398617810200022
H2_emerging_leader,20221121,通信網路業,RANGE,盤整強勢,0.019429769641666327,-0.005191426319236858,-0.006044689233432293
H2_emerging_leader,20221123,通信網路業,RANGE,盤整強勢,0.02528926775617591,-0.01290060356009763,0.00014194436920569875
H2_emerging_leader,20221128,通信網路業,RANGE,盤整強勢,0.003292050259694892,-0.03236669563761433,-0.013188712257488966
H2_emerging_leader,20221214,通信網路業,RANGE,盤整弱勢,-0.023205425120835923,-0.03339012384560038,0.023123183895725874
H2_emerging_leader,20230104,通信網路業,RANGE,盤整弱勢,-0.0024771305029556287,0.0038856118144877175,0.09286704532730974
H2_emerging_leader,20230109,通信網路業,RANGE,盤整強勢,-0.013053497176351377,0.006660467877073063,0.05036098362558211
H2_emerging_leader,20230216,通信網路業,RANGE,盤整強勢,-0.008463598047986593,0.010699852582745646,0.03202186635692236
H2_emerging_leader,20230220,通信網路業,RANGE,盤整強勢,0.00244533344466937,0.03046399671704783,0.02119136111554036
H2_emerging_leader,20230302,通信網路業,RANGE,盤整強勢,0.004694884077153875,0.04494182259310678,0.053482390017589795
H2_emerging_leader,20230601,通信網路業,RANGE,盤整強勢,-0.01405705885125461,0.023652636974305957,0.06061455027218626
H2_emerging_leader,20230629,通信網路業,RANGE,盤整強勢,0.038880276833879714,0.0697172853869355,0.07880803796889185
H2_emerging_leader,20230703,通信網路業,RANGE,盤整強勢,0.011349429329541541,0.030255883687067504,0.03884307083552551
H2_emerging_leader,20231122,通信網路業,RANGE,盤整強勢,-0.003101282670605651,-0.010903302471296412,0.05074568035658698
H2_emerging_leader,20240111,通信網路業,RANGE,盤整強勢,0.013104358414993507,0.042950212623841716,-0.021818391029208593
H2_emerging_leader,20240115,通信網路業,RANGE,盤整強勢,0.00912759600016616,0.04625700372366001,-0.0447431909359291
H2_emerging_leader,20240119,通信網路業,RANGE,盤整強勢,-0.003962541384487359,0.03357925970749014,-0.04468027873708172
H2_emerging_leader,20240123,通信網路業,RANGE,盤整強勢,0.0010104625778297508,0.04263949048083063,-0.045951572702115556
H2_emerging_leader,20240429,通信網路業,RANGE,盤整弱勢,0.009149505955695521,0.05952978518217898,0.05225963577027078
H2_emerging_leader,20240507,通信網路業,RANGE,盤整強勢,0.00422658853282874,0.04335025080160995,0.029698687762296838
H2_emerging_leader,20240513,通信網路業,RANGE,盤整強勢,0.009591264175404297,0.05384395047792491,0.02910686533162514
H2_emerging_leader,20240517,通信網路業,RANGE,盤整強勢,0.044048459869983805,0.06440987086805232,0.0280109223384091
H2_emerging_leader,20240521,通信網路業,RANGE,盤整強勢,0.029958716470883787,0.04987592331706546,0.033296487616418284
H2_emerging_leader,20240524,通信網路業,RANGE,盤整強勢,-0.0004794676565517426,0.01659598095845551,0.006948472380569549
H2_emerging_leader,20240617,通信網路業,RANGE,盤整強勢,-0.00204847114160462,0.017736903640578332,0.03236959437758552
H2_emerging_leader,20240620,通信網路業,RANGE,盤整強勢,-0.009115988769802045,0.002985612858765911,0.02589769754725314
H2_emerging_leader,20240819,通信網路業,RANGE,盤整強勢,0.0034930197843045293,0.04698724787533314,0.09309415302005233
H2_emerging_leader,20240828,通信網路業,RANGE,盤整強勢,0.004169209083267962,0.027787285416827397,0.08462228570819036
H2_emerging_leader,20240912,通信網路業,RANGE,盤整強勢,0.010410513437779614,0.05495260378228159,0.07562260043057126
H2_emerging_leader,20240919,通信網路業,RANGE,盤整強勢,-0.003501272910810732,0.05910491822559062,0.07562136572620681
H2_emerging_leader,20250418,通信網路業,BEAR,空頭抗跌,0.038876476459587105,0.008740306553895794,0.03199388671206973
H2_emerging_leader,20250425,通信網路業,RANGE,盤整強勢,-0.035825808784502616,-0.028337040312789413,-0.010395875940054571
H2_emerging_leader,20250512,通信網路業,RANGE,盤整強勢,-0.011146624071961375,0.012027878031736002,0.030387326757272123
H2_emerging_leader,20250529,通信網路業,RANGE,盤整強勢,0.010176519336725628,0.015397870171447958,0.05631683608376765
H2_emerging_leader,20250604,通信網路業,BEAR,空頭抗跌,0.01279452909963635,0.0089966209128957,0.062019024599333554
H2_emerging_leader,20250609,通信網路業,BEAR,空頭抗跌,0.004888550300803341,-0.00516282679490216,0.055202938626905805
H2_emerging_leader,20250616,通信網路業,RANGE,盤整強勢,0.008289737942211243,-0.001392017928948188,0.05134928372770766
H2_emerging_leader,20250724,通信網路業,RANGE,盤整弱勢,0.016595464724680806,0.02322721333848273,0.02664613261526249
H2_emerging_leader,20250728,通信網路業,RANGE,盤整強勢,0.017290738015145496,0.042566649010667,0.018702280888220152
H2_emerging_leader,20250801,通信網路業,RANGE,盤整強勢,-0.005543566632161614,0.029758375327898268,0.02101904818152661
H2_emerging_leader,20250827,通信網路業,RANGE,盤整強勢,0.0008735208075702234,-0.008575764944637233,-0.016422246551666027
H2_emerging_leader,20251021,通信網路業,RANGE,盤整強勢,0.023457192212717855,-0.014869448657903593,0.08373951467871989
H2_emerging_leader,20251030,通信網路業,RANGE,盤整強勢,-0.022812734144983825,0.0017503043857232865,0.09305514748007854
H2_emerging_leader,20251125,通信網路業,RANGE,盤整強勢,0.016122790740098758,0.08539035220629007,0.17616469252577485
H2_emerging_leader,20251203,通信網路業,RANGE,盤整強勢,0.021313775919076922,0.05507297590399616,0.1495791911218988
H2_emerging_leader,20251208,通信網路業,RANGE,盤整強勢,0.03330748063746749,0.03483353337342795,0.14999064963903716
H2_emerging_leader,20251212,通信網路業,RANGE,盤整強勢,0.013430219221812159,0.030051745196302746,0.12446123440320815
H2_emerging_leader,20251217,通信網路業,RANGE,盤整強勢,0.033351199760630876,0.02542326491156053,0.137209229797809
H2_emerging_leader,20260727,通信網路業,RANGE,盤整強勢,0.018397782939515547,0.01321224379967445,
H2_emerging_leader,20260804,通信網路業,RANGE,盤整強勢,-0.010158632378652634,0.00996647997346704,
H2_emerging_leader,20260825,通信網路業,RANGE,盤整強勢,0.020330141269863194,0.02299738995751347,
H2_emerging_leader,20260904,通信網路業,RANGE,盤整強勢,-0.005538000979616535,0.03418725464574323,
H2_emerging_leader,20260916,通信網路業,RANGE,盤整強勢,0.004462079526305078,,
H2_emerging_leader,20211124,造紙工業,RANGE,盤整強勢,-0.02499894037838184,-0.054457758897309916,-0.08885860738119102
H2_emerging_leader,20220722,造紙工業,BEAR,空頭抗跌,-0.0065871504457024966,0.011191952731167909,0.0030181455057785578
H2_emerging_leader,20220819,造紙工業,RANGE,盤整弱勢,-0.019848426257610997,-0.029337455154270328,0.005142229718038793
H2_emerging_leader,20220922,造紙工業,RANGE,盤整強勢,-0.0005070638751392201,0.013054676991743785,-0.04139456934348235
H2_emerging_leader,20221014,造紙工業,RANGE,盤整強勢,-0.0019992390672622243,0.013313367088534117,-0.04302997965616559
H2_emerging_leader,20240422,造紙工業,RANGE,盤整強勢,-0.001319427856288663,-0.04100415630137626,-0.12143036337285706
H2_emerging_leader,20241101,造紙工業,RANGE,盤整強勢,-0.013424401210936514,-0.03065765052604503,-0.08122960170535111
H2_emerging_leader,20250116,造紙工業,BEAR,空頭抗跌,-0.013829742286223877,-0.03813718865183456,-0.04008284686725129
H2_emerging_leader,20250314,造紙工業,RANGE,盤整強勢,-0.01374903707503599,-0.005321035497470594,-0.04334747726411427
H2_emerging_leader,20250410,造紙工業,BEAR,空頭抗跌,-0.028053994599053764,-0.023361087955609164,-0.04876682702741597
H2_emerging_leader,20250505,造紙工業,RANGE,盤整強勢,-0.012627494978390958,-0.026859915027709153,-0.018658697058771247
H2_emerging_leader,20260109,造紙工業,RANGE,盤整強勢,-0.009583689731974477,-0.007779746381861215,-0.05041531294397732
H2_emerging_leader,20260324,造紙工業,RANGE,盤整強勢,0.09280409477106642,-0.010446079662760236,0.0032952551320797052
H2_emerging_leader,20210730,運動休閒,RANGE,盤整強勢,0.030883297276535052,-0.005256711247778427,0.0011882753731623646
H2_emerging_leader,20210830,運動休閒,RANGE,盤整強勢,-0.010948848740036057,-0.007507805436222396,-0.017622987392052192
H2_emerging_leader,20210914,運動休閒,RANGE,盤整強勢,0.0033525751321629486,0.005972233660190743,-0.009553667806155353
H2_emerging_leader,20210927,運動休閒,RANGE,盤整弱勢,-0.001368080707060293,0.014160429741146566,-0.020386199032984234
H2_emerging_leader,20210930,運動休閒,RANGE,盤整強勢,0.004955089237279847,0.015326459589987629,-0.03079729512605882
H2_emerging_leader,20211004,運動休閒,RANGE,盤整弱勢,0.0005798293782631227,0.008785177405411439,-0.02920608557022729
H2_emerging_leader,20211025,運動休閒,RANGE,盤整強勢,-0.0016826133463579834,-0.018041570563432974,-0.046386893886362704
H2_emerging_leader,20211028,運動休閒,RANGE,盤整強勢,-0.005176250965451032,-0.021162125403324378,-0.044426898466505625
H2_emerging_leader,20211101,運動休閒,RANGE,盤整強勢,-0.0038643935945467285,-0.023723290488887862,-0.038453607303444506
H2_emerging_leader,20220120,運動休閒,RANGE,盤整弱勢,0.0016739566392839286,-0.003696568659006888,-0.014329264047016921
H2_emerging_leader,20220221,運動休閒,RANGE,盤整弱勢,-0.007100787806032745,-0.021154054357633803,0.03002486491371616
H2_emerging_leader,20220401,運動休閒,RANGE,盤整強勢,0.013328884783858061,0.04683717941825472,0.10653681190890368
H2_emerging_leader,20220407,運動休閒,RANGE,盤整強勢,-0.0037281146171189846,0.020834738902363384,0.11154149296227933
H2_emerging_leader,20220413,運動休閒,RANGE,盤整強勢,0.0017320321197375572,0.051642588083197924,0.11295727216387481
H2_emerging_leader,20220419,運動休閒,RANGE,盤整弱勢,0.01891265839610362,0.08110137072965458,0.12438062556899063
H2_emerging_leader,20220426,運動休閒,BEAR,空頭抗跌,0.021728276591311574,0.04314198735754539,0.12082691742502873
H2_emerging_leader,20220428,運動休閒,BEAR,空頭弱勢,0.007439632545843462,0.055029206346285074,0.11820959055550441
H2_emerging_leader,20220510,運動休閒,BEAR,空頭抗跌,0.029930992532026773,0.039137518094038704,0.07257038259207221
H2_emerging_leader,20220513,運動休閒,BEAR,空頭抗跌,0.006377369801182281,0.0337795477897994,0.08390046613935057
H2_emerging_leader,20220520,運動休閒,RANGE,盤整強勢,0.008484474895185643,0.03576799102495064,0.08532006146326133
H2_emerging_leader,20220812,運動休閒,RANGE,盤整強勢,0.01639260262021108,0.08861619767551024,0.07112766511420264
H2_emerging_leader,20230322,運動休閒,RANGE,盤整弱勢,-0.009142145984341602,-0.05722166138136972,-0.0812706002334873
H2_emerging_leader,20230601,運動休閒,RANGE,盤整強勢,-0.00957667042627994,0.005047817471663701,-0.012595189570018428
H2_emerging_leader,20230630,運動休閒,RANGE,盤整強勢,0.022056813769066347,0.0017384675089267866,-0.026665987009702456
H2_emerging_leader,20230823,運動休閒,RANGE,盤整強勢,0.0006866031546839593,0.003452962712381727,-0.028791521859288093
H2_emerging_leader,20230829,運動休閒,RANGE,盤整強勢,0.0006625880244795074,-0.023995135159683087,-0.03581622095261016
H2_emerging_leader,20230901,運動休閒,RANGE,盤整強勢,0.009962446840244003,-0.013365791814457706,-0.028265222053739672
H2_emerging_leader,20230907,運動休閒,RANGE,盤整強勢,-0.0008382054016953799,-0.016363113181311693,-0.050735668800131015
H2_emerging_leader,20230919,運動休閒,RANGE,盤整強勢,-0.024258115946258495,-0.027969223607566564,-0.05548723251187966
H2_emerging_leader,20231005,運動休閒,BEAR,空頭抗跌,-0.017707981604781386,-0.02819795454155298,-0.06027045564537967
H2_emerging_leader,20231012,運動休閒,BEAR,空頭弱勢,-0.00041017872459323673,-0.024869282115222685,-0.03041326205595203
H2_emerging_leader,20231103,運動休閒,RANGE,盤整強勢,-0.014614297512473173,0.0010806090451268915,-0.04161063479521563
H2_emerging_leader,20231117,運動休閒,RANGE,盤整強勢,-0.002935945856116301,-0.021579308897132173,-0.047384824822041094
H2_emerging_leader,20231122,運動休閒,RANGE,盤整強勢,0.001172013767240368,-0.027029219637736485,-0.057207006642528445
H2_emerging_leader,20231128,運動休閒,RANGE,盤整強勢,-0.013807831378973977,-0.03225854475798548,-0.06753174284073257
H2_emerging_leader,20231201,運動休閒,RANGE,盤整強勢,-0.024542972236578833,-0.034093528460507574,-0.036043780375614815
H2_emerging_leader,20240129,運動休閒,RANGE,盤整強勢,-0.0064783147632338665,0.006673321678780042,-0.030160578314719716
H2_emerging_leader,20240229,運動休閒,RANGE,盤整弱勢,0.014937104427073659,-0.0008781993052316521,-0.03649597642371996
H2_emerging_leader,20240311,運動休閒,RANGE,盤整強勢,0.006226271353668558,-0.009529229590568015,-0.04923800328970136
H2_emerging_leader,20240318,運動休閒,RANGE,盤整強勢,-0.009490909342283227,-0.038727475590293776,-0.061236318856509764
H2_emerging_leader,20240718,運動休閒,RANGE,盤整強勢,0.021219001003469302,0.026269056453338737,0.034620993643236835
H2_emerging_leader,20240723,運動休閒,RANGE,盤整強勢,0.024186811401146643,0.002723767152462723,0.013691705184386208
H2_emerging_leader,20240806,運動休閒,RANGE,盤整弱勢,-0.010897073456219937,0.019878596426205097,0.022718087185291995
H2_emerging_leader,20240820,運動休閒,RANGE,盤整強勢,0.004098508125120892,0.02849835076333967,0.020049893386031886
H2_emerging_leader,20240830,運動休閒,RANGE,盤整強勢,0.027756286207063843,0.011961654781919885,0.004004920529651797
H2_emerging_leader,20240905,運動休閒,RANGE,盤整強勢,-0.018729330783401065,-0.025402894273686326,-0.022760559134818073
H2_emerging_leader,20240911,運動休閒,RANGE,盤整強勢,-0.0010424326265817234,-0.025000306503887487,0.0071118871668438164
H2_emerging_leader,20241203,運動休閒,RANGE,盤整弱勢,0.0015516282093835185,0.00964563913934046,-0.004621436094179379
H2_emerging_leader,20241206,運動休閒,RANGE,盤整強勢,0.01990063025193311,0.015150542468972489,-0.012461819030837373
H2_emerging_leader,20241210,運動休閒,RANGE,盤整強勢,0.012827175600981258,0.01522789404206807,-0.0050877701099672585
H2_emerging_leader,20241217,運動休閒,RANGE,盤整強勢,-0.016664346282743152,0.019886934809988453,-0.02597863378072444
H2_emerging_leader,20250102,運動休閒,BEAR,空頭抗跌,0.01259752685429946,0.006731429956030304,-0.060293178953176416
H2_emerging_leader,20250106,運動休閒,RANGE,盤整強勢,0.015126001766507899,-0.014716988448398527,-0.06237353836600219
H2_emerging_leader,20250108,運動休閒,RANGE,盤整強勢,0.01734025827150449,-0.013537289304502834,-0.06471311235126823
H2_emerging_leader,20250110,運動休閒,BEAR,空頭抗跌,-0.0009064182319273723,-0.020627492099232952,-0.07726932992032295
H2_emerging_leader,20250224,運動休閒,RANGE,盤整強勢,0.00361268523239484,-0.03544264744167673,-0.10098560676234615
H2_emerging_leader,20250320,運動休閒,RANGE,盤整強勢,-0.010609918116955157,-0.04514903575628415,-0.08852260867086158
H2_emerging_leader,20250401,運動休閒,RANGE,盤整強勢,-0.050398425016352735,-0.08009201902860591,-0.08986464442505232
H2_emerging_leader,20250423,運動休閒,BEAR,空頭弱勢,-0.01672018722010153,-0.04448573307146268,-0.049369085718338326
H2_emerging_leader,20250512,運動休閒,RANGE,盤整強勢,-0.01658318046001034,-0.03364200272892536,-0.03773669043136113
H2_emerging_leader,20250610,運動休閒,BEAR,空頭抗跌,-0.0033468664530148517,0.01621027806881621,-0.05090202051721995
H2_emerging_leader,20250627,運動休閒,RANGE,盤整強勢,0.018558692448593598,0.005559814459502638,-0.03783047800213877
H2_emerging_leader,20250701,運動休閒,RANGE,盤整強勢,0.007158424153143619,-0.0076360978904506625,-0.04815381614449542
H2_emerging_leader,20250709,運動休閒,RANGE,盤整強勢,-0.012456351206966101,-0.02272288510067741,-0.039280111030692816
H2_emerging_leader,20250723,運動休閒,RANGE,盤整強勢,-0.008880582224831943,-0.05365467798929549,-0.03972534655130207
H2_emerging_leader,20250826,運動休閒,RANGE,盤整弱勢,-0.004846961570856283,0.007605695091252953,0.02340542648749922
H2_emerging_leader,20250917,運動休閒,RANGE,盤整強勢,-0.002554587882966873,0.011276005795848346,-0.007071313188300066
H2_emerging_leader,20251002,運動休閒,RANGE,盤整強勢,0.004423181538707606,-0.005256761772542071,-0.0428220428652195
H2_emerging_leader,20251007,運動休閒,RANGE,盤整強勢,-0.002697699003622953,-0.01744258708942783,-0.05287631766870462
H2_emerging_leader,20251015,運動休閒,RANGE,盤整強勢,-0.00548272049066572,-0.012782618731965501,-0.04710623304011687
H2_emerging_leader,20251105,運動休閒,RANGE,盤整強勢,0.001352619777828768,0.012299135006077079,-0.04670271602888318
H2_emerging_leader,20251119,運動休閒,RANGE,盤整強勢,0.021035547959014293,-0.007743179173698808,-0.09187131277850664
H2_emerging_leader,20251121,運動休閒,RANGE,盤整強勢,-0.009706209132698564,-0.042577973969065985,-0.12807075975046012
H2_emerging_leader,20251231,運動休閒,BEAR,空頭抗跌,-0.003204528160040044,-0.021250933409590115,-0.12152984308094925
H2_emerging_leader,20260113,運動休閒,RANGE,盤整強勢,-0.002810281913628195,-0.03786493995266595,-0.14964471156712955
H2_emerging_leader,20260116,運動休閒,RANGE,盤整弱勢,-0.015947808468152313,-0.05627495483824857,-0.13713360060300983
H2_emerging_leader,20260122,運動休閒,RANGE,盤整強勢,-0.013430523935451421,-0.05462669547170546,-0.13162116697613302
H2_emerging_leader,20260204,運動休閒,RANGE,盤整強勢,-0.027476148129823696,-0.06601885236925334,-0.1321754995176656
H2_emerging_leader,20260310,運動休閒,RANGE,盤整強勢,-0.016370637681941906,-0.053271082322178726,-0.10984928101133568
H2_emerging_leader,20260401,運動休閒,RANGE,盤整強勢,-0.03192356782760236,-0.061388631552023516,-0.12269357904643743
H2_emerging_leader,20260416,運動休閒,RANGE,盤整弱勢,-0.020238778026607226,-0.020103727101731382,-0.07695544598019136
H2_emerging_leader,20260429,運動休閒,BEAR,空頭弱勢,-0.020557186219057177,-0.056259740607032316,0.007277383353378098
H2_emerging_leader,20260512,運動休閒,RANGE,盤整弱勢,-0.008048206732638674,0.0016172504817590395,-0.0007270436757794117
H2_emerging_leader,20260515,運動休閒,RANGE,盤整強勢,-0.047037677920495485,-0.030641164671298293,0.002019967705773007
H2_emerging_leader,20260602,運動休閒,RANGE,盤整弱勢,0.042450553118217466,-0.02502879203660595,0.018320094628296528
H2_emerging_leader,20260609,運動休閒,RANGE,盤整強勢,-0.03363541415872019,-0.04914858505511484,-0.02507372635162007
H2_emerging_leader,20260611,運動休閒,RANGE,盤整強勢,-0.044707121826898705,-0.03534193435396731,-0.01949014980464992
H2_emerging_leader,20260629,運動休閒,RANGE,盤整弱勢,-0.0008338571496445575,0.08989187161503027,0.004211002837352512
H2_emerging_leader,20260709,運動休閒,RANGE,盤整強勢,0.037204841916592825,0.051685765408655555,-0.01935648390595052
H2_emerging_leader,20260714,運動休閒,RANGE,盤整強勢,0.028102757809335497,0.05700255821843421,
H2_emerging_leader,20260720,運動休閒,RANGE,盤整強勢,0.02989318359862079,-0.004361374473203485,
H2_emerging_leader,20260724,運動休閒,RANGE,盤整強勢,0.004975144217532743,-0.009192152949424923,
H2_emerging_leader,20260731,運動休閒,RANGE,盤整強勢,-0.0010466290772951845,-0.03156987154630656,
H2_emerging_leader,20260811,運動休閒,RANGE,盤整強勢,-0.015805872113195053,-0.03341389362168722,
H2_emerging_leader,20210817,金融保險,RANGE,盤整強勢,-0.0034078877944639634,0.006205479711509806,-0.00814404804572652
H2_emerging_leader,20210830,金融保險,RANGE,盤整強勢,0.0055858667588802174,-0.01892909057288114,-0.005572956326958246
H2_emerging_leader,20211108,金融保險,RANGE,盤整強勢,0.009342733658601068,0.01416963541402435,0.05655201973731769
H2_emerging_leader,20211112,金融保險,RANGE,盤整強勢,0.008557516771741387,-0.002701287219766868,0.03951432453631124
H2_emerging_leader,20211117,金融保險,RANGE,盤整強勢,-0.011355058443369852,-0.030037946256317963,0.01315494839117785
H2_emerging_leader,20211207,金融保險,RANGE,盤整強勢,-0.01017742658720101,0.0011848898922992013,0.032890063152575366
H2_emerging_leader,20211228,金融保險,RANGE,盤整強勢,0.005745991096720846,0.05366200381812305,0.0822023986917637
H2_emerging_leader,20220107,金融保險,RANGE,盤整強勢,0.03689829491869512,0.025255170645061095,0.024782745958150557
H2_emerging_leader,20220118,金融保險,RANGE,盤整強勢,0.0024712872605030453,-0.027367232325424835,0.006257135530594919
H2_emerging_leader,20220408,金融保險,RANGE,盤整強勢,-0.042579879296371845,-0.05244378378804727,-0.05186253224334304
H2_emerging_leader,20220426,金融保險,RANGE,盤整強勢,-0.020806470430671437,-0.05652778126912304,-0.07662198703332522
H2_emerging_leader,20220428,金融保險,RANGE,盤整強勢,-0.02815927600344325,-0.04410135988227191,-0.06653625282616425
H2_emerging_leader,20220530,金融保險,RANGE,盤整強勢,-0.006915880614979298,0.007219484075674479,-0.04603373340091367
H2_emerging_leader,20220704,金融保險,BEAR,空頭抗跌,-0.029628543120530284,-0.04892924471721207,-0.04566926602310877
H2_emerging_leader,20220726,金融保險,BEAR,空頭抗跌,0.002021099578792377,-0.018709929775524194,-0.0066160049183095065
H2_emerging_leader,20220805,金融保險,RANGE,盤整強勢,0.0006848241520805605,-0.015263063574594254,-0.015896810304331224
H2_emerging_leader,20220906,金融保險,RANGE,盤整強勢,-0.011757676369084886,-0.013751594271825478,-0.022755699778644126
H2_emerging_leader,20220908,金融保險,RANGE,盤整強勢,-0.010556928641778422,-0.0063995645361592385,-0.024012995340162217
H2_emerging_leader,20220923,金融保險,RANGE,盤整弱勢,-0.011290820212004185,0.009146398600652902,-0.0217218035258693
H2_emerging_leader,20220927,金融保險,RANGE,盤整弱勢,-0.0256707971317408,-0.0018659560608232095,-0.03871759096231829
H2_emerging_leader,20220929,金融保險,RANGE,盤整強勢,-0.013200759407462223,0.00970415125959117,-0.03308176253971247
H2_emerging_leader,20221012,金融保險,RANGE,盤整強勢,-0.01153687541549279,-0.019081141333457535,-0.05549424345034003
H2_emerging_leader,20221014,金融保險,RANGE,盤整強勢,0.0055523961672317565,0.008260234541366457,-0.026910800685457786
H2_emerging_leader,20221018,金融保險,RANGE,盤整強勢,0.030140482779074863,0.009281724865381896,-0.01937548416145815
H2_emerging_leader,20221021,金融保險,RANGE,盤整強勢,0.005837148819953165,-0.017789195436136718,-0.029381528407277854
H2_emerging_leader,20221111,金融保險,RANGE,盤整強勢,-0.018993610056973614,-0.029993176965961287,-0.06341123991686794
H2_emerging_leader,20221124,金融保險,RANGE,盤整強勢,-0.01568084314247436,-0.02632919468005785,-0.09137473231957438
H2_emerging_leader,20221129,金融保險,RANGE,盤整強勢,-0.007432415123914669,-0.023273845901851956,-0.08246867554993055
H2_emerging_leader,20230109,金融保險,RANGE,盤整強勢,0.0037016144840885928,-0.027179503668026593,-0.07312279808083216
H2_emerging_leader,20230116,金融保險,RANGE,盤整強勢,-0.014538464406035435,-0.04810444711700862,-0.08408368515418141
H2_emerging_leader,20230130,金融保險,RANGE,盤整弱勢,-0.007811660649865767,-0.04422433358330749,-0.07222848804271105
H2_emerging_leader,20230214,金融保險,RANGE,盤整強勢,-0.016948251174621388,-0.056471758271649616,-0.036097802369387935
H2_emerging_leader,20230329,金融保險,RANGE,盤整弱勢,0.0014646008800306056,-0.0011717903708314895,0.003480710316888541
H2_emerging_leader,20230414,金融保險,RANGE,盤整強勢,0.006276459450131437,0.02779285834913786,0.028945105938369898
H2_emerging_leader,20231101,金融保險,BEAR,空頭弱勢,-0.001986950519068373,-0.018224797241645663,-0.03004507638439502
H2_emerging_leader,20231208,金融保險,RANGE,盤整強勢,-0.0005632892245898066,0.0013120850841032462,0.04038458861768306
H2_emerging_leader,20231214,金融保險,RANGE,盤整強勢,-0.01222328176699624,-0.012424490913613459,0.029040889373378113
H2_emerging_leader,20231227,金融保險,RANGE,盤整強勢,-0.008354050250436415,-0.009931515646376232,0.02301606883933474
H2_emerging_leader,20240229,金融保險,RANGE,盤整弱勢,0.036374344957284005,0.06387075503422783,0.07666040549564043
H2_emerging_leader,20240306,金融保險,RANGE,盤整強勢,0.04553074468444412,0.037553773565469614,0.047999712557428686
H2_emerging_leader,20240311,金融保險,RANGE,盤整強勢,0.012973335497766872,0.02231294992718835,0.04047531643680584
H2_emerging_leader,20240807,金融保險,RANGE,盤整弱勢,-0.009836894444635542,-0.017439636601010614,-0.03169497985653197
H2_emerging_leader,20240826,金融保險,RANGE,盤整強勢,-0.008629007012655157,-0.0038075314992820223,0.008031788756558654
H2_emerging_leader,20240905,金融保險,RANGE,盤整強勢,-0.01022539877714319,-0.0145751204234403,0.019939654510247526
H2_emerging_leader,20240910,金融保險,RANGE,盤整強勢,-0.012705915148937846,0.003490497350822505,0.02086399031484536
H2_emerging_leader,20240924,金融保險,RANGE,盤整弱勢,-0.008354350023551161,-0.004579603629673731,0.04182800818719172
H2_emerging_leader,20241011,金融保險,RANGE,盤整強勢,-0.00029093373876114964,0.007243380342135878,0.053616908146211256
H2_emerging_leader,20241017,金融保險,RANGE,盤整強勢,-0.019491364398998373,0.009952571932344653,0.05166657693415831
H2_emerging_leader,20241030,金融保險,RANGE,盤整強勢,0.005866862338302313,0.026593227465828487,0.06086955322758472
H2_emerging_leader,20241115,金融保險,RANGE,盤整強勢,-0.01226459207353818,0.029188610179743515,0.006532727534112482
H2_emerging_leader,20241202,金融保險,RANGE,盤整強勢,-0.0006540505829034193,0.0074893697317344465,0.010732195220280771
H2_emerging_leader,20250401,金融保險,RANGE,盤整強勢,0.04646427579643518,0.0024944351335597914,0.01972264495748239
H2_emerging_leader,20250414,金融保險,RANGE,盤整強勢,0.009997928525250104,-0.034850347302110285,0.00889901809793248
H2_emerging_leader,20250606,金融保險,RANGE,盤整強勢,0.0014797152153025461,0.011437359926741327,-0.013534031220251635
H2_emerging_leader,20250707,金融保險,RANGE,盤整強勢,0.0031499410269748857,-0.024337185153979566,0.005719670714552844
H2_emerging_leader,20250710,金融保險,RANGE,盤整強勢,-0.007962008081456414,-0.02017630779690019,0.002890407319160848
H2_emerging_leader,20250716,金融保險,RANGE,盤整強勢,-0.01106117313166377,-0.012994161975021148,0.02381674564811289
H2_emerging_leader,20250808,金融保險,RANGE,盤整強勢,-0.017215125554642215,-0.01692311702327764,0.05112180638896935
H2_emerging_leader,20250902,金融保險,RANGE,盤整強勢,0.008085487418444977,0.03238622265442417,0.07415488014673896
H2_emerging_leader,20250904,金融保險,RANGE,盤整強勢,0.022315136081382234,0.032474653882212746,0.07418116096050272
H2_emerging_leader,20260129,金融保險,RANGE,盤整強勢,0.013113852860701672,0.028326505752731098,0.05903623983194892
H2_emerging_leader,20260203,金融保險,RANGE,盤整強勢,0.027530664074244336,0.01859506153585148,0.04113267517556514
H2_emerging_leader,20260209,金融保險,RANGE,盤整強勢,0.019338510334944915,-0.010093677339865662,0.023562675387749043
H2_emerging_leader,20260407,金融保險,RANGE,盤整強勢,-0.013417450944334074,0.009538973185608906,0.07583097690891179
H2_emerging_leader,20260428,金融保險,RANGE,盤整強勢,0.014543536503081666,0.03179567029972697,0.1339656863016147
H2_emerging_leader,20260508,金融保險,RANGE,盤整強勢,-0.01378359207769594,0.048013721404672305,0.1025279715655184
H2_emerging_leader,20260903,金融保險,RANGE,盤整強勢,0.02418633416360495,-0.002263636568086062,
H2_emerging_leader,20211021,鋼鐵工業,RANGE,盤整弱勢,-0.002635526124432604,-0.020883515933256068,-0.030766832847228545
H2_emerging_leader,20211103,鋼鐵工業,RANGE,盤整強勢,0.027148697406761516,0.005128857609845232,-4.153117514199556e-06
H2_emerging_leader,20211108,鋼鐵工業,RANGE,盤整強勢,-0.019430661935135637,-0.00992851492159045,-0.02400454628926621
H2_emerging_leader,20211111,鋼鐵工業,RANGE,盤整強勢,-0.03943143957349583,-0.02483144604498904,-0.03761793149381265
H2_emerging_leader,20211124,鋼鐵工業,RANGE,盤整強勢,-0.013595412773319927,-0.006581136374516239,0.035251662916779156
H2_emerging_leader,20211207,鋼鐵工業,RANGE,盤整強勢,-0.005864095247824062,-0.026726832071034157,0.08006824720193884
H2_emerging_leader,20211213,鋼鐵工業,RANGE,盤整強勢,0.02120197234389232,-0.038253657690150836,0.096661577441205
H2_emerging_leader,20211217,鋼鐵工業,RANGE,盤整強勢,-0.0339245715653359,-0.05594625661800163,0.07005372173321686
H2_emerging_leader,20220117,鋼鐵工業,RANGE,盤整弱勢,0.002911454715751105,0.040180631926712486,0.0659878775335747
H2_emerging_leader,20220126,鋼鐵工業,RANGE,盤整弱勢,-4.5124489279620844e-05,0.07208854394711724,0.007162680844228027
H2_emerging_leader,20220221,鋼鐵工業,RANGE,盤整強勢,0.03598256705084734,0.07968131904870039,-0.0234773524362558
H2_emerging_leader,20220223,鋼鐵工業,RANGE,盤整強勢,0.04683931512692058,0.09006806060625114,-0.021246132015567472
H2_emerging_leader,20220225,鋼鐵工業,RANGE,盤整強勢,0.025281466583308425,0.027074872431289646,-0.052140126519688884
H2_emerging_leader,20220708,鋼鐵工業,BEAR,空頭弱勢,-0.006473982337869176,0.008028106655648999,0.0058203028147786225
H2_emerging_leader,20220719,鋼鐵工業,RANGE,盤整強勢,-0.014945528855994846,0.024836343429553376,0.008724179873989157
H2_emerging_leader,20220801,鋼鐵工業,RANGE,盤整強勢,-0.009030985066886984,-0.0181352424108154,0.007678783709006834
H2_emerging_leader,20220804,鋼鐵工業,RANGE,盤整強勢,0.013879704832714643,-0.020409113569282218,0.010991038955152257
H2_emerging_leader,20220812,鋼鐵工業,RANGE,盤整強勢,-0.01661019185895402,-0.021098837390824826,-0.01289654711303713
H2_emerging_leader,20220817,鋼鐵工業,RANGE,盤整強勢,-0.010283689655336499,-0.022070695473699626,-0.0002146846384806153
H2_emerging_leader,20220908,鋼鐵工業,RANGE,盤整強勢,-0.0046196806744780924,0.00018965265308630574,-0.005477747942028158
H2_emerging_leader,20221006,鋼鐵工業,RANGE,盤整強勢,0.005809626043880856,0.011488247755655046,0.045412607319367686
H2_emerging_leader,20221021,鋼鐵工業,BEAR,空頭抗跌,-0.012176809691100753,-0.006696661943815629,0.02048233455155253
H2_emerging_leader,20221026,鋼鐵工業,BEAR,空頭抗跌,-0.010341349610856029,-0.013310211359605778,0.03753976442167076
H2_emerging_leader,20221111,鋼鐵工業,RANGE,盤整弱勢,0.002587322552825037,-0.02075391405822704,0.016646959768085043
H2_emerging_leader,20221213,鋼鐵工業,RANGE,盤整強勢,0.043227203136240455,0.029311115825201354,-0.01773906924451596
H2_emerging_leader,20221215,鋼鐵工業,RANGE,盤整強勢,0.030622792649529166,0.015115038529209016,-0.03623592290033038
H2_emerging_leader,20230725,鋼鐵工業,RANGE,盤整強勢,0.01462524379946466,0.014382965075116182,0.006846990028422366
H2_emerging_leader,20230801,鋼鐵工業,RANGE,盤整弱勢,0.0023740308168951237,-0.004794275239317258,0.004065235850075961
H2_emerging_leader,20230824,鋼鐵工業,BEAR,空頭抗跌,-0.002343863177832667,0.025016681689850894,-0.011198069492171732
H2_emerging_leader,20230828,鋼鐵工業,BEAR,空頭弱勢,0.006617754643291809,0.01993748749473085,-0.004191474477411042
H2_emerging_leader,20230905,鋼鐵工業,RANGE,盤整強勢,0.007622537256828259,-0.001245696131621954,-0.014831697015368558
H2_emerging_leader,20230907,鋼鐵工業,RANGE,盤整弱勢,0.01471514518594036,-0.0075293713444057,-0.01699193709812928
H2_emerging_leader,20230912,鋼鐵工業,RANGE,盤整強勢,0.02128416195565799,-0.010209262871088979,-0.02467304997043262
H2_emerging_leader,20231215,鋼鐵工業,RANGE,盤整強勢,0.0096295428371133,-0.027565322667101683,-0.05424978259453677
H2_emerging_leader,20240126,鋼鐵工業,RANGE,盤整強勢,-0.007513522439782359,-0.023017018075731442,-0.03122796701130888
H2_emerging_leader,20240403,鋼鐵工業,RANGE,盤整強勢,0.004738730712697118,-0.015918635898492607,-0.08132914656565626
H2_emerging_leader,20240418,鋼鐵工業,RANGE,盤整強勢,-0.023738981094095495,-0.01898025446292207,-0.12422557831664675
H2_emerging_leader,20240718,鋼鐵工業,RANGE,盤整弱勢,0.00872986019852829,0.004846194216777091,0.03195751972311094
H2_emerging_leader,20240723,鋼鐵工業,RANGE,盤整強勢,0.0014192142095087422,-0.0004851619789875989,0.011687075168034558
H2_emerging_leader,20240730,鋼鐵工業,RANGE,盤整強勢,0.011095628168680309,0.005522209923215537,0.014812593564415614
H2_emerging_leader,20240806,鋼鐵工業,RANGE,盤整強勢,0.0019027720733046857,-0.01619056808579661,0.005652409368147697
H2_emerging_leader,20240826,鋼鐵工業,RANGE,盤整強勢,-0.010941173894601622,0.007880455679977652,-0.0027893040037821684
H2_emerging_leader,20240912,鋼鐵工業,RANGE,盤整弱勢,0.017228604534139838,0.031245863216528422,-0.003000513388877267
H2_emerging_leader,20240916,鋼鐵工業,RANGE,盤整強勢,-0.0007352072707522139,0.009246311276845139,-0.02108667434034727
H2_emerging_leader,20241210,鋼鐵工業,RANGE,盤整弱勢,0.004536177649677866,-0.017056518539291986,0.07700102500061749
H2_emerging_leader,20241212,鋼鐵工業,RANGE,盤整強勢,-0.003950685114659673,-0.0199757077446472,0.0656771883132396
H2_emerging_leader,20250114,鋼鐵工業,BEAR,空頭弱勢,0.004650680684161516,0.042267850472149274,0.03448486543473213
H2_emerging_leader,20250210,鋼鐵工業,RANGE,盤整強勢,0.029376773915690962,0.06531750971983628,0.0005786004440880357
H2_emerging_leader,20250213,鋼鐵工業,RANGE,盤整強勢,-0.015027226629843793,0.019083842209766704,-0.04038524750425683
H2_emerging_leader,20250520,鋼鐵工業,RANGE,盤整弱勢,-0.0043056544834434145,-0.025366444997467374,-0.05910165721642009
H2_emerging_leader,20250603,鋼鐵工業,BEAR,空頭弱勢,-0.01640930897261001,-0.025080142535686852,-0.06597087223306589
H2_emerging_leader,20250627,鋼鐵工業,BEAR,空頭弱勢,-0.0038183238342313595,-0.012090299830969948,-0.06368982946892363
H2_emerging_leader,20250722,鋼鐵工業,RANGE,盤整強勢,0.003006232992395255,-0.008448989221086504,-0.04909540661547576
H2_emerging_leader,20250818,鋼鐵工業,RANGE,盤整弱勢,-0.024163042893702663,-0.03920360568602952,-0.06167532289116388
H2_emerging_leader,20250821,鋼鐵工業,RANGE,盤整強勢,-0.022485974957618685,-0.03835908103201607,-0.052448075249797325
H2_emerging_leader,20250925,鋼鐵工業,RANGE,盤整強勢,-0.010472596808509194,-0.030325291663943377,-0.044666243598900875
H2_emerging_leader,20250930,鋼鐵工業,RANGE,盤整強勢,-0.004466245893682343,-0.033157703147797896,-0.027510370448043817
H2_emerging_leader,20251014,鋼鐵工業,BEAR,空頭抗跌,-0.016358779370965516,-0.031496860980266994,-0.006548216307526212
H2_emerging_leader,20251124,鋼鐵工業,BEAR,空頭抗跌,0.005091234497564153,-0.02133289422622482,0.008211366541835186
H2_emerging_leader,20251126,鋼鐵工業,RANGE,盤整強勢,0.0005811433197812337,-0.019006149925945303,0.01215871538824026
H2_emerging_leader,20251201,鋼鐵工業,RANGE,盤整強勢,-0.01777089742137985,-0.004037923744754798,0.017811775590784167
H2_emerging_leader,20251229,鋼鐵工業,RANGE,盤整強勢,0.03526890506829812,0.01896166319763455,0.021704341203970582
H2_emerging_leader,20260107,鋼鐵工業,RANGE,盤整強勢,0.006144683743285088,0.008569082054528606,-0.031985681860225386
H2_emerging_leader,20260112,鋼鐵工業,RANGE,盤整強勢,-0.0029250696306117006,0.010999722070110862,-0.04684614988483949
H2_emerging_leader,20260115,鋼鐵工業,RANGE,盤整強勢,-0.016050469910611175,-0.011889493245390674,-0.06044952016588908
H2_emerging_leader,20260129,鋼鐵工業,RANGE,盤整強勢,-0.0257297516243543,-0.033770908028726176,-0.0869138156663635
H2_emerging_leader,20260204,鋼鐵工業,RANGE,盤整強勢,-0.007888959983363707,-0.030112048979035223,-0.06556148160297726
H2_emerging_leader,20260310,鋼鐵工業,RANGE,盤整強勢,-0.01715040790322408,-0.006922446616271756,-0.06383154637831173
H2_emerging_leader,20260429,鋼鐵工業,RANGE,盤整強勢,-0.007884162539476724,-0.009489143386007926,0.011321923069583318
H2_emerging_leader,20260514,鋼鐵工業,RANGE,盤整弱勢,-0.015546097901558868,-0.008977902758099711,0.02915402225173877
H2_emerging_leader,20260519,鋼鐵工業,RANGE,盤整弱勢,0.0017210731759007246,-0.021665098857629753,0.012878306735731124
H2_emerging_leader,20260525,鋼鐵工業,RANGE,盤整強勢,-0.023617747629794208,-0.02482251070566016,0.01802999907843892
H2_emerging_leader,20260529,鋼鐵工業,RANGE,盤整強勢,0.0025989938858577344,-0.01877232346583003,0.03270353389141885
H2_emerging_leader,20260715,鋼鐵工業,RANGE,盤整強勢,0.01603537095741884,0.03991179036923148,
H2_emerging_leader,20260720,鋼鐵工業,RANGE,盤整弱勢,0.025775421795930488,0.030814183955183448,
H2_emerging_leader,20260722,鋼鐵工業,RANGE,盤整弱勢,0.03319799223461804,0.030585184693144175,
H2_emerging_leader,20260820,鋼鐵工業,RANGE,盤整強勢,-0.005910336831978143,-0.012955921991706835,
H2_emerging_leader,20210729,電器電纜,RANGE,盤整強勢,0.0015995044739902783,-0.010669732865603354,-0.04362334500207196
H2_emerging_leader,20210802,電器電纜,RANGE,盤整弱勢,-0.014096534429773419,-0.01853623455798179,-0.04909208807816386
H2_emerging_leader,20210823,電器電纜,RANGE,盤整強勢,0.009340683060085536,-0.033824087279524954,-0.005838372844606227
H2_emerging_leader,20210826,電器電纜,RANGE,盤整強勢,-0.0037996623149159046,-0.03515343645111617,-0.014089049827694503
H2_emerging_leader,20210913,電器電纜,RANGE,盤整強勢,-0.02908340925939859,-0.01311421332930321,0.014585772565069814
H2_emerging_leader,20210930,電器電纜,BEAR,空頭抗跌,-0.02014910179860561,0.01973128715293898,0.03911270830682263
H2_emerging_leader,20211021,電器電纜,RANGE,盤整強勢,0.008194194026168748,0.028044214200478458,0.040273371599010274
H2_emerging_leader,20211101,電器電纜,RANGE,盤整強勢,-0.006297789348677214,-0.012538343836155132,0.013665660800122978
H2_emerging_leader,20211124,電器電纜,RANGE,盤整強勢,0.009772681053005283,0.012084779978299098,0.019884569484426944
H2_emerging_leader,20211130,電器電纜,RANGE,盤整強勢,0.01299641256710981,0.02845960673368582,0.0191049106911919
H2_emerging_leader,20220413,電器電纜,RANGE,盤整強勢,0.013720917932366693,-0.029208892067661932,-0.05392435751834017
H2_emerging_leader,20220527,電器電纜,RANGE,盤整強勢,-0.008158619558659316,0.002329958712799729,-0.05659722970411779
H2_emerging_leader,20220729,電器電纜,RANGE,盤整強勢,-0.015625825781121705,-0.017575838471912776,0.022223265394827038
H2_emerging_leader,20220812,電器電纜,RANGE,盤整強勢,-0.004999272242017076,0.009277004967740447,0.025138701285568152
H2_emerging_leader,20220818,電器電纜,RANGE,盤整強勢,-0.007970979831571533,0.01746648287533343,0.0418608798531577
H2_emerging_leader,20220912,電器電纜,RANGE,盤整強勢,0.012724607093841423,0.0021220272525460243,-0.007224984507722805
H2_emerging_leader,20221003,電器電纜,RANGE,盤整強勢,-0.00958137132279412,0.0016462773837618641,-0.0168726805099432
H2_emerging_leader,20221024,電器電纜,RANGE,盤整強勢,-0.002806102691069765,-0.0244484601312054,-0.013057269202782579
H2_emerging_leader,20221214,電器電纜,RANGE,盤整強勢,0.001930212369556237,0.008871801263869864,-0.0011882351331288232
H2_emerging_leader,20230926,電器電纜,RANGE,盤整強勢,0.00979582286296501,-0.017366661348291713,-0.008034261328626127
H2_emerging_leader,20231002,電器電纜,RANGE,盤整強勢,-0.0036346920650320203,-0.03590665987180702,-0.004427090646266299
H2_emerging_leader,20231005,電器電纜,RANGE,盤整強勢,-0.008692332026098992,-0.029913378083408368,0.0056036260377534675
H2_emerging_leader,20240102,電器電纜,RANGE,盤整強勢,-0.021099812008002893,-0.01990938821737239,0.09745668218450096
H2_emerging_leader,20240118,電器電纜,RANGE,盤整強勢,-0.005365932153634038,-0.01500462766318552,0.2407239864243213
H2_emerging_leader,20240229,電器電纜,RANGE,盤整強勢,-0.013847370758922813,0.08603202446743523,0.16744824133516886
H2_emerging_leader,20240311,電器電纜,RANGE,盤整弱勢,0.022975277142878683,0.09927208314071989,0.1883005996449873
H2_emerging_leader,20240314,電器電纜,RANGE,盤整強勢,0.02723151121802959,0.1536090381719912,0.15131628152744742
H2_emerging_leader,20240318,電器電纜,RANGE,盤整強勢,0.0882733049272654,0.2881653703201733,0.1915533523219532
H2_emerging_leader,20240322,電器電纜,RANGE,盤整強勢,0.0038028236507981084,0.1513354988242945,0.12160953860574299
H2_emerging_leader,20240807,電器電纜,RANGE,盤整強勢,0.018997938505003524,-0.028426523255854878,-0.07963110002424972
H2_emerging_leader,20240809,電器電纜,RANGE,盤整強勢,-0.008251293272407697,-0.050302057945307566,-0.09937589802081111
H2_emerging_leader,20240923,電器電纜,RANGE,盤整弱勢,0.008176167473909734,-0.034829080281418734,-0.05245824187477671
H2_emerging_leader,20240925,電器電纜,RANGE,盤整強勢,-0.004361129036295482,-0.04379250818832057,-0.06043630233228848
H2_emerging_leader,20240927,電器電纜,RANGE,盤整強勢,-0.014485403400441434,-0.04908212383522094,-0.05650521427801457
H2_emerging_leader,20241001,電器電纜,RANGE,盤整強勢,-0.012207556323940738,-0.04939955793686501,-0.05503819709910979
H2_emerging_leader,20241115,電器電纜,RANGE,盤整強勢,0.001482056162556658,-0.0309637109615276,-0.01203652194831296
H2_emerging_leader,20241119,電器電纜,RANGE,盤整強勢,-0.001517070045120224,-0.028799549071389714,-0.022857493244757283
H2_emerging_leader,20241230,電器電纜,BEAR,空頭抗跌,-0.008751478722805687,-0.028928334716410244,-0.008703864570138387
H2_emerging_leader,20250122,電器電纜,BEAR,空頭抗跌,-0.0005057369609979337,0.03242691618805016,0.02626693978452658
H2_emerging_leader,20250214,電器電纜,RANGE,盤整強勢,0.020535815615887645,0.031435304923749414,0.02966027731813148
H2_emerging_leader,20250219,電器電纜,RANGE,盤整強勢,-0.012059937393050476,0.004853263883553123,-0.004477641642142094
H2_emerging_leader,20250305,電器電纜,RANGE,盤整強勢,0.009828558058846894,0.00458860714834175,-0.004870788411330984
H2_emerging_leader,20250314,電器電纜,RANGE,盤整強勢,0.0140440982218561,-0.011349556063925903,0.014314089892395118
H2_emerging_leader,20250415,電器電纜,RANGE,盤整強勢,0.008250014109314177,0.011910026911614927,0.0354633401652365
H2_emerging_leader,20250423,電器電纜,RANGE,盤整強勢,-0.0007030099451604127,0.011217438621878031,0.03480572091466404
H2_emerging_leader,20250606,電器電纜,RANGE,盤整強勢,0.03633617484843987,0.017319633318395474,0.008296151897904575
H2_emerging_leader,20250612,電器電纜,RANGE,盤整強勢,0.02657294487031601,0.0059877216353437755,-0.006141486185499902
H2_emerging_leader,20250617,電器電纜,RANGE,盤整強勢,-0.010624898773881649,-0.0338262629333006,-0.04248285990904191
H2_emerging_leader,20250804,電器電纜,RANGE,盤整強勢,0.005089374904056676,-0.010963708705067006,0.02631360239383178
H2_emerging_leader,20250925,電器電纜,RANGE,盤整強勢,0.019749288498634453,0.023363562342785915,-0.0043772652224652415
H2_emerging_leader,20251226,電器電纜,RANGE,盤整強勢,-0.0025973744152395306,0.007675966212501592,-0.12200186406533835
H2_emerging_leader,20260223,電器電纜,RANGE,盤整弱勢,-0.022861872953808315,-0.07011938877149593,-0.09663293983523599
H2_emerging_leader,20260408,電器電纜,RANGE,盤整強勢,0.00033394293460262126,0.013282632019042135,0.11926352159879354
H2_emerging_leader,20260414,電器電纜,RANGE,盤整弱勢,0.009085113938051052,-0.003327449288158424,0.08993702814445169
H2_emerging_leader,20260429,電器電纜,RANGE,盤整強勢,0.0060341178083021425,0.03568099963503679,0.03621479580803429
H2_emerging_leader,20260504,電器電纜,RANGE,盤整強勢,-0.0016252187912002038,0.03629572093652637,0.032270283517835764
H2_emerging_leader,20260507,電器電纜,RANGE,盤整弱勢,-0.025794219770198662,0.03408167745384161,0.047137878811606373
H2_emerging_leader,20260511,電器電纜,RANGE,盤整弱勢,-0.01939259510842902,0.034362418010982915,0.0519356773632013
H2_emerging_leader,20260521,電器電纜,BEAR,空頭弱勢,0.044447594024818834,0.050643343271699885,0.054813525741116545
H2_emerging_leader,20260527,電器電纜,RANGE,盤整強勢,0.06078905142540768,0.03093412295403571,0.03824635983801392
H2_emerging_leader,20260529,電器電纜,RANGE,盤整強勢,-0.016158336882162484,0.036567788752673955,0.011383813908220585
H2_emerging_leader,20260603,電器電纜,RANGE,盤整強勢,-0.057824548031930066,0.0026074595071092915,-0.02334071467068119
H2_emerging_leader,20260615,電器電纜,RANGE,盤整強勢,0.016625318876971946,0.0286359725091623,0.020698988379874102
H2_emerging_leader,20260630,電器電纜,RANGE,盤整強勢,0.008787081027818533,-0.04479928156246607,-0.038022219529075
H2_emerging_leader,20260703,電器電纜,RANGE,盤整強勢,-0.031891858653944234,-0.043039887849675246,-0.036926390099445754
H2_emerging_leader,20260825,電器電纜,RANGE,盤整強勢,-0.0003541737183233748,-0.0068872851653412805,
H2_emerging_leader,20260930,電器電纜,RANGE,盤整強勢,-0.003674162641610834,,
H2_emerging_leader,20261007,電器電纜,RANGE,盤整弱勢,,,
H2_emerging_leader,20210818,電子通路業,RANGE,盤整強勢,-0.005388173214750658,0.026523498574215258,0.06078205415354279
H2_emerging_leader,20220503,電子通路業,RANGE,盤整強勢,0.021431762771988785,0.04669222601131298,0.018936006470248415
H2_emerging_leader,20220510,電子通路業,RANGE,盤整強勢,0.013762982160280905,0.010541736181480521,0.008669891707505255
H2_emerging_leader,20220713,電子通路業,RANGE,盤整強勢,-0.005576928592693986,0.013243469406609178,0.0029176028265626803
H2_emerging_leader,20220728,電子通路業,RANGE,盤整弱勢,0.009768891356437864,-0.008047941702936927,0.00376189457379264
H2_emerging_leader,20220801,電子通路業,RANGE,盤整強勢,-0.0009199687992559845,-0.009681622044656467,-0.006225537207135409
H2_emerging_leader,20220803,電子通路業,RANGE,盤整強勢,0.0031023419193302836,-0.011597831660985582,-0.005955322491307563
H2_emerging_leader,20220810,電子通路業,RANGE,盤整強勢,-0.0110074168410033,-0.011789632050630171,0.006365378986648726
H2_emerging_leader,20220920,電子通路業,RANGE,盤整強勢,0.0035866801639253126,0.01514800771649033,-0.021147951419485972
H2_emerging_leader,20221102,電子通路業,RANGE,盤整弱勢,-0.007341007329869458,0.0007974053428212169,-0.05231289729408206
H2_emerging_leader,20230202,電子通路業,RANGE,盤整弱勢,-0.003019226189057641,-0.009536113283202585,-0.03236066608586423
H2_emerging_leader,20230303,電子通路業,RANGE,盤整弱勢,0.0011302605313673192,0.00575808038530192,-0.036793265662029034
H2_emerging_leader,20230317,電子通路業,RANGE,盤整強勢,-0.007403091093733057,-0.018851489887474815,-0.04817243220643151
H2_emerging_leader,20230529,電子通路業,RANGE,盤整弱勢,-0.008865122186798906,-0.024530212837016535,-0.025998728406596696
H2_emerging_leader,20230531,電子通路業,RANGE,盤整弱勢,-0.00830648581037248,-0.024659161176324725,-0.025207026900915995
H2_emerging_leader,20230717,電子通路業,RANGE,盤整弱勢,-0.004551267032661644,0.003175161546402544,0.030769093657910772
H2_emerging_leader,20230720,電子通路業,RANGE,盤整強勢,-0.01264739532063203,-0.0011431856089404654,0.03536060044221311
H2_emerging_leader,20230811,電子通路業,RANGE,盤整強勢,0.009104486462421157,0.012252408012564858,0.07102829664123984
H2_emerging_leader,20230815,電子通路業,RANGE,盤整強勢,0.002834986641568638,0.0007740194186354639,0.060310178274418036
H2_emerging_leader,20230905,電子通路業,RANGE,盤整強勢,-0.0031468844470760103,0.01471255320041509,0.03127085559767863
H2_emerging_leader,20230912,電子通路業,RANGE,盤整強勢,0.013937905495146863,0.02744030958332005,0.05466190146288797
H2_emerging_leader,20230918,電子通路業,RANGE,盤整強勢,0.004113738315987625,0.03609226060001654,0.04379680168508455
H2_emerging_leader,20230920,電子通路業,RANGE,盤整強勢,0.0005470413771652433,0.028908222103714958,0.026514309571003564
H2_emerging_leader,20230922,電子通路業,RANGE,盤整強勢,0.0035583327389386334,0.034253039410153494,0.02438458488683516
H2_emerging_leader,20231024,電子通路業,RANGE,盤整強勢,0.006742224961274697,-0.007266359158909323,0.05108002603661671
H2_emerging_leader,20231212,電子通路業,RANGE,盤整強勢,-0.02702155126893798,0.01141842467672719,0.09443133433758423
H2_emerging_leader,20240814,電子通路業,RANGE,盤整強勢,-0.00036377394066235656,0.0075695522062153905,0.027408894592695462
H2_emerging_leader,20240829,電子通路業,RANGE,盤整強勢,-0.008843871370002199,-0.02365605305397525,0.0036740149332005756
H2_emerging_leader,20240912,電子通路業,RANGE,盤整強勢,-0.006602174893664922,0.0048867540287786705,-0.0003069247488313928
H2_emerging_leader,20241011,電子通路業,RANGE,盤整強勢,0.006445401418136716,0.027583784561050574,-0.010510220981779311
H2_emerging_leader,20241016,電子通路業,RANGE,盤整強勢,0.010107395096188946,0.007315297348501379,-0.024916394913001516
H2_emerging_leader,20241022,電子通路業,RANGE,盤整強勢,-0.01340703440130362,-0.010427466417913075,-0.043440095799873304
H2_emerging_leader,20241209,電子通路業,RANGE,盤整強勢,0.0062051663134894686,-0.005537478099801978,0.028657621069680634
H2_emerging_leader,20241217,電子通路業,RANGE,盤整強勢,0.012132094337724227,-0.02299872330364653,0.020306819597594245
H2_emerging_leader,20241225,電子通路業,RANGE,盤整強勢,-0.010070767278037091,-0.027797733137982613,0.006350843842016236
H2_emerging_leader,20250122,電子通路業,RANGE,盤整強勢,0.012223416515565515,-0.004459259698835538,0.06628715897272144
H2_emerging_leader,20250311,電子通路業,RANGE,盤整強勢,0.0351476966277454,-0.0073154982844067795,0.028171176876168977
H2_emerging_leader,20250314,電子通路業,RANGE,盤整強勢,-0.0081624927053821,-0.0070805891773547125,0.004928466502906556
H2_emerging_leader,20250320,電子通路業,RANGE,盤整強勢,-0.011255377351939426,-0.014032715587128042,0.004853597172096005
H2_emerging_leader,20250415,電子通路業,RANGE,盤整強勢,-0.001657829326938662,0.022596085577610517,0.007337928293544238
H2_emerging_leader,20250418,電子通路業,RANGE,盤整強勢,0.03856472254058171,0.013270340436459582,0.022383860821882727
H2_emerging_leader,20250425,電子通路業,RANGE,盤整強勢,-0.02092339516336286,-0.020068534822346412,-0.024556990143410434
H2_emerging_leader,20250716,電子通路業,RANGE,盤整強勢,-0.013396192664966278,-0.028858374762351893,-0.012805746375839288
H2_emerging_leader,20250721,電子通路業,RANGE,盤整強勢,-0.007633103715098644,-0.027706763196761325,0.006919485348544509
H2_emerging_leader,20250801,電子通路業,RANGE,盤整強勢,-0.009475690864534272,-0.007510515949612273,0.014428215707334047
H2_emerging_leader,20250827,電子通路業,RANGE,盤整強勢,-0.013976692665238903,0.005494655748830078,0.0377392525199065
H2_emerging_leader,20251016,電子通路業,RANGE,盤整強勢,0.00875455684243811,0.03676543798263572,0.10348514834658724
H2_emerging_leader,20251208,電子通路業,RANGE,盤整強勢,-0.0039817914745962964,0.04913689770617543,0.12716950324009643
H2_emerging_leader,20260223,電子通路業,RANGE,盤整強勢,-0.023820311455491183,0.04696890982594126,0.20674971813029555
H2_emerging_leader,20260310,電子通路業,RANGE,盤整強勢,0.05828937977666827,0.036912771313739906,0.1839082703366381
H2_emerging_leader,20260313,電子通路業,RANGE,盤整強勢,0.008687929344611194,0.019286809492539223,0.1534629936134655
H2_emerging_leader,20260804,電子通路業,RANGE,盤整強勢,0.007720950538840286,-0.03477314293074181,
H2_emerging_leader,20260916,電子通路業,RANGE,盤整強勢,0.004899902015153017,,
H2_emerging_leader,20260923,電子通路業,RANGE,盤整強勢,-0.010523276965887007,,
H2_emerging_leader,20210903,電子零組件業,RANGE,盤整強勢,-0.008161470232548665,-0.03078809658027376,0.03659224759970331
H2_emerging_leader,20210924,電子零組件業,RANGE,盤整強勢,-0.02561769940148146,0.0004131624663742256,0.04471439261994003
H2_emerging_leader,20211019,電子零組件業,RANGE,盤整強勢,0.02332123442004768,0.04914500175598788,0.06563944464155791
H2_emerging_leader,20211101,電子零組件業,RANGE,盤整強勢,0.0014064162341592516,0.03412000639893344,0.02872325425590337
H2_emerging_leader,20211103,電子零組件業,RANGE,盤整強勢,-0.009763278614727585,0.018597088355470096,0.032006683577859324
H2_emerging_leader,20211115,電子零組件業,RANGE,盤整強勢,0.004724353119399521,0.013399284281213541,0.027374518770355967
H2_emerging_leader,20211117,電子零組件業,RANGE,盤整強勢,0.007116434099826613,0.019215671432927225,0.01584196856964463
H2_emerging_leader,20211223,電子零組件業,RANGE,盤整強勢,0.010786651832178218,-0.019732332001352,-0.04810603801680765
H2_emerging_leader,20220322,電子零組件業,RANGE,盤整強勢,0.003660251923918145,-0.05875886382735816,-0.03833931869968763
H2_emerging_leader,20220330,電子零組件業,RANGE,盤整強勢,-0.03066056840221458,-0.057314642380301206,-0.04195573269119289
H2_emerging_leader,20220504,電子零組件業,BEAR,空頭抗跌,0.003938575648528883,0.02728422205857885,0.0182287969137091
H2_emerging_leader,20220510,電子零組件業,BEAR,空頭抗跌,0.013234367817899188,0.02893189688525183,0.013051320494473488
H2_emerging_leader,20220513,電子零組件業,BEAR,空頭抗跌,0.010840969949913765,0.024165401165299295,0.011068496972518806
H2_emerging_leader,20220525,電子零組件業,RANGE,盤整弱勢,0.01172327225374916,-0.01318635165710589,0.019923202870632345
H2_emerging_leader,20220531,電子零組件業,RANGE,盤整強勢,0.0044428468602514815,-0.02971799850992135,0.003755004098624285
H2_emerging_leader,20220708,電子零組件業,BEAR,空頭抗跌,0.015020056115991155,0.03175724379017174,0.025806970075244785
H2_emerging_leader,20220713,電子零組件業,BEAR,空頭抗跌,0.024500176425622855,0.031177089501914924,0.021402875525280595
H2_emerging_leader,20220727,電子零組件業,RANGE,盤整強勢,0.0014263220244012838,0.01493929660033843,-0.01242356766309613
H2_emerging_leader,20220809,電子零組件業,RANGE,盤整強勢,0.0028693747781712575,-0.0017744097237804733,0.007368223491770305
H2_emerging_leader,20220818,電子零組件業,RANGE,盤整強勢,-0.003123893952431022,-0.013793014586292389,-0.0075079324791364754
H2_emerging_leader,20220830,電子零組件業,RANGE,盤整強勢,-0.009853288041103796,-0.02596015741657294,-0.014040870882086477
H2_emerging_leader,20221006,電子零組件業,RANGE,盤整強勢,-0.01311295999838863,0.014094332386548336,-0.021275327710023502
H2_emerging_leader,20221024,電子零組件業,RANGE,盤整弱勢,0.012303828749959469,0.025090937712535663,-0.004454427506432851
H2_emerging_leader,20221031,電子零組件業,BEAR,空頭抗跌,0.017980341191548142,0.010234919760562927,-0.0034329606977168137
H2_emerging_leader,20221117,電子零組件業,RANGE,盤整弱勢,-0.009920738279113713,-0.020270274600316794,-0.027283537195479934
H2_emerging_leader,20221130,電子零組件業,RANGE,盤整強勢,-0.006346921365431831,-0.03256520646947853,-0.014412496032514724
H2_emerging_leader,20230109,電子零組件業,RANGE,盤整強勢,-0.010098410587685321,0.012463810917646569,0.022888937394485664
H2_emerging_leader,20230131,電子零組件業,RANGE,盤整強勢,0.0014596072108110248,-0.006620787356739627,0.004322595431622542
H2_emerging_leader,20230216,電子零組件業,RANGE,盤整強勢,-0.00939885667797637,0.005594577580931077,0.0033931503427822862
H2_emerging_leader,20230220,電子零組件業,RANGE,盤整強勢,-0.009397583611060337,0.011123100927000446,0.002083065120832825
H2_emerging_leader,20230308,電子零組件業,RANGE,盤整弱勢,0.0025422528432818836,0.024320546951364562,0.010368842567706177
H2_emerging_leader,20231201,電子零組件業,RANGE,盤整強勢,0.0006568359346340917,-0.012614097681086414,0.03353878416069625
H2_emerging_leader,20240115,電子零組件業,RANGE,盤整強勢,0.010676024187309563,0.05319380481805355,-0.017386137611987762
H2_emerging_leader,20240119,電子零組件業,RANGE,盤整強勢,-0.0006793732368549493,0.04231044331515415,-0.0207641519673121
H2_emerging_leader,20240321,電子零組件業,RANGE,盤整強勢,-0.006782641721808911,-0.05292873331254851,-0.0051012815838654135
H2_emerging_leader,20240506,電子零組件業,RANGE,盤整弱勢,0.00478242443696343,0.03158788935764338,0.00840668208802206
H2_emerging_leader,20240508,電子零組件業,RANGE,盤整強勢,-0.005116671177436319,0.01721858913447477,-0.024283865042790904
H2_emerging_leader,20240514,電子零組件業,RANGE,盤整弱勢,0.01762098287638112,0.03141660572392059,0.0051675191229680634
H2_emerging_leader,20240522,電子零組件業,RANGE,盤整強勢,0.006994719049429698,0.014065749038350887,0.0020392091298129383
H2_emerging_leader,20240524,電子零組件業,RANGE,盤整強勢,-0.0008875325146139607,-0.0024572973019900517,-0.01035157260312487
H2_emerging_leader,20240705,電子零組件業,RANGE,盤整強勢,-0.005480455853815536,-0.04355176171927139,-0.014215306033471257
H2_emerging_leader,20240814,電子零組件業,RANGE,盤整強勢,0.009545810114384804,0.0277576346871529,0.018607810337639582
H2_emerging_leader,20240911,電子零組件業,RANGE,盤整弱勢,0.005924315142791615,-0.0020770442213663143,-0.0018835961182740839
H2_emerging_leader,20240919,電子零組件業,RANGE,盤整強勢,-0.008621471510088657,0.00980602108627994,-0.009371169851736909
H2_emerging_leader,20240925,電子零組件業,RANGE,盤整強勢,-0.017090142580815423,-0.0027699586558015184,-0.0021160988883142176
H2_emerging_leader,20241014,電子零組件業,RANGE,盤整強勢,0.01612301555966863,-0.007155596728989362,-7.030089689483154e-06
H2_emerging_leader,20241021,電子零組件業,RANGE,盤整強勢,-0.010288672765759801,-0.030218932209079348,-0.030965914027311817
H2_emerging_leader,20241025,電子零組件業,RANGE,盤整強勢,-0.02176609151633232,-0.017485769879720288,-0.024349726712849018
H2_emerging_leader,20241122,電子零組件業,RANGE,盤整強勢,-0.0026266965798512863,0.0018830225753868265,-0.006536170587094554
H2_emerging_leader,20241204,電子零組件業,RANGE,盤整強勢,-0.018250512828543907,-0.019716734035862812,-0.036050446342714454
H2_emerging_leader,20241220,電子零組件業,BEAR,空頭弱勢,0.002593047404555022,-0.01635538157515938,-0.03601910401087043
H2_emerging_leader,20250122,電子零組件業,BEAR,空頭抗跌,0.02392974440419842,0.012319643547555659,-0.05685979640697488
H2_emerging_leader,20250205,電子零組件業,RANGE,盤整強勢,0.006198981607134984,-0.014050166582028439,-0.08641607387428596
H2_emerging_leader,20250213,電子零組件業,RANGE,盤整強勢,0.0017140677766948054,-0.018256173682212624,-0.04998966255088018
H2_emerging_leader,20250317,電子零組件業,RANGE,盤整弱勢,-0.009031455205195304,-0.07284055692945055,-0.03385002657647859
H2_emerging_leader,20250320,電子零組件業,RANGE,盤整弱勢,-0.018724732068046195,-0.08163050514650816,-0.028492135176882413
H2_emerging_leader,20250417,電子零組件業,BEAR,空頭弱勢,0.006418764873472375,0.03673564872010683,0.08966344865050256
H2_emerging_leader,20250425,電子零組件業,BEAR,空頭弱勢,-0.01283575224102598,0.03585629256477671,0.0881393002943039
H2_emerging_leader,20250509,電子零組件業,RANGE,盤整強勢,0.006395490319376666,0.02908127843608969,0.10665904387110389
H2_emerging_leader,20250526,電子零組件業,RANGE,盤整強勢,0.0060930713675383524,0.01718475623756747,0.11932080316088241
H2_emerging_leader,20250529,電子零組件業,RANGE,盤整強勢,0.012228969283315558,0.01936318743661498,0.14323203682445756
H2_emerging_leader,20250604,電子零組件業,RANGE,盤整強勢,0.002639730299123507,0.009065178270452431,0.14404225986419733
H2_emerging_leader,20250610,電子零組件業,RANGE,盤整強勢,-0.002148240106597643,0.010689344946411009,0.1289618781005912
H2_emerging_leader,20260209,電子零組件業,RANGE,盤整強勢,0.050456577730145204,0.0605798897730756,0.2781806322296866
H2_emerging_leader,20260804,電子零組件業,RANGE,盤整強勢,0.029942226767215394,0.04774634539381088,
H2_emerging_leader,20260827,電子零組件業,RANGE,盤整強勢,-0.017362237256581405,-0.004487370114973446,
H2_emerging_leader,20260901,電子零組件業,RANGE,盤整強勢,-0.0036049382107357347,0.03837393346880198,
H2_emerging_leader,20260907,電子零組件業,RANGE,盤整弱勢,-0.012232238809411721,0.06341487790160719,
H2_emerging_leader,20260918,電子零組件業,RANGE,盤整強勢,0.013756060358956016,,
H2_emerging_leader,20260924,電子零組件業,RANGE,盤整強勢,0.04018418889902531,,
H2_emerging_leader,20260930,電子零組件業,RANGE,盤整強勢,0.026509244452197454,,
H2_emerging_leader,20261002,電子零組件業,RANGE,盤整強勢,,,
H2_emerging_leader,20210729,電機機械,RANGE,盤整強勢,0.0003708628254446419,0.0004580940058338534,0.01924303556836718
H2_emerging_leader,20210914,電機機械,RANGE,盤整弱勢,0.010246485185202136,0.01658577337652868,0.008748469096060918
H2_emerging_leader,20210917,電機機械,RANGE,盤整強勢,0.0015818538976326412,0.013060744917654485,0.0004597599997262364
H2_emerging_leader,20210923,電機機械,RANGE,盤整強勢,-0.006177561704283546,0.007079851002005621,-0.011400432065460757
H2_emerging_leader,20220217,電機機械,RANGE,盤整強勢,-0.005960985040849994,-0.01175222561224728,-0.0034873648866315526
H2_emerging_leader,20220316,電機機械,RANGE,盤整強勢,-0.00446970183072351,-0.0277226823750206,0.03441103024683645
H2_emerging_leader,20220408,電機機械,RANGE,盤整強勢,-0.013501375310675287,0.0003945387209046622,0.05615697712587951
H2_emerging_leader,20220510,電機機械,BEAR,空頭抗跌,0.00545982005099163,0.03818832756640872,0.07661571375088289
H2_emerging_leader,20220513,電機機械,BEAR,空頭抗跌,0.011478833614969902,0.03382048044268725,0.07396502198230806
H2_emerging_leader,20220525,電機機械,RANGE,盤整強勢,0.003629395036956272,0.023061741046442784,0.05467387534934756
H2_emerging_leader,20220527,電機機械,RANGE,盤整強勢,0.011326507807681466,0.023789201432815266,0.05979664514492661
H2_emerging_leader,20221128,電機機械,RANGE,盤整強勢,0.004195501851885965,-0.0015330486771838823,0.027818460967135472
H2_emerging_leader,20230130,電機機械,RANGE,盤整強勢,-0.0025694032618473438,0.007502525029230184,0.03995644877911313
H2_emerging_leader,20230216,電機機械,RANGE,盤整強勢,-0.004929695314082067,0.014273478270025237,0.027925918593773552
H2_emerging_leader,20230927,電機機械,RANGE,盤整弱勢,0.004904876816138845,-0.02076323248530732,-0.02149180954687828
H2_emerging_leader,20231005,電機機械,RANGE,盤整強勢,-0.01124102332667255,-0.028085248796125215,-0.024553608315868586
H2_emerging_leader,20231108,電機機械,RANGE,盤整弱勢,0.004593289034573603,0.019643454176811966,0.025385863617481408
H2_emerging_leader,20231110,電機機械,RANGE,盤整強勢,-0.004030111717753276,0.0016542593195555955,0.019602606479730875
H2_emerging_leader,20231128,電機機械,RANGE,盤整強勢,0.01128531736297126,-0.003787772990521108,0.051919645255860264
H2_emerging_leader,20231130,電機機械,RANGE,盤整強勢,0.009773329446526518,-0.0048995909857405835,0.05199176193956683
H2_emerging_leader,20240118,電機機械,RANGE,盤整弱勢,-0.001525141299863057,0.03838170044376158,0.07565377598988314
H2_emerging_leader,20240201,電機機械,RANGE,盤整強勢,0.010154332951108545,0.02531082845153372,0.05244450308796077
H2_emerging_leader,20240215,電機機械,RANGE,盤整強勢,0.012849177544481508,0.027840423031160657,0.041676810739362705
H2_emerging_leader,20240229,電機機械,RANGE,盤整強勢,0.0010205771401158564,0.033359044955748304,0.04779759632480815
H2_emerging_leader,20241129,電機機械,RANGE,盤整強勢,-0.008223983336270842,0.03388487041618967,0.012042750763159712
H2_emerging_leader,20241211,電機機械,RANGE,盤整弱勢,0.01928416167534999,0.014366565807349886,0.006515176121558173
H2_emerging_leader,20241224,電機機械,RANGE,盤整強勢,-0.014194316017349454,-0.04982347173874106,-0.06423738046802518
H2_emerging_leader,20250206,電機機械,RANGE,盤整弱勢,0.008399769485992813,0.002811654016910567,-0.03875535695413514
H2_emerging_leader,20250211,電機機械,RANGE,盤整強勢,0.007037450884508571,-0.002434461510226223,-0.025214934928701055
H2_emerging_leader,20250213,電機機械,RANGE,盤整強勢,0.02356487398852336,-2.730109613230218e-06,-0.014785919987794063
H2_emerging_leader,20250219,電機機械,RANGE,盤整強勢,0.006899769327318254,-0.02066530120849596,-0.0368770582143067
H2_emerging_leader,20250221,電機機械,RANGE,盤整強勢,-0.01556853943650934,-0.03235711594729793,-0.05013207468663816
H2_emerging_leader,20250418,電機機械,BEAR,空頭抗跌,0.012990823850666487,0.049701198208911945,0.03444431413192863
H2_emerging_leader,20250424,電機機械,BEAR,空頭抗跌,0.004486678248854039,0.027765150740700302,0.025108331390767565
H2_emerging_leader,20250428,電機機械,RANGE,盤整強勢,-0.011010325970846845,0.006184030437572756,0.013859872632034394
H2_emerging_leader,20250506,電機機械,RANGE,盤整弱勢,0.034744265849058126,0.022813741817495584,0.02829845745586377
H2_emerging_leader,20250512,電機機械,RANGE,盤整強勢,0.0011402273177483768,-0.0010822882255728736,0.004448953754301484
H2_emerging_leader,20250604,電機機械,RANGE,盤整弱勢,0.01095002522175786,0.004864915808822244,0.02557251253138975
H2_emerging_leader,20250606,電機機械,RANGE,盤整強勢,0.0051204587762321285,-0.010707850954083224,0.015638780634067446
H2_emerging_leader,20250610,電機機械,RANGE,盤整強勢,0.005297539606042845,-0.012287829034581962,0.013493124595155259
H2_emerging_leader,20250617,電機機械,RANGE,盤整強勢,0.0035217199972093754,-0.01476602185873288,0.0009814081817188479
H2_emerging_leader,20250715,電機機械,RANGE,盤整強勢,0.006610603047710335,0.01657283508256259,0.014562945877739136
H2_emerging_leader,20250724,電機機械,RANGE,盤整弱勢,0.006382108078592339,0.008186748206388393,0.0035814894439702913
H2_emerging_leader,20250804,電機機械,RANGE,盤整強勢,-0.000425552595015111,0.005028637552530928,-0.00501448436584102
H2_emerging_leader,20250828,電機機械,RANGE,盤整強勢,-0.016328002233189556,-0.02584559502219035,-0.039273804175350674
H2_emerging_leader,20251031,電機機械,RANGE,盤整強勢,-0.005187527746087087,-0.028504729494180016,0.051285506384638364
H2_emerging_leader,20251106,電機機械,RANGE,盤整強勢,-0.014850163587969693,-0.0014096190503274575,0.037455681987342136
H2_emerging_leader,20251126,電機機械,RANGE,盤整強勢,0.0068162898602787386,0.004973670088366456,0.01875892965373932
H2_emerging_leader,20251204,電機機械,RANGE,盤整強勢,-0.003185241634865992,-0.005259033263397308,-0.0008946087269167714
H2_emerging_leader,20251209,電機機械,RANGE,盤整強勢,-0.004606473598015261,-0.0036886602712968026,0.0009229641554892587
H2_emerging_leader,20251215,電機機械,RANGE,盤整弱勢,0.0002703427713043778,0.015666795435078547,-0.011272228131708369
H2_emerging_leader,20251226,電機機械,RANGE,盤整弱勢,0.0021306662773376206,0.06474529386052678,-0.007343727476022006
H2_emerging_leader,20260102,電機機械,RANGE,盤整弱勢,-0.0007536479335926924,0.04813027007604474,0.0056870556722027135
H2_emerging_leader,20260106,電機機械,RANGE,盤整強勢,0.01978157286256871,0.055403255953480314,0.03146445993575752
H2_emerging_leader,20260114,電機機械,RANGE,盤整強勢,0.047090485700644294,0.032146084968340066,0.011410970924286327
H2_emerging_leader,20260116,電機機械,RANGE,盤整強勢,0.011543787134586082,-0.016970255128576365,-0.026539862710089797
H2_emerging_leader,20260316,電機機械,RANGE,盤整強勢,-0.016860359294151205,0.015686051570242176,0.01409593429077257
H2_emerging_leader,20260409,電機機械,RANGE,盤整強勢,0.02617351411119164,0.05916527132127866,0.015588872971880871
H2_emerging_leader,20260417,電機機械,RANGE,盤整強勢,-0.0019089846333165336,0.03085662530162004,-0.006634617846507748
H2_emerging_leader,20260428,電機機械,RANGE,盤整強勢,0.01969630149694619,0.02754425459852817,-0.02668847748983455
H2_emerging_leader,20260715,電機機械,RANGE,盤整弱勢,-0.01235899313218488,7.980621965480647e-05,
H2_emerging_leader,20260727,電機機械,RANGE,盤整弱勢,0.003201605588947328,-0.0011485947879019687,
H2_emerging_leader,20260805,電機機械,RANGE,盤整強勢,0.0069226591610708176,-0.01772904168591226,
H2_emerging_leader,20260817,電機機械,RANGE,盤整強勢,-0.02036843176741837,-0.028223283021061113,
H2_emerging_leader,20260901,電機機械,RANGE,盤整弱勢,-0.005242947686972114,-0.002433272307328857,
H2_emerging_leader,20260921,電機機械,RANGE,盤整強勢,0.006394953971114245,,
H2_emerging_leader,20260923,電機機械,RANGE,盤整弱勢,0.0025467113767769223,,
H2_emerging_leader,20210902,電腦及週邊設備業,RANGE,盤整強勢,-0.007146081022527055,-0.030969034991648343,0.05822358523503218
H2_emerging_leader,20211015,電腦及週邊設備業,BEAR,空頭弱勢,0.016529317463059544,0.04605053311646961,0.08758305844743157
H2_emerging_leader,20211021,電腦及週邊設備業,RANGE,盤整強勢,0.013303847408439732,0.031630152157474035,0.06723260148367131
H2_emerging_leader,20211101,電腦及週邊設備業,RANGE,盤整強勢,0.01023373697362993,0.029330599649342835,0.03607004023018422
H2_emerging_leader,20211103,電腦及週邊設備業,RANGE,盤整強勢,0.0004292967422588924,0.02562910217008592,0.03981247628511389
H2_emerging_leader,20220328,電腦及週邊設備業,RANGE,盤整弱勢,-0.008885977213759107,-0.029946232775564272,-0.005542973717593151
H2_emerging_leader,20220419,電腦及週邊設備業,RANGE,盤整強勢,-0.00942310783007011,0.007305610353173744,0.026882788864643098
H2_emerging_leader,20220518,電腦及週邊設備業,BEAR,空頭弱勢,-0.006560962015273841,0.004659072718822899,0.07068208167110582
H2_emerging_leader,20220520,電腦及週邊設備業,BEAR,空頭弱勢,0.00020037234094236536,0.007689176045603475,0.07620956285314263
H2_emerging_leader,20220531,電腦及週邊設備業,RANGE,盤整強勢,0.011070297721959832,0.001585563545250801,0.08475709874741866
H2_emerging_leader,20220606,電腦及週邊設備業,RANGE,盤整強勢,0.00783433045425241,-0.006114754156659047,0.0788628988554376
H2_emerging_leader,20220629,電腦及週邊設備業,BEAR,空頭抗跌,0.00416085139979987,0.05149979299906251,0.05688428701497986
H2_emerging_leader,20220708,電腦及週邊設備業,BEAR,空頭抗跌,0.014889121297627806,0.06289781018210659,0.05388785584968757
H2_emerging_leader,20220713,電腦及週邊設備業,BEAR,空頭抗跌,0.02629792486024851,0.05543389321335083,0.04846094731111634
H2_emerging_leader,20220721,電腦及週邊設備業,RANGE,盤整強勢,0.012285954465726424,0.03640671242046059,0.019577532520166335
H2_emerging_leader,20220725,電腦及週邊設備業,RANGE,盤整強勢,0.018908061504535504,0.031390395042323646,0.027765161902756824
H2_emerging_leader,20221031,電腦及週邊設備業,RANGE,盤整強勢,0.01405759599262537,0.016164466354474466,0.015613908351646666
H2_emerging_leader,20221109,電腦及週邊設備業,RANGE,盤整強勢,0.01016858181116427,0.0005829103425317797,0.009374479281185552
H2_emerging_leader,20221111,電腦及週邊設備業,RANGE,盤整強勢,0.00618357198521771,0.0045243638311619275,0.010706370558079978
H2_emerging_leader,20221214,電腦及週邊設備業,RANGE,盤整強勢,-0.01565093884659854,-0.03343448664259898,0.035405790734035825
H2_emerging_leader,20231113,電腦及週邊設備業,RANGE,盤整強勢,0.008779301405175556,0.0006356712145718021,0.06064265403811331
H2_emerging_leader,20231117,電腦及週邊設備業,RANGE,盤整強勢,-0.017713502022027778,-0.0011600458483276913,0.04473465491921458
H2_emerging_leader,20231201,電腦及週邊設備業,RANGE,盤整強勢,0.007948703566874526,0.02309496083020561,0.04706885637849759
H2_emerging_leader,20231226,電腦及週邊設備業,RANGE,盤整強勢,-0.019743304767907827,0.011519409240052694,0.013246789464282711
H2_emerging_leader,20240119,電腦及週邊設備業,RANGE,盤整強勢,-0.015144409547693014,0.004207881351319047,-0.05469855881214139
H2_emerging_leader,20240513,電腦及週邊設備業,RANGE,盤整強勢,0.017032235751345222,0.03992737797540237,-0.01310664985089445
H2_emerging_leader,20240516,電腦及週邊設備業,RANGE,盤整強勢,0.04464024002987347,0.04846143444908314,-0.0004520684366954783
H2_emerging_leader,20240521,電腦及週邊設備業,RANGE,盤整強勢,0.03959790907443329,0.021051969254173394,-0.01668536481834821
H2_emerging_leader,20240524,電腦及週邊設備業,RANGE,盤整強勢,0.012096279707167838,-0.02412717643440863,-0.05086939258893393
H2_emerging_leader,20240603,電腦及週邊設備業,RANGE,盤整強勢,-0.027289434684963282,-0.02116998419083543,-0.04959447208498513
H2_emerging_leader,20240620,電腦及週邊設備業,RANGE,盤整強勢,-0.0007417866605002026,-0.016812950437121228,-0.04498805785406622
H2_emerging_leader,20240812,電腦及週邊設備業,RANGE,盤整強勢,0.01855050802309671,0.0015725562483093498,0.049612473076494974
H2_emerging_leader,20240827,電腦及週邊設備業,RANGE,盤整強勢,-0.01782789886459791,-0.006846163766397292,0.036720149933861385
H2_emerging_leader,20240829,電腦及週邊設備業,RANGE,盤整強勢,-0.014832643018223401,-0.01757599475893204,0.043286067992569455
H2_emerging_leader,20240912,電腦及週邊設備業,RANGE,盤整強勢,0.00866560407793178,0.027047754293661106,0.050009512536250446
H2_emerging_leader,20240919,電腦及週邊設備業,RANGE,盤整強勢,-0.003719193704892071,0.021636104572461692,0.046265181205070845
H2_emerging_leader,20241011,電腦及週邊設備業,RANGE,盤整強勢,0.01235879476229624,0.03016309921112912,0.07361597840611148
H2_emerging_leader,20241021,電腦及週邊設備業,RANGE,盤整強勢,-0.0052768417396404504,0.023407207589138605,0.025373607702893916
H2_emerging_leader,20241106,電腦及週邊設備業,RANGE,盤整強勢,0.010138861471823378,0.03092273715204906,0.047920406402942775
H2_emerging_leader,20241122,電腦及週邊設備業,RANGE,盤整強勢,-0.0022096537911548107,0.0016788030303037313,0.037965050826553985
H2_emerging_leader,20250211,電腦及週邊設備業,RANGE,盤整強勢,0.005167119814061476,-0.01602977655432461,-0.03595372882509559
H2_emerging_leader,20250318,電腦及週邊設備業,RANGE,盤整強勢,0.004514009664598025,-0.04781725197943837,0.008557335935811636
H2_emerging_leader,20250326,電腦及週邊設備業,RANGE,盤整強勢,-0.018185239266035574,-0.03130653437402453,0.020448287128107853
H2_emerging_leader,20250415,電腦及週邊設備業,BEAR,空頭抗跌,-0.002896886993719558,0.0588498427764307,0.08616168301677224
H2_emerging_leader,20250417,電腦及週邊設備業,BEAR,空頭抗跌,0.01189695825983517,0.05147854645157425,0.09038741621063838
H2_emerging_leader,20250425,電腦及週邊設備業,RANGE,盤整強勢,-0.00806049356738572,0.03010379976975927,0.07057945049927435
H2_emerging_leader,20250512,電腦及週邊設備業,RANGE,盤整強勢,0.010200651633544944,0.025105412605893836,0.07030400359197869
H2_emerging_leader,20250516,電腦及週邊設備業,RANGE,盤整強勢,0.003500519331014914,0.017467710622852007,0.05526633227363193
H2_emerging_leader,20250520,電腦及週邊設備業,RANGE,盤整強勢,-0.0078113467306610545,0.01193948017550478,0.045651803612009864
H2_emerging_leader,20250526,電腦及週邊設備業,RANGE,盤整弱勢,0.014791747052070217,0.028104480501137823,0.05339861334838177
H2_emerging_leader,20250603,電腦及週邊設備業,RANGE,盤整弱勢,0.0025292046842569295,0.004067638261960386,0.07688829642115144
H2_emerging_leader,20250610,電腦及週邊設備業,RANGE,盤整弱勢,0.0052732632963272685,0.007303711750381872,0.04310629318407375
H2_emerging_leader,20250618,電腦及週邊設備業,RANGE,盤整強勢,0.004371255154890341,0.019330667912635397,0.06087007010980383
H2_emerging_leader,20250827,電腦及週邊設備業,RANGE,盤整強勢,-0.02628388276181501,-0.007527931002673284,-0.04106539902756257
H2_emerging_leader,20251126,電腦及週邊設備業,RANGE,盤整強勢,-0.0010003907102963134,0.007685303017757928,-0.02253035335001946
H2_emerging_leader,20251208,電腦及週邊設備業,RANGE,盤整強勢,-0.003355753593310395,0.006166287001349658,-0.002621831410511234
H2_emerging_leader,20251212,電腦及週邊設備業,RANGE,盤整弱勢,0.011183368167741639,0.0005428608904649891,-0.005714327982447601
H2_emerging_leader,20251222,電腦及週邊設備業,RANGE,盤整強勢,-0.0008551805416376641,-0.013396067011230743,-0.040040092287202386
H2_emerging_leader,20251224,電腦及週邊設備業,RANGE,盤整強勢,0.0008685170330794481,-0.01710714584212497,-0.035477010617505925
H2_emerging_leader,20251231,電腦及週邊設備業,RANGE,盤整弱勢,-0.011803902665061284,-0.03543458446974718,-0.016101434099717732
H2_emerging_leader,20260106,電腦及週邊設備業,RANGE,盤整強勢,-0.008728843673540484,-0.02576157464423775,-0.007917380104549683
H2_emerging_leader,20260122,電腦及週邊設備業,RANGE,盤整弱勢,-0.017954722906996522,-0.02789050916164166,0.06384382021764422
H2_emerging_leader,20260318,電腦及週邊設備業,RANGE,盤整強勢,-0.018657927183627795,0.014926558786123218,0.11076565023032534
H2_emerging_leader,20260408,電腦及週邊設備業,RANGE,盤整強勢,0.01668827514946089,0.0935468908407139,0.13348078311902783
H2_emerging_leader,20260804,電腦及週邊設備業,RANGE,盤整強勢,0.013434294784353349,-0.006926295900881414,
H2_emerging_leader,20260827,電腦及週邊設備業,RANGE,盤整強勢,0.00603745363765514,1.0174629610190862e-05,
H2_emerging_leader,20260901,電腦及週邊設備業,RANGE,盤整強勢,-0.016518249347840325,-0.008505028989959793,
H2_emerging_leader,20260904,電腦及週邊設備業,RANGE,盤整強勢,-0.015975875981793723,-0.013961851066154447,
H2_emerging_leader,20260917,電腦及週邊設備業,RANGE,盤整強勢,0.008327840325824332,,
H2_emerging_leader,20260924,電腦及週邊設備業,RANGE,盤整強勢,-0.004479816863690589,,
H2_emerging_leader,20261001,電腦及週邊設備業,RANGE,盤整強勢,,,
H2_emerging_leader,20210817,食品工業,RANGE,盤整弱勢,0.0006406236461082033,0.009372630363212172,-0.0031748447910940614
H2_emerging_leader,20210820,食品工業,RANGE,盤整弱勢,-0.006742895211328509,0.012087814165127234,0.005533532082921726
H2_emerging_leader,20210825,食品工業,RANGE,盤整強勢,0.008852269251048522,0.00562005141272438,0.012740159625725014
H2_emerging_leader,20210903,食品工業,RANGE,盤整強勢,-0.003725238078048934,0.018164819945523714,0.0021346017914604665
H2_emerging_leader,20210908,食品工業,RANGE,盤整強勢,0.0038262830055841145,0.02771896158241474,-0.007271847786662317
H2_emerging_leader,20211006,食品工業,RANGE,盤整強勢,0.009067913021501247,-0.01024936801943669,-0.026418325641714938
H2_emerging_leader,20211018,食品工業,RANGE,盤整強勢,-0.003755660241743619,-0.033609213434911564,-0.026144364161498138
H2_emerging_leader,20211118,食品工業,RANGE,盤整強勢,-0.0030340169202376886,-0.009525379346506425,0.012333577704448956
H2_emerging_leader,20220126,食品工業,RANGE,盤整強勢,0.004950624670917673,0.016568466947263504,0.04416129636352631
H2_emerging_leader,20220329,食品工業,RANGE,盤整強勢,-0.00076605169648965,0.07276997445334799,0.056591340445137514
H2_emerging_leader,20220413,食品工業,RANGE,盤整強勢,0.04535855425289665,0.03796869454095912,0.07676462050165107
H2_emerging_leader,20220526,食品工業,RANGE,盤整強勢,-0.02379810834309875,0.002134350775557268,-0.00333651609704895
H2_emerging_leader,20220615,食品工業,RANGE,盤整強勢,0.02126945306233835,0.04481556500788987,0.016416130988148807
H2_emerging_leader,20220726,食品工業,RANGE,盤整強勢,-0.007024696457999854,-0.03945688415660518,0.004596348128113589
H2_emerging_leader,20220729,食品工業,RANGE,盤整強勢,-0.006067480323164287,-0.015745610557582924,0.01868235783524745
H2_emerging_leader,20220825,食品工業,RANGE,盤整強勢,0.006838575639253308,0.02221982607145656,0.007670728432117371
H2_emerging_leader,20220908,食品工業,RANGE,盤整強勢,-0.0001960766146549761,0.01886996167081552,-0.015262544535101567
H2_emerging_leader,20220923,食品工業,RANGE,盤整強勢,0.0012545340754191309,0.019099806888020696,-0.008449982726536544
H2_emerging_leader,20220927,食品工業,RANGE,盤整強勢,-0.013763455254876537,0.012989723888152532,-0.026048065487641145
H2_emerging_leader,20220929,食品工業,RANGE,盤整強勢,-0.010455451181217698,0.010027351423234458,-0.024623314323285087
H2_emerging_leader,20221012,食品工業,RANGE,盤整強勢,-0.010120712328029283,-0.021486666676995086,-0.04560233396408141
H2_emerging_leader,20221014,食品工業,RANGE,盤整強勢,0.0057723277567596895,-0.014630563256758072,-0.02456943675808429
H2_emerging_leader,20221018,食品工業,RANGE,盤整弱勢,0.011990627926156218,-0.02235850749890736,-0.023205393713427974
H2_emerging_leader,20221021,食品工業,RANGE,盤整強勢,0.00017889648152040862,-0.03254841848131723,-0.025929738754672235
H2_emerging_leader,20221026,食品工業,RANGE,盤整強勢,-0.013894942982763333,-0.03738706924786131,-0.04802946517065462
H2_emerging_leader,20221209,食品工業,RANGE,盤整弱勢,0.005059742578182239,0.011101563719570695,0.0011369882090916383
H2_emerging_leader,20221213,食品工業,RANGE,盤整強勢,0.011754183921792564,0.015320857876190145,-0.006461935809673913
H2_emerging_leader,20221230,食品工業,RANGE,盤整強勢,-0.0013158841736108772,-0.009751277109500335,-0.030169053482982655
H2_emerging_leader,20230116,食品工業,RANGE,盤整強勢,-0.00913610256777573,-0.023468277489138323,-0.03505591574782552
H2_emerging_leader,20230216,食品工業,RANGE,盤整強勢,-0.006037444569357859,0.0014286815608340955,-0.005211800274262629
H2_emerging_leader,20230303,食品工業,RANGE,盤整強勢,0.007763907060498662,0.009580722305183384,-0.03402989131088377
H2_emerging_leader,20230727,食品工業,RANGE,盤整強勢,0.0004402363256770306,0.03487602373257382,-0.021310302904149314
H2_emerging_leader,20230811,食品工業,RANGE,盤整弱勢,0.005314930378803739,-0.01861507586309266,-0.04865499689252943
H2_emerging_leader,20230815,食品工業,RANGE,盤整強勢,0.0024090775842417703,-0.02146837912064665,-0.050138705708737186
H2_emerging_leader,20230818,食品工業,RANGE,盤整強勢,0.02089655247147338,-0.03293625107255384,-0.06110388482630627
H2_emerging_leader,20230824,食品工業,RANGE,盤整強勢,-0.03284429204827813,-0.04212398087670226,-0.08223266678754937
H2_emerging_leader,20230922,食品工業,BEAR,空頭抗跌,-0.0048945688058901725,-0.009169291165099416,-0.062388749650498884
H2_emerging_leader,20231019,食品工業,BEAR,空頭弱勢,-0.008407839265293116,-0.03401675195987881,-0.05301575900690844
H2_emerging_leader,20231024,食品工業,BEAR,空頭弱勢,0.006870636273694504,-0.02646182372339006,-0.029342129368955472
H2_emerging_leader,20231101,食品工業,BEAR,空頭抗跌,-0.01319389695571703,-0.03662425889659665,-0.04874809901550836
H2_emerging_leader,20240625,食品工業,RANGE,盤整強勢,-0.006446669145568254,0.017606156700538715,0.01231821861695655
H2_emerging_leader,20240628,食品工業,RANGE,盤整強勢,-0.004439275990893502,0.0291609549794587,0.011691006865362282
H2_emerging_leader,20240723,食品工業,RANGE,盤整強勢,0.013137591356192743,0.006861791722739733,-0.01717478279395248
H2_emerging_leader,20240729,食品工業,RANGE,盤整強勢,0.03866207390614018,-0.007175990419144854,-0.02892038335015239
H2_emerging_leader,20240801,食品工業,RANGE,盤整強勢,0.02031523351763867,-0.011021577077079103,-0.03243538058920495
H2_emerging_leader,20240808,食品工業,RANGE,盤整強勢,-0.019928618792603815,-0.019527654989290943,-0.05599587627081328
H2_emerging_leader,20240905,食品工業,RANGE,盤整強勢,-0.002832843972818087,-0.010908639314159717,-0.04417622075074441
H2_emerging_leader,20240910,食品工業,RANGE,盤整強勢,-0.0285708301593163,-0.031723864762951984,-0.04981288846405814
H2_emerging_leader,20241007,食品工業,RANGE,盤整強勢,-0.010595058401977811,-0.0242977799210257,-0.03723511742854637
H2_emerging_leader,20241115,食品工業,RANGE,盤整弱勢,-0.0022799892967892282,0.0031973310242722347,-0.02525036473902099
H2_emerging_leader,20241213,食品工業,BEAR,空頭抗跌,-0.02586305515825585,-0.025642800978449145,-0.030509931550366798
H2_emerging_leader,20241217,食品工業,BEAR,空頭抗跌,-0.030535445569870194,-0.02824694163694811,-0.025729864802885454
H2_emerging_leader,20250114,食品工業,BEAR,空頭抗跌,-0.008593056859598443,-0.0028200359000879888,0.05796252791947605
H2_emerging_leader,20250203,食品工業,RANGE,盤整強勢,-0.011497203252552355,-0.016171854095281754,0.06685963612510726
H2_emerging_leader,20250220,食品工業,RANGE,盤整強勢,0.00021991520166830814,0.001082212277803602,0.030296771596144884
H2_emerging_leader,20250401,食品工業,RANGE,盤整強勢,0.0641291213187578,0.056340339139390905,0.03809150042401694
H2_emerging_leader,20250611,食品工業,RANGE,盤整強勢,0.012086985627350638,0.03466072965676601,0.004201391183598992
H2_emerging_leader,20250626,食品工業,RANGE,盤整強勢,-0.001688716752406407,-0.01980967358963985,-0.022694880391695767
H2_emerging_leader,20250701,食品工業,RANGE,盤整強勢,0.003267809773305222,-0.025895905136664895,-0.02539090883674709
H2_emerging_leader,20250710,食品工業,RANGE,盤整強勢,-0.013802966046537076,-0.04095550478819934,-0.03712049208735696
H2_emerging_leader,20250821,食品工業,RANGE,盤整弱勢,0.0013029820599774061,0.02135817825260917,-0.015005835550940587
H2_emerging_leader,20250825,食品工業,RANGE,盤整弱勢,0.028963434869002106,0.024798535556011043,-0.0044038267969663605
H2_emerging_leader,20250903,食品工業,RANGE,盤整強勢,0.004757395896839952,-0.003130362997232154,-0.04690600005251033
H2_emerging_leader,20250912,食品工業,RANGE,盤整弱勢,-0.004842977191463612,-0.025300258088327157,-0.06303440651834656
H2_emerging_leader,20251106,食品工業,RANGE,盤整強勢,-0.013183737890016083,-0.020966285917456216,-0.061630127623911325
H2_emerging_leader,20251120,食品工業,RANGE,盤整強勢,-0.023206501893607186,-0.03071780442277562,-0.08870370872030497
H2_emerging_leader,20251218,食品工業,BEAR,空頭抗跌,-0.010566057369893904,-0.05212417456926286,-0.05873133217087405
H2_emerging_leader,20260123,食品工業,RANGE,盤整弱勢,0.019954751249313743,0.009988377547650022,-0.06189877784492441
H2_emerging_leader,20260203,食品工業,BEAR,空頭抗跌,0.006617297615410434,-0.016588528112187213,-0.08233559984389875
H2_emerging_leader,20260211,食品工業,RANGE,盤整弱勢,-0.0038290278685873995,-0.01939163650167506,-0.10245209786512563
H2_emerging_leader,20260305,食品工業,RANGE,盤整強勢,-0.009263945669255737,-0.005988581829497356,-0.14386720117373855
H2_emerging_leader,20260310,食品工業,RANGE,盤整強勢,-0.022055432690669,-0.01790306662266153,-0.12261100027659227
H2_emerging_leader,20260324,食品工業,RANGE,盤整弱勢,0.006244563837625378,-0.026335661077264486,-0.12492585063648134
H2_emerging_leader,20260326,食品工業,RANGE,盤整強勢,0.010898546571725627,-0.033990075703197745,-0.13059333102575427
H2_emerging_leader,20260401,食品工業,RANGE,盤整強勢,-0.021962512645162083,-0.06717703699761896,-0.1461585287441897
H2_emerging_leader,20260407,食品工業,RANGE,盤整強勢,-0.017575108770487145,-0.05583881244632673,-0.15753559420803492
H2_emerging_leader,20260519,食品工業,BEAR,空頭弱勢,-0.028467837773352298,-0.05696819716680908,-0.07378132402727408
H2_emerging_leader,20260610,食品工業,BEAR,空頭弱勢,-0.024411109627939683,-0.03643401921221985,-0.03526214623692924
H2_emerging_leader,20260629,食品工業,BEAR,空頭抗跌,-0.006220516558273482,0.05461177949933023,-0.018676550799608532
H2_emerging_leader,20260713,食品工業,BEAR,空頭抗跌,0.023361919589282014,0.008067963070437646,-0.03794136313898237
H2_emerging_leader,20260716,食品工業,BEAR,空頭抗跌,-0.002152610523632137,-0.0291183847399948,
H2_emerging_leader,20260720,食品工業,BEAR,空頭抗跌,0.023635732181894943,-0.021944885376576885,
H2_emerging_leader,20260729,食品工業,BEAR,空頭抗跌,-0.0648306550349888,-0.08372743611640499,
H2_emerging_leader,20260803,食品工業,BEAR,空頭弱勢,-0.018193647655254525,-0.0383643327408739,
H2_emerging_leader,20260903,食品工業,BEAR,空頭抗跌,0.005763707584231514,-0.03216880391811852,
H2_emerging_leader,20260907,食品工業,RANGE,盤整強勢,-0.002973369160690808,-0.04281848726345459,
X_false_breakdown_turn,20220627,光電業,BEAR,空頭抗跌,-0.026913470901477644,-0.00230354654125757,0.022993375385101215
X_false_breakdown_turn,20220629,光電業,BEAR,空頭抗跌,-0.017009846625899393,0.009444182349225415,0.02642981504404133
X_false_breakdown_turn,20220721,光電業,RANGE,盤整強勢,-0.004115146304955151,0.032048322552102465,0.0001476391188311721
X_false_breakdown_turn,20231025,光電業,RANGE,盤整強勢,-0.00021861293550000122,0.015224961350091604,0.03384335116480179
X_false_breakdown_turn,20231030,光電業,RANGE,盤整強勢,-0.008372530315149625,0.009268516033035329,0.049623438776648404
X_false_breakdown_turn,20241225,光電業,RANGE,盤整強勢,-0.011439224903122065,-0.03759236507614039,-0.03974657868382491
X_false_breakdown_turn,20250120,光電業,BEAR,空頭抗跌,-0.0013724981723654654,0.00825806492779134,-0.008573063435776206
X_false_breakdown_turn,20250630,光電業,RANGE,盤整強勢,-0.0023028325114701036,0.009204362004244453,0.09485253253066347
X_false_breakdown_turn,20251204,光電業,RANGE,盤整強勢,0.014822341838380278,0.06266208551946346,0.13229662650112123
X_false_breakdown_turn,20241030,其他,RANGE,盤整弱勢,0.00268139952584041,0.02221475883177382,0.05955670045505193
X_false_breakdown_turn,20241105,其他,RANGE,盤整強勢,0.008065251796387583,0.02915807230555646,0.05656300450542851
X_false_breakdown_turn,20241119,其他,RANGE,盤整強勢,0.0010661945779767684,0.015353021309796537,0.01822501027598255
X_false_breakdown_turn,20251127,其他,RANGE,盤整強勢,0.0018733100347099385,-0.005693005871345646,-0.06714570561282363
X_false_breakdown_turn,20260428,其他,RANGE,盤整弱勢,-0.009937413227694192,-0.04293882769781953,0.015396750051191954
X_false_breakdown_turn,20260608,其他,RANGE,盤整強勢,0.014460231348118684,0.023453968201329386,0.02845775628006406
X_false_breakdown_turn,20250122,其他電子業,RANGE,盤整強勢,0.0012189837753451768,-0.002078229309911972,-0.02895709703914847
X_false_breakdown_turn,20251128,其他電子業,RANGE,盤整強勢,0.016159764123229566,0.04440479162872678,0.050498012363847766
X_false_breakdown_turn,20230905,化學工業,RANGE,盤整強勢,0.008836209200776872,0.004366661741811884,0.0031247369095515204
X_false_breakdown_turn,20250116,化學工業,BEAR,空頭抗跌,-0.00900105771294065,-0.005649606477926214,-0.031219612677187217
X_false_breakdown_turn,20260812,化學工業,RANGE,盤整強勢,-0.009604699606382461,-0.005532831053167117,
X_false_breakdown_turn,20220302,半導體業,RANGE,盤整強勢,-0.015358365622017617,-0.011194898013529405,-0.051478487569552006
X_false_breakdown_turn,20220318,半導體業,RANGE,盤整弱勢,-0.0017232540516361507,-0.09224859694080222,-0.09141575721558326
X_false_breakdown_turn,20230518,半導體業,RANGE,盤整強勢,0.01565169384167442,0.048389763596767416,0.02884957634875295
X_false_breakdown_turn,20240430,半導體業,RANGE,盤整強勢,-0.004372037228445983,0.0353409442230098,0.001418265260661744
X_false_breakdown_turn,20240812,半導體業,RANGE,盤整強勢,0.02735351608162911,-0.0059093369754632235,0.01729991541690746
X_false_breakdown_turn,20241204,半導體業,RANGE,盤整強勢,0.0026178730400783674,0.004412024799973838,-0.03174941433511122
X_false_breakdown_turn,20250122,半導體業,RANGE,盤整強勢,0.015466749682316254,-0.0011504653030647294,-0.0768706574471236
X_false_breakdown_turn,20260810,半導體業,RANGE,盤整強勢,-0.009676868660958994,0.018109880418220845,
X_false_breakdown_turn,20260812,半導體業,RANGE,盤整強勢,-0.0332661950363631,-0.0008114609599083251,
X_false_breakdown_turn,20211108,塑膠工業,RANGE,盤整弱勢,-0.009403982038303824,-0.011220810548628703,-0.0008404186368209665
X_false_breakdown_turn,20220420,塑膠工業,RANGE,盤整弱勢,0.00046577099388066256,-0.004785415401674535,-0.048287902744898456
X_false_breakdown_turn,20220422,塑膠工業,RANGE,盤整弱勢,-0.014310479018531715,-0.014812941743612973,-0.060977923524114686
X_false_breakdown_turn,20220811,塑膠工業,RANGE,盤整強勢,-0.012047939221234639,-0.008091368224362752,0.009566198533134826
X_false_breakdown_turn,20230515,塑膠工業,RANGE,盤整強勢,-0.007995614459594597,-0.034528626010565854,-0.012132877886741627
X_false_breakdown_turn,20230731,塑膠工業,RANGE,盤整強勢,0.017422118546628878,0.007125537819121307,0.03493673443014049
X_false_breakdown_turn,20230901,塑膠工業,RANGE,盤整弱勢,0.012379537025702773,-0.0038584036994959384,0.00619938337797625
X_false_breakdown_turn,20240424,塑膠工業,BEAR,空頭抗跌,0.007043704906314303,-0.02825319664519009,-0.015812622764114104
X_false_breakdown_turn,20240426,塑膠工業,BEAR,空頭抗跌,-0.016244463212831784,-0.02932649981795544,-0.013038191284238963
X_false_breakdown_turn,20240814,塑膠工業,RANGE,盤整弱勢,-0.007628461042665366,-0.03166846546336851,-0.05776779716373048
X_false_breakdown_turn,20240912,塑膠工業,RANGE,盤整弱勢,-0.008264070003959387,-0.026799915427272582,-0.0834800551993887
X_false_breakdown_turn,20210923,居家生活,BEAR,空頭弱勢,0.004421302208122285,-0.0013497592036684995,-0.04384094795325127
X_false_breakdown_turn,20230825,居家生活,RANGE,盤整強勢,-0.011972009863117864,-0.009503877299801313,0.006837461077695069
X_false_breakdown_turn,20230830,居家生活,RANGE,盤整強勢,-0.010275169484964274,-0.00016035176051153914,0.0076728844776932925
X_false_breakdown_turn,20240731,居家生活,RANGE,盤整強勢,0.024268372700986612,0.02767032548314135,0.01581055813518345
X_false_breakdown_turn,20251020,居家生活,RANGE,盤整強勢,-0.011198703944182169,-0.003043618856835531,-0.049315790862289544
X_false_breakdown_turn,20260205,居家生活,RANGE,盤整強勢,-0.03552424765816506,-0.05107733014371853,-0.11312846003208138
X_false_breakdown_turn,20260408,居家生活,RANGE,盤整弱勢,-0.032257360094389204,-0.06306080869048657,-0.14290540398693147
X_false_breakdown_turn,20260716,居家生活,RANGE,盤整強勢,0.010758863187083523,0.021859449601741285,
X_false_breakdown_turn,20210901,建材營造,RANGE,盤整強勢,-0.0014089578640719466,0.027255623140067027,-0.0022341686127872254
X_false_breakdown_turn,20220118,建材營造,RANGE,盤整強勢,0.01589844038363363,-0.001467645694338565,0.0059072460931178725
X_false_breakdown_turn,20220120,建材營造,RANGE,盤整強勢,0.003076354308633504,-0.012284119913401587,-0.0008547095146485776
X_false_breakdown_turn,20220207,建材營造,RANGE,盤整強勢,-0.006574113594766999,0.0018002873130289927,0.00611667558622651
X_false_breakdown_turn,20220930,建材營造,RANGE,盤整強勢,0.0036405404821360527,5.3972589654869424e-05,-0.0533284271739519
X_false_breakdown_turn,20240919,建材營造,RANGE,盤整強勢,-0.040221379640914795,-0.09061442692011289,-0.04905614233637256
X_false_breakdown_turn,20241115,建材營造,BEAR,空頭抗跌,0.02377697262642904,0.024423975931387912,0.02208555236758979
X_false_breakdown_turn,20241225,建材營造,BEAR,空頭弱勢,0.01425721278919682,0.003667180947598995,0.02747917398196032
X_false_breakdown_turn,20260610,建材營造,RANGE,盤整強勢,-0.00969672043443481,-0.027501899823106205,-0.008007155051400473
X_false_breakdown_turn,20260716,建材營造,RANGE,盤整強勢,-0.0012877645141369243,-0.009945597037690004,
X_false_breakdown_turn,20260721,建材營造,RANGE,盤整強勢,0.03795606065670238,0.008279858724584088,
X_false_breakdown_turn,20220414,數位雲端,BEAR,空頭弱勢,0.011170446732723417,0.0012392729710840739,-0.04423184322926413
X_false_breakdown_turn,20220418,數位雲端,BEAR,空頭抗跌,-0.01800979731418236,-0.01263206772217458,-0.04912423105772712
X_false_breakdown_turn,20220422,數位雲端,BEAR,空頭抗跌,-0.026396831576684095,-0.023535860836321032,-0.027621048881860788
X_false_breakdown_turn,20230714,數位雲端,RANGE,盤整強勢,-0.0014905135579242473,-0.03258171774174269,-0.01595247733055384
X_false_breakdown_turn,20240808,數位雲端,RANGE,盤整強勢,-0.007610670612664006,-0.0174452555342391,0.09937856795590058
X_false_breakdown_turn,20210930,文化創意業,RANGE,盤整強勢,-0.015218017703641378,-0.045208697877122395,0.022600377551959497
X_false_breakdown_turn,20220428,文化創意業,RANGE,盤整強勢,0.008365721178578707,0.012240774281000363,0.04535799675048803
X_false_breakdown_turn,20220504,文化創意業,RANGE,盤整強勢,-0.009524313762297856,0.008511035009602614,0.013543699195426584
X_false_breakdown_turn,20220922,文化創意業,RANGE,盤整強勢,0.03305530301303971,0.03483134624945494,0.08802384209288744
X_false_breakdown_turn,20221006,文化創意業,RANGE,盤整弱勢,0.01523243576231087,-0.00806527743760177,0.08717752015536595
X_false_breakdown_turn,20230817,文化創意業,RANGE,盤整強勢,-0.0007327959308580983,-0.01431377919512002,0.06442593883223928
X_false_breakdown_turn,20230908,文化創意業,RANGE,盤整強勢,0.0020857100319189754,-0.003376736161350578,0.14793746826415416
X_false_breakdown_turn,20231011,文化創意業,RANGE,盤整強勢,0.04953955563097877,0.09558889868808997,0.15864585396578368
X_false_breakdown_turn,20231013,文化創意業,RANGE,盤整強勢,0.03447431041988981,0.05142087275285484,0.12785640016351618
X_false_breakdown_turn,20240226,文化創意業,RANGE,盤整弱勢,-0.014005396867661574,0.024984935436738954,0.0611455609421674
X_false_breakdown_turn,20241111,文化創意業,RANGE,盤整強勢,-0.03611719313887346,-0.02157444789949046,-0.017937100327883072
X_false_breakdown_turn,20241218,文化創意業,RANGE,盤整弱勢,-0.020818937273223544,-0.004418920240160124,-0.004953666784185511
X_false_breakdown_turn,20250807,文化創意業,RANGE,盤整弱勢,-0.0281454611133407,-0.06162722161270737,-0.048439407118857525
X_false_breakdown_turn,20250822,文化創意業,RANGE,盤整強勢,-0.017494269479633628,-0.020843946552374565,-0.04208949336975528
X_false_breakdown_turn,20251104,文化創意業,RANGE,盤整強勢,-0.028113552088118544,-0.05836830387488805,-0.09515863108570267
X_false_breakdown_turn,20210729,橡膠工業,RANGE,盤整強勢,0.0006663764550112325,-0.024526050318499526,-0.0821720565285344
X_false_breakdown_turn,20210802,橡膠工業,RANGE,盤整強勢,-0.009704784433261934,-0.04175982700261902,-0.09523092362662741
X_false_breakdown_turn,20210913,橡膠工業,RANGE,盤整弱勢,-0.010842610657357173,-0.025440361214762258,-0.0717284324692618
X_false_breakdown_turn,20210917,橡膠工業,BEAR,空頭抗跌,-0.009399139033769337,-0.003166642298510417,-0.0767473652103471
X_false_breakdown_turn,20211202,橡膠工業,RANGE,盤整強勢,-0.004483534431735103,-0.01617047560851983,-0.01001172939379712
X_false_breakdown_turn,20211207,橡膠工業,RANGE,盤整強勢,-0.015743459437039375,-0.018776375880893037,-0.0013596241595508173
X_false_breakdown_turn,20220310,橡膠工業,RANGE,盤整強勢,-0.006265679926342487,-0.06536729920554439,-0.12115395314674118
X_false_breakdown_turn,20220621,橡膠工業,BEAR,空頭抗跌,0.0037249108053128265,-0.007547237550385763,-0.020995667149712856
X_false_breakdown_turn,20220624,橡膠工業,BEAR,空頭抗跌,0.012855224458287316,-0.009829271356381147,-0.01587519806065323
X_false_breakdown_turn,20220915,橡膠工業,RANGE,盤整強勢,-0.018307694592157572,-0.021622960882593037,-0.058063303591434155
X_false_breakdown_turn,20230517,橡膠工業,RANGE,盤整弱勢,-0.011895203746466063,-0.03280883972728355,-0.04838360041450286
X_false_breakdown_turn,20230811,橡膠工業,RANGE,盤整強勢,-0.003166213540163632,0.011826999260552723,0.0056094526734968425
X_false_breakdown_turn,20230830,橡膠工業,RANGE,盤整強勢,-0.004344024390570976,0.009737686242266237,0.010750513105747567
X_false_breakdown_turn,20240812,橡膠工業,RANGE,盤整強勢,-0.020700971753859824,-0.02123376970742194,-0.04817681120038663
X_false_breakdown_turn,20240815,橡膠工業,RANGE,盤整弱勢,-0.018972422261433343,-0.028566263631145963,-0.034870737999001755
X_false_breakdown_turn,20241101,橡膠工業,RANGE,盤整強勢,-0.005614389108743394,0.005074599552115026,-0.039887370240331524
X_false_breakdown_turn,20241118,橡膠工業,RANGE,盤整強勢,-0.01380572075101248,-0.03276867629874555,-0.06745135576843948
X_false_breakdown_turn,20250717,橡膠工業,RANGE,盤整弱勢,0.011976714038796535,-0.027944990846196126,-0.06506604308634256
X_false_breakdown_turn,20260602,橡膠工業,RANGE,盤整強勢,0.006255538945256791,-0.014533070582898586,0.04067833361559658
X_false_breakdown_turn,20220207,水泥工業,BEAR,空頭弱勢,-0.008707274760512466,0.011599997868251766,0.005559268311357651
X_false_breakdown_turn,20220309,水泥工業,RANGE,盤整強勢,0.009471019727621122,0.0011349226472448966,-0.042141369498400805
X_false_breakdown_turn,20220621,水泥工業,BEAR,空頭抗跌,-0.0018509923673510498,0.019106469086183422,-0.039734371569723544
X_false_breakdown_turn,20230728,水泥工業,RANGE,盤整強勢,0.013008090885899729,-0.005805919757609003,-0.05843779138147386
X_false_breakdown_turn,20250912,水泥工業,RANGE,盤整強勢,0.002365396992621097,-0.0006634496615601912,0.0028493902715888307
X_false_breakdown_turn,20250922,水泥工業,RANGE,盤整強勢,0.007474771119753868,0.004218199425189355,0.002361916370325832
X_false_breakdown_turn,20251111,水泥工業,RANGE,盤整強勢,0.010556367761020709,0.012338320085623477,-0.01196907755183118
X_false_breakdown_turn,20251120,水泥工業,BEAR,空頭抗跌,-0.002501759226228646,-0.02359308966383457,-0.054479246206823206
X_false_breakdown_turn,20260603,水泥工業,RANGE,盤整弱勢,0.015248171495538566,-0.018045880766486708,-0.018660070393088785
X_false_breakdown_turn,20260728,水泥工業,BEAR,空頭抗跌,-0.050575684644160776,-0.05925091140056886,
X_false_breakdown_turn,20211018,汽車工業,RANGE,盤整強勢,0.011370797636457042,-0.026713224946916234,-0.0052286075027906526
X_false_breakdown_turn,20220505,汽車工業,BEAR,空頭抗跌,0.00213905385283876,0.06887386927808936,0.14270092358029812
X_false_breakdown_turn,20220519,汽車工業,RANGE,盤整強勢,0.020162280666173364,0.02046788316215068,0.07388065583875249
X_false_breakdown_turn,20240125,汽車工業,RANGE,盤整強勢,-0.00986751712400331,-0.005454268803894817,-0.00982964938897421
X_false_breakdown_turn,20251023,汽車工業,RANGE,盤整強勢,-0.008417079141039688,0.002321332585159111,0.00037770891613500557
X_false_breakdown_turn,20260521,汽車工業,RANGE,盤整強勢,0.053657206295462154,0.029153684185761745,-0.005402090101023088
X_false_breakdown_turn,20260910,汽車工業,RANGE,盤整弱勢,0.0006735050989688136,,
X_false_breakdown_turn,20260918,汽車工業,RANGE,盤整弱勢,0.005987464831061022,,
X_false_breakdown_turn,20220728,油電燃氣業,RANGE,盤整強勢,0.0007882835454975203,-0.03538970774726052,0.02776481384119958
X_false_breakdown_turn,20231019,油電燃氣業,BEAR,空頭抗跌,-0.0027534503322787177,-0.020956059091242943,-0.08855663339631079
X_false_breakdown_turn,20240611,油電燃氣業,RANGE,盤整強勢,-0.014620044829709071,-0.04736436511628134,-0.04948419590995005
X_false_breakdown_turn,20240625,油電燃氣業,RANGE,盤整弱勢,-0.018802760065087645,-0.0020983253607894173,-0.03909612744336936
X_false_breakdown_turn,20250110,油電燃氣業,BEAR,空頭抗跌,-0.0137263970553778,-0.04937601768220343,0.056832664490207546
X_false_breakdown_turn,20250825,油電燃氣業,RANGE,盤整強勢,-0.005510344513333428,-0.014052632337033726,-0.018764551945115816
X_false_breakdown_turn,20250923,油電燃氣業,RANGE,盤整強勢,0.006694025626325173,-0.021218277987341327,-0.04585406496800631
X_false_breakdown_turn,20250925,油電燃氣業,RANGE,盤整強勢,-0.029594789929357147,-0.030462255844185826,-0.06472489899350393
X_false_breakdown_turn,20251202,油電燃氣業,RANGE,盤整強勢,-0.01690424363441014,-0.04456764573649323,0.040573807726488095
X_false_breakdown_turn,20210823,玻璃陶瓷,RANGE,盤整強勢,-0.020619924401930584,-0.028243499856209935,-0.023239675947628907
X_false_breakdown_turn,20211008,玻璃陶瓷,BEAR,空頭抗跌,-0.03335530026636227,-0.034910209294318026,-0.0408095984474498
X_false_breakdown_turn,20211025,玻璃陶瓷,RANGE,盤整強勢,-0.010499757126463435,0.010800753674727603,-0.028652824847264793
X_false_breakdown_turn,20211029,玻璃陶瓷,RANGE,盤整弱勢,0.006948260784733,-0.011451646564255066,-0.05500759975942034
X_false_breakdown_turn,20220627,玻璃陶瓷,BEAR,空頭抗跌,-0.0017199837971090051,-0.03145688885295299,-0.053746576361570486
X_false_breakdown_turn,20220812,玻璃陶瓷,RANGE,盤整強勢,-0.004701965797034139,-0.02850168184073451,0.13626060491174485
X_false_breakdown_turn,20220915,玻璃陶瓷,RANGE,盤整強勢,0.011466422551462643,0.0674267662098597,0.25915641105595627
X_false_breakdown_turn,20221003,玻璃陶瓷,BEAR,空頭抗跌,0.015601329289747345,0.0960889776022412,0.19289341715810102
X_false_breakdown_turn,20230731,玻璃陶瓷,RANGE,盤整強勢,0.015306817758320972,-0.005801365123154191,-0.05516098824616762
X_false_breakdown_turn,20230830,玻璃陶瓷,RANGE,盤整強勢,-0.012802245158658975,-0.01720897105879781,-0.054683273564727936
X_false_breakdown_turn,20231106,玻璃陶瓷,RANGE,盤整強勢,-0.009557466024455175,-0.03419062747832865,-0.016462970528283126
X_false_breakdown_turn,20250624,玻璃陶瓷,RANGE,盤整強勢,-0.012510560509094326,-0.014535117949062475,0.14867829497931384
X_false_breakdown_turn,20251111,玻璃陶瓷,RANGE,盤整強勢,-0.03553660728033597,-0.01912413810107021,0.09474905528037081
X_false_breakdown_turn,20251126,玻璃陶瓷,RANGE,盤整強勢,-0.007693959743359931,-0.011669947260060775,0.19544792211102385
X_false_breakdown_turn,20251128,玻璃陶瓷,RANGE,盤整強勢,0.009199359255239244,-0.005541283379518884,0.14877697590587802
X_false_breakdown_turn,20210804,生技醫療業,RANGE,盤整強勢,0.001959540186034364,0.011483617715069526,-0.025626464430361123
X_false_breakdown_turn,20220321,生技醫療業,RANGE,盤整強勢,0.005747571629376606,0.08004852982586783,0.08871614517077496
X_false_breakdown_turn,20230718,生技醫療業,RANGE,盤整強勢,-0.019643703509509253,-0.04220820351134332,-0.07743364714796007
X_false_breakdown_turn,20231027,生技醫療業,RANGE,盤整強勢,-0.0078107522389886976,-0.004484444084638842,-0.04315405157303158
X_false_breakdown_turn,20241024,生技醫療業,RANGE,盤整強勢,-0.0004994709744463813,-0.01705132645135162,-0.006812971068759305
X_false_breakdown_turn,20260401,生技醫療業,RANGE,盤整弱勢,-0.025967845048374186,-0.06297733281795331,-0.12281613821595874
X_false_breakdown_turn,20210729,紡織纖維,RANGE,盤整強勢,-0.0009118529619682606,-0.009696180156336887,0.012026832904337509
X_false_breakdown_turn,20220725,紡織纖維,RANGE,盤整強勢,-0.006198791474989803,0.013086308570135693,0.0367842034957471
X_false_breakdown_turn,20231102,紡織纖維,RANGE,盤整強勢,0.007194039332255244,-0.01530524707702885,-0.029770191791355302
X_false_breakdown_turn,20241119,紡織纖維,RANGE,盤整弱勢,0.005030416561595889,0.005647569207217866,-0.0016152313122038756
X_false_breakdown_turn,20241121,紡織纖維,RANGE,盤整強勢,0.006661694905415974,-0.0017779146259820355,0.006195161009293326
X_false_breakdown_turn,20251113,紡織纖維,RANGE,盤整強勢,0.01840468564612041,-0.01691076669691798,-0.0287954809475387
X_false_breakdown_turn,20260602,紡織纖維,RANGE,盤整強勢,0.007756666926446745,0.026797029815508647,0.018374219132730622
X_false_breakdown_turn,20211007,綠能環保,RANGE,盤整強勢,0.013009310229982737,0.018201063420785632,0.021944034511284988
X_false_breakdown_turn,20220630,綠能環保,RANGE,盤整強勢,-0.008302709927974978,-0.02442203938345342,-0.02838254580334916
X_false_breakdown_turn,20230714,綠能環保,RANGE,盤整弱勢,-0.0014393540677509337,0.004613722225062497,0.003968704454289637
X_false_breakdown_turn,20230719,綠能環保,RANGE,盤整強勢,-0.0051873227013610485,-0.005206582931393866,0.005443606433539971
X_false_breakdown_turn,20241101,綠能環保,RANGE,盤整弱勢,-0.022125618441639343,-0.04414846657214661,-0.04867956026383759
X_false_breakdown_turn,20250711,綠能環保,RANGE,盤整強勢,-0.019010579059913713,-0.019814786973517216,-0.06293904461870808
X_false_breakdown_turn,20251013,綠能環保,RANGE,盤整強勢,-0.008710198585222232,-0.0389149726925414,-0.0017836457776771245
X_false_breakdown_turn,20251031,綠能環保,BEAR,空頭抗跌,-0.012057258062327362,-0.036882047622376436,0.05569890171869719
X_false_breakdown_turn,20251106,綠能環保,BEAR,空頭抗跌,-0.034065507818095746,-0.028158081115152077,0.028050596277662675
X_false_breakdown_turn,20260414,綠能環保,RANGE,盤整弱勢,0.0013705215174156168,-0.030814250371542395,-0.1028770350746533
X_false_breakdown_turn,20260417,綠能環保,RANGE,盤整弱勢,-0.012472764432329218,-0.04132660368900142,-0.10225764010094861
X_false_breakdown_turn,20260601,綠能環保,RANGE,盤整強勢,0.0005232509616943169,-0.027506932654830542,-0.06182890654978918
X_false_breakdown_turn,20220207,航運業,RANGE,盤整強勢,0.005173826036033009,0.09403787582308214,0.10983025328247874
X_false_breakdown_turn,20220524,航運業,RANGE,盤整強勢,-0.010205891689652285,-0.15651598034612568,-0.13594630767397103
X_false_breakdown_turn,20230818,航運業,RANGE,盤整強勢,-0.00013248103757789592,0.011299959608164309,-0.04337449657381545
X_false_breakdown_turn,20230823,航運業,BEAR,空頭抗跌,-0.00013017284590642088,0.0105801037206147,-0.0546909605757759
X_false_breakdown_turn,20231103,航運業,RANGE,盤整強勢,-0.0041106689556543174,0.0648623503348659,0.029231972690869877
X_false_breakdown_turn,20240222,航運業,RANGE,盤整強勢,-0.003928876192001343,0.00696340450330812,0.08388610676258867
X_false_breakdown_turn,20250102,航運業,RANGE,盤整強勢,-0.010048272097176432,-0.04278019857002997,0.0452865038907594
X_false_breakdown_turn,20251030,航運業,RANGE,盤整強勢,-0.0025056683206094643,0.0014916408881724048,-0.028883237281831682
X_false_breakdown_turn,20251103,航運業,RANGE,盤整強勢,-0.016580662701385907,0.004093448870600255,-0.024351334176262986
X_false_breakdown_turn,20251126,航運業,RANGE,盤整強勢,0.02068914194817975,-0.010385226839734873,-0.005688302864487904
X_false_breakdown_turn,20260507,航運業,RANGE,盤整強勢,-0.03294035878702725,-0.045811823757614056,0.01559542161238682
X_false_breakdown_turn,20210915,觀光餐旅,RANGE,盤整強勢,0.013465043597332764,0.028877644760325154,-0.04257404632754154
X_false_breakdown_turn,20220207,觀光餐旅,RANGE,盤整強勢,0.02379300540079577,0.07536048904319041,0.11883421529063774
X_false_breakdown_turn,20230914,觀光餐旅,RANGE,盤整弱勢,-0.011874299959563735,-0.03154789605139872,-0.011437719952364589
X_false_breakdown_turn,20240129,觀光餐旅,RANGE,盤整強勢,-0.03042394988711213,-0.09135069743780849,-0.04900284387841189
X_false_breakdown_turn,20250120,觀光餐旅,RANGE,盤整強勢,-0.02949773615589597,-0.0385336672658302,-0.05639456071938661
X_false_breakdown_turn,20260205,觀光餐旅,RANGE,盤整強勢,-0.03981837123788365,-0.06615691344201148,-0.13192878144969883
X_false_breakdown_turn,20210824,貿易百貨,RANGE,盤整強勢,0.009296011168032844,0.025251142057738006,-0.036420365219971176
X_false_breakdown_turn,20211222,貿易百貨,RANGE,盤整強勢,-0.016430090817585355,-0.01982537924281855,-0.02925990317265642
X_false_breakdown_turn,20220217,貿易百貨,RANGE,盤整弱勢,0.015166559102055636,0.016213308836479787,-0.009197789086475797
X_false_breakdown_turn,20240313,貿易百貨,RANGE,盤整弱勢,-0.0073320554065062216,-0.017558820319510823,-0.04387977159906668
X_false_breakdown_turn,20240327,貿易百貨,RANGE,盤整弱勢,-0.02018682411145027,-0.011305865487677279,-0.04095492914615059
X_false_breakdown_turn,20250626,貿易百貨,RANGE,盤整強勢,0.004727972273562962,-0.02008324524707765,-0.050623112661272514
X_false_breakdown_turn,20250904,貿易百貨,RANGE,盤整強勢,0.009830800797400605,0.011274321412794311,0.021954330882876415
X_false_breakdown_turn,20250912,貿易百貨,RANGE,盤整強勢,-0.004378523009198018,0.0025834687329200226,-0.00047663987882216614
X_false_breakdown_turn,20260204,貿易百貨,RANGE,盤整強勢,-0.00010609859242273131,-0.030234667303457287,-0.06522810501657905
X_false_breakdown_turn,20260310,貿易百貨,RANGE,盤整弱勢,-0.02623515274975651,-0.03645662099415661,-0.029100764678847542
X_false_breakdown_turn,20260312,貿易百貨,RANGE,盤整弱勢,-0.02245543416758118,-0.035986065351743424,-0.02521468499334807
X_false_breakdown_turn,20260401,貿易百貨,RANGE,盤整強勢,-0.021129098793384263,-0.040998427735405914,-0.03326855898166339
X_false_breakdown_turn,20260428,貿易百貨,RANGE,盤整強勢,-0.016312924937018792,-0.007337365202185857,0.06990333958783673
X_false_breakdown_turn,20260904,貿易百貨,RANGE,盤整強勢,0.011679750116781247,-0.009631568674745801,
X_false_breakdown_turn,20260909,貿易百貨,RANGE,盤整強勢,0.002357905751823352,,
X_false_breakdown_turn,20210812,資訊服務業,RANGE,盤整強勢,0.014496835609306709,0.04054916453607411,0.03993307967550756
X_false_breakdown_turn,20210830,資訊服務業,RANGE,盤整弱勢,0.0122401159381577,0.02640436577772312,0.02191171778318819
X_false_breakdown_turn,20230720,資訊服務業,RANGE,盤整強勢,0.02711578897455585,-0.009511910361279984,-0.014756905506003733
X_false_breakdown_turn,20230927,資訊服務業,BEAR,空頭抗跌,0.022379402998175667,0.015701477389344902,0.034562774450448044
X_false_breakdown_turn,20250801,資訊服務業,RANGE,盤整弱勢,0.010979756997568688,0.0033016754490118316,-0.020812260254938597
X_false_breakdown_turn,20211019,農業科技,RANGE,盤整強勢,-0.04898536537599436,-0.05525031246015802,-0.017256968761561686
X_false_breakdown_turn,20211117,農業科技,RANGE,盤整強勢,0.008005215882762335,-0.0037331852391706694,0.0026368769173456368
X_false_breakdown_turn,20220310,農業科技,RANGE,盤整弱勢,0.008630351164425716,0.33489071320291885,0.26474419520705744
X_false_breakdown_turn,20220322,農業科技,RANGE,盤整強勢,0.04361936517839713,0.5167516739383785,0.14495369564804342
X_false_breakdown_turn,20220324,農業科技,RANGE,盤整強勢,0.06066814049312724,0.35434022016031763,0.09296517715072526
X_false_breakdown_turn,20230524,農業科技,RANGE,盤整強勢,-0.012559226792811774,-0.03237554931216005,-0.09349413238625279
X_false_breakdown_turn,20230717,農業科技,RANGE,盤整強勢,-0.006310197165142606,-0.07435361120888237,-0.10592314923962456
X_false_breakdown_turn,20230719,農業科技,RANGE,盤整強勢,0.0038269593866384326,-0.04908716562409454,-0.08833507129860046
X_false_breakdown_turn,20231006,農業科技,BEAR,空頭弱勢,-0.023947296370294257,-0.018303764808209257,0.03822668421364578
X_false_breakdown_turn,20241217,農業科技,BEAR,空頭抗跌,0.005586188266049626,0.005352297998809728,-0.0039342095236486845
X_false_breakdown_turn,20241223,農業科技,BEAR,空頭弱勢,0.011297582262224421,-0.020501459085770782,-0.007193177476851782
X_false_breakdown_turn,20251023,農業科技,RANGE,盤整強勢,0.01633714243809374,-0.039785439570747635,-0.05758066699235351
X_false_breakdown_turn,20260630,農業科技,RANGE,盤整強勢,0.009302708744522303,0.07999398208183492,0.06052808999618023
X_false_breakdown_turn,20260707,農業科技,RANGE,盤整強勢,0.0038746656896660684,0.08290916018494056,0.0293974388029693
X_false_breakdown_turn,20211012,通信網路業,RANGE,盤整強勢,0.008491231050851304,0.09190460055079189,0.16187473093622884
X_false_breakdown_turn,20211020,通信網路業,RANGE,盤整強勢,0.06038014146347233,0.11051361580330678,0.10873922839490655
X_false_breakdown_turn,20220304,通信網路業,RANGE,盤整強勢,-0.005319056058207199,0.01829055664452465,0.03720435693396784
X_false_breakdown_turn,20220516,通信網路業,BEAR,空頭抗跌,0.0018525003510159663,0.03543105938582518,0.13653004911024125
X_false_breakdown_turn,20220708,通信網路業,RANGE,盤整強勢,0.014293003917713532,0.09511587589484503,0.056476407839783235
X_false_breakdown_turn,20231024,通信網路業,RANGE,盤整強勢,-0.007318166066779867,0.007053656414984073,0.00850293112142314
X_false_breakdown_turn,20240502,通信網路業,RANGE,盤整弱勢,0.005820516444756298,0.04591879692381014,0.0677674618772622
X_false_breakdown_turn,20240506,通信網路業,RANGE,盤整弱勢,0.005646641376783958,0.051002436925002656,0.05260838311998914
X_false_breakdown_turn,20250624,通信網路業,RANGE,盤整強勢,-0.01286497626230515,-0.01428490103588153,0.032976073967583626
X_false_breakdown_turn,20250721,通信網路業,RANGE,盤整強勢,0.008687748225015479,0.04268333007123995,0.02705148482588241
X_false_breakdown_turn,20251113,通信網路業,RANGE,盤整強勢,-0.01008445127768931,0.06361815301218161,0.1428320925872545
X_false_breakdown_turn,20251126,通信網路業,RANGE,盤整強勢,0.004115906900329284,0.08151683107184703,0.16918299399971531
X_false_breakdown_turn,20220207,造紙工業,RANGE,盤整強勢,-0.014021933451385353,-0.05265485043076619,-0.07259544342533188
X_false_breakdown_turn,20220314,造紙工業,BEAR,空頭弱勢,-0.011583125070082773,-0.039971356829154404,-0.10753185327981855
X_false_breakdown_turn,20220503,造紙工業,BEAR,空頭抗跌,-0.02429461243264429,-0.07973416179320389,-0.0998755460944024
X_false_breakdown_turn,20250402,造紙工業,RANGE,盤整強勢,0.0159422658399335,-0.003433256991775442,-0.045230000686114866
X_false_breakdown_turn,20251014,造紙工業,RANGE,盤整強勢,-0.0006690415034562476,0.010465711004296326,-0.016561714198229594
X_false_breakdown_turn,20251107,造紙工業,RANGE,盤整強勢,0.056082221434269774,0.028892989326918576,-0.04137172106066968
X_false_breakdown_turn,20251112,造紙工業,RANGE,盤整強勢,0.01392758619390978,0.010161514328917902,-0.03471681587354172
X_false_breakdown_turn,20260325,造紙工業,RANGE,盤整強勢,0.022512187055356146,-0.05461916930687,-0.03347262038174635
X_false_breakdown_turn,20211019,運動休閒,RANGE,盤整強勢,0.005274992709413277,-0.009776384646896036,-0.042052113848924155
X_false_breakdown_turn,20220209,運動休閒,RANGE,盤整強勢,-0.006201897461507808,-0.04496975119229975,0.0011481597990715617
X_false_breakdown_turn,20220318,運動休閒,RANGE,盤整強勢,-0.02597023182977593,-0.017007231985781343,0.08043187859510226
X_false_breakdown_turn,20230428,運動休閒,RANGE,盤整強勢,0.006808969815272103,-0.011330420554530247,-0.004496546794258975
X_false_breakdown_turn,20230831,運動休閒,RANGE,盤整強勢,0.008105372065166368,-0.02332101438113566,-0.0283474565545039
X_false_breakdown_turn,20231106,運動休閒,RANGE,盤整強勢,-0.019019563868691747,-0.0008978110799405456,-0.037794287872732944
X_false_breakdown_turn,20240710,運動休閒,RANGE,盤整弱勢,0.013064816830961426,0.03795474211339464,0.047415545028047845
X_false_breakdown_turn,20250908,運動休閒,RANGE,盤整弱勢,-0.004467655524351891,0.025492815926348892,0.02047185937481008
X_false_breakdown_turn,20250918,運動休閒,RANGE,盤整強勢,-0.0006197927098541417,0.009370175674352369,-0.007710665736060943
X_false_breakdown_turn,20251124,運動休閒,RANGE,盤整強勢,-0.0020292702273697096,-0.041899372889957334,-0.12151394190761333
X_false_breakdown_turn,20251126,運動休閒,RANGE,盤整強勢,-0.005591130302959742,-0.04669800911661194,-0.1081960048854696
X_false_breakdown_turn,20210818,金融保險,RANGE,盤整強勢,-0.019656330007052192,-0.0032459674386394258,-0.021033440899751538
X_false_breakdown_turn,20210823,金融保險,RANGE,盤整強勢,0.0004904620339727661,-0.007469748656100554,0.0021339436469463846
X_false_breakdown_turn,20220314,金融保險,RANGE,盤整強勢,0.0048618637713229995,0.013937039771837266,-0.04253207861425461
X_false_breakdown_turn,20220316,金融保險,RANGE,盤整強勢,0.01138015024022429,-0.0011435280181670594,-0.03607554685602288
X_false_breakdown_turn,20220621,金融保險,BEAR,空頭抗跌,-0.010982003809994327,-0.056439089303989984,-0.07053027984005283
X_false_breakdown_turn,20231011,金融保險,RANGE,盤整強勢,0.010902311759004676,0.0024942550491271575,-0.023596027001509298
X_false_breakdown_turn,20241104,金融保險,RANGE,盤整強勢,0.011539101035505775,0.033381370963057835,0.04499743190492079
X_false_breakdown_turn,20241108,金融保險,RANGE,盤整強勢,0.02215019281961719,0.029954421684302665,0.03381615309770072
X_false_breakdown_turn,20241119,金融保險,RANGE,盤整強勢,-0.001797793487734985,0.02006040396527941,0.005104040144423221
X_false_breakdown_turn,20221003,鋼鐵工業,BEAR,空頭抗跌,0.0056427907023377626,0.0124258747199004,0.04867362320772481
X_false_breakdown_turn,20221019,鋼鐵工業,BEAR,空頭抗跌,0.0030042528263368173,0.005632521663375412,0.030582572760095725
X_false_breakdown_turn,20230727,鋼鐵工業,RANGE,盤整強勢,0.01956082018293826,0.022255329134385334,0.020923563714750737
X_false_breakdown_turn,20230904,鋼鐵工業,RANGE,盤整強勢,0.005508658540477378,-0.0015313969901411366,-0.02197210906770291
X_false_breakdown_turn,20231026,鋼鐵工業,RANGE,盤整強勢,-0.0053826093051943125,-0.009774805592677793,-0.0020111256169595
X_false_breakdown_turn,20241107,鋼鐵工業,RANGE,盤整弱勢,-0.01654382163363896,-0.033788633752373565,-0.017337893648568376
X_false_breakdown_turn,20250723,鋼鐵工業,RANGE,盤整強勢,0.0030614212634958024,-0.007880035149018055,-0.05005366246492189
X_false_breakdown_turn,20260407,鋼鐵工業,RANGE,盤整強勢,-0.02397502998232378,-0.053667755822492405,-0.09414784366445143
X_false_breakdown_turn,20260511,鋼鐵工業,RANGE,盤整強勢,0.003974613791289862,-0.00898077658089294,0.010327529379076479
X_false_breakdown_turn,20260803,鋼鐵工業,RANGE,盤整弱勢,0.027917671568800456,0.012745269233510291,
X_false_breakdown_turn,20211015,電器電纜,RANGE,盤整強勢,-0.012585977376871152,0.008909214334137876,0.023975378782579423
X_false_breakdown_turn,20220628,電器電纜,BEAR,空頭抗跌,-0.018822766134045196,-0.047554721836800644,-0.03166475199310975
X_false_breakdown_turn,20231026,電器電纜,RANGE,盤整強勢,-0.01072820039966839,-0.010889764321367845,0.01001329323408083
X_false_breakdown_turn,20231030,電器電纜,RANGE,盤整弱勢,-0.009028785841083582,-0.009229285069623089,0.009713283326589689
X_false_breakdown_turn,20241122,電器電纜,RANGE,盤整弱勢,-0.01303508479607909,-0.03049208023259268,-0.0248831995745974
X_false_breakdown_turn,20251204,電器電纜,RANGE,盤整強勢,0.008038395486568713,0.0009687133148401283,-0.0812685765979328
X_false_breakdown_turn,20220513,電子通路業,RANGE,盤整強勢,0.011331519669100482,0.011833257173382895,-0.005061177461562726
X_false_breakdown_turn,20240813,電子通路業,RANGE,盤整強勢,0.0082955000555953,0.005437202819448556,0.033839836505013036
X_false_breakdown_turn,20250711,電子通路業,RANGE,盤整強勢,0.012749238234545601,-0.004689494184125762,0.010028613134447202
X_false_breakdown_turn,20220725,電子零組件業,RANGE,盤整強勢,0.0034258866822848323,0.02190789246196899,-0.0069180254137208574
X_false_breakdown_turn,20231108,電子零組件業,RANGE,盤整強勢,-0.0028063371412464146,0.0049268252892622,0.010711673253939291
X_false_breakdown_turn,20231110,電子零組件業,RANGE,盤整強勢,0.00264408493015697,0.007893237724455104,0.033679236154727885
X_false_breakdown_turn,20240430,電子零組件業,RANGE,盤整強勢,0.02113998711885406,0.043870784514938956,0.022905091724526094
X_false_breakdown_turn,20240812,電子零組件業,RANGE,盤整強勢,0.01342847144127218,0.020413305873140414,0.014566211999592966
X_false_breakdown_turn,20241125,電子零組件業,RANGE,盤整強勢,0.0028618747934862467,0.0024449090047642813,-0.011352044669630575
X_false_breakdown_turn,20241223,電子零組件業,BEAR,空頭抗跌,0.005992423615767889,-0.010712683889189615,-0.04914968630580575
X_false_breakdown_turn,20250624,電子零組件業,RANGE,盤整強勢,-0.002087912217426713,0.032121062646891636,0.12115498152508775
X_false_breakdown_turn,20220126,電機機械,RANGE,盤整強勢,0.0022462035856796216,-0.012398409883315354,-0.03205973171478779
X_false_breakdown_turn,20220311,電機機械,RANGE,盤整弱勢,-0.002867081807964007,-0.01250516243995935,0.03708983938366774
X_false_breakdown_turn,20220315,電機機械,RANGE,盤整弱勢,-0.00869617520532242,-0.023449976384339558,0.030408500309784037
X_false_breakdown_turn,20220506,電機機械,BEAR,空頭弱勢,0.012010327098363482,0.04744970168006304,0.08179118865204839
X_false_breakdown_turn,20220519,電機機械,BEAR,空頭弱勢,0.01799075639415742,0.032381189838938486,0.06298085430044122
X_false_breakdown_turn,20240111,電機機械,RANGE,盤整強勢,0.0009858163926288865,0.02833191196442944,0.08408048189422876
X_false_breakdown_turn,20240116,電機機械,RANGE,盤整強勢,-0.0038775755898699527,0.03107215755445327,0.07560246499410897
X_false_breakdown_turn,20241217,電機機械,RANGE,盤整強勢,0.03112894212313922,-0.003892146152348265,-0.011348188322814739
X_false_breakdown_turn,20250624,電機機械,RANGE,盤整強勢,-0.012333876916633846,-0.012053621069616043,-0.006702970883822761
X_false_breakdown_turn,20250626,電機機械,RANGE,盤整強勢,-0.011165523868315888,-0.006974531693034678,-0.0025722638940715095
X_false_breakdown_turn,20251021,電機機械,RANGE,盤整強勢,-0.006745520509756579,-0.019694105050807452,0.04060349959257083
X_false_breakdown_turn,20251103,電機機械,RANGE,盤整強勢,-0.001713541745936954,-0.027668678192335875,0.049094763322234634
X_false_breakdown_turn,20260812,電機機械,RANGE,盤整強勢,-0.009233953605611434,-0.026053872145179922,
X_false_breakdown_turn,20211007,電腦及週邊設備業,BEAR,空頭抗跌,0.003851227454857762,0.046452057392391874,0.11561985565817454
X_false_breakdown_turn,20220505,電腦及週邊設備業,BEAR,空頭抗跌,0.0033810114188933676,0.01629742304642178,0.06838242522942946
X_false_breakdown_turn,20220718,電腦及週邊設備業,RANGE,盤整強勢,0.007450621228984185,0.03865483972230298,0.01956441058601692
X_false_breakdown_turn,20231025,電腦及週邊設備業,RANGE,盤整強勢,-0.007898165595557931,-4.110293782721985e-06,0.028708628974095693
X_false_breakdown_turn,20231107,電腦及週邊設備業,RANGE,盤整強勢,-0.001938882397199213,0.004971431763879361,0.027552327576509834
X_false_breakdown_turn,20240429,電腦及週邊設備業,RANGE,盤整強勢,-0.005056379140356507,0.07470560915993206,-0.0016240262165211697
X_false_breakdown_turn,20250624,電腦及週邊設備業,RANGE,盤整強勢,-0.009550011294819305,0.010052355908697248,0.04499634985056578
X_false_breakdown_turn,20260311,電腦及週邊設備業,RANGE,盤整強勢,0.024876942511626407,0.011805348421139046,0.16877748616615373
X_false_breakdown_turn,20260805,電腦及週邊設備業,RANGE,盤整強勢,0.012178414805401935,-0.03024234597190366,
X_false_breakdown_turn,20210902,食品工業,RANGE,盤整強勢,0.003934551117765257,0.015022028378273305,6.312177261197371e-05
X_false_breakdown_turn,20220621,食品工業,RANGE,盤整強勢,0.008062651005747807,0.01616930799306983,-0.00693595716474555
X_false_breakdown_turn,20220623,食品工業,RANGE,盤整強勢,0.02953579897016219,0.0069294760337622885,-0.006213683165624686
X_false_breakdown_turn,20220707,食品工業,RANGE,盤整強勢,-0.0019790947270887406,-0.01832343545733173,-0.016192837132392786
X_false_breakdown_turn,20230720,食品工業,RANGE,盤整弱勢,-0.0022871688263375635,0.012961741347429868,-0.01751840091451618
X_false_breakdown_turn,20240425,食品工業,RANGE,盤整弱勢,-0.0018537479332653393,-0.009749429318445461,0.003715027606210522
X_false_breakdown_turn,20260306,食品工業,RANGE,盤整強勢,-0.02668748666896732,-0.028832889471069368,-0.165482614202736
X_strong_leader,20230206,光電業,BULL,多頭強勢,-0.003912385638785866,0.028005917431966836,-0.0034938826022331004
X_strong_leader,20230322,光電業,BULL,多頭強勢,0.0018666227345684983,-0.020946029629049207,-0.03184885393724855
X_strong_leader,20230324,光電業,BULL,多頭強勢,0.000114563768023575,-0.02264073885371041,-0.03709117429687418
X_strong_leader,20230710,光電業,BULL,多頭強勢,0.0010492442869365123,-0.0069945828160777115,-0.00900489158386536
X_strong_leader,20240115,光電業,BULL,多頭強勢,0.0196021688539067,0.04455885053004913,0.004884946219096686
X_strong_leader,20240118,光電業,BULL,多頭強勢,0.017721898393546626,0.019648022407266964,0.003312509353600987
X_strong_leader,20240325,光電業,BULL,多頭強勢,0.006816946666573972,-0.004398923200762114,0.07072434311029943
X_strong_leader,20240516,光電業,BULL,多頭強勢,0.010433437025547143,0.0365442426200583,0.04358089935642712
X_strong_leader,20260416,光電業,BULL,多頭強勢,-0.015038451278863604,0.05470460551644627,0.04777084536759532
X_strong_leader,20260504,光電業,BULL,多頭強勢,-0.0013933394850388948,0.060127777155449515,-0.0895338871659355
X_strong_leader,20240716,其他,BULL,多頭強勢,0.012129992013148967,0.03241220255300927,0.02246746775992208
X_strong_leader,20240719,其他,BULL,多頭強勢,0.0041225706309697815,0.02109964704302202,0.010645854222705399
X_strong_leader,20211224,其他電子業,BULL,多頭強勢,0.013430156153892772,-0.005217487032615625,-0.02872051206105044
X_strong_leader,20211229,其他電子業,BULL,多頭強勢,-0.010073029482473754,-0.005156496318666347,-0.047970574426705624
X_strong_leader,20220208,其他電子業,BULL,多頭強勢,-0.0015245473100590082,-0.019626105182781847,-0.07323564246159935
X_strong_leader,20230202,其他電子業,BULL,多頭強勢,-0.0010787710687155084,0.0036156137106295727,0.014756167272354362
X_strong_leader,20230207,其他電子業,BULL,多頭強勢,-0.00864086340849487,0.005444663433405612,0.008309798297436319
X_strong_leader,20230307,其他電子業,BULL,多頭強勢,-0.0024646539193676244,0.01669297716903165,0.008871835228430547
X_strong_leader,20230310,其他電子業,BULL,多頭強勢,0.006904692763241186,0.01919765235500851,0.02183391259209598
X_strong_leader,20230615,其他電子業,BULL,多頭強勢,-0.013250687439620223,0.014637602348914674,0.015433550673215508
X_strong_leader,20230713,其他電子業,BULL,多頭強勢,-0.009692782064734388,0.0037635842871929295,0.0032658695589427647
X_strong_leader,20230727,其他電子業,BULL,多頭強勢,0.003577261632023994,0.007624501885127984,-0.014728244884537334
X_strong_leader,20240305,其他電子業,BULL,多頭強勢,-0.01302245897559123,0.029131625505840676,0.05417274564475909
X_strong_leader,20240322,其他電子業,BULL,多頭強勢,0.0026440071432769652,-0.003018342905609688,0.06347589321632709
X_strong_leader,20240524,其他電子業,BULL,多頭強勢,0.009381061911379744,0.04262114785090999,0.06997884536472081
X_strong_leader,20240701,其他電子業,BULL,多頭強勢,0.011806117514914756,-0.02015392991223934,0.017722083068658377
X_strong_leader,20260311,其他電子業,BULL,多頭強勢,0.015265628484791613,0.06416399720726577,0.14672226233172636
X_strong_leader,20260316,其他電子業,BULL,多頭強勢,0.005723738940040291,0.07641067026468275,0.13066647972847276
X_strong_leader,20260325,其他電子業,BULL,多頭強勢,-0.013278208746206147,0.09947129887811595,0.1361604140327628
X_strong_leader,20260408,其他電子業,BULL,多頭強勢,0.03452602197911467,0.08808908128660899,0.09783091344208754
X_strong_leader,20260420,其他電子業,BULL,多頭強勢,0.015344655922725686,0.012773644775904067,-0.029344106441439106
X_strong_leader,20260422,其他電子業,BULL,多頭強勢,0.010018235638423372,0.03828912840475037,-0.03687145517690921
X_strong_leader,20260625,其他電子業,BULL,多頭強勢,0.011699451850467397,-0.04563177741528403,-0.017308095444522886
X_strong_leader,20211229,化學工業,BULL,多頭強勢,0.010035095123351363,-0.015319066462134344,0.03483562042176989
X_strong_leader,20220215,化學工業,BULL,多頭強勢,-0.004383573557519749,-0.0076739370635146706,0.005733430527082833
X_strong_leader,20230406,化學工業,BULL,多頭強勢,-0.008212377355580142,0.021840470419096966,-0.00615462042858661
X_strong_leader,20230424,化學工業,BULL,多頭強勢,0.028111302307010148,-0.0022793847586931038,0.009079483671030238
X_strong_leader,20230720,化學工業,BULL,多頭強勢,-0.0025460471889223214,-0.011418458842541244,0.011696293806324191
X_strong_leader,20230726,化學工業,BULL,多頭強勢,0.003424293076468002,-0.011262298672771898,0.020599825324353616
X_strong_leader,20240327,化學工業,BULL,多頭強勢,-0.003699232377261148,-0.015670432257093157,-0.02072583801565095
X_strong_leader,20241023,化學工業,BULL,多頭強勢,-0.014724558609154085,-0.03066435591194508,-0.03084248860593828
X_strong_leader,20250901,化學工業,BULL,多頭強勢,0.0045818381665833005,0.036116929490269976,0.0123883039582674
X_strong_leader,20250930,化學工業,BULL,多頭強勢,0.008147533270891946,-0.01180416053832281,0.023437060544100344
X_strong_leader,20260414,化學工業,BULL,多頭強勢,0.04408118936585686,0.08649575787453823,0.09533307989028926
X_strong_leader,20260630,化學工業,BULL,多頭強勢,-0.0009725589640443792,-0.08611143775527944,-0.030221126985295752
X_strong_leader,20260702,化學工業,BULL,多頭強勢,-0.025951550040460764,-0.07650144125055502,-0.027837155354692833
X_strong_leader,20210722,半導體業,BULL,多頭強勢,-0.005293658752292291,-0.04770358314671869,-0.060120182512601934
X_strong_leader,20211116,半導體業,BULL,多頭強勢,-0.015509518689054907,-0.048305940541284904,-0.09959991295779103
X_strong_leader,20230201,半導體業,BULL,多頭強勢,0.0059553278737666734,-0.00842886472382598,-0.05056091947633745
X_strong_leader,20230309,半導體業,BULL,多頭強勢,0.012978105222013347,0.03470020006495654,-0.01952288562692299
X_strong_leader,20230714,半導體業,BULL,多頭強勢,-0.008306804445886676,-0.023085617179090315,0.058106462651237076
X_strong_leader,20240402,半導體業,BULL,多頭強勢,-0.013694129816785769,-0.07417685142650116,-0.02465186162981331
X_strong_leader,20250826,半導體業,BULL,多頭強勢,0.014937593493290942,0.08155597584106987,0.08280585740372026
X_strong_leader,20250829,半導體業,BULL,多頭強勢,0.03295118460269372,0.06994736195600709,0.10094228930847952
X_strong_leader,20250908,半導體業,BULL,多頭強勢,0.02781996325970206,0.06392443831379524,0.08392439017486361
X_strong_leader,20250916,半導體業,BULL,多頭強勢,0.017454069566956002,0.04132819277620436,0.04352525267496986
X_strong_leader,20251007,半導體業,BULL,多頭強勢,0.013229655272387376,0.007359428521741963,0.09297371323419033
X_strong_leader,20220303,塑膠工業,BULL,多頭強勢,-0.01015967218201995,-0.016122417647613206,-0.05750888442658682
X_strong_leader,20240719,塑膠工業,BULL,多頭強勢,0.003903750643625927,-0.02375970935812489,-0.062488410802482984
X_strong_leader,20240729,塑膠工業,BULL,多頭強勢,0.0015996700940723585,-0.02720890186752867,-0.05302198879053725
X_strong_leader,20260127,塑膠工業,BULL,多頭強勢,-0.016985407236683105,0.06848696491630886,-0.016843758574559158
X_strong_leader,20260129,塑膠工業,BULL,多頭強勢,-0.010700050775863099,0.043646162940200295,-0.01148896451971218
X_strong_leader,20260209,塑膠工業,BULL,多頭強勢,0.02482854261275067,0.09332971068621054,-0.024319695350934468
X_strong_leader,20260211,塑膠工業,BULL,多頭強勢,0.02488919508383337,0.08434301140455538,-0.053636722079281586
X_strong_leader,20260225,塑膠工業,BULL,多頭強勢,0.03741078448846264,0.07432873436339482,-0.07631613060375429
X_strong_leader,20260306,塑膠工業,BULL,多頭強勢,-0.016037696442376136,0.015502143189664874,-0.10962438289696005
X_strong_leader,20260312,塑膠工業,BULL,多頭強勢,0.02127669379265411,0.052739549445852796,-0.09639907417453215
X_strong_leader,20260323,塑膠工業,BULL,多頭強勢,0.03548456670733552,-0.030438155989017106,-0.0989483954255884
X_strong_leader,20220225,居家生活,BULL,多頭強勢,0.009206558259590485,0.019271552751440827,0.018719258913784592
X_strong_leader,20230224,居家生活,BULL,多頭強勢,-0.00999449290436413,-0.005185998174709661,-0.023264239892818547
X_strong_leader,20230303,居家生活,BULL,多頭強勢,-0.008245715141492319,-0.002975583607341828,-0.03694505746729573
X_strong_leader,20230331,居家生活,BULL,多頭強勢,-0.0036248543925033443,-0.013484522909142045,-0.028631845181203944
X_strong_leader,20230613,居家生活,BULL,多頭強勢,-0.005562764412717629,0.0008286334165746086,-0.0043380371945449595
X_strong_leader,20230703,居家生活,BULL,多頭強勢,0.005036555440112958,-0.01382235863819719,-0.0032320036129890387
X_strong_leader,20230712,居家生活,BULL,多頭強勢,-0.012627483988762534,-0.006025209893420664,-0.003492363277840936
X_strong_leader,20231208,居家生活,BULL,多頭強勢,0.008483902036276698,0.02714678490800843,0.04069622206814221
X_strong_leader,20231215,居家生活,BULL,多頭強勢,0.012953981014050361,0.019944421857327893,0.032496829205084295
X_strong_leader,20231219,居家生活,BULL,多頭強勢,0.015970977389330267,0.02165444926632301,0.03001436138801615
X_strong_leader,20231225,居家生活,BULL,多頭強勢,-1.9905253249003223e-05,-0.006177120347442751,0.017506867756336655
X_strong_leader,20240307,居家生活,BULL,多頭強勢,-0.0037194830259869548,-0.003379492614077946,0.012305150724361877
X_strong_leader,20240416,居家生活,BULL,多頭強勢,0.0023334661844740664,0.011519726387698104,-0.06351147228902576
X_strong_leader,20230406,建材營造,BULL,多頭強勢,-0.006372836190820547,-0.011262181765035698,-0.01916202878225015
X_strong_leader,20230427,建材營造,BULL,多頭強勢,-0.003837293811906388,0.0074078413992651505,-0.009879453891401269
X_strong_leader,20230512,建材營造,BULL,多頭強勢,-0.004334338304924475,-0.007093153545437353,0.011649417506171125
X_strong_leader,20240711,建材營造,BULL,多頭強勢,0.0578927191521971,0.08140621265814349,-0.08678696610075039
X_strong_leader,20230424,數位雲端,BULL,多頭強勢,0.04664183139797956,-0.006821550759000428,-0.051646435199963196
X_strong_leader,20231226,數位雲端,BULL,多頭強勢,-0.003326540316604026,-0.019833266188876583,-0.1197686539594518
X_strong_leader,20240129,數位雲端,BULL,多頭強勢,-0.008911147583203844,-0.06823929046645799,-0.131341426368168
X_strong_leader,20240715,數位雲端,BULL,多頭強勢,-0.018927990918746616,-0.03226245097382368,-0.003366366206437467
X_strong_leader,20250327,數位雲端,BULL,多頭強勢,0.006480559564798205,0.06051263149947593,0.07084578618309542
X_strong_leader,20250805,數位雲端,BULL,多頭強勢,0.0029381124162269276,-0.030093059892147778,-0.06765896234211342
X_strong_leader,20250910,數位雲端,BULL,多頭強勢,-0.012693838637926332,-0.03350630876704545,-0.09643191919370277
X_strong_leader,20220104,文化創意業,BULL,多頭強勢,-0.02389149366276387,-0.02921072514478463,-0.05207352683205587
X_strong_leader,20230330,文化創意業,BULL,多頭強勢,-0.028833044751988512,-0.005109721985054605,-0.0004945359373823982
X_strong_leader,20230428,文化創意業,BULL,多頭強勢,0.011883231720484088,-0.030375718400249982,-0.028497897602944126
X_strong_leader,20230503,文化創意業,BULL,多頭強勢,0.004340628584985989,-0.016104724282409333,-0.055268225173734344
X_strong_leader,20230601,文化創意業,BULL,多頭強勢,0.01600021140424537,-0.005999085708153346,-0.03361388595249898
X_strong_leader,20240506,文化創意業,BULL,多頭強勢,-0.0015292768432422091,0.0006932675499718294,0.0594721817305309
X_strong_leader,20240612,文化創意業,BULL,多頭強勢,0.00046286804568973494,0.02317322603312505,0.061512474713631304
X_strong_leader,20240617,文化創意業,BULL,多頭強勢,0.022884214734892265,0.01286328258220814,0.05389117053311193
X_strong_leader,20240627,文化創意業,BULL,多頭強勢,-0.02677299132078807,-0.00464575346755243,0.008313743332325815
X_strong_leader,20250704,文化創意業,BULL,多頭強勢,-0.014043217595724718,-0.055238108108049945,-0.1039512529110983
X_strong_leader,20230328,橡膠工業,BULL,多頭強勢,-0.01334612988247826,-0.0446281278304718,-0.08208237508684921
X_strong_leader,20230616,橡膠工業,BULL,多頭強勢,-0.006955367039731244,-0.05109298758504838,-0.018985062027815365
X_strong_leader,20240711,橡膠工業,BULL,多頭強勢,-0.01305399985446984,0.02925361123343892,-0.012752236798387509
X_strong_leader,20240801,橡膠工業,BULL,多頭強勢,0.015459115660483996,-0.0027323848352580945,-0.022561268301943632
X_strong_leader,20260330,橡膠工業,BULL,多頭強勢,-0.009324798713022515,-0.055052760298232896,-0.1105205589627896
X_strong_leader,20230216,水泥工業,BULL,多頭強勢,0.030585246261824777,0.005420206386137834,0.029307935627483322
X_strong_leader,20230220,水泥工業,BULL,多頭強勢,-0.014347792189277711,-0.02497397397559384,8.977558619131798e-05
X_strong_leader,20230411,水泥工業,BULL,多頭強勢,-0.008475980035422681,0.04328909891729507,-0.01049091428075545
X_strong_leader,20230421,水泥工業,BULL,多頭強勢,0.00029352670883691506,-0.01796930152197922,-0.032519792272167315
X_strong_leader,20230609,水泥工業,BULL,多頭強勢,0.008416753066029955,-0.006839162524154324,-0.03869134379867511
X_strong_leader,20230620,水泥工業,BULL,多頭強勢,-0.00863872413327112,-0.035573978955883996,-0.04642744038136801
X_strong_leader,20240605,水泥工業,BULL,多頭強勢,-0.01288438133375995,-0.023237443171368805,-0.03670374958662846
X_strong_leader,20240624,水泥工業,BULL,多頭強勢,-0.0069115247053882075,-0.02763806257245634,-0.031960434856294594
X_strong_leader,20220105,汽車工業,BULL,多頭強勢,-0.006156055398197968,-0.009219380361530187,-0.06485448798095858
X_strong_leader,20230217,汽車工業,BULL,多頭強勢,-0.009579746984018504,0.015785268822846147,0.03618037236570322
X_strong_leader,20230310,汽車工業,BULL,多頭強勢,-0.0011313617912877515,0.020022554495740787,0.05098273961104437
X_strong_leader,20230413,汽車工業,BULL,多頭強勢,-0.01715080408970819,-0.01392846044100335,0.03546127405132201
X_strong_leader,20230502,汽車工業,BULL,多頭強勢,0.006070238105527021,0.04010808968094727,0.04485830508032126
X_strong_leader,20230516,汽車工業,BULL,多頭強勢,0.001512576401376007,0.05650385866520136,0.0021303990650189675
X_strong_leader,20230613,汽車工業,BULL,多頭強勢,-0.007833175108911565,-0.018490609547092328,-0.014556546749569639
X_strong_leader,20231211,汽車工業,BULL,多頭強勢,-0.028466499106335755,-0.04778855324026199,-0.05522968162526726
X_strong_leader,20240507,汽車工業,BULL,多頭強勢,0.005117857914503682,-0.0044387803701648465,-0.06730535980052826
X_strong_leader,20240716,汽車工業,BULL,多頭強勢,-0.013805751790431246,-0.015474536353888048,0.023617318022759175
X_strong_leader,20260703,汽車工業,BULL,多頭強勢,-0.022280300115649916,-0.03711009907244786,-0.0576294093076356
X_strong_leader,20210809,油電燃氣業,BULL,多頭強勢,0.03861004513293751,0.03202443549251825,0.02809763386488723
X_strong_leader,20230519,油電燃氣業,BULL,多頭強勢,-0.009231890070652043,-0.030583237461050523,-0.04218184957879666
X_strong_leader,20260323,油電燃氣業,BULL,多頭強勢,-0.013942385233902736,-0.08282587873757752,-0.11859789968604138
X_strong_leader,20230420,玻璃陶瓷,BULL,多頭強勢,0.026972783591787123,-0.047660797053612786,-0.0891813790410094
X_strong_leader,20230605,玻璃陶瓷,BULL,多頭強勢,-0.008055516183117869,-0.0028801197084758843,0.013762561102948573
X_strong_leader,20230616,玻璃陶瓷,BULL,多頭強勢,-0.03413724449532877,-0.06865199450337583,-0.04343545127715443
X_strong_leader,20230707,玻璃陶瓷,BULL,多頭強勢,-0.03998113717846381,-0.004770788331564132,-0.053712326743907586
X_strong_leader,20240216,玻璃陶瓷,BULL,多頭強勢,0.055796741123118894,-0.03245915709325859,-0.0774229595751969
X_strong_leader,20240418,玻璃陶瓷,BULL,多頭強勢,0.009776216062732775,-0.008369034152492023,0.0006732992579468605
X_strong_leader,20260511,玻璃陶瓷,BULL,多頭強勢,0.0006290605710635236,0.05427210923172418,0.019596839097814883
X_strong_leader,20260525,玻璃陶瓷,BULL,多頭強勢,0.0020630697156714707,0.011027658003918306,-0.0003539848414975318
X_strong_leader,20260527,玻璃陶瓷,BULL,多頭強勢,0.03509066990331332,0.00639471552224154,0.00744211812386473
X_strong_leader,20260604,玻璃陶瓷,BULL,多頭強勢,-0.05170034127733898,-0.021886990836874967,-0.03401404996157696
X_strong_leader,20230206,生技醫療業,BULL,多頭強勢,-0.010166014128855028,-0.0428892093817222,0.026273471679023996
X_strong_leader,20230327,生技醫療業,BULL,多頭強勢,0.017863656029284775,0.04062425777448586,0.006503651196269902
X_strong_leader,20230329,生技醫療業,BULL,多頭強勢,0.007277696812718467,0.0460404744483398,0.008528513539661081
X_strong_leader,20230406,生技醫療業,BULL,多頭強勢,0.003992003854493026,0.04129939874393328,-0.015749629566144674
X_strong_leader,20230412,生技醫療業,BULL,多頭強勢,0.012789381306480292,0.006875835772610202,-0.031030424799068132
X_strong_leader,20230417,生技醫療業,BULL,多頭強勢,0.0008902864623260044,-0.004662131350174642,-0.03189965569769394
X_strong_leader,20230428,生技醫療業,BULL,多頭強勢,0.0027513802247047577,-0.0388685554692003,-0.041415356066861135
X_strong_leader,20230719,生技醫療業,BULL,多頭強勢,-0.018523659989550106,-0.035559737605005415,-0.07198119668624231
X_strong_leader,20240401,生技醫療業,BULL,多頭強勢,0.0034807361684992214,-0.040504537592635545,0.008064448834363622
X_strong_leader,20250930,生技醫療業,BULL,多頭強勢,-0.010789321561519419,-0.019877058562074473,-0.0466624343880747
X_strong_leader,20240424,紡織纖維,BULL,多頭強勢,0.008578345358252155,-0.008073580964487945,-0.009377610895116795
X_strong_leader,20211213,綠能環保,BULL,多頭強勢,-0.001302932999152736,0.022063832076973194,0.1653817930049853
X_strong_leader,20211229,綠能環保,BULL,多頭強勢,0.005193596406825303,0.033894292678865325,0.14017825461278274
X_strong_leader,20220110,綠能環保,BULL,多頭強勢,-0.014908499075565459,0.05838462331903349,0.14932049831718355
X_strong_leader,20220207,綠能環保,BULL,多頭強勢,0.03968349143926587,0.08786549713684459,0.13356923410570318
X_strong_leader,20230505,綠能環保,BULL,多頭強勢,0.005061124670647857,-0.02477853457196632,-0.005294409635453887
X_strong_leader,20230718,綠能環保,BULL,多頭強勢,-0.009564947332390635,-0.0005842515998113126,-0.003475358453867247
X_strong_leader,20230720,綠能環保,BULL,多頭強勢,0.003967626475676885,-0.0017600904643258128,0.0022271758941668704
X_strong_leader,20240122,綠能環保,BULL,多頭強勢,-0.009353810100557206,0.024392823924446333,0.06363544793844617
X_strong_leader,20240126,綠能環保,BULL,多頭強勢,-0.0002878410710241289,0.05620966231529099,0.07273701858945229
X_strong_leader,20240220,綠能環保,BULL,多頭強勢,0.017504561856036986,0.02581842752874968,0.03730842839130884
X_strong_leader,20240301,綠能環保,BULL,多頭強勢,0.00013741440273743084,0.009809780286316912,-0.0045963957606980355
X_strong_leader,20240306,綠能環保,BULL,多頭強勢,-0.009521401842474915,-0.0033416691980183884,-0.0331417824985239
X_strong_leader,20240521,綠能環保,BULL,多頭強勢,-0.01636031932456304,0.00549415072322855,0.11717479625766297
X_strong_leader,20240626,綠能環保,BULL,多頭強勢,0.031410412113749675,0.05113604597347585,0.050881830158374414
X_strong_leader,20220401,航運業,BULL,多頭強勢,0.004474306511664903,0.05831193646398792,-0.1178552221234423
X_strong_leader,20220414,航運業,BULL,多頭強勢,0.03937314037617127,0.013097469623743932,-0.11062892105708724
X_strong_leader,20220418,航運業,BULL,多頭強勢,0.00505576928088395,-0.003277072447475396,-0.09952842354892422
X_strong_leader,20220425,航運業,BULL,多頭強勢,0.038005371094381464,0.014280206457956565,-0.10136299407695158
X_strong_leader,20230303,航運業,BULL,多頭強勢,0.0005690184708095763,-0.01432889777991129,-0.053154503062521036
X_strong_leader,20230407,航運業,BULL,多頭強勢,0.024176224485372308,-0.03431245549076466,-0.06735947065405937
X_strong_leader,20230413,航運業,BULL,多頭強勢,-0.010267185000068664,-0.03321833466598287,-0.09927329659614428
X_strong_leader,20230525,航運業,BULL,多頭強勢,-0.014936851155733663,-0.018916310159522602,-0.05281377441599183
X_strong_leader,20240411,航運業,BULL,多頭強勢,0.005506859649349268,0.08568335373903277,0.022722365472741715
X_strong_leader,20240424,航運業,BULL,多頭強勢,0.0059972008292689845,0.061579533563397196,-0.019106070138092623
X_strong_leader,20240509,航運業,BULL,多頭強勢,0.008695472690414721,0.04331031113766925,-0.033345015323005475
X_strong_leader,20251014,航運業,BULL,多頭強勢,-0.021623456180572143,-0.03616286750447889,-0.0242880115576266
X_strong_leader,20251016,航運業,BULL,多頭強勢,-0.029941194757032143,-0.03327107376401321,-0.032881659163604124
X_strong_leader,20260303,航運業,BULL,多頭強勢,-0.03203146958373601,-0.06298682199929216,-0.13374656161434972
X_strong_leader,20220429,觀光餐旅,BULL,多頭強勢,0.00981787340725761,0.015522550495101747,0.10293579448039739
X_strong_leader,20220916,觀光餐旅,BULL,多頭強勢,0.06699740029075246,0.04857681247211909,0.08847516831393959
X_strong_leader,20220927,觀光餐旅,BULL,多頭強勢,0.013035888201648922,-0.020917734880777555,0.044966058641230836
X_strong_leader,20230207,觀光餐旅,BULL,多頭強勢,0.05817547244686553,0.11953674099570805,0.12685424031907405
X_strong_leader,20230131,貿易百貨,BULL,多頭強勢,-0.020434282205771967,-0.0357409311599268,-0.11013780658221646
X_strong_leader,20230628,貿易百貨,BULL,多頭強勢,-0.012737088626161337,-0.022958650755166808,-0.009237727981766197
X_strong_leader,20241105,貿易百貨,BULL,多頭強勢,0.0017317622467724822,-0.0007867602202399245,-0.05300019860857862
X_strong_leader,20260709,貿易百貨,BULL,多頭強勢,0.04567459405939071,0.017378716550607083,-0.010654042754561558
X_strong_leader,20260714,貿易百貨,BULL,多頭強勢,0.013982100156999997,-0.0030904476072725513,
X_strong_leader,20230215,資訊服務業,BULL,多頭強勢,0.036034379433957237,0.15782133322466027,0.3087411244577559
X_strong_leader,20230725,資訊服務業,BULL,多頭強勢,-0.027226236040493523,-0.05150131260757904,-0.04355736036990721
X_strong_leader,20240110,資訊服務業,BULL,多頭強勢,0.017571956153603126,0.0056989652666012205,-0.001596225653525657
X_strong_leader,20240119,資訊服務業,BULL,多頭強勢,-0.013235011777184433,-0.016323166731667067,-0.05525134782486599
X_strong_leader,20240710,資訊服務業,BULL,多頭強勢,-8.073351498157641e-05,-0.040962866027483474,-0.02925946516546224
X_strong_leader,20240716,資訊服務業,BULL,多頭強勢,-0.026096126500148302,-0.04323347573214218,-0.039189651459692616
X_strong_leader,20220221,農業科技,BULL,多頭強勢,-0.002762025480971049,-0.011040411049206458,0.2964546979553696
X_strong_leader,20230302,農業科技,BULL,多頭強勢,-0.02132722158793368,-0.02898169108873125,-0.11585133083517297
X_strong_leader,20230324,農業科技,BULL,多頭強勢,-0.011658025361713424,-0.028046980794013444,-0.10602566450745636
X_strong_leader,20230407,農業科技,BULL,多頭強勢,-0.029701898493962722,-0.07157370531326933,-0.1377887383553469
X_strong_leader,20240329,農業科技,BULL,多頭強勢,0.0011863819748285688,-0.035978781685002105,-0.02775896217567178
X_strong_leader,20240422,農業科技,BULL,多頭強勢,-0.02943248533647788,-0.029316729858089127,-0.10637220678918213
X_strong_leader,20260312,農業科技,BULL,多頭強勢,-0.016838125002594254,-0.042542355058188264,-0.14459710460197067
X_strong_leader,20230307,通信網路業,BULL,多頭強勢,-0.004577391809335422,0.035769679714415394,0.026585407845692688
X_strong_leader,20230323,通信網路業,BULL,多頭強勢,0.01170658109574438,-0.014427635046857646,-0.014356814914671112
X_strong_leader,20230712,通信網路業,BULL,多頭強勢,0.006736661043524361,-0.022849925609309502,0.017555104121879807
X_strong_leader,20240124,通信網路業,BULL,多頭強勢,0.007119230248961151,0.05549632504714604,-0.03998206035939719
X_strong_leader,20240201,通信網路業,BULL,多頭強勢,0.015628169954425706,0.02577209475056637,-0.040317553521896934
X_strong_leader,20240221,通信網路業,BULL,多頭強勢,-0.0060530756740399955,-0.017395873959793254,-0.05001042899531703
X_strong_leader,20260522,通信網路業,BULL,多頭強勢,-0.016312841713002405,-0.07610028705224675,-0.1316402600702084
X_strong_leader,20230602,造紙工業,BULL,多頭強勢,0.020935063306280935,0.03165739312217177,-0.005784987930584698
X_strong_leader,20230607,造紙工業,BULL,多頭強勢,-0.017968166432635536,-0.009086112526297947,-0.03556832674111583
X_strong_leader,20230724,造紙工業,BULL,多頭強勢,0.02316071804057662,-0.073872866928685,-0.08345910223672602
X_strong_leader,20260622,造紙工業,BULL,多頭強勢,0.002256499661219987,0.013383281548643655,0.02928737633540516
X_strong_leader,20210802,運動休閒,BULL,多頭強勢,0.021212756074612607,-0.010221591138512266,-0.006880215254175558
X_strong_leader,20220106,運動休閒,BULL,多頭強勢,-0.0023865125578636792,0.004424419753076048,-0.03364966150695875
X_strong_leader,20230130,運動休閒,BULL,多頭強勢,0.0009586671767884448,0.010349732688221563,-0.08233249049253218
X_strong_leader,20230209,運動休閒,BULL,多頭強勢,0.0034314954382907575,-0.015541195807698902,-0.07434871860073698
X_strong_leader,20230213,運動休閒,BULL,多頭強勢,-0.011620161862894503,-0.04149866211552435,-0.0913237667030856
X_strong_leader,20230224,運動休閒,BULL,多頭強勢,-0.00037910605441545883,-0.036908366151812255,-0.09962979872969512
X_strong_leader,20240508,運動休閒,BULL,多頭強勢,0.016633503381173184,-0.024625990890433325,-0.0057191454224852015
X_strong_leader,20241104,運動休閒,BULL,多頭強勢,-0.020546841159286663,-0.014448212868901956,0.009444218366424513
X_strong_leader,20241108,運動休閒,BULL,多頭強勢,-0.006312813392055559,0.00150197271182388,0.002882225811947546
X_strong_leader,20230509,金融保險,BULL,多頭強勢,0.0058982714680887,0.0015802838896570234,0.03818150881684076
X_strong_leader,20230519,金融保險,BULL,多頭強勢,-0.003822224900978927,-0.016449780083463657,0.023272442642159673
X_strong_leader,20230711,金融保險,BULL,多頭強勢,0.017110149865502692,0.04517264701665727,0.01282309888382542
X_strong_leader,20230714,金融保險,BULL,多頭強勢,0.008050887671990067,0.025831033796139255,0.01548388614922612
X_strong_leader,20230721,金融保險,BULL,多頭強勢,0.011145630003585845,0.011582533985876144,0.018389414103084235
X_strong_leader,20230726,金融保險,BULL,多頭強勢,0.0024141739582586395,-0.0008022216546737515,-0.0018403359726366086
X_strong_leader,20240611,金融保險,BULL,多頭強勢,0.010128854722863019,0.011696682039256279,-0.006809216082219995
X_strong_leader,20240619,金融保險,BULL,多頭強勢,-0.013727459693286474,-0.01051076281085369,-0.026333719110756687
X_strong_leader,20240624,金融保險,BULL,多頭強勢,-0.009460579991000542,-0.005502630307443984,-0.019450540095566425
X_strong_leader,20240703,金融保險,BULL,多頭強勢,0.016965975088162867,0.004180328552882612,-0.02526566227452972
X_strong_leader,20240712,金融保險,BULL,多頭強勢,-0.01296917307717458,-0.005277662464244999,-0.013833355766313483
X_strong_leader,20250326,金融保險,BULL,多頭強勢,0.01003541727999066,0.021564635232084295,0.03252372130008595
X_strong_leader,20250911,金融保險,BULL,多頭強勢,-0.010365186573729038,0.027684093222869514,0.05774419227074423
X_strong_leader,20250924,金融保險,BULL,多頭強勢,0.01669970340325834,0.028200777602337496,0.07810575367751374
X_strong_leader,20250930,金融保險,BULL,多頭強勢,0.0047464185953246954,0.020729922045681887,0.05803117132138437
X_strong_leader,20251003,金融保險,BULL,多頭強勢,0.017447656707116004,0.026430426435828814,0.06655287035575914
X_strong_leader,20251015,金融保險,BULL,多頭強勢,-0.0007406674149458767,0.024740714485690606,0.05745018912880193
X_strong_leader,20251104,金融保險,BULL,多頭強勢,0.007929559088888549,0.009748811472435741,0.04451846400216718
X_strong_leader,20251106,金融保險,BULL,多頭強勢,0.006603452189549337,0.011707228346319744,0.04429086676967483
X_strong_leader,20260327,金融保險,BULL,多頭強勢,0.022006860075513147,0.01771989821105916,0.1410129838395632
X_strong_leader,20260529,金融保險,BULL,多頭強勢,0.03798249106563902,0.061409120877271225,0.08293596590322767
X_strong_leader,20260615,金融保險,BULL,多頭強勢,-0.010064387591515504,-0.0041311524462414925,0.0766641415090697
X_strong_leader,20220302,鋼鐵工業,BULL,多頭強勢,0.018028397248761957,0.01211482977964912,-0.0689374226276506
X_strong_leader,20240520,鋼鐵工業,BULL,多頭強勢,-0.021511504202583215,-0.051956571773689814,-0.07780785993214745
X_strong_leader,20260324,鋼鐵工業,BULL,多頭強勢,-0.002801666160700117,-0.04907428963641247,-0.0735902520552372
X_strong_leader,20211229,電器電纜,BULL,多頭強勢,-0.01910603874952828,-0.001488652051768423,-0.004605402347177346
X_strong_leader,20220304,電器電纜,BULL,多頭強勢,-0.008312108600303895,-0.017105758848443085,-0.02494291162946671
X_strong_leader,20220414,電器電纜,BULL,多頭強勢,0.003958719129473467,-0.0398245926741224,-0.07361401244279422
X_strong_leader,20230117,電器電纜,BULL,多頭強勢,0.0018129688795529356,-0.030139822263051008,-0.018295427657474064
X_strong_leader,20230309,電器電纜,BULL,多頭強勢,0.0038933287398717816,0.008922257435590261,0.06801177278198618
X_strong_leader,20230413,電器電纜,BULL,多頭強勢,-0.0009711413299745963,0.0075360029213879225,0.07690349033035956
X_strong_leader,20230516,電器電纜,BULL,多頭強勢,-0.006160339454923804,0.013170997396289248,0.049997366138636784
X_strong_leader,20230522,電器電纜,BULL,多頭強勢,0.0008310747936020402,0.024373273670516435,0.061688796825831387
X_strong_leader,20230526,電器電纜,BULL,多頭強勢,0.012324865436647695,0.001765043090246117,0.05410906784638747
X_strong_leader,20230608,電器電纜,BULL,多頭強勢,-0.005853628773372274,0.03358102208521835,0.016064575779988897
X_strong_leader,20230705,電器電纜,BULL,多頭強勢,0.01610798972296877,0.030881129026803813,0.04516476128634691
X_strong_leader,20230710,電器電纜,BULL,多頭強勢,-0.009269165764139631,0.0027225497706367605,0.009127315924054302
X_strong_leader,20240329,電器電纜,BULL,多頭強勢,0.02788691401739452,0.10358101617348794,0.09524084336535552
X_strong_leader,20240709,電器電纜,BULL,多頭強勢,0.005132584495200206,0.0005698876030099526,-0.057547616698893404
X_strong_leader,20240712,電器電纜,BULL,多頭強勢,-0.018422072621467535,-0.0066046605710026254,-0.07028438317136362
X_strong_leader,20250926,電器電纜,BULL,多頭強勢,0.011967530724894626,0.005549373877810192,-0.02078929019648026
X_strong_leader,20251007,電器電纜,BULL,多頭強勢,-0.01103958916977179,-0.01022220615308158,-0.03492686073549447
X_strong_leader,20251009,電器電纜,BULL,多頭強勢,-0.008828814922403257,-0.019699655831920168,-0.041763309259155904
X_strong_leader,20251022,電器電纜,BULL,多頭強勢,0.013887018804614862,-0.00605025557846163,-0.0004880858784392164
X_strong_leader,20251105,電器電纜,BULL,多頭強勢,0.0024156274382078017,-0.024362033513922486,-0.038707700943927364
X_strong_leader,20210809,電子通路業,BULL,多頭強勢,0.017855913743786457,0.02010454010913369,0.04896526479183233
X_strong_leader,20211115,電子通路業,BULL,多頭強勢,0.022031270512970897,0.051083198407355125,0.06508625171680554
X_strong_leader,20211123,電子通路業,BULL,多頭強勢,0.017505671865685083,0.03613502605146914,0.042550735372056545
X_strong_leader,20240109,電子通路業,BULL,多頭強勢,0.02212500304240733,0.10399889246952625,0.09853272631160662
X_strong_leader,20240115,電子通路業,BULL,多頭強勢,0.016565673877680875,0.0983561470084948,0.04973874381869087
X_strong_leader,20240117,電子通路業,BULL,多頭強勢,0.02834792198776142,0.1083970476576129,0.04313018332327749
X_strong_leader,20240503,電子通路業,BULL,多頭強勢,-0.01838813195686484,0.045366585948898516,-0.005464063259549783
X_strong_leader,20240517,電子通路業,BULL,多頭強勢,0.016249665853935797,0.038522209719203324,0.0017179235219957605
X_strong_leader,20240528,電子通路業,BULL,多頭強勢,-0.0035589565025887864,-0.00783970629205009,-0.028875412691733243
X_strong_leader,20240618,電子通路業,BULL,多頭強勢,-0.01134507593039391,-0.005138981970175614,-0.027438010258527403
X_strong_leader,20250918,電子通路業,BULL,多頭強勢,-0.01017670117998061,0.012107148594463804,0.045369953003979835
X_strong_leader,20251008,電子通路業,BULL,多頭強勢,0.0025223084199417992,0.029905411310512192,0.09864878048549922
X_strong_leader,20251021,電子通路業,BULL,多頭強勢,0.004474754895407215,0.025018701816544343,0.0938433126031726
X_strong_leader,20251028,電子通路業,BULL,多頭強勢,-0.010083644744379975,0.003880031615163225,0.059876666462866206
X_strong_leader,20260317,電子通路業,BULL,多頭強勢,-0.022013784357594532,-0.004629616916687656,0.11292258089656276
X_strong_leader,20260320,電子通路業,BULL,多頭強勢,-0.028329045378420105,0.04020375068112158,0.1425416738509031
X_strong_leader,20260409,電子通路業,BULL,多頭強勢,0.01561775331696793,0.07885537834446496,0.12758113954470746
X_strong_leader,20260508,電子通路業,BULL,多頭強勢,0.02907420170899847,0.0555711737952298,0.026951394713195964
X_strong_leader,20260512,電子通路業,BULL,多頭強勢,0.03225452681573421,0.04895967872649537,0.010995771328091434
X_strong_leader,20260520,電子通路業,BULL,多頭強勢,0.021227363913095633,0.0019461167018334988,-0.0321317361904385
X_strong_leader,20211224,電子零組件業,BULL,多頭強勢,0.008952206392143905,-0.029152082187505896,-0.05539589468648145
X_strong_leader,20230202,電子零組件業,BULL,多頭強勢,-0.0071049193797499376,-0.00856107663640393,0.009078634907302166
X_strong_leader,20230411,電子零組件業,BULL,多頭強勢,-0.0042882668663631555,-0.026527222090687225,-0.008617792780638137
X_strong_leader,20230525,電子零組件業,BULL,多頭強勢,0.007783023276293724,-0.010865416242939512,0.07822666831062802
X_strong_leader,20230703,電子零組件業,BULL,多頭強勢,0.0031898150231144534,0.028230807008941046,0.08141767320987692
X_strong_leader,20230717,電子零組件業,BULL,多頭強勢,0.010788150577123545,0.033493982748758616,0.04793669562331345
X_strong_leader,20240205,電子零組件業,BULL,多頭強勢,0.013116594817954276,-0.011925208200505931,-0.03584705581163117
X_strong_leader,20240306,電子零組件業,BULL,多頭強勢,-0.03573012881976829,-0.025458233556572635,-0.03197169643557768
X_strong_leader,20260409,電子零組件業,BULL,多頭強勢,0.05395351591780575,0.1282669503114877,0.2716348683918776
X_strong_leader,20230308,電機機械,BULL,多頭強勢,0.0012108830888026556,0.018925834306233756,0.02971824611299076
X_strong_leader,20230410,電機機械,BULL,多頭強勢,0.010477589360739784,-0.005629436410717082,0.075925377324982
X_strong_leader,20230413,電機機械,BULL,多頭強勢,-0.003603368501272004,-0.009086033105694087,0.07417679706886557
X_strong_leader,20230615,電機機械,BULL,多頭強勢,-0.0017590204432810326,0.027632090166445994,0.005912050894545724
X_strong_leader,20230620,電機機械,BULL,多頭強勢,0.00452769167998916,0.022364984201210573,-0.001762526784655577
X_strong_leader,20230711,電機機械,BULL,多頭強勢,-0.008750671885764113,-0.015449530022346919,-0.016704290780570077
X_strong_leader,20240326,電機機械,BULL,多頭強勢,0.0002523338869141567,-0.011395220453801098,0.022539946896571114
X_strong_leader,20240530,電機機械,BULL,多頭強勢,0.000816844309323746,0.005470425544350486,0.08005660654962198
X_strong_leader,20240704,電機機械,BULL,多頭強勢,0.008800279480966821,-0.010025429211253267,0.046500021094791844
X_strong_leader,20240709,電機機械,BULL,多頭強勢,-0.004309070450403799,0.006265811110938865,0.03305020084807287
X_strong_leader,20260702,電機機械,BULL,多頭強勢,-0.004258980919147531,-0.022139222523017144,-0.02252271699432079
X_strong_leader,20230207,電腦及週邊設備業,BULL,多頭強勢,0.0013013321029989083,0.021824241978124777,0.05644222117295343
X_strong_leader,20230213,電腦及週邊設備業,BULL,多頭強勢,0.0027304161168012417,0.022386419181242158,0.0749419892941925
X_strong_leader,20230308,電腦及週邊設備業,BULL,多頭強勢,0.0035062017959542613,0.037991108400597294,0.13361679222278597
X_strong_leader,20230324,電腦及週邊設備業,BULL,多頭強勢,0.007909560245008359,-0.010564327749461122,0.13831721637654854
X_strong_leader,20230331,電腦及週邊設備業,BULL,多頭強勢,-0.0010694628298918134,-0.013443214204525107,0.18173649105390594
X_strong_leader,20240216,電腦及週邊設備業,BULL,多頭強勢,-0.010160214287178775,-0.0043991751429472495,-0.05784773447264285
X_strong_leader,20240305,電腦及週邊設備業,BULL,多頭強勢,-0.020949397102268893,-0.025421132520239052,0.0028524734425120907
X_strong_leader,20240321,電腦及週邊設備業,BULL,多頭強勢,-0.012305058331744154,-0.07465628412444054,-0.007993798787533868
X_strong_leader,20240704,電腦及週邊設備業,BULL,多頭強勢,-0.011578235318705632,-0.08111565286245159,-0.05657310349566064
X_strong_leader,20250910,電腦及週邊設備業,BULL,多頭強勢,-0.00012288144048904978,-0.010195762151780575,-0.03557381187969423
X_strong_leader,20251007,電腦及週邊設備業,BULL,多頭強勢,-0.0017241333108811907,-0.01052954325112012,-0.029685744736257534
X_strong_leader,20260422,電腦及週邊設備業,BULL,多頭強勢,0.00917288329486861,0.08018055882458072,0.04761582842687467
X_strong_leader,20260506,電腦及週邊設備業,BULL,多頭強勢,0.011877705017658297,0.07102049625374442,0.019644960247350313
X_strong_leader,20260522,電腦及週邊設備業,BULL,多頭強勢,0.02990614277228742,-0.026609688314020052,-0.017013350910043898
X_strong_leader,20210802,食品工業,BULL,多頭強勢,0.005240001999082047,0.0030779980630559964,0.016169710174581055
X_strong_leader,20220111,食品工業,BULL,多頭強勢,0.002857643333233524,0.01823652377187723,0.04046886332417192
X_strong_leader,20220216,食品工業,BULL,多頭強勢,0.0005031338610840576,-0.0274014389136773,0.01414221889747918
X_strong_leader,20220218,食品工業,BULL,多頭強勢,0.00032768482101682133,-0.028948333205755898,0.017412642858125015
X_strong_leader,20220415,食品工業,BULL,多頭強勢,0.02203152543870588,0.002320513560996322,0.04556083557537098
X_strong_leader,20220425,食品工業,BULL,多頭強勢,0.004036578899437156,-0.013842631807283193,0.010679204647050536
X_strong_leader,20220428,食品工業,BULL,多頭強勢,-0.00877272615380386,-0.03328335059749841,0.004218266743263435
X_strong_leader,20230331,食品工業,BULL,多頭強勢,-0.01608275291511682,-0.017020251152738204,-0.05892473431909946
X_strong_leader,20230425,食品工業,BULL,多頭強勢,-0.011152071358869642,-0.008284705129269453,-0.02775756838017257
X_strong_leader,20230509,食品工業,BULL,多頭強勢,0.003361198233106387,-0.038380556961326924,-0.03591467828698284
X_strong_leader,20230628,食品工業,BULL,多頭強勢,-0.0023032283226245677,0.004440481200255397,-0.0048388040600159665
X_strong_leader,20240329,食品工業,BULL,多頭強勢,-0.020102857099263623,-0.03818566769562346,-0.04860455928322496
X_leader_failure,20211220,光電業,BULL,多頭弱勢,0.01376924610386172,0.0019700891218874857,-0.06509721556581217
X_leader_failure,20230609,光電業,BULL,多頭弱勢,0.002625330151970081,0.022086698029442815,0.020905971837968947
X_leader_failure,20240205,光電業,BULL,多頭弱勢,0.00995444471199828,-0.024669902343187354,-0.013666103582269717
X_leader_failure,20240223,光電業,BULL,多頭弱勢,-0.003071367103867814,-0.01725601648039916,0.00819283362735794
X_leader_failure,20240307,光電業,BULL,多頭弱勢,-0.004644869724106989,0.005517789802461696,0.04499604271736522
X_leader_failure,20240312,光電業,BULL,多頭弱勢,-0.004179161237596296,0.015776833771942556,0.039023806753050644
X_leader_failure,20240424,光電業,BULL,多頭弱勢,-0.00798341353770397,0.0308329291369739,0.10231625037605141
X_leader_failure,20240506,光電業,BULL,多頭弱勢,0.01133788849246288,0.04390157734938964,0.0843170234119984
X_leader_failure,20240508,光電業,BULL,多頭弱勢,0.01794283514279825,0.03945936994460447,0.039815614665629655
X_leader_failure,20240604,光電業,BULL,多頭弱勢,0.0030747757553744232,0.08128690342887936,0.06761818496991795
X_leader_failure,20240611,光電業,BULL,多頭弱勢,0.014508194612599508,0.08129015033787662,0.06135622595900999
X_leader_failure,20240710,光電業,BULL,多頭弱勢,-0.005571473202412211,-0.051322805807705124,-0.0013290044170636839
X_leader_failure,20240718,光電業,BULL,多頭弱勢,-0.017369568331748513,-0.01830322612842664,0.035869453512298914
X_leader_failure,20250925,光電業,BULL,多頭弱勢,0.0028151528617862505,-0.03688205567363345,0.006214234510093443
X_leader_failure,20260323,光電業,BULL,多頭弱勢,-0.02292024315184699,0.07366465367984121,0.2078269263587874
X_leader_failure,20260424,光電業,BULL,多頭弱勢,0.0571790613350949,0.12399875170433035,0.017552052309819988
X_leader_failure,20260601,光電業,BULL,多頭弱勢,-0.03013902307297061,-0.014214176531232617,-0.030068831596217267
X_leader_failure,20260609,光電業,BULL,多頭弱勢,0.04098321301615658,0.024119167770758326,0.016059631065540994
X_leader_failure,20260630,光電業,BULL,多頭弱勢,-0.018241681209770565,-0.12237200243202787,0.004400801572367021
X_leader_failure,20220209,其他,BULL,多頭弱勢,-0.003938032208682516,0.0013737570833507289,0.01416435700384621
X_leader_failure,20220221,其他,BULL,多頭弱勢,0.0033358596183750075,-0.0031971866610636807,0.00859982869790767
X_leader_failure,20230322,其他,BULL,多頭弱勢,-0.0029228282766577997,0.0032319036568201603,-0.033684591057606
X_leader_failure,20230327,其他,BULL,多頭弱勢,-0.005924797497327191,0.0029223261563574576,-0.031396054904936174
X_leader_failure,20230406,其他,BULL,多頭弱勢,0.005923418625944338,0.008454167246052621,-0.031173461133459424
X_leader_failure,20230503,其他,BULL,多頭弱勢,0.006679414937501599,-0.007472440915353318,-0.04630562259284469
X_leader_failure,20230505,其他,BULL,多頭弱勢,0.0036281867901768045,-0.017408553496090266,-0.04537095989563142
X_leader_failure,20230524,其他,BULL,多頭弱勢,-0.007398582026147329,-0.029373931583176943,-0.02564900789218124
X_leader_failure,20230529,其他,BULL,多頭弱勢,-0.007613864548955511,-0.028501254235165613,-0.022844957395660195
X_leader_failure,20230602,其他,BULL,多頭弱勢,-0.005837655535975359,-0.020155169698756394,-0.012117743995373034
X_leader_failure,20230613,其他,BULL,多頭弱勢,-0.010927202005579943,-0.009271470415438599,0.009078344426233446
X_leader_failure,20230615,其他,BULL,多頭弱勢,-0.002562878610528628,-0.007758059771532627,0.00774620530412707
X_leader_failure,20230621,其他,BULL,多頭弱勢,-0.004154174288420981,-0.006769951468434038,0.01604313301335565
X_leader_failure,20240229,其他,BULL,多頭弱勢,0.0032267513680951636,0.004657527432820153,-0.0190522305376101
X_leader_failure,20240408,其他,BULL,多頭弱勢,0.005002455437622705,0.005812139968534188,-0.004579972381585598
X_leader_failure,20240429,其他,BULL,多頭弱勢,-0.00013244703945758732,-0.012786442158815761,0.017433627445961962
X_leader_failure,20240516,其他,BULL,多頭弱勢,-0.006426468214295012,0.0009086990124610589,0.03870658107611653
X_leader_failure,20240626,其他,BULL,多頭弱勢,-0.001908059006956505,0.024478094996171235,0.04127807948623416
X_leader_failure,20211217,其他電子業,BULL,多頭弱勢,0.020232424596904892,0.02104016764114241,-0.002692125984906899
X_leader_failure,20220107,其他電子業,BULL,多頭弱勢,-0.004104566885632321,-0.0008217978538580667,-0.07402098386006772
X_leader_failure,20220217,其他電子業,BULL,多頭弱勢,-0.008958325029254562,-0.015623646193946262,-0.04076721498205367
X_leader_failure,20220223,其他電子業,BULL,多頭弱勢,0.0020067743180808874,-0.009469697241624189,-0.03711700569770494
X_leader_failure,20230424,其他電子業,BULL,多頭弱勢,0.002131533163001024,-0.002662560875182074,0.02332305222566828
X_leader_failure,20240424,其他電子業,BULL,多頭弱勢,-0.008189723967207779,0.0222112230242172,0.07332561484799027
X_leader_failure,20240502,其他電子業,BULL,多頭弱勢,-0.0022840744140911065,0.044970791504646626,0.08057660842242027
X_leader_failure,20240711,其他電子業,BULL,多頭弱勢,-0.013357586307123888,-0.013209183434798627,0.02950961564866232
X_leader_failure,20241030,其他電子業,BULL,多頭弱勢,0.00815501383253887,-0.003216576204790985,0.013512112151499195
X_leader_failure,20241104,其他電子業,BULL,多頭弱勢,0.0007197290356250746,-0.007188037667530501,0.01619586428713416
X_leader_failure,20250904,其他電子業,BULL,多頭弱勢,0.006192281999966229,0.0007781977952342842,0.009480048493860593
X_leader_failure,20250916,其他電子業,BULL,多頭弱勢,0.0035640960198985473,0.000965331816124783,0.03069367847005154
X_leader_failure,20250918,其他電子業,BULL,多頭弱勢,-0.009242165320239928,0.0064414148961245785,0.027358916580832
X_leader_failure,20260306,其他電子業,BULL,多頭弱勢,0.032349257205907575,0.06607845242476769,0.2145677598425926
X_leader_failure,20260401,其他電子業,BULL,多頭弱勢,0.061030896013505365,0.14528541468804684,0.15593145398764072
X_leader_failure,20260521,其他電子業,BULL,多頭弱勢,0.01437741932738983,-0.0019328292799163996,-0.06003272235493949
X_leader_failure,20260602,其他電子業,BULL,多頭弱勢,-0.03979720716469934,-0.0074617472779797,-0.05327931905826611
X_leader_failure,20260605,其他電子業,BULL,多頭弱勢,0.006270846350060526,-0.012282212436195185,-0.020403448094116965
X_leader_failure,20260609,其他電子業,BULL,多頭弱勢,0.013812055699418669,-0.002410806356580048,-0.007947053917574096
X_leader_failure,20210826,化學工業,BULL,多頭弱勢,0.004709188107789867,0.056061638690034624,0.1562051424204049
X_leader_failure,20210923,化學工業,BULL,多頭弱勢,0.0029195591933997844,0.08172911799724594,0.07033431581152355
X_leader_failure,20211026,化學工業,BULL,多頭弱勢,-0.018341732446135003,0.01865712864693435,0.017578765446442914
X_leader_failure,20211101,化學工業,BULL,多頭弱勢,0.04348532186634145,0.043985242912420695,0.032842790697376376
X_leader_failure,20211116,化學工業,BULL,多頭弱勢,0.008569839518605033,-0.012767791076870212,0.011611639751162528
X_leader_failure,20211207,化學工業,BULL,多頭弱勢,-0.012152491571550416,0.01610993070248251,0.00594868283510153
X_leader_failure,20220111,化學工業,BULL,多頭弱勢,-0.010937969524056616,-0.003951508361028536,-0.0018969864221689177
X_leader_failure,20230413,化學工業,BULL,多頭弱勢,0.006720034361955634,0.026584643414526737,0.0009797880270745116
X_leader_failure,20230505,化學工業,BULL,多頭弱勢,-0.0027154084722727373,-0.011724249768038868,0.00771845153880937
X_leader_failure,20230523,化學工業,BULL,多頭弱勢,-0.005887976903437286,-0.017401838377691936,-0.000711807654173148
X_leader_failure,20230525,化學工業,BULL,多頭弱勢,-0.004073075925867739,-0.0182490614924719,-0.0010576727177710778
X_leader_failure,20230531,化學工業,BULL,多頭弱勢,-0.00937602237853992,-0.02972048391202243,-0.010827763597116534
X_leader_failure,20230608,化學工業,BULL,多頭弱勢,0.002556426074478349,-0.01322949492761077,0.005816439399920291
X_leader_failure,20230620,化學工業,BULL,多頭弱勢,-0.006788296707355884,0.027764487503873052,0.023609381732855123
X_leader_failure,20230728,化學工業,BULL,多頭弱勢,0.00026916166557557075,-0.01150338919911651,0.01914085711676728
X_leader_failure,20230807,化學工業,BULL,多頭弱勢,-0.008761846456827815,-0.002694967624263033,0.008551428478805558
X_leader_failure,20240403,化學工業,BULL,多頭弱勢,-0.005841075940870162,-0.017678637134714383,-0.005888312477336122
X_leader_failure,20240410,化學工業,BULL,多頭弱勢,-0.005484222779384203,0.0004588219839031342,0.011550610086833057
X_leader_failure,20240926,化學工業,BULL,多頭弱勢,-0.016289597382855327,-0.025140333786693392,-0.05654448070869755
X_leader_failure,20250918,化學工業,BULL,多頭弱勢,0.01979705238225281,0.026176785582943653,0.027417150883189852
X_leader_failure,20251015,化學工業,BULL,多頭弱勢,-0.00992128412497189,-0.011657268960536194,0.06867934431995978
X_leader_failure,20251022,化學工業,BULL,多頭弱勢,0.0036074966071343445,-0.016170007070508544,0.07479582955986394
X_leader_failure,20251027,化學工業,BULL,多頭弱勢,-0.01050068496665403,-0.02057347871961525,0.05427757703028403
X_leader_failure,20260323,化學工業,BULL,多頭弱勢,0.0002996506057255065,0.11400416184614659,0.1674605803975634
X_leader_failure,20260408,化學工業,BULL,多頭弱勢,0.03130587593904885,0.10299402172318585,0.18957698651446026
X_leader_failure,20260521,化學工業,BULL,多頭弱勢,-0.011805239111456655,0.010894249394573112,-0.020329222292446807
X_leader_failure,20260529,化學工業,BULL,多頭弱勢,0.0027377148279571694,0.03902876646858987,-0.0012361006329732367
X_leader_failure,20260612,化學工業,BULL,多頭弱勢,0.01630021381047355,0.034323059432280645,-0.0028054829451235747
X_leader_failure,20260709,化學工業,BULL,多頭弱勢,-0.025668856263645755,-0.035289668775509535,0.043041269607136556
X_leader_failure,20260715,化學工業,BULL,多頭弱勢,-0.03299433589105379,-0.03386486013817941,
X_leader_failure,20210728,半導體業,BULL,多頭弱勢,0.03424943847817297,-0.017094070694171425,-0.034991752498386486
X_leader_failure,20211123,半導體業,BULL,多頭弱勢,0.008882192901876643,-0.026084254824540444,-0.09332319618882624
X_leader_failure,20211208,半導體業,BULL,多頭弱勢,-0.0001566465944319896,-0.050553742710643196,-0.10807225482524897
X_leader_failure,20211223,半導體業,BULL,多頭弱勢,0.005834890471774679,-0.05302559561984039,-0.07817546400471305
X_leader_failure,20220104,半導體業,BULL,多頭弱勢,-0.0404884007549645,-0.034264164976613894,-0.12234271575564688
X_leader_failure,20230215,半導體業,BULL,多頭弱勢,-0.008086972253807088,0.017602088668195754,-0.04552456423240657
X_leader_failure,20230222,半導體業,BULL,多頭弱勢,0.003780530619571839,0.03562125578333882,-0.020616663817106168
X_leader_failure,20230302,半導體業,BULL,多頭弱勢,0.007653357219653737,0.03535715853936697,-0.0019448515754194734
X_leader_failure,20230329,半導體業,BULL,多頭弱勢,0.012563321532920687,-0.06256187921578271,-0.037601755014000454
X_leader_failure,20230413,半導體業,BULL,多頭弱勢,-0.029446554118763554,-0.07176248285041517,-0.02539156081812414
X_leader_failure,20230418,半導體業,BULL,多頭弱勢,-0.04194918741217237,-0.052776581521766085,0.0005973939953187318
X_leader_failure,20231026,半導體業,BULL,多頭弱勢,0.008257663749792405,0.0638834690574211,0.08317335417100534
X_leader_failure,20231109,半導體業,BULL,多頭弱勢,0.027631043391433487,0.06596236910913555,0.07853155129116074
X_leader_failure,20231205,半導體業,BULL,多頭弱勢,0.004020686069856413,-0.019539426122209474,0.01612067204689205
X_leader_failure,20231215,半導體業,BULL,多頭弱勢,0.008350624158900352,0.017669356034494016,0.021732746594905157
X_leader_failure,20240401,半導體業,BULL,多頭弱勢,-0.011399979769351453,-0.06897596387824238,-0.018824475580329195
X_leader_failure,20240410,半導體業,BULL,多頭弱勢,-0.027970405159288055,-0.07156556860261364,0.008549720601825073
X_leader_failure,20240712,半導體業,BULL,多頭弱勢,-0.04094634976678311,-0.058393446178682924,-0.020624839865041912
X_leader_failure,20250821,半導體業,BULL,多頭弱勢,0.03651358103839801,0.11962675375056005,0.12283435097161355
X_leader_failure,20250925,半導體業,BULL,多頭弱勢,0.03842488389465915,0.05929490486548361,0.08628837691742712
X_leader_failure,20250930,半導體業,BULL,多頭弱勢,0.026213913794349272,0.051409314453974314,0.08052008128081291
X_leader_failure,20251015,半導體業,BULL,多頭弱勢,-0.003352970407590243,0.0002547935277571571,0.08660247919922745
X_leader_failure,20251219,半導體業,BULL,多頭弱勢,0.02030185177986196,0.08630781934238019,0.1789673522454813
X_leader_failure,20260203,半導體業,BULL,多頭弱勢,-0.0059692592833682,0.0562523684781802,0.3937848902272438
X_leader_failure,20260305,半導體業,BULL,多頭弱勢,0.030332277938664186,0.05011541958204435,0.42118133429733406
X_leader_failure,20260324,半導體業,BULL,多頭弱勢,-0.027918617285241937,0.1615404241693309,0.3908592992498916
X_leader_failure,20260407,半導體業,BULL,多頭弱勢,0.03312971964532178,0.24074861580835302,0.3457710120430852
X_leader_failure,20260429,半導體業,BULL,多頭弱勢,0.0611489797888987,0.15902277338781634,-0.02082170975761536
X_leader_failure,20260519,半導體業,BULL,多頭弱勢,0.09042361272918173,0.026276507880423836,-0.013956209950047729
X_leader_failure,20260602,半導體業,BULL,多頭弱勢,-0.07988144354174018,0.0352487773999854,-0.05071575320633504
X_leader_failure,20260630,半導體業,BULL,多頭弱勢,-0.019961946754360714,-0.17317929802565082,-0.037399998400655304
X_leader_failure,20260707,半導體業,BULL,多頭弱勢,-0.029818887491832514,-0.061560573060394516,0.0175433870818007
X_leader_failure,20220208,塑膠工業,BULL,多頭弱勢,0.0002465600646279894,-0.007451220547519118,-0.06065598446034086
X_leader_failure,20220217,塑膠工業,BULL,多頭弱勢,-0.0050355028955626786,-0.0037304055725278736,-0.04662735106054146
X_leader_failure,20251208,塑膠工業,BULL,多頭弱勢,-0.012719814379316885,-0.010085718667922216,0.05693565459937985
X_leader_failure,20260114,塑膠工業,BULL,多頭弱勢,-0.004340297967291005,0.02087095749267301,0.07466498176686687
X_leader_failure,20260204,塑膠工業,BULL,多頭弱勢,0.01145129048199377,0.06341532619543608,-0.027616101476783395
X_leader_failure,20260305,塑膠工業,BULL,多頭弱勢,0.005975606225674577,0.09169336233232617,-0.06204805859016463
X_leader_failure,20260316,塑膠工業,BULL,多頭弱勢,0.03245739021007575,0.0338902207151346,-0.07997607306030832
X_leader_failure,20260408,塑膠工業,BULL,多頭弱勢,-0.00715261414294624,-0.10178010020789573,-0.06262902190655002
X_leader_failure,20260413,塑膠工業,BULL,多頭弱勢,-0.06403389659858631,-0.12497012879134428,-0.0991094510819599
X_leader_failure,20220210,居家生活,BULL,多頭弱勢,0.002128361789380362,0.033002922456803155,0.056451432379911376
X_leader_failure,20220321,居家生活,BULL,多頭弱勢,0.011362869676723779,-0.013459284215378148,0.016733776820420418
X_leader_failure,20220408,居家生活,BULL,多頭弱勢,-0.004568799762414742,0.015412109269213985,0.028177446622372412
X_leader_failure,20220413,居家生活,BULL,多頭弱勢,-0.006008788438711489,0.018134001870868707,0.025692727842481403
X_leader_failure,20230207,居家生活,BULL,多頭弱勢,-0.00280212880808769,0.01184581218446052,0.0115470858847571
X_leader_failure,20230308,居家生活,BULL,多頭弱勢,0.010459266997236955,0.008084383508006464,-0.02703638409073464
X_leader_failure,20230322,居家生活,BULL,多頭弱勢,0.009886714220612266,-0.0031308741652505707,-0.0302832275210667
X_leader_failure,20230413,居家生活,BULL,多頭弱勢,-0.0053028119312682875,0.005092650330518004,-0.010290813461886018
X_leader_failure,20230505,居家生活,BULL,多頭弱勢,0.010806200049602824,-0.02374330098215626,-0.028071274886618845
X_leader_failure,20230518,居家生活,BULL,多頭弱勢,-0.003746187372763554,-0.027850902278873296,-0.020511889466136145
X_leader_failure,20230523,居家生活,BULL,多頭弱勢,-0.01300997387862085,-0.02550533631659513,-0.024092805464529334
X_leader_failure,20230526,居家生活,BULL,多頭弱勢,-0.019378319201007285,-0.015458924814462698,-0.011402820061198523
X_leader_failure,20230601,居家生活,BULL,多頭弱勢,-0.004365292901881455,0.006403077520269678,0.005933340056150926
X_leader_failure,20240102,居家生活,BULL,多頭弱勢,0.004866854490459793,-0.007480713459154096,0.018686310258041766
X_leader_failure,20240129,居家生活,BULL,多頭弱勢,-0.0006379572254142261,0.027812417921365074,0.04462499545779389
X_leader_failure,20240222,居家生活,BULL,多頭弱勢,0.0010154308713308108,0.024705884938933772,0.05611149581602848
X_leader_failure,20240227,居家生活,BULL,多頭弱勢,0.025803047650330334,0.03430196650714783,0.05147912896155078
X_leader_failure,20240315,居家生活,BULL,多頭弱勢,-0.005374342196038806,0.022677751850201114,0.002986021301080971
X_leader_failure,20240326,居家生活,BULL,多頭弱勢,0.009897381500591728,0.027541165534286254,-0.00038291288839421844
X_leader_failure,20240426,居家生活,BULL,多頭弱勢,0.0022404516448085825,-0.0026491129625525536,-0.03168155843227801
X_leader_failure,20240503,居家生活,BULL,多頭弱勢,0.019873826034181086,-0.0039143375206654035,-0.011948201496258685
X_leader_failure,20240517,居家生活,BULL,多頭弱勢,-0.005409932540565582,-0.03320659437782787,0.01579024579231672
X_leader_failure,20240528,居家生活,BULL,多頭弱勢,0.003226933159803455,-0.019745417892293653,0.021579100687776992
X_leader_failure,20240603,居家生活,BULL,多頭弱勢,-0.002250746461005119,-0.030090993389415285,0.010310143480846357
X_leader_failure,20240613,居家生活,BULL,多頭弱勢,-0.01124306113276787,-0.04065210442683809,0.04208518680375591
X_leader_failure,20240704,居家生活,BULL,多頭弱勢,-0.006562083962516696,0.06440219000425473,0.05790095204592832
X_leader_failure,20240926,居家生活,BULL,多頭弱勢,0.005293877932788868,-0.003132203454438598,-0.030298140063747314
X_leader_failure,20211029,建材營造,BULL,多頭弱勢,-0.0027947784683431797,-0.003243167306895719,-0.01167258441134874
X_leader_failure,20211109,建材營造,BULL,多頭弱勢,-0.0027572599642910287,-0.008880132599198863,-0.023379264749573282
X_leader_failure,20211118,建材營造,BULL,多頭弱勢,-0.004156590398121825,-0.027690331164002314,-0.03615273149791057
X_leader_failure,20211122,建材營造,BULL,多頭弱勢,-0.007536650441975578,-0.03134900476990428,-0.027076888212596125
X_leader_failure,20211125,建材營造,BULL,多頭弱勢,-0.007794846585106384,-0.035701578485974904,-0.03233911276943641
X_leader_failure,20211209,建材營造,BULL,多頭弱勢,-0.01144720270128146,-0.027434969447260902,-0.005346212265437986
X_leader_failure,20211213,建材營造,BULL,多頭弱勢,-0.016748565181017413,-0.017304164334004796,-0.010817916669145066
X_leader_failure,20220323,建材營造,BULL,多頭弱勢,-0.001044413401739438,-0.0016831743750501393,0.021039356955698654
X_leader_failure,20220329,建材營造,BULL,多頭弱勢,0.00678419272379564,0.009217614223897323,0.018687154464308173
X_leader_failure,20230417,建材營造,BULL,多頭弱勢,0.011440259138458229,0.02560511986030593,0.0007831069455171841
X_leader_failure,20230503,建材營造,BULL,多頭弱勢,0.01667892598339285,0.00887630700556813,0.002931812261461851
X_leader_failure,20230522,建材營造,BULL,多頭弱勢,-0.0026343692495125115,-0.02505590559080463,0.03006594169266285
X_leader_failure,20230529,建材營造,BULL,多頭弱勢,-0.0016466038091916754,-0.01677978740175559,0.029312946627897383
X_leader_failure,20230601,建材營造,BULL,多頭弱勢,0.0019929130792532244,-0.015470290000050086,0.03254027050230007
X_leader_failure,20230615,建材營造,BULL,多頭弱勢,-0.003222559911885035,-0.008404859022527383,0.03245485505404378
X_leader_failure,20230621,建材營造,BULL,多頭弱勢,0.0012874607387381278,0.0027295245812355706,0.04388019969767627
X_leader_failure,20231102,建材營造,BULL,多頭弱勢,0.006528801136743347,0.017960236905616322,0.09059037741257871
X_leader_failure,20231129,建材營造,BULL,多頭弱勢,0.0008455411910708865,0.025520949765477793,0.121563919391404
X_leader_failure,20231226,建材營造,BULL,多頭弱勢,0.014871763057933291,0.03314394948664913,0.17407287429609553
X_leader_failure,20231228,建材營造,BULL,多頭弱勢,0.026376790681751743,0.03783755989836757,0.18938358299087105
X_leader_failure,20240508,建材營造,BULL,多頭弱勢,-0.019250369967092854,-0.006776901943702673,0.02618115613759408
X_leader_failure,20240612,建材營造,BULL,多頭弱勢,-0.012103667780239746,-0.005260916980728669,0.017874952490438797
X_leader_failure,20240617,建材營造,BULL,多頭弱勢,-0.014371546958272093,0.038989301250494705,-0.0013846998029411473
X_leader_failure,20240708,建材營造,BULL,多頭弱勢,0.0712884000573334,0.09489616221457264,-0.05627381202657376
X_leader_failure,20210809,數位雲端,BULL,多頭弱勢,-0.022805658358333945,0.0050905261433857145,0.17670973524250505
X_leader_failure,20211006,數位雲端,BULL,多頭弱勢,0.04620478887750259,0.056583828758559794,0.05571548512528128
X_leader_failure,20211103,數位雲端,BULL,多頭弱勢,-0.023126917156330636,-0.027034240065315226,-0.043834656460152804
X_leader_failure,20211105,數位雲端,BULL,多頭弱勢,-0.02095106500174495,-0.028431035609433507,-0.029069926181313016
X_leader_failure,20211117,數位雲端,BULL,多頭弱勢,0.004045328417217014,0.047661229402251135,-0.01354374051332748
X_leader_failure,20211122,數位雲端,BULL,多頭弱勢,0.01611634670855069,0.05521031491111643,-0.019423218938568906
X_leader_failure,20211208,數位雲端,BULL,多頭弱勢,0.03755982381988493,0.030175627633393185,-0.07055510422653623
X_leader_failure,20211222,數位雲端,BULL,多頭弱勢,-0.013198636560236303,-0.023337661173848143,-0.1060111006168622
X_leader_failure,20230224,數位雲端,BULL,多頭弱勢,0.0015849684599977022,-0.022758304750329694,-0.03174141411159824
X_leader_failure,20230310,數位雲端,BULL,多頭弱勢,0.0169691805601952,-0.013123052736516337,-0.043484448693969516
X_leader_failure,20230330,數位雲端,BULL,多頭弱勢,-0.006586372199097256,0.032658679037081584,-0.05071855848409694
X_leader_failure,20230407,數位雲端,BULL,多頭弱勢,-0.012331342336482323,0.05944568834184895,-0.04799796680942228
X_leader_failure,20230411,數位雲端,BULL,多頭弱勢,0.02436397335871169,0.049554785239192795,-0.0324279058342898
X_leader_failure,20230517,數位雲端,BULL,多頭弱勢,-0.025030184813011044,-0.07091896339101689,-0.09276684035811457
X_leader_failure,20230522,數位雲端,BULL,多頭弱勢,-0.012123014501779626,-0.04635148428248605,-0.07554286109161346
X_leader_failure,20240108,數位雲端,BULL,多頭弱勢,-0.0013593795089961004,-0.010851924273522207,-0.12902963982553542
X_leader_failure,20240718,數位雲端,BULL,多頭弱勢,-0.014980420753346262,-0.03134866849848242,0.025883320273457792
X_leader_failure,20241204,數位雲端,BULL,多頭弱勢,0.02452341222000658,0.008863140146096918,0.00550356475791894
X_leader_failure,20250815,數位雲端,BULL,多頭弱勢,0.0026945525375749097,-0.006935571192192902,-0.07214407142698315
X_leader_failure,20250821,數位雲端,BULL,多頭弱勢,-0.009011139142788352,-0.009387078112172254,-0.07741516738974896
X_leader_failure,20260703,數位雲端,BULL,多頭弱勢,0.014499764503571204,-0.008860693042611473,-0.00522135200398454
X_leader_failure,20220111,文化創意業,BULL,多頭弱勢,-0.0026211525563579127,-0.026107696436871723,-0.05528677673116862
X_leader_failure,20220217,文化創意業,BULL,多頭弱勢,0.0016605423358635168,0.003468403557027632,-0.0347245620517513
X_leader_failure,20220223,文化創意業,BULL,多頭弱勢,0.008037577283544765,0.006654064546440106,-0.016549496319955177
X_leader_failure,20230109,文化創意業,BULL,多頭弱勢,0.019209943299496685,-0.020857621881573828,-0.06204956605563944
X_leader_failure,20230131,文化創意業,BULL,多頭弱勢,-0.005079429263530373,-0.04197565625281882,-0.02746546741567342
X_leader_failure,20230208,文化創意業,BULL,多頭弱勢,-0.010607034129666425,-0.0377666564136484,-0.018406835877534583
X_leader_failure,20230210,文化創意業,BULL,多頭弱勢,-0.021146121534154204,-0.03480032151276452,-0.030671941195772018
X_leader_failure,20230223,文化創意業,BULL,多頭弱勢,0.003081453864032545,0.025194955217285146,-0.026907114942941374
X_leader_failure,20230301,文化創意業,BULL,多頭弱勢,0.009575761780166128,0.028452046183706656,-0.025065236208241366
X_leader_failure,20230310,文化創意業,BULL,多頭弱勢,-0.004387042646786073,-0.014362538546680868,0.03345550380618466
X_leader_failure,20230410,文化創意業,BULL,多頭弱勢,-0.02125368666484589,0.009755146801647829,0.03639337208064758
X_leader_failure,20230418,文化創意業,BULL,多頭弱勢,0.008600391618507876,0.024396556996576425,0.02331403804167649
X_leader_failure,20230517,文化創意業,BULL,多頭弱勢,-0.02626952916103535,-0.0008771065241720624,-0.029925902636596127
X_leader_failure,20230524,文化創意業,BULL,多頭弱勢,0.023039942476322094,0.05318728659035507,0.006466771460413447
X_leader_failure,20230612,文化創意業,BULL,多頭弱勢,-0.008821407009558227,0.0010603394216618083,-0.046038041083892166
X_leader_failure,20231208,文化創意業,BULL,多頭弱勢,-0.00134183376122287,0.0010470885071197124,-0.032811476637508226
X_leader_failure,20231219,文化創意業,BULL,多頭弱勢,-0.0362514742735164,-0.01296319552049971,-0.05504382912391949
X_leader_failure,20240514,文化創意業,BULL,多頭弱勢,0.005232038290448918,0.027208991158875668,0.09026344282643214
X_leader_failure,20240531,文化創意業,BULL,多頭弱勢,0.008255020225320731,0.037291309740083524,0.06686642275233767
X_leader_failure,20240702,文化創意業,BULL,多頭弱勢,0.002899309137622567,0.0230438516227806,0.03533585997845669
X_leader_failure,20240816,文化創意業,BULL,多頭弱勢,0.0010263155253361494,0.0009320741644555392,-0.059892344187978126
X_leader_failure,20230331,橡膠工業,BULL,多頭弱勢,-0.007080353253305775,-0.03312524000801576,-0.08369458666779979
X_leader_failure,20230414,橡膠工業,BULL,多頭弱勢,-0.0046062054079059125,-0.0072286783795202925,-0.07092030389460931
X_leader_failure,20240702,橡膠工業,BULL,多頭弱勢,0.011256792268405895,0.028846773112174474,0.015670845601170616
X_leader_failure,20240715,橡膠工業,BULL,多頭弱勢,0.000983549205578884,0.035952795143104184,-0.005917944510277141
X_leader_failure,20260306,橡膠工業,BULL,多頭弱勢,-0.02313504212355395,-0.00485820802646102,-0.07936073313212175
X_leader_failure,20260408,橡膠工業,BULL,多頭弱勢,-0.02742389639908896,-0.04945461145635187,-0.07723234712975631
X_leader_failure,20260814,橡膠工業,BULL,多頭弱勢,0.017602543991135217,-0.013834487203724965,
X_leader_failure,20260827,橡膠工業,BULL,多頭弱勢,-0.0003149958869644114,-0.031184444485133668,
X_leader_failure,20260902,橡膠工業,BULL,多頭弱勢,-0.012245669716430799,-0.03736872424532079,
X_leader_failure,20230208,水泥工業,BULL,多頭弱勢,0.005189143955982836,-0.002755604218186991,0.05308625368497863
X_leader_failure,20230301,水泥工業,BULL,多頭弱勢,-0.028198647542122687,-0.009846814607902614,0.005285008869036982
X_leader_failure,20230324,水泥工業,BULL,多頭弱勢,0.0022783882003940843,0.04607116105775302,0.03124858270247806
X_leader_failure,20230407,水泥工業,BULL,多頭弱勢,0.013392121423215372,0.05484476109728521,0.013177094367415071
X_leader_failure,20230419,水泥工業,BULL,多頭弱勢,0.03404072353946416,0.02378721156603978,0.01841090314929926
X_leader_failure,20230504,水泥工業,BULL,多頭弱勢,-0.0018622261581358879,-0.04296641285951104,-0.028639005545111222
X_leader_failure,20230512,水泥工業,BULL,多頭弱勢,-0.014006468676037616,-0.019157055610993318,-0.012845987365133291
X_leader_failure,20230522,水泥工業,BULL,多頭弱勢,-0.010534963702098464,0.011265738872721295,-0.00306843650326228
X_leader_failure,20230605,水泥工業,BULL,多頭弱勢,0.0057328029803293806,-0.007828590128075555,-0.013151497841243615
X_leader_failure,20230629,水泥工業,BULL,多頭弱勢,-0.020003514934094156,-0.011221027625834826,-0.05321817880132335
X_leader_failure,20240520,水泥工業,BULL,多頭弱勢,-0.011469467803497365,-0.012988920213103803,-0.017830108470359374
X_leader_failure,20240613,水泥工業,BULL,多頭弱勢,-0.0005064781764989781,-0.003970023742169704,-0.011048005208408464
X_leader_failure,20240628,水泥工業,BULL,多頭弱勢,-0.007736574867792393,-0.00518466543204887,-0.0256922766589911
X_leader_failure,20240709,水泥工業,BULL,多頭弱勢,-0.005436078249498825,0.028971369941307154,-0.004804448766432372
X_leader_failure,20260128,水泥工業,BULL,多頭弱勢,0.006763782033339865,-0.006797124679510186,-0.05705372736098825
X_leader_failure,20220112,汽車工業,BULL,多頭弱勢,0.0014771046513554799,-0.002665299798820608,-0.06873076974191221
X_leader_failure,20220216,汽車工業,BULL,多頭弱勢,-0.002710971336372183,-0.04487285286474607,-0.03748004235444708
X_leader_failure,20220302,汽車工業,BULL,多頭弱勢,-0.012351270187380664,-0.02934864468651904,0.035400742593263396
X_leader_failure,20230210,汽車工業,BULL,多頭弱勢,0.002987601973906552,0.016528983488804105,0.02209432410398446
X_leader_failure,20230301,汽車工業,BULL,多頭弱勢,0.007862475496304103,0.027621689065435814,0.06263532967829283
X_leader_failure,20230329,汽車工業,BULL,多頭弱勢,0.009265727116914832,-0.008629059762672149,0.06307923834712612
X_leader_failure,20230331,汽車工業,BULL,多頭弱勢,0.016017760407627174,-0.00801742089965219,0.07277619052364552
X_leader_failure,20230420,汽車工業,BULL,多頭弱勢,0.007790807556099403,0.026248265105882213,0.03891195942509665
X_leader_failure,20230504,汽車工業,BULL,多頭弱勢,0.007886727698055013,0.049916396243694414,0.043242736642526876
X_leader_failure,20230508,汽車工業,BULL,多頭弱勢,0.015128492782523872,0.046605147836765656,0.03870584868447026
X_leader_failure,20230525,汽車工業,BULL,多頭弱勢,0.025944112156472368,0.03581744581683128,0.017658071183695053
X_leader_failure,20230620,汽車工業,BULL,多頭弱勢,-0.003336351974654056,-0.030381461051252064,0.023662747474673812
X_leader_failure,20230630,汽車工業,BULL,多頭弱勢,0.004453106390982868,-0.017141154810036776,0.04101829030022398
X_leader_failure,20231123,汽車工業,BULL,多頭弱勢,-0.0006775667323373723,-0.022723086556059962,-0.0541137898037497
X_leader_failure,20231215,汽車工業,BULL,多頭弱勢,-0.003296461562693322,-0.035093517929668555,-0.028948301660232927
X_leader_failure,20240603,汽車工業,BULL,多頭弱勢,-0.012965640518237702,-0.05140964876149606,-0.06810202282257583
X_leader_failure,20240607,汽車工業,BULL,多頭弱勢,-0.004691003596655611,-0.04516375004893989,-0.030139726078685175
X_leader_failure,20230419,油電燃氣業,BULL,多頭弱勢,-0.0008291717077213729,0.006362512348821769,-0.04197412199466345
X_leader_failure,20230504,油電燃氣業,BULL,多頭弱勢,0.00949879729982231,-0.004469176227513267,-0.025934590706304543
X_leader_failure,20230508,油電燃氣業,BULL,多頭弱勢,0.005916398139269752,-0.019364241209618063,-0.04497212445285624
X_leader_failure,20230525,油電燃氣業,BULL,多頭弱勢,-0.015328836407481214,-0.02322376415662613,-0.028493201726631782
X_leader_failure,20230619,油電燃氣業,BULL,多頭弱勢,-0.0035868551932700305,-0.01252052042421314,-0.009388394333116327
X_leader_failure,20220103,玻璃陶瓷,BULL,多頭弱勢,-0.019358992300093244,-0.04765228008285319,-0.04155367821981221
X_leader_failure,20221201,玻璃陶瓷,BULL,多頭弱勢,0.0003770649484728739,-0.046250851432118045,-0.10799148144968641
X_leader_failure,20221212,玻璃陶瓷,BULL,多頭弱勢,-0.02706287893971126,-0.021941168401508955,-0.12628215170100063
X_leader_failure,20230130,玻璃陶瓷,BULL,多頭弱勢,-0.003521812614302896,-0.05813060077798496,-0.017777771821924707
X_leader_failure,20230207,玻璃陶瓷,BULL,多頭弱勢,-0.0037305695070630426,-0.06929625730176597,-0.060335051737715875
X_leader_failure,20230217,玻璃陶瓷,BULL,多頭弱勢,-0.028885063462331634,-0.08165853237812726,-0.05636600186148692
X_leader_failure,20230613,玻璃陶瓷,BULL,多頭弱勢,0.01204036871880821,-0.023002819244384486,-0.008472222169210071
X_leader_failure,20230627,玻璃陶瓷,BULL,多頭弱勢,-0.004939485632222896,-0.04422605068389756,-0.010612078142730318
X_leader_failure,20230705,玻璃陶瓷,BULL,多頭弱勢,-0.019301739131133214,0.008739763017492321,-0.027211730474673214
X_leader_failure,20240131,玻璃陶瓷,BULL,多頭弱勢,0.06152808984943097,0.1096409568662794,0.006004054210908771
X_leader_failure,20240205,玻璃陶瓷,BULL,多頭弱勢,0.10345824241387738,0.056982667674103184,-0.0023832336865802217
X_leader_failure,20240308,玻璃陶瓷,BULL,多頭弱勢,-0.0657254992828293,-0.09699936235444856,-0.0957786449330686
X_leader_failure,20240312,玻璃陶瓷,BULL,多頭弱勢,-0.05349841649882623,-0.09379379091952028,-0.06395865440749968
X_leader_failure,20240617,玻璃陶瓷,BULL,多頭弱勢,-0.01955094854957646,0.005019806451107771,-0.01646638468404621
X_leader_failure,20250822,玻璃陶瓷,BULL,多頭弱勢,0.015182883605235776,-0.051953567509106985,-0.03492576351085749
X_leader_failure,20250903,玻璃陶瓷,BULL,多頭弱勢,-0.033364884422166265,-0.047187702981118546,-0.021531688920296777
X_leader_failure,20260127,玻璃陶瓷,BULL,多頭弱勢,0.018285364984107898,0.007563250187853934,0.10971542723319799
X_leader_failure,20260223,玻璃陶瓷,BULL,多頭弱勢,0.022556186298285208,0.008888043567480852,0.1540535308024691
X_leader_failure,20260311,玻璃陶瓷,BULL,多頭弱勢,0.06743270583651471,0.019027817937780453,0.197839057429257
X_leader_failure,20260313,玻璃陶瓷,BULL,多頭弱勢,0.0052653954677579886,0.021104799761581947,0.1323205958968523
X_leader_failure,20260423,玻璃陶瓷,BULL,多頭弱勢,0.026303927408767885,0.14755614794647737,0.21676365204145392
X_leader_failure,20260518,玻璃陶瓷,BULL,多頭弱勢,0.040533531348432114,0.03233294652697789,0.034692992357622965
X_leader_failure,20260520,玻璃陶瓷,BULL,多頭弱勢,0.02616177978078591,0.0471979482018707,0.055029612881919564
X_leader_failure,20260610,玻璃陶瓷,BULL,多頭弱勢,0.02380507638289509,0.056150644936462976,0.016105736423990057
X_leader_failure,20260612,玻璃陶瓷,BULL,多頭弱勢,0.014346449636271316,0.05368422016507057,-0.003476336881051381
X_leader_failure,20260707,玻璃陶瓷,BULL,多頭弱勢,0.007526887453911136,-0.04035666852780216,-0.013672996601004628
X_leader_failure,20260709,玻璃陶瓷,BULL,多頭弱勢,-0.02652961953755869,-0.04298716510477107,-0.007296634477446721
X_leader_failure,20260722,玻璃陶瓷,BULL,多頭弱勢,-0.08166130863763034,-0.01216206347664219,
X_leader_failure,20220210,生技醫療業,BULL,多頭弱勢,-0.006274173847451103,-0.011167158046430637,0.034781559851161964
X_leader_failure,20220811,生技醫療業,BULL,多頭弱勢,0.031217631444820326,0.09272380209893592,0.02832844651480397
X_leader_failure,20220907,生技醫療業,BULL,多頭弱勢,-0.008889660629928037,-0.022687646422554338,-0.017910687001198057
X_leader_failure,20220913,生技醫療業,BULL,多頭弱勢,-0.015885628999324917,-0.030400818257841022,-0.0015999998245727134
X_leader_failure,20220915,生技醫療業,BULL,多頭弱勢,-0.00190136329812933,-0.021589358801355,0.02063257322541926
X_leader_failure,20230214,生技醫療業,BULL,多頭弱勢,-0.008433406351144968,-0.02268696588688011,-0.0013072927598639233
X_leader_failure,20230224,生技醫療業,BULL,多頭弱勢,-0.014751795685402493,0.002861580929147567,0.004616480913028367
X_leader_failure,20230306,生技醫療業,BULL,多頭弱勢,-0.0009041566584034114,0.023424327768499717,0.014978844261819398
X_leader_failure,20230426,生技醫療業,BULL,多頭弱勢,0.03501503151865397,-0.01609599017845084,0.0062308860818548195
X_leader_failure,20230522,生技醫療業,BULL,多頭弱勢,-0.01763734723677831,-0.04840865207970525,-0.03629586881459291
X_leader_failure,20230601,生技醫療業,BULL,多頭弱勢,-0.007242528772033328,-0.0086871983885435,-0.02439729779938976
X_leader_failure,20230608,生技醫療業,BULL,多頭弱勢,-0.01872001501324696,-0.0063390582932202864,-0.02591955021251955
X_leader_failure,20240415,生技醫療業,BULL,多頭弱勢,-0.007832702478242137,-0.03704584857811404,-0.022654700282772527
X_leader_failure,20211228,紡織纖維,BULL,多頭弱勢,0.004627271216004301,0.011634485256405779,-0.012524334542026743
X_leader_failure,20220103,紡織纖維,BULL,多頭弱勢,0.006081431828461718,0.00438628353863499,-0.006424236739647815
X_leader_failure,20260817,紡織纖維,BULL,多頭弱勢,-0.008118494654780484,-0.011263632439161923,
X_leader_failure,20210901,綠能環保,BULL,多頭弱勢,0.005671607346058838,0.008517942301946808,-0.0008549493585642068
X_leader_failure,20210903,綠能環保,BULL,多頭弱勢,-0.015510610955560292,0.005543405218160047,-0.004261044363543409
X_leader_failure,20211216,綠能環保,BULL,多頭弱勢,-0.00031358414856219943,0.009423247518581401,0.1725921758010719
X_leader_failure,20220106,綠能環保,BULL,多頭弱勢,-0.0024806768114985223,0.06917126245931836,0.159377257412248
X_leader_failure,20220302,綠能環保,BULL,多頭弱勢,0.028389892951104306,0.042079512429079535,0.08330435883020224
X_leader_failure,20220304,綠能環保,BULL,多頭弱勢,0.006638790779286259,0.01711378459988814,0.06797479699504672
X_leader_failure,20220328,綠能環保,BULL,多頭弱勢,-0.004245344143363913,0.06664998173177131,0.046059115512841704
X_leader_failure,20220503,綠能環保,BULL,多頭弱勢,-0.004237542081731757,-0.005009737707962951,-0.014680048019584988
X_leader_failure,20230202,綠能環保,BULL,多頭弱勢,0.0014805226459410658,-0.005233033344654858,-0.004994057754806477
X_leader_failure,20230224,綠能環保,BULL,多頭弱勢,0.01398138908005567,0.004999516824165551,0.006168522244054522
X_leader_failure,20230303,綠能環保,BULL,多頭弱勢,0.00911092838141457,0.005317966109679626,-0.011704661068920569
X_leader_failure,20230322,綠能環保,BULL,多頭弱勢,-0.010315356450499195,-0.01857313579732431,-0.044528982401297976
X_leader_failure,20230327,綠能環保,BULL,多頭弱勢,-0.00022030321462715614,-0.016436750620216878,-0.03288117529102212
X_leader_failure,20230517,綠能環保,BULL,多頭弱勢,-0.002517155945650204,-0.03591369307367199,-0.013248427928670994
X_leader_failure,20230602,綠能環保,BULL,多頭弱勢,-0.005799754587748272,-0.008739362183565393,0.0045987041254509226
X_leader_failure,20230609,綠能環保,BULL,多頭弱勢,-0.00862554047000819,0.0022498323292473197,0.00555815485909273
X_leader_failure,20230703,綠能環保,BULL,多頭弱勢,0.00391603971389777,0.014394336017090677,0.019953229283137468
X_leader_failure,20240129,綠能環保,BULL,多頭弱勢,1.2348802173084601e-05,0.04286156685460668,0.06508760066072475
X_leader_failure,20240313,綠能環保,BULL,多頭弱勢,0.0064643402244025094,0.024238834081713803,-0.006576485122544093
X_leader_failure,20240320,綠能環保,BULL,多頭弱勢,-0.00017556453117434714,0.033608477157401354,0.007441477962688264
X_leader_failure,20240401,綠能環保,BULL,多頭弱勢,-0.006315035627992604,0.007302755835287014,0.09081325731027078
X_leader_failure,20240411,綠能環保,BULL,多頭弱勢,0.055576862472587196,-0.006319070513324622,0.13335049119401748
X_leader_failure,20240424,綠能環保,BULL,多頭弱勢,-0.017237118762485164,-0.03461677937170503,0.16391505951953012
X_leader_failure,20240508,綠能環保,BULL,多頭弱勢,-0.016696542142924944,-0.030668339047699,0.09246900870266617
X_leader_failure,20240528,綠能環保,BULL,多頭弱勢,-0.015019621094644423,0.09707266217025158,0.15540997791891595
X_leader_failure,20240827,綠能環保,BULL,多頭弱勢,-0.015405366679621897,-0.0008789912915973498,-0.051217974426154306
X_leader_failure,20220429,航運業,BULL,多頭弱勢,0.026462719030298527,-0.007694910057531547,-0.11668274291116107
X_leader_failure,20230209,航運業,BULL,多頭弱勢,-0.010431113823527391,0.05171444555310763,0.024379815557905596
X_leader_failure,20230310,航運業,BULL,多頭弱勢,-0.0029017175911962255,0.0025079223634489126,-0.04223709565439328
X_leader_failure,20230420,航運業,BULL,多頭弱勢,-0.0019070336303336176,-0.02470789773221546,-0.1137633474656958
X_leader_failure,20230502,航運業,BULL,多頭弱勢,-0.005417473469684092,-0.023499251694901958,-0.09166256853808333
X_leader_failure,20230531,航運業,BULL,多頭弱勢,0.014289660529074363,-0.01048775111614609,-0.03927264519111081
X_leader_failure,20240506,航運業,BULL,多頭弱勢,0.07566598597592102,0.05996738346059431,-0.00983146435903795
X_leader_failure,20240520,航運業,BULL,多頭弱勢,0.04751940051665812,0.015578104617472246,-0.04442799478633119
X_leader_failure,20240604,航運業,BULL,多頭弱勢,-0.033244592692939647,-0.04296852134250538,-0.10360223905308691
X_leader_failure,20240614,航運業,BULL,多頭弱勢,-0.004841178971443823,-0.06556200606376786,-0.05775741071418378
X_leader_failure,20240621,航運業,BULL,多頭弱勢,-0.0037579074633864607,-0.06936889337674498,-0.0639567462689574
X_leader_failure,20240704,航運業,BULL,多頭弱勢,-0.030907946795890394,-0.011713538597021844,-0.025536148788945223
X_leader_failure,20260826,航運業,BULL,多頭弱勢,0.01067201750234568,-0.0119845007635665,
X_leader_failure,20220323,觀光餐旅,BULL,多頭弱勢,0.0027743640445757646,0.005825430844871332,0.11580860361695285
X_leader_failure,20220401,觀光餐旅,BULL,多頭弱勢,0.014882051160429385,0.020834687795937785,0.11539243557546602
X_leader_failure,20230111,觀光餐旅,BULL,多頭弱勢,-0.02621366639538287,0.08630475977123843,0.07874235553664358
X_leader_failure,20230130,觀光餐旅,BULL,多頭弱勢,0.020620488700797194,0.17851240995376114,0.10209518722442938
X_leader_failure,20230306,觀光餐旅,BULL,多頭弱勢,-0.03806639196589382,-0.038806170875931814,0.11562009425753794
X_leader_failure,20230406,觀光餐旅,BULL,多頭弱勢,0.0026173004132000466,-0.010761960850392507,0.1944646601832517
X_leader_failure,20230413,觀光餐旅,BULL,多頭弱勢,-0.0008194811771794885,0.04502960293211891,0.13390857369096706
X_leader_failure,20230502,觀光餐旅,BULL,多頭弱勢,0.026415827368504157,0.17730640084522464,0.1297424822977062
X_leader_failure,20230615,觀光餐旅,BULL,多頭弱勢,0.004848325277941314,-0.10449832558763514,-0.1638281949977204
X_leader_failure,20230628,觀光餐旅,BULL,多頭弱勢,-0.0487063596909542,-0.10000272033864335,-0.18232400915362007
X_leader_failure,20240620,觀光餐旅,BULL,多頭弱勢,-0.020475739035083845,-0.0221452826523671,-0.04949280860639192
X_leader_failure,20240625,觀光餐旅,BULL,多頭弱勢,-0.010735064904311434,-0.010306514737484625,-0.04996654821009598
X_leader_failure,20230202,貿易百貨,BULL,多頭弱勢,-0.003920998917157966,-0.028716044070723923,-0.09641196132933975
X_leader_failure,20230213,貿易百貨,BULL,多頭弱勢,-0.0016294365643015965,-0.04370996863964307,-0.06841034262275135
X_leader_failure,20230224,貿易百貨,BULL,多頭弱勢,-0.013187752753641337,-0.05985163801770055,-0.060800907605592855
X_leader_failure,20230303,貿易百貨,BULL,多頭弱勢,-0.0169871722817745,-0.055076522710006716,-0.048940154039972456
X_leader_failure,20230308,貿易百貨,BULL,多頭弱勢,-0.01675378602741953,-0.053218284404524786,-0.046970090195901176
X_leader_failure,20230613,貿易百貨,BULL,多頭弱勢,-0.010675304600944895,-0.013102379072189996,-0.010066579669592908
X_leader_failure,20230621,貿易百貨,BULL,多頭弱勢,0.007831530951918391,-0.014665443622122604,0.0029490117313356184
X_leader_failure,20241022,貿易百貨,BULL,多頭弱勢,-0.013635612416227329,-0.010726194286517152,-0.031062711147846214
X_leader_failure,20241206,貿易百貨,BULL,多頭弱勢,0.017618797882706143,-0.03854974414553572,-0.05219086680246682
X_leader_failure,20260703,貿易百貨,BULL,多頭弱勢,0.038226070471480904,0.05909013589521375,0.02065428154387395
X_leader_failure,20211019,資訊服務業,BULL,多頭弱勢,-0.0005996086088374056,-0.009252897448116665,-0.019039957125369766
X_leader_failure,20211108,資訊服務業,BULL,多頭弱勢,-0.0017867824058589313,-0.018829539401221375,-0.02279379090717029
X_leader_failure,20211110,資訊服務業,BULL,多頭弱勢,-0.0002402904195886249,-0.011122860190267786,-0.021519271744699
X_leader_failure,20211122,資訊服務業,BULL,多頭弱勢,-0.0059963154566434525,-0.017243568118182683,-0.022700840669596985
X_leader_failure,20211124,資訊服務業,BULL,多頭弱勢,-0.005254098616729031,-0.0069875995912557776,-0.019929146339096277
X_leader_failure,20211208,資訊服務業,BULL,多頭弱勢,0.0019552331384076714,-0.0006251703899521587,0.019007101635500998
X_leader_failure,20211229,資訊服務業,BULL,多頭弱勢,0.004400065957313943,0.004244585197730168,0.05193423869046907
X_leader_failure,20220210,資訊服務業,BULL,多頭弱勢,-0.011097501776892282,0.016584915060084093,0.037255981377062236
X_leader_failure,20230315,資訊服務業,BULL,多頭弱勢,0.08637741707108898,0.12714429062360522,0.17204526935671793
X_leader_failure,20230328,資訊服務業,BULL,多頭弱勢,0.02479178833251231,0.11530287659467195,0.10615596539770014
X_leader_failure,20230509,資訊服務業,BULL,多頭弱勢,0.006061345214944568,0.0022602167048208985,0.01585707451032333
X_leader_failure,20230525,資訊服務業,BULL,多頭弱勢,0.007184904391988559,-0.022365712688091115,-0.025671133546643136
X_leader_failure,20230605,資訊服務業,BULL,多頭弱勢,-0.020289415843057906,-0.01281961331277857,-0.034334478484519454
X_leader_failure,20230626,資訊服務業,BULL,多頭弱勢,0.0062069579618602815,0.015316852716156293,-0.03908398595928312
X_leader_failure,20230629,資訊服務業,BULL,多頭弱勢,-0.009101969338406922,0.024905488982564002,-0.03910298315490807
X_leader_failure,20231226,資訊服務業,BULL,多頭弱勢,-0.006551285245327959,0.036138556585001994,0.06597800053789626
X_leader_failure,20240102,資訊服務業,BULL,多頭弱勢,0.013744137858682148,0.04464127413372413,0.05013186581444015
X_leader_failure,20240126,資訊服務業,BULL,多頭弱勢,-0.0006950976476360208,0.013207368120880615,-0.043615190170859644
X_leader_failure,20240216,資訊服務業,BULL,多頭弱勢,0.006201775614322731,0.05931148953782644,-0.05419092927346786
X_leader_failure,20240326,資訊服務業,BULL,多頭弱勢,-0.01801152811379191,-0.06746594417121893,-0.07800837728178979
X_leader_failure,20240408,資訊服務業,BULL,多頭弱勢,-0.022802369286274743,-0.055579270867879005,-0.0725099770511697
X_leader_failure,20241216,資訊服務業,BULL,多頭弱勢,0.0036884289611476178,0.007584083402977358,0.07779368312948462
X_leader_failure,20250218,資訊服務業,BULL,多頭弱勢,-0.02770962233920274,-0.02375242299836511,0.04271158777893244
X_leader_failure,20220425,農業科技,BULL,多頭弱勢,0.0027802644511892363,-0.04820994905676691,-0.16281766517099672
X_leader_failure,20220506,農業科技,BULL,多頭弱勢,-0.08943817477786141,-0.17756037181082504,-0.24553698033132554
X_leader_failure,20230308,農業科技,BULL,多頭弱勢,-0.007165674858643972,0.0073139579319314784,-0.10682280950066628
X_leader_failure,20230331,農業科技,BULL,多頭弱勢,0.007012419541625377,-0.023749741640162865,-0.10804684376003311
X_leader_failure,20230417,農業科技,BULL,多頭弱勢,-0.018448004024520206,-0.07310751659475563,-0.1144513180776109
X_leader_failure,20240306,農業科技,BULL,多頭弱勢,-0.003966810866074373,0.016894993685300435,-0.035689354066331724
X_leader_failure,20240312,農業科技,BULL,多頭弱勢,-0.02190626587917841,-0.022036310664768355,-0.028638272130074388
X_leader_failure,20240411,農業科技,BULL,多頭弱勢,0.010413749475388086,-0.015327875973223971,-0.030403328235775892
X_leader_failure,20240429,農業科技,BULL,多頭弱勢,-0.00021286153118638476,-0.020195747896206054,-0.059433297020490085
X_leader_failure,20240506,農業科技,BULL,多頭弱勢,-0.01071123233779446,-0.00320209096376263,-0.07996731139626459
X_leader_failure,20260316,農業科技,BULL,多頭弱勢,-0.004721856383084987,-0.04235177129363697,-0.15392732283888957
X_leader_failure,20260320,農業科技,BULL,多頭弱勢,-0.009862982679832247,-0.05417374483613225,-0.1722695877303183
X_leader_failure,20211129,通信網路業,BULL,多頭弱勢,0.0003382114112254163,0.025043170789401062,-0.06197565427766212
X_leader_failure,20211202,通信網路業,BULL,多頭弱勢,0.019730257804788875,0.03194939436464992,-0.05692867445884918
X_leader_failure,20211220,通信網路業,BULL,多頭弱勢,0.002210129831707496,-0.02352546432282384,-0.0618989242785283
X_leader_failure,20211222,通信網路業,BULL,多頭弱勢,0.004445876255678978,-0.03230704303104523,-0.06682418974640164
X_leader_failure,20220104,通信網路業,BULL,多頭弱勢,-0.029833756786296614,-0.039452379262058475,-0.08063196168165972
X_leader_failure,20220106,通信網路業,BULL,多頭弱勢,-0.00929346498282188,-0.028634162751234992,-0.07778691056886217
X_leader_failure,20230413,通信網路業,BULL,多頭弱勢,-0.006986299231217892,-0.02860797815823865,0.0425004810431255
X_leader_failure,20230502,通信網路業,BULL,多頭弱勢,-0.0060279171092241955,0.01936347179623644,0.08610147988476055
X_leader_failure,20230724,通信網路業,BULL,多頭弱勢,0.00301542545841715,0.012388056987935221,0.015194140220745625
X_leader_failure,20230727,通信網路業,BULL,多頭弱勢,-0.013363640786752666,4.65680176997621e-05,0.020265951654727832
X_leader_failure,20240126,通信網路業,BULL,多頭弱勢,0.010708038149885704,0.04177777111742718,-0.031343516057732626
X_leader_failure,20240130,通信網路業,BULL,多頭弱勢,0.013688728331196501,0.02480971928226436,-0.03239698336251692
X_leader_failure,20240311,通信網路業,BULL,多頭弱勢,-0.013541191921057114,-0.04078509679538045,-0.02818635339796012
X_leader_failure,20240401,通信網路業,BULL,多頭弱勢,-0.014033275471415063,-0.04989113477101241,0.027081124704670154
X_leader_failure,20240409,通信網路業,BULL,多頭弱勢,-0.02807989444718864,-0.027504890825817196,0.05597764905101357
X_leader_failure,20240715,通信網路業,BULL,多頭弱勢,-0.016790453761417277,-0.046708788391276505,0.07723300719394302
X_leader_failure,20241210,通信網路業,BULL,多頭弱勢,-0.013397459172244417,0.018489151801453753,-0.014923647092729708
X_leader_failure,20260211,通信網路業,BULL,多頭弱勢,0.05180574930273452,0.03203235728766598,0.1215719528524605
X_leader_failure,20260311,通信網路業,BULL,多頭弱勢,0.033011810950674944,0.07563806296240465,0.06244207395339864
X_leader_failure,20260424,通信網路業,BULL,多頭弱勢,0.02498322924612498,0.05875138638627693,-0.0741250699098926
X_leader_failure,20260601,通信網路業,BULL,多頭弱勢,-0.03488762445092091,-0.0895699749417717,-0.09846121211655795
X_leader_failure,20260604,通信網路業,BULL,多頭弱勢,-0.029231856303250824,-0.07049662049209272,-0.06755196824119745
X_leader_failure,20230209,造紙工業,BULL,多頭弱勢,-0.013380439829576748,-0.05019457025625711,-0.026085364796444507
X_leader_failure,20230531,造紙工業,BULL,多頭弱勢,0.02993424296230622,0.04196300676334785,-0.0021264816475910706
X_leader_failure,20230614,造紙工業,BULL,多頭弱勢,0.035974414587711834,0.002379892489629965,-0.02683793479864474
X_leader_failure,20230703,造紙工業,BULL,多頭弱勢,-0.021094899384060048,0.044783078259130145,-0.058856096669235754
X_leader_failure,20230706,造紙工業,BULL,多頭弱勢,-0.006487117190374634,0.03645996277681478,-0.03933562968489415
X_leader_failure,20230804,造紙工業,BULL,多頭弱勢,-0.04455112331528029,-0.05572722451591005,-0.10405353944221721
X_leader_failure,20240514,造紙工業,BULL,多頭弱勢,-0.012215982124930155,-0.05490268664009022,-0.08852615582397796
X_leader_failure,20240517,造紙工業,BULL,多頭弱勢,-0.029831380336436546,-0.06437212900339502,-0.10316203533719323
X_leader_failure,20260806,造紙工業,BULL,多頭弱勢,0.00539365881189406,0.01009588430815558,
X_leader_failure,20260827,造紙工業,BULL,多頭弱勢,-0.0025166085007648858,-0.044832481444263196,
X_leader_failure,20211230,運動休閒,BULL,多頭弱勢,-0.007010460537398755,0.00010885930305450271,-0.04034998236862332
X_leader_failure,20230201,運動休閒,BULL,多頭弱勢,0.009716417317779884,0.02214170548957406,-0.06996102433157803
X_leader_failure,20230411,運動休閒,BULL,多頭弱勢,-0.027556838119184267,-0.03450624913576125,-0.022479673558262206
X_leader_failure,20240517,運動休閒,BULL,多頭弱勢,-0.01156453640525938,-0.03018996581287921,-0.015267722408195046
X_leader_failure,20241111,運動休閒,BULL,多頭弱勢,0.0023259879697730725,0.01956164272018603,0.018977826707213062
X_leader_failure,20211216,金融保險,BULL,多頭弱勢,-0.005175679971075157,0.05748217939090398,0.05843367965271329
X_leader_failure,20211221,金融保險,BULL,多頭弱勢,0.012469439646600806,0.06222471063254622,0.065004312294308
X_leader_failure,20220210,金融保險,BULL,多頭弱勢,-0.011250047659395856,-0.02136244428703159,-0.02180721073332667
X_leader_failure,20220216,金融保險,BULL,多頭弱勢,-0.008459287801393569,0.005641926929410346,-0.019429411512577995
X_leader_failure,20230524,金融保險,BULL,多頭弱勢,0.0022138117258096645,-0.006674736963428379,0.04267673756472804
X_leader_failure,20230616,金融保險,BULL,多頭弱勢,-0.0009143644528471296,0.03526057672742039,0.04973366149269009
X_leader_failure,20240429,金融保險,BULL,多頭弱勢,0.011025942250367678,-0.0021486132895725124,0.0192648633024158
X_leader_failure,20240514,金融保險,BULL,多頭弱勢,-0.004045016265417775,-0.012178108491319378,-0.00504972426858488
X_leader_failure,20240522,金融保險,BULL,多頭弱勢,-0.019550080189872275,0.0016692384838188287,-0.012899714016074468
X_leader_failure,20240531,金融保險,BULL,多頭弱勢,0.01585634813529898,0.00867705220657309,-0.007360133580581969
X_leader_failure,20240614,金融保險,BULL,多頭弱勢,0.023562503349381085,0.019826451726733554,0.0009020777040205652
X_leader_failure,20240626,金融保險,BULL,多頭弱勢,0.009034963437712432,0.013873530911238191,-0.007078412275163957
X_leader_failure,20240716,金融保險,BULL,多頭弱勢,0.0006148501855214941,0.006715932371486065,-0.0028827555991082845
X_leader_failure,20250320,金融保險,BULL,多頭弱勢,0.02252918628152118,0.05468591444464466,0.047224870977645175
X_leader_failure,20250918,金融保險,BULL,多頭弱勢,0.013149909796069878,0.03019283097260659,0.08915916548583691
X_leader_failure,20251022,金融保險,BULL,多頭弱勢,0.0014322804422782914,0.0472442674964748,0.03809418541506545
X_leader_failure,20251126,金融保險,BULL,多頭弱勢,-0.006063263591962272,0.010305832647979896,0.0536492483115944
X_leader_failure,20260624,金融保險,BULL,多頭弱勢,-0.025840222923321707,0.008048668715843414,0.09464797491256177
X_leader_failure,20260630,金融保險,BULL,多頭弱勢,0.012650859092076838,0.05551550743808484,0.09584223940331651
X_leader_failure,20260703,金融保險,BULL,多頭弱勢,0.01810715887927155,0.04442732335984981,0.08582958823429476
X_leader_failure,20220318,鋼鐵工業,BULL,多頭弱勢,-0.011225378848537197,-0.03028736160044708,-0.141479242222461
X_leader_failure,20220328,鋼鐵工業,BULL,多頭弱勢,-0.008958150349145096,-0.04204252346525214,-0.14193713965730692
X_leader_failure,20230109,鋼鐵工業,BULL,多頭弱勢,0.006119188432656712,-0.0060418174742386185,-0.06101221464798451
X_leader_failure,20230206,鋼鐵工業,BULL,多頭弱勢,-0.008871110539738925,-0.03376304524591573,-0.08014865823976486
X_leader_failure,20230307,鋼鐵工業,BULL,多頭弱勢,0.009633750515268876,-0.02437539134810082,-0.07466410514028371
X_leader_failure,20230309,鋼鐵工業,BULL,多頭弱勢,0.002214670174824551,-0.021539893875006003,-0.0839459994981812
X_leader_failure,20230420,鋼鐵工業,BULL,多頭弱勢,-0.009537616543704771,-0.027121273763496906,-0.081742366182568
X_leader_failure,20240215,鋼鐵工業,BULL,多頭弱勢,-0.008595954886782605,-0.005743365506956952,-0.015201592469568856
X_leader_failure,20240226,鋼鐵工業,BULL,多頭弱勢,-0.005891351929618777,-0.008571192282592077,-0.013133044819896508
X_leader_failure,20240425,鋼鐵工業,BULL,多頭弱勢,-0.0041907782763709565,-0.016503178558905367,-0.0836298188413314
X_leader_failure,20240507,鋼鐵工業,BULL,多頭弱勢,0.004562468607208531,-0.02499487975555878,-0.051659870046945
X_leader_failure,20240510,鋼鐵工業,BULL,多頭弱勢,0.015577100100459373,-0.023066305201268487,-0.04741404606279635
X_leader_failure,20240527,鋼鐵工業,BULL,多頭弱勢,-0.015548274407179881,-0.04419234168347456,-0.06012331971463428
X_leader_failure,20240531,鋼鐵工業,BULL,多頭弱勢,-0.0037102542158241932,-0.04192540949323855,-0.04647564645378211
X_leader_failure,20240607,鋼鐵工業,BULL,多頭弱勢,-0.01092215112606129,-0.0539430998112038,-0.04928798256817166
X_leader_failure,20260225,鋼鐵工業,BULL,多頭弱勢,0.009390159929678683,0.0005528304197428523,-0.04666296672095603
X_leader_failure,20261008,鋼鐵工業,BULL,多頭弱勢,,,
X_leader_failure,20220105,電器電纜,BULL,多頭弱勢,0.003362407557058744,0.015181258366832547,0.03437756830087349
X_leader_failure,20220216,電器電纜,BULL,多頭弱勢,-0.0031536076761363406,0.012654331358101789,-0.00012608709768308773
X_leader_failure,20220221,電器電纜,BULL,多頭弱勢,0.00415046183745104,0.009917108037807695,-0.0016899961242536725
X_leader_failure,20220314,電器電纜,BULL,多頭弱勢,0.001611433089412223,0.01468923502728716,-0.020412242751972
X_leader_failure,20230207,電器電纜,BULL,多頭弱勢,0.002242170268182996,-0.01835279330713984,-0.010649347358901953
X_leader_failure,20230222,電器電纜,BULL,多頭弱勢,-0.017599531323122978,0.0020295450369809034,0.030289334914275184
X_leader_failure,20230328,電器電纜,BULL,多頭弱勢,-0.0176465725079031,-0.005078783913957476,0.021642913302091144
X_leader_failure,20230331,電器電纜,BULL,多頭弱勢,0.012039085963333836,0.009055713908591383,0.0525199539133812
X_leader_failure,20230419,電器電纜,BULL,多頭弱勢,-0.01396616675384746,0.014446943161123138,0.0706276161715401
X_leader_failure,20230428,電器電纜,BULL,多頭弱勢,-0.004031175061762893,0.018001712189863586,0.07463443297591194
X_leader_failure,20230524,電器電纜,BULL,多頭弱勢,-0.01586392866129186,0.012046564790912678,0.050123368544379744
X_leader_failure,20230529,電器電纜,BULL,多頭弱勢,0.02348871329283487,0.0073350010359417295,0.05055233440321147
X_leader_failure,20230601,電器電纜,BULL,多頭弱勢,0.030810336107862348,0.022158449927045947,0.045991794576559386
X_leader_failure,20230613,電器電纜,BULL,多頭弱勢,0.005281049278522028,0.024794353451777197,0.022328994998841438
X_leader_failure,20230627,電器電纜,BULL,多頭弱勢,0.02330516564030406,0.051659122791646146,0.03073910658602578
X_leader_failure,20230717,電器電纜,BULL,多頭弱勢,0.0015664863251013455,0.004892046324415228,0.007924570558224785
X_leader_failure,20230801,電器電纜,BULL,多頭弱勢,-0.03913448576505342,-0.04364519931498041,-0.05434703413100688
X_leader_failure,20240402,電器電纜,BULL,多頭弱勢,0.06899234198451253,0.09522235395199058,0.0865536609749677
X_leader_failure,20240424,電器電纜,BULL,多頭弱勢,-0.03757430847385028,-0.04007572656102108,-0.06250542189623631
X_leader_failure,20240516,電器電纜,BULL,多頭弱勢,-0.022538839890974795,0.006583515331224268,-0.030622459657849536
X_leader_failure,20240522,電器電纜,BULL,多頭弱勢,-0.012816907250505128,0.02461619922359736,-0.012188446068985156
X_leader_failure,20240621,電器電纜,BULL,多頭弱勢,-0.019563901503760764,-0.03612786353012473,-0.08138699105120982
X_leader_failure,20240704,電器電纜,BULL,多頭弱勢,0.01854356709937819,-0.010248522448525144,-0.04031058532900628
X_leader_failure,20251003,電器電纜,BULL,多頭弱勢,-0.020409768303070848,-0.0011300845647279727,-0.036799611979012756
X_leader_failure,20251016,電器電纜,BULL,多頭弱勢,0.005649630265372596,-0.007838865627093728,-0.025747635689467738
X_leader_failure,20251023,電器電纜,BULL,多頭弱勢,0.0071726514191874785,-0.024899763437888453,-0.019727435793170905
X_leader_failure,20260715,電器電纜,BULL,多頭弱勢,-0.027153337413216537,0.006200600653346763,
X_leader_failure,20210930,電子通路業,BULL,多頭弱勢,0.00798632696366643,0.012020277593085382,0.10868360784193627
X_leader_failure,20211129,電子通路業,BULL,多頭弱勢,0.01069093155498085,0.033414020057704955,0.02623031227973842
X_leader_failure,20220105,電子通路業,BULL,多頭弱勢,-0.013717936649816465,-0.005988923588862875,-0.002405697006203718
X_leader_failure,20220110,電子通路業,BULL,多頭弱勢,0.008368503598379044,0.008402283320105841,0.000783572977989172
X_leader_failure,20220222,電子通路業,BULL,多頭弱勢,0.007301437714762127,0.015889085595140573,0.049860426422455834
X_leader_failure,20230329,電子通路業,BULL,多頭弱勢,-0.00728927505229208,-0.02365594774437297,-0.060948813529609264
X_leader_failure,20230411,電子通路業,BULL,多頭弱勢,-0.006168422434753873,-0.013543785431475023,-0.059311214871087384
X_leader_failure,20240307,電子通路業,BULL,多頭弱勢,-0.024738548280322677,-0.010278596418088877,0.018770650756142912
X_leader_failure,20240401,電子通路業,BULL,多頭弱勢,0.015523418130557931,0.000898831842734607,0.0403416665473134
X_leader_failure,20240418,電子通路業,BULL,多頭弱勢,-0.012073197714263233,0.013392879122799066,0.05331457559199644
X_leader_failure,20240509,電子通路業,BULL,多頭弱勢,0.019164629325513674,0.03539071894307521,0.008185549236398377
X_leader_failure,20240606,電子通路業,BULL,多頭弱勢,0.014632852741702252,0.019039765695195686,-0.013651457989324073
X_leader_failure,20240624,電子通路業,BULL,多頭弱勢,0.006040477399313391,-0.004651899367148565,-0.012143913587741882
X_leader_failure,20240712,電子通路業,BULL,多頭弱勢,-0.01167450109136068,-0.03359795057844262,-0.018004658195487
X_leader_failure,20240717,電子通路業,BULL,多頭弱勢,-0.035745970977260115,-0.021270758568836708,-0.014442480805769181
X_leader_failure,20250925,電子通路業,BULL,多頭弱勢,0.016531617260002417,0.02712893391202198,0.06166361680909776
X_leader_failure,20251127,電子通路業,BULL,多頭弱勢,0.0011050942042643208,0.025533235678499123,0.06655103490474945
X_leader_failure,20251202,電子通路業,BULL,多頭弱勢,0.022765301429307088,0.0657316716757362,0.10099423683187235
X_leader_failure,20251204,電子通路業,BULL,多頭弱勢,0.018476649402889074,0.0719147202983323,0.10572683155106005
X_leader_failure,20260324,電子通路業,BULL,多頭弱勢,-0.02340626431014294,0.027972805173417267,0.1506709029666515
X_leader_failure,20260608,電子通路業,BULL,多頭弱勢,-0.01986831023819969,-0.03190664785820152,-0.0754461239646406
X_leader_failure,20260702,電子通路業,BULL,多頭弱勢,-0.0022290854327750853,-0.03930822562988934,-0.06267921510401958
X_leader_failure,20220107,電子零組件業,BULL,多頭弱勢,-0.0031537075062182396,-0.005976331998911136,-0.09546977520542732
X_leader_failure,20220216,電子零組件業,BULL,多頭弱勢,-0.014937673519151397,-0.03695800965349094,-0.06455318834237606
X_leader_failure,20230329,電子零組件業,BULL,多頭弱勢,0.011843538001195716,-0.008967430018501872,-0.004657423314196968
X_leader_failure,20230517,電子零組件業,BULL,多頭弱勢,0.007742276367161363,0.008645098783101372,0.07305229208719187
X_leader_failure,20230606,電子零組件業,BULL,多頭弱勢,-0.0003246627683263879,0.014211543976320289,0.08455975017324352
X_leader_failure,20230626,電子零組件業,BULL,多頭弱勢,0.01835532234610444,0.05673718657993404,0.09607057419640239
X_leader_failure,20230801,電子零組件業,BULL,多頭弱勢,0.013217098278420759,0.052026632778397405,0.03802831908533439
X_leader_failure,20240311,電子零組件業,BULL,多頭弱勢,-0.006674398820969138,-0.008248063823348643,-0.014788559277989125
X_leader_failure,20240401,電子零組件業,BULL,多頭弱勢,-0.001754887574356689,-0.04219841620654123,-0.004635158119833296
X_leader_failure,20240415,電子零組件業,BULL,多頭弱勢,-0.026846712425988406,-0.007087804025071746,0.042390957051394146
X_leader_failure,20240712,電子零組件業,BULL,多頭弱勢,-0.024316827721900004,-0.029363615558816065,-0.00030866423116735625
X_leader_failure,20240718,電子零組件業,BULL,多頭弱勢,-0.019391463558900972,-0.0038061078734838195,0.01971217781649264
X_leader_failure,20250825,電子零組件業,BULL,多頭弱勢,0.0007830951406108157,0.027336533032223127,0.06275595866687947
X_leader_failure,20250903,電子零組件業,BULL,多頭弱勢,0.005226456315989244,0.03843571559142453,0.0919984014703722
X_leader_failure,20250930,電子零組件業,BULL,多頭弱勢,0.015539896922263027,0.05831957933016593,0.10497974518033627
X_leader_failure,20251016,電子零組件業,BULL,多頭弱勢,0.03400989969717207,0.03658561050117266,0.11905589510000376
X_leader_failure,20251104,電子零組件業,BULL,多頭弱勢,0.009094962109839243,0.020015933171186398,0.08895453958246156
X_leader_failure,20260129,電子零組件業,BULL,多頭弱勢,0.0049895801474626605,0.040360844588076095,0.2580860061633995
X_leader_failure,20260305,電子零組件業,BULL,多頭弱勢,0.005817527785474583,0.01848468466858066,0.3511418515868854
X_leader_failure,20260312,電子零組件業,BULL,多頭弱勢,0.024081683990012467,0.08682874750715974,0.3185833946917705
X_leader_failure,20260325,電子零組件業,BULL,多頭弱勢,-0.01013825805113048,0.11872665913485775,0.370569811393787
X_leader_failure,20260429,電子零組件業,BULL,多頭弱勢,0.02737187857593364,0.16777062863776993,0.01413894088573372
X_leader_failure,20260604,電子零組件業,BULL,多頭弱勢,0.009009583317311321,0.046372942425997196,-0.02434168678263025
X_leader_failure,20211217,電機機械,BULL,多頭弱勢,0.0013626964805223477,-0.0018589228499434405,-0.008691707274339131
X_leader_failure,20220107,電機機械,BULL,多頭弱勢,-0.004153249186691688,0.003437750383579949,-0.032771724030023486
X_leader_failure,20220812,電機機械,BULL,多頭弱勢,0.010288604368432316,0.008947367161187518,-0.007171142696988944
X_leader_failure,20220905,電機機械,BULL,多頭弱勢,0.0017046742816023471,0.0045889753915221085,-0.02820783201273481
X_leader_failure,20230424,電機機械,BULL,多頭弱勢,0.002017525623192077,0.0014548128998634335,0.07516986095300965
X_leader_failure,20230517,電機機械,BULL,多頭弱勢,0.0037584770538304363,0.04409169160069403,0.0628756074045873
X_leader_failure,20240424,電機機械,BULL,多頭弱勢,-0.016535450970492065,-0.0020433870660986203,0.056631806962868736
X_leader_failure,20240426,電機機械,BULL,多頭弱勢,0.003924918648501207,0.023602191409502364,0.06882226314743559
X_leader_failure,20240502,電機機械,BULL,多頭弱勢,0.013543251351855037,0.044494840418274076,0.0633780389967434
X_leader_failure,20240515,電機機械,BULL,多頭弱勢,0.0071264290772158935,0.04470852002882182,0.0925213836992223
X_leader_failure,20240611,電機機械,BULL,多頭弱勢,0.009185881532438551,0.04395647261906638,0.08857324886787174
X_leader_failure,20240624,電機機械,BULL,多頭弱勢,0.005162816307829819,0.02809710443804307,0.09136398260720804
X_leader_failure,20240627,電機機械,BULL,多頭弱勢,0.022565484697539124,0.007341827911667528,0.09034060053625781
X_leader_failure,20240717,電機機械,BULL,多頭弱勢,-0.01975332243823851,0.03192148519913645,0.06459460178548623
X_leader_failure,20240926,電機機械,BULL,多頭弱勢,-0.008830215257054222,0.0011453004054677307,0.02032607173234724
X_leader_failure,20240930,電機機械,BULL,多頭弱勢,-0.013594592750302403,-0.0012022357230910621,0.019675101585502848
X_leader_failure,20241004,電機機械,BULL,多頭弱勢,-0.0018275038966008642,0.013622207490514376,0.02214337297238421
X_leader_failure,20260603,電機機械,BULL,多頭弱勢,-0.030167010866669307,-0.027012337677535178,-0.04728532976570962
X_leader_failure,20260609,電機機械,BULL,多頭弱勢,-0.0045628245737518,-0.010602867958271329,-0.020619867100836617
X_leader_failure,20211220,電腦及週邊設備業,BULL,多頭弱勢,0.019505849013723053,0.007084813506298115,-0.03226147602954923
X_leader_failure,20220107,電腦及週邊設備業,BULL,多頭弱勢,-0.006326188730362836,-0.007009389952392656,-0.07102449381820619
X_leader_failure,20230110,電腦及週邊設備業,BULL,多頭弱勢,0.000588830415819596,0.01615839647922014,0.0608264401378229
X_leader_failure,20230117,電腦及週邊設備業,BULL,多頭弱勢,0.00565257720931054,0.01888491196270692,0.06928082145554514
X_leader_failure,20230315,電腦及週邊設備業,BULL,多頭弱勢,0.023869764795975627,0.03863213545556422,0.17645922415250392
X_leader_failure,20230411,電腦及週邊設備業,BULL,多頭弱勢,-0.0004384680202212613,-0.006962508239459956,0.15065709626943735
X_leader_failure,20230420,電腦及週邊設備業,BULL,多頭弱勢,0.002605140669433518,0.04210874019162472,0.26650909949325396
X_leader_failure,20230627,電腦及週邊設備業,BULL,多頭弱勢,0.03938322113936811,0.12093086972610917,0.0658044330179767
X_leader_failure,20230710,電腦及週邊設備業,BULL,多頭弱勢,0.07077364473186507,0.04816397549682568,0.07501112029462137
X_leader_failure,20230731,電腦及週邊設備業,BULL,多頭弱勢,-0.008627042812107594,-0.004734445460570093,-0.008124451432813554
X_leader_failure,20240201,電腦及週邊設備業,BULL,多頭弱勢,0.010910506364311432,0.009397035963123204,-0.05467754048531061
X_leader_failure,20240222,電腦及週邊設備業,BULL,多頭弱勢,0.01042634706044264,0.013123489176053767,-0.008111628204299892
X_leader_failure,20240311,電腦及週邊設備業,BULL,多頭弱勢,-0.005096005164364967,-0.016938760698059555,-0.012352072797725835
X_leader_failure,20240327,電腦及週邊設備業,BULL,多頭弱勢,-0.00013584187227615,-0.05226282541013435,-0.0032614647176718303
X_leader_failure,20240409,電腦及週邊設備業,BULL,多頭弱勢,-0.02381147138736453,-0.04300430405425171,0.02436200839836425
X_leader_failure,20240711,電腦及週邊設備業,BULL,多頭弱勢,-0.01565164776958658,-0.04502925153679441,-0.02805981987426505
X_leader_failure,20240718,電腦及週邊設備業,BULL,多頭弱勢,-0.024788473435155105,-0.01435429161470739,-0.0021409692750013545
X_leader_failure,20260519,電腦及週邊設備業,BULL,多頭弱勢,0.05832205972890267,0.03936606147332104,0.0626488283269521
X_leader_failure,20260605,電腦及週邊設備業,BULL,多頭弱勢,-0.000978081981779684,-0.023869903402078375,-0.004529042165813496
X_leader_failure,20260612,電腦及週邊設備業,BULL,多頭弱勢,-0.012119984517965235,-0.033528156667654296,-0.0196761751395383
X_leader_failure,20211206,食品工業,BULL,多頭弱勢,0.005686568722518368,-0.007913858767344496,0.0153803325043218
X_leader_failure,20211209,食品工業,BULL,多頭弱勢,-0.0029077188255003873,-0.00640535962657832,0.0037892273013182343
X_leader_failure,20211220,食品工業,BULL,多頭弱勢,0.0019799462549648476,0.018768026547499574,0.010279070704682572
X_leader_failure,20220208,食品工業,BULL,多頭弱勢,0.022090221153899928,0.00862402294706122,0.053227182579219504
X_leader_failure,20220223,食品工業,BULL,多頭弱勢,-0.007137799215062354,-0.03019467679510304,0.00986034935140178
X_leader_failure,20220304,食品工業,BULL,多頭弱勢,-0.017081504442155886,-0.03315633812392057,-0.007201122421236824
X_leader_failure,20230322,食品工業,BULL,多頭弱勢,-0.0028850944896878818,0.006070655100856607,-0.05281636581872372
X_leader_failure,20230412,食品工業,BULL,多頭弱勢,-0.006530013322522271,0.008654266327337463,-0.03890803072896963
X_leader_failure,20230502,食品工業,BULL,多頭弱勢,0.014790785233281516,-0.0068304770081845,-0.02242080741097311
X_leader_failure,20230516,食品工業,BULL,多頭弱勢,-0.010664831195469484,-0.05217347453447351,-0.02719576621193845
X_leader_failure,20230518,食品工業,BULL,多頭弱勢,-0.01202526523528813,-0.05439639753608025,-0.02691698691087808
X_leader_failure,20230522,食品工業,BULL,多頭弱勢,-0.010708163239020761,-0.04994198174542332,-0.009527347389698855
X_leader_failure,20230607,食品工業,BULL,多頭弱勢,-0.00975877798143453,-0.006771817778618422,-0.0028778170997342915
X_leader_failure,20240322,食品工業,BULL,多頭弱勢,0.014085787470550908,-0.015905572620929214,-0.036580714213823015
X_leader_failure,20240410,食品工業,BULL,多頭弱勢,-0.014404617308971131,-0.01439856513155512,-0.031163752097918163
X_leader_failure,20240819,食品工業,BULL,多頭弱勢,-0.0013486931482045942,0.002226364553288611,-0.018873306907202757
X_leader_failure,20240821,食品工業,BULL,多頭弱勢,-0.010042642081497263,-0.00992100617978087,-0.019354337511290468
X_strengthening_top3rd,20210804,光電業,RANGE,盤整強勢,-0.035879486346845374,-0.03377044350000961,-0.017451584342269816
X_strengthening_top3rd,20210826,光電業,RANGE,盤整強勢,0.005161439661470538,-0.02957372424367459,0.04720947449895056
X_strengthening_top3rd,20210831,光電業,RANGE,盤整強勢,-0.03020975641100548,-0.04784397580964043,0.020859072304802023
X_strengthening_top3rd,20211119,光電業,RANGE,盤整強勢,-0.012869712655869923,0.02463420504747628,-0.02595596539288787
X_strengthening_top3rd,20211125,光電業,RANGE,盤整強勢,0.015373106870072695,0.04927407131100379,-0.0183488947218296
X_strengthening_top3rd,20211206,光電業,RANGE,盤整強勢,0.011639713240729863,0.03266794733034741,-0.0552994516840033
X_strengthening_top3rd,20220627,光電業,BEAR,空頭抗跌,-0.026913470901477644,-0.00230354654125757,0.022993375385101215
X_strengthening_top3rd,20220708,光電業,BEAR,空頭抗跌,0.019373392932403522,0.041923790216287324,0.03073797287172474
X_strengthening_top3rd,20220802,光電業,RANGE,盤整強勢,0.02235498803426606,0.032392260850876986,-0.005375863647546053
X_strengthening_top3rd,20220819,光電業,RANGE,盤整強勢,-0.006540554879327731,-0.007294176686535644,-0.008466256603168687
X_strengthening_top3rd,20220831,光電業,RANGE,盤整強勢,-0.013453691212267263,-0.027608747153782934,-0.010453657535938403
X_strengthening_top3rd,20221007,光電業,RANGE,盤整強勢,0.006451537123463965,0.015295261271338675,-0.011771500109609923
X_strengthening_top3rd,20221018,光電業,RANGE,盤整強勢,-0.008699532349110937,0.014154181698832508,-0.031044205484002524
X_strengthening_top3rd,20230518,光電業,BULL,多頭強勢,0.0031364648245613136,0.003234864798206588,0.017438419354872104
X_strengthening_top3rd,20230530,光電業,RANGE,盤整強勢,-0.004581789706014326,-0.002750300935738345,0.008131256020019899
X_strengthening_top3rd,20230602,光電業,RANGE,盤整強勢,-0.014482547789243058,-0.0031876832573407357,0.004760512145849258
X_strengthening_top3rd,20230821,光電業,RANGE,盤整強勢,-0.0018784467716057374,-0.006568431461833415,-0.031853350737606506
X_strengthening_top3rd,20230825,光電業,RANGE,盤整強勢,-1.3484727948823855e-05,-0.00668683218397639,0.000747361729236791
X_strengthening_top3rd,20231226,光電業,RANGE,盤整強勢,-0.005337260425625284,0.04427356333493905,0.044766960675374896
X_strengthening_top3rd,20240112,光電業,RANGE,盤整強勢,0.011620438566709794,0.04862059436646282,0.0024326507176399975
X_strengthening_top3rd,20240325,光電業,BULL,多頭強勢,0.006816946666573972,-0.004398923200762114,0.07072434311029943
X_strengthening_top3rd,20240429,光電業,BULL,多頭強勢,-0.005211951515650241,0.048064970295908824,0.07363220950871194
X_strengthening_top3rd,20240524,光電業,BULL,多頭強勢,0.00467166680403616,0.0269538532069671,0.04406085160596733
X_strengthening_top3rd,20240821,光電業,RANGE,盤整強勢,0.01933173615477938,0.03289061466605847,0.026294140109118
X_strengthening_top3rd,20240918,光電業,RANGE,盤整強勢,-0.0012198929237703581,0.03160563972614209,-0.009536560983504569
X_strengthening_top3rd,20241007,光電業,RANGE,盤整強勢,0.013018408677953805,0.01500157830547385,0.009701137830086727
X_strengthening_top3rd,20241016,光電業,RANGE,盤整強勢,0.007946355590961332,-0.016133335698015408,-0.027921249481082155
X_strengthening_top3rd,20241204,光電業,RANGE,盤整強勢,-0.009669296710390362,0.011239870943227218,-0.006158778337094299
X_strengthening_top3rd,20250217,光電業,RANGE,盤整強勢,0.0015092147357047333,-0.005763489804662389,-0.0348415372383013
X_strengthening_top3rd,20250317,光電業,RANGE,盤整強勢,-0.0030075114786150877,-0.03608603246425843,-0.01947064282762065
X_strengthening_top3rd,20250324,光電業,RANGE,盤整強勢,-0.011327189971541536,-0.02624551707326646,-0.018324640379034182
X_strengthening_top3rd,20250415,光電業,BEAR,空頭抗跌,0.008062446173052665,0.01619303169658294,0.03054451313376788
X_strengthening_top3rd,20250512,光電業,RANGE,盤整強勢,-0.004204461687637495,0.011852973024926834,0.040383991307207545
X_strengthening_top3rd,20250609,光電業,RANGE,盤整強勢,-0.0007598470810249777,-0.005664316388991404,0.0696903406096115
X_strengthening_top3rd,20250620,光電業,RANGE,盤整強勢,0.005685247244336708,0.011146981040853706,0.08025931253511703
X_strengthening_top3rd,20250711,光電業,RANGE,盤整強勢,0.0031879742872021333,0.03933340852083814,0.07102661197539356
X_strengthening_top3rd,20250819,光電業,RANGE,盤整強勢,0.02049724713222287,0.027235885186877206,-0.038645934979379105
X_strengthening_top3rd,20260102,光電業,RANGE,盤整強勢,0.017762687294600933,0.008713975064183907,0.12344839789106685
X_strengthening_top3rd,20260106,光電業,RANGE,盤整強勢,-0.0017698086038174209,0.009913597452157842,0.12589053058981714
X_strengthening_top3rd,20260416,光電業,BULL,多頭強勢,-0.015038451278863604,0.05470460551644627,0.04777084536759532
X_strengthening_top3rd,20260504,光電業,BULL,多頭強勢,-0.0013933394850388948,0.060127777155449515,-0.0895338871659355
X_strengthening_top3rd,20210728,其他,RANGE,盤整強勢,-0.002513941475999485,0.006281817184786188,0.022851412069917032
X_strengthening_top3rd,20211005,其他,RANGE,盤整強勢,0.007554530106758652,-0.0038435333109615027,-0.018163936951129375
X_strengthening_top3rd,20211013,其他,RANGE,盤整強勢,-0.009441398215122746,-0.016206666619432583,0.000312819201087694
X_strengthening_top3rd,20211015,其他,RANGE,盤整強勢,-0.006979520020725086,-0.018274437060698596,0.007183127410083798
X_strengthening_top3rd,20211126,其他,RANGE,盤整強勢,-0.005551079541625415,-0.011049928846189577,0.012154149262470715
X_strengthening_top3rd,20211217,其他,RANGE,盤整強勢,-0.004738080019719974,0.018265053265764823,0.012805659260388649
X_strengthening_top3rd,20220104,其他,RANGE,盤整強勢,0.01522208791488712,0.011399651923274627,0.003695559707514709
X_strengthening_top3rd,20220325,其他,RANGE,盤整強勢,-0.005480522155238522,0.02133756956003554,0.03521205998739406
X_strengthening_top3rd,20220415,其他,RANGE,盤整強勢,0.018452244158987698,0.019299700993175843,0.04231557342912322
X_strengthening_top3rd,20220526,其他,RANGE,盤整強勢,0.0005082225735401694,0.015937648915443057,0.01853350008441494
X_strengthening_top3rd,20220621,其他,RANGE,盤整強勢,-0.0060885293242944494,-0.006308444857040615,0.015779671150422385
X_strengthening_top3rd,20220728,其他,RANGE,盤整強勢,0.0007084049724065235,-0.0012037177676107944,0.032000938551722286
X_strengthening_top3rd,20220825,其他,RANGE,盤整強勢,0.004218476740019328,0.03567887009126358,0.02759688555071084
X_strengthening_top3rd,20220829,其他,RANGE,盤整強勢,0.008326477896729505,0.0324527080594188,0.018185111328418775
X_strengthening_top3rd,20220907,其他,RANGE,盤整強勢,0.0049560989769562415,0.0143803065909262,0.001020152183166501
X_strengthening_top3rd,20220916,其他,RANGE,盤整強勢,0.013765747617742796,0.011891553863678128,-0.00715322497277943
X_strengthening_top3rd,20220923,其他,RANGE,盤整強勢,-0.0028034837730509105,-0.0020210920103769375,-0.012524306031303414
X_strengthening_top3rd,20220929,其他,RANGE,盤整強勢,-0.004712903922048914,-0.0001977220059522014,-0.010478745799299485
X_strengthening_top3rd,20221220,其他,RANGE,盤整強勢,0.0011424727102443593,-0.006728009634741558,-0.01347904116339016
X_strengthening_top3rd,20230116,其他,RANGE,盤整強勢,-0.006032281559090837,-0.0038610179121964516,-0.004141364309668716
X_strengthening_top3rd,20230313,其他,RANGE,盤整強勢,-0.009021473649968869,-0.015084964374242317,-0.03764564347004043
X_strengthening_top3rd,20230413,其他,BULL,多頭強勢,-0.0002675359457866965,0.006363653258412953,-0.02353644016517812
X_strengthening_top3rd,20230920,其他,RANGE,盤整強勢,-0.0007766307098378816,-0.005956216254689513,-0.0040617325063457554
X_strengthening_top3rd,20231031,其他,RANGE,盤整強勢,-0.004668287111559363,-0.006534023476041553,0.016902107307896153
X_strengthening_top3rd,20231114,其他,RANGE,盤整強勢,-0.010600115870296602,-0.01127438058678222,0.02245933165082753
X_strengthening_top3rd,20231127,其他,RANGE,盤整強勢,-0.0078015149131499695,0.007965701124962428,0.02194964873673376
X_strengthening_top3rd,20231215,其他,RANGE,盤整強勢,0.011631330033521056,0.018155219342234047,0.026268431810859534
X_strengthening_top3rd,20231220,其他,RANGE,盤整強勢,-0.0008113708523902964,0.010755990521258533,0.019238861022487064
X_strengthening_top3rd,20240104,其他,RANGE,盤整強勢,0.004790311720716266,0.01314973374569542,0.0002784640355850271
X_strengthening_top3rd,20240115,其他,RANGE,盤整強勢,0.0027225555365970044,0.00834606991154449,0.0012344986440692707
X_strengthening_top3rd,20240123,其他,BULL,多頭強勢,0.005896370386536431,0.0017546197666550578,-0.003069967785554323
X_strengthening_top3rd,20240129,其他,BULL,多頭強勢,0.0038409735034563965,0.004005391555417737,-0.006177174905979438
X_strengthening_top3rd,20240205,其他,BULL,多頭強勢,-0.002667527161573556,-0.0009674321504635972,-0.009729201613073779
X_strengthening_top3rd,20240326,其他,BULL,多頭強勢,-0.0016319162379337848,-0.0044136857723614045,-0.008191773448921316
X_strengthening_top3rd,20240416,其他,RANGE,盤整強勢,0.006571047042220237,0.0070365424930414755,0.0027411636654874894
X_strengthening_top3rd,20240419,其他,RANGE,盤整強勢,-0.006954721290282975,-0.012763482090239961,-0.0054532888049497324
X_strengthening_top3rd,20240507,其他,BULL,多頭強勢,-6.256501014617437e-06,-0.007141089709022469,0.027923915883245
X_strengthening_top3rd,20240611,其他,BULL,多頭強勢,0.002793681595700988,-0.004689038834928827,0.037517168268230115
X_strengthening_top3rd,20240619,其他,BULL,多頭強勢,-0.0064045761482867045,0.0060856387059690445,0.026411009057114215
X_strengthening_top3rd,20241024,其他,RANGE,盤整強勢,0.0037207955985836035,0.016112123328139973,0.05140503811724231
X_strengthening_top3rd,20241105,其他,RANGE,盤整強勢,0.008065251796387583,0.02915807230555646,0.05656300450542851
X_strengthening_top3rd,20241113,其他,RANGE,盤整強勢,0.009062153284263607,0.017991610545235726,0.03300575024691498
X_strengthening_top3rd,20241129,其他,RANGE,盤整強勢,-0.00800888612767426,0.01752969555210556,0.017022839950572043
X_strengthening_top3rd,20241219,其他,RANGE,盤整強勢,0.007370539200878372,0.01860287815619864,0.023771022212039337
X_strengthening_top3rd,20241230,其他,RANGE,盤整強勢,0.008560868279496977,0.007841838544960645,0.015736536285862135
X_strengthening_top3rd,20250106,其他,RANGE,盤整強勢,-0.0005196116534662704,-0.012042949421521398,-0.002199872231196956
X_strengthening_top3rd,20250306,其他,RANGE,盤整強勢,-0.0011125216856875206,0.01846803049053658,0.0007695828488956113
X_strengthening_top3rd,20250324,其他,RANGE,盤整強勢,0.008644409499834187,-0.006258886558540747,-0.0034397730347740935
X_strengthening_top3rd,20250326,其他,RANGE,盤整強勢,0.007253342675652891,-0.010326844483948716,-0.010808870913028304
X_strengthening_top3rd,20250407,其他,RANGE,盤整強勢,-0.016752538225597247,-0.029108937451677586,-0.02812065885061059
X_strengthening_top3rd,20250527,其他,RANGE,盤整強勢,-4.4014203536577555e-05,-0.005411430311980809,-0.0408389206125552
X_strengthening_top3rd,20250606,其他,BEAR,空頭抗跌,-0.0028122858666571604,0.0013188781964933415,-0.033040803572263786
X_strengthening_top3rd,20250623,其他,RANGE,盤整強勢,0.001664994290063857,-0.0073267549061439875,-0.010966257547449787
X_strengthening_top3rd,20251119,其他,RANGE,盤整強勢,0.007456907689317609,0.006022551808325241,-0.04909834761036465
X_strengthening_top3rd,20251124,其他,RANGE,盤整強勢,-0.0005549848899384958,-0.008469663882736247,-0.06562710044810383
X_strengthening_top3rd,20251127,其他,RANGE,盤整強勢,0.0018733100347099385,-0.005693005871345646,-0.06714570561282363
X_strengthening_top3rd,20260608,其他,RANGE,盤整強勢,0.014460231348118684,0.023453968201329386,0.02845775628006406
X_strengthening_top3rd,20260626,其他,RANGE,盤整強勢,-0.012413330600362031,0.03705279171338288,0.010012762745152282
X_strengthening_top3rd,20260709,其他,RANGE,盤整強勢,0.023163573592896815,0.008439160836891675,0.0026656180501061742
X_strengthening_top3rd,20260825,其他,RANGE,盤整強勢,-0.011736243636142467,-0.005698927854665822,
X_strengthening_top3rd,20260909,其他,RANGE,盤整強勢,-0.0032201978655416416,,
X_strengthening_top3rd,20210825,其他電子業,RANGE,盤整強勢,0.007659410380811954,-0.0024052588440769303,0.02807672709018534
X_strengthening_top3rd,20210903,其他電子業,RANGE,盤整強勢,-0.012253042262695316,-0.019161336966030895,0.015419254734133137
X_strengthening_top3rd,20211115,其他電子業,RANGE,盤整強勢,-0.0014241518772103838,-0.0008235884408663522,0.005704623539640914
X_strengthening_top3rd,20211224,其他電子業,BULL,多頭強勢,0.013430156153892772,-0.005217487032615625,-0.02872051206105044
X_strengthening_top3rd,20211229,其他電子業,BULL,多頭強勢,-0.010073029482473754,-0.005156496318666347,-0.047970574426705624
X_strengthening_top3rd,20220208,其他電子業,BULL,多頭強勢,-0.0015245473100590082,-0.019626105182781847,-0.07323564246159935
X_strengthening_top3rd,20220708,其他電子業,BEAR,空頭抗跌,0.02253104224090079,0.03658730098516304,0.04999731913941184
X_strengthening_top3rd,20220804,其他電子業,RANGE,盤整強勢,0.003831195069024216,0.021820546698788516,-0.007285987515586553
X_strengthening_top3rd,20220808,其他電子業,RANGE,盤整強勢,0.002577045704372078,0.010098096330975581,-0.00090042655617395
X_strengthening_top3rd,20220829,其他電子業,RANGE,盤整強勢,0.00019530539055149718,-0.005261829074748481,-0.015440690223466884
X_strengthening_top3rd,20230131,其他電子業,RANGE,盤整強勢,0.007656989913065142,0.00017407482862211165,0.016640119044660714
X_strengthening_top3rd,20230301,其他電子業,RANGE,盤整強勢,0.010928632509032268,0.023927638776911273,0.026881821377254082
X_strengthening_top3rd,20230320,其他電子業,RANGE,盤整強勢,0.0033720568352448394,-0.00032747551310623527,0.004498134796005027
X_strengthening_top3rd,20230530,其他電子業,RANGE,盤整強勢,-0.002639699374031655,-0.0064687907211191525,0.032730293317678454
X_strengthening_top3rd,20230609,其他電子業,RANGE,盤整強勢,-0.01087239846169408,0.0013960841277555643,0.032555295596523044
X_strengthening_top3rd,20230704,其他電子業,BULL,多頭強勢,0.010650193736190309,0.020028344061649488,0.02735658578274569
X_strengthening_top3rd,20230713,其他電子業,BULL,多頭強勢,-0.009692782064734388,0.0037635842871929295,0.0032658695589427647
X_strengthening_top3rd,20230727,其他電子業,BULL,多頭強勢,0.003577261632023994,0.007624501885127984,-0.014728244884537334
X_strengthening_top3rd,20230928,其他電子業,RANGE,盤整強勢,-0.011303169451569523,-0.03590758793558298,-0.02749015845322718
X_strengthening_top3rd,20240111,其他電子業,RANGE,盤整強勢,0.006802493662717164,0.018944365818999415,0.07470613577109284
X_strengthening_top3rd,20240221,其他電子業,RANGE,盤整強勢,0.012145034617242936,0.04735585283062105,0.05940260387471542
X_strengthening_top3rd,20240301,其他電子業,RANGE,盤整強勢,-0.0011948233074438857,0.03373961170193158,0.0625235080581259
X_strengthening_top3rd,20240322,其他電子業,BULL,多頭強勢,0.0026440071432769652,-0.003018342905609688,0.06347589321632709
X_strengthening_top3rd,20240524,其他電子業,BULL,多頭強勢,0.009381061911379744,0.04262114785090999,0.06997884536472081
X_strengthening_top3rd,20240701,其他電子業,BULL,多頭強勢,0.011806117514914756,-0.02015392991223934,0.017722083068658377
X_strengthening_top3rd,20240813,其他電子業,RANGE,盤整強勢,0.016513534329990014,0.018058006965379698,0.07795670969942119
X_strengthening_top3rd,20240819,其他電子業,RANGE,盤整強勢,0.00760868294849174,0.011061778528732462,0.05200425742355367
X_strengthening_top3rd,20241008,其他電子業,RANGE,盤整強勢,0.023705973052990274,0.04713105781632892,0.05967603843105716
X_strengthening_top3rd,20241014,其他電子業,RANGE,盤整強勢,0.018412656783516855,0.03018501515438409,0.04409670538107037
X_strengthening_top3rd,20241016,其他電子業,RANGE,盤整強勢,0.015006609521608575,0.01848338506105411,0.03258121805420927
X_strengthening_top3rd,20250122,其他電子業,RANGE,盤整強勢,0.0012189837753451768,-0.002078229309911972,-0.02895709703914847
X_strengthening_top3rd,20250211,其他電子業,RANGE,盤整強勢,0.004180556573724729,-0.02170898461147422,-0.03387974202019503
X_strengthening_top3rd,20250221,其他電子業,RANGE,盤整強勢,-0.005428914577919905,-0.026420513010643278,-0.035176481953655636
X_strengthening_top3rd,20250318,其他電子業,RANGE,盤整強勢,-0.0009804260011433451,-0.03732335028167649,0.0005187511251766169
X_strengthening_top3rd,20250512,其他電子業,RANGE,盤整強勢,-0.004274995540647086,0.013956187674213368,0.07437219963649949
X_strengthening_top3rd,20250526,其他電子業,RANGE,盤整強勢,0.006667112427606328,0.032252750010795125,0.14621766448393977
X_strengthening_top3rd,20250623,其他電子業,RANGE,盤整強勢,-0.001310174237096764,0.02833806720565468,0.16165112075606497
X_strengthening_top3rd,20251125,其他電子業,RANGE,盤整強勢,0.016119269363580158,0.04624229098121976,0.0696129341150408
X_strengthening_top3rd,20251215,其他電子業,RANGE,盤整強勢,0.007356303682748578,0.031506987417795014,0.06417738012653373
X_strengthening_top3rd,20260106,其他電子業,RANGE,盤整強勢,0.011128222316784068,-0.004225012114383607,0.11005517068568371
X_strengthening_top3rd,20260115,其他電子業,RANGE,盤整強勢,-0.007397500471217309,-0.0027937108638184036,0.14351776028989996
X_strengthening_top3rd,20260311,其他電子業,BULL,多頭強勢,0.015265628484791613,0.06416399720726577,0.14672226233172636
X_strengthening_top3rd,20260316,其他電子業,BULL,多頭強勢,0.005723738940040291,0.07641067026468275,0.13066647972847276
X_strengthening_top3rd,20260323,其他電子業,BULL,多頭強勢,-0.014123783676121163,0.10963415794178555,0.1554029227074175
X_strengthening_top3rd,20260325,其他電子業,BULL,多頭強勢,-0.013278208746206147,0.09947129887811595,0.1361604140327628
X_strengthening_top3rd,20260408,其他電子業,BULL,多頭強勢,0.03452602197911467,0.08808908128660899,0.09783091344208754
X_strengthening_top3rd,20260420,其他電子業,BULL,多頭強勢,0.015344655922725686,0.012773644775904067,-0.029344106441439106
X_strengthening_top3rd,20260422,其他電子業,BULL,多頭強勢,0.010018235638423372,0.03828912840475037,-0.03687145517690921
X_strengthening_top3rd,20260625,其他電子業,BULL,多頭強勢,0.011699451850467397,-0.04563177741528403,-0.017308095444522886
X_strengthening_top3rd,20260724,其他電子業,RANGE,盤整強勢,-0.011142898643071733,-0.008481235555566943,
X_strengthening_top3rd,20260804,其他電子業,RANGE,盤整強勢,0.0002281995022675211,0.024748861927444892,
X_strengthening_top3rd,20260918,其他電子業,RANGE,盤整強勢,0.025140477481725737,,
X_strengthening_top3rd,20210810,化學工業,RANGE,盤整強勢,0.021684630880082125,0.04556788276897113,0.15664010869454553
X_strengthening_top3rd,20210818,化學工業,RANGE,盤整強勢,-0.009676597807538323,0.07232180400671501,0.135031946563447
X_strengthening_top3rd,20210823,化學工業,RANGE,盤整強勢,-0.0075451124700371686,0.04493526134681842,0.13034949772619883
X_strengthening_top3rd,20211229,化學工業,BULL,多頭強勢,0.010035095123351363,-0.015319066462134344,0.03483562042176989
X_strengthening_top3rd,20220211,化學工業,BULL,多頭強勢,0.0016037949751707553,-0.003816661269820762,0.0029889883706110953
X_strengthening_top3rd,20220314,化學工業,RANGE,盤整強勢,0.028743263722849383,0.03193565497255226,0.022871207539978688
X_strengthening_top3rd,20220323,化學工業,RANGE,盤整強勢,0.003937852702421977,-0.009488972446743488,-0.015735100923114184
X_strengthening_top3rd,20220325,化學工業,RANGE,盤整強勢,-0.001257368250149095,-0.02772122577075207,-0.030227586402164178
X_strengthening_top3rd,20220411,化學工業,RANGE,盤整強勢,-0.013337395708847366,-0.03237644790172167,-0.04059932286677012
X_strengthening_top3rd,20220414,化學工業,RANGE,盤整強勢,-0.01161329440371469,-0.004000162320346154,-0.03377385855130979
X_strengthening_top3rd,20220608,化學工業,RANGE,盤整強勢,-0.0029586872583825877,-0.02657803740338964,0.0056612072744791075
X_strengthening_top3rd,20220613,化學工業,RANGE,盤整強勢,-0.005117846973075969,-0.03149072975718464,0.002733966977088484
X_strengthening_top3rd,20230516,化學工業,BULL,多頭強勢,-0.002154075573543548,-0.007342343324579163,-0.007064046429213905
X_strengthening_top3rd,20230613,化學工業,BULL,多頭強勢,-0.01222222182014631,-0.014420364227085558,0.002783523420973537
X_strengthening_top3rd,20230714,化學工業,RANGE,盤整強勢,0.022361302140322767,0.007246418773205629,0.022784593872893652
X_strengthening_top3rd,20230822,化學工業,RANGE,盤整強勢,-0.007465091117133482,0.008252059270475648,0.008576886968400158
X_strengthening_top3rd,20230901,化學工業,RANGE,盤整強勢,0.0035493002591275337,0.007415384735038921,0.008984783898530788
X_strengthening_top3rd,20230905,化學工業,RANGE,盤整強勢,0.008836209200776872,0.004366661741811884,0.0031247369095515204
X_strengthening_top3rd,20230911,化學工業,RANGE,盤整強勢,0.006337307521123619,0.011154600849040252,-0.010127280530713212
X_strengthening_top3rd,20230913,化學工業,RANGE,盤整強勢,-0.0025240312780267886,0.008428103354301008,-0.023916592658038416
X_strengthening_top3rd,20231016,化學工業,RANGE,盤整強勢,0.007911645379902962,-0.00587400301251172,-0.03481695393817208
X_strengthening_top3rd,20231018,化學工業,RANGE,盤整強勢,0.0022711242351887836,-0.011950867918929214,-0.044712404728245336
X_strengthening_top3rd,20240327,化學工業,BULL,多頭強勢,-0.003699232377261148,-0.015670432257093157,-0.02072583801565095
X_strengthening_top3rd,20240402,化學工業,BULL,多頭強勢,-0.011295660549810368,-0.01857177023536799,-0.011767055655599601
X_strengthening_top3rd,20240417,化學工業,BULL,多頭強勢,-0.0006122845477216448,0.013808305597069657,0.0103398590953441
X_strengthening_top3rd,20240513,化學工業,RANGE,盤整強勢,-0.010816413256746142,-0.016326977332730346,-0.01736058517820256
X_strengthening_top3rd,20240611,化學工業,RANGE,盤整強勢,-0.00440033892337937,0.002653744008675074,0.05021113282746844
X_strengthening_top3rd,20240621,化學工業,RANGE,盤整強勢,0.00828833339489819,0.01846814824486301,0.08310655947209657
X_strengthening_top3rd,20240718,化學工業,RANGE,盤整強勢,0.00018604916805254473,-0.01484506678260281,0.03981398233115823
X_strengthening_top3rd,20240822,化學工業,RANGE,盤整強勢,0.012596048847427517,0.05936547153636399,-0.004452904300332388
X_strengthening_top3rd,20241023,化學工業,BULL,多頭強勢,-0.014724558609154085,-0.03066435591194508,-0.03084248860593828
X_strengthening_top3rd,20241126,化學工業,RANGE,盤整強勢,-0.0037023495906025536,-0.021239285166059493,-0.0020813095166662965
X_strengthening_top3rd,20250320,化學工業,RANGE,盤整強勢,-0.009866111011807392,-0.0227696948567927,-0.024696558866318705
X_strengthening_top3rd,20250716,化學工業,RANGE,盤整強勢,0.015352018311994953,0.010872383757499524,0.08612552451365832
X_strengthening_top3rd,20250818,化學工業,RANGE,盤整強勢,-0.0049022689797114955,0.008410955166773725,0.024502282632882528
X_strengthening_top3rd,20250901,化學工業,BULL,多頭強勢,0.0045818381665833005,0.036116929490269976,0.0123883039582674
X_strengthening_top3rd,20250930,化學工業,BULL,多頭強勢,0.008147533270891946,-0.01180416053832281,0.023437060544100344
X_strengthening_top3rd,20251215,化學工業,RANGE,盤整強勢,0.03777927677554642,0.08915227993106656,0.14998817427864575
X_strengthening_top3rd,20251222,化學工業,RANGE,盤整強勢,-0.0035763653507768518,0.022830703869372256,0.10677900852950818
X_strengthening_top3rd,20251230,化學工業,RANGE,盤整強勢,0.04235729217673322,0.018805580209095146,0.1342623706261896
X_strengthening_top3rd,20260105,化學工業,RANGE,盤整強勢,-0.0049669935764695,-0.029664559488450943,0.12236304749566837
X_strengthening_top3rd,20260414,化學工業,BULL,多頭強勢,0.04408118936585686,0.08649575787453823,0.09533307989028926
X_strengthening_top3rd,20260630,化學工業,BULL,多頭強勢,-0.0009725589640443792,-0.08611143775527944,-0.030221126985295752
X_strengthening_top3rd,20260702,化學工業,BULL,多頭強勢,-0.025951550040460764,-0.07650144125055502,-0.027837155354692833
X_strengthening_top3rd,20260804,化學工業,RANGE,盤整強勢,0.016365194046757767,0.022943691766029433,
X_strengthening_top3rd,20260826,化學工業,RANGE,盤整強勢,-0.009406263171351644,0.001987979175145701,
X_strengthening_top3rd,20260917,化學工業,RANGE,盤整強勢,0.022492407574346108,,
X_strengthening_top3rd,20210722,半導體業,BULL,多頭強勢,-0.005293658752292291,-0.04770358314671869,-0.060120182512601934
X_strengthening_top3rd,20211008,半導體業,RANGE,盤整強勢,0.01940610135687001,0.09183458503694826,0.11858349114158095
X_strengthening_top3rd,20211115,半導體業,RANGE,盤整強勢,-0.002546472493273816,-0.04635080861139403,-0.08112673453720515
X_strengthening_top3rd,20211203,半導體業,RANGE,盤整強勢,-0.03524782099330685,-0.030859183621001714,-0.11174832779131427
X_strengthening_top3rd,20211221,半導體業,RANGE,盤整強勢,0.0095420754285312,-0.03785893465498844,-0.07477422345459275
X_strengthening_top3rd,20220118,半導體業,RANGE,盤整強勢,-0.01783456610956103,-0.03758426200742661,-0.15402979522327653
X_strengthening_top3rd,20220503,半導體業,BEAR,空頭抗跌,0.017939445337467066,0.07078235563848526,-0.07729830265848113
X_strengthening_top3rd,20220530,半導體業,RANGE,盤整強勢,-0.004585621590454192,-0.09822773015188284,-0.1374584739850877
X_strengthening_top3rd,20230111,半導體業,RANGE,盤整強勢,0.022412395186236438,0.05330923784616805,0.01185253933015698
X_strengthening_top3rd,20230201,半導體業,BULL,多頭強勢,0.0059553278737666734,-0.00842886472382598,-0.05056091947633745
X_strengthening_top3rd,20230303,半導體業,BULL,多頭強勢,0.0030822559085623563,0.027789738351473824,-0.009441684061794714
X_strengthening_top3rd,20230307,半導體業,BULL,多頭強勢,-0.0016809228293021596,0.020220441868230608,-0.02468366200879174
X_strengthening_top3rd,20230309,半導體業,BULL,多頭強勢,0.012978105222013347,0.03470020006495654,-0.01952288562692299
X_strengthening_top3rd,20230714,半導體業,BULL,多頭強勢,-0.008306804445886676,-0.023085617179090315,0.058106462651237076
X_strengthening_top3rd,20230823,半導體業,RANGE,盤整強勢,0.015774936289572293,0.03245866543131605,0.12031231220500085
X_strengthening_top3rd,20230908,半導體業,RANGE,盤整強勢,0.019471724568192617,0.02644984839455168,0.0978720549144881
X_strengthening_top3rd,20240402,半導體業,BULL,多頭強勢,-0.013694129816785769,-0.07417685142650116,-0.02465186162981331
X_strengthening_top3rd,20240704,半導體業,RANGE,盤整強勢,-0.01318359217852374,-0.09670066238737063,-0.058593573254093256
X_strengthening_top3rd,20240812,半導體業,RANGE,盤整強勢,0.02735351608162911,-0.0059093369754632235,0.01729991541690746
X_strengthening_top3rd,20241021,半導體業,RANGE,盤整強勢,-0.027421974853570744,-0.050661781925628764,-0.03632355682133921
X_strengthening_top3rd,20241125,半導體業,RANGE,盤整強勢,-0.004392468813817346,0.026270833115424372,-0.010351305198388113
X_strengthening_top3rd,20241204,半導體業,RANGE,盤整強勢,0.0026178730400783674,0.004412024799973838,-0.03174941433511122
X_strengthening_top3rd,20241218,半導體業,RANGE,盤整強勢,0.00819113159585532,-0.018321958308232817,-0.04954164909051161
X_strengthening_top3rd,20250107,半導體業,RANGE,盤整強勢,-0.03077254190752239,-0.01606158445308708,-0.11403355920849875
X_strengthening_top3rd,20250210,半導體業,RANGE,盤整強勢,0.020244442245727773,-0.028318520349495023,-0.08671264829892317
X_strengthening_top3rd,20250217,半導體業,RANGE,盤整強勢,-0.008995941344469372,-0.0507726464447507,-0.09717916862697518
X_strengthening_top3rd,20250221,半導體業,RANGE,盤整強勢,-0.03208090794324,-0.04696360692954935,-0.08580674422032208
X_strengthening_top3rd,20250423,半導體業,BEAR,空頭抗跌,0.009032336105746011,0.028736620546339367,0.08497518512740175
X_strengthening_top3rd,20250826,半導體業,BULL,多頭強勢,0.014937593493290942,0.08155597584106987,0.08280585740372026
X_strengthening_top3rd,20250829,半導體業,BULL,多頭強勢,0.03295118460269372,0.06994736195600709,0.10094228930847952
X_strengthening_top3rd,20250908,半導體業,BULL,多頭強勢,0.02781996325970206,0.06392443831379524,0.08392439017486361
X_strengthening_top3rd,20250916,半導體業,BULL,多頭強勢,0.017454069566956002,0.04132819277620436,0.04352525267496986
X_strengthening_top3rd,20251007,半導體業,BULL,多頭強勢,0.013229655272387376,0.007359428521741963,0.09297371323419033
X_strengthening_top3rd,20260727,半導體業,RANGE,盤整強勢,0.042744340910876644,0.05168970561455022,
X_strengthening_top3rd,20260804,半導體業,RANGE,盤整強勢,0.010492830941117002,0.025969925958879186,
X_strengthening_top3rd,20260907,半導體業,RANGE,盤整強勢,-0.020690979046816504,0.048964259057793356,
X_strengthening_top3rd,20220124,塑膠工業,RANGE,盤整強勢,-0.006129261014471893,-0.0063160564565687,-0.05535327176525126
X_strengthening_top3rd,20220218,塑膠工業,BULL,多頭強勢,-0.0003850705703666692,-0.0037930824149835997,-0.042479880565278884
X_strengthening_top3rd,20220316,塑膠工業,RANGE,盤整強勢,-0.01268429414625119,-0.052142211534415756,-0.04617345888552227
X_strengthening_top3rd,20221111,塑膠工業,RANGE,盤整強勢,-0.016264792445633697,-0.011156805061526852,-0.03792565405206684
X_strengthening_top3rd,20221125,塑膠工業,RANGE,盤整強勢,-0.0018084196986417056,0.023442878005513045,-0.046298431494306985
X_strengthening_top3rd,20221130,塑膠工業,RANGE,盤整強勢,-0.019649457082575955,0.0070710420936221305,-0.04878018364886018
X_strengthening_top3rd,20221213,塑膠工業,RANGE,盤整強勢,0.0037648479050292373,0.01238015505607876,-0.05737028831615676
X_strengthening_top3rd,20221215,塑膠工業,RANGE,盤整強勢,0.011773024663319535,0.014209136985973462,-0.05843956614815958
X_strengthening_top3rd,20221220,塑膠工業,RANGE,盤整強勢,0.011987748326284565,-0.0025002374497527374,-0.05762702883746618
X_strengthening_top3rd,20230111,塑膠工業,RANGE,盤整強勢,-0.011073585211644428,-0.045001563422694,-0.07405002260381763
X_strengthening_top3rd,20230731,塑膠工業,RANGE,盤整強勢,0.017422118546628878,0.007125537819121307,0.03493673443014049
X_strengthening_top3rd,20230824,塑膠工業,RANGE,盤整強勢,0.0018497156338948828,0.02081581117082538,0.019469553352396855
X_strengthening_top3rd,20230907,塑膠工業,RANGE,盤整強勢,-0.005023125838561182,0.004679120152362248,-0.008856825429321744
X_strengthening_top3rd,20230912,塑膠工業,RANGE,盤整強勢,-0.002191812221414268,0.010228487042754305,-0.023353148188332888
X_strengthening_top3rd,20240927,塑膠工業,RANGE,盤整強勢,-0.02570063976696343,-0.028576160138772635,-0.10024708311738938
X_strengthening_top3rd,20250314,塑膠工業,RANGE,盤整強勢,-0.013063567826473825,-0.0042715152070085805,-0.040614145391436166
X_strengthening_top3rd,20250423,塑膠工業,RANGE,盤整強勢,-0.004518729763963988,-0.014146629544127862,-0.005205072955156612
X_strengthening_top3rd,20250522,塑膠工業,RANGE,盤整強勢,-0.008344892693879623,-0.03907937134617087,0.009161195480060362
X_strengthening_top3rd,20250528,塑膠工業,RANGE,盤整強勢,-0.0077425914507137745,-0.04012953031934868,0.01371033426387517
X_strengthening_top3rd,20250812,塑膠工業,RANGE,盤整強勢,-0.003338661225469347,-0.05573205085181786,0.06356998495190379
X_strengthening_top3rd,20250821,塑膠工業,RANGE,盤整強勢,-0.042360595984775554,-0.056428393700093164,0.0795282131605265
X_strengthening_top3rd,20250918,塑膠工業,RANGE,盤整強勢,0.023912243949869336,0.05066982063232648,0.12623089450752312
X_strengthening_top3rd,20251009,塑膠工業,RANGE,盤整強勢,0.0031949179328464566,0.07144683321379415,0.0958632965892146
X_strengthening_top3rd,20251106,塑膠工業,RANGE,盤整強勢,0.0365868392292455,0.04489497918099115,0.019187939959046184
X_strengthening_top3rd,20260127,塑膠工業,BULL,多頭強勢,-0.016985407236683105,0.06848696491630886,-0.016843758574559158
X_strengthening_top3rd,20260129,塑膠工業,BULL,多頭強勢,-0.010700050775863099,0.043646162940200295,-0.01148896451971218
X_strengthening_top3rd,20260209,塑膠工業,BULL,多頭強勢,0.02482854261275067,0.09332971068621054,-0.024319695350934468
X_strengthening_top3rd,20260304,塑膠工業,RANGE,盤整強勢,0.04737981725488807,0.12252051672123006,-0.04204425147478483
X_strengthening_top3rd,20260306,塑膠工業,BULL,多頭強勢,-0.016037696442376136,0.015502143189664874,-0.10962438289696005
X_strengthening_top3rd,20260323,塑膠工業,BULL,多頭強勢,0.03548456670733552,-0.030438155989017106,-0.0989483954255884
X_strengthening_top3rd,20260819,塑膠工業,RANGE,盤整強勢,0.027118025784516685,0.023670993943731945,
X_strengthening_top3rd,20260826,塑膠工業,RANGE,盤整強勢,-0.0023808832749345945,-0.011685745135056717,
X_strengthening_top3rd,20261002,塑膠工業,RANGE,盤整強勢,,,
X_strengthening_top3rd,20261007,塑膠工業,RANGE,盤整強勢,,,
X_strengthening_top3rd,20210922,居家生活,BEAR,空頭抗跌,-0.012302530507373129,-0.004196630990577945,-0.04391560105963667
X_strengthening_top3rd,20211013,居家生活,BEAR,空頭抗跌,-0.005683076871309926,-0.024793863175798778,-0.061802751389971294
X_strengthening_top3rd,20211214,居家生活,RANGE,盤整強勢,-0.0072680639543011,-0.0038799313922103368,0.041309084827791574
X_strengthening_top3rd,20220214,居家生活,BULL,多頭強勢,0.005039797199652422,0.029945383039610515,0.03524008557881204
X_strengthening_top3rd,20220222,居家生活,BULL,多頭強勢,0.017043572301413644,0.024046826571537006,0.02875457085588154
X_strengthening_top3rd,20220225,居家生活,BULL,多頭強勢,0.009206558259590485,0.019271552751440827,0.018719258913784592
X_strengthening_top3rd,20220512,居家生活,RANGE,盤整強勢,-0.005011809237901045,0.013548181527225048,0.06169059759963531
X_strengthening_top3rd,20220607,居家生活,RANGE,盤整強勢,-0.001387772469486806,0.017330646101181763,0.05014646235793855
X_strengthening_top3rd,20220610,居家生活,RANGE,盤整強勢,-0.009347662463598826,-0.0029048080616841665,0.04490106848764966
X_strengthening_top3rd,20220701,居家生活,RANGE,盤整強勢,-0.005286612130734988,0.03706133802489101,0.04863273415768978
X_strengthening_top3rd,20220712,居家生活,BEAR,空頭抗跌,5.87208301727378e-05,0.03708825488762463,0.03306177388282303
X_strengthening_top3rd,20220714,居家生活,BEAR,空頭抗跌,-0.0021308107110698145,0.033013469494541106,0.03350246928621896
X_strengthening_top3rd,20220726,居家生活,RANGE,盤整強勢,0.010437747885656549,0.0019494849625050423,0.014206947821881463
X_strengthening_top3rd,20220805,居家生活,RANGE,盤整強勢,-0.015113877479132547,-0.003985136505832071,-0.0058460094129783174
X_strengthening_top3rd,20221220,居家生活,RANGE,盤整強勢,0.009913418251852647,0.02979665233871183,0.045165145896755576
X_strengthening_top3rd,20230222,居家生活,RANGE,盤整強勢,0.008513293004178132,0.0005474688896553639,-0.0049850522154884225
X_strengthening_top3rd,20230303,居家生活,BULL,多頭強勢,-0.008245715141492319,-0.002975583607341828,-0.03694505746729573
X_strengthening_top3rd,20230331,居家生活,BULL,多頭強勢,-0.0036248543925033443,-0.013484522909142045,-0.028631845181203944
X_strengthening_top3rd,20230515,居家生活,RANGE,盤整強勢,-0.005119046199710459,-0.023288941863497524,-0.023617519987080907
X_strengthening_top3rd,20230921,居家生活,RANGE,盤整強勢,-0.004341801823207847,0.018013715607650825,0.01251333247444042
X_strengthening_top3rd,20231003,居家生活,RANGE,盤整強勢,0.00599910202566057,0.027650425503394492,0.023887932064025605
X_strengthening_top3rd,20231207,居家生活,BULL,多頭強勢,0.007293340725262783,0.019500933275505394,0.04093479281322826
X_strengthening_top3rd,20231215,居家生活,BULL,多頭強勢,0.012953981014050361,0.019944421857327893,0.032496829205084295
X_strengthening_top3rd,20231219,居家生活,BULL,多頭強勢,0.015970977389330267,0.02165444926632301,0.03001436138801615
X_strengthening_top3rd,20231225,居家生活,BULL,多頭強勢,-1.9905253249003223e-05,-0.006177120347442751,0.017506867756336655
X_strengthening_top3rd,20240305,居家生活,BULL,多頭強勢,0.019654339754326792,0.021518992284387896,0.029975905395832766
X_strengthening_top3rd,20240401,居家生活,BULL,多頭強勢,0.008853029409587454,0.01514982754038037,-0.007706449093109705
X_strengthening_top3rd,20240403,居家生活,BULL,多頭強勢,0.012511291130752304,0.013882822446877018,-0.01849116518198901
X_strengthening_top3rd,20240411,居家生活,BULL,多頭強勢,0.014892797750906902,0.022925363534642106,-0.048913594882237496
X_strengthening_top3rd,20240416,居家生活,BULL,多頭強勢,0.0023334661844740664,0.011519726387698104,-0.06351147228902576
X_strengthening_top3rd,20240904,居家生活,RANGE,盤整強勢,-0.007982119276755753,-0.01950264994240062,-0.050019304157419876
X_strengthening_top3rd,20241108,居家生活,RANGE,盤整強勢,-0.00168200665794924,-0.02821278617614338,-0.0017373352975962111
X_strengthening_top3rd,20241202,居家生活,RANGE,盤整強勢,-0.007296999371130108,-0.004034467591549656,0.02155875952728545
X_strengthening_top3rd,20250304,居家生活,RANGE,盤整強勢,0.008703005076792305,0.0019188635837854226,-0.011322095384093678
X_strengthening_top3rd,20250331,居家生活,RANGE,盤整強勢,0.013494402896136737,-0.02733270319997031,-0.031053791361931968
X_strengthening_top3rd,20250422,居家生活,BEAR,空頭抗跌,-0.007876668060147897,-0.026849910740053246,-0.06097709484435929
X_strengthening_top3rd,20250424,居家生活,BEAR,空頭抗跌,-0.009911547221355708,-0.01603122601719075,-0.058068608310194614
X_strengthening_top3rd,20250527,居家生活,RANGE,盤整強勢,-0.006024684936839795,-0.005607054098736337,-0.09947512736563943
X_strengthening_top3rd,20251121,居家生活,RANGE,盤整強勢,-0.005517855775302696,-0.018176913594512734,-0.10574876971772529
X_strengthening_top3rd,20260908,居家生活,BEAR,空頭抗跌,-0.005986096055797771,,
X_strengthening_top3rd,20210721,建材營造,RANGE,盤整強勢,-0.001754331424168737,0.03983875533214974,0.04349703234442156
X_strengthening_top3rd,20210901,建材營造,RANGE,盤整強勢,-0.0014089578640719466,0.027255623140067027,-0.0022341686127872254
X_strengthening_top3rd,20211111,建材營造,BULL,多頭強勢,-0.0016898700105612164,-0.018137456920721932,-0.03406762016389542
X_strengthening_top3rd,20220407,建材營造,BULL,多頭強勢,-0.005909540998783393,0.013871523542876754,0.02744391852630479
X_strengthening_top3rd,20220426,建材營造,RANGE,盤整強勢,9.15460030467656e-06,0.01672227059416299,-0.0010069199072652996
X_strengthening_top3rd,20220509,建材營造,RANGE,盤整強勢,0.0053723683385144844,-0.00921211075871331,-0.0022367387972766356
X_strengthening_top3rd,20220701,建材營造,BEAR,空頭抗跌,-0.012619592331601912,-0.028662040672432464,-0.007843105868676183
X_strengthening_top3rd,20220905,建材營造,RANGE,盤整強勢,-0.007423274581274919,0.0038585251437307164,-0.03128903958761698
X_strengthening_top3rd,20220921,建材營造,RANGE,盤整強勢,0.021532898511252528,0.037460261030992675,-0.03262007414872276
X_strengthening_top3rd,20220926,建材營造,RANGE,盤整強勢,0.00017953856773229426,0.02770258821349815,-0.03380863452900055
X_strengthening_top3rd,20221012,建材營造,RANGE,盤整強勢,-0.0045503477821030956,-0.03785963625428049,-0.07832272219188051
X_strengthening_top3rd,20230509,建材營造,BULL,多頭強勢,0.015473549336581693,0.003259236528503344,0.00899230031308592
X_strengthening_top3rd,20230609,建材營造,BULL,多頭強勢,-0.021247082802371312,-0.013762383559863074,0.01880154012132563
X_strengthening_top3rd,20230629,建材營造,RANGE,盤整強勢,0.0016247444128032274,6.049894778697648e-05,0.045764049633755514
X_strengthening_top3rd,20230707,建材營造,RANGE,盤整強勢,-0.005596489388221842,0.024891387790884238,0.05567882317565042
X_strengthening_top3rd,20230801,建材營造,RANGE,盤整強勢,0.024810253096333102,0.028826848644013126,0.06104787159952502
X_strengthening_top3rd,20230925,建材營造,RANGE,盤整強勢,0.008581502759766014,0.023227049062664894,0.06960335455994046
X_strengthening_top3rd,20240710,建材營造,RANGE,盤整強勢,0.05423723191086475,0.07629437625924915,-0.08701905626308509
X_strengthening_top3rd,20240830,建材營造,RANGE,盤整強勢,-0.024207131402596657,-0.1304039230638572,-0.11446385240849094
X_strengthening_top3rd,20240919,建材營造,RANGE,盤整強勢,-0.040221379640914795,-0.09061442692011289,-0.04905614233637256
X_strengthening_top3rd,20241111,建材營造,RANGE,盤整強勢,0.010477814517336596,0.028366726664608505,0.021907387887481276
X_strengthening_top3rd,20250102,建材營造,BEAR,空頭抗跌,-0.02065061905048951,-0.018131143994049987,0.010851762734553363
X_strengthening_top3rd,20250214,建材營造,RANGE,盤整強勢,0.02261687079077053,0.005750005671913923,-0.004702370445533677
X_strengthening_top3rd,20250220,建材營造,RANGE,盤整強勢,0.003948508972622999,0.016370742274721035,-0.005342754592847804
X_strengthening_top3rd,20250321,建材營造,RANGE,盤整強勢,0.0039258781570627385,-0.018936012695348475,-0.04372965625551456
X_strengthening_top3rd,20250505,建材營造,RANGE,盤整強勢,-0.022617122933374218,-0.023424190415969243,-0.09693793362189478
X_strengthening_top3rd,20250521,建材營造,RANGE,盤整強勢,-0.006585640546857148,-0.026211992369136954,-0.100169468402281
X_strengthening_top3rd,20250915,建材營造,RANGE,盤整強勢,-0.030113274798691553,-0.0515121116739754,-0.04516194490678149
X_strengthening_top3rd,20251118,建材營造,BEAR,空頭抗跌,-0.0020366327165759306,0.004049322289954922,-0.06498656402950581
X_strengthening_top3rd,20260629,建材營造,RANGE,盤整強勢,-0.005234277567070723,0.05341324133375176,0.007687796525647855
X_strengthening_top3rd,20260731,建材營造,RANGE,盤整強勢,-0.030088766623979905,-0.030927485228820974,
X_strengthening_top3rd,20260818,建材營造,RANGE,盤整強勢,0.0021905174091190645,-0.014888366117679555,
X_strengthening_top3rd,20260904,建材營造,RANGE,盤整強勢,-0.0023005626664696008,-0.03990579302431752,
X_strengthening_top3rd,20220105,數位雲端,BULL,多頭強勢,-0.008451996522835015,-0.021497237520412042,-0.11888737299270999
X_strengthening_top3rd,20220107,數位雲端,BULL,多頭強勢,-0.018393453800533144,-0.0331628649432988,-0.1373757514022902
X_strengthening_top3rd,20220915,數位雲端,RANGE,盤整強勢,-0.04676090534137593,-0.05753021223463735,-0.057568506920671246
X_strengthening_top3rd,20221004,數位雲端,RANGE,盤整強勢,-0.005211364720477216,-0.02482151294581844,-0.0020008736188896342
X_strengthening_top3rd,20221031,數位雲端,BEAR,空頭抗跌,0.010895452048485542,-0.012988038963412246,0.10218963639979317
X_strengthening_top3rd,20221223,數位雲端,RANGE,盤整強勢,0.013364300768116635,0.07083698300756415,0.09487596511013216
X_strengthening_top3rd,20221227,數位雲端,RANGE,盤整強勢,0.05177802248356482,0.062196810553282404,0.09483381327211474
X_strengthening_top3rd,20230103,數位雲端,RANGE,盤整強勢,0.018268780871303337,0.05603153192909122,0.04115459696861409
X_strengthening_top3rd,20230106,數位雲端,RANGE,盤整強勢,0.019853865799686586,0.06093953082249176,0.06944486306623547
X_strengthening_top3rd,20230424,數位雲端,BULL,多頭強勢,0.04664183139797956,-0.006821550759000428,-0.051646435199963196
X_strengthening_top3rd,20231121,數位雲端,RANGE,盤整強勢,0.008220349590217313,0.027870509825718925,-0.011284688103904969
X_strengthening_top3rd,20231130,數位雲端,RANGE,盤整強勢,0.012038696132701237,0.01649389954651201,-0.07350847980638914
X_strengthening_top3rd,20231225,數位雲端,BULL,多頭強勢,0.0034957105917437113,-0.015630088415361704,-0.11320379009699426
X_strengthening_top3rd,20240126,數位雲端,RANGE,盤整強勢,-0.015265293761853302,-0.07664790114349898,-0.1496186392853694
X_strengthening_top3rd,20240702,數位雲端,RANGE,盤整強勢,0.002716151321294517,-0.018529107481387874,-0.023925965562036397
X_strengthening_top3rd,20240711,數位雲端,RANGE,盤整強勢,8.637366828681374e-05,-0.03279280339937721,-0.005149006337794984
X_strengthening_top3rd,20250414,數位雲端,RANGE,盤整強勢,0.013037190468862918,0.009304214411559097,0.05584451676888258
X_strengthening_top3rd,20250418,數位雲端,RANGE,盤整強勢,0.023797439112071293,-0.028117478277361885,0.062092540728339495
X_strengthening_top3rd,20250422,數位雲端,RANGE,盤整強勢,0.014253048459274185,-0.04028656360253399,0.0491165163448525
X_strengthening_top3rd,20250529,數位雲端,RANGE,盤整強勢,0.00992423451482187,0.046369340804804544,0.05752335943339377
X_strengthening_top3rd,20250805,數位雲端,BULL,多頭強勢,0.0029381124162269276,-0.030093059892147778,-0.06765896234211342
X_strengthening_top3rd,20250910,數位雲端,BULL,多頭強勢,-0.012693838637926332,-0.03350630876704545,-0.09643191919370277
X_strengthening_top3rd,20260514,數位雲端,RANGE,盤整強勢,0.02835405603640356,0.056562078021210736,0.005174028222373311
X_strengthening_top3rd,20260529,數位雲端,RANGE,盤整強勢,0.010999375740688787,-0.03421607701614683,-0.0699290728319552
X_strengthening_top3rd,20260605,數位雲端,RANGE,盤整強勢,-0.03789330207047698,-0.05543812840746563,-0.08223329889003404
X_strengthening_top3rd,20260609,數位雲端,RANGE,盤整強勢,-0.04701180890162772,-0.0331213505005616,-0.07915898253551244
X_strengthening_top3rd,20260625,數位雲端,RANGE,盤整強勢,-0.013447891857322196,-0.021420261872272427,-0.02105063775788779
X_strengthening_top3rd,20260630,數位雲端,RANGE,盤整強勢,0.0027222902718308847,-0.017444300527597406,-0.0071881326543075975
X_strengthening_top3rd,20260813,數位雲端,RANGE,盤整強勢,-0.01864616631881231,-0.01124245262786437,
X_strengthening_top3rd,20210727,文化創意業,RANGE,盤整強勢,-0.016584111815766897,-0.03474503187505512,-0.06392221838584275
X_strengthening_top3rd,20210730,文化創意業,RANGE,盤整強勢,-0.0051965468799928215,-0.034814474617627704,-0.059570736945031774
X_strengthening_top3rd,20210810,文化創意業,RANGE,盤整強勢,-0.01149438680147916,-0.04147207599444262,-0.0674616219844824
X_strengthening_top3rd,20220103,文化創意業,RANGE,盤整強勢,-0.02324831305529534,-0.04278863710901551,-0.0711346387812613
X_strengthening_top3rd,20220322,文化創意業,RANGE,盤整強勢,-0.000626004327490182,-0.026379852018268635,0.0039725561867093515
X_strengthening_top3rd,20220401,文化創意業,RANGE,盤整強勢,0.002334506607431051,-0.014278264327762573,0.034437811556273734
X_strengthening_top3rd,20220509,文化創意業,RANGE,盤整強勢,-0.0038041842518560503,0.027950463087412558,0.03364575116108144
X_strengthening_top3rd,20220725,文化創意業,RANGE,盤整強勢,-0.017483479137590515,-0.04266788984143512,0.0009775225060573434
X_strengthening_top3rd,20220920,文化創意業,RANGE,盤整強勢,0.028256697798040672,0.0489899547815536,0.08286426171514441
X_strengthening_top3rd,20221108,文化創意業,RANGE,盤整強勢,-0.00964898952415955,0.030645386078059667,0.08381920977975907
X_strengthening_top3rd,20221118,文化創意業,RANGE,盤整強勢,-0.03382202088148184,0.030525585360462522,0.00562497147625074
X_strengthening_top3rd,20230317,文化創意業,RANGE,盤整強勢,0.02008964679626101,-0.012656722716463842,-0.0001933351542088152
X_strengthening_top3rd,20230322,文化創意業,RANGE,盤整強勢,0.017677652540989627,-0.001769546705248844,0.003373331628706136
X_strengthening_top3rd,20230324,文化創意業,RANGE,盤整強勢,0.006956585740438366,-0.025481141613589366,0.04688971161673512
X_strengthening_top3rd,20230601,文化創意業,BULL,多頭強勢,0.01600021140424537,-0.005999085708153346,-0.03361388595249898
X_strengthening_top3rd,20230626,文化創意業,RANGE,盤整強勢,-0.04840978813826628,-0.08052382681083531,-0.07966302552562202
X_strengthening_top3rd,20231026,文化創意業,RANGE,盤整強勢,0.007747675199569299,0.031509178872735355,0.0865680027867881
X_strengthening_top3rd,20240307,文化創意業,RANGE,盤整強勢,0.004944305911913364,0.020548309402851177,0.03981154457662604
X_strengthening_top3rd,20240411,文化創意業,RANGE,盤整強勢,-0.017460688885362233,0.0027468225102778784,0.05033372251377673
X_strengthening_top3rd,20240612,文化創意業,BULL,多頭強勢,0.00046286804568973494,0.02317322603312505,0.061512474713631304
X_strengthening_top3rd,20240617,文化創意業,BULL,多頭強勢,0.022884214734892265,0.01286328258220814,0.05389117053311193
X_strengthening_top3rd,20240627,文化創意業,BULL,多頭強勢,-0.02677299132078807,-0.00464575346755243,0.008313743332325815
X_strengthening_top3rd,20240926,文化創意業,RANGE,盤整強勢,-0.0050648004600630046,-0.017753239854931768,-0.05902418067013082
X_strengthening_top3rd,20250306,文化創意業,RANGE,盤整強勢,-0.006425209262254742,0.045670891115050294,0.1039848512411804
X_strengthening_top3rd,20250310,文化創意業,RANGE,盤整強勢,-0.00931130253962641,0.05897330639629217,0.09372955367011922
X_strengthening_top3rd,20250331,文化創意業,RANGE,盤整強勢,0.057294983677103783,0.06552004660063812,0.10055059954024005
X_strengthening_top3rd,20250407,文化創意業,RANGE,盤整強勢,0.00031126813574761103,0.10089823838344442,0.07215376428545357
X_strengthening_top3rd,20250703,文化創意業,RANGE,盤整強勢,-0.0019463739944806432,-0.055827314004103866,-0.09656599233740826
X_strengthening_top3rd,20250822,文化創意業,RANGE,盤整強勢,-0.017494269479633628,-0.020843946552374565,-0.04208949336975528
X_strengthening_top3rd,20251205,文化創意業,RANGE,盤整強勢,-0.0019927554388379297,-0.017926524263863437,-0.06812262976687243
X_strengthening_top3rd,20220809,橡膠工業,RANGE,盤整強勢,-0.0013547527922307678,-0.0390341622154355,-0.05095729130269005
X_strengthening_top3rd,20231011,橡膠工業,RANGE,盤整強勢,-0.004711155219235388,-0.016782820282408063,-0.02203065525783275
X_strengthening_top3rd,20231113,橡膠工業,RANGE,盤整強勢,0.003002584853795544,-0.02142844491404145,-0.05210296808041659
X_strengthening_top3rd,20231127,橡膠工業,RANGE,盤整強勢,-0.021862022237192705,-0.022255439498672362,-0.10050779321675675
X_strengthening_top3rd,20240513,橡膠工業,RANGE,盤整強勢,-0.0022583467927262332,-0.020603862495009322,0.005475493414461782
X_strengthening_top3rd,20240625,橡膠工業,BULL,多頭強勢,-0.01610241340430775,-0.005023238737409126,-0.016833557040576912
X_strengthening_top3rd,20240807,橡膠工業,RANGE,盤整強勢,0.0006977398879871519,-0.023742892689984144,-0.04331354788670855
X_strengthening_top3rd,20240911,橡膠工業,RANGE,盤整強勢,-0.010307076315580654,-0.015893282161014793,-0.01717961563533869
X_strengthening_top3rd,20240916,橡膠工業,RANGE,盤整強勢,-0.023115163851520737,-0.027547229794288947,-0.03034229379523134
X_strengthening_top3rd,20241224,橡膠工業,BEAR,空頭抗跌,-0.012994121549366203,-0.013154015889199778,-0.03869440109694589
X_strengthening_top3rd,20250505,橡膠工業,RANGE,盤整強勢,-0.010297565136412185,-0.051717865426525594,-0.0647742525815657
X_strengthening_top3rd,20251211,橡膠工業,RANGE,盤整強勢,-0.0067702745503258315,-0.03719033274082816,-0.019758270309381855
X_strengthening_top3rd,20260127,橡膠工業,RANGE,盤整強勢,-0.013265563929739134,0.032536594718161685,-0.024921028992476217
X_strengthening_top3rd,20260309,橡膠工業,RANGE,盤整強勢,-0.01701362053841563,0.012339554633612939,-0.06827064398610831
X_strengthening_top3rd,20260312,橡膠工業,BULL,多頭強勢,0.00012623031303852887,0.006749515380192524,-0.05369978456535614
X_strengthening_top3rd,20260427,橡膠工業,RANGE,盤整強勢,-0.02392064669045317,-0.06069296373652,0.005089639684468957
X_strengthening_top3rd,20260511,橡膠工業,RANGE,盤整強勢,-0.006351367898987013,-0.0214200301774137,0.019768362647821263
X_strengthening_top3rd,20261007,橡膠工業,RANGE,盤整強勢,,,
X_strengthening_top3rd,20210913,水泥工業,RANGE,盤整強勢,-0.01521228138164424,-0.02621598885246948,-0.1113546305027791
X_strengthening_top3rd,20211006,水泥工業,RANGE,盤整強勢,-0.019450424931890843,-0.07316951829579069,-0.12285686747721065
X_strengthening_top3rd,20220331,水泥工業,RANGE,盤整強勢,-0.011400708295772548,-0.015425805035216747,0.0014774297857605978
X_strengthening_top3rd,20220526,水泥工業,RANGE,盤整強勢,-0.02056710304021441,0.004904889899380014,-0.030333743977242048
X_strengthening_top3rd,20220630,水泥工業,BEAR,空頭抗跌,-0.011382817488438597,-0.047308784390071,-0.07714343079941384
X_strengthening_top3rd,20220905,水泥工業,BEAR,空頭抗跌,-0.010432440567974011,-0.03208221242710033,-0.04243925039560271
X_strengthening_top3rd,20221110,水泥工業,RANGE,盤整強勢,0.005388539720809056,-0.017365640153609987,-0.00852662217583236
X_strengthening_top3rd,20221230,水泥工業,RANGE,盤整強勢,0.0061659827580525396,0.004503260429868004,0.020194270523863078
X_strengthening_top3rd,20230110,水泥工業,RANGE,盤整強勢,0.0034835594363870175,0.020459642257610558,0.038435582185315065
X_strengthening_top3rd,20230216,水泥工業,BULL,多頭強勢,0.030585246261824777,0.005420206386137834,0.029307935627483322
X_strengthening_top3rd,20230315,水泥工業,RANGE,盤整強勢,-0.008765009622366988,-0.003847137274113663,0.014582656929391105
X_strengthening_top3rd,20230411,水泥工業,BULL,多頭強勢,-0.008475980035422681,0.04328909891729507,-0.01049091428075545
X_strengthening_top3rd,20230421,水泥工業,BULL,多頭強勢,0.00029352670883691506,-0.01796930152197922,-0.032519792272167315
X_strengthening_top3rd,20230609,水泥工業,BULL,多頭強勢,0.008416753066029955,-0.006839162524154324,-0.03869134379867511
X_strengthening_top3rd,20230620,水泥工業,BULL,多頭強勢,-0.00863872413327112,-0.035573978955883996,-0.04642744038136801
X_strengthening_top3rd,20230713,水泥工業,RANGE,盤整強勢,-0.021123259796302522,0.023497420240769736,-0.04597081952353837
X_strengthening_top3rd,20230719,水泥工業,RANGE,盤整強勢,-0.0015556278629907123,0.009739501706524933,-0.043420029509200375
X_strengthening_top3rd,20230814,水泥工業,RANGE,盤整強勢,-0.014600284493451202,-0.05119763422044121,-0.06943745137044076
X_strengthening_top3rd,20240502,水泥工業,RANGE,盤整強勢,-0.0027251768430456716,-0.04369263176813358,-0.04808351458576658
X_strengthening_top3rd,20240605,水泥工業,BULL,多頭強勢,-0.01288438133375995,-0.023237443171368805,-0.03670374958662846
X_strengthening_top3rd,20240624,水泥工業,BULL,多頭強勢,-0.0069115247053882075,-0.02763806257245634,-0.031960434856294594
X_strengthening_top3rd,20240703,水泥工業,BULL,多頭強勢,-0.007321079252209059,0.013432887796523713,-0.020220813803705627
X_strengthening_top3rd,20240910,水泥工業,RANGE,盤整強勢,-0.006171599138752454,-0.007332296992089496,0.001057505493754319
X_strengthening_top3rd,20240916,水泥工業,RANGE,盤整強勢,-0.014164586522586065,-0.008520390076873467,0.0010195482798129943
X_strengthening_top3rd,20240927,水泥工業,RANGE,盤整強勢,-0.006645824102594813,-0.004860185672954778,-0.01363473175734041
X_strengthening_top3rd,20241028,水泥工業,RANGE,盤整強勢,-0.0006022739667345157,3.652592722499029e-05,-0.004498029618421932
X_strengthening_top3rd,20241203,水泥工業,RANGE,盤整強勢,0.007415011477606074,-0.009238469049639549,0.006304757495817645
X_strengthening_top3rd,20241211,水泥工業,RANGE,盤整強勢,-0.011333204926332694,-0.024423564114303985,-0.01361532941715048
X_strengthening_top3rd,20250115,水泥工業,RANGE,盤整強勢,0.002829989417150987,-0.026360110043262094,0.03630796625919919
X_strengthening_top3rd,20250225,水泥工業,RANGE,盤整強勢,0.00942889187433989,0.010862873343987868,0.04932110683521364
X_strengthening_top3rd,20250327,水泥工業,RANGE,盤整強勢,0.06024256319451404,0.017715453913254783,0.00436752720532959
X_strengthening_top3rd,20250505,水泥工業,RANGE,盤整強勢,-0.01633490092817021,-0.03499087278634952,-0.0895138843917526
X_strengthening_top3rd,20251118,水泥工業,BEAR,空頭抗跌,0.010816802820911926,-0.01408127463150554,-0.03593854743653907
X_strengthening_top3rd,20251120,水泥工業,BEAR,空頭抗跌,-0.002501759226228646,-0.02359308966383457,-0.054479246206823206
X_strengthening_top3rd,20260113,水泥工業,RANGE,盤整強勢,-0.00734049405953718,0.006986263020136921,-0.06869133050852073
X_strengthening_top3rd,20260130,水泥工業,BULL,多頭強勢,0.003994421701011157,-0.01603457599589704,-0.08097785334287994
X_strengthening_top3rd,20260210,水泥工業,RANGE,盤整強勢,-0.017437616551852633,-0.04884155332035134,-0.10788099607109963
X_strengthening_top3rd,20260312,水泥工業,RANGE,盤整強勢,-0.029352641603916332,-0.018295916859767506,-0.09703487284703256
X_strengthening_top3rd,20260427,水泥工業,RANGE,盤整強勢,-0.007961907886762029,-0.07542738379365466,-0.07554147160036295
X_strengthening_top3rd,20210914,汽車工業,RANGE,盤整強勢,-0.00121669518993014,-0.003313610032600098,6.879142212784517e-05
X_strengthening_top3rd,20211126,汽車工業,RANGE,盤整強勢,0.0057283094101078895,0.0026650637338741234,-0.008730203828818728
X_strengthening_top3rd,20211209,汽車工業,RANGE,盤整強勢,-0.009902457244578548,0.012669560821738837,-0.039277317606644345
X_strengthening_top3rd,20220104,汽車工業,BULL,多頭強勢,-0.005853977156132992,-0.00805687303402048,-0.0664007171890268
X_strengthening_top3rd,20220208,汽車工業,BULL,多頭強勢,-0.005349319044564247,-0.035840974002237846,-0.0620485741003927
X_strengthening_top3rd,20220613,汽車工業,RANGE,盤整強勢,0.013654743499616227,0.039173204724521515,0.06451260958623094
X_strengthening_top3rd,20220829,汽車工業,RANGE,盤整強勢,-0.0029046432827941233,0.023670490690578028,-0.029312212848117518
X_strengthening_top3rd,20230130,汽車工業,RANGE,盤整強勢,0.005272636290217295,-0.0032964269823274883,0.01669787339937727
X_strengthening_top3rd,20230217,汽車工業,BULL,多頭強勢,-0.009579746984018504,0.015785268822846147,0.03618037236570322
X_strengthening_top3rd,20230308,汽車工業,BULL,多頭強勢,0.009096425111273926,0.029057058543908075,0.049611548060727734
X_strengthening_top3rd,20230310,汽車工業,BULL,多頭強勢,-0.0011313617912877515,0.020022554495740787,0.05098273961104437
X_strengthening_top3rd,20230413,汽車工業,BULL,多頭強勢,-0.01715080408970819,-0.01392846044100335,0.03546127405132201
X_strengthening_top3rd,20230502,汽車工業,BULL,多頭強勢,0.006070238105527021,0.04010808968094727,0.04485830508032126
X_strengthening_top3rd,20230516,汽車工業,BULL,多頭強勢,0.001512576401376007,0.05650385866520136,0.0021303990650189675
X_strengthening_top3rd,20230613,汽車工業,BULL,多頭強勢,-0.007833175108911565,-0.018490609547092328,-0.014556546749569639
X_strengthening_top3rd,20230728,汽車工業,RANGE,盤整強勢,-0.004203504128427946,-0.007235376701018127,0.06431137299089873
X_strengthening_top3rd,20230821,汽車工業,RANGE,盤整強勢,-0.0012074533938008858,0.05883992584113237,0.06967192898572319
X_strengthening_top3rd,20230823,汽車工業,RANGE,盤整強勢,0.013124074998057697,0.054889810668200215,0.06339983270949681
X_strengthening_top3rd,20230830,汽車工業,RANGE,盤整強勢,0.010029852163657083,0.04770263144727239,0.03504885997842275
X_strengthening_top3rd,20230912,汽車工業,RANGE,盤整強勢,-0.0037551354128574125,0.018850427051809778,-0.00309664444314927
X_strengthening_top3rd,20230925,汽車工業,RANGE,盤整強勢,-0.001774922253898614,0.0054094342347424575,-0.03833323136369096
X_strengthening_top3rd,20230927,汽車工業,RANGE,盤整強勢,0.005084495382330375,-0.0014670240790513114,-0.032409494464301344
X_strengthening_top3rd,20231208,汽車工業,BULL,多頭強勢,-0.020879048875900745,-0.04417813605737869,-0.060212691430001915
X_strengthening_top3rd,20240312,汽車工業,RANGE,盤整強勢,0.01363232021097962,-0.002436560264007792,-0.021327316022597936
X_strengthening_top3rd,20240401,汽車工業,RANGE,盤整強勢,-0.013234128206583073,-0.02590831783788576,-0.07457870274986757
X_strengthening_top3rd,20240426,汽車工業,RANGE,盤整強勢,0.0113565522209912,0.024460273825557037,-0.05604299479750149
X_strengthening_top3rd,20240516,汽車工業,BULL,多頭強勢,0.005879920399693905,-0.027325936805094417,-0.08117479601194005
X_strengthening_top3rd,20240520,汽車工業,BULL,多頭強勢,-0.0013770911874307085,-0.03008022634606775,-0.07902890181433841
X_strengthening_top3rd,20240920,汽車工業,RANGE,盤整強勢,-0.007886940376098342,-0.016365343639938135,-0.017501851621725996
X_strengthening_top3rd,20241028,汽車工業,RANGE,盤整強勢,-0.011895147957477484,0.0064488330034821635,-0.00652345110005647
X_strengthening_top3rd,20241111,汽車工業,RANGE,盤整強勢,0.004540146146884864,-0.009739355257537979,-0.003339897862161803
X_strengthening_top3rd,20241218,汽車工業,RANGE,盤整強勢,0.015536127713184182,0.009464398215478047,-0.007377272250241089
X_strengthening_top3rd,20250211,汽車工業,RANGE,盤整強勢,-0.007919956118467082,-0.014414398779544342,-0.052037869180658974
X_strengthening_top3rd,20250213,汽車工業,RANGE,盤整強勢,-0.00038775678533220503,-0.004980025465080878,-0.041479253784432915
X_strengthening_top3rd,20250424,汽車工業,BEAR,空頭抗跌,-0.033958986035504096,-0.034035876612959474,-0.054456835454734176
X_strengthening_top3rd,20250512,汽車工業,RANGE,盤整強勢,-0.005496025452451592,-0.03146103093758767,-0.04008898606841377
X_strengthening_top3rd,20250828,汽車工業,RANGE,盤整強勢,-0.0032592243812180847,-0.001909975643647633,-0.0027887728441079694
X_strengthening_top3rd,20250912,汽車工業,RANGE,盤整強勢,0.0024729825600010944,-0.015766339569587742,-0.023452311539254627
X_strengthening_top3rd,20250918,汽車工業,RANGE,盤整強勢,-0.010632117495687168,-0.009960819832430043,-0.012249124570317797
X_strengthening_top3rd,20251013,汽車工業,RANGE,盤整強勢,0.00416147895346722,-0.010363930527654823,-0.014187303238401373
X_strengthening_top3rd,20251021,汽車工業,RANGE,盤整強勢,-0.009057154203519106,-0.0032408707695188096,0.003942966897755765
X_strengthening_top3rd,20251114,汽車工業,RANGE,盤整強勢,0.0015182707306521746,-0.014036560567803877,-0.030744587510442373
X_strengthening_top3rd,20260116,汽車工業,RANGE,盤整強勢,-0.022220296131133365,-0.05776372140471003,-0.08658346088413205
X_strengthening_top3rd,20260528,汽車工業,RANGE,盤整強勢,-0.03432860293963608,-0.030816583337292563,-0.057295351687968274
X_strengthening_top3rd,20260615,汽車工業,RANGE,盤整強勢,-0.012047409087460596,-0.007314511078976493,-0.042917412818273604
X_strengthening_top3rd,20260701,汽車工業,RANGE,盤整強勢,-0.00715870370540053,-0.018877563336158906,-0.04582153827401722
X_strengthening_top3rd,20210722,油電燃氣業,RANGE,盤整強勢,0.011460293432818264,0.06381982271915349,0.07983928446603045
X_strengthening_top3rd,20210730,油電燃氣業,RANGE,盤整強勢,0.012599314946930232,0.03783998925822591,0.06507588675251554
X_strengthening_top3rd,20210902,油電燃氣業,RANGE,盤整強勢,0.004576806881782365,0.04461537898828265,-0.02166725795291974
X_strengthening_top3rd,20210910,油電燃氣業,RANGE,盤整強勢,0.008588252322738178,0.04090532075707372,-0.04172719967928745
X_strengthening_top3rd,20211129,油電燃氣業,RANGE,盤整強勢,-0.017983301182294357,-0.04017240385991687,0.008388129536311004
X_strengthening_top3rd,20220222,油電燃氣業,RANGE,盤整強勢,-0.0017693116103235425,0.009290212127263109,0.05741044488112615
X_strengthening_top3rd,20220308,油電燃氣業,RANGE,盤整強勢,0.0013421774046004707,0.02386039632039723,0.02966892655320047
X_strengthening_top3rd,20220331,油電燃氣業,RANGE,盤整強勢,0.006051951919741845,0.01658432733907976,0.06636678138273211
X_strengthening_top3rd,20220427,油電燃氣業,RANGE,盤整強勢,-0.007510923359050929,0.006297977975678153,0.029878736952687557
X_strengthening_top3rd,20220511,油電燃氣業,RANGE,盤整強勢,-0.015162588657626902,-0.036662366701691096,0.008620709031907259
X_strengthening_top3rd,20220615,油電燃氣業,RANGE,盤整強勢,0.02085986832318304,0.037068306066602844,-0.00468200884268883
X_strengthening_top3rd,20220628,油電燃氣業,RANGE,盤整強勢,0.03693395064212936,0.003342122101923979,-0.024016398791230575
X_strengthening_top3rd,20220701,油電燃氣業,RANGE,盤整強勢,-0.023935842890487655,-0.047094314061998675,-0.04268038331493538
X_strengthening_top3rd,20220728,油電燃氣業,RANGE,盤整強勢,0.0007882835454975203,-0.03538970774726052,0.02776481384119958
X_strengthening_top3rd,20220906,油電燃氣業,RANGE,盤整強勢,-0.023057172475451932,0.001096519185738505,-0.022199160314062452
X_strengthening_top3rd,20221021,油電燃氣業,RANGE,盤整強勢,0.009811873015138906,-0.03218183497995902,-0.0456298740258088
X_strengthening_top3rd,20221122,油電燃氣業,RANGE,盤整強勢,-0.020404735053923054,-0.01817792458842111,-0.032205253575149695
X_strengthening_top3rd,20221212,油電燃氣業,RANGE,盤整強勢,0.005276600333005262,0.0002736209122327013,0.016038241911958823
X_strengthening_top3rd,20230224,油電燃氣業,RANGE,盤整強勢,-0.007937715445676199,0.025659358485276784,0.0008937031891877029
X_strengthening_top3rd,20230309,油電燃氣業,RANGE,盤整強勢,0.014082683477406687,-0.0016958769409953917,-0.03836916182361576
X_strengthening_top3rd,20230420,油電燃氣業,BULL,多頭強勢,-0.020102193196770642,-0.009205061229086792,-0.051036021508525126
X_strengthening_top3rd,20230512,油電燃氣業,RANGE,盤整強勢,0.006271457254252925,-0.011417043418096101,-0.03920223227817629
X_strengthening_top3rd,20230612,油電燃氣業,RANGE,盤整強勢,-0.010142098637871725,-0.01460397189570953,-0.010540815624707843
X_strengthening_top3rd,20231101,油電燃氣業,BEAR,空頭抗跌,-0.008128596357521264,-0.04070976313205216,-0.08857488853572704
X_strengthening_top3rd,20240313,油電燃氣業,RANGE,盤整強勢,-0.01607032326607033,-0.03747774385825252,-0.1003788616832098
X_strengthening_top3rd,20241227,油電燃氣業,BEAR,空頭抗跌,-0.002627352543719809,0.005959047869730397,0.0929671782687237
X_strengthening_top3rd,20250710,油電燃氣業,RANGE,盤整強勢,0.011199055883187484,-0.03566004238541334,-0.07096523723004217
X_strengthening_top3rd,20250718,油電燃氣業,BULL,多頭強勢,-0.0192413458478696,-0.05972998709493724,-0.07928239278090908
X_strengthening_top3rd,20251202,油電燃氣業,RANGE,盤整強勢,-0.01690424363441014,-0.04456764573649323,0.040573807726488095
X_strengthening_top3rd,20260310,油電燃氣業,RANGE,盤整強勢,-0.05489131341024899,-0.07801230133055773,-0.1194620438925203
X_strengthening_top3rd,20260323,油電燃氣業,BULL,多頭強勢,-0.013942385233902736,-0.08282587873757752,-0.11859789968604138
X_strengthening_top3rd,20260428,油電燃氣業,RANGE,盤整強勢,-0.021060808858557146,-0.01100105387566052,0.040106577242435326
X_strengthening_top3rd,20260513,油電燃氣業,RANGE,盤整強勢,-0.0018589890984852236,0.0012059715973966462,0.003011293303631077
X_strengthening_top3rd,20260721,油電燃氣業,RANGE,盤整強勢,0.043540832362381994,-0.018889910266276122,
X_strengthening_top3rd,20260903,油電燃氣業,RANGE,盤整強勢,0.02164785400412329,0.014745796145307329,
X_strengthening_top3rd,20261008,油電燃氣業,RANGE,盤整強勢,,,
X_strengthening_top3rd,20210823,玻璃陶瓷,RANGE,盤整強勢,-0.020619924401930584,-0.028243499856209935,-0.023239675947628907
X_strengthening_top3rd,20211025,玻璃陶瓷,RANGE,盤整強勢,-0.010499757126463435,0.010800753674727603,-0.028652824847264793
X_strengthening_top3rd,20211116,玻璃陶瓷,RANGE,盤整強勢,-0.009001487708973781,0.01385714309332741,-0.07909790360115831
X_strengthening_top3rd,20211119,玻璃陶瓷,RANGE,盤整強勢,-0.0358138218929456,0.002469905208918004,-0.08321328318561523
X_strengthening_top3rd,20211203,玻璃陶瓷,RANGE,盤整強勢,0.013178417719491981,-0.015090075146364963,-0.06058811740072034
X_strengthening_top3rd,20211215,玻璃陶瓷,RANGE,盤整強勢,0.011341617125260646,-0.052838077565376944,-0.04595459581979418
X_strengthening_top3rd,20211223,玻璃陶瓷,RANGE,盤整強勢,-0.024629530172825632,-0.0797642783667431,-0.060635243670070414
X_strengthening_top3rd,20220221,玻璃陶瓷,RANGE,盤整強勢,0.008333690383973462,0.04764533293049637,-0.04135801220280809
X_strengthening_top3rd,20220329,玻璃陶瓷,RANGE,盤整強勢,-0.025894443807712737,-0.07616018425728721,-0.11356768876900099
X_strengthening_top3rd,20220518,玻璃陶瓷,RANGE,盤整強勢,-0.004441461308644368,-0.02744851998465928,-0.06490212910512458
X_strengthening_top3rd,20230616,玻璃陶瓷,BULL,多頭強勢,-0.03413724449532877,-0.06865199450337583,-0.04343545127715443
X_strengthening_top3rd,20230707,玻璃陶瓷,BULL,多頭強勢,-0.03998113717846381,-0.004770788331564132,-0.053712326743907586
X_strengthening_top3rd,20230809,玻璃陶瓷,RANGE,盤整強勢,-0.03319842594407311,-0.03065927383523332,-0.04767028504268903
X_strengthening_top3rd,20230828,玻璃陶瓷,RANGE,盤整強勢,0.021643510209386232,-0.0028220067113569544,-0.03650478455651081
X_strengthening_top3rd,20230913,玻璃陶瓷,RANGE,盤整強勢,0.00012006951779265987,-0.04120042522554922,-0.059402252113744336
X_strengthening_top3rd,20230919,玻璃陶瓷,RANGE,盤整強勢,-0.017475659945690235,-0.03934706023360432,-0.04897490344191564
X_strengthening_top3rd,20231024,玻璃陶瓷,BEAR,空頭抗跌,-0.00012804422438088964,-0.007738894698479153,-0.014303489328653274
X_strengthening_top3rd,20240216,玻璃陶瓷,BULL,多頭強勢,0.055796741123118894,-0.03245915709325859,-0.0774229595751969
X_strengthening_top3rd,20240327,玻璃陶瓷,RANGE,盤整強勢,-0.042807122479689805,-0.011974451272149876,-0.06763215109103446
X_strengthening_top3rd,20240418,玻璃陶瓷,BULL,多頭強勢,0.009776216062732775,-0.008369034152492023,0.0006732992579468605
X_strengthening_top3rd,20240429,玻璃陶瓷,RANGE,盤整強勢,-0.030507225068679204,-0.005225435691546446,0.00397310674697534
X_strengthening_top3rd,20240627,玻璃陶瓷,RANGE,盤整強勢,0.0018549844963193403,0.012476941366045755,-0.026074558937403406
X_strengthening_top3rd,20241021,玻璃陶瓷,RANGE,盤整強勢,-0.0036453825524481315,-0.00038684607560702383,-0.018433175193795018
X_strengthening_top3rd,20241115,玻璃陶瓷,RANGE,盤整強勢,0.05962693649497626,-0.006531201167463738,-0.008906178666110442
X_strengthening_top3rd,20250206,玻璃陶瓷,RANGE,盤整強勢,0.001029882447151808,0.002302696322085171,0.057656187290997626
X_strengthening_top3rd,20250310,玻璃陶瓷,RANGE,盤整強勢,-0.015731882009831877,0.045039937103342864,0.05033277616326455
X_strengthening_top3rd,20250319,玻璃陶瓷,RANGE,盤整強勢,0.009323004368037324,0.06396388518700213,0.017781811656756297
X_strengthening_top3rd,20250325,玻璃陶瓷,RANGE,盤整強勢,0.026211869841788825,0.039476416848493526,0.02242216633883838
X_strengthening_top3rd,20250328,玻璃陶瓷,RANGE,盤整強勢,0.04208178802182991,0.04768043411694481,0.035030782799538765
X_strengthening_top3rd,20250527,玻璃陶瓷,RANGE,盤整強勢,-0.013949365308588556,-0.01928216510110907,0.17439956052627706
X_strengthening_top3rd,20250603,玻璃陶瓷,BEAR,空頭抗跌,0.0012668178786004393,-0.026348576963261924,0.21976517072847243
X_strengthening_top3rd,20250609,玻璃陶瓷,RANGE,盤整強勢,-0.017033738492622054,-0.06648467063902913,0.17260295852819948
X_strengthening_top3rd,20250624,玻璃陶瓷,RANGE,盤整強勢,-0.012510560509094326,-0.014535117949062475,0.14867829497931384
X_strengthening_top3rd,20251106,玻璃陶瓷,RANGE,盤整強勢,0.05996943738020472,0.044860017773896456,0.20239332370477656
X_strengthening_top3rd,20251111,玻璃陶瓷,RANGE,盤整強勢,-0.03553660728033597,-0.01912413810107021,0.09474905528037081
X_strengthening_top3rd,20251208,玻璃陶瓷,RANGE,盤整強勢,-0.02009072200302362,-0.012718245014072182,0.17045803203996432
X_strengthening_top3rd,20251229,玻璃陶瓷,RANGE,盤整強勢,0.008138761704393496,0.15079727021527817,0.18122738730780408
X_strengthening_top3rd,20260107,玻璃陶瓷,RANGE,盤整強勢,0.03272581669537594,0.14717540673102608,0.2028646153417472
X_strengthening_top3rd,20260115,玻璃陶瓷,RANGE,盤整強勢,0.05737896768388077,0.08307782179442047,0.09170237165411359
X_strengthening_top3rd,20260504,玻璃陶瓷,RANGE,盤整強勢,0.040796759450711095,0.08782223746033804,0.0013716726065628806
X_strengthening_top3rd,20260525,玻璃陶瓷,BULL,多頭強勢,0.0020630697156714707,0.011027658003918306,-0.0003539848414975318
X_strengthening_top3rd,20260527,玻璃陶瓷,BULL,多頭強勢,0.03509066990331332,0.00639471552224154,0.00744211812386473
X_strengthening_top3rd,20260604,玻璃陶瓷,BULL,多頭強勢,-0.05170034127733898,-0.021886990836874967,-0.03401404996157696
X_strengthening_top3rd,20260804,玻璃陶瓷,RANGE,盤整強勢,0.0015082901292320684,0.006633009769523451,
X_strengthening_top3rd,20260814,玻璃陶瓷,RANGE,盤整強勢,-0.018568240599998103,-0.017001443544790974,
X_strengthening_top3rd,20260818,玻璃陶瓷,RANGE,盤整強勢,0.0024758327778871443,-0.014201360958883061,
X_strengthening_top3rd,20260910,玻璃陶瓷,RANGE,盤整強勢,-0.004008710850527324,,
X_strengthening_top3rd,20261008,玻璃陶瓷,RANGE,盤整強勢,,,
X_strengthening_top3rd,20210721,生技醫療業,RANGE,盤整強勢,0.00046376909626906753,0.032573375325193984,-0.0023222838240425717
X_strengthening_top3rd,20210730,生技醫療業,RANGE,盤整強勢,0.01259385633864574,0.020182508132269135,-0.006891493395147039
X_strengthening_top3rd,20220223,生技醫療業,RANGE,盤整強勢,0.0012049672079798603,-0.006086649103478805,0.015257231050104784
X_strengthening_top3rd,20220225,生技醫療業,RANGE,盤整強勢,0.0017968598956069545,0.00032017217211860807,0.01691891090854894
X_strengthening_top3rd,20220608,生技醫療業,RANGE,盤整強勢,0.030476178752002668,0.06978954794553356,0.16532890133688377
X_strengthening_top3rd,20220621,生技醫療業,RANGE,盤整強勢,0.012601642867000646,0.009494095008945172,0.08586906009176559
X_strengthening_top3rd,20220623,生技醫療業,RANGE,盤整強勢,0.004342906598497301,0.02088249219743679,0.07128636314803823
X_strengthening_top3rd,20220712,生技醫療業,RANGE,盤整強勢,-0.010867188325813609,-0.013279905248470836,0.04530179115723074
X_strengthening_top3rd,20220725,生技醫療業,RANGE,盤整強勢,-0.020701568969962666,0.0048303758882045494,0.00880510240653401
X_strengthening_top3rd,20221114,生技醫療業,RANGE,盤整強勢,0.019304911170859095,0.0919356524266863,0.05782794085208308
X_strengthening_top3rd,20221202,生技醫療業,RANGE,盤整強勢,0.029629233265565075,0.028206676550535662,-8.61625170310576e-06
X_strengthening_top3rd,20230206,生技醫療業,BULL,多頭強勢,-0.010166014128855028,-0.0428892093817222,0.026273471679023996
X_strengthening_top3rd,20230315,生技醫療業,RANGE,盤整強勢,-0.0031460570403358326,0.03398447374408366,-0.013309803939590345
X_strengthening_top3rd,20230417,生技醫療業,BULL,多頭強勢,0.0008902864623260044,-0.004662131350174642,-0.03189965569769394
X_strengthening_top3rd,20230428,生技醫療業,BULL,多頭強勢,0.0027513802247047577,-0.0388685554692003,-0.041415356066861135
X_strengthening_top3rd,20230627,生技醫療業,RANGE,盤整強勢,-0.002901281788572064,0.009590736936619111,-0.039644041395700734
X_strengthening_top3rd,20230717,生技醫療業,BULL,多頭強勢,0.026123771457882226,-0.01399675557323296,-0.04882988928776447
X_strengthening_top3rd,20231110,生技醫療業,RANGE,盤整強勢,-0.012009959745344717,-0.026850544541378973,-0.026101251009540763
X_strengthening_top3rd,20240328,生技醫療業,RANGE,盤整強勢,-0.0027444945959474443,-0.034498929275450986,-0.004750602032436768
X_strengthening_top3rd,20240718,生技醫療業,RANGE,盤整強勢,-0.012870101232388513,-0.02268004729769971,-0.05307601567500548
X_strengthening_top3rd,20240821,生技醫療業,RANGE,盤整強勢,-0.005105686704391007,-0.018190491759455533,-0.041087808140062757
X_strengthening_top3rd,20240910,生技醫療業,RANGE,盤整強勢,-0.020812045392445327,-0.0311796243822451,-0.06560511588406466
X_strengthening_top3rd,20250203,生技醫療業,RANGE,盤整強勢,-0.007914418301590374,-0.012750149713476974,-0.02143444007568262
X_strengthening_top3rd,20250225,生技醫療業,RANGE,盤整強勢,-0.0030998003297535827,0.005332235530483599,0.006261469846727943
X_strengthening_top3rd,20250519,生技醫療業,RANGE,盤整強勢,0.013537993526270404,0.028742428043563674,0.0010447280083284863
X_strengthening_top3rd,20250820,生技醫療業,RANGE,盤整強勢,0.006447043981987879,0.006654152199101021,-0.002182144550455678
X_strengthening_top3rd,20250926,生技醫療業,RANGE,盤整強勢,-0.008101856706594935,-0.014390620247524123,-0.04083232514773485
X_strengthening_top3rd,20251104,生技醫療業,RANGE,盤整強勢,-0.010918209756896547,-0.009775738836359333,-0.031011091376762515
X_strengthening_top3rd,20251127,生技醫療業,RANGE,盤整強勢,-0.004636107502968925,-0.023282798603105292,-0.06131711328235324
X_strengthening_top3rd,20260824,生技醫療業,RANGE,盤整強勢,-0.013240172791783486,-0.01270072455366165,
X_strengthening_top3rd,20210927,紡織纖維,RANGE,盤整強勢,0.010503830384398172,0.011126693416148196,-0.024023438662396437
X_strengthening_top3rd,20211018,紡織纖維,RANGE,盤整強勢,-0.011653949994473722,-0.037935110777540124,-0.04797423583905215
X_strengthening_top3rd,20211020,紡織纖維,RANGE,盤整強勢,-0.012944566252929317,-0.03743088903132362,-0.03537222286477717
X_strengthening_top3rd,20211217,紡織纖維,RANGE,盤整強勢,-0.0011300376765969108,0.005340298642322265,-0.020384102683249448
X_strengthening_top3rd,20220222,紡織纖維,RANGE,盤整強勢,-0.007694556675967057,-0.018666561193479203,0.005710591734776532
X_strengthening_top3rd,20220506,紡織纖維,RANGE,盤整強勢,0.009517687243061023,0.0027745057683528293,0.020638551560936205
X_strengthening_top3rd,20220511,紡織纖維,RANGE,盤整強勢,-0.012189376691165071,-0.006410255658670816,0.022362470409268198
X_strengthening_top3rd,20220602,紡織纖維,RANGE,盤整強勢,0.004046151925057384,0.02044081998281122,0.04161024044948741
X_strengthening_top3rd,20220608,紡織纖維,RANGE,盤整強勢,0.004514766206509889,0.017357436195694256,0.03804772923057903
X_strengthening_top3rd,20220725,紡織纖維,RANGE,盤整強勢,-0.006198791474989803,0.013086308570135693,0.0367842034957471
X_strengthening_top3rd,20220804,紡織纖維,BEAR,空頭抗跌,0.0094635408463111,0.007114648509036418,0.03514221779692846
X_strengthening_top3rd,20220811,紡織纖維,RANGE,盤整強勢,-0.0025285617618501684,0.007849546541928695,0.018215223097117914
X_strengthening_top3rd,20220817,紡織纖維,RANGE,盤整強勢,0.001003374362737279,0.006564475539581877,0.017164158080004273
X_strengthening_top3rd,20230724,紡織纖維,RANGE,盤整強勢,0.0017486035870490878,0.021670360337066936,0.013845172310822065
X_strengthening_top3rd,20230804,紡織纖維,RANGE,盤整強勢,0.015152067473773102,0.009613375799253261,0.007923450551458468
X_strengthening_top3rd,20230920,紡織纖維,RANGE,盤整強勢,-0.00993553636349617,-0.005203229361820001,-0.019872437275709393
X_strengthening_top3rd,20231031,紡織纖維,BEAR,空頭抗跌,-6.764418664545122e-05,-0.005604749780804899,-0.029160971099568334
X_strengthening_top3rd,20231109,紡織纖維,RANGE,盤整強勢,-0.008479093574365746,-0.01912428263244692,-0.03618192927803666
X_strengthening_top3rd,20231208,紡織纖維,RANGE,盤整強勢,-0.007562247016786754,-0.0037515292501162888,-0.020492128698048125
X_strengthening_top3rd,20240108,紡織纖維,RANGE,盤整強勢,-0.005232579768546059,-0.01074108885982682,-0.04261174241682634
X_strengthening_top3rd,20240308,紡織纖維,RANGE,盤整強勢,-0.007580407604197161,-0.030206256780994915,-0.004950249811390764
X_strengthening_top3rd,20240531,紡織纖維,RANGE,盤整強勢,0.016245401846852157,-0.013971227162358234,-0.003085599769605103
X_strengthening_top3rd,20240627,紡織纖維,RANGE,盤整強勢,-0.0027861624041943082,0.015772153319680668,-0.006287652375214118
X_strengthening_top3rd,20241108,紡織纖維,RANGE,盤整強勢,0.01248081265833825,0.02180859882915724,0.0030859860913292833
X_strengthening_top3rd,20241206,紡織纖維,RANGE,盤整強勢,0.004503686811598288,-0.01575774092434226,0.0059857820729474764
X_strengthening_top3rd,20241210,紡織纖維,RANGE,盤整強勢,0.0017132948423795001,-0.0020858388173035855,0.015067093974517044
X_strengthening_top3rd,20250113,紡織纖維,RANGE,盤整強勢,-0.005244767842309164,-0.016132867636154485,-0.010733920211669523
X_strengthening_top3rd,20250317,紡織纖維,RANGE,盤整強勢,0.010642609927333258,-0.024354033323540664,-0.040645013165814786
X_strengthening_top3rd,20250321,紡織纖維,RANGE,盤整強勢,0.009570575751398351,-0.03579650447351654,-0.0500996944958953
X_strengthening_top3rd,20250505,紡織纖維,RANGE,盤整強勢,0.0013949731017065918,0.00400923219825697,-0.03308854880046567
X_strengthening_top3rd,20250722,紡織纖維,RANGE,盤整強勢,-0.008648740742138913,-0.0314225298835662,-0.0299672355683516
X_strengthening_top3rd,20251014,紡織纖維,RANGE,盤整強勢,-0.012858064040303974,-0.0018624210017032551,-0.03159236840066636
X_strengthening_top3rd,20251216,紡織纖維,RANGE,盤整強勢,-0.004737120256927293,-0.03149640132490599,-0.06249906344546909
X_strengthening_top3rd,20251219,紡織纖維,RANGE,盤整強勢,-0.013120065559539961,-0.03149086490172993,-0.06341198487843848
X_strengthening_top3rd,20260626,紡織纖維,RANGE,盤整強勢,0.024882023166422802,0.053002322593416695,-0.00016582028802347715
X_strengthening_top3rd,20210721,綠能環保,RANGE,盤整強勢,0.0035152222883870375,0.05704953089241059,0.0627477869866507
X_strengthening_top3rd,20210804,綠能環保,RANGE,盤整強勢,-0.019457122046174585,0.005695855191993525,0.048256032072853755
X_strengthening_top3rd,20210818,綠能環保,RANGE,盤整強勢,-0.011494178588793147,-0.03336273762450188,-0.002842731116504321
X_strengthening_top3rd,20211007,綠能環保,RANGE,盤整強勢,0.013009310229982737,0.018201063420785632,0.021944034511284988
X_strengthening_top3rd,20211203,綠能環保,RANGE,盤整強勢,0.025982874717295396,0.026088504888222445,0.16208387412836123
X_strengthening_top3rd,20211228,綠能環保,BULL,多頭強勢,-0.0038332204897195262,0.026249902855623584,0.12559538614191942
X_strengthening_top3rd,20220110,綠能環保,BULL,多頭強勢,-0.014908499075565459,0.05838462331903349,0.14932049831718355
X_strengthening_top3rd,20220121,綠能環保,RANGE,盤整強勢,0.007983203230725683,0.06089954916784783,0.1650641850619392
X_strengthening_top3rd,20220126,綠能環保,RANGE,盤整強勢,0.02563896492046092,0.08580018757097392,0.14345472198710899
X_strengthening_top3rd,20220630,綠能環保,RANGE,盤整強勢,-0.008302709927974978,-0.02442203938345342,-0.02838254580334916
X_strengthening_top3rd,20220923,綠能環保,RANGE,盤整強勢,-0.0050417316116845995,-0.004677385858642316,0.025247434031558023
X_strengthening_top3rd,20230103,綠能環保,RANGE,盤整強勢,-0.01757841189854693,-0.03168334073104522,-0.05013137040201335
X_strengthening_top3rd,20230106,綠能環保,RANGE,盤整強勢,-0.0035907724826424263,-0.02940448076148333,-0.037210544912245916
X_strengthening_top3rd,20230316,綠能環保,RANGE,盤整強勢,-0.01320819649866686,-0.024291499253951,-0.06123901780026457
X_strengthening_top3rd,20230526,綠能環保,BULL,多頭強勢,-0.020462086658625353,-0.028050333685707578,-0.02015006752346182
X_strengthening_top3rd,20230531,綠能環保,BULL,多頭強勢,-0.028750617264350867,-0.03337126924404089,-0.01587081999807801
X_strengthening_top3rd,20230831,綠能環保,RANGE,盤整強勢,0.008650820802578948,0.015337792677821198,-0.0010597902330715878
X_strengthening_top3rd,20230908,綠能環保,RANGE,盤整強勢,-0.009074552857600792,-0.00035363361529493296,-0.017803900998980035
X_strengthening_top3rd,20230920,綠能環保,RANGE,盤整強勢,0.010513639395765136,-0.0027796976153474165,-0.019017647381048025
X_strengthening_top3rd,20231003,綠能環保,RANGE,盤整強勢,-0.005623100173269939,-0.010829671969296165,-0.0232188943637769
X_strengthening_top3rd,20231208,綠能環保,RANGE,盤整強勢,-0.00014128410099411431,0.012028125485751887,0.07341017072183692
X_strengthening_top3rd,20240115,綠能環保,RANGE,盤整強勢,0.015951240920643872,0.019051051766237642,0.0935274864171895
X_strengthening_top3rd,20240126,綠能環保,BULL,多頭強勢,-0.0002878410710241289,0.05620966231529099,0.07273701858945229
X_strengthening_top3rd,20240131,綠能環保,BULL,多頭強勢,-0.0021503884714096436,0.04331666205170149,0.050713552070842605
X_strengthening_top3rd,20240220,綠能環保,BULL,多頭強勢,0.017504561856036986,0.02581842752874968,0.03730842839130884
X_strengthening_top3rd,20240301,綠能環保,BULL,多頭強勢,0.00013741440273743084,0.009809780286316912,-0.0045963957606980355
X_strengthening_top3rd,20240306,綠能環保,BULL,多頭強勢,-0.009521401842474915,-0.0033416691980183884,-0.0331417824985239
X_strengthening_top3rd,20240521,綠能環保,BULL,多頭強勢,-0.01636031932456304,0.00549415072322855,0.11717479625766297
X_strengthening_top3rd,20240607,綠能環保,RANGE,盤整強勢,0.02806110124873598,0.14866556785022692,0.14092982390589706
X_strengthening_top3rd,20240924,綠能環保,RANGE,盤整強勢,-0.01790087828053404,-0.02207203057970379,-0.06320207359911863
X_strengthening_top3rd,20241016,綠能環保,RANGE,盤整強勢,-0.00559911751085875,-0.03087391440947647,-0.06452754631564456
X_strengthening_top3rd,20241105,綠能環保,RANGE,盤整強勢,-0.024269501938463924,-0.0399603087374336,-0.04352810261002193
X_strengthening_top3rd,20250421,綠能環保,RANGE,盤整強勢,-0.02092108435184878,0.01940583765759321,0.025873669677333122
X_strengthening_top3rd,20250505,綠能環保,RANGE,盤整強勢,0.0005828173290793152,0.017212298267382548,0.021553542360061427
X_strengthening_top3rd,20250604,綠能環保,RANGE,盤整強勢,-0.008585689014393886,-0.00823371478205255,-0.029993924660792155
X_strengthening_top3rd,20250606,綠能環保,RANGE,盤整強勢,0.0005086431764624866,-0.010434091000007254,-0.02527772106644109
X_strengthening_top3rd,20250711,綠能環保,RANGE,盤整強勢,-0.019010579059913713,-0.019814786973517216,-0.06293904461870808
X_strengthening_top3rd,20250730,綠能環保,RANGE,盤整強勢,0.004938782447524329,-0.02610157392588003,-0.04894180751386171
X_strengthening_top3rd,20250804,綠能環保,RANGE,盤整強勢,-0.011604824078469989,-0.026074510922279623,-0.042643554519014644
X_strengthening_top3rd,20250822,綠能環保,RANGE,盤整強勢,-0.01102663586638809,-0.03534436797402987,-0.060598345998603774
X_strengthening_top3rd,20251226,綠能環保,RANGE,盤整強勢,0.006741391247935067,0.05619124155165915,-0.00811180697126272
X_strengthening_top3rd,20260112,綠能環保,RANGE,盤整強勢,-0.003934021531218603,-0.05148430990675173,-0.0745704706460758
X_strengthening_top3rd,20210910,航運業,RANGE,盤整強勢,-0.019357323613728338,-0.0914861267122317,-0.03705118931301038
X_strengthening_top3rd,20211029,航運業,RANGE,盤整強勢,0.06932221816258734,0.040882742463102695,-0.014215930446554968
X_strengthening_top3rd,20211124,航運業,RANGE,盤整強勢,0.02366272205714155,0.010453824715482674,0.047618358266776836
X_strengthening_top3rd,20220110,航運業,RANGE,盤整強勢,-0.018620405759735444,0.0016130146943462709,0.05939699248037758
X_strengthening_top3rd,20220207,航運業,RANGE,盤整強勢,0.005173826036033009,0.09403787582308214,0.10983025328247874
X_strengthening_top3rd,20220222,航運業,RANGE,盤整強勢,0.026227112716524247,-0.021344515259421604,0.03199509331403852
X_strengthening_top3rd,20220314,航運業,RANGE,盤整強勢,-0.03486351899257603,-0.019107241352804595,-0.04847044536860095
X_strengthening_top3rd,20220401,航運業,BULL,多頭強勢,0.004474306511664903,0.05831193646398792,-0.1178552221234423
X_strengthening_top3rd,20220414,航運業,BULL,多頭強勢,0.03937314037617127,0.013097469623743932,-0.11062892105708724
X_strengthening_top3rd,20220418,航運業,BULL,多頭強勢,0.00505576928088395,-0.003277072447475396,-0.09952842354892422
X_strengthening_top3rd,20220425,航運業,BULL,多頭強勢,0.038005371094381464,0.014280206457956565,-0.10136299407695158
X_strengthening_top3rd,20220510,航運業,RANGE,盤整強勢,-0.03838348765895841,-0.04806336250608695,-0.14131580611410904
X_strengthening_top3rd,20220524,航運業,RANGE,盤整強勢,-0.010205891689652285,-0.15651598034612568,-0.13594630767397103
X_strengthening_top3rd,20220912,航運業,BEAR,空頭抗跌,0.018545564637404244,-0.007261733640902032,-0.02295098407653518
X_strengthening_top3rd,20221024,航運業,BEAR,空頭抗跌,-0.02339191104707886,-0.008644872745550383,-0.004251446594193381
X_strengthening_top3rd,20221223,航運業,RANGE,盤整強勢,-0.011016844161153491,-0.0369383114788495,-0.009387158700553316
X_strengthening_top3rd,20230303,航運業,BULL,多頭強勢,0.0005690184708095763,-0.01432889777991129,-0.053154503062521036
X_strengthening_top3rd,20230308,航運業,BULL,多頭強勢,-0.004181544779492202,-0.01533024807171044,-0.05417767201304005
X_strengthening_top3rd,20230330,航運業,RANGE,盤整強勢,0.008696089862753543,-0.012208798190164127,-0.0440331119369161
X_strengthening_top3rd,20230525,航運業,BULL,多頭強勢,-0.014936851155733663,-0.018916310159522602,-0.05281377441599183
X_strengthening_top3rd,20231218,航運業,RANGE,盤整強勢,0.005317231954471558,-0.015594039447815095,-0.04088779593480149
X_strengthening_top3rd,20240222,航運業,RANGE,盤整強勢,-0.003928876192001343,0.00696340450330812,0.08388610676258867
X_strengthening_top3rd,20240319,航運業,RANGE,盤整強勢,-0.0031445878051665974,0.012039608398566468,0.08269287878638487
X_strengthening_top3rd,20240509,航運業,BULL,多頭強勢,0.008695472690414721,0.04331031113766925,-0.033345015323005475
X_strengthening_top3rd,20241022,航運業,RANGE,盤整強勢,0.01246414070396986,0.060082130065125264,0.05688446677890922
X_strengthening_top3rd,20241028,航運業,RANGE,盤整強勢,0.017082427757456716,0.021801872134636874,0.02497168195144695
X_strengthening_top3rd,20241111,航運業,RANGE,盤整強勢,0.014374096611396162,-0.002693956556315419,-0.0038435481302878465
X_strengthening_top3rd,20241230,航運業,RANGE,盤整強勢,0.006525384659391006,-0.028075124732793978,0.013832501225062965
X_strengthening_top3rd,20250102,航運業,RANGE,盤整強勢,-0.010048272097176432,-0.04278019857002997,0.0452865038907594
X_strengthening_top3rd,20250213,航運業,RANGE,盤整強勢,-0.0029131417826701034,0.03888135278697551,0.06598943314745835
X_strengthening_top3rd,20250415,航運業,RANGE,盤整強勢,-0.012487232710414927,-0.0004985866098322494,-0.055207647162087314
X_strengthening_top3rd,20250616,航運業,RANGE,盤整強勢,-0.027116890051745085,-0.038152015881971174,0.030698699364063463
X_strengthening_top3rd,20250902,航運業,RANGE,盤整強勢,0.023212342548461967,-0.02958521158529235,-0.009870181627760018
X_strengthening_top3rd,20250905,航運業,RANGE,盤整強勢,-0.0021153532168140046,-0.044794267301651,-0.022216152057678934
X_strengthening_top3rd,20251014,航運業,BULL,多頭強勢,-0.021623456180572143,-0.03616286750447889,-0.0242880115576266
X_strengthening_top3rd,20251030,航運業,RANGE,盤整強勢,-0.0025056683206094643,0.0014916408881724048,-0.028883237281831682
X_strengthening_top3rd,20251103,航運業,RANGE,盤整強勢,-0.016580662701385907,0.004093448870600255,-0.024351334176262986
X_strengthening_top3rd,20251204,航運業,RANGE,盤整強勢,-0.022658711581379436,-0.027067054430294925,-0.04073862503108633
X_strengthening_top3rd,20260108,航運業,RANGE,盤整強勢,-0.02140706182622166,-0.016926697718682226,-0.0742357850845961
X_strengthening_top3rd,20260121,航運業,RANGE,盤整強勢,-0.010597709959522717,0.024004524504456413,-0.08921246550836091
X_strengthening_top3rd,20260210,航運業,RANGE,盤整強勢,0.004808548209789019,-0.03206351358907633,-0.09917980119743336
X_strengthening_top3rd,20260223,航運業,RANGE,盤整強勢,0.035176038100563856,-0.015039601630296051,-0.10368029824378008
X_strengthening_top3rd,20260302,航運業,RANGE,盤整強勢,-0.03421401333490772,-0.06301906104711472,-0.14224943074918506
X_strengthening_top3rd,20260721,航運業,RANGE,盤整強勢,0.025371994384559456,0.06072695305351755,
X_strengthening_top3rd,20260724,航運業,RANGE,盤整強勢,0.010964937977559139,0.07873874230512719,
X_strengthening_top3rd,20210723,觀光餐旅,RANGE,盤整強勢,-0.021568184253480394,-0.04106686081963011,-0.02707681522246723
X_strengthening_top3rd,20210827,觀光餐旅,RANGE,盤整強勢,-0.02282933132364011,0.0035021475983853974,-0.04080231551671105
X_strengthening_top3rd,20211102,觀光餐旅,RANGE,盤整強勢,0.003970914452163228,-0.0313752988418701,-0.04829097955677652
X_strengthening_top3rd,20220429,觀光餐旅,BULL,多頭強勢,0.00981787340725761,0.015522550495101747,0.10293579448039739
X_strengthening_top3rd,20220526,觀光餐旅,RANGE,盤整強勢,0.08334527505661565,0.10886515402635624,0.06971227749001167
X_strengthening_top3rd,20220831,觀光餐旅,RANGE,盤整強勢,0.009791097972878124,0.10508762717638896,0.07341627167204834
X_strengthening_top3rd,20220927,觀光餐旅,BULL,多頭強勢,0.013035888201648922,-0.020917734880777555,0.044966058641230836
X_strengthening_top3rd,20221228,觀光餐旅,RANGE,盤整強勢,-0.01599306698666702,-0.021418537357704256,0.05541247175943545
X_strengthening_top3rd,20230103,觀光餐旅,RANGE,盤整強勢,-0.014121700493637378,-0.010547227690493148,0.08175673698329286
X_strengthening_top3rd,20230207,觀光餐旅,BULL,多頭強勢,0.05817547244686553,0.11953674099570805,0.12685424031907405
X_strengthening_top3rd,20230825,觀光餐旅,RANGE,盤整強勢,-0.026519002290731234,-0.049564002976056926,0.017495291209354842
X_strengthening_top3rd,20231120,觀光餐旅,RANGE,盤整強勢,-0.03602558226550643,-0.07666670917581928,-0.14607275561777855
X_strengthening_top3rd,20231229,觀光餐旅,RANGE,盤整強勢,0.015442117782057632,-0.007201724676708307,-0.12243276287607532
X_strengthening_top3rd,20240105,觀光餐旅,RANGE,盤整強勢,-0.017553713768875857,-0.019339446700667805,-0.10969205027498596
X_strengthening_top3rd,20240109,觀光餐旅,RANGE,盤整強勢,-0.014707427513354913,-0.06287594692207983,-0.11235829032783859
X_strengthening_top3rd,20240111,觀光餐旅,RANGE,盤整強勢,-0.03059742264733696,-0.08439011430841156,-0.12129334737052913
X_strengthening_top3rd,20240129,觀光餐旅,RANGE,盤整強勢,-0.03042394988711213,-0.09135069743780849,-0.04900284387841189
X_strengthening_top3rd,20240411,觀光餐旅,RANGE,盤整強勢,-0.009228418420503818,0.03631108546494762,-0.041301349154023545
X_strengthening_top3rd,20240516,觀光餐旅,RANGE,盤整強勢,-0.03996793041293941,-0.04095349053791762,-0.08672476120825273
X_strengthening_top3rd,20241112,觀光餐旅,RANGE,盤整強勢,-0.009356119017846116,-0.008110713706171243,-0.01205135276708006
X_strengthening_top3rd,20250102,觀光餐旅,RANGE,盤整強勢,-0.0172669648938292,-0.01496576146609348,-0.030559866286325996
X_strengthening_top3rd,20250120,觀光餐旅,RANGE,盤整強勢,-0.02949773615589597,-0.0385336672658302,-0.05639456071938661
X_strengthening_top3rd,20250520,觀光餐旅,RANGE,盤整強勢,0.007974744607219727,-0.008423454636916794,-0.030633695877101477
X_strengthening_top3rd,20250528,觀光餐旅,RANGE,盤整強勢,-0.012319155193165409,0.008189126399012422,-0.041398584898854805
X_strengthening_top3rd,20250611,觀光餐旅,RANGE,盤整強勢,-0.006344119198844617,0.019689240331453785,-0.03542708615288778
X_strengthening_top3rd,20250613,觀光餐旅,RANGE,盤整強勢,0.003058729800623477,0.03700666396778805,-0.03747304982269679
X_strengthening_top3rd,20250627,觀光餐旅,RANGE,盤整強勢,-0.00214523120068982,-0.01860158800928698,-0.06897652423040909
X_strengthening_top3rd,20250714,觀光餐旅,RANGE,盤整強勢,-0.012875651262025138,-0.04079693817254712,-0.0831440017663572
X_strengthening_top3rd,20251017,觀光餐旅,BEAR,空頭抗跌,-0.01829217903841008,0.0051235935000946906,-0.06881493974774758
X_strengthening_top3rd,20210811,貿易百貨,RANGE,盤整強勢,0.011703457703302236,0.03652783968209317,0.023426236634918773
X_strengthening_top3rd,20210820,貿易百貨,RANGE,盤整強勢,-0.0007175844772316642,0.03256351035448719,-0.018265862457422573
X_strengthening_top3rd,20210901,貿易百貨,RANGE,盤整強勢,0.0057849098753674725,0.015355962795804319,-0.05824564164695709
X_strengthening_top3rd,20210914,貿易百貨,RANGE,盤整強勢,-0.002160534689432637,-0.01019616561202484,-0.11072976995090417
X_strengthening_top3rd,20220316,貿易百貨,RANGE,盤整強勢,-0.015035416477560931,-0.034318052111298875,-0.020992763303231965
X_strengthening_top3rd,20220826,貿易百貨,RANGE,盤整強勢,-0.010646742515485422,-0.0031299155238966106,0.01781174426395976
X_strengthening_top3rd,20230131,貿易百貨,BULL,多頭強勢,-0.020434282205771967,-0.0357409311599268,-0.11013780658221646
X_strengthening_top3rd,20230220,貿易百貨,BULL,多頭強勢,-0.00934761140451266,-0.07023103328275312,-0.06805145497302774
X_strengthening_top3rd,20230810,貿易百貨,RANGE,盤整強勢,-0.006454365499140972,-0.011530220507556276,-0.00905502272183284
X_strengthening_top3rd,20231011,貿易百貨,BEAR,空頭抗跌,0.0068773912731164705,5.761142262851053e-05,-0.02786618738080958
X_strengthening_top3rd,20231020,貿易百貨,BEAR,空頭抗跌,-0.003998095589571031,-0.01069108573197624,-0.05868574371449474
X_strengthening_top3rd,20231114,貿易百貨,RANGE,盤整強勢,-0.01001914777979437,-0.03519656530284555,-0.08434029197191689
X_strengthening_top3rd,20240808,貿易百貨,RANGE,盤整強勢,-0.0032006291475555233,-0.0072573852054784276,0.06593324966824485
X_strengthening_top3rd,20240823,貿易百貨,RANGE,盤整強勢,-0.0034591876847340844,-0.014290474526246495,0.04759969757422985
X_strengthening_top3rd,20241105,貿易百貨,BULL,多頭強勢,0.0017317622467724822,-0.0007867602202399245,-0.05300019860857862
X_strengthening_top3rd,20250626,貿易百貨,RANGE,盤整強勢,0.004727972273562962,-0.02008324524707765,-0.050623112661272514
X_strengthening_top3rd,20251022,貿易百貨,RANGE,盤整強勢,0.0034271367860822105,0.016102566809224936,-0.065811138465426
X_strengthening_top3rd,20251118,貿易百貨,RANGE,盤整強勢,-0.013677666074012756,-0.03488203679342571,-0.05886416845226711
X_strengthening_top3rd,20260326,貿易百貨,RANGE,盤整強勢,0.004280541518841503,-0.021999770561604914,-0.012325463749422824
X_strengthening_top3rd,20260604,貿易百貨,RANGE,盤整強勢,0.01814992491704386,-0.020024592681030087,-0.004072900221144909
X_strengthening_top3rd,20260707,貿易百貨,BULL,多頭強勢,0.02734486629151852,0.027322790497019703,0.0018284839081949
X_strengthening_top3rd,20260820,貿易百貨,RANGE,盤整強勢,-0.025660273165396402,-0.01282953435489123,
X_strengthening_top3rd,20260904,貿易百貨,RANGE,盤整強勢,0.011679750116781247,-0.009631568674745801,
X_strengthening_top3rd,20260914,貿易百貨,RANGE,盤整強勢,-0.013872909758498937,,
X_strengthening_top3rd,20210721,資訊服務業,RANGE,盤整強勢,-0.00026222548685576625,0.022636788226900836,0.0619982270170892
X_strengthening_top3rd,20220328,資訊服務業,RANGE,盤整強勢,0.013083278570709515,-0.017083854869732493,-8.704471467790159e-05
X_strengthening_top3rd,20220408,資訊服務業,RANGE,盤整強勢,-0.018290548774100066,-0.01820958076147839,0.006997856446643511
X_strengthening_top3rd,20220610,資訊服務業,RANGE,盤整強勢,0.010477658630878496,0.02503129885484154,0.056979254863299716
X_strengthening_top3rd,20220803,資訊服務業,RANGE,盤整強勢,0.0024167701059746825,0.014263763777504844,0.045233339913006626
X_strengthening_top3rd,20230720,資訊服務業,RANGE,盤整強勢,0.02711578897455585,-0.009511910361279984,-0.014756905506003733
X_strengthening_top3rd,20230817,資訊服務業,RANGE,盤整強勢,-0.00958843706539384,-0.02352977615474196,-0.009050605662913564
X_strengthening_top3rd,20231123,資訊服務業,RANGE,盤整強勢,0.010297456533071073,0.0273471931967106,0.05259131367296177
X_strengthening_top3rd,20231205,資訊服務業,RANGE,盤整強勢,-0.008926494231861851,-0.01756015674165932,0.05359773699291437
X_strengthening_top3rd,20231211,資訊服務業,RANGE,盤整強勢,0.00906488362699481,0.012436031178692516,0.07953228473111723
X_strengthening_top3rd,20240108,資訊服務業,RANGE,盤整強勢,0.022342603227827457,0.026957696750375525,0.02270379674989783
X_strengthening_top3rd,20240110,資訊服務業,BULL,多頭強勢,0.017571956153603126,0.0056989652666012205,-0.001596225653525657
X_strengthening_top3rd,20240119,資訊服務業,BULL,多頭強勢,-0.013235011777184433,-0.016323166731667067,-0.05525134782486599
X_strengthening_top3rd,20240719,資訊服務業,RANGE,盤整強勢,-0.016857370094948018,-0.027615886441190517,-0.015069586291099744
X_strengthening_top3rd,20241125,資訊服務業,RANGE,盤整強勢,-0.007124097040962246,0.06219602297676578,0.09452979816465124
X_strengthening_top3rd,20250708,資訊服務業,RANGE,盤整強勢,-0.012571461897165204,-0.030122860539345927,-0.022195686220520663
X_strengthening_top3rd,20250822,資訊服務業,RANGE,盤整強勢,-0.014572791321391453,-0.02497348675549385,-0.053788184052331954
X_strengthening_top3rd,20250910,資訊服務業,RANGE,盤整強勢,-0.016713690763909436,-0.02188745563718113,-0.04398558632388429
X_strengthening_top3rd,20260601,資訊服務業,RANGE,盤整強勢,0.0069174764617152065,-0.04564931060991354,-0.046577016121247046
X_strengthening_top3rd,20220215,農業科技,RANGE,盤整強勢,-0.014951013051809037,-0.033271656330778956,0.313219784595687
X_strengthening_top3rd,20220221,農業科技,BULL,多頭強勢,-0.002762025480971049,-0.011040411049206458,0.2964546979553696
X_strengthening_top3rd,20220318,農業科技,RANGE,盤整強勢,0.07762726347796106,0.6569360808882238,0.1679163726214089
X_strengthening_top3rd,20220322,農業科技,RANGE,盤整強勢,0.04361936517839713,0.5167516739383785,0.14495369564804342
X_strengthening_top3rd,20220324,農業科技,RANGE,盤整強勢,0.06066814049312724,0.35434022016031763,0.09296517715072526
X_strengthening_top3rd,20220330,農業科技,RANGE,盤整強勢,0.196504262051699,0.347543377857977,0.05202745008567468
X_strengthening_top3rd,20220719,農業科技,RANGE,盤整強勢,-0.019755422594554956,-0.033108234817027904,-0.1527304529456585
X_strengthening_top3rd,20221005,農業科技,BEAR,空頭抗跌,-0.027055540320880173,0.02963842175706003,0.02255265641579047
X_strengthening_top3rd,20221019,農業科技,BEAR,空頭抗跌,0.012657115932140084,0.014756595767388692,-0.0004579721690880084
X_strengthening_top3rd,20230104,農業科技,RANGE,盤整強勢,-0.039901203235151464,-0.06076274070515258,-0.06899684764358135
X_strengthening_top3rd,20230407,農業科技,BULL,多頭強勢,-0.029701898493962722,-0.07157370531326933,-0.1377887383553469
X_strengthening_top3rd,20230727,農業科技,RANGE,盤整強勢,-0.0007578985848724004,-0.001023916209205382,-0.038287241569231856
X_strengthening_top3rd,20231113,農業科技,RANGE,盤整強勢,-0.010239887500954857,0.015819812908895496,0.023112541858139712
X_strengthening_top3rd,20231219,農業科技,RANGE,盤整強勢,-0.019993741695891652,-0.003597069004846992,-0.06025388690428059
X_strengthening_top3rd,20240219,農業科技,RANGE,盤整強勢,-0.028760905358481838,-0.05979507669611486,-0.09484296372486399
X_strengthening_top3rd,20240301,農業科技,RANGE,盤整強勢,-0.015312889007711853,-0.015901665533599334,-0.06659768495763263
X_strengthening_top3rd,20240329,農業科技,BULL,多頭強勢,0.0011863819748285688,-0.035978781685002105,-0.02775896217567178
X_strengthening_top3rd,20240628,農業科技,RANGE,盤整強勢,0.0025901757471412067,-0.08419663738144645,-0.09162508785386303
X_strengthening_top3rd,20240829,農業科技,RANGE,盤整強勢,-0.0006646195768337249,-0.031641086796251355,-0.06404877971651574
X_strengthening_top3rd,20250109,農業科技,RANGE,盤整強勢,-0.040882547188484365,-0.061883132439274305,-0.045435069021365446
X_strengthening_top3rd,20250303,農業科技,RANGE,盤整強勢,0.010960868748447853,0.011768328762749261,0.08342514591251249
X_strengthening_top3rd,20250317,農業科技,RANGE,盤整強勢,0.0021597579065244735,0.00247969506788695,0.04322284808959723
X_strengthening_top3rd,20250528,農業科技,RANGE,盤整強勢,0.019637565731211105,-0.005612738265847465,0.041956235977758584
X_strengthening_top3rd,20250605,農業科技,RANGE,盤整強勢,-0.003403985821781674,-0.0028100768254616017,-0.02019414237053314
X_strengthening_top3rd,20250703,農業科技,RANGE,盤整強勢,0.006546757781386104,0.01748559795796637,-0.05321940199352415
X_strengthening_top3rd,20250820,農業科技,RANGE,盤整強勢,-0.05192470386917884,-0.08418032075371996,-0.07549853183773064
X_strengthening_top3rd,20260109,農業科技,RANGE,盤整強勢,-0.023276197936002708,0.012562332206404207,-0.04911671882988149
X_strengthening_top3rd,20260121,農業科技,RANGE,盤整強勢,0.0077658562542065376,-0.01825134394955933,-0.05916443929566338
X_strengthening_top3rd,20260304,農業科技,RANGE,盤整強勢,0.02205114661569898,0.028680686306835693,-0.1369600929344482
X_strengthening_top3rd,20260317,農業科技,BULL,多頭強勢,-0.006014235800625475,-0.02966698922447523,-0.14303268497642846
X_strengthening_top3rd,20260331,農業科技,RANGE,盤整強勢,-0.028145077320744852,-0.08772856924486741,-0.16894785537708085
X_strengthening_top3rd,20210823,通信網路業,BEAR,空頭抗跌,0.004154151925903876,0.010625266869307044,0.13975382819923463
X_strengthening_top3rd,20211012,通信網路業,RANGE,盤整強勢,0.008491231050851304,0.09190460055079189,0.16187473093622884
X_strengthening_top3rd,20220531,通信網路業,RANGE,盤整強勢,0.005759598670371735,0.006833084714943538,0.11663721510556191
X_strengthening_top3rd,20220608,通信網路業,RANGE,盤整強勢,0.010089606544865647,0.007656395009393593,0.11203612176780947
X_strengthening_top3rd,20220708,通信網路業,RANGE,盤整強勢,0.014293003917713532,0.09511587589484503,0.056476407839783235
X_strengthening_top3rd,20230203,通信網路業,RANGE,盤整強勢,-0.002257305526624104,0.01691699457771033,0.03151770685062523
X_strengthening_top3rd,20230601,通信網路業,RANGE,盤整強勢,-0.01405705885125461,0.023652636974305957,0.06061455027218626
X_strengthening_top3rd,20230629,通信網路業,RANGE,盤整強勢,0.038880276833879714,0.0697172853869355,0.07880803796889185
X_strengthening_top3rd,20230712,通信網路業,BULL,多頭強勢,0.006736661043524361,-0.022849925609309502,0.017555104121879807
X_strengthening_top3rd,20231024,通信網路業,RANGE,盤整強勢,-0.007318166066779867,0.007053656414984073,0.00850293112142314
X_strengthening_top3rd,20231122,通信網路業,RANGE,盤整強勢,-0.003101282670605651,-0.010903302471296412,0.05074568035658698
X_strengthening_top3rd,20231214,通信網路業,RANGE,盤整強勢,-0.007379226645359691,0.006752327814995531,0.03229090245584875
X_strengthening_top3rd,20231227,通信網路業,RANGE,盤整強勢,-0.01435334837693166,0.010256471439430037,0.030006371326378428
X_strengthening_top3rd,20240111,通信網路業,RANGE,盤整強勢,0.013104358414993507,0.042950212623841716,-0.021818391029208593
X_strengthening_top3rd,20240123,通信網路業,RANGE,盤整強勢,0.0010104625778297508,0.04263949048083063,-0.045951572702115556
X_strengthening_top3rd,20240201,通信網路業,BULL,多頭強勢,0.015628169954425706,0.02577209475056637,-0.040317553521896934
X_strengthening_top3rd,20240221,通信網路業,BULL,多頭強勢,-0.0060530756740399955,-0.017395873959793254,-0.05001042899531703
X_strengthening_top3rd,20240606,通信網路業,RANGE,盤整強勢,0.02088438896858982,0.0436283597384732,0.042188813405832165
X_strengthening_top3rd,20240613,通信網路業,RANGE,盤整強勢,0.022054277686971192,0.033121873467469753,0.02963878323100174
X_strengthening_top3rd,20240819,通信網路業,RANGE,盤整強勢,0.0034930197843045293,0.04698724787533314,0.09309415302005233
X_strengthening_top3rd,20240828,通信網路業,RANGE,盤整強勢,0.004169209083267962,0.027787285416827397,0.08462228570819036
X_strengthening_top3rd,20240912,通信網路業,RANGE,盤整強勢,0.010410513437779614,0.05495260378228159,0.07562260043057126
X_strengthening_top3rd,20241009,通信網路業,RANGE,盤整強勢,-0.002629819774040731,0.003797827457576214,0.05582653697011221
X_strengthening_top3rd,20250721,通信網路業,RANGE,盤整強勢,0.008687748225015479,0.04268333007123995,0.02705148482588241
X_strengthening_top3rd,20250801,通信網路業,RANGE,盤整強勢,-0.005543566632161614,0.029758375327898268,0.02101904818152661
X_strengthening_top3rd,20250806,通信網路業,RANGE,盤整強勢,0.009147021384537754,0.03129474744632113,0.0026310222121030697
X_strengthening_top3rd,20250827,通信網路業,RANGE,盤整強勢,0.0008735208075702234,-0.008575764944637233,-0.016422246551666027
X_strengthening_top3rd,20250922,通信網路業,RANGE,盤整強勢,-0.019286077925214803,-0.02924699104862389,0.0462458229428238
X_strengthening_top3rd,20251021,通信網路業,RANGE,盤整強勢,0.023457192212717855,-0.014869448657903593,0.08373951467871989
X_strengthening_top3rd,20251030,通信網路業,RANGE,盤整強勢,-0.022812734144983825,0.0017503043857232865,0.09305514748007854
X_strengthening_top3rd,20251125,通信網路業,RANGE,盤整強勢,0.016122790740098758,0.08539035220629007,0.17616469252577485
X_strengthening_top3rd,20251208,通信網路業,RANGE,盤整強勢,0.03330748063746749,0.03483353337342795,0.14999064963903716
X_strengthening_top3rd,20260522,通信網路業,BULL,多頭強勢,-0.016312841713002405,-0.07610028705224675,-0.1316402600702084
X_strengthening_top3rd,20261006,通信網路業,RANGE,盤整強勢,,,
X_strengthening_top3rd,20210729,造紙工業,RANGE,盤整強勢,-0.008593788296329938,0.05257942232273982,-0.0768478017440287
X_strengthening_top3rd,20210812,造紙工業,RANGE,盤整強勢,0.0013955580155687944,-0.014186690286774932,-0.0794184318013434
X_strengthening_top3rd,20210824,造紙工業,RANGE,盤整強勢,-0.022920172820055387,-0.05063274167002133,-0.11055319492096373
X_strengthening_top3rd,20210909,造紙工業,RANGE,盤整強勢,-0.042690026605139354,-0.06644418553098298,-0.09628416545355636
X_strengthening_top3rd,20211124,造紙工業,RANGE,盤整強勢,-0.02499894037838184,-0.054457758897309916,-0.08885860738119102
X_strengthening_top3rd,20211217,造紙工業,RANGE,盤整強勢,0.04296585600921888,-0.004450467266594656,-0.05137996229953204
X_strengthening_top3rd,20220503,造紙工業,BEAR,空頭抗跌,-0.02429461243264429,-0.07973416179320389,-0.0998755460944024
X_strengthening_top3rd,20221014,造紙工業,RANGE,盤整強勢,-0.0019992390672622243,0.013313367088534117,-0.04302997965616559
X_strengthening_top3rd,20221020,造紙工業,RANGE,盤整強勢,0.019096792445773225,-0.00633615576522388,-0.05978334380092487
X_strengthening_top3rd,20221028,造紙工業,RANGE,盤整強勢,-0.01944954857274813,-0.0181790439100845,-0.046110732513574976
X_strengthening_top3rd,20221110,造紙工業,RANGE,盤整強勢,-0.00897218811229377,-0.06297419650922854,-0.07371803494292398
X_strengthening_top3rd,20221115,造紙工業,RANGE,盤整強勢,-0.021007691097141,-0.06924350625698514,-0.09113775881824315
X_strengthening_top3rd,20230523,造紙工業,RANGE,盤整強勢,-0.015107950535697301,0.041216235623781294,-0.003536155481994409
X_strengthening_top3rd,20230602,造紙工業,BULL,多頭強勢,0.020935063306280935,0.03165739312217177,-0.005784987930584698
X_strengthening_top3rd,20230607,造紙工業,BULL,多頭強勢,-0.017968166432635536,-0.009086112526297947,-0.03556832674111583
X_strengthening_top3rd,20230724,造紙工業,BULL,多頭強勢,0.02316071804057662,-0.073872866928685,-0.08345910223672602
X_strengthening_top3rd,20230829,造紙工業,RANGE,盤整強勢,-0.01050518192249393,-0.018184417032753294,-0.04388826737165585
X_strengthening_top3rd,20230913,造紙工業,RANGE,盤整強勢,-0.006422445061408082,0.008739242188373419,-0.01875542233877331
X_strengthening_top3rd,20240502,造紙工業,RANGE,盤整強勢,-0.025538755507084107,-0.06433952781446055,-0.12319484238141758
X_strengthening_top3rd,20250414,造紙工業,BEAR,空頭抗跌,-0.016204181653526835,-0.020790718415437948,-0.03757010388436455
X_strengthening_top3rd,20250505,造紙工業,RANGE,盤整強勢,-0.012627494978390958,-0.026859915027709153,-0.018658697058771247
X_strengthening_top3rd,20250811,造紙工業,RANGE,盤整強勢,-0.027842798790156373,-0.027937474480411312,-0.01222963032650247
X_strengthening_top3rd,20250910,造紙工業,RANGE,盤整強勢,0.00039005661907659875,0.015875970534346483,0.024117478833013392
X_strengthening_top3rd,20250915,造紙工業,RANGE,盤整強勢,-0.006006398047660818,0.009812993469267561,0.0292000624512796
X_strengthening_top3rd,20251014,造紙工業,RANGE,盤整強勢,-0.0006690415034562476,0.010465711004296326,-0.016561714198229594
X_strengthening_top3rd,20251107,造紙工業,RANGE,盤整強勢,0.056082221434269774,0.028892989326918576,-0.04137172106066968
X_strengthening_top3rd,20260108,造紙工業,RANGE,盤整強勢,-0.017069966700782764,-0.007990449313753322,-0.024481485512802097
X_strengthening_top3rd,20260427,造紙工業,RANGE,盤整強勢,-0.025468367638152453,-0.05654121986340055,0.046103481776203714
X_strengthening_top3rd,20260616,造紙工業,RANGE,盤整強勢,-0.004908558958129074,0.0201450296030201,0.03466700614972431
X_strengthening_top3rd,20260702,造紙工業,RANGE,盤整強勢,-0.016676896404969915,0.014786366874869894,-0.009770092627393312
X_strengthening_top3rd,20260707,造紙工業,RANGE,盤整強勢,-0.01551662139664226,0.003048050258913984,-0.0438121066270063
X_strengthening_top3rd,20210730,運動休閒,RANGE,盤整強勢,0.030883297276535052,-0.005256711247778427,0.0011882753731623646
X_strengthening_top3rd,20210914,運動休閒,RANGE,盤整強勢,0.0033525751321629486,0.005972233660190743,-0.009553667806155353
X_strengthening_top3rd,20211019,運動休閒,RANGE,盤整強勢,0.005274992709413277,-0.009776384646896036,-0.042052113848924155
X_strengthening_top3rd,20211022,運動休閒,RANGE,盤整強勢,0.006269598289647481,-0.013240098437114836,-0.040184037463937325
X_strengthening_top3rd,20211208,運動休閒,RANGE,盤整強勢,-0.009250386557854543,-0.020288164551003376,-0.055703820545615526
X_strengthening_top3rd,20220103,運動休閒,BULL,多頭強勢,-0.010834207562182282,0.006900548502133482,-0.037496559028822374
X_strengthening_top3rd,20220401,運動休閒,RANGE,盤整強勢,0.013328884783858061,0.04683717941825472,0.10653681190890368
X_strengthening_top3rd,20220520,運動休閒,RANGE,盤整強勢,0.008484474895185643,0.03576799102495064,0.08532006146326133
X_strengthening_top3rd,20220810,運動休閒,RANGE,盤整強勢,0.005484310170334308,0.06540676662298288,0.07018525806366453
X_strengthening_top3rd,20221208,運動休閒,RANGE,盤整強勢,-0.03188213753823182,-0.04214133447558773,-0.07486125502362379
X_strengthening_top3rd,20230223,運動休閒,BULL,多頭強勢,0.00041118218846166593,-0.03194913248584547,-0.10684643878773634
X_strengthening_top3rd,20230823,運動休閒,RANGE,盤整強勢,0.0006866031546839593,0.003452962712381727,-0.028791521859288093
X_strengthening_top3rd,20231117,運動休閒,RANGE,盤整強勢,-0.002935945856116301,-0.021579308897132173,-0.047384824822041094
X_strengthening_top3rd,20240125,運動休閒,RANGE,盤整強勢,-0.007992852025487007,-0.018458130433926016,-0.06013853173786285
X_strengthening_top3rd,20240820,運動休閒,RANGE,盤整強勢,0.004098508125120892,0.02849835076333967,0.020049893386031886
X_strengthening_top3rd,20240911,運動休閒,RANGE,盤整強勢,-0.0010424326265817234,-0.025000306503887487,0.0071118871668438164
X_strengthening_top3rd,20241029,運動休閒,RANGE,盤整強勢,0.0077605421012382145,-0.005729422543860191,0.021994342686924517
X_strengthening_top3rd,20250102,運動休閒,BEAR,空頭抗跌,0.01259752685429946,0.006731429956030304,-0.060293178953176416
X_strengthening_top3rd,20250110,運動休閒,BEAR,空頭抗跌,-0.0009064182319273723,-0.020627492099232952,-0.07726932992032295
X_strengthening_top3rd,20250224,運動休閒,RANGE,盤整強勢,0.00361268523239484,-0.03544264744167673,-0.10098560676234615
X_strengthening_top3rd,20250401,運動休閒,RANGE,盤整強勢,-0.050398425016352735,-0.08009201902860591,-0.08986464442505232
X_strengthening_top3rd,20250512,運動休閒,RANGE,盤整強勢,-0.01658318046001034,-0.03364200272892536,-0.03773669043136113
X_strengthening_top3rd,20250917,運動休閒,RANGE,盤整強勢,-0.002554587882966873,0.011276005795848346,-0.007071313188300066
X_strengthening_top3rd,20251119,運動休閒,RANGE,盤整強勢,0.021035547959014293,-0.007743179173698808,-0.09187131277850664
X_strengthening_top3rd,20251121,運動休閒,RANGE,盤整強勢,-0.009706209132698564,-0.042577973969065985,-0.12807075975046012
X_strengthening_top3rd,20260811,運動休閒,RANGE,盤整強勢,-0.015805872113195053,-0.03341389362168722,
X_strengthening_top3rd,20210830,金融保險,RANGE,盤整強勢,0.0055858667588802174,-0.01892909057288114,-0.005572956326958246
X_strengthening_top3rd,20211013,金融保險,BEAR,空頭抗跌,-0.0029291908515656807,-0.026688001431877648,-0.0046521953449281395
X_strengthening_top3rd,20211108,金融保險,RANGE,盤整強勢,0.009342733658601068,0.01416963541402435,0.05655201973731769
X_strengthening_top3rd,20220314,金融保險,RANGE,盤整強勢,0.0048618637713229995,0.013937039771837266,-0.04253207861425461
X_strengthening_top3rd,20220316,金融保險,RANGE,盤整強勢,0.01138015024022429,-0.0011435280181670594,-0.03607554685602288
X_strengthening_top3rd,20220407,金融保險,RANGE,盤整強勢,-0.027565656816675124,-0.051927927899576606,-0.048674315876175545
X_strengthening_top3rd,20220425,金融保險,RANGE,盤整強勢,-0.014047542958020513,-0.061804926470688706,-0.08507319437888848
X_strengthening_top3rd,20220616,金融保險,RANGE,盤整強勢,0.02418332594034329,-0.0259693919255667,-0.03690694663617619
X_strengthening_top3rd,20220701,金融保險,BEAR,空頭抗跌,-0.028886729895689175,-0.058818701346692835,-0.06923595752302424
X_strengthening_top3rd,20221021,金融保險,RANGE,盤整強勢,0.005837148819953165,-0.017789195436136718,-0.029381528407277854
X_strengthening_top3rd,20221220,金融保險,RANGE,盤整強勢,-0.005199861884816924,-0.01114090266303118,-0.08272121331166693
X_strengthening_top3rd,20230607,金融保險,BULL,多頭強勢,-0.0009700000944555713,-0.010025047851712505,0.03310316183585198
X_strengthening_top3rd,20230711,金融保險,BULL,多頭強勢,0.017110149865502692,0.04517264701665727,0.01282309888382542
X_strengthening_top3rd,20230721,金融保險,BULL,多頭強勢,0.011145630003585845,0.011582533985876144,0.018389414103084235
X_strengthening_top3rd,20230726,金融保險,BULL,多頭強勢,0.0024141739582586395,-0.0008022216546737515,-0.0018403359726366086
X_strengthening_top3rd,20230810,金融保險,RANGE,盤整強勢,-0.019047198187869433,-0.015977093702882493,-0.017552899587749582
X_strengthening_top3rd,20231011,金融保險,RANGE,盤整強勢,0.010902311759004676,0.0024942550491271575,-0.023596027001509298
X_strengthening_top3rd,20231020,金融保險,RANGE,盤整強勢,-0.00838140546169968,-0.010352039200755052,-0.03822626006157169
X_strengthening_top3rd,20231208,金融保險,RANGE,盤整強勢,-0.0005632892245898066,0.0013120850841032462,0.04038458861768306
X_strengthening_top3rd,20240401,金融保險,RANGE,盤整強勢,0.00534974257682721,0.022534259414247318,0.02301621096830507
X_strengthening_top3rd,20240611,金融保險,BULL,多頭強勢,0.010128854722863019,0.011696682039256279,-0.006809216082219995
X_strengthening_top3rd,20240619,金融保險,BULL,多頭強勢,-0.013727459693286474,-0.01051076281085369,-0.026333719110756687
X_strengthening_top3rd,20240624,金融保險,BULL,多頭強勢,-0.009460579991000542,-0.005502630307443984,-0.019450540095566425
X_strengthening_top3rd,20240703,金融保險,BULL,多頭強勢,0.016965975088162867,0.004180328552882612,-0.02526566227452972
X_strengthening_top3rd,20240712,金融保險,BULL,多頭強勢,-0.01296917307717458,-0.005277662464244999,-0.013833355766313483
X_strengthening_top3rd,20240826,金融保險,RANGE,盤整強勢,-0.008629007012655157,-0.0038075314992820223,0.008031788756558654
X_strengthening_top3rd,20241030,金融保險,RANGE,盤整強勢,0.005866862338302313,0.026593227465828487,0.06086955322758472
X_strengthening_top3rd,20241104,金融保險,RANGE,盤整強勢,0.011539101035505775,0.033381370963057835,0.04499743190492079
X_strengthening_top3rd,20241108,金融保險,RANGE,盤整強勢,0.02215019281961719,0.029954421684302665,0.03381615309770072
X_strengthening_top3rd,20241128,金融保險,RANGE,盤整強勢,0.008667132802911079,0.01995145597672392,0.021674962799428835
X_strengthening_top3rd,20241202,金融保險,RANGE,盤整強勢,-0.0006540505829034193,0.0074893697317344465,0.010732195220280771
X_strengthening_top3rd,20241211,金融保險,RANGE,盤整強勢,0.004064468497556175,0.02678188198952062,0.012365125147743582
X_strengthening_top3rd,20241216,金融保險,RANGE,盤整強勢,-0.003727086621509122,0.019524572216873447,0.001966306309845258
X_strengthening_top3rd,20250108,金融保險,RANGE,盤整強勢,-0.001326161119457874,-0.032408430986236594,0.027199093544739122
X_strengthening_top3rd,20250305,金融保險,RANGE,盤整強勢,0.009859545836568263,0.024750648118822882,0.041579367533399136
X_strengthening_top3rd,20250317,金融保險,RANGE,盤整強勢,0.004113135966809534,0.04218790560873245,0.04288157381489491
X_strengthening_top3rd,20250319,金融保險,RANGE,盤整強勢,0.015075932172760686,0.0578767691902905,0.04233283586214365
X_strengthening_top3rd,20250324,金融保險,BULL,多頭強勢,0.02185632591017688,0.03547048396460188,0.04272543530932045
X_strengthening_top3rd,20250414,金融保險,RANGE,盤整強勢,0.009997928525250104,-0.034850347302110285,0.00889901809793248
X_strengthening_top3rd,20250606,金融保險,RANGE,盤整強勢,0.0014797152153025461,0.011437359926741327,-0.013534031220251635
X_strengthening_top3rd,20250716,金融保險,RANGE,盤整強勢,-0.01106117313166377,-0.012994161975021148,0.02381674564811289
X_strengthening_top3rd,20250808,金融保險,RANGE,盤整強勢,-0.017215125554642215,-0.01692311702327764,0.05112180638896935
X_strengthening_top3rd,20250902,金融保險,RANGE,盤整強勢,0.008085487418444977,0.03238622265442417,0.07415488014673896
X_strengthening_top3rd,20250911,金融保險,BULL,多頭強勢,-0.010365186573729038,0.027684093222869514,0.05774419227074423
X_strengthening_top3rd,20250924,金融保險,BULL,多頭強勢,0.01669970340325834,0.028200777602337496,0.07810575367751374
X_strengthening_top3rd,20250926,金融保險,BULL,多頭強勢,0.005352866151603219,0.018117952647471968,0.06236486086440427
X_strengthening_top3rd,20251003,金融保險,BULL,多頭強勢,0.017447656707116004,0.026430426435828814,0.06655287035575914
X_strengthening_top3rd,20251015,金融保險,BULL,多頭強勢,-0.0007406674149458767,0.024740714485690606,0.05745018912880193
X_strengthening_top3rd,20251104,金融保險,BULL,多頭強勢,0.007929559088888549,0.009748811472435741,0.04451846400216718
X_strengthening_top3rd,20251106,金融保險,BULL,多頭強勢,0.006603452189549337,0.011707228346319744,0.04429086676967483
X_strengthening_top3rd,20260109,金融保險,RANGE,盤整強勢,-0.007039178336106056,0.03159009652405528,0.017009440337684326
X_strengthening_top3rd,20260128,金融保險,RANGE,盤整強勢,0.009087602425978208,0.03067448140719678,0.05564247352083261
X_strengthening_top3rd,20260206,金融保險,RANGE,盤整強勢,0.012004311997151011,-0.010662520444213803,0.02861036721408594
X_strengthening_top3rd,20260326,金融保險,RANGE,盤整強勢,0.015655197059292088,0.00850273045586163,0.12629122638250284
X_strengthening_top3rd,20260407,金融保險,RANGE,盤整強勢,-0.013417450944334074,0.009538973185608906,0.07583097690891179
X_strengthening_top3rd,20260424,金融保險,RANGE,盤整強勢,-0.0034345948017586413,0.00547240484247076,0.1163258399408515
X_strengthening_top3rd,20260508,金融保險,RANGE,盤整強勢,-0.01378359207769594,0.048013721404672305,0.1025279715655184
X_strengthening_top3rd,20260528,金融保險,BULL,多頭強勢,0.04864303520325125,0.06811510875240354,0.08397432172907328
X_strengthening_top3rd,20260615,金融保險,BULL,多頭強勢,-0.010064387591515504,-0.0041311524462414925,0.0766641415090697
X_strengthening_top3rd,20260903,金融保險,RANGE,盤整強勢,0.02418633416360495,-0.002263636568086062,
X_strengthening_top3rd,20210803,鋼鐵工業,RANGE,盤整強勢,-0.010875152681042513,0.00312235963914341,-0.1260366093293603
X_strengthening_top3rd,20220221,鋼鐵工業,RANGE,盤整強勢,0.03598256705084734,0.07968131904870039,-0.0234773524362558
X_strengthening_top3rd,20221003,鋼鐵工業,BEAR,空頭抗跌,0.0056427907023377626,0.0124258747199004,0.04867362320772481
X_strengthening_top3rd,20221019,鋼鐵工業,BEAR,空頭抗跌,0.0030042528263368173,0.005632521663375412,0.030582572760095725
X_strengthening_top3rd,20221021,鋼鐵工業,BEAR,空頭抗跌,-0.012176809691100753,-0.006696661943815629,0.02048233455155253
X_strengthening_top3rd,20221026,鋼鐵工業,BEAR,空頭抗跌,-0.010341349610856029,-0.013310211359605778,0.03753976442167076
X_strengthening_top3rd,20221118,鋼鐵工業,RANGE,盤整強勢,-0.015539625093261396,-0.0006750542650692457,0.0009261607245526493
X_strengthening_top3rd,20221213,鋼鐵工業,RANGE,盤整強勢,0.043227203136240455,0.029311115825201354,-0.01773906924451596
X_strengthening_top3rd,20230130,鋼鐵工業,BULL,多頭強勢,-0.01222107209928663,-0.03988784253720004,-0.09295609173353632
X_strengthening_top3rd,20230313,鋼鐵工業,RANGE,盤整強勢,-0.014102912925051957,-0.0359116945059663,-0.09723028399432412
X_strengthening_top3rd,20230824,鋼鐵工業,BEAR,空頭抗跌,-0.002343863177832667,0.025016681689850894,-0.011198069492171732
X_strengthening_top3rd,20230912,鋼鐵工業,RANGE,盤整強勢,0.02128416195565799,-0.010209262871088979,-0.02467304997043262
X_strengthening_top3rd,20231026,鋼鐵工業,RANGE,盤整強勢,-0.0053826093051943125,-0.009774805592677793,-0.0020111256169595
X_strengthening_top3rd,20240308,鋼鐵工業,BULL,多頭強勢,0.010024899011729024,0.03052549714511183,-0.027077208875053785
X_strengthening_top3rd,20240418,鋼鐵工業,RANGE,盤整強勢,-0.023738981094095495,-0.01898025446292207,-0.12422557831664675
X_strengthening_top3rd,20240514,鋼鐵工業,BULL,多頭強勢,0.0010275379960644569,-0.03288444514831189,-0.06159753502448631
X_strengthening_top3rd,20240926,鋼鐵工業,RANGE,盤整強勢,-0.010609072150928137,-0.030236101503305857,-0.062099013205537346
X_strengthening_top3rd,20241001,鋼鐵工業,RANGE,盤整強勢,-0.0265803533465789,-0.03815687438817039,-0.07012893341203569
X_strengthening_top3rd,20250210,鋼鐵工業,RANGE,盤整強勢,0.029376773915690962,0.06531750971983628,0.0005786004440880357
X_strengthening_top3rd,20260115,鋼鐵工業,RANGE,盤整強勢,-0.016050469910611175,-0.011889493245390674,-0.06044952016588908
X_strengthening_top3rd,20260129,鋼鐵工業,RANGE,盤整強勢,-0.0257297516243543,-0.033770908028726176,-0.0869138156663635
X_strengthening_top3rd,20260304,鋼鐵工業,RANGE,盤整強勢,-0.002859538537318776,-0.0006589808384729751,-0.0764011805577379
X_strengthening_top3rd,20260306,鋼鐵工業,RANGE,盤整強勢,-0.024377709585158124,-0.0056676983497790275,-0.08289251450001298
X_strengthening_top3rd,20260323,鋼鐵工業,RANGE,盤整強勢,-0.01072128046939375,-0.060594824537541496,-0.09342469159274046
X_strengthening_top3rd,20260407,鋼鐵工業,RANGE,盤整強勢,-0.02397502998232378,-0.053667755822492405,-0.09414784366445143
X_strengthening_top3rd,20260429,鋼鐵工業,RANGE,盤整強勢,-0.007884162539476724,-0.009489143386007926,0.011321923069583318
X_strengthening_top3rd,20260525,鋼鐵工業,RANGE,盤整強勢,-0.023617747629794208,-0.02482251070566016,0.01802999907843892
X_strengthening_top3rd,20260529,鋼鐵工業,RANGE,盤整強勢,0.0025989938858577344,-0.01877232346583003,0.03270353389141885
X_strengthening_top3rd,20260811,鋼鐵工業,RANGE,盤整強勢,0.003519304802870337,0.0020938177964052794,
X_strengthening_top3rd,20210721,電器電纜,RANGE,盤整強勢,0.011361560309361602,-0.013598580845813349,-0.03035197292942663
X_strengthening_top3rd,20210823,電器電纜,RANGE,盤整強勢,0.009340683060085536,-0.033824087279524954,-0.005838372844606227
X_strengthening_top3rd,20211130,電器電纜,RANGE,盤整強勢,0.01299641256710981,0.02845960673368582,0.0191049106911919
X_strengthening_top3rd,20211229,電器電纜,BULL,多頭強勢,-0.01910603874952828,-0.001488652051768423,-0.004605402347177346
X_strengthening_top3rd,20220119,電器電纜,RANGE,盤整強勢,-0.003485083354846645,-0.004852627800744391,0.034700961323296774
X_strengthening_top3rd,20220304,電器電纜,BULL,多頭強勢,-0.008312108600303895,-0.017105758848443085,-0.02494291162946671
X_strengthening_top3rd,20220315,電器電纜,RANGE,盤整強勢,-0.00874958994969912,0.022374387256292802,-0.020893855433221753
X_strengthening_top3rd,20220318,電器電纜,RANGE,盤整強勢,0.0050119311972147106,0.030711107006318974,-0.008746117260757573
X_strengthening_top3rd,20220325,電器電纜,RANGE,盤整強勢,-0.013879343291217306,0.01763178425619951,-0.018966687719162448
X_strengthening_top3rd,20220412,電器電纜,RANGE,盤整強勢,0.02662080794715181,-0.021194807582528216,-0.0442495344303412
X_strengthening_top3rd,20220628,電器電纜,BEAR,空頭抗跌,-0.018822766134045196,-0.047554721836800644,-0.03166475199310975
X_strengthening_top3rd,20221003,電器電纜,RANGE,盤整強勢,-0.00958137132279412,0.0016462773837618641,-0.0168726805099432
X_strengthening_top3rd,20221024,電器電纜,RANGE,盤整強勢,-0.002806102691069765,-0.0244484601312054,-0.013057269202782579
X_strengthening_top3rd,20221213,電器電纜,RANGE,盤整強勢,-0.0019677639829379055,0.005303470334684427,-0.012496517760650305
X_strengthening_top3rd,20230113,電器電纜,RANGE,盤整強勢,0.018496082077104008,-0.007882237452099608,-0.017143977808621022
X_strengthening_top3rd,20230215,電器電纜,BULL,多頭強勢,-0.014647993092609588,-0.011558041181714256,0.006197026184998081
X_strengthening_top3rd,20230308,電器電纜,BULL,多頭強勢,0.002456720604805368,-0.012437784485273752,0.06096833552240752
X_strengthening_top3rd,20230315,電器電纜,BULL,多頭強勢,-0.011083958385274602,-0.01719926540179638,0.03363851440392275
X_strengthening_top3rd,20230320,電器電纜,BULL,多頭強勢,-0.004940217335135212,-0.0006453048738024776,0.03400006279514056
X_strengthening_top3rd,20230329,電器電纜,BULL,多頭強勢,-0.005442919006421057,0.0012902518533555105,0.03487926467796562
X_strengthening_top3rd,20230412,電器電纜,BULL,多頭強勢,0.002034591598966978,0.00447838191533468,0.08472333850199422
X_strengthening_top3rd,20230420,電器電纜,BULL,多頭強勢,-0.010381917409553073,0.025240941906010922,0.06612083213546607
X_strengthening_top3rd,20230502,電器電纜,BULL,多頭強勢,-0.00030792011497500753,0.020448611095512336,0.07489160147670001
X_strengthening_top3rd,20230512,電器電纜,BULL,多頭強勢,0.0161741035151498,0.02722866301391505,0.07105189490019251
X_strengthening_top3rd,20230526,電器電纜,BULL,多頭強勢,0.012324865436647695,0.001765043090246117,0.05410906784638747
X_strengthening_top3rd,20230608,電器電纜,BULL,多頭強勢,-0.005853628773372274,0.03358102208521835,0.016064575779988897
X_strengthening_top3rd,20230705,電器電纜,BULL,多頭強勢,0.01610798972296877,0.030881129026803813,0.04516476128634691
X_strengthening_top3rd,20230710,電器電纜,BULL,多頭強勢,-0.009269165764139631,0.0027225497706367605,0.009127315924054302
X_strengthening_top3rd,20230904,電器電纜,RANGE,盤整強勢,-0.009144733860598171,0.021861586449108312,-0.015188492708874728
X_strengthening_top3rd,20230926,電器電纜,RANGE,盤整強勢,0.00979582286296501,-0.017366661348291713,-0.008034261328626127
X_strengthening_top3rd,20231002,電器電纜,RANGE,盤整強勢,-0.0036346920650320203,-0.03590665987180702,-0.004427090646266299
X_strengthening_top3rd,20231213,電器電纜,RANGE,盤整強勢,-0.019021945008211874,-0.03207387994264331,-0.010278612277818101
X_strengthening_top3rd,20231228,電器電纜,RANGE,盤整強勢,0.0024802781995060742,-0.013816909025731076,0.09328813880480241
X_strengthening_top3rd,20240229,電器電纜,RANGE,盤整強勢,-0.013847370758922813,0.08603202446743523,0.16744824133516886
X_strengthening_top3rd,20240322,電器電纜,RANGE,盤整強勢,0.0038028236507981084,0.1513354988242945,0.12160953860574299
X_strengthening_top3rd,20240329,電器電纜,BULL,多頭強勢,0.02788691401739452,0.10358101617348794,0.09524084336535552
X_strengthening_top3rd,20240709,電器電纜,BULL,多頭強勢,0.005132584495200206,0.0005698876030099526,-0.057547616698893404
X_strengthening_top3rd,20240712,電器電纜,BULL,多頭強勢,-0.018422072621467535,-0.0066046605710026254,-0.07028438317136362
X_strengthening_top3rd,20250314,電器電纜,RANGE,盤整強勢,0.0140440982218561,-0.011349556063925903,0.014314089892395118
X_strengthening_top3rd,20250318,電器電纜,RANGE,盤整強勢,0.024851724324655874,-0.011273655905825686,0.03800781819078779
X_strengthening_top3rd,20250415,電器電纜,RANGE,盤整強勢,0.008250014109314177,0.011910026911614927,0.0354633401652365
X_strengthening_top3rd,20250423,電器電纜,RANGE,盤整強勢,-0.0007030099451604127,0.011217438621878031,0.03480572091466404
X_strengthening_top3rd,20250520,電器電纜,RANGE,盤整強勢,-0.006248955298877782,0.05540386870144881,0.03511245529304145
X_strengthening_top3rd,20250606,電器電纜,RANGE,盤整強勢,0.03633617484843987,0.017319633318395474,0.008296151897904575
X_strengthening_top3rd,20250714,電器電纜,RANGE,盤整強勢,-0.001243148834318945,-0.0006567512813043554,0.027497480987756485
X_strengthening_top3rd,20250731,電器電纜,RANGE,盤整強勢,0.026394265563903598,0.008729722603043756,0.03815806504797031
X_strengthening_top3rd,20250804,電器電纜,RANGE,盤整強勢,0.005089374904056676,-0.010963708705067006,0.02631360239383178
X_strengthening_top3rd,20250807,電器電纜,RANGE,盤整強勢,-0.01107057306939773,-0.019980771888960278,0.006725077144422272
X_strengthening_top3rd,20250909,電器電纜,RANGE,盤整強勢,-0.011599551476433692,0.03337203920593896,-0.0034634158916817155
X_strengthening_top3rd,20251007,電器電纜,BULL,多頭強勢,-0.01103958916977179,-0.01022220615308158,-0.03492686073549447
X_strengthening_top3rd,20251009,電器電纜,BULL,多頭強勢,-0.008828814922403257,-0.019699655831920168,-0.041763309259155904
X_strengthening_top3rd,20251021,電器電纜,BULL,多頭強勢,0.01238867163927498,-0.010478785274583312,-0.019150629426575513
X_strengthening_top3rd,20251028,電器電纜,BULL,多頭強勢,0.017550017175396587,-0.02480135432891898,-0.0032719664518948213
X_strengthening_top3rd,20251031,電器電纜,RANGE,盤整強勢,-0.023029671305973755,-0.03298913716108318,-0.016136124889755236
X_strengthening_top3rd,20251105,電器電纜,BULL,多頭強勢,0.0024156274382078017,-0.024362033513922486,-0.038707700943927364
X_strengthening_top3rd,20251215,電器電纜,RANGE,盤整強勢,-0.011872292818188645,0.005872157322487033,-0.09964711817309735
X_strengthening_top3rd,20251226,電器電纜,RANGE,盤整強勢,-0.0025973744152395306,0.007675966212501592,-0.12200186406533835
X_strengthening_top3rd,20260115,電器電纜,RANGE,盤整強勢,0.018725429404564044,-0.034571416682642846,-0.1220954141232798
X_strengthening_top3rd,20260128,電器電纜,RANGE,盤整強勢,-0.047634379209077496,-0.08257701285021032,-0.13294012578736072
X_strengthening_top3rd,20260615,電器電纜,RANGE,盤整強勢,0.016625318876971946,0.0286359725091623,0.020698988379874102
X_strengthening_top3rd,20260617,電器電纜,RANGE,盤整強勢,0.012649236082664394,0.00801087471020151,0.012274066225840943
X_strengthening_top3rd,20260624,電器電纜,RANGE,盤整強勢,0.00889636332096462,-0.024773779119134705,-0.007860256555368532
X_strengthening_top3rd,20260703,電器電纜,RANGE,盤整強勢,-0.031891858653944234,-0.043039887849675246,-0.036926390099445754
X_strengthening_top3rd,20260825,電器電纜,RANGE,盤整強勢,-0.0003541737183233748,-0.0068872851653412805,
X_strengthening_top3rd,20260915,電器電纜,RANGE,盤整強勢,-0.004526536305574515,,
X_strengthening_top3rd,20210730,電子通路業,RANGE,盤整強勢,0.01954779431532872,0.03341449946769643,0.06262777318816094
X_strengthening_top3rd,20210803,電子通路業,RANGE,盤整強勢,0.013974093288287068,0.032852831194842044,0.06239515015573231
X_strengthening_top3rd,20210806,電子通路業,RANGE,盤整強勢,0.00964315051911635,0.017652477385694573,0.04159847661768373
X_strengthening_top3rd,20210818,電子通路業,RANGE,盤整強勢,-0.005388173214750658,0.026523498574215258,0.06078205415354279
X_strengthening_top3rd,20211115,電子通路業,BULL,多頭強勢,0.022031270512970897,0.051083198407355125,0.06508625171680554
X_strengthening_top3rd,20211123,電子通路業,BULL,多頭強勢,0.017505671865685083,0.03613502605146914,0.042550735372056545
X_strengthening_top3rd,20220328,電子通路業,RANGE,盤整強勢,-0.0024179233410979682,-0.012413442660283967,0.020971984765707614
X_strengthening_top3rd,20220414,電子通路業,RANGE,盤整強勢,-0.008057493702291217,0.035477387093661786,0.018049343215520403
X_strengthening_top3rd,20220503,電子通路業,RANGE,盤整強勢,0.021431762771988785,0.04669222601131298,0.018936006470248415
X_strengthening_top3rd,20220506,電子通路業,RANGE,盤整強勢,0.020620320066088615,0.024513852449714622,0.015561432055151717
X_strengthening_top3rd,20220801,電子通路業,RANGE,盤整強勢,-0.0009199687992559845,-0.009681622044656467,-0.006225537207135409
X_strengthening_top3rd,20220810,電子通路業,RANGE,盤整強勢,-0.0110074168410033,-0.011789632050630171,0.006365378986648726
X_strengthening_top3rd,20220902,電子通路業,RANGE,盤整強勢,0.0008246313530233624,0.002127633732496914,0.014271657286397605
X_strengthening_top3rd,20220914,電子通路業,RANGE,盤整強勢,-0.0046598769885752254,0.004131984151284823,-0.006616412124687623
X_strengthening_top3rd,20220916,電子通路業,RANGE,盤整強勢,-0.0018418719499465053,0.004779131653106949,-0.011620192251215859
X_strengthening_top3rd,20230918,電子通路業,RANGE,盤整強勢,0.004113738315987625,0.03609226060001654,0.04379680168508455
X_strengthening_top3rd,20231018,電子通路業,RANGE,盤整強勢,0.010605055397257715,0.0039194111339236615,0.039699124835789745
X_strengthening_top3rd,20231023,電子通路業,RANGE,盤整強勢,0.00788127589986555,-0.00566685068286666,0.05094584575419584
X_strengthening_top3rd,20231212,電子通路業,RANGE,盤整強勢,-0.02702155126893798,0.01141842467672719,0.09443133433758423
X_strengthening_top3rd,20231214,電子通路業,RANGE,盤整強勢,-0.01060997827003892,0.03174016666715447,0.10986258928160353
X_strengthening_top3rd,20240103,電子通路業,RANGE,盤整強勢,0.014389101115878933,0.10050780342510665,0.11870926164839887
X_strengthening_top3rd,20240105,電子通路業,RANGE,盤整強勢,0.02002324698822485,0.09047961570078164,0.11234177372621035
X_strengthening_top3rd,20240109,電子通路業,BULL,多頭強勢,0.02212500304240733,0.10399889246952625,0.09853272631160662
X_strengthening_top3rd,20240115,電子通路業,BULL,多頭強勢,0.016565673877680875,0.0983561470084948,0.04973874381869087
X_strengthening_top3rd,20240117,電子通路業,BULL,多頭強勢,0.02834792198776142,0.1083970476576129,0.04313018332327749
X_strengthening_top3rd,20240503,電子通路業,BULL,多頭強勢,-0.01838813195686484,0.045366585948898516,-0.005464063259549783
X_strengthening_top3rd,20240618,電子通路業,BULL,多頭強勢,-0.01134507593039391,-0.005138981970175614,-0.027438010258527403
X_strengthening_top3rd,20241107,電子通路業,RANGE,盤整強勢,-0.0026882574783869406,-0.01675146267088506,-0.022608739980619037
X_strengthening_top3rd,20241111,電子通路業,RANGE,盤整強勢,-0.0129508178694519,-0.031880128310028275,-0.03741710922679407
X_strengthening_top3rd,20241209,電子通路業,RANGE,盤整強勢,0.0062051663134894686,-0.005537478099801978,0.028657621069680634
X_strengthening_top3rd,20241217,電子通路業,RANGE,盤整強勢,0.012132094337724227,-0.02299872330364653,0.020306819597594245
X_strengthening_top3rd,20241225,電子通路業,RANGE,盤整強勢,-0.010070767278037091,-0.027797733137982613,0.006350843842016236
X_strengthening_top3rd,20250415,電子通路業,RANGE,盤整強勢,-0.001657829326938662,0.022596085577610517,0.007337928293544238
X_strengthening_top3rd,20250425,電子通路業,RANGE,盤整強勢,-0.02092339516336286,-0.020068534822346412,-0.024556990143410434
X_strengthening_top3rd,20250617,電子通路業,RANGE,盤整強勢,-0.008319463768670684,0.002342003216138311,-0.022041888616925274
X_strengthening_top3rd,20250711,電子通路業,RANGE,盤整強勢,0.012749238234545601,-0.004689494184125762,0.010028613134447202
X_strengthening_top3rd,20250801,電子通路業,RANGE,盤整強勢,-0.009475690864534272,-0.007510515949612273,0.014428215707334047
X_strengthening_top3rd,20250910,電子通路業,RANGE,盤整強勢,0.021841705492265665,0.015082147898881137,0.06585824621818558
X_strengthening_top3rd,20251007,電子通路業,BULL,多頭強勢,0.002240442790473398,0.012856323306567476,0.09605575918651409
X_strengthening_top3rd,20251016,電子通路業,RANGE,盤整強勢,0.00875455684243811,0.03676543798263572,0.10348514834658724
X_strengthening_top3rd,20251020,電子通路業,BULL,多頭強勢,0.00928447706859707,0.018633444077434655,0.09042578587620631
X_strengthening_top3rd,20251028,電子通路業,BULL,多頭強勢,-0.010083644744379975,0.003880031615163225,0.059876666462866206
X_strengthening_top3rd,20251031,電子通路業,BULL,多頭強勢,0.018495370364023066,0.0011102327313881255,0.08214755006111563
X_strengthening_top3rd,20251208,電子通路業,RANGE,盤整強勢,-0.0039817914745962964,0.04913689770617543,0.12716950324009643
X_strengthening_top3rd,20260223,電子通路業,RANGE,盤整強勢,-0.023820311455491183,0.04696890982594126,0.20674971813029555
X_strengthening_top3rd,20260310,電子通路業,RANGE,盤整強勢,0.05828937977666827,0.036912771313739906,0.1839082703366381
X_strengthening_top3rd,20260317,電子通路業,BULL,多頭強勢,-0.022013784357594532,-0.004629616916687656,0.11292258089656276
X_strengthening_top3rd,20260320,電子通路業,BULL,多頭強勢,-0.028329045378420105,0.04020375068112158,0.1425416738509031
X_strengthening_top3rd,20260409,電子通路業,BULL,多頭強勢,0.01561775331696793,0.07885537834446496,0.12758113954470746
X_strengthening_top3rd,20260508,電子通路業,BULL,多頭強勢,0.02907420170899847,0.0555711737952298,0.026951394713195964
X_strengthening_top3rd,20260512,電子通路業,BULL,多頭強勢,0.03225452681573421,0.04895967872649537,0.010995771328091434
X_strengthening_top3rd,20260520,電子通路業,BULL,多頭強勢,0.021227363913095633,0.0019461167018334988,-0.0321317361904385
X_strengthening_top3rd,20260804,電子通路業,RANGE,盤整強勢,0.007720950538840286,-0.03477314293074181,
X_strengthening_top3rd,20210903,電子零組件業,RANGE,盤整強勢,-0.008161470232548665,-0.03078809658027376,0.03659224759970331
X_strengthening_top3rd,20210924,電子零組件業,RANGE,盤整強勢,-0.02561769940148146,0.0004131624663742256,0.04471439261994003
X_strengthening_top3rd,20211019,電子零組件業,RANGE,盤整強勢,0.02332123442004768,0.04914500175598788,0.06563944464155791
X_strengthening_top3rd,20211109,電子零組件業,RANGE,盤整強勢,0.022405096198340933,0.03534651621563532,0.037237459183732245
X_strengthening_top3rd,20211115,電子零組件業,RANGE,盤整強勢,0.004724353119399521,0.013399284281213541,0.027374518770355967
X_strengthening_top3rd,20211223,電子零組件業,RANGE,盤整強勢,0.010786651832178218,-0.019732332001352,-0.04810603801680765
X_strengthening_top3rd,20220120,電子零組件業,RANGE,盤整強勢,0.003551407111899489,-0.005588342993705114,-0.09225968009037375
X_strengthening_top3rd,20220221,電子零組件業,RANGE,盤整強勢,-0.0022333853587286415,-0.02609791735732954,-0.055411551441226656
X_strengthening_top3rd,20220708,電子零組件業,BEAR,空頭抗跌,0.015020056115991155,0.03175724379017174,0.025806970075244785
X_strengthening_top3rd,20220818,電子零組件業,RANGE,盤整強勢,-0.003123893952431022,-0.013793014586292389,-0.0075079324791364754
X_strengthening_top3rd,20220823,電子零組件業,RANGE,盤整強勢,0.0027154526108715375,-0.006333501355698535,-0.0015375690221117247
X_strengthening_top3rd,20220830,電子零組件業,RANGE,盤整強勢,-0.009853288041103796,-0.02596015741657294,-0.014040870882086477
X_strengthening_top3rd,20221006,電子零組件業,RANGE,盤整強勢,-0.01311295999838863,0.014094332386548336,-0.021275327710023502
X_strengthening_top3rd,20230106,電子零組件業,RANGE,盤整強勢,-0.012767845392691749,0.008617793855845102,0.030607224571178857
X_strengthening_top3rd,20230131,電子零組件業,RANGE,盤整強勢,0.0014596072108110248,-0.006620787356739627,0.004322595431622542
X_strengthening_top3rd,20230411,電子零組件業,BULL,多頭強勢,-0.0042882668663631555,-0.026527222090687225,-0.008617792780638137
X_strengthening_top3rd,20230615,電子零組件業,BULL,多頭強勢,-0.006464705281736048,0.038973888515972305,0.08848199337019202
X_strengthening_top3rd,20230703,電子零組件業,BULL,多頭強勢,0.0031898150231144534,0.028230807008941046,0.08141767320987692
X_strengthening_top3rd,20230713,電子零組件業,BULL,多頭強勢,0.012002687532567786,0.025413534816498114,0.06527053464653626
X_strengthening_top3rd,20231108,電子零組件業,RANGE,盤整強勢,-0.0028063371412464146,0.0049268252892622,0.010711673253939291
X_strengthening_top3rd,20231110,電子零組件業,RANGE,盤整強勢,0.00264408493015697,0.007893237724455104,0.033679236154727885
X_strengthening_top3rd,20231130,電子零組件業,RANGE,盤整強勢,-0.003567735423341006,-0.012830719013529087,0.04696305416759466
X_strengthening_top3rd,20231213,電子零組件業,RANGE,盤整強勢,-0.021405195491159393,-0.03128054835510184,0.012779594922964675
X_strengthening_top3rd,20240115,電子零組件業,RANGE,盤整強勢,0.010676024187309563,0.05319380481805355,-0.017386137611987762
X_strengthening_top3rd,20240130,電子零組件業,RANGE,盤整強勢,0.03273365856647137,0.029754250118350173,-0.003528028095070107
X_strengthening_top3rd,20240306,電子零組件業,BULL,多頭強勢,-0.03573012881976829,-0.025458233556572635,-0.03197169643557768
X_strengthening_top3rd,20240321,電子零組件業,RANGE,盤整強勢,-0.006782641721808911,-0.05292873331254851,-0.0051012815838654135
X_strengthening_top3rd,20240614,電子零組件業,RANGE,盤整強勢,-0.0037287040312724076,0.003926164683932667,-0.0024832244001335435
X_strengthening_top3rd,20240618,電子零組件業,RANGE,盤整強勢,0.0023385638210592363,0.018098174930206358,0.016092300792904166
X_strengthening_top3rd,20240626,電子零組件業,RANGE,盤整強勢,0.007097606279051264,-0.02771665367801948,0.02163512155544375
X_strengthening_top3rd,20240704,電子零組件業,RANGE,盤整強勢,-0.002677655041634997,-0.05564631925682917,-0.021552609985669935
X_strengthening_top3rd,20240812,電子零組件業,RANGE,盤整強勢,0.01342847144127218,0.020413305873140414,0.014566211999592966
X_strengthening_top3rd,20240925,電子零組件業,RANGE,盤整強勢,-0.017090142580815423,-0.0027699586558015184,-0.0021160988883142176
X_strengthening_top3rd,20241122,電子零組件業,RANGE,盤整強勢,-0.0026266965798512863,0.0018830225753868265,-0.006536170587094554
X_strengthening_top3rd,20241204,電子零組件業,RANGE,盤整強勢,-0.018250512828543907,-0.019716734035862812,-0.036050446342714454
X_strengthening_top3rd,20250213,電子零組件業,RANGE,盤整強勢,0.0017140677766948054,-0.018256173682212624,-0.04998966255088018
X_strengthening_top3rd,20260209,電子零組件業,RANGE,盤整強勢,0.050456577730145204,0.0605798897730756,0.2781806322296866
X_strengthening_top3rd,20260409,電子零組件業,BULL,多頭強勢,0.05395351591780575,0.1282669503114877,0.2716348683918776
X_strengthening_top3rd,20260804,電子零組件業,RANGE,盤整強勢,0.029942226767215394,0.04774634539381088,
X_strengthening_top3rd,20211117,電機機械,RANGE,盤整強勢,0.0008906129875227596,-0.0033088278129196486,-0.005965478234600658
X_strengthening_top3rd,20211230,電機機械,BULL,多頭強勢,-0.005093754277079721,0.001056609201922536,-0.022783112036019806
X_strengthening_top3rd,20220217,電機機械,RANGE,盤整強勢,-0.005960985040849994,-0.01175222561224728,-0.0034873648866315526
X_strengthening_top3rd,20220608,電機機械,RANGE,盤整強勢,0.006687588138599342,0.020666680500596793,0.046613204962471066
X_strengthening_top3rd,20230308,電機機械,BULL,多頭強勢,0.0012108830888026556,0.018925834306233756,0.02971824611299076
X_strengthening_top3rd,20230410,電機機械,BULL,多頭強勢,0.010477589360739784,-0.005629436410717082,0.075925377324982
X_strengthening_top3rd,20230412,電機機械,BULL,多頭強勢,-0.003539074484026722,-0.01057112535052395,0.07620351773676938
X_strengthening_top3rd,20230615,電機機械,BULL,多頭強勢,-0.0017590204432810326,0.027632090166445994,0.005912050894545724
X_strengthening_top3rd,20230620,電機機械,BULL,多頭強勢,0.00452769167998916,0.022364984201210573,-0.001762526784655577
X_strengthening_top3rd,20230711,電機機械,BULL,多頭強勢,-0.008750671885764113,-0.015449530022346919,-0.016704290780570077
X_strengthening_top3rd,20231225,電機機械,RANGE,盤整強勢,0.0020180697482756913,0.008395105491686676,0.09067727623206763
X_strengthening_top3rd,20240130,電機機械,RANGE,盤整強勢,0.013299484089208783,0.039642975144464104,0.06975290238032375
X_strengthening_top3rd,20240221,電機機械,RANGE,盤整強勢,0.014617658416429272,0.031860992760900375,0.0371060093919985
X_strengthening_top3rd,20240229,電機機械,RANGE,盤整強勢,0.0010205771401158564,0.033359044955748304,0.04779759632480815
X_strengthening_top3rd,20240320,電機機械,RANGE,盤整強勢,0.017140138065273088,0.003772239819531356,0.04768333238795455
X_strengthening_top3rd,20240326,電機機械,BULL,多頭強勢,0.0002523338869141567,-0.011395220453801098,0.022539946896571114
X_strengthening_top3rd,20240530,電機機械,BULL,多頭強勢,0.000816844309323746,0.005470425544350486,0.08005660654962198
X_strengthening_top3rd,20240704,電機機械,BULL,多頭強勢,0.008800279480966821,-0.010025429211253267,0.046500021094791844
X_strengthening_top3rd,20240709,電機機械,BULL,多頭強勢,-0.004309070450403799,0.006265811110938865,0.03305020084807287
X_strengthening_top3rd,20241108,電機機械,RANGE,盤整強勢,-0.022551288590758143,-0.02559033578678145,-0.00597478738389632
X_strengthening_top3rd,20241127,電機機械,RANGE,盤整強勢,-0.0035964744824546896,0.03825387157084937,0.027022030685577438
X_strengthening_top3rd,20250219,電機機械,RANGE,盤整強勢,0.006899769327318254,-0.02066530120849596,-0.0368770582143067
X_strengthening_top3rd,20250221,電機機械,RANGE,盤整強勢,-0.01556853943650934,-0.03235711594729793,-0.05013207468663816
X_strengthening_top3rd,20250318,電機機械,RANGE,盤整強勢,-0.0015491232559684575,-0.04391723596441227,-0.014844858904705008
X_strengthening_top3rd,20250512,電機機械,RANGE,盤整強勢,0.0011402273177483768,-0.0010822882255728736,0.004448953754301484
X_strengthening_top3rd,20250715,電機機械,RANGE,盤整強勢,0.006610603047710335,0.01657283508256259,0.014562945877739136
X_strengthening_top3rd,20250804,電機機械,RANGE,盤整強勢,-0.000425552595015111,0.005028637552530928,-0.00501448436584102
X_strengthening_top3rd,20250826,電機機械,RANGE,盤整強勢,0.00175794087861781,-0.009574754196050271,-0.03192234029659435
X_strengthening_top3rd,20251021,電機機械,RANGE,盤整強勢,-0.006745520509756579,-0.019694105050807452,0.04060349959257083
X_strengthening_top3rd,20251031,電機機械,RANGE,盤整強勢,-0.005187527746087087,-0.028504729494180016,0.051285506384638364
X_strengthening_top3rd,20251106,電機機械,RANGE,盤整強勢,-0.014850163587969693,-0.0014096190503274575,0.037455681987342136
X_strengthening_top3rd,20260114,電機機械,RANGE,盤整強勢,0.047090485700644294,0.032146084968340066,0.011410970924286327
X_strengthening_top3rd,20260316,電機機械,RANGE,盤整強勢,-0.016860359294151205,0.015686051570242176,0.01409593429077257
X_strengthening_top3rd,20260409,電機機械,RANGE,盤整強勢,0.02617351411119164,0.05916527132127866,0.015588872971880871
X_strengthening_top3rd,20260417,電機機械,RANGE,盤整強勢,-0.0019089846333165336,0.03085662530162004,-0.006634617846507748
X_strengthening_top3rd,20260423,電機機械,RANGE,盤整強勢,0.03937259457770517,0.042391655422716654,-0.010699042511326095
X_strengthening_top3rd,20260428,電機機械,RANGE,盤整強勢,0.01969630149694619,0.02754425459852817,-0.02668847748983455
X_strengthening_top3rd,20260702,電機機械,BULL,多頭強勢,-0.004258980919147531,-0.022139222523017144,-0.02252271699432079
X_strengthening_top3rd,20211201,電腦及週邊設備業,RANGE,盤整強勢,0.006059622839055635,0.027045025185117588,-0.021476218419460805
X_strengthening_top3rd,20220629,電腦及週邊設備業,BEAR,空頭抗跌,0.00416085139979987,0.05149979299906251,0.05688428701497986
X_strengthening_top3rd,20220708,電腦及週邊設備業,BEAR,空頭抗跌,0.014889121297627806,0.06289781018210659,0.05388785584968757
X_strengthening_top3rd,20220721,電腦及週邊設備業,RANGE,盤整強勢,0.012285954465726424,0.03640671242046059,0.019577532520166335
X_strengthening_top3rd,20221003,電腦及週邊設備業,RANGE,盤整強勢,-0.0013908672976734489,0.014553717197462769,0.022366601391985513
X_strengthening_top3rd,20221020,電腦及週邊設備業,RANGE,盤整強勢,0.004488406197273642,0.045643458886123936,0.02358315124677801
X_strengthening_top3rd,20221028,電腦及週邊設備業,RANGE,盤整強勢,0.02150332839528727,0.020486120206966732,0.021182260441084982
X_strengthening_top3rd,20221109,電腦及週邊設備業,RANGE,盤整強勢,0.01016858181116427,0.0005829103425317797,0.009374479281185552
X_strengthening_top3rd,20221214,電腦及週邊設備業,RANGE,盤整強勢,-0.01565093884659854,-0.03343448664259898,0.035405790734035825
X_strengthening_top3rd,20230201,電腦及週邊設備業,BULL,多頭強勢,0.008012465691167252,0.020589212046419947,0.05522438345120717
X_strengthening_top3rd,20230207,電腦及週邊設備業,BULL,多頭強勢,0.0013013321029989083,0.021824241978124777,0.05644222117295343
X_strengthening_top3rd,20230210,電腦及週邊設備業,BULL,多頭強勢,-0.0002797436139179363,0.017433942665503077,0.07189097884290038
X_strengthening_top3rd,20230217,電腦及週邊設備業,BULL,多頭強勢,0.0034189364786111637,0.04078695885793282,0.08955431651857988
X_strengthening_top3rd,20230223,電腦及週邊設備業,BULL,多頭強勢,0.01071515106162376,0.042402938302595165,0.12711112387938364
X_strengthening_top3rd,20230308,電腦及週邊設備業,BULL,多頭強勢,0.0035062017959542613,0.037991108400597294,0.13361679222278597
X_strengthening_top3rd,20230324,電腦及週邊設備業,BULL,多頭強勢,0.007909560245008359,-0.010564327749461122,0.13831721637654854
X_strengthening_top3rd,20230331,電腦及週邊設備業,BULL,多頭強勢,-0.0010694628298918134,-0.013443214204525107,0.18173649105390594
X_strengthening_top3rd,20231107,電腦及週邊設備業,RANGE,盤整強勢,-0.001938882397199213,0.004971431763879361,0.027552327576509834
X_strengthening_top3rd,20231117,電腦及週邊設備業,RANGE,盤整強勢,-0.017713502022027778,-0.0011600458483276913,0.04473465491921458
X_strengthening_top3rd,20231201,電腦及週邊設備業,RANGE,盤整強勢,0.007948703566874526,0.02309496083020561,0.04706885637849759
X_strengthening_top3rd,20231222,電腦及週邊設備業,RANGE,盤整強勢,0.0033860202834942333,0.0222392733895204,0.028238310814084767
X_strengthening_top3rd,20240117,電腦及週邊設備業,RANGE,盤整強勢,0.02294098519192827,0.02881626192452922,-0.025935223864934923
X_strengthening_top3rd,20240119,電腦及週邊設備業,RANGE,盤整強勢,-0.015144409547693014,0.004207881351319047,-0.05469855881214139
X_strengthening_top3rd,20240216,電腦及週邊設備業,BULL,多頭強勢,-0.010160214287178775,-0.0043991751429472495,-0.05784773447264285
X_strengthening_top3rd,20240305,電腦及週邊設備業,BULL,多頭強勢,-0.020949397102268893,-0.025421132520239052,0.0028524734425120907
X_strengthening_top3rd,20240321,電腦及週邊設備業,BULL,多頭強勢,-0.012305058331744154,-0.07465628412444054,-0.007993798787533868
X_strengthening_top3rd,20240429,電腦及週邊設備業,RANGE,盤整強勢,-0.005056379140356507,0.07470560915993206,-0.0016240262165211697
X_strengthening_top3rd,20240509,電腦及週邊設備業,RANGE,盤整強勢,0.012897386135744662,0.05992206259502685,-0.0017638657244406324
X_strengthening_top3rd,20240618,電腦及週邊設備業,RANGE,盤整強勢,-0.0017479386561077837,0.008236507101176162,-0.03671721041560025
X_strengthening_top3rd,20240701,電腦及週邊設備業,BULL,多頭強勢,0.001118528029711548,-0.034013922645705616,-0.03647394553506448
X_strengthening_top3rd,20240812,電腦及週邊設備業,RANGE,盤整強勢,0.01855050802309671,0.0015725562483093498,0.049612473076494974
X_strengthening_top3rd,20240912,電腦及週邊設備業,RANGE,盤整強勢,0.00866560407793178,0.027047754293661106,0.050009512536250446
X_strengthening_top3rd,20241106,電腦及週邊設備業,RANGE,盤整強勢,0.010138861471823378,0.03092273715204906,0.047920406402942775
X_strengthening_top3rd,20241108,電腦及週邊設備業,RANGE,盤整強勢,-0.00681892413819116,0.014938349778324684,0.04009955002136247
X_strengthening_top3rd,20241122,電腦及週邊設備業,RANGE,盤整強勢,-0.0022096537911548107,0.0016788030303037313,0.037965050826553985
X_strengthening_top3rd,20250210,電腦及週邊設備業,RANGE,盤整強勢,0.006136598431143475,-0.014950485098614205,-0.03702369925115805
X_strengthening_top3rd,20250318,電腦及週邊設備業,RANGE,盤整強勢,0.004514009664598025,-0.04781725197943837,0.008557335935811636
X_strengthening_top3rd,20250326,電腦及週邊設備業,RANGE,盤整強勢,-0.018185239266035574,-0.03130653437402453,0.020448287128107853
X_strengthening_top3rd,20250415,電腦及週邊設備業,BEAR,空頭抗跌,-0.002896886993719558,0.0588498427764307,0.08616168301677224
X_strengthening_top3rd,20250512,電腦及週邊設備業,RANGE,盤整強勢,0.010200651633544944,0.025105412605893836,0.07030400359197869
X_strengthening_top3rd,20250612,電腦及週邊設備業,RANGE,盤整強勢,0.0008708099786944694,0.017454215797124358,0.04941170478173653
X_strengthening_top3rd,20250624,電腦及週邊設備業,RANGE,盤整強勢,-0.009550011294819305,0.010052355908697248,0.04499634985056578
X_strengthening_top3rd,20250826,電腦及週邊設備業,RANGE,盤整強勢,-0.02809906576334719,-0.009089734073335042,-0.05066885757024175
X_strengthening_top3rd,20250910,電腦及週邊設備業,BULL,多頭強勢,-0.00012288144048904978,-0.010195762151780575,-0.03557381187969423
X_strengthening_top3rd,20251007,電腦及週邊設備業,BULL,多頭強勢,-0.0017241333108811907,-0.01052954325112012,-0.029685744736257534
X_strengthening_top3rd,20251126,電腦及週邊設備業,RANGE,盤整強勢,-0.0010003907102963134,0.007685303017757928,-0.02253035335001946
X_strengthening_top3rd,20260302,電腦及週邊設備業,RANGE,盤整強勢,-0.002197745980991893,-0.008361852461868352,0.18036195600393745
X_strengthening_top3rd,20260311,電腦及週邊設備業,RANGE,盤整強勢,0.024876942511626407,0.011805348421139046,0.16877748616615373
X_strengthening_top3rd,20260408,電腦及週邊設備業,RANGE,盤整強勢,0.01668827514946089,0.0935468908407139,0.13348078311902783
X_strengthening_top3rd,20260420,電腦及週邊設備業,BULL,多頭強勢,0.014417364525465465,0.04383131523711639,0.02744554108153389
X_strengthening_top3rd,20260506,電腦及週邊設備業,BULL,多頭強勢,0.011877705017658297,0.07102049625374442,0.019644960247350313
X_strengthening_top3rd,20260522,電腦及週邊設備業,BULL,多頭強勢,0.02990614277228742,-0.026609688314020052,-0.017013350910043898
X_strengthening_top3rd,20260804,電腦及週邊設備業,RANGE,盤整強勢,0.013434294784353349,-0.006926295900881414,
X_strengthening_top3rd,20260827,電腦及週邊設備業,RANGE,盤整強勢,0.00603745363765514,1.0174629610190862e-05,
X_strengthening_top3rd,20260904,電腦及週邊設備業,RANGE,盤整強勢,-0.015975875981793723,-0.013961851066154447,
X_strengthening_top3rd,20260923,電腦及週邊設備業,RANGE,盤整強勢,0.004010106313452055,,
X_strengthening_top3rd,20261001,電腦及週邊設備業,RANGE,盤整強勢,,,
X_strengthening_top3rd,20210723,食品工業,BULL,多頭強勢,0.011062132939462788,0.013453218563369854,0.04576819408309325
X_strengthening_top3rd,20210819,食品工業,RANGE,盤整強勢,-0.014954410956752089,0.0013539360204186737,-0.00844060445563978
X_strengthening_top3rd,20210825,食品工業,RANGE,盤整強勢,0.008852269251048522,0.00562005141272438,0.012740159625725014
X_strengthening_top3rd,20210902,食品工業,RANGE,盤整強勢,0.003934551117765257,0.015022028378273305,6.312177261197371e-05
X_strengthening_top3rd,20210908,食品工業,RANGE,盤整強勢,0.0038262830055841145,0.02771896158241474,-0.007271847786662317
X_strengthening_top3rd,20211004,食品工業,RANGE,盤整強勢,0.016179551345419433,-0.008666670568634537,-0.029981390237667202
X_strengthening_top3rd,20211013,食品工業,RANGE,盤整強勢,-0.0019386772465333525,-0.03830997508597554,-0.04095114098332456
X_strengthening_top3rd,20211018,食品工業,RANGE,盤整強勢,-0.003755660241743619,-0.033609213434911564,-0.026144364161498138
X_strengthening_top3rd,20211122,食品工業,RANGE,盤整強勢,-1.265408848192184e-05,-0.01250222874154756,0.025549700590380534
X_strengthening_top3rd,20211202,食品工業,BULL,多頭強勢,0.005025169293179976,-0.006489934280558128,0.018961568959469554
X_strengthening_top3rd,20220124,食品工業,RANGE,盤整強勢,-0.0180262202454802,-0.005424681408558743,0.030068564752282725
X_strengthening_top3rd,20220126,食品工業,RANGE,盤整強勢,0.004950624670917673,0.016568466947263504,0.04416129636352631
X_strengthening_top3rd,20220216,食品工業,BULL,多頭強勢,0.0005031338610840576,-0.0274014389136773,0.01414221889747918
X_strengthening_top3rd,20220218,食品工業,BULL,多頭強勢,0.00032768482101682133,-0.028948333205755898,0.017412642858125015
X_strengthening_top3rd,20220328,食品工業,BULL,多頭強勢,0.00439802348444002,0.0785174291455987,0.046580357434023785
X_strengthening_top3rd,20220411,食品工業,RANGE,盤整強勢,0.018155934336617142,0.041964799916665574,0.07597645455130733
X_strengthening_top3rd,20220425,食品工業,BULL,多頭強勢,0.004036578899437156,-0.013842631807283193,0.010679204647050536
X_strengthening_top3rd,20220428,食品工業,BULL,多頭強勢,-0.00877272615380386,-0.03328335059749841,0.004218266743263435
X_strengthening_top3rd,20220526,食品工業,RANGE,盤整強勢,-0.02379810834309875,0.002134350775557268,-0.00333651609704895
X_strengthening_top3rd,20220615,食品工業,RANGE,盤整強勢,0.02126945306233835,0.04481556500788987,0.016416130988148807
X_strengthening_top3rd,20220621,食品工業,RANGE,盤整強勢,0.008062651005747807,0.01616930799306983,-0.00693595716474555
X_strengthening_top3rd,20220623,食品工業,RANGE,盤整強勢,0.02953579897016219,0.0069294760337622885,-0.006213683165624686
X_strengthening_top3rd,20220707,食品工業,RANGE,盤整強勢,-0.0019790947270887406,-0.01832343545733173,-0.016192837132392786
X_strengthening_top3rd,20220726,食品工業,RANGE,盤整強勢,-0.007024696457999854,-0.03945688415660518,0.004596348128113589
X_strengthening_top3rd,20220825,食品工業,RANGE,盤整強勢,0.006838575639253308,0.02221982607145656,0.007670728432117371
X_strengthening_top3rd,20220906,食品工業,RANGE,盤整強勢,-0.017724368016624265,-0.006183168166537072,-0.023694794961334767
X_strengthening_top3rd,20221011,食品工業,RANGE,盤整強勢,0.007995358620788928,-0.0013302846246948177,-0.021564739619760825
X_strengthening_top3rd,20221021,食品工業,RANGE,盤整強勢,0.00017889648152040862,-0.03254841848131723,-0.025929738754672235
X_strengthening_top3rd,20221219,食品工業,RANGE,盤整強勢,-0.01262344895829311,-0.006392802886353882,-0.024073533411176504
X_strengthening_top3rd,20221229,食品工業,RANGE,盤整強勢,-0.0072022347346448225,-0.016040126994341687,-0.025565246556635307
X_strengthening_top3rd,20230301,食品工業,RANGE,盤整強勢,0.00338969934576068,-0.0047300834352134325,-0.01951221516618757
X_strengthening_top3rd,20230331,食品工業,BULL,多頭強勢,-0.01608275291511682,-0.017020251152738204,-0.05892473431909946
X_strengthening_top3rd,20230824,食品工業,RANGE,盤整強勢,-0.03284429204827813,-0.04212398087670226,-0.08223266678754937
X_strengthening_top3rd,20240328,食品工業,BULL,多頭強勢,-0.01741362558644438,-0.03618953671719564,-0.04697103412596787
X_strengthening_top3rd,20240801,食品工業,RANGE,盤整強勢,0.02031523351763867,-0.011021577077079103,-0.03243538058920495
X_strengthening_top3rd,20240808,食品工業,RANGE,盤整強勢,-0.019928618792603815,-0.019527654989290943,-0.05599587627081328
X_strengthening_top3rd,20240904,食品工業,RANGE,盤整強勢,0.0020461280643533234,-0.01986037387827381,-0.042424561071564594
X_strengthening_top3rd,20241004,食品工業,RANGE,盤整強勢,-0.00826558510251147,-0.02058694845845585,-0.04133375221301784
X_strengthening_top3rd,20250203,食品工業,RANGE,盤整強勢,-0.011497203252552355,-0.016171854095281754,0.06685963612510726
X_strengthening_top3rd,20250611,食品工業,RANGE,盤整強勢,0.012086985627350638,0.03466072965676601,0.004201391183598992
X_strengthening_top3rd,20250619,食品工業,RANGE,盤整強勢,0.007481952917143427,-0.004839373574908523,-0.012229668790270987
X_strengthening_top3rd,20250626,食品工業,RANGE,盤整強勢,-0.001688716752406407,-0.01980967358963985,-0.022694880391695767
X_strengthening_top3rd,20251104,食品工業,RANGE,盤整強勢,-0.014926876499079911,-0.021807475786235916,-0.06673937496475414
X_ev_breakout,20210721,光電業,RANGE,盤整弱勢,0.005490109030652351,-0.024635277633561783,-0.035499133022568165
X_ev_breakout,20211025,光電業,RANGE,盤整強勢,0.03168483000424306,0.051863787487841984,0.0864826154735832
X_ev_breakout,20230217,光電業,RANGE,盤整強勢,-0.009254361073091159,0.0363558253501024,0.000875254621958102
X_ev_breakout,20230323,光電業,BULL,多頭強勢,-0.001185437112295155,-0.024537682874104204,-0.03048281086448923
X_ev_breakout,20230330,光電業,BULL,多頭強勢,0.001103954960611598,-0.03318003521691443,-0.03560819785707385
X_ev_breakout,20230428,光電業,RANGE,盤整弱勢,-0.01829339780206809,-0.0024278906605831162,0.0005989225118637267
X_ev_breakout,20230605,光電業,BULL,多頭強勢,-0.008212758998074084,0.01063780766357327,0.013116527363657843
X_ev_breakout,20230607,光電業,BULL,多頭弱勢,0.0025511033699331482,0.02280979413541188,0.02301941542831114
X_ev_breakout,20230615,光電業,BULL,多頭弱勢,0.0013938632331497074,0.023449461497975915,0.013454168022535636
X_ev_breakout,20230628,光電業,BULL,多頭弱勢,0.012366526268820137,0.0072538605885261506,0.006274711788252174
X_ev_breakout,20231121,光電業,RANGE,盤整強勢,0.0044746355536240175,-0.0077856411556268545,0.05509533595638201
X_ev_breakout,20240102,光電業,RANGE,盤整強勢,0.0014114752321891296,0.051151825637456606,0.043894180823527446
X_ev_breakout,20240115,光電業,BULL,多頭強勢,0.0196021688539067,0.04455885053004913,0.004884946219096686
X_ev_breakout,20240119,光電業,BULL,多頭強勢,0.02342694365780064,0.022779813068714842,0.0005438729163906586
X_ev_breakout,20240402,光電業,BULL,多頭強勢,0.003935114649195584,-0.020945215090592606,0.10744923377103793
X_ev_breakout,20240408,光電業,BULL,多頭弱勢,-0.0029254663956723437,-0.009342600991762155,0.12812175995784658
X_ev_breakout,20240417,光電業,BULL,多頭弱勢,-0.004793975021366784,0.014588732743294273,0.13004280101143142
X_ev_breakout,20240424,光電業,BULL,多頭弱勢,-0.00798341353770397,0.0308329291369739,0.10231625037605141
X_ev_breakout,20240430,光電業,BULL,多頭弱勢,0.0049379837728678565,0.049692786745434515,0.0975434390625573
X_ev_breakout,20240506,光電業,BULL,多頭弱勢,0.01133788849246288,0.04390157734938964,0.0843170234119984
X_ev_breakout,20240923,光電業,RANGE,盤整強勢,-0.008641190255306375,0.02632339483773161,-0.004150678571397781
X_ev_breakout,20240925,光電業,RANGE,盤整弱勢,0.004259790555952717,0.011817368933575679,0.022424226991153977
X_ev_breakout,20240927,光電業,RANGE,盤整弱勢,0.008299061950458073,0.02017934274937748,0.024611076872798412
X_ev_breakout,20241007,光電業,RANGE,盤整強勢,0.013018408677953805,0.01500157830547385,0.009701137830086727
X_ev_breakout,20241014,光電業,RANGE,盤整強勢,0.025653918627593773,-0.004778070079612735,0.0005615759988411156
X_ev_breakout,20241016,光電業,RANGE,盤整強勢,0.007946355590961332,-0.016133335698015408,-0.027921249481082155
X_ev_breakout,20241101,光電業,RANGE,盤整弱勢,-0.008279725322657243,-0.015080107655897353,-0.015092155506681096
X_ev_breakout,20241105,光電業,RANGE,盤整弱勢,-0.010192139490582432,-0.006955591332915002,-0.02149881271505704
X_ev_breakout,20250217,光電業,RANGE,盤整強勢,0.0015092147357047333,-0.005763489804662389,-0.0348415372383013
X_ev_breakout,20250304,光電業,RANGE,盤整弱勢,-0.005828535329064386,-0.01637317494081606,-0.03207722578565675
X_ev_breakout,20250730,光電業,RANGE,盤整強勢,0.019213701217409288,0.07300003767649682,0.022307966458714436
X_ev_breakout,20250801,光電業,RANGE,盤整強勢,0.011794264160650533,0.04619633353042185,0.003504557380937301
X_ev_breakout,20260107,光電業,RANGE,盤整強勢,0.012594965467205791,0.024246705243803842,0.152181574523724
X_ev_breakout,20260112,光電業,RANGE,盤整強勢,0.026709856455857304,0.005683225573278448,0.17201902253371892
X_ev_breakout,20260225,光電業,BULL,多頭強勢,-0.0012688708315308703,0.028941944257457327,0.2145111596764704
X_ev_breakout,20260312,光電業,BULL,多頭強勢,0.020916943201506208,0.04556815708416717,0.13620936097569408
X_ev_breakout,20260401,光電業,RANGE,盤整弱勢,0.04285895022335301,0.13620404925365265,0.19157388190626565
X_ev_breakout,20260413,光電業,BULL,多頭強勢,0.04476756447131809,0.07211252113985978,0.11276474478777743
X_ev_breakout,20260918,光電業,RANGE,盤整強勢,0.01937986759552776,,
X_ev_breakout,20210721,其他,RANGE,盤整弱勢,-0.002915845717270921,0.017039154579939528,0.019102826243257952
X_ev_breakout,20211029,其他,RANGE,盤整弱勢,-0.000863063926629699,0.00047059519556974863,0.018224389413932597
X_ev_breakout,20220420,其他,RANGE,盤整強勢,0.01603854175726603,0.010373023573743485,0.030846465548807336
X_ev_breakout,20220913,其他,RANGE,盤整強勢,0.0011804223617506125,0.022450227518912347,0.0044730065495239765
X_ev_breakout,20230116,其他,RANGE,盤整強勢,-0.006032281559090837,-0.0038610179121964516,-0.004141364309668716
X_ev_breakout,20230412,其他,BULL,多頭弱勢,-0.006419989779815766,0.0002149714602558482,-0.027113026342387422
X_ev_breakout,20230424,其他,BULL,多頭弱勢,-0.00505573192098779,-0.006819179748481841,-0.04073968017618184
X_ev_breakout,20230427,其他,BULL,多頭強勢,-0.000511848889850279,-0.007663904485464442,-0.05154639234597641
X_ev_breakout,20230508,其他,BULL,多頭弱勢,6.662025921616577e-05,-0.015917053068916623,-0.049039705533624786
X_ev_breakout,20230517,其他,BULL,多頭弱勢,-0.003569154386481463,-0.023361772631857465,-0.026639721500457472
X_ev_breakout,20231114,其他,RANGE,盤整強勢,-0.010600115870296602,-0.01127438058678222,0.02245933165082753
X_ev_breakout,20240124,其他,BULL,多頭強勢,0.0035524541713598985,-0.001896982034342888,-0.0039760418971454825
X_ev_breakout,20240129,其他,BULL,多頭強勢,0.0038409735034563965,0.004005391555417737,-0.006177174905979438
X_ev_breakout,20240327,其他,BULL,多頭強勢,-0.010800214547911397,-0.011490221053456949,-0.016190704388627103
X_ev_breakout,20240418,其他,BULL,多頭強勢,-0.0028545960233444176,-0.009557594340271043,-0.0063485746147635
X_ev_breakout,20240425,其他,BULL,多頭弱勢,0.0001832928417474268,-0.015855141257918863,0.012149374911823954
X_ev_breakout,20241203,其他,RANGE,盤整強勢,-0.002848214484137265,0.02509589431989489,0.016497056276987873
X_ev_breakout,20250205,其他,RANGE,盤整強勢,-0.016782475806649117,-0.014040650002576632,-0.01685788389947307
X_ev_breakout,20250827,其他,RANGE,盤整弱勢,0.02208795790832299,0.010894852212048289,0.012067530942018505
X_ev_breakout,20260114,其他,RANGE,盤整弱勢,-0.00869837784827103,-0.006874995612922459,-0.06528610767334475
X_ev_breakout,20260122,其他,RANGE,盤整弱勢,0.00052098449548953,-0.011773002724203625,-0.06790556189707443
X_ev_breakout,20260126,其他,RANGE,盤整弱勢,0.005376678956003918,-0.022413938783669,-0.068247715693416
X_ev_breakout,20260615,其他,RANGE,盤整強勢,-0.005208003285018463,0.028573576435614114,0.024175472233024794
X_ev_breakout,20260629,其他,RANGE,盤整弱勢,-0.0008623532106143313,0.04006010886688589,0.011898691160297487
X_ev_breakout,20260930,其他,RANGE,盤整強勢,-0.0009542922721171073,,
X_ev_breakout,20211028,其他電子業,RANGE,盤整強勢,0.005712376817123568,0.01141714190902357,0.022824258510498498
X_ev_breakout,20211208,其他電子業,RANGE,盤整弱勢,-0.0012377609112287948,0.00957224487981687,-0.01642106838568015
X_ev_breakout,20230131,其他電子業,RANGE,盤整強勢,0.007656989913065142,0.00017407482862211165,0.016640119044660714
X_ev_breakout,20230324,其他電子業,BULL,多頭強勢,0.0011441290889602513,-0.010487843936929897,-0.01204143045071919
X_ev_breakout,20230331,其他電子業,BULL,多頭弱勢,-0.0010097417445843176,-0.007010975532969262,-0.0021312046948713387
X_ev_breakout,20230427,其他電子業,RANGE,盤整弱勢,-0.0009657049870800891,0.0021829734483370146,0.02369283820288476
X_ev_breakout,20230523,其他電子業,RANGE,盤整弱勢,0.013103657129871438,0.009811346390604658,0.04840193329892014
X_ev_breakout,20230714,其他電子業,BULL,多頭強勢,-0.0026461552339050592,0.012801379379794406,0.0032660257991325853
X_ev_breakout,20230727,其他電子業,BULL,多頭強勢,0.003577261632023994,0.007624501885127984,-0.014728244884537334
X_ev_breakout,20231120,其他電子業,RANGE,盤整強勢,-0.0060268451468996394,-0.0030178634236725857,0.041431494538500827
X_ev_breakout,20240321,其他電子業,BULL,多頭強勢,0.000504504191349577,-0.012155927862845209,0.06001314679189401
X_ev_breakout,20240423,其他電子業,RANGE,盤整弱勢,-0.012801920243365773,0.012410083100737317,0.08728179759681141
X_ev_breakout,20240516,其他電子業,BULL,多頭弱勢,0.026807158817017927,0.06459349161215612,0.09578541571987503
X_ev_breakout,20240925,其他電子業,RANGE,盤整強勢,-0.00898963569662303,0.032353587468658594,0.05282681302519065
X_ev_breakout,20241007,其他電子業,RANGE,盤整弱勢,0.018264503384418117,0.04569369841492973,0.0532598554580622
X_ev_breakout,20241017,其他電子業,RANGE,盤整強勢,0.022073708140171816,0.010630870881215823,0.03608803630876599
X_ev_breakout,20241021,其他電子業,BULL,多頭強勢,0.0056510241769435615,0.0026589252026097895,0.019199324609241605
X_ev_breakout,20250213,其他電子業,RANGE,盤整弱勢,0.010784486165204776,-0.015249491495153273,-0.018371310553023393
X_ev_breakout,20250703,其他電子業,RANGE,盤整弱勢,0.018660524775199493,0.039162365662781896,0.1387090445060759
X_ev_breakout,20250711,其他電子業,RANGE,盤整強勢,0.027135584930026824,0.06719338980900494,0.13723527804886976
X_ev_breakout,20250715,其他電子業,RANGE,盤整強勢,-0.0013016413650416211,0.0682504506008882,0.11722861340506878
X_ev_breakout,20251211,其他電子業,RANGE,盤整強勢,0.001400181141150399,0.026071689689893936,0.0735015845699781
X_ev_breakout,20251219,其他電子業,RANGE,盤整弱勢,0.009190523037185894,0.020070509129851748,0.05989590996850434
X_ev_breakout,20260224,其他電子業,RANGE,盤整強勢,0.0041612360169786325,0.0332471047116387,0.20949969969063686
X_ev_breakout,20260306,其他電子業,BULL,多頭弱勢,0.032349257205907575,0.06607845242476769,0.2145677598425926
X_ev_breakout,20260311,其他電子業,BULL,多頭強勢,0.015265628484791613,0.06416399720726577,0.14672226233172636
X_ev_breakout,20260318,其他電子業,BULL,多頭強勢,0.0018341903483933865,0.0952275419494449,0.12065398885756548
X_ev_breakout,20260325,其他電子業,BULL,多頭強勢,-0.013278208746206147,0.09947129887811595,0.1361604140327628
X_ev_breakout,20260408,其他電子業,BULL,多頭強勢,0.03452602197911467,0.08808908128660899,0.09783091344208754
X_ev_breakout,20260922,其他電子業,RANGE,盤整強勢,0.0276829812970691,,
X_ev_breakout,20210721,化學工業,RANGE,盤整強勢,-0.01555864380562692,0.028929412911946714,0.1537591159912711
X_ev_breakout,20210913,化學工業,RANGE,盤整強勢,-0.0074637317080635,0.048170758254344664,0.06921613632723661
X_ev_breakout,20211013,化學工業,BULL,多頭強勢,0.016438921933780545,0.04671716490819157,0.051748665604170324
X_ev_breakout,20211015,化學工業,BULL,多頭強勢,0.003948831565861474,0.01705951596198179,0.02203208010304651
X_ev_breakout,20211221,化學工業,BULL,多頭強勢,0.01618309509214539,0.010339050446384524,0.05071640514448968
X_ev_breakout,20220322,化學工業,RANGE,盤整強勢,0.01344451996165128,-0.011380558848165346,-0.004660607085104941
X_ev_breakout,20220812,化學工業,RANGE,盤整強勢,0.007388574824119417,0.026945672434315143,-0.024109838839841538
X_ev_breakout,20230201,化學工業,RANGE,盤整弱勢,-0.00176511336794178,-0.028629997814132002,-0.0014256096428528764
X_ev_breakout,20230317,化學工業,RANGE,盤整弱勢,-0.006742803965145823,-0.005035660552610122,0.010459339425646155
X_ev_breakout,20230414,化學工業,BULL,多頭弱勢,0.016256012526137058,0.030673501086596666,0.0011208601049277796
X_ev_breakout,20230424,化學工業,BULL,多頭強勢,0.028111302307010148,-0.0022793847586931038,0.009079483671030238
X_ev_breakout,20230605,化學工業,BULL,多頭弱勢,0.00535479886874232,-0.012959457500919183,0.0034075224335292364
X_ev_breakout,20230607,化學工業,BULL,多頭弱勢,-0.0005669926532459917,-0.014988430735603592,0.006742992923179415
X_ev_breakout,20230613,化學工業,BULL,多頭強勢,-0.01222222182014631,-0.014420364227085558,0.002783523420973537
X_ev_breakout,20230721,化學工業,BULL,多頭強勢,-0.006286418774642836,-0.006159467330445943,0.018276572903014633
X_ev_breakout,20230727,化學工業,BULL,多頭弱勢,-0.004197714238963306,-0.014779294611404252,0.015985750119555553
X_ev_breakout,20231115,化學工業,RANGE,盤整強勢,-0.011763976009249177,-0.025805708764283092,-0.03553282601477632
X_ev_breakout,20240216,化學工業,RANGE,盤整強勢,0.0192843660106446,0.0018319488535066195,0.0023052372157231216
X_ev_breakout,20240429,化學工業,RANGE,盤整弱勢,-0.0037895844801024738,-0.0048072489541555324,0.0015599447937718267
X_ev_breakout,20240829,化學工業,RANGE,盤整強勢,0.0003556223224977506,0.025570486135655907,-0.016481412932718265
X_ev_breakout,20240919,化學工業,RANGE,盤整強勢,-0.02624077392897531,-0.033452969006204966,-0.08281274120822057
X_ev_breakout,20250305,化學工業,RANGE,盤整強勢,-0.015209063991596015,-0.02321122145733201,-0.025803661074598916
X_ev_breakout,20250723,化學工業,RANGE,盤整強勢,0.0035739988908397155,0.019184725221455395,0.0702554408294243
X_ev_breakout,20250812,化學工業,RANGE,盤整弱勢,0.029036239444989325,0.05080168133383857,0.053335836016407775
X_ev_breakout,20250930,化學工業,BULL,多頭強勢,0.008147533270891946,-0.01180416053832281,0.023437060544100344
X_ev_breakout,20251016,化學工業,BULL,多頭弱勢,-0.006869030248826102,-0.016458142003533616,0.07494861778306756
X_ev_breakout,20251219,化學工業,RANGE,盤整強勢,0.009440829392258399,0.044390319357127,0.13794571725599677
X_ev_breakout,20260224,化學工業,BULL,多頭強勢,0.00385625217906075,0.054557117946433455,0.2076443023939798
X_ev_breakout,20260306,化學工業,BULL,多頭強勢,0.0700025491400366,0.05918834467948915,0.22151275730612688
X_ev_breakout,20260311,化學工業,BULL,多頭強勢,0.056239572824352754,0.08147775130434602,0.16950374464693652
X_ev_breakout,20260410,化學工業,BULL,多頭強勢,0.032287471324054295,0.09932765241766489,0.11310979968018425
X_ev_breakout,20260929,化學工業,RANGE,盤整強勢,0.04553313453584897,,
X_ev_breakout,20210721,半導體業,BULL,多頭強勢,-0.026802333894768753,-0.07868721558212112,-0.09324450650988739
X_ev_breakout,20211110,半導體業,RANGE,盤整強勢,0.04823187076389867,0.025414816439318616,-0.043807304309053635
X_ev_breakout,20211229,半導體業,BULL,多頭強勢,-0.05092304446388869,-0.0667665589222304,-0.11747898485060917
X_ev_breakout,20220815,半導體業,RANGE,盤整強勢,-0.005280920686111327,-0.032612395144437645,-0.05147657844188119
X_ev_breakout,20220830,半導體業,RANGE,盤整弱勢,-0.04300072794148873,-0.0882340231471523,-0.027680426483121835
X_ev_breakout,20230201,半導體業,BULL,多頭強勢,0.0059553278737666734,-0.00842886472382598,-0.05056091947633745
X_ev_breakout,20230605,半導體業,RANGE,盤整弱勢,0.02696888716026466,0.02159336117846946,0.037160156285970886
X_ev_breakout,20230607,半導體業,RANGE,盤整弱勢,0.026847509540417824,0.006335202019939129,0.05480548618787888
X_ev_breakout,20230609,半導體業,RANGE,盤整弱勢,0.005175110262624735,-0.00463677467941252,0.04227580810821386
X_ev_breakout,20230628,半導體業,RANGE,盤整弱勢,0.01705097447035105,0.01005132873494372,0.053737117354922426
X_ev_breakout,20230704,半導體業,RANGE,盤整強勢,-0.005380877840946149,-0.012801340140361668,0.030155841177591514
X_ev_breakout,20230914,半導體業,RANGE,盤整強勢,-0.015469392258991962,0.015033193819066447,0.08912144465128263
X_ev_breakout,20231025,半導體業,BULL,多頭強勢,0.009981474830806653,0.05656981407590006,0.06482331246077781
X_ev_breakout,20231030,半導體業,BULL,多頭弱勢,0.014382320156017585,0.06659507487013347,0.08106236676541076
X_ev_breakout,20231102,半導體業,BULL,多頭強勢,-0.003182997894816706,0.07162064394835632,0.07067609888267247
X_ev_breakout,20240201,半導體業,RANGE,盤整強勢,0.013117629808385132,-0.018739713928140042,-0.10701059363277256
X_ev_breakout,20240215,半導體業,BULL,多頭強勢,-0.0004895786583107263,-0.029762072350179778,-0.11217075788954743
X_ev_breakout,20240527,半導體業,RANGE,盤整強勢,-0.006057276182862899,0.022226728890079005,-0.018109500559901043
X_ev_breakout,20240926,半導體業,RANGE,盤整強勢,-0.0007717120458950264,-0.002659704925599582,0.0056630355617381944
X_ev_breakout,20241007,半導體業,RANGE,盤整弱勢,0.013526283650019308,0.005735379648508976,-0.00920540948084194
X_ev_breakout,20241015,半導體業,RANGE,盤整強勢,0.011992749374204326,-0.02854596469400695,-0.018200140997897005
X_ev_breakout,20241021,半導體業,RANGE,盤整強勢,-0.027421974853570744,-0.050661781925628764,-0.03632355682133921
X_ev_breakout,20250214,半導體業,RANGE,盤整弱勢,0.004641415278909114,-0.04121777055383307,-0.08170696671834732
X_ev_breakout,20250611,半導體業,RANGE,盤整強勢,-0.0007825416027218701,0.015671772493490367,0.04958124770793229
X_ev_breakout,20250618,半導體業,RANGE,盤整弱勢,0.02138915048010548,0.03161701370613036,0.06200261090702919
X_ev_breakout,20250624,半導體業,RANGE,盤整強勢,-0.008919443914766345,-0.006194755211032403,0.08399276054117444
X_ev_breakout,20250711,半導體業,RANGE,盤整強勢,0.016770614546459728,-0.00189325641405522,0.12750789030863802
X_ev_breakout,20250716,半導體業,RANGE,盤整強勢,-0.01047871788282273,-0.008602281345781584,0.08296196684473214
X_ev_breakout,20250723,半導體業,RANGE,盤整弱勢,-0.014528572648532953,-0.005129304346308788,0.14808134562787184
X_ev_breakout,20250812,半導體業,RANGE,盤整強勢,-0.009261012333728131,0.05013909741757684,0.14244729785116636
X_ev_breakout,20250821,半導體業,BULL,多頭弱勢,0.03651358103839801,0.11962675375056005,0.12283435097161355
X_ev_breakout,20251009,半導體業,BULL,多頭強勢,0.021935901182586065,0.02929720733965853,0.10124884444465003
X_ev_breakout,20251016,半導體業,BULL,多頭強勢,0.01926405557560964,0.013891519319461264,0.1013768909639023
X_ev_breakout,20251020,半導體業,BULL,多頭強勢,-0.00271192160615204,-0.031668779264155636,0.07725277110185225
X_ev_breakout,20251222,半導體業,BULL,多頭強勢,0.029938908582470863,0.09682514487162353,0.14728811695611843
X_ev_breakout,20260225,半導體業,BULL,多頭強勢,-0.023133399812454374,0.032433073342050256,0.4155584453831471
X_ev_breakout,20260317,半導體業,BULL,多頭強勢,-0.006688343902208779,0.0734147780858468,0.27027457294178386
X_ev_breakout,20260325,半導體業,BULL,多頭弱勢,-0.022708922415328327,0.166663952315322,0.4100516183882019
X_ev_breakout,20260410,半導體業,BULL,多頭強勢,0.06645647358910856,0.24018712401861103,0.27770881860586166
X_ev_breakout,20260618,半導體業,BULL,多頭強勢,-0.046156685147068166,-0.11331166457817898,-0.10621092160022724
X_ev_breakout,20260630,半導體業,BULL,多頭弱勢,-0.019961946754360714,-0.17317929802565082,-0.037399998400655304
X_ev_breakout,20260918,半導體業,RANGE,盤整強勢,0.022293018358636146,,
X_ev_breakout,20210924,塑膠工業,RANGE,盤整強勢,-0.004891626552909485,-0.027947683017523053,-0.08258725247717902
X_ev_breakout,20211007,塑膠工業,RANGE,盤整弱勢,-0.004552481989350778,-0.05167649652697305,-0.0801052825231924
X_ev_breakout,20211229,塑膠工業,RANGE,盤整弱勢,0.02019260439464314,0.027219178120397515,-0.005352261539255077
X_ev_breakout,20220221,塑膠工業,BULL,多頭弱勢,-2.2802910468307236e-05,-0.010015045357587862,-0.04657288097397004
X_ev_breakout,20220302,塑膠工業,BULL,多頭弱勢,-0.013870990497911267,-0.021349759757140204,-0.05879499291540083
X_ev_breakout,20220819,塑膠工業,RANGE,盤整弱勢,0.0008779431466973912,0.0028240943287614097,0.003650354177534121
X_ev_breakout,20220830,塑膠工業,RANGE,盤整弱勢,0.004386334277023125,0.03758681445663618,0.012540632631717251
X_ev_breakout,20221215,塑膠工業,RANGE,盤整強勢,0.011773024663319535,0.014209136985973462,-0.05843956614815958
X_ev_breakout,20221226,塑膠工業,RANGE,盤整強勢,-0.010334276214167859,-0.024012925011355317,-0.06785552418767236
X_ev_breakout,20230109,塑膠工業,RANGE,盤整弱勢,-0.0007062953265205302,-0.040770688123796715,-0.08134993568213805
X_ev_breakout,20230410,塑膠工業,BULL,多頭弱勢,-0.019071465332065215,-0.021870925278503282,-0.06527836256609904
X_ev_breakout,20230518,塑膠工業,BULL,多頭弱勢,-0.005423221274872825,-0.029876870949941042,-0.023933643086154765
X_ev_breakout,20230522,塑膠工業,BULL,多頭弱勢,-0.007261966976638021,-0.027276812431559008,-0.021946105922647015
X_ev_breakout,20230529,塑膠工業,RANGE,盤整弱勢,-0.010538715440098538,-0.011496464155443725,-0.01250102404113065
X_ev_breakout,20230605,塑膠工業,RANGE,盤整弱勢,-0.007448891140983046,-0.020538492124140585,-0.0009323362793915158
X_ev_breakout,20230616,塑膠工業,RANGE,盤整弱勢,0.0131716735645648,-0.009000143168124756,0.02578526929236479
X_ev_breakout,20230620,塑膠工業,RANGE,盤整弱勢,0.0008709894006750209,-0.018411862356866544,0.01929415319774333
X_ev_breakout,20230913,塑膠工業,RANGE,盤整強勢,0.0046236106667965245,0.013005676878918526,-0.025222622997886635
X_ev_breakout,20230918,塑膠工業,RANGE,盤整弱勢,-0.004676818422746009,0.01597476338708077,-0.025972517283741885
X_ev_breakout,20231013,塑膠工業,RANGE,盤整強勢,0.00024335126082687675,-0.017295328787943435,-0.04570299350517548
X_ev_breakout,20231115,塑膠工業,RANGE,盤整弱勢,-0.017499534100337454,-0.04221013863379805,-0.08087667044299358
X_ev_breakout,20240429,塑膠工業,RANGE,盤整弱勢,-0.01276184416734372,-0.030958247140276743,0.002970538579713043
X_ev_breakout,20240502,塑膠工業,RANGE,盤整強勢,-0.02002032471702668,-0.043074723280568425,-0.017974467615423803
X_ev_breakout,20240516,塑膠工業,RANGE,盤整弱勢,-0.015168984775045547,-0.04689628948727696,-0.006593861160834762
X_ev_breakout,20240703,塑膠工業,RANGE,盤整強勢,-0.00036384469502639136,0.038849620352184616,0.027203264219348523
X_ev_breakout,20240711,塑膠工業,RANGE,盤整弱勢,0.016482493374334523,0.01524826006443622,-0.026333426966004117
X_ev_breakout,20240927,塑膠工業,RANGE,盤整強勢,-0.02570063976696343,-0.028576160138772635,-0.10024708311738938
X_ev_breakout,20250320,塑膠工業,RANGE,盤整強勢,-0.009211994014603535,0.007686132013708713,-0.044254104927009416
X_ev_breakout,20250730,塑膠工業,RANGE,盤整強勢,-0.04828179637732155,-0.06263390087899495,-0.029232282299310217
X_ev_breakout,20251023,塑膠工業,RANGE,盤整強勢,-0.012667278650983008,0.060988938511332594,0.043285167779470585
X_ev_breakout,20251106,塑膠工業,RANGE,盤整強勢,0.0365868392292455,0.04489497918099115,0.019187939959046184
X_ev_breakout,20251201,塑膠工業,BULL,多頭強勢,-0.02853185807848959,-0.05558565865492153,0.03370969697337
X_ev_breakout,20251215,塑膠工業,BULL,多頭弱勢,-0.0009222326428644616,-0.002396268873689482,0.107119876552769
X_ev_breakout,20260119,塑膠工業,BULL,多頭弱勢,0.037160326904056434,0.05173543679280207,0.0822512056799407
X_ev_breakout,20260126,塑膠工業,BULL,多頭強勢,-0.018220252046567957,0.051803270389381637,0.0005083437706624779
X_ev_breakout,20260204,塑膠工業,BULL,多頭弱勢,0.01145129048199377,0.06341532619543608,-0.027616101476783395
X_ev_breakout,20260225,塑膠工業,BULL,多頭強勢,0.03741078448846264,0.07432873436339482,-0.07631613060375429
X_ev_breakout,20260303,塑膠工業,BULL,多頭強勢,0.016992327955771797,0.08706293590864701,-0.0684527320696866
X_ev_breakout,20260306,塑膠工業,BULL,多頭強勢,-0.016037696442376136,0.015502143189664874,-0.10962438289696005
X_ev_breakout,20260622,塑膠工業,RANGE,盤整強勢,0.020724734226605365,0.06398974025482296,0.037930040432437785
X_ev_breakout,20260702,塑膠工業,RANGE,盤整強勢,-0.031876334014555335,-0.06271324125176492,-0.022859930713873655
X_ev_breakout,20261007,塑膠工業,RANGE,盤整強勢,,,
X_ev_breakout,20210805,居家生活,RANGE,盤整強勢,-0.003986788032026373,-0.015132554798042444,-0.03582967329551198
X_ev_breakout,20211215,居家生活,RANGE,盤整強勢,-0.007425623803557784,0.008480554853205098,0.051040268272418074
X_ev_breakout,20211221,居家生活,RANGE,盤整弱勢,-0.016712799742202127,0.006314209169656993,0.060766336857969803
X_ev_breakout,20220120,居家生活,RANGE,盤整弱勢,-0.0014413408650032558,0.026640981256889323,0.03933235736027233
X_ev_breakout,20220209,居家生活,BULL,多頭弱勢,0.007470381830465425,0.038003856836421254,0.058721435746822086
X_ev_breakout,20220322,居家生活,BULL,多頭弱勢,0.00967722136042235,-0.013764952475199366,0.0025356422575742096
X_ev_breakout,20220819,居家生活,RANGE,盤整弱勢,0.01143018728374775,0.011291783012189253,0.004149266772640936
X_ev_breakout,20220823,居家生活,RANGE,盤整強勢,-0.0015414499249323706,0.0024652884404306012,0.005198427523873721
X_ev_breakout,20230104,居家生活,RANGE,盤整強勢,0.014586770429562787,0.004026895061090059,0.013267220270775787
X_ev_breakout,20230410,居家生活,BULL,多頭弱勢,-0.008569892425236033,-0.013936749968450258,-0.032046177602118975
X_ev_breakout,20230428,居家生活,BULL,多頭弱勢,0.004087907770754606,-0.006160429352631487,-0.039550847143901384
X_ev_breakout,20230504,居家生活,BULL,多頭強勢,0.006637470282204766,-0.019843108876667254,-0.028787997722915175
X_ev_breakout,20230522,居家生活,BULL,多頭弱勢,-0.008015123508216503,-0.02362799587872423,-0.02228150980213662
X_ev_breakout,20230529,居家生活,BULL,多頭弱勢,-0.01643950672583349,-0.011702907172899485,-0.004969389157997186
X_ev_breakout,20230601,居家生活,BULL,多頭弱勢,-0.004365292901881455,0.006403077520269678,0.005933340056150926
X_ev_breakout,20230607,居家生活,BULL,多頭弱勢,0.0005203205037490706,0.00627055266839231,-0.010264685783631777
X_ev_breakout,20230613,居家生活,BULL,多頭強勢,-0.005562764412717629,0.0008286334165746086,-0.0043380371945449595
X_ev_breakout,20230628,居家生活,BULL,多頭強勢,0.0009200045641921281,-0.020473123290118654,0.0002973008056204596
X_ev_breakout,20231012,居家生活,RANGE,盤整強勢,0.01681912974045676,0.023748148540899322,0.019534872380939913
X_ev_breakout,20231025,居家生活,RANGE,盤整弱勢,0.004192206266361481,-0.014056299539164263,0.011440644626540306
X_ev_breakout,20231030,居家生活,RANGE,盤整強勢,-0.0030278643359931204,-0.02771454079284444,-0.009464683024942216
X_ev_breakout,20231101,居家生活,RANGE,盤整強勢,-0.00032482364613282966,-0.030281308372875737,0.001092695949888367
X_ev_breakout,20240219,居家生活,BULL,多頭弱勢,-0.004760694973439541,0.031613321078874684,0.05821149665312232
X_ev_breakout,20240328,居家生活,BULL,多頭弱勢,0.0015315527593441902,0.0192475477306255,-0.006930588411981853
X_ev_breakout,20240604,居家生活,BULL,多頭弱勢,-0.003962289950110367,-0.04121515135366925,0.01587158042540365
X_ev_breakout,20240801,居家生活,RANGE,盤整強勢,0.01973373578762297,0.011273455570690783,0.0010884269793007533
X_ev_breakout,20240816,居家生活,RANGE,盤整弱勢,-0.005032529003026101,-0.00359134779657652,-0.017875732086284964
X_ev_breakout,20240927,居家生活,BULL,多頭弱勢,0.018382886639508076,-0.0051149212815228134,-0.024684491947688722
X_ev_breakout,20241007,居家生活,BULL,多頭弱勢,-1.8665756277383774e-05,-0.012077786524245881,-0.02137039773231799
X_ev_breakout,20260119,居家生活,RANGE,盤整弱勢,-0.01317910077004583,-0.040658753094100775,-0.08944083765121959
X_ev_breakout,20210928,建材營造,RANGE,盤整強勢,0.012547925473427847,-0.0022629447629761296,-0.050168940478732785
X_ev_breakout,20210930,建材營造,RANGE,盤整弱勢,0.005041009316250083,-0.016982757145104166,-0.050932297583930294
X_ev_breakout,20211027,建材營造,BULL,多頭強勢,-0.0095543902569408,-0.0096830576651699,-0.02874545563567249
X_ev_breakout,20211103,建材營造,BULL,多頭弱勢,0.007834898981465502,-0.001786222376966391,-0.015910306317693163
X_ev_breakout,20211229,建材營造,RANGE,盤整弱勢,7.352798045216595e-05,0.0187086811418131,0.012306332671991415
X_ev_breakout,20220303,建材營造,RANGE,盤整弱勢,0.005780347685130041,0.0001910699061301955,0.01590871256274899
X_ev_breakout,20220321,建材營造,RANGE,盤整弱勢,-0.0053035121860234916,-0.01363923589848462,0.01704775694912529
X_ev_breakout,20230131,建材營造,RANGE,盤整弱勢,0.00166942685075973,-0.013693697716877978,-0.009253015187624072
X_ev_breakout,20230324,建材營造,BULL,多頭弱勢,0.009807972902466518,0.009512234877249082,-0.0020604136111287835
X_ev_breakout,20230330,建材營造,BULL,多頭弱勢,0.003993064610639464,-0.007142213229305472,-0.011521629444560519
X_ev_breakout,20230504,建材營造,BULL,多頭弱勢,0.017861923143583175,0.008989032595486484,0.006063172621386566
X_ev_breakout,20230512,建材營造,BULL,多頭強勢,-0.004334338304924475,-0.007093153545437353,0.011649417506171125
X_ev_breakout,20230904,建材營造,RANGE,盤整弱勢,-0.0003028401366979641,0.015905839921436255,0.047687989362200485
X_ev_breakout,20230914,建材營造,RANGE,盤整弱勢,0.010952432365873902,0.032981193675925356,0.07401851396887688
X_ev_breakout,20230928,建材營造,RANGE,盤整弱勢,0.005669418211082783,0.020475581212433466,0.06289079676370295
X_ev_breakout,20231005,建材營造,BULL,多頭弱勢,0.013601671037913977,0.019867285422983175,0.07610055921866768
X_ev_breakout,20231024,建材營造,RANGE,盤整弱勢,0.005160115487233115,0.031112319919304805,0.07726793824798778
X_ev_breakout,20231103,建材營造,BULL,多頭弱勢,0.007347675886502147,0.01556686156941748,0.09241846775248555
X_ev_breakout,20240129,建材營造,BULL,多頭強勢,0.012193984812356267,0.0516438840113545,0.31591758687037463
X_ev_breakout,20240715,建材營造,BULL,多頭強勢,0.031434661118714874,0.05562063285796654,-0.12225101970499316
X_ev_breakout,20240812,建材營造,RANGE,盤整弱勢,-0.0017239658219987998,-0.06503499977503122,-0.17533005278018277
X_ev_breakout,20250213,建材營造,RANGE,盤整弱勢,0.018762160167831943,0.009394810956530868,-0.005438179891175968
X_ev_breakout,20250521,建材營造,RANGE,盤整強勢,-0.006585640546857148,-0.026211992369136954,-0.100169468402281
X_ev_breakout,20250904,建材營造,RANGE,盤整強勢,-0.011096739938192171,-0.052732953133524184,-0.04372632544236259
X_ev_breakout,20250912,建材營造,RANGE,盤整弱勢,-0.024362891069762714,-0.043612940123736746,-0.03619769292543072
X_ev_breakout,20251218,建材營造,RANGE,盤整強勢,-0.000937009794766179,-0.06221407610954952,-0.10608701820128556
X_ev_breakout,20210721,數位雲端,BULL,多頭強勢,0.01759590855693623,-0.004299924203475705,0.17862492368589752
X_ev_breakout,20210913,數位雲端,RANGE,盤整強勢,0.055297210917818335,0.1213161397645239,0.1141529865823801
X_ev_breakout,20211209,數位雲端,BULL,多頭弱勢,0.0340638093396391,0.02908251549336446,-0.07745125156430856
X_ev_breakout,20220815,數位雲端,RANGE,盤整強勢,-0.013615066989762918,-0.017763773396013035,-0.07687398683174679
X_ev_breakout,20230104,數位雲端,RANGE,盤整強勢,0.0047122634353719975,0.031624110822469804,0.03721024251394758
X_ev_breakout,20230419,數位雲端,BULL,多頭強勢,-0.01817996779072542,-0.00972977041538905,-0.06729324877372979
X_ev_breakout,20230428,數位雲端,BULL,多頭強勢,0.031217025758789242,-0.034982414453353136,-0.07982534563544946
X_ev_breakout,20231122,數位雲端,RANGE,盤整強勢,0.022581731175874434,0.03209555839517468,-0.006199570541195153
X_ev_breakout,20231127,數位雲端,RANGE,盤整弱勢,0.0324549787308107,0.037102850844417896,-0.028846412911450417
X_ev_breakout,20231226,數位雲端,BULL,多頭強勢,-0.003326540316604026,-0.019833266188876583,-0.1197686539594518
X_ev_breakout,20240105,數位雲端,BULL,多頭弱勢,-0.004841927207811991,-0.016587555282090015,-0.13830969251617686
X_ev_breakout,20240620,數位雲端,RANGE,盤整弱勢,0.004642761357593646,0.009889629754198763,-0.0196533063068015
X_ev_breakout,20240919,數位雲端,RANGE,盤整強勢,-0.008435131547191915,0.05584019298981792,0.13498881678061148
X_ev_breakout,20241122,數位雲端,BULL,多頭強勢,-0.008664553147123801,0.006405404226979626,0.022328483943597204
X_ev_breakout,20241205,數位雲端,BULL,多頭強勢,0.02070147534467427,0.011025298912180875,0.005954241191380362
X_ev_breakout,20250206,數位雲端,RANGE,盤整強勢,-0.03309024855032465,-0.05338350792319131,0.012406133373071268
X_ev_breakout,20250624,數位雲端,RANGE,盤整強勢,0.010271318703373777,0.00731500915765116,0.005679116938813629
X_ev_breakout,20250709,數位雲端,RANGE,盤整弱勢,0.019338993213470754,0.023978568682681584,-0.017703035498260772
X_ev_breakout,20250711,數位雲端,RANGE,盤整強勢,0.014208361424082494,0.021864244174140592,-0.01624888555341724
X_ev_breakout,20250804,數位雲端,BULL,多頭強勢,-0.000659085616926092,-0.03349649850326762,-0.07450500376844844
X_ev_breakout,20260416,數位雲端,RANGE,盤整弱勢,0.0017537807365034554,0.00485121120305252,0.026383444725634336
X_ev_breakout,20260521,數位雲端,RANGE,盤整強勢,0.013307068490555008,-0.008316649736805078,-0.023433466878293046
X_ev_breakout,20260917,數位雲端,RANGE,盤整強勢,0.0005429242179216711,,
X_ev_breakout,20211110,文化創意業,RANGE,盤整強勢,0.002247890807834045,-0.028050503051874648,0.09607290014209349
X_ev_breakout,20211125,文化創意業,RANGE,盤整弱勢,-0.034211048512477645,0.07777973572331517,0.0905654039301062
X_ev_breakout,20211213,文化創意業,RANGE,盤整強勢,0.06527840969702448,0.06533315229374852,0.04121575118378655
X_ev_breakout,20220324,文化創意業,RANGE,盤整弱勢,0.0029158518063831518,-0.027219437219437318,-0.003981022670126469
X_ev_breakout,20220330,文化創意業,RANGE,盤整弱勢,-0.016830350233263333,-0.027247882562428886,0.005467693401924004
X_ev_breakout,20220401,文化創意業,RANGE,盤整強勢,0.002334506607431051,-0.014278264327762573,0.034437811556273734
X_ev_breakout,20220817,文化創意業,RANGE,盤整強勢,-0.034394427135898416,-0.052593743128306406,-0.018452015028782125
X_ev_breakout,20221206,文化創意業,RANGE,盤整強勢,0.010245001480961035,0.064446606228865,0.02061641611919797
X_ev_breakout,20221209,文化創意業,RANGE,盤整強勢,0.03242683511987469,0.05809266064612526,0.00517656597080246
X_ev_breakout,20230303,文化創意業,BULL,多頭弱勢,-0.0017277437669589585,0.020411732594329622,0.014017288876389727
X_ev_breakout,20230322,文化創意業,RANGE,盤整強勢,0.017677652540989627,-0.001769546705248844,0.003373331628706136
X_ev_breakout,20230324,文化創意業,RANGE,盤整強勢,0.006956585740438366,-0.025481141613589366,0.04688971161673512
X_ev_breakout,20230414,文化創意業,BULL,多頭弱勢,0.015788843219948882,0.024147853532239527,0.05015704173430206
X_ev_breakout,20230503,文化創意業,BULL,多頭強勢,0.004340628584985989,-0.016104724282409333,-0.055268225173734344
X_ev_breakout,20230517,文化創意業,BULL,多頭弱勢,-0.02626952916103535,-0.0008771065241720624,-0.029925902636596127
X_ev_breakout,20230601,文化創意業,BULL,多頭強勢,0.01600021140424537,-0.005999085708153346,-0.03361388595249898
X_ev_breakout,20231016,文化創意業,RANGE,盤整強勢,0.024771458163920342,0.041085796291746815,0.11370673139661969
X_ev_breakout,20240312,文化創意業,RANGE,盤整強勢,-0.000924534512550789,0.015040803065359432,0.035892211161867166
X_ev_breakout,20240318,文化創意業,RANGE,盤整弱勢,-0.013403112644379189,-0.0030213876697532463,0.057369405840783816
X_ev_breakout,20240327,文化創意業,RANGE,盤整弱勢,0.023377237741115622,0.004002415327197507,0.08234131419057869
X_ev_breakout,20240429,文化創意業,BULL,多頭弱勢,0.021193380909760303,0.018287033226247015,0.09165158505709589
X_ev_breakout,20240502,文化創意業,BULL,多頭弱勢,0.009465132307066762,0.00678320867114475,0.059620284430413076
X_ev_breakout,20240923,文化創意業,RANGE,盤整弱勢,-0.0017452852521896104,-0.0204496882131846,-0.052876453265211454
X_ev_breakout,20240926,文化創意業,RANGE,盤整強勢,-0.0050648004600630046,-0.017753239854931768,-0.05902418067013082
X_ev_breakout,20250220,文化創意業,RANGE,盤整弱勢,-0.002749271659451824,-0.004438514802929099,0.13424001602182803
X_ev_breakout,20250506,文化創意業,RANGE,盤整強勢,-0.014430954531445911,-0.035039898099070196,-0.07312189093568225
X_ev_breakout,20251022,文化創意業,RANGE,盤整強勢,-0.004127492357801507,-0.033761247370484374,-0.09761615593251063
X_ev_breakout,20260128,文化創意業,RANGE,盤整強勢,-0.008527743318537302,-0.01113653267265488,-0.11705116957721153
X_ev_breakout,20260827,文化創意業,RANGE,盤整弱勢,0.001112618848832922,-0.0010522059557058565,
X_ev_breakout,20211209,橡膠工業,RANGE,盤整弱勢,-0.0017677743294916494,-0.01690210107036275,-0.004739494667293085
X_ev_breakout,20211220,橡膠工業,RANGE,盤整強勢,-0.005201798881412523,-0.01870039319532809,-0.044205405629616855
X_ev_breakout,20230210,橡膠工業,RANGE,盤整強勢,-0.000597155742370091,-0.017641347389708073,-0.06560853595461671
X_ev_breakout,20230217,橡膠工業,RANGE,盤整弱勢,-0.013917419039788685,-0.03344346616553062,-0.07933708214152672
X_ev_breakout,20230321,橡膠工業,RANGE,盤整弱勢,0.01171780353073671,-0.026457812214640906,-0.059943132030408214
X_ev_breakout,20230524,橡膠工業,RANGE,盤整弱勢,-0.02085460829844136,-0.014352333229156217,-0.03395660392147034
X_ev_breakout,20230613,橡膠工業,RANGE,盤整弱勢,0.0070388099970064635,-0.036246923562319365,-0.0034885429420359396
X_ev_breakout,20230615,橡膠工業,RANGE,盤整弱勢,-0.007296482790325696,-0.048534232827120966,-0.01412814874830514
X_ev_breakout,20231115,橡膠工業,RANGE,盤整強勢,-0.0024690595069283387,-0.01608220007466385,-0.06475467962940591
X_ev_breakout,20231117,橡膠工業,RANGE,盤整弱勢,0.012520079833420555,-0.010757647354731122,-0.0690693772977905
X_ev_breakout,20240327,橡膠工業,RANGE,盤整弱勢,-0.015607833422272939,0.03317039540070869,0.009119933594891744
X_ev_breakout,20240409,橡膠工業,RANGE,盤整弱勢,0.014989323117285262,0.027985498872319714,0.007819838955736486
X_ev_breakout,20240708,橡膠工業,BULL,多頭強勢,-0.003863091946269535,0.030535973866302912,0.003026129437409448
X_ev_breakout,20240712,橡膠工業,BULL,多頭強勢,-0.004086008607314763,0.043798919324323,-0.008849187916392644
X_ev_breakout,20240718,橡膠工業,BULL,多頭弱勢,0.01778683445271357,0.023506851942092424,-0.008974890353989413
X_ev_breakout,20250723,橡膠工業,RANGE,盤整強勢,0.0031752398663467815,-0.03732991561198021,-0.09226144677135358
X_ev_breakout,20250728,橡膠工業,RANGE,盤整強勢,-0.016952322763743338,-0.05064041328997291,-0.1070125778720725
X_ev_breakout,20251201,橡膠工業,RANGE,盤整弱勢,0.00471285849036627,-0.022368364686400063,-0.01247103761143243
X_ev_breakout,20260119,橡膠工業,RANGE,盤整弱勢,0.004089722163925865,0.045588483956291725,-0.002319663043447234
X_ev_breakout,20260126,橡膠工業,RANGE,盤整弱勢,-0.01762252925178686,0.030068384729913064,-0.031514217264432785
X_ev_breakout,20260223,橡膠工業,RANGE,盤整強勢,-0.017425513129119496,-0.028163112570093407,-0.10395047563909884
X_ev_breakout,20260306,橡膠工業,BULL,多頭弱勢,-0.02313504212355395,-0.00485820802646102,-0.07936073313212175
X_ev_breakout,20260603,橡膠工業,RANGE,盤整強勢,0.014029975998210854,-0.005152754179376759,0.041805684868372356
X_ev_breakout,20260703,橡膠工業,RANGE,盤整強勢,0.021540464588337298,0.02889535417822689,0.008665775351506595
X_ev_breakout,20260715,橡膠工業,RANGE,盤整強勢,-0.002042492365593916,0.014269383467992832,
X_ev_breakout,20260811,橡膠工業,BULL,多頭強勢,-0.009055146343657883,-0.01881863353546364,
X_ev_breakout,20260821,橡膠工業,BULL,多頭強勢,-0.014676490152944081,-0.040725007530193744,
X_ev_breakout,20260826,橡膠工業,BULL,多頭強勢,-0.0005140243652330869,-0.023526516213820407,
X_ev_breakout,20220317,水泥工業,RANGE,盤整強勢,0.00335071681501207,-0.03197957423221445,-0.038983440877445395
X_ev_breakout,20221130,水泥工業,RANGE,盤整弱勢,-0.002877559432254125,0.007796706120792023,-0.012149133787300995
X_ev_breakout,20230111,水泥工業,RANGE,盤整強勢,-0.009370761885040331,0.012468032367149454,0.03649695626149632
X_ev_breakout,20230412,水泥工業,BULL,多頭強勢,-0.014183480274461296,0.0236517626741033,-0.008175300191444287
X_ev_breakout,20230609,水泥工業,BULL,多頭強勢,0.008416753066029955,-0.006839162524154324,-0.03869134379867511
X_ev_breakout,20231115,水泥工業,RANGE,盤整強勢,-0.005522702714309224,-0.011093046844120574,-0.07875824065871802
X_ev_breakout,20240329,水泥工業,RANGE,盤整弱勢,0.012193320791344279,0.046483590641792104,-0.0060747817211257715
X_ev_breakout,20240624,水泥工業,BULL,多頭強勢,-0.0069115247053882075,-0.02763806257245634,-0.031960434856294594
X_ev_breakout,20240701,水泥工業,BULL,多頭弱勢,-0.007177559736422227,-0.006787706981004103,-0.022649033137251452
X_ev_breakout,20251127,水泥工業,RANGE,盤整強勢,-0.008564480811200405,-0.025605275156971485,-0.062207227903419156
X_ev_breakout,20260119,水泥工業,RANGE,盤整弱勢,-0.006075771143820656,0.0028826164003946074,-0.039687559540635645
X_ev_breakout,20260225,水泥工業,BULL,多頭弱勢,-0.014178224420233025,-0.031006563264412205,-0.11752652755616431
X_ev_breakout,20211025,汽車工業,RANGE,盤整強勢,-0.019917381554492616,-0.034439932898882086,-0.021934579275890667
X_ev_breakout,20211103,汽車工業,RANGE,盤整弱勢,-0.013433999014849648,-0.008472479623505098,0.009256145691017986
X_ev_breakout,20211109,汽車工業,RANGE,盤整弱勢,-0.00530631041655997,0.005589031366077003,0.008466952613337762
X_ev_breakout,20211122,汽車工業,RANGE,盤整弱勢,0.009731409757263965,-0.001413489198183692,0.013645796974221306
X_ev_breakout,20211125,汽車工業,RANGE,盤整弱勢,0.0016565934932218267,0.0019716986372823944,-0.0074398072655109115
X_ev_breakout,20211201,汽車工業,RANGE,盤整強勢,0.008047001923953957,-0.0008144627666490378,-0.019094774677828733
X_ev_breakout,20211203,汽車工業,RANGE,盤整弱勢,0.0029083178334301137,0.005260672488256006,-0.02972589138385551
X_ev_breakout,20220523,汽車工業,RANGE,盤整強勢,0.002948426861428363,0.027777877403346262,0.06813655879636554
X_ev_breakout,20220621,汽車工業,RANGE,盤整強勢,0.016416294648700577,0.020068051272394652,0.07380399266580079
X_ev_breakout,20220801,汽車工業,RANGE,盤整強勢,-0.013566965021733098,0.010904176877905937,-0.003913389871542702
X_ev_breakout,20220812,汽車工業,RANGE,盤整弱勢,-0.010258231516662334,0.033739994978815774,-0.0037533508789410336
X_ev_breakout,20220927,汽車工業,RANGE,盤整弱勢,-0.017237157437899435,-0.03943652345490914,-0.06771451127086546
X_ev_breakout,20230130,汽車工業,RANGE,盤整強勢,0.005272636290217295,-0.0032964269823274883,0.01669787339937727
X_ev_breakout,20230323,汽車工業,BULL,多頭強勢,-0.003955099595389226,-0.002216965017748063,0.057119893680421585
X_ev_breakout,20230330,汽車工業,BULL,多頭弱勢,0.013184528566952559,-0.008904756725389873,0.057920510839782516
X_ev_breakout,20230426,汽車工業,RANGE,盤整弱勢,-0.018512503392093167,0.0044706911231526016,0.02341573785552961
X_ev_breakout,20230518,汽車工業,BULL,多頭強勢,-0.006871679044979095,0.04318841727914016,0.003342583535492206
X_ev_breakout,20230522,汽車工業,BULL,多頭強勢,0.0057897637158981574,0.0340221107343117,0.0122853919655651
X_ev_breakout,20230529,汽車工業,BULL,多頭弱勢,0.007712538096946837,0.027876072739041774,0.004110685041329585
X_ev_breakout,20231012,汽車工業,RANGE,盤整強勢,-0.006547515771036495,-0.0251857043672217,-0.07532035288999002
X_ev_breakout,20231025,汽車工業,RANGE,盤整強勢,-0.01708168213973708,-0.025045345066527835,-0.09092271864738828
X_ev_breakout,20231117,汽車工業,BULL,多頭強勢,-0.01939838820428504,-0.029932212525716047,-0.07971409536052065
X_ev_breakout,20231128,汽車工業,BULL,多頭弱勢,0.0057483973381263,-0.020413105879552227,-0.060065426318407805
X_ev_breakout,20240321,汽車工業,RANGE,盤整強勢,-0.005915561148565105,-0.03479048398646785,-0.04020699242733433
X_ev_breakout,20240328,汽車工業,RANGE,盤整弱勢,-0.00018740740994177552,-0.01708970381645151,-0.058030170887323596
X_ev_breakout,20240418,汽車工業,RANGE,盤整弱勢,0.010636672989079839,0.028415648201480563,-0.027699936965006985
X_ev_breakout,20240502,汽車工業,BULL,多頭強勢,0.007274575025902299,0.012407596011072289,-0.06463975470982157
X_ev_breakout,20250212,汽車工業,RANGE,盤整強勢,-0.005743421238495489,-0.007717610264329714,-0.044854565002403764
X_ev_breakout,20250812,汽車工業,RANGE,盤整強勢,-0.004902601947894508,0.0026949829362970072,-0.01461243378562917
X_ev_breakout,20250821,汽車工業,RANGE,盤整弱勢,0.016568653504484818,0.025491023754556762,0.01130167732968957
X_ev_breakout,20250825,汽車工業,RANGE,盤整弱勢,0.015218970657468914,0.0205153009943347,0.009356790671682401
X_ev_breakout,20251222,汽車工業,RANGE,盤整強勢,-0.001133680674409528,0.0030353731804029296,-0.07869207056326576
X_ev_breakout,20260114,汽車工業,RANGE,盤整弱勢,0.018697428258140095,-0.015006283994366073,-0.05353576658600857
X_ev_breakout,20260528,汽車工業,RANGE,盤整強勢,-0.03432860293963608,-0.030816583337292563,-0.057295351687968274
X_ev_breakout,20260616,汽車工業,RANGE,盤整強勢,-0.011069650862681125,-0.0039264684779349995,-0.042547665563796945
X_ev_breakout,20260701,汽車工業,RANGE,盤整強勢,-0.00715870370540053,-0.018877563336158906,-0.04582153827401722
X_ev_breakout,20260923,汽車工業,RANGE,盤整強勢,-0.00400756418582332,,
X_ev_breakout,20260929,汽車工業,RANGE,盤整強勢,-0.004543962639422338,,
X_ev_breakout,20210901,油電燃氣業,RANGE,盤整弱勢,0.006755980015142183,0.04146977641055417,-0.01942489842446924
X_ev_breakout,20210914,油電燃氣業,RANGE,盤整弱勢,0.0047955716523736865,0.031246344406373652,-0.05674404390171833
X_ev_breakout,20210917,油電燃氣業,RANGE,盤整弱勢,0.0304292223053466,0.013199006721514158,-0.06440660213791617
X_ev_breakout,20210924,油電燃氣業,RANGE,盤整弱勢,0.025701228698453087,0.009467832724221678,-0.07439008496449173
X_ev_breakout,20220208,油電燃氣業,RANGE,盤整弱勢,0.00825306561813667,0.016779967555759615,0.06209207163346127
X_ev_breakout,20220818,油電燃氣業,RANGE,盤整弱勢,-0.002909295638070141,0.005029349465035811,0.005048424709350768
X_ev_breakout,20230109,油電燃氣業,RANGE,盤整弱勢,-0.008975713017268934,-0.015406199598209235,0.006494789265143075
X_ev_breakout,20230112,油電燃氣業,RANGE,盤整弱勢,-0.008409949860301219,-0.015185283563695973,0.010496143813066391
X_ev_breakout,20230130,油電燃氣業,RANGE,盤整弱勢,-0.0001550429147179587,-0.0054108947988531775,-0.010554285710831793
X_ev_breakout,20230517,油電燃氣業,BULL,多頭強勢,-0.009000623610231281,-0.033190048146726776,-0.0397618428909894
X_ev_breakout,20230612,油電燃氣業,RANGE,盤整強勢,-0.010142098637871725,-0.01460397189570953,-0.010540815624707843
X_ev_breakout,20230630,油電燃氣業,BULL,多頭弱勢,-0.02072034390252972,-0.014625967851174562,-0.011898054988580535
X_ev_breakout,20240229,油電燃氣業,RANGE,盤整強勢,-0.005335147312471507,-0.02898746854563856,-0.10018085672131619
X_ev_breakout,20250702,油電燃氣業,RANGE,盤整強勢,0.009994321736744673,-0.006370628928681225,-0.0455262256421336
X_ev_breakout,20250718,油電燃氣業,BULL,多頭強勢,-0.0192413458478696,-0.05972998709493724,-0.07928239278090908
X_ev_breakout,20250723,油電燃氣業,BULL,多頭弱勢,-0.006875023286846569,-0.03711319778604019,-0.06771237228129796
X_ev_breakout,20260225,油電燃氣業,RANGE,盤整弱勢,0.16135694659567063,0.06979300178267167,-0.013566097534592803
X_ev_breakout,20260624,油電燃氣業,RANGE,盤整弱勢,-0.010516918645858173,0.05375989176490225,0.029471814939980252
X_ev_breakout,20260703,油電燃氣業,RANGE,盤整弱勢,0.024576355460241443,0.050720563838344696,0.03841938726027228
X_ev_breakout,20260715,油電燃氣業,RANGE,盤整強勢,0.027494167584902897,-0.01415156103121568,
X_ev_breakout,20260907,油電燃氣業,RANGE,盤整強勢,0.018899664548639773,0.005257022816043254,
X_ev_breakout,20260909,油電燃氣業,RANGE,盤整強勢,0.004928675407155003,,
X_ev_breakout,20260917,油電燃氣業,RANGE,盤整強勢,0.004790314337340775,,
X_ev_breakout,20210723,玻璃陶瓷,RANGE,盤整弱勢,-0.009409061813948516,-0.02225657613175007,-0.04075670852136841
X_ev_breakout,20210927,玻璃陶瓷,RANGE,盤整強勢,-0.004340764593538826,-0.030842492482233527,0.002132192211931158
X_ev_breakout,20210930,玻璃陶瓷,RANGE,盤整強勢,0.009666589596092807,-0.005132511815057972,0.021142183288097208
X_ev_breakout,20211110,玻璃陶瓷,RANGE,盤整強勢,-0.004565186702061082,-0.0068164960470400715,-0.0899415280150618
X_ev_breakout,20211117,玻璃陶瓷,RANGE,盤整弱勢,-0.01870099106098126,0.004399079808027326,-0.08481679237626201
X_ev_breakout,20211122,玻璃陶瓷,RANGE,盤整強勢,-0.009454000387631644,0.022579976065410113,-0.06662749700506732
X_ev_breakout,20211124,玻璃陶瓷,RANGE,盤整弱勢,-0.005391004861795268,0.03578910651666872,-0.05953662945595185
X_ev_breakout,20211213,玻璃陶瓷,RANGE,盤整強勢,0.005355805919595506,-0.049151119067283824,-0.046526237994058375
X_ev_breakout,20211215,玻璃陶瓷,RANGE,盤整強勢,0.011341617125260646,-0.052838077565376944,-0.04595459581979418
X_ev_breakout,20221101,玻璃陶瓷,RANGE,盤整強勢,0.030348741643770237,0.14458149300601292,0.09100997727060711
X_ev_breakout,20221104,玻璃陶瓷,RANGE,盤整強勢,-0.019630021472445764,0.06972250152529524,0.04278677137972234
X_ev_breakout,20221215,玻璃陶瓷,BULL,多頭強勢,-0.06780820369307783,-0.06654328386935816,-0.14210066160103396
X_ev_breakout,20230414,玻璃陶瓷,RANGE,盤整強勢,0.0063679333729570395,-0.04793121895489588,-0.06497234573694573
X_ev_breakout,20230616,玻璃陶瓷,BULL,多頭強勢,-0.03413724449532877,-0.06865199450337583,-0.04343545127715443
X_ev_breakout,20231226,玻璃陶瓷,RANGE,盤整強勢,-0.020444438094694834,0.0003731575410769322,-0.003407466583692724
X_ev_breakout,20240216,玻璃陶瓷,BULL,多頭強勢,0.055796741123118894,-0.03245915709325859,-0.0774229595751969
X_ev_breakout,20240523,玻璃陶瓷,RANGE,盤整強勢,-0.03005620366629811,-0.05690492412320441,-0.0671857603437223
X_ev_breakout,20240628,玻璃陶瓷,RANGE,盤整強勢,0.0003565926996800771,0.014678968764095805,-0.018879482562972675
X_ev_breakout,20240703,玻璃陶瓷,RANGE,盤整強勢,-0.008721763859818396,-0.008912150977851169,0.021471468418311747
X_ev_breakout,20240723,玻璃陶瓷,RANGE,盤整弱勢,0.003967873703019872,-0.03937984393759883,-0.03099037407033358
X_ev_breakout,20240801,玻璃陶瓷,RANGE,盤整強勢,-0.025115986686706532,-0.05115398382999684,-0.044154122481523644
X_ev_breakout,20240925,玻璃陶瓷,RANGE,盤整弱勢,0.06091289281668133,0.003110547599147551,-0.007872503244931058
X_ev_breakout,20241016,玻璃陶瓷,RANGE,盤整弱勢,-0.014268969182079002,-0.011300479060269722,-0.023774993320181348
X_ev_breakout,20241021,玻璃陶瓷,RANGE,盤整強勢,-0.0036453825524481315,-0.00038684607560702383,-0.018433175193795018
X_ev_breakout,20250319,玻璃陶瓷,RANGE,盤整強勢,0.009323004368037324,0.06396388518700213,0.017781811656756297
X_ev_breakout,20250324,玻璃陶瓷,RANGE,盤整強勢,0.01422621844030763,0.038505295113695534,0.011515312992485496
X_ev_breakout,20250528,玻璃陶瓷,RANGE,盤整強勢,0.004939100569579792,0.005809825549618227,0.19608025580677071
X_ev_breakout,20250724,玻璃陶瓷,RANGE,盤整強勢,0.06077246682849695,0.17623438027670366,0.11513551621599039
X_ev_breakout,20251113,玻璃陶瓷,RANGE,盤整強勢,-0.02404509667554311,-0.019294958973687094,0.07482061106573135
X_ev_breakout,20251229,玻璃陶瓷,RANGE,盤整強勢,0.008138761704393496,0.15079727021527817,0.18122738730780408
X_ev_breakout,20260109,玻璃陶瓷,RANGE,盤整強勢,0.1147497866457124,0.08942166603705445,0.2064729789695096
X_ev_breakout,20260302,玻璃陶瓷,BULL,多頭強勢,-0.0533698693820839,-0.05270049101545313,0.08725211413253142
X_ev_breakout,20260417,玻璃陶瓷,BULL,多頭強勢,-0.033947280612332174,0.07541660397114058,0.15848671163855443
X_ev_breakout,20260505,玻璃陶瓷,RANGE,盤整強勢,0.024479677501919168,0.07935552133095465,0.001106210800882846
X_ev_breakout,20260924,玻璃陶瓷,RANGE,盤整強勢,-0.006607345009616461,,
X_ev_breakout,20260930,玻璃陶瓷,RANGE,盤整強勢,0.0011231115301734932,,
X_ev_breakout,20261007,玻璃陶瓷,RANGE,盤整弱勢,,,
X_ev_breakout,20211118,生技醫療業,RANGE,盤整強勢,0.019572703052850807,0.02185724005280455,0.012972936787361083
X_ev_breakout,20211229,生技醫療業,RANGE,盤整弱勢,0.00019985078598676147,0.007349575134933707,0.015043112611994291
X_ev_breakout,20220110,生技醫療業,BULL,多頭強勢,0.001969405300194741,0.0009480107876347343,0.05796000526043335
X_ev_breakout,20220330,生技醫療業,RANGE,盤整弱勢,0.027090562832501067,0.06672168205201506,0.11094635599542181
X_ev_breakout,20220401,生技醫療業,RANGE,盤整強勢,0.013553975194235166,0.040930285421053376,0.09120768020748454
X_ev_breakout,20220725,生技醫療業,RANGE,盤整強勢,-0.020701568969962666,0.0048303758882045494,0.00880510240653401
X_ev_breakout,20220729,生技醫療業,RANGE,盤整強勢,-0.021787606430078266,0.03950427755510679,0.003182624218727101
X_ev_breakout,20220816,生技醫療業,BULL,多頭弱勢,0.04439253569074464,0.06621131627239477,0.02607260022927066
X_ev_breakout,20221213,生技醫療業,RANGE,盤整強勢,0.0018690875456182678,-0.0406895368724533,-0.03967355415225804
X_ev_breakout,20221219,生技醫療業,RANGE,盤整強勢,0.02176107195388714,-0.027141669590359324,-0.0221175023901196
X_ev_breakout,20221226,生技醫療業,RANGE,盤整強勢,-0.03196855419299153,-0.022683646121010585,-0.038348039348596194
X_ev_breakout,20230203,生技醫療業,BULL,多頭強勢,0.003081896422162683,-0.03796810129374652,0.026765503662325843
X_ev_breakout,20230327,生技醫療業,BULL,多頭強勢,0.017863656029284775,0.04062425777448586,0.006503651196269902
X_ev_breakout,20230406,生技醫療業,BULL,多頭強勢,0.003992003854493026,0.04129939874393328,-0.015749629566144674
X_ev_breakout,20230628,生技醫療業,RANGE,盤整強勢,-0.0125490188209824,-0.009758028541640118,-0.049114467256132055
X_ev_breakout,20231106,生技醫療業,RANGE,盤整弱勢,-0.0167886266806897,-0.022068350697675397,-0.0476448237971577
X_ev_breakout,20231115,生技醫療業,RANGE,盤整弱勢,-0.0011680090980046402,-0.025634603919065996,-0.029413258924550448
X_ev_breakout,20231123,生技醫療業,RANGE,盤整弱勢,0.006391267468297938,-0.017814744528132292,-0.03290653637118568
X_ev_breakout,20240216,生技醫療業,RANGE,盤整弱勢,0.0017021634289258805,-0.02758199386225852,-0.07026984650775642
X_ev_breakout,20240408,生技醫療業,BULL,多頭強勢,-0.008201556214237543,-0.032236117639555195,-0.01171275327996614
X_ev_breakout,20240517,生技醫療業,RANGE,盤整弱勢,-0.010859594020088887,0.015116193178681219,-0.008929457010018767
X_ev_breakout,20240527,生技醫療業,RANGE,盤整弱勢,0.013238951162865324,0.0512283620173641,0.013771868206369638
X_ev_breakout,20240531,生技醫療業,RANGE,盤整弱勢,0.016816090649830993,0.058312970799457166,0.003845525150147904
X_ev_breakout,20250205,生技醫療業,RANGE,盤整強勢,-0.01859687772119963,-0.014864171189845104,-0.028641440180325994
X_ev_breakout,20250827,生技醫療業,RANGE,盤整強勢,0.008721461034476715,0.00391362731188367,-0.008585602136440114
X_ev_breakout,20250902,生技醫療業,RANGE,盤整強勢,-0.00903387506530126,0.0019424461623463122,-0.024799853472141337
X_ev_breakout,20260114,生技醫療業,RANGE,盤整強勢,-0.0164950292785329,-0.01460482350375811,-0.08464870981388706
X_ev_breakout,20260123,生技醫療業,RANGE,盤整弱勢,0.01749205854092646,-0.0175337257041075,-0.08811602807372747
X_ev_breakout,20260203,生技醫療業,RANGE,盤整弱勢,-0.008649113525039031,-0.03887954290132918,-0.10939871325373222
X_ev_breakout,20260703,生技醫療業,RANGE,盤整弱勢,0.01549899021248851,0.023214643664497908,0.01232893347940412
X_ev_breakout,20211110,紡織纖維,RANGE,盤整弱勢,-0.014223382397735136,-0.01336154196662978,-0.022906936129867685
X_ev_breakout,20211130,紡織纖維,RANGE,盤整弱勢,-0.006846286183906487,-0.017082186485090897,-0.011813480488539151
X_ev_breakout,20211209,紡織纖維,RANGE,盤整弱勢,0.0006864941800113831,-0.007262953684590987,-0.014246745668145676
X_ev_breakout,20211213,紡織纖維,RANGE,盤整弱勢,-0.0016163436897160786,-0.0001402581147880895,-0.015541404447088247
X_ev_breakout,20211217,紡織纖維,RANGE,盤整強勢,-0.0011300376765969108,0.005340298642322265,-0.020384102683249448
X_ev_breakout,20211221,紡織纖維,RANGE,盤整弱勢,-0.00644992773922886,0.004903044193175022,-0.02611288888723743
X_ev_breakout,20220413,紡織纖維,RANGE,盤整強勢,-0.00607463108687938,0.022294170300967073,0.03472056437254718
X_ev_breakout,20220420,紡織纖維,RANGE,盤整弱勢,0.005170497750171851,0.020538543980023423,0.029746679708815296
X_ev_breakout,20220824,紡織纖維,RANGE,盤整弱勢,0.0013574149776549678,0.006163121785231561,0.004398402650572002
X_ev_breakout,20220830,紡織纖維,RANGE,盤整強勢,0.007381035933247855,0.015761695751840873,-0.001654125760483828
X_ev_breakout,20230208,紡織纖維,RANGE,盤整弱勢,-0.004450317292107506,-0.02356053716830775,-0.06736598750037906
X_ev_breakout,20230216,紡織纖維,RANGE,盤整弱勢,-0.007794932206428368,-0.026086163078501638,-0.07919758152897463
X_ev_breakout,20230321,紡織纖維,RANGE,盤整弱勢,-0.0034494742113005896,-0.025974307916554494,-0.05203005319477014
X_ev_breakout,20230524,紡織纖維,RANGE,盤整弱勢,0.0008462744089800722,0.0038666567197842283,0.028045392097162426
X_ev_breakout,20230529,紡織纖維,RANGE,盤整強勢,-0.012838892146198037,0.007141442631737854,0.013422698918932528
X_ev_breakout,20231115,紡織纖維,RANGE,盤整弱勢,-0.0074572848624912084,-0.020845807599349148,-0.02352866996560972
X_ev_breakout,20240219,紡織纖維,RANGE,盤整弱勢,-0.01460806618948527,-0.01929080753550086,-0.01956566619214005
X_ev_breakout,20240312,紡織纖維,RANGE,盤整強勢,-0.0068941032876293825,-0.03144005454744209,0.005414217241323432
X_ev_breakout,20240424,紡織纖維,BULL,多頭強勢,0.008578345358252155,-0.008073580964487945,-0.009377610895116795
X_ev_breakout,20240704,紡織纖維,RANGE,盤整弱勢,0.0023854156501620146,0.029681529829806097,-0.009522712736398986
X_ev_breakout,20241125,紡織纖維,RANGE,盤整弱勢,0.008284099695625196,-0.004732297560771717,0.01518045583634298
X_ev_breakout,20241203,紡織纖維,RANGE,盤整強勢,-0.00254134085394527,-0.00854545454002998,0.009014017290989426
X_ev_breakout,20250224,紡織纖維,RANGE,盤整強勢,0.0077935757100043405,0.0222255214457447,0.001522981553559552
X_ev_breakout,20250312,紡織纖維,RANGE,盤整弱勢,0.004667630290192331,-0.015598445178241216,-0.040301609134683544
X_ev_breakout,20250318,紡織纖維,RANGE,盤整強勢,0.0029663355904990772,-0.03280682536432439,-0.04575709799671025
X_ev_breakout,20250320,紡織纖維,RANGE,盤整強勢,0.005343905452627591,-0.02817932832683201,-0.045452887368138226
X_ev_breakout,20250904,紡織纖維,RANGE,盤整強勢,-0.0028851928665663135,-0.002183055641267936,0.006777635805890702
X_ev_breakout,20250918,紡織纖維,RANGE,盤整弱勢,0.002878324930286155,-0.007452715826628561,0.0011965438003244087
X_ev_breakout,20260126,紡織纖維,RANGE,盤整強勢,0.0005832171471691419,-0.016365042155032164,-0.08676673858030445
X_ev_breakout,20260603,紡織纖維,RANGE,盤整強勢,0.01629990193135409,0.04373226124448594,0.024190356704185706
X_ev_breakout,20260702,紡織纖維,RANGE,盤整強勢,-0.020520404711543677,0.017395854232155283,-0.03468678154303223
X_ev_breakout,20260714,紡織纖維,RANGE,盤整弱勢,0.005553044948024142,0.009785489167039096,
X_ev_breakout,20210721,綠能環保,RANGE,盤整強勢,0.0035152222883870375,0.05704953089241059,0.0627477869866507
X_ev_breakout,20211018,綠能環保,RANGE,盤整強勢,-0.008503208906088189,-0.0070709077455382435,0.02610712050055329
X_ev_breakout,20211022,綠能環保,RANGE,盤整弱勢,0.021393753417879878,-0.010611243077748536,0.024462928481454108
X_ev_breakout,20211208,綠能環保,RANGE,盤整強勢,-0.006238751096979637,0.0147315123711361,0.1378416263745653
X_ev_breakout,20220208,綠能環保,BULL,多頭強勢,0.033610497625104055,0.08000574516087089,0.13887028029143683
X_ev_breakout,20220415,綠能環保,BULL,多頭強勢,0.02374062536577646,0.0019991530761004836,0.007106479936562035
X_ev_breakout,20230105,綠能環保,RANGE,盤整強勢,-0.014237835578427468,-0.03236970429465532,-0.04496745694909651
X_ev_breakout,20230130,綠能環保,RANGE,盤整強勢,-0.009067360976615698,-0.029261102451683146,-0.03142921032153963
X_ev_breakout,20230412,綠能環保,BULL,多頭弱勢,-0.00904495160799194,0.004767152548639249,-0.03307991488253169
X_ev_breakout,20230502,綠能環保,BULL,多頭強勢,0.013461318720776976,0.010698171243034637,-0.009257951256599152
X_ev_breakout,20230505,綠能環保,BULL,多頭強勢,0.005061124670647857,-0.02477853457196632,-0.005294409635453887
X_ev_breakout,20230510,綠能環保,BULL,多頭強勢,-0.0143035328929847,-0.0500986592798335,-0.028235774344300718
X_ev_breakout,20230518,綠能環保,BULL,多頭弱勢,0.0032238906193999828,-0.03191418459440529,-0.0013866455633896428
X_ev_breakout,20230522,綠能環保,BULL,多頭弱勢,0.0014674030754940138,-0.02712325306135767,-0.018992723662872864
X_ev_breakout,20230529,綠能環保,BULL,多頭弱勢,-0.02139201517173494,-0.028744983242973948,-0.02436773902424696
X_ev_breakout,20230609,綠能環保,BULL,多頭弱勢,-0.00862554047000819,0.0022498323292473197,0.00555815485909273
X_ev_breakout,20230621,綠能環保,BULL,多頭強勢,-0.007709047720670897,0.009645507666749015,0.006548530684440904
X_ev_breakout,20230630,綠能環保,BULL,多頭強勢,0.011170969568708248,0.023408277360263716,0.024989755013800415
X_ev_breakout,20230704,綠能環保,BULL,多頭弱勢,0.005076122786956076,0.02768759654257718,0.025369546274278565
X_ev_breakout,20231115,綠能環保,RANGE,盤整強勢,-0.01472358356276261,-0.01790242477912171,0.02617305692346343
X_ev_breakout,20240122,綠能環保,BULL,多頭強勢,-0.009353810100557206,0.024392823924446333,0.06363544793844617
X_ev_breakout,20240402,綠能環保,BULL,多頭弱勢,-0.0023666729088874985,0.01104375904613325,0.11377830446009723
X_ev_breakout,20240408,綠能環保,BULL,多頭弱勢,0.02671134128783406,0.009915387066916578,0.12545541816537265
X_ev_breakout,20240614,綠能環保,RANGE,盤整強勢,0.028951028831542817,0.13564712996114756,0.116762367618991
X_ev_breakout,20240925,綠能環保,RANGE,盤整強勢,-0.014084534587700977,-0.022820461917122593,-0.06342491235811798
X_ev_breakout,20240927,綠能環保,RANGE,盤整強勢,-0.007866029021494882,0.0011108578160934218,-0.06180006065288644
X_ev_breakout,20250801,綠能環保,RANGE,盤整強勢,-0.008810136745501698,-0.03175420230623105,-0.04584160445154245
X_ev_breakout,20250814,綠能環保,RANGE,盤整弱勢,0.012564100433149095,-0.027247510067688857,-0.048792670022337135
X_ev_breakout,20251229,綠能環保,RANGE,盤整強勢,-0.00040333422050391286,0.053227763255646335,-0.004310349946895494
X_ev_breakout,20260109,綠能環保,RANGE,盤整弱勢,0.039749847784067274,-0.02366581439442242,-0.04174846412161663
X_ev_breakout,20260603,綠能環保,RANGE,盤整弱勢,-0.014631861529681899,-0.03816858926428844,-0.0676027524560929
X_ev_breakout,20261008,綠能環保,RANGE,盤整強勢,,,
X_ev_breakout,20211207,航運業,RANGE,盤整強勢,-0.026143390038724578,-0.05478199525451738,0.01290650269400551
X_ev_breakout,20211221,航運業,RANGE,盤整強勢,-0.018187096652486794,-0.06083301914213,-0.0008036324668676872
X_ev_breakout,20220221,航運業,RANGE,盤整強勢,0.034583336198279906,0.013143294177252393,0.06185319055076656
X_ev_breakout,20220223,航運業,RANGE,盤整強勢,0.03207546706411629,-0.0338405167693098,0.03219800913008663
X_ev_breakout,20220225,航運業,RANGE,盤整強勢,-0.007934594506750832,-0.024965069395896097,0.024387897066044523
X_ev_breakout,20220309,航運業,RANGE,盤整強勢,-0.025298648285025573,-0.058654839896038605,-0.024908702901968283
X_ev_breakout,20220420,航運業,BULL,多頭強勢,-0.01639877007760772,-0.02429334921792691,-0.11756216474392465
X_ev_breakout,20220504,航運業,BULL,多頭強勢,-0.021095851823025938,-0.025952032470509905,-0.1343925121620156
X_ev_breakout,20221216,航運業,RANGE,盤整強勢,0.019902054674216886,-0.020800999239650973,-0.0011081238225013335
X_ev_breakout,20221221,航運業,RANGE,盤整強勢,-0.031917993045510594,-0.0720580795360641,-0.05543663071061969
X_ev_breakout,20230220,航運業,RANGE,盤整弱勢,0.053760299118234565,0.022515511574991015,0.03179134183105052
X_ev_breakout,20230413,航運業,BULL,多頭強勢,-0.010267185000068664,-0.03321833466598287,-0.09927329659614428
X_ev_breakout,20230424,航運業,BULL,多頭弱勢,-0.014633311044858596,-0.014046271352416817,-0.10587295277205638
X_ev_breakout,20230428,航運業,BULL,多頭弱勢,-0.02662961749017425,-0.02910858513126434,-0.10685926145086772
X_ev_breakout,20230608,航運業,RANGE,盤整強勢,0.008330405109388631,-0.047731456081170964,-0.06506793043622613
X_ev_breakout,20230614,航運業,RANGE,盤整強勢,-0.02051908416677756,-0.08483836929732627,-0.06661200826522753
X_ev_breakout,20230703,航運業,RANGE,盤整弱勢,-0.019250685739355386,-0.040269520916842154,-0.0216260505086825
X_ev_breakout,20230915,航運業,RANGE,盤整強勢,-0.008576575603145283,-0.041090417659894074,-0.01726841597193903
X_ev_breakout,20230920,航運業,RANGE,盤整強勢,-0.012022347332354159,-0.05197385737800692,0.0056095926228864335
X_ev_breakout,20231204,航運業,RANGE,盤整強勢,-0.01710392895810754,-0.002549098702384626,-0.05040387666958628
X_ev_breakout,20231220,航運業,RANGE,盤整強勢,-0.03126312143021242,-0.034855149833380006,-0.06723142686248385
X_ev_breakout,20231226,航運業,RANGE,盤整強勢,0.026666531622212036,-0.02628644041476845,-0.05615676349087061
X_ev_breakout,20240102,航運業,RANGE,盤整強勢,-0.017136364245491996,-0.04200483714721034,-0.051645269738576
X_ev_breakout,20240424,航運業,BULL,多頭強勢,0.0059972008292689845,0.061579533563397196,-0.019106070138092623
X_ev_breakout,20240924,航運業,RANGE,盤整強勢,-0.014099970165405807,-0.000976819001302462,0.0248642643294769
X_ev_breakout,20250213,航運業,RANGE,盤整強勢,-0.0029131417826701034,0.03888135278697551,0.06598943314745835
X_ev_breakout,20250908,航運業,RANGE,盤整強勢,-0.002460377710595577,-0.045794656952250046,-0.03291015905865727
X_ev_breakout,20251204,航運業,RANGE,盤整強勢,-0.022658711581379436,-0.027067054430294925,-0.04073862503108633
X_ev_breakout,20260121,航運業,RANGE,盤整強勢,-0.010597709959522717,0.024004524504456413,-0.08921246550836091
X_ev_breakout,20260126,航運業,RANGE,盤整強勢,0.004195450669583829,0.011961535937594454,-0.06786798284589121
X_ev_breakout,20260128,航運業,RANGE,盤整弱勢,-0.008312037396393374,-0.0013658116848326018,-0.06719783484375398
X_ev_breakout,20260302,航運業,RANGE,盤整強勢,-0.03421401333490772,-0.06301906104711472,-0.14224943074918506
X_ev_breakout,20260601,航運業,RANGE,盤整強勢,-0.0096717618119792,-0.006306531916238681,0.088650211088308
X_ev_breakout,20260612,航運業,RANGE,盤整弱勢,-0.013091465170208852,0.04118997704143357,0.10502400608821409
X_ev_breakout,20260703,航運業,RANGE,盤整強勢,0.031637770205941766,0.03945110719264358,0.05418666153041963
X_ev_breakout,20260721,航運業,RANGE,盤整強勢,0.025371994384559456,0.06072695305351755,
X_ev_breakout,20260817,航運業,BULL,多頭強勢,0.03071227359928358,0.0033285153545693797,
X_ev_breakout,20210928,觀光餐旅,RANGE,盤整強勢,0.028360663485897476,-0.016717451530979324,-0.09357947428402204
X_ev_breakout,20210930,觀光餐旅,RANGE,盤整強勢,0.01902610286503183,-0.024760245709292972,-0.09629759565507727
X_ev_breakout,20211005,觀光餐旅,RANGE,盤整強勢,-0.023720142110507225,-0.05565393771328682,-0.12823895375891625
X_ev_breakout,20211007,觀光餐旅,RANGE,盤整強勢,-0.020258451869317864,-0.04409674814831889,-0.12329387320929167
X_ev_breakout,20211111,觀光餐旅,RANGE,盤整強勢,-0.01676188095540411,-0.05273745072534491,-0.0348156282643467
X_ev_breakout,20220210,觀光餐旅,RANGE,盤整弱勢,0.06977364699031874,0.07810530072694878,0.11445864642483097
X_ev_breakout,20220413,觀光餐旅,RANGE,盤整強勢,-0.019402255346353803,0.025550708641727635,0.09328858974262418
X_ev_breakout,20220530,觀光餐旅,RANGE,盤整強勢,0.059560451268843996,0.09141498739454464,0.040166497292131384
X_ev_breakout,20220826,觀光餐旅,RANGE,盤整強勢,-0.009909646523633301,0.07556616771735117,0.053678304721276826
X_ev_breakout,20220920,觀光餐旅,BULL,多頭強勢,0.016936585085693442,0.0009801467113525475,0.0714847200443677
X_ev_breakout,20220930,觀光餐旅,BULL,多頭強勢,0.00929845017553624,-0.042298024050576394,0.019991540422652186
X_ev_breakout,20221130,觀光餐旅,RANGE,盤整強勢,0.008328415271064397,0.027650122494746125,0.13403902695207992
X_ev_breakout,20230201,觀光餐旅,BULL,多頭弱勢,0.014889240392086993,0.16487877671035123,0.11062966875134594
X_ev_breakout,20230419,觀光餐旅,BULL,多頭強勢,-0.032542362512721384,0.05109686352803664,0.07379277602035682
X_ev_breakout,20230516,觀光餐旅,BULL,多頭強勢,0.0868602219455353,0.1537059046332594,0.013569338991694185
X_ev_breakout,20240411,觀光餐旅,RANGE,盤整強勢,-0.009228418420503818,0.03631108546494762,-0.041301349154023545
X_ev_breakout,20240418,觀光餐旅,RANGE,盤整弱勢,0.046210533730508714,0.042583742488800695,-0.026429228712520222
X_ev_breakout,20240423,觀光餐旅,RANGE,盤整強勢,0.035172764923830944,-0.01662792655982826,-0.05036070192986643
X_ev_breakout,20250218,觀光餐旅,RANGE,盤整弱勢,0.0065276034787175845,-0.02341846527117775,0.017700416152485937
X_ev_breakout,20220303,貿易百貨,RANGE,盤整強勢,-0.013270977447628271,-0.03757113447800161,-0.03686992918946504
X_ev_breakout,20221207,貿易百貨,RANGE,盤整強勢,0.015183319179510697,0.005439981549045723,-0.07031523065594616
X_ev_breakout,20221209,貿易百貨,RANGE,盤整強勢,-0.00017428366994483866,-0.01878259518218952,-0.10297002701000729
X_ev_breakout,20221222,貿易百貨,RANGE,盤整弱勢,-0.004850877972553824,-0.031085094863712227,-0.12303022666521413
X_ev_breakout,20230131,貿易百貨,BULL,多頭強勢,-0.020434282205771967,-0.0357409311599268,-0.11013780658221646
X_ev_breakout,20230209,貿易百貨,BULL,多頭弱勢,-0.0055354397514660175,-0.044854146359607425,-0.07336669635400604
X_ev_breakout,20230220,貿易百貨,BULL,多頭強勢,-0.00934761140451266,-0.07023103328275312,-0.06805145497302774
X_ev_breakout,20230601,貿易百貨,RANGE,盤整弱勢,-0.008478028441187477,-0.020780759791678278,-0.01870939785204201
X_ev_breakout,20230614,貿易百貨,BULL,多頭弱勢,-0.008126238386617583,-0.020534201269082376,-0.008911200893262167
X_ev_breakout,20230619,貿易百貨,BULL,多頭弱勢,0.01263759934423129,-0.01053160780414841,0.0031804529763599446
X_ev_breakout,20230703,貿易百貨,BULL,多頭強勢,-0.0027638253576581645,-0.0115989921662693,-0.004309327820429261
X_ev_breakout,20231116,貿易百貨,RANGE,盤整強勢,-0.010780508417779817,-0.0309642424604736,-0.08356876072606563
X_ev_breakout,20231228,貿易百貨,BULL,多頭弱勢,0.0016550675405970152,-0.020405851177979332,-0.1103874482094876
X_ev_breakout,20240104,貿易百貨,BULL,多頭強勢,-0.00596590087891662,-0.030639212105833508,-0.106220529028407
X_ev_breakout,20240429,貿易百貨,RANGE,盤整弱勢,-0.00024913407846216887,-0.016585439910655322,0.004370078953138311
X_ev_breakout,20240626,貿易百貨,RANGE,盤整弱勢,0.0011880158212151416,0.03299364288787729,0.02767212798275517
X_ev_breakout,20240701,貿易百貨,RANGE,盤整弱勢,0.012554591228919417,0.026440004770113948,0.0441572409982551
X_ev_breakout,20240927,貿易百貨,RANGE,盤整強勢,0.03644157852854826,0.0352225475365877,0.030541867772233458
X_ev_breakout,20251022,貿易百貨,RANGE,盤整強勢,0.0034271367860822105,0.016102566809224936,-0.065811138465426
X_ev_breakout,20260223,貿易百貨,RANGE,盤整弱勢,0.0005440641152615888,-0.031321642199567123,-0.06482862230774797
X_ev_breakout,20260522,貿易百貨,RANGE,盤整弱勢,-0.004449458593657533,0.030480810781221612,0.053603201689751925
X_ev_breakout,20261008,貿易百貨,RANGE,盤整弱勢,,,
X_ev_breakout,20210721,資訊服務業,RANGE,盤整強勢,-0.00026222548685576625,0.022636788226900836,0.0619982270170892
X_ev_breakout,20210806,資訊服務業,RANGE,盤整弱勢,0.02044663032175542,0.05519251060529888,0.07326361448426727
X_ev_breakout,20210917,資訊服務業,RANGE,盤整弱勢,0.0026754617312489803,0.0007200720736830393,-0.015441288994971339
X_ev_breakout,20210923,資訊服務業,RANGE,盤整強勢,0.0070077489465294185,0.005473290486705451,-0.018075785160300332
X_ev_breakout,20211007,資訊服務業,RANGE,盤整強勢,-0.008028119640562506,-0.01978299268721108,-0.041935633531358235
X_ev_breakout,20211028,資訊服務業,BULL,多頭強勢,-0.0020884593142901225,-0.013963190906192663,-0.01914981572611476
X_ev_breakout,20211216,資訊服務業,BULL,多頭強勢,0.001439819153829177,0.0012624002725832079,0.021258973178607588
X_ev_breakout,20211220,資訊服務業,BULL,多頭弱勢,-0.004214112794881309,0.0007660219556965605,0.033680530167830104
X_ev_breakout,20220117,資訊服務業,RANGE,盤整弱勢,0.00793983882486865,-0.006702184715015177,0.022495077482429054
X_ev_breakout,20220120,資訊服務業,RANGE,盤整弱勢,-0.003687520704386389,-0.012044165418129554,0.017859134547508683
X_ev_breakout,20220303,資訊服務業,RANGE,盤整強勢,0.01673299515474637,0.03960594501104412,0.01864390396935682
X_ev_breakout,20220311,資訊服務業,RANGE,盤整強勢,0.005791247038628671,0.030753745179648805,0.012051019547609697
X_ev_breakout,20220317,資訊服務業,RANGE,盤整弱勢,0.006214080478185483,0.014406515600075078,0.019861423487209352
X_ev_breakout,20220815,資訊服務業,RANGE,盤整弱勢,0.00479985070728259,0.00232746270729706,0.028771728981362876
X_ev_breakout,20230130,資訊服務業,RANGE,盤整弱勢,0.004729785361875242,0.13654312977421787,0.3866671286641162
X_ev_breakout,20230727,資訊服務業,BULL,多頭強勢,-0.011874035239505025,-0.04567898085301802,-0.03740701393157991
X_ev_breakout,20231006,資訊服務業,RANGE,盤整強勢,-0.009966949780396705,0.002068215512295876,-0.007609189656751447
X_ev_breakout,20231106,資訊服務業,RANGE,盤整強勢,-0.011830217297589485,-0.00045226144560180787,0.04327610735160695
X_ev_breakout,20231113,資訊服務業,RANGE,盤整弱勢,-0.01995045444216028,0.010013715437705066,0.04436345654668861
X_ev_breakout,20231115,資訊服務業,RANGE,盤整弱勢,0.006393121669846503,0.026073045510983467,0.0533715576897346
X_ev_breakout,20240111,資訊服務業,BULL,多頭強勢,0.025185328802704673,0.011742139504702848,-0.0041256338811871615
X_ev_breakout,20240115,資訊服務業,BULL,多頭強勢,0.018370363641571463,0.0009079627706684856,-0.018688937716136167
X_ev_breakout,20240522,資訊服務業,RANGE,盤整弱勢,0.010737500600958216,0.0067929987012442725,-0.02341947172422952
X_ev_breakout,20240527,資訊服務業,RANGE,盤整弱勢,0.018302565788998686,0.01058928770578068,-0.029435402455080167
X_ev_breakout,20240626,資訊服務業,BULL,多頭弱勢,-0.004588464200728833,-0.016010660224164336,-0.02487875992159275
X_ev_breakout,20240703,資訊服務業,BULL,多頭弱勢,0.019094500839857843,-0.02139783100693607,-0.030475173773581964
X_ev_breakout,20240919,資訊服務業,RANGE,盤整弱勢,-0.007371670035559413,0.019475144126680402,0.07941057941087926
X_ev_breakout,20241007,資訊服務業,RANGE,盤整弱勢,0.013720047512978303,0.04782267453978369,0.09567369550076651
X_ev_breakout,20241011,資訊服務業,RANGE,盤整強勢,0.00027492977494509435,0.02447258073139267,0.10253717356064998
X_ev_breakout,20241017,資訊服務業,RANGE,盤整強勢,0.038407558447497187,0.0009044343903257118,0.08550980616229052
X_ev_breakout,20241021,資訊服務業,RANGE,盤整弱勢,0.031733442844416634,0.005375934163176048,0.0773922009341829
X_ev_breakout,20241205,資訊服務業,RANGE,盤整強勢,-0.0002173435656167462,0.0007464162429894616,0.028186676301009163
X_ev_breakout,20250204,資訊服務業,RANGE,盤整強勢,0.019296410464832655,-0.028272490911637416,0.09642206577974824
X_ev_breakout,20250325,資訊服務業,RANGE,盤整強勢,-0.02238232733088006,0.0735813690088752,0.015841266568472137
X_ev_breakout,20250429,資訊服務業,RANGE,盤整強勢,-0.009963700723213623,-0.06378009852688492,-0.07640920167762828
X_ev_breakout,20250812,資訊服務業,RANGE,盤整強勢,-0.008822240846843927,-0.011198676360610883,-0.043753274963910696
X_ev_breakout,20250904,資訊服務業,RANGE,盤整弱勢,0.013365112210772953,0.011504726791075207,-0.02838410944849472
X_ev_breakout,20260318,資訊服務業,RANGE,盤整強勢,-0.010829235364886333,-0.029981116207349483,-0.06308408216912434
X_ev_breakout,20260422,資訊服務業,RANGE,盤整強勢,-0.00918155917960088,-0.04916681929861969,-0.05373692510474232
X_ev_breakout,20260601,資訊服務業,RANGE,盤整強勢,0.0069174764617152065,-0.04564931060991354,-0.046577016121247046
X_ev_breakout,20260914,資訊服務業,RANGE,盤整強勢,-0.009445436487884058,,
X_ev_breakout,20220110,農業科技,RANGE,盤整強勢,0.04813761687017337,-0.007135358901554589,0.5136667137379044
X_ev_breakout,20220325,農業科技,RANGE,盤整強勢,0.056181336560877655,0.36012059178076006,0.05559589143941855
X_ev_breakout,20220817,農業科技,RANGE,盤整強勢,0.03477982156788977,-0.03099478733870194,-0.12200031730961036
X_ev_breakout,20221201,農業科技,RANGE,盤整弱勢,0.001985106164247499,0.05901549291648811,-0.019128133979861697
X_ev_breakout,20221226,農業科技,RANGE,盤整強勢,0.02571341881815067,-0.014019207868766308,-0.013877014759008807
X_ev_breakout,20221230,農業科技,RANGE,盤整強勢,-0.039300274332158144,-0.06790264184959707,-0.08851478591236789
X_ev_breakout,20230220,農業科技,RANGE,盤整弱勢,0.031691188811305525,0.008065035754848321,-0.07162834265660663
X_ev_breakout,20230223,農業科技,RANGE,盤整強勢,0.01772342814538249,0.0027913276165513687,-0.07908597137179382
X_ev_breakout,20230315,農業科技,RANGE,盤整弱勢,0.008332390570800423,0.005043281124405122,-0.11047990800218109
X_ev_breakout,20230410,農業科技,BULL,多頭強勢,-0.010025172848064753,-0.06228454892279075,-0.12007137192512446
X_ev_breakout,20230417,農業科技,BULL,多頭弱勢,-0.018448004024520206,-0.07310751659475563,-0.1144513180776109
X_ev_breakout,20230628,農業科技,RANGE,盤整強勢,-0.00841237044548286,-0.02326494955476268,-0.08420321008079862
X_ev_breakout,20230705,農業科技,RANGE,盤整弱勢,-0.003485141058883104,-0.07342658094648372,-0.08601450042252215
X_ev_breakout,20231123,農業科技,RANGE,盤整強勢,0.03567978008639078,0.012743234684937172,0.023360100299597675
X_ev_breakout,20240219,農業科技,RANGE,盤整強勢,-0.028760905358481838,-0.05979507669611486,-0.09484296372486399
X_ev_breakout,20240408,農業科技,BULL,多頭強勢,-0.008209168002594164,-0.026532282843876712,-0.028590212878401924
X_ev_breakout,20240410,農業科技,BULL,多頭強勢,0.005380867620937927,-0.01788420853937255,0.0013335089296704905
X_ev_breakout,20240522,農業科技,RANGE,盤整強勢,-0.017984535113456122,-0.00965136207863005,-0.06776059009733292
X_ev_breakout,20240531,農業科技,RANGE,盤整弱勢,0.023760321765148605,0.03261356397150459,-0.04134788916046895
X_ev_breakout,20241227,農業科技,RANGE,盤整強勢,-0.004701669863454207,-0.03153765893926436,-0.002326037336598752
X_ev_breakout,20250305,農業科技,RANGE,盤整強勢,0.01260758979625657,-0.002333720738367906,0.07553792656370079
X_ev_breakout,20250317,農業科技,RANGE,盤整強勢,0.0021597579065244735,0.00247969506788695,0.04322284808959723
X_ev_breakout,20250818,農業科技,RANGE,盤整強勢,-0.003958352247932869,-0.061336633608243575,-0.0716234133341032
X_ev_breakout,20260121,農業科技,RANGE,盤整強勢,0.0077658562542065376,-0.01825134394955933,-0.05916443929566338
X_ev_breakout,20260127,農業科技,RANGE,盤整強勢,0.007775019444336971,0.027750914473893176,-0.10463986074674331
X_ev_breakout,20260720,農業科技,RANGE,盤整強勢,0.028435393648184794,0.023047398011845542,
X_ev_breakout,20260804,農業科技,RANGE,盤整強勢,-0.012426264854720839,-0.03829177873389085,
X_ev_breakout,20260821,農業科技,RANGE,盤整強勢,-0.010012980838747958,-0.00382341230665921,
X_ev_breakout,20260922,農業科技,RANGE,盤整強勢,-0.02931558209619571,,
X_ev_breakout,20261008,農業科技,RANGE,盤整強勢,,,
X_ev_breakout,20210927,通信網路業,RANGE,盤整強勢,-0.008030298592732854,0.06329698214221041,0.15514900953184696
X_ev_breakout,20210930,通信網路業,RANGE,盤整弱勢,0.000320076549731335,0.08074625072408464,0.1714096482314898
X_ev_breakout,20211022,通信網路業,RANGE,盤整強勢,0.03472357335527556,0.08682078771343192,0.08486938308995225
X_ev_breakout,20211207,通信網路業,BULL,多頭弱勢,0.02726492795638068,0.012696588563141542,-0.07520603604632037
X_ev_breakout,20220609,通信網路業,RANGE,盤整強勢,0.010049641372081433,0.02028321927233835,0.12112519014846068
X_ev_breakout,20220801,通信網路業,RANGE,盤整強勢,0.04379256767496004,0.0399536585819145,-0.01769745044093622
X_ev_breakout,20220805,通信網路業,RANGE,盤整強勢,-0.017972546175271702,-0.006363221852261541,-0.054710205387473634
X_ev_breakout,20230216,通信網路業,RANGE,盤整強勢,-0.008463598047986593,0.010699852582745646,0.03202186635692236
X_ev_breakout,20230323,通信網路業,BULL,多頭強勢,0.01170658109574438,-0.014427635046857646,-0.014356814914671112
X_ev_breakout,20230601,通信網路業,RANGE,盤整強勢,-0.01405705885125461,0.023652636974305957,0.06061455027218626
X_ev_breakout,20230607,通信網路業,RANGE,盤整弱勢,-0.0025767759503715253,0.05425650978138445,0.07804678109501832
X_ev_breakout,20230609,通信網路業,RANGE,盤整弱勢,0.0018696341261941161,0.06113046466790191,0.09817960998820874
X_ev_breakout,20230616,通信網路業,RANGE,盤整弱勢,0.000924885061494538,0.07654096484994471,0.10453421751709191
X_ev_breakout,20230630,通信網路業,RANGE,盤整強勢,0.02419800265145669,0.05250542077514339,0.05611723791495949
X_ev_breakout,20231106,通信網路業,RANGE,盤整弱勢,-0.004105991586790592,0.003842468521879784,0.029396481402813292
X_ev_breakout,20231115,通信網路業,RANGE,盤整弱勢,0.017646996026517748,0.02686409852570118,0.058990597682877885
X_ev_breakout,20240123,通信網路業,RANGE,盤整強勢,0.0010104625778297508,0.04263949048083063,-0.045951572702115556
X_ev_breakout,20240129,通信網路業,BULL,多頭弱勢,0.012096564788100877,0.022919628761798816,-0.029043799286139066
X_ev_breakout,20240516,通信網路業,RANGE,盤整弱勢,0.0344293023906456,0.05774517623137289,0.022391131529127924
X_ev_breakout,20240919,通信網路業,RANGE,盤整強勢,-0.003501272910810732,0.05910491822559062,0.07562136572620681
X_ev_breakout,20241204,通信網路業,BULL,多頭強勢,-0.01782429296954331,0.003339610351088443,-0.03133021398670763
X_ev_breakout,20250207,通信網路業,RANGE,盤整強勢,-0.013976322068801842,-0.04007969350630832,-0.10760491698007019
X_ev_breakout,20250304,通信網路業,RANGE,盤整弱勢,-0.014291998547525862,-0.05359424140184147,-0.08564450834029336
X_ev_breakout,20250801,通信網路業,RANGE,盤整強勢,-0.005543566632161614,0.029758375327898268,0.02101904818152661
X_ev_breakout,20251209,通信網路業,RANGE,盤整強勢,0.033184494175147225,0.025958160625854182,0.15258327752853268
X_ev_breakout,20260408,通信網路業,BULL,多頭強勢,0.015414679127971315,0.008302714134677553,-0.06866915443251738
X_ev_breakout,20260525,通信網路業,BULL,多頭強勢,-0.014263283689861208,-0.07773863054794433,-0.12670168967958664
X_ev_breakout,20260529,通信網路業,BULL,多頭弱勢,-0.04456890789802879,-0.08368757370586478,-0.10171571565074126
X_ev_breakout,20260826,通信網路業,RANGE,盤整強勢,0.004638667071616068,0.019802923818840964,
X_ev_breakout,20260918,通信網路業,RANGE,盤整強勢,-0.013516233909789318,,
X_ev_breakout,20210927,造紙工業,RANGE,盤整強勢,-0.05604946108916897,-0.12644814477930394,-0.1573526942592286
X_ev_breakout,20211125,造紙工業,RANGE,盤整弱勢,-0.022340353562599623,-0.017299591117613054,-0.08511947173390394
X_ev_breakout,20211227,造紙工業,RANGE,盤整強勢,-0.035565290857351765,-0.030191073975940598,-0.06909668892739161
X_ev_breakout,20221130,造紙工業,RANGE,盤整弱勢,-0.03085190652059891,-0.03482467536496909,-0.0825257187845523
X_ev_breakout,20230131,造紙工業,RANGE,盤整弱勢,-0.0026375592896406407,-0.04594508819237017,-0.003833214026593826
X_ev_breakout,20230224,造紙工業,BULL,多頭弱勢,-0.02592749653117862,-0.062185524500567024,-0.00033700377441468754
X_ev_breakout,20230421,造紙工業,RANGE,盤整強勢,-0.007999843973921013,-0.02091925707315927,0.006806265022149503
X_ev_breakout,20230601,造紙工業,BULL,多頭強勢,0.04986578091420349,0.04810451721116647,-0.0005085975239159102
X_ev_breakout,20230726,造紙工業,BULL,多頭強勢,-0.02701072641190213,-0.11982830644323178,-0.13270098768772248
X_ev_breakout,20231123,造紙工業,RANGE,盤整弱勢,0.002400723164295463,0.009915041159893796,-0.06979683392368552
X_ev_breakout,20231128,造紙工業,RANGE,盤整弱勢,0.007749001016671898,0.002943022230530914,-0.06600888687782955
X_ev_breakout,20240321,造紙工業,RANGE,盤整強勢,0.004721843228778957,0.028085442632564447,-0.0633554489319233
X_ev_breakout,20240417,造紙工業,RANGE,盤整弱勢,0.0195104450508087,0.006996923864661185,-0.09947486288200644
X_ev_breakout,20240927,造紙工業,RANGE,盤整強勢,-0.02757111307025969,-0.03517229560770509,-0.09803608125055861
X_ev_breakout,20250725,造紙工業,RANGE,盤整強勢,-0.0313683354487035,-0.04525001413171742,-0.0006104095622351362
X_ev_breakout,20250806,造紙工業,RANGE,盤整弱勢,-0.009239968556212633,-0.01000922837022852,-0.027050634644987276
X_ev_breakout,20251023,造紙工業,RANGE,盤整強勢,-0.024841709296709105,0.043540475787942415,-0.05295531719285637
X_ev_breakout,20251128,造紙工業,RANGE,盤整強勢,-0.02658943575073041,-0.07024285821691935,-0.10112997243259947
X_ev_breakout,20260224,造紙工業,RANGE,盤整弱勢,-0.02333923059373729,0.02717110440730195,-0.0854110102271618
X_ev_breakout,20260326,造紙工業,RANGE,盤整強勢,-0.003953020596832217,-0.07773365330234557,-0.06159826455912891
X_ev_breakout,20260603,造紙工業,RANGE,盤整弱勢,0.0020737849745442252,0.043974588790843164,0.0774667090565471
X_ev_breakout,20210805,運動休閒,BULL,多頭強勢,-0.012417183324415243,-0.028955370578931952,-0.03553907917995233
X_ev_breakout,20211026,運動休閒,RANGE,盤整強勢,-0.007394186231675965,-0.02503119963931401,-0.042481556091299076
X_ev_breakout,20211208,運動休閒,RANGE,盤整強勢,-0.009250386557854543,-0.020288164551003376,-0.055703820545615526
X_ev_breakout,20211216,運動休閒,RANGE,盤整弱勢,-0.010561694257115176,-0.01488441234901502,-0.038375022124763514
X_ev_breakout,20211221,運動休閒,RANGE,盤整弱勢,-0.008186091666831867,-0.008191749685414562,-0.05503888112511738
X_ev_breakout,20211229,運動休閒,RANGE,盤整弱勢,0.0005160800928101627,0.0007345639755237179,-0.027619725731831715
X_ev_breakout,20220421,運動休閒,RANGE,盤整強勢,0.010674467169583708,0.05508802689536784,0.12981468153842418
X_ev_breakout,20220505,運動休閒,RANGE,盤整強勢,0.01865815993701471,0.05381664695562082,0.08981648935642313
X_ev_breakout,20220517,運動休閒,RANGE,盤整強勢,-0.00660340124622242,0.010471333587494773,0.07678093222877407
X_ev_breakout,20220525,運動休閒,RANGE,盤整弱勢,0.028913206228521025,0.05860901523607922,0.10443956119160061
X_ev_breakout,20220527,運動休閒,RANGE,盤整弱勢,0.019092900242067504,0.04904491212571227,0.10270207726207842
X_ev_breakout,20220809,運動休閒,RANGE,盤整強勢,0.005769048604564592,0.05293916620959298,0.07568228851391284
X_ev_breakout,20221209,運動休閒,RANGE,盤整強勢,-0.0139497357951159,-0.026925451539270194,-0.06653249227444752
X_ev_breakout,20230214,運動休閒,BULL,多頭強勢,-0.00525188364668493,-0.03867586038761982,-0.08891012373409764
X_ev_breakout,20230320,運動休閒,RANGE,盤整弱勢,0.012571855208634419,-0.04106967458709014,-0.06479367757467924
X_ev_breakout,20230417,運動休閒,RANGE,盤整弱勢,-0.022588867608972853,-0.02156794577080697,-0.013143644582170558
X_ev_breakout,20230601,運動休閒,RANGE,盤整強勢,-0.00957667042627994,0.005047817471663701,-0.012595189570018428
X_ev_breakout,20231128,運動休閒,RANGE,盤整強勢,-0.013807831378973977,-0.03225854475798548,-0.06753174284073257
X_ev_breakout,20231130,運動休閒,RANGE,盤整弱勢,-0.01588551323940381,-0.03312396362122086,-0.04109100746239986
X_ev_breakout,20240222,運動休閒,RANGE,盤整弱勢,-0.005973215114974742,0.006343309229714152,-0.033081409256633165
X_ev_breakout,20240229,運動休閒,RANGE,盤整弱勢,0.014937104427073659,-0.0008781993052316521,-0.03649597642371996
X_ev_breakout,20240411,運動休閒,RANGE,盤整弱勢,-0.02716594968818398,-0.006303327601448951,-0.08530380962711152
X_ev_breakout,20240508,運動休閒,BULL,多頭強勢,0.016633503381173184,-0.024625990890433325,-0.0057191454224852015
X_ev_breakout,20240524,運動休閒,RANGE,盤整弱勢,-0.011727492293545224,-0.0206647276256615,-0.012042413986882172
X_ev_breakout,20240717,運動休閒,RANGE,盤整強勢,0.021758423369292963,0.01834584420215451,0.037018551821353246
X_ev_breakout,20240730,運動休閒,RANGE,盤整強勢,-0.0052214380043554345,-0.015742502841570607,0.004697384961233012
X_ev_breakout,20240920,運動休閒,RANGE,盤整弱勢,-0.005036352328107355,-0.02698717632134462,-0.002511544674771639
X_ev_breakout,20241007,運動休閒,RANGE,盤整弱勢,-0.004353148475113458,0.01814513504343903,0.020215202626687724
X_ev_breakout,20250217,運動休閒,RANGE,盤整弱勢,0.017494134240675786,-0.008428340568100531,-0.07808143089125441
X_ev_breakout,20251002,運動休閒,RANGE,盤整強勢,0.004423181538707606,-0.005256761772542071,-0.0428220428652195
X_ev_breakout,20251007,運動休閒,RANGE,盤整強勢,-0.002697699003622953,-0.01744258708942783,-0.05287631766870462
X_ev_breakout,20251015,運動休閒,RANGE,盤整強勢,-0.00548272049066572,-0.012782618731965501,-0.04710623304011687
X_ev_breakout,20251022,運動休閒,RANGE,盤整弱勢,-0.014349680684446406,0.007289977009873647,-0.04729338828888966
X_ev_breakout,20260603,運動休閒,RANGE,盤整弱勢,0.050261578169885725,-0.020354290040631703,0.01772992841083401
X_ev_breakout,20260810,運動休閒,RANGE,盤整弱勢,-0.035913312419806144,-0.04514781272793796,
X_ev_breakout,20210722,金融保險,RANGE,盤整強勢,-0.009749461484491989,0.017212215643173157,0.013767237078003473
X_ev_breakout,20211112,金融保險,RANGE,盤整強勢,0.008557516771741387,-0.002701287219766868,0.03951432453631124
X_ev_breakout,20211224,金融保險,RANGE,盤整弱勢,0.0036874040087129384,0.05568032148888499,0.07715573433476283
X_ev_breakout,20220323,金融保險,RANGE,盤整強勢,0.013739236921925694,0.0019284856783417237,-0.019886377305292677
X_ev_breakout,20220328,金融保險,RANGE,盤整強勢,0.030772997678750028,0.0027780434823713417,-0.03001725155458034
X_ev_breakout,20230130,金融保險,RANGE,盤整弱勢,-0.007811660649865767,-0.04422433358330749,-0.07222848804271105
X_ev_breakout,20230201,金融保險,RANGE,盤整弱勢,-0.009093711903973518,-0.05050871595636153,-0.06711129418532935
X_ev_breakout,20230414,金融保險,RANGE,盤整強勢,0.006276459450131437,0.02779285834913786,0.028945105938369898
X_ev_breakout,20230418,金融保險,BULL,多頭弱勢,0.014083369254712964,0.029997830666380322,0.04210694984467396
X_ev_breakout,20230502,金融保險,BULL,多頭弱勢,0.015813040624006163,0.017252288824416994,0.05483149436971365
X_ev_breakout,20230504,金融保險,BULL,多頭弱勢,0.014457215093018588,0.01189090095046023,0.0634637064258744
X_ev_breakout,20230515,金融保險,BULL,多頭強勢,-0.006672218556622228,-0.005264211700175235,0.04698887281917956
X_ev_breakout,20230703,金融保險,BULL,多頭弱勢,0.012991067300771611,0.05506693150038428,0.034682864696293995
X_ev_breakout,20230714,金融保險,BULL,多頭強勢,0.008050887671990067,0.025831033796139255,0.01548388614922612
X_ev_breakout,20231106,金融保險,RANGE,盤整強勢,-0.002021306622677632,-0.027765597446400246,-0.03942747472822802
X_ev_breakout,20231114,金融保險,RANGE,盤整弱勢,-0.009864455460043078,-0.027373996596003494,-0.053585432405314826
X_ev_breakout,20240229,金融保險,RANGE,盤整弱勢,0.036374344957284005,0.06387075503422783,0.07666040549564043
X_ev_breakout,20240424,金融保險,RANGE,盤整強勢,0.017711515659375194,0.02202316370437897,0.016337906214904163
X_ev_breakout,20240429,金融保險,BULL,多頭弱勢,0.011025942250367678,-0.0021486132895725124,0.0192648633024158
X_ev_breakout,20240618,金融保險,BULL,多頭弱勢,-0.0140067402114753,-0.019370879137529017,-0.025932556765917516
X_ev_breakout,20240729,金融保險,RANGE,盤整弱勢,0.02776385482970145,-0.008704674641315305,-0.017606876584249354
X_ev_breakout,20241018,金融保險,RANGE,盤整強勢,-0.005730962962807147,0.0203335546786252,0.06260313119465429
X_ev_breakout,20241206,金融保險,RANGE,盤整強勢,0.021529889932859418,0.022546343556714227,0.015515784229016283
X_ev_breakout,20250205,金融保險,RANGE,盤整弱勢,-0.015819346971809162,-0.008138207232130695,0.02280972839790063
X_ev_breakout,20250711,金融保險,RANGE,盤整強勢,-0.017814673656324442,-0.019816346422587092,-0.000975706618088372
X_ev_breakout,20250717,金融保險,RANGE,盤整弱勢,-0.012204586721358587,-0.02120455718110643,0.02959276982799019
X_ev_breakout,20250808,金融保險,RANGE,盤整強勢,-0.017215125554642215,-0.01692311702327764,0.05112180638896935
X_ev_breakout,20250821,金融保險,RANGE,盤整弱勢,-0.017127014977470448,0.012669335033974227,0.08623967444776037
X_ev_breakout,20250905,金融保險,RANGE,盤整強勢,0.0272647035172685,0.03641627601957823,0.07925984409345163
X_ev_breakout,20251111,金融保險,BULL,多頭強勢,0.01336454945253724,0.00735352596234291,0.049917044119582095
X_ev_breakout,20251120,金融保險,BULL,多頭強勢,-0.024735983140993463,0.0071574080889826724,0.056354965477689034
X_ev_breakout,20251124,金融保險,BULL,多頭強勢,-0.012721327314055456,0.008849992682649452,0.05237176473586025
X_ev_breakout,20260408,金融保險,RANGE,盤整強勢,-0.01575584575197611,0.023571952296273086,0.0904501840574156
X_ev_breakout,20260414,金融保險,RANGE,盤整弱勢,-0.02460226520488979,0.021364770973375302,0.12320436992841209
X_ev_breakout,20260424,金融保險,RANGE,盤整強勢,-0.0034345948017586413,0.00547240484247076,0.1163258399408515
X_ev_breakout,20260527,金融保險,BULL,多頭弱勢,0.04629196341636342,0.08407433611004007,0.08745910835121783
X_ev_breakout,20260821,金融保險,RANGE,盤整強勢,0.021278723969835385,0.09039905905084474,
X_ev_breakout,20260825,金融保險,RANGE,盤整強勢,0.031435488951439314,0.0797141189686467,
X_ev_breakout,20210721,鋼鐵工業,BULL,多頭強勢,0.018420358839851565,-0.023519692647631332,-0.09912767672250913
X_ev_breakout,20211108,鋼鐵工業,RANGE,盤整強勢,-0.019430661935135637,-0.00992851492159045,-0.02400454628926621
X_ev_breakout,20211124,鋼鐵工業,RANGE,盤整強勢,-0.013595412773319927,-0.006581136374516239,0.035251662916779156
X_ev_breakout,20211201,鋼鐵工業,BEAR,空頭弱勢,-0.0037492028104727064,-0.015356729397407676,0.07417889852572744
X_ev_breakout,20211213,鋼鐵工業,RANGE,盤整強勢,0.02120197234389232,-0.038253657690150836,0.096661577441205
X_ev_breakout,20211217,鋼鐵工業,RANGE,盤整強勢,-0.0339245715653359,-0.05594625661800163,0.07005372173321686
X_ev_breakout,20220221,鋼鐵工業,RANGE,盤整強勢,0.03598256705084734,0.07968131904870039,-0.0234773524362558
X_ev_breakout,20220301,鋼鐵工業,RANGE,盤整強勢,0.02335925313221042,0.01964726186337878,-0.06258150633077753
X_ev_breakout,20220413,鋼鐵工業,BULL,多頭強勢,-0.04566235787119193,-0.1010234373945887,-0.1648668372619177
X_ev_breakout,20221215,鋼鐵工業,RANGE,盤整強勢,0.030622792649529166,0.015115038529209016,-0.03623592290033038
X_ev_breakout,20221221,鋼鐵工業,RANGE,盤整強勢,-0.020993043037243496,-0.008999727230536853,-0.07470193493502633
X_ev_breakout,20230104,鋼鐵工業,RANGE,盤整弱勢,0.009212777648807999,-0.003731859036941891,-0.058118204641189414
X_ev_breakout,20230130,鋼鐵工業,BULL,多頭強勢,-0.01222107209928663,-0.03988784253720004,-0.09295609173353632
X_ev_breakout,20230217,鋼鐵工業,BULL,多頭弱勢,-0.013453348167354188,-0.022370848463231893,-0.07487688000607377
X_ev_breakout,20230317,鋼鐵工業,RANGE,盤整弱勢,-0.0162813726215525,-0.030880853818672283,-0.09235295506946382
X_ev_breakout,20230703,鋼鐵工業,RANGE,盤整弱勢,-0.010475392331225172,-0.011944750974705758,0.014248622707758611
X_ev_breakout,20230918,鋼鐵工業,RANGE,盤整強勢,-0.00907201680968448,-0.02915621751231128,0.0005778520459503514
X_ev_breakout,20231201,鋼鐵工業,RANGE,盤整弱勢,-0.0016418097434049658,0.041680929778003015,0.007377635955341494
X_ev_breakout,20240401,鋼鐵工業,RANGE,盤整弱勢,0.026058727058597263,0.006680576121734408,-0.05789026619125405
X_ev_breakout,20240520,鋼鐵工業,BULL,多頭強勢,-0.021511504202583215,-0.051956571773689814,-0.07780785993214745
X_ev_breakout,20240528,鋼鐵工業,BULL,多頭弱勢,-0.01109723646677733,-0.037105502529259246,-0.04988566244269502
X_ev_breakout,20240920,鋼鐵工業,RANGE,盤整強勢,0.029784711296617902,-0.00024785682710948276,-0.022207237026190298
X_ev_breakout,20241014,鋼鐵工業,RANGE,盤整弱勢,-0.007207240145819119,-0.012421508357944873,-0.05074359492582668
X_ev_breakout,20250815,鋼鐵工業,RANGE,盤整弱勢,-0.00272293321435422,-0.02911349642595884,-0.05433758166644237
X_ev_breakout,20251229,鋼鐵工業,RANGE,盤整強勢,0.03526890506829812,0.01896166319763455,0.021704341203970582
X_ev_breakout,20251231,鋼鐵工業,RANGE,盤整強勢,0.012152769791582063,0.05569172995402577,0.010569187279895337
X_ev_breakout,20260107,鋼鐵工業,RANGE,盤整強勢,0.006144683743285088,0.008569082054528606,-0.031985681860225386
X_ev_breakout,20260525,鋼鐵工業,RANGE,盤整強勢,-0.023617747629794208,-0.02482251070566016,0.01802999907843892
X_ev_breakout,20260603,鋼鐵工業,RANGE,盤整弱勢,0.0037972909914253186,-0.021960672494699005,0.030029678639545337
X_ev_breakout,20260609,鋼鐵工業,RANGE,盤整弱勢,-0.011668662366156945,-0.02293624797267509,0.027985962870234818
X_ev_breakout,20260612,鋼鐵工業,RANGE,盤整弱勢,-0.006332214494170521,-0.011410191347352883,0.031165692978712453
X_ev_breakout,20260617,鋼鐵工業,RANGE,盤整弱勢,0.014696879927214645,0.01888878114054021,0.04168271772469291
X_ev_breakout,20260826,鋼鐵工業,RANGE,盤整強勢,0.003521241388267685,0.008903162977228814,
X_ev_breakout,20260924,鋼鐵工業,RANGE,盤整強勢,0.020557954270392642,,
X_ev_breakout,20211103,電器電纜,RANGE,盤整強勢,-0.0004102265102759982,0.005551655791365366,0.01598097786523503
X_ev_breakout,20211117,電器電纜,RANGE,盤整弱勢,0.005141654393387723,0.018038715741168984,0.020778491866321785
X_ev_breakout,20211201,電器電纜,RANGE,盤整強勢,0.004012014447798796,0.011316586477007562,0.010326012141335092
X_ev_breakout,20220322,電器電纜,RANGE,盤整弱勢,-0.00615253612875224,0.03363645492714319,-0.008864845734022998
X_ev_breakout,20220406,電器電纜,RANGE,盤整弱勢,0.02538598800699615,0.02723130570437024,-0.0008812116911160461
X_ev_breakout,20220413,電器電纜,RANGE,盤整強勢,0.013720917932366693,-0.029208892067661932,-0.05392435751834017
X_ev_breakout,20220426,電器電纜,RANGE,盤整弱勢,-0.0072284622006318095,-0.03454476387246584,-0.08254683280107054
X_ev_breakout,20220428,電器電纜,RANGE,盤整弱勢,-0.01928176372975931,-0.0357297106962313,-0.07577360074259053
X_ev_breakout,20220913,電器電纜,RANGE,盤整強勢,0.022256629900714833,0.010458542274890292,-0.00020090933175510167
X_ev_breakout,20220915,電器電纜,RANGE,盤整強勢,0.0097376773234686,7.712817515308223e-05,0.00444830025927071
X_ev_breakout,20220920,電器電纜,RANGE,盤整強勢,-0.005504474570140763,-0.014091590505937057,-0.017593957098724328
X_ev_breakout,20221130,電器電纜,RANGE,盤整弱勢,-0.0026575268960448446,0.0013816802607247644,-0.0028239243993266744
X_ev_breakout,20221209,電器電纜,RANGE,盤整弱勢,-0.015926566337674496,-0.013389833164910403,-0.00808005659466221
X_ev_breakout,20230130,電器電纜,BULL,多頭強勢,-0.01712190849921585,-0.047022371112198674,-0.038229719904245354
X_ev_breakout,20230412,電器電纜,BULL,多頭強勢,0.002034591598966978,0.00447838191533468,0.08472333850199422
X_ev_breakout,20230428,電器電纜,BULL,多頭弱勢,-0.004031175061762893,0.018001712189863586,0.07463443297591194
X_ev_breakout,20230707,電器電纜,BULL,多頭強勢,-0.016924209938671792,-0.006417168631743072,0.004206940058692925
X_ev_breakout,20230717,電器電纜,BULL,多頭弱勢,0.0015664863251013455,0.004892046324415228,0.007924570558224785
X_ev_breakout,20230802,電器電纜,BULL,多頭強勢,-0.007619630302721517,-0.002838639452386365,-0.02483833571313794
X_ev_breakout,20230928,電器電纜,RANGE,盤整強勢,-0.016780842446751282,-0.039603093232880984,-0.026333855075296467
X_ev_breakout,20231005,電器電纜,RANGE,盤整強勢,-0.008692332026098992,-0.029913378083408368,0.0056036260377534675
X_ev_breakout,20231012,電器電纜,RANGE,盤整弱勢,-0.02539948769644671,-0.037459329331619245,-0.0004076208870722048
X_ev_breakout,20231129,電器電纜,RANGE,盤整強勢,0.021485818158973047,0.03569117313774116,0.014355840040608539
X_ev_breakout,20240226,電器電纜,RANGE,盤整弱勢,0.006228235338109438,0.13686246353902576,0.19969730325971424
X_ev_breakout,20240229,電器電纜,RANGE,盤整強勢,-0.013847370758922813,0.08603202446743523,0.16744824133516886
X_ev_breakout,20240311,電器電纜,RANGE,盤整弱勢,0.022975277142878683,0.09927208314071989,0.1883005996449873
X_ev_breakout,20240614,電器電纜,BULL,多頭強勢,-0.013299341478569877,-0.031678761097683666,-0.08268550343725972
X_ev_breakout,20250326,電器電纜,RANGE,盤整強勢,-0.03294109335756826,-0.046287829808253966,0.002560247637728316
X_ev_breakout,20250616,電器電纜,RANGE,盤整強勢,0.004666209621049714,-0.019074888082673904,-0.033076689033707175
X_ev_breakout,20250624,電器電纜,RANGE,盤整弱勢,-0.010905898530295832,-0.018605236110478145,-0.042809629121990815
X_ev_breakout,20250805,電器電纜,RANGE,盤整弱勢,-0.014319961739558358,-0.02871459822584338,0.015640746520830716
X_ev_breakout,20251007,電器電纜,BULL,多頭強勢,-0.01103958916977179,-0.01022220615308158,-0.03492686073549447
X_ev_breakout,20251226,電器電纜,RANGE,盤整強勢,-0.0025973744152395306,0.007675966212501592,-0.12200186406533835
X_ev_breakout,20260107,電器電纜,RANGE,盤整強勢,0.013897366822448524,-0.01795681495999574,-0.11928842204266726
X_ev_breakout,20260112,電器電纜,RANGE,盤整弱勢,0.020910482102502657,-0.02333937969938864,-0.11033173018670739
X_ev_breakout,20260204,電器電纜,RANGE,盤整弱勢,0.0026528880531974004,-0.05293902863771375,-0.11363753231042029
X_ev_breakout,20260526,電器電纜,RANGE,盤整強勢,0.05332793218930524,0.03564374519392972,0.025075841991546263
X_ev_breakout,20260703,電器電纜,RANGE,盤整強勢,-0.031891858653944234,-0.043039887849675246,-0.036926390099445754
X_ev_breakout,20260930,電器電纜,RANGE,盤整強勢,-0.003674162641610834,,
X_ev_breakout,20210726,電子通路業,RANGE,盤整強勢,0.008474215505689622,0.022352556802759493,0.06591900629581915
X_ev_breakout,20210805,電子通路業,RANGE,盤整強勢,0.00855911095571435,0.023015652443158605,0.044293282390644256
X_ev_breakout,20210917,電子通路業,BULL,多頭弱勢,0.00024201357071083722,0.0013555473658801356,0.08600547487780717
X_ev_breakout,20210923,電子通路業,BULL,多頭強勢,-0.008376781869860933,-0.002451152885252517,0.08432757238769356
X_ev_breakout,20210930,電子通路業,BULL,多頭弱勢,0.00798632696366643,0.012020277593085382,0.10868360784193627
X_ev_breakout,20211101,電子通路業,BULL,多頭弱勢,0.008016412660785437,0.0626443286603188,0.07481701723636079
X_ev_breakout,20211103,電子通路業,BULL,多頭弱勢,0.020280787799252024,0.06174656968106425,0.0810529369295078
X_ev_breakout,20220323,電子通路業,RANGE,盤整弱勢,-0.010546745309125801,-0.02408097053955857,0.019393751417698682
X_ev_breakout,20220330,電子通路業,RANGE,盤整弱勢,-0.0035682878174340526,-0.006645833926973991,0.025778679080444525
X_ev_breakout,20220406,電子通路業,RANGE,盤整弱勢,-0.0005274879980897186,0.006680583003304846,0.010822628339513696
X_ev_breakout,20220530,電子通路業,RANGE,盤整弱勢,-0.005539220962299441,-0.01305033104083024,-0.01867292680829659
X_ev_breakout,20230220,電子通路業,RANGE,盤整弱勢,-0.002407738908172344,0.00490667155538374,-0.033899917261050974
X_ev_breakout,20230412,電子通路業,BULL,多頭弱勢,-0.007188683121623946,-0.013810473418956908,-0.06235131758063493
X_ev_breakout,20230605,電子通路業,RANGE,盤整弱勢,0.001337250068408095,-0.0158651765736779,-0.02285805475611205
X_ev_breakout,20231006,電子通路業,RANGE,盤整弱勢,0.017041569895847365,0.04416103344350355,0.04329529207955679
X_ev_breakout,20231012,電子通路業,RANGE,盤整強勢,0.012245572568137318,0.026910877685540985,0.03010860689668253
X_ev_breakout,20240104,電子通路業,RANGE,盤整強勢,0.0072351689533648005,0.09342665752790483,0.11928090646630803
X_ev_breakout,20240110,電子通路業,BULL,多頭強勢,0.01883143204231213,0.10030451499279938,0.07754094790364899
X_ev_breakout,20240412,電子通路業,BULL,多頭強勢,-0.03259355741004155,-0.02642970802747948,0.0431771730570058
X_ev_breakout,20240506,電子通路業,BULL,多頭強勢,-0.016665010868598826,0.04455247683152734,-0.006848939881612864
X_ev_breakout,20240517,電子通路業,BULL,多頭強勢,0.016249665853935797,0.038522209719203324,0.0017179235219957605
X_ev_breakout,20241021,電子通路業,RANGE,盤整強勢,-0.0009991154544176234,-0.003854276689627685,-0.03696884867217316
X_ev_breakout,20250317,電子通路業,RANGE,盤整強勢,-0.012595026181326885,-0.01481877639429427,0.0006395469566994605
X_ev_breakout,20250805,電子通路業,RANGE,盤整強勢,-0.023144598816583213,-0.02887893830746452,0.002461242336789257
X_ev_breakout,20250828,電子通路業,RANGE,盤整強勢,-0.014025511885575792,-0.0019508546010379886,0.039675101764077375
X_ev_breakout,20250910,電子通路業,RANGE,盤整強勢,0.021841705492265665,0.015082147898881137,0.06585824621818558
X_ev_breakout,20250918,電子通路業,BULL,多頭強勢,-0.01017670117998061,0.012107148594463804,0.045369953003979835
X_ev_breakout,20251021,電子通路業,BULL,多頭強勢,0.004474754895407215,0.025018701816544343,0.0938433126031726
X_ev_breakout,20251103,電子通路業,BULL,多頭弱勢,0.03321172459168709,0.010862089099565538,0.09251084862072459
X_ev_breakout,20251106,電子通路業,BULL,多頭強勢,0.03401025890937743,0.009888305951918565,0.08431641136637988
X_ev_breakout,20251111,電子通路業,BULL,多頭強勢,-0.016474011573143925,-0.0035215640091024636,0.034238789416674804
X_ev_breakout,20251229,電子通路業,RANGE,盤整強勢,0.035819740429376704,0.02995856192943376,0.08204776257308599
X_ev_breakout,20260224,電子通路業,RANGE,盤整強勢,-0.014397313893546003,0.030811451552410697,0.2037718832402884
X_ev_breakout,20260311,電子通路業,RANGE,盤整強勢,0.04675409055001499,0.03723501101598152,0.19412411831126275
X_ev_breakout,20260316,電子通路業,BULL,多頭強勢,-0.017751321805061126,0.00043248362979842955,0.12537041200218532
X_ev_breakout,20260416,電子通路業,BULL,多頭強勢,0.009643998855989325,0.09148508869181779,0.11762205327810135
X_ev_breakout,20210723,電子零組件業,RANGE,盤整弱勢,-0.015169834585214037,-0.04030423236120899,-0.050041120792680235
X_ev_breakout,20210805,電子零組件業,RANGE,盤整強勢,-0.03206015449981073,-0.014007207210220876,-0.013361547352077258
X_ev_breakout,20211027,電子零組件業,RANGE,盤整強勢,0.008984777834255357,0.02527105493987332,0.037445358805132056
X_ev_breakout,20230201,電子零組件業,RANGE,盤整強勢,-0.003648087343020974,-0.01071196843829969,0.0052263919241839485
X_ev_breakout,20230323,電子零組件業,BULL,多頭強勢,0.002177087873466573,-0.008249617778215779,-0.00951708695973097
X_ev_breakout,20230330,電子零組件業,BULL,多頭弱勢,0.01354142653535666,-0.014324852304878621,-0.0019705268098192813
X_ev_breakout,20230426,電子零組件業,RANGE,盤整弱勢,0.0013766655360408046,0.005462689896665127,0.054017967848032006
X_ev_breakout,20230529,電子零組件業,BULL,多頭強勢,-0.010868385359497183,-0.014331582192656317,0.06443378687283638
X_ev_breakout,20230901,電子零組件業,RANGE,盤整強勢,-0.0005678759665051457,0.01777499612472836,0.005460473032232224
X_ev_breakout,20230912,電子零組件業,RANGE,盤整弱勢,0.0007552242829344198,-0.0007140927208330629,0.006653085186738579
X_ev_breakout,20231002,電子零組件業,RANGE,盤整強勢,-0.011171046292520682,-0.022380219500206577,-0.02004659961493578
X_ev_breakout,20231120,電子零組件業,RANGE,盤整弱勢,-0.003661354751159229,-0.009004849687961537,0.045573709518569996
X_ev_breakout,20240215,電子零組件業,BULL,多頭強勢,0.006241961697469881,-0.01235165994278262,-0.04278878126321849
X_ev_breakout,20240517,電子零組件業,RANGE,盤整弱勢,0.03020734168246982,0.03334388465109765,0.010220474614649503
X_ev_breakout,20240923,電子零組件業,RANGE,盤整弱勢,-0.020847678216491326,0.005117766904411018,-0.009208567875185592
X_ev_breakout,20241023,電子零組件業,RANGE,盤整強勢,-0.011837584198280819,-0.015510455707485465,-0.025771260150284837
X_ev_breakout,20250716,電子零組件業,RANGE,盤整強勢,0.006727837008776771,0.07207086904253687,0.10779153829952895
X_ev_breakout,20250922,電子零組件業,BULL,多頭強勢,-0.004894863738961138,0.04293699951088797,0.09175931009439924
X_ev_breakout,20250924,電子零組件業,BULL,多頭強勢,0.012165746715942852,0.05376309937400711,0.1017619961397506
X_ev_breakout,20251007,電子零組件業,BULL,多頭強勢,-0.003493604098975831,0.02190928901401632,0.10254352732916237
X_ev_breakout,20251020,電子零組件業,BULL,多頭強勢,0.010813380020855341,0.007753031453055212,0.09361106922730089
X_ev_breakout,20251203,電子零組件業,RANGE,盤整強勢,0.02218745916735256,0.054683359061561944,0.10729556161355372
X_ev_breakout,20260224,電子零組件業,BULL,多頭強勢,-0.005654738702081295,0.013159496537036054,0.3146637674953492
X_ev_breakout,20260306,電子零組件業,BULL,多頭弱勢,0.041418885553320337,0.07483329848011096,0.38506080669959086
X_ev_breakout,20260313,電子零組件業,BULL,多頭弱勢,0.0034079376797370555,0.08937201358377286,0.31713473853706464
X_ev_breakout,20260318,電子零組件業,BULL,多頭強勢,-0.010166223678140903,0.11038574357191118,0.3180820074126469
X_ev_breakout,20260409,電子零組件業,BULL,多頭強勢,0.05395351591780575,0.1282669503114877,0.2716348683918776
X_ev_breakout,20260930,電子零組件業,RANGE,盤整強勢,0.026509244452197454,,
X_ev_breakout,20210924,電機機械,RANGE,盤整強勢,0.003216958059286061,0.01646066104140241,-0.004666407548781011
X_ev_breakout,20210930,電機機械,RANGE,盤整弱勢,0.008428567725761633,0.014083174538363885,-0.0042760731886450215
X_ev_breakout,20211025,電機機械,RANGE,盤整弱勢,-0.000261143456453547,-0.007440925056136305,-0.022947780869166004
X_ev_breakout,20220601,電機機械,RANGE,盤整弱勢,0.00679778713929277,0.02350632639383954,0.053939328938725155
X_ev_breakout,20220615,電機機械,RANGE,盤整弱勢,0.008630053946279526,0.027304170621259907,0.041394775550251776
X_ev_breakout,20220817,電機機械,BULL,多頭弱勢,0.002893023883065275,-0.0014168186428414496,-0.019867669125300684
X_ev_breakout,20220912,電機機械,RANGE,盤整弱勢,0.0034545314916352605,0.004564660243402588,-0.026611003534803508
X_ev_breakout,20230130,電機機械,RANGE,盤整強勢,-0.0025694032618473438,0.007502525029230184,0.03995644877911313
X_ev_breakout,20230406,電機機械,BULL,多頭弱勢,0.008584445609863905,0.002594118227722139,0.07136575349423546
X_ev_breakout,20230523,電機機械,BULL,多頭強勢,0.008942210413973528,0.04758725055571533,0.0632510470043138
X_ev_breakout,20230529,電機機械,RANGE,盤整強勢,0.004868601365605969,0.03814527821918187,0.05677739969432746
X_ev_breakout,20231117,電機機械,RANGE,盤整弱勢,0.0015081439702796908,-0.00718528092336352,0.03554637448520859
X_ev_breakout,20240131,電機機械,RANGE,盤整強勢,0.009735931461027629,0.035303160754722625,0.06293074051438108
X_ev_breakout,20240322,電機機械,RANGE,盤整強勢,-0.004001370974671776,-0.007445257644460173,0.023219702953105617
X_ev_breakout,20240517,電機機械,BULL,多頭弱勢,0.018838501457629404,0.04885045936896719,0.09309490694118641
X_ev_breakout,20240828,電機機械,RANGE,盤整強勢,0.005610102872013974,0.005251712750166001,-0.010462262581547428
X_ev_breakout,20240919,電機機械,BULL,多頭強勢,-0.006435857489455327,0.011809349960835505,-0.0001875030994946611
X_ev_breakout,20241007,電機機械,BULL,多頭弱勢,0.007696298224204942,0.01985157147418567,0.0248181755892146
X_ev_breakout,20241021,電機機械,BULL,多頭強勢,-0.013289945977087284,-0.03541081277399683,-0.01786631088234776
X_ev_breakout,20250217,電機機械,RANGE,盤整強勢,0.014764769509052233,-0.0108537449333969,-0.0207336822289359
X_ev_breakout,20250808,電機機械,RANGE,盤整強勢,-0.005864241265602917,-0.00670342371297827,-0.01742842508984566
X_ev_breakout,20250821,電機機械,RANGE,盤整弱勢,0.01606018430846394,-0.003251632528835581,-0.023974644500368895
X_ev_breakout,20251229,電機機械,RANGE,盤整弱勢,-0.0034442229850595732,0.0706749364282346,-0.0023162906096416656
X_ev_breakout,20260102,電機機械,RANGE,盤整弱勢,-0.0007536479335926924,0.04813027007604474,0.0056870556722027135
X_ev_breakout,20260107,電機機械,RANGE,盤整弱勢,0.02124636460926738,0.05183387629480479,0.02781815819252203
X_ev_breakout,20260109,電機機械,RANGE,盤整弱勢,0.05906141395057503,0.04857909490605081,0.032016868136282864
X_ev_breakout,20260414,電機機械,RANGE,盤整強勢,0.003827582831178504,0.02453134282279623,-0.00562158465446462
X_ev_breakout,20210723,電腦及週邊設備業,RANGE,盤整弱勢,-0.009857315882166207,-0.034322912850447904,-0.023802946595444616
X_ev_breakout,20211021,電腦及週邊設備業,RANGE,盤整強勢,0.013303847408439732,0.031630152157474035,0.06723260148367131
X_ev_breakout,20220812,電腦及週邊設備業,RANGE,盤整弱勢,0.007035883944514206,0.0070153068208449725,0.023263658210590052
X_ev_breakout,20220908,電腦及週邊設備業,RANGE,盤整弱勢,-0.003977139042040161,-0.007809855010692021,0.020464949682860497
X_ev_breakout,20221214,電腦及週邊設備業,RANGE,盤整強勢,-0.01565093884659854,-0.03343448664259898,0.035405790734035825
X_ev_breakout,20230202,電腦及週邊設備業,BULL,多頭強勢,0.0044889196090315865,0.02251452840921564,0.06372597239939544
X_ev_breakout,20230517,電腦及週邊設備業,BULL,多頭強勢,0.018907229113919025,0.11652890922761239,0.18468197229398609
X_ev_breakout,20231120,電腦及週邊設備業,RANGE,盤整弱勢,-0.02143242037558,-0.010207974685747946,0.034203999826241796
X_ev_breakout,20231128,電腦及週邊設備業,RANGE,盤整弱勢,0.006701483224879991,0.029324959504970296,0.0768142281038239
X_ev_breakout,20240123,電腦及週邊設備業,RANGE,盤整強勢,-0.009608453536000506,0.0175103042349897,-0.05531063832897318
X_ev_breakout,20240202,電腦及週邊設備業,BULL,多頭強勢,0.008218147588702887,-0.001075450331551063,-0.04135610762480814
X_ev_breakout,20240521,電腦及週邊設備業,RANGE,盤整強勢,0.03959790907443329,0.021051969254173394,-0.01668536481834821
X_ev_breakout,20240703,電腦及週邊設備業,BULL,多頭強勢,-0.004228338965846087,-0.06145018336641753,-0.0489495487225667
X_ev_breakout,20241017,電腦及週邊設備業,RANGE,盤整強勢,0.011140291730406844,0.015056272116134459,0.035916878904488345
X_ev_breakout,20241021,電腦及週邊設備業,RANGE,盤整強勢,-0.0052768417396404504,0.023407207589138605,0.025373607702893916
X_ev_breakout,20241106,電腦及週邊設備業,RANGE,盤整強勢,0.010138861471823378,0.03092273715204906,0.047920406402942775
X_ev_breakout,20241113,電腦及週邊設備業,RANGE,盤整強勢,0.006243993020367022,0.006291813299714001,0.04639444549799742
X_ev_breakout,20241119,電腦及週邊設備業,RANGE,盤整強勢,0.0025102415468508926,-0.002117165598891642,0.05954183185665151
X_ev_breakout,20241122,電腦及週邊設備業,RANGE,盤整強勢,-0.0022096537911548107,0.0016788030303037313,0.037965050826553985
X_ev_breakout,20241203,電腦及週邊設備業,RANGE,盤整弱勢,-0.0171884871880403,-0.0032465212848248395,0.002276264671668568
X_ev_breakout,20250207,電腦及週邊設備業,RANGE,盤整強勢,0.007408321818921589,-0.004904247718935792,-0.040536694692023194
X_ev_breakout,20250718,電腦及週邊設備業,RANGE,盤整強勢,-2.6182479295729436e-05,0.015808609097593546,0.03672023064646403
X_ev_breakout,20250724,電腦及週邊設備業,RANGE,盤整強勢,0.015337644167357542,0.01582716971313288,0.050332275811040265
X_ev_breakout,20260318,電腦及週邊設備業,RANGE,盤整強勢,-0.018657927183627795,0.014926558786123218,0.11076565023032534
X_ev_breakout,20260415,電腦及週邊設備業,RANGE,盤整強勢,0.033941610391105555,0.0748138241457673,0.08615312433301645
X_ev_breakout,20211018,食品工業,RANGE,盤整強勢,-0.003755660241743619,-0.033609213434911564,-0.026144364161498138
X_ev_breakout,20211116,食品工業,RANGE,盤整弱勢,0.0023311679823107166,0.0032948168994391056,0.02522081019605693
X_ev_breakout,20211208,食品工業,BULL,多頭弱勢,0.0008230192733010254,-0.004031556135310279,0.015165501462794368
X_ev_breakout,20211228,食品工業,BULL,多頭弱勢,0.0002671103729507277,0.023099936041046897,0.013239306771448451
X_ev_breakout,20220209,食品工業,BULL,多頭弱勢,0.019180963647250505,0.004388409103214124,0.04293721441011244
X_ev_breakout,20220415,食品工業,BULL,多頭強勢,0.02203152543870588,0.002320513560996322,0.04556083557537098
X_ev_breakout,20220428,食品工業,BULL,多頭強勢,-0.00877272615380386,-0.03328335059749841,0.004218266743263435
X_ev_breakout,20220822,食品工業,RANGE,盤整弱勢,-0.0039254708645795385,0.006196970185425803,0.011508714382255598
X_ev_breakout,20220824,食品工業,RANGE,盤整弱勢,0.0036722900245100927,0.015522583673344213,0.010469172463944625
X_ev_breakout,20220831,食品工業,RANGE,盤整弱勢,0.010545345351384391,0.026037777076760124,0.004701168040599064
X_ev_breakout,20230109,食品工業,RANGE,盤整弱勢,0.004936868655966679,-0.011542888133542338,-0.022878914095077085
X_ev_breakout,20230406,食品工業,BULL,多頭強勢,-0.018116764020951776,-0.006445669960554526,-0.053909851166045075
X_ev_breakout,20230412,食品工業,BULL,多頭弱勢,-0.006530013322522271,0.008654266327337463,-0.03890803072896963
X_ev_breakout,20230424,食品工業,BULL,多頭強勢,-0.01644727065515877,-0.009137803282117718,-0.03686880289509003
X_ev_breakout,20230426,食品工業,BULL,多頭強勢,-0.0020194013761274006,-0.004050745141977643,-0.030924852362928995
X_ev_breakout,20230428,食品工業,BULL,多頭弱勢,0.019329934714513587,-0.002572364377649723,-0.023871308728057254
X_ev_breakout,20230504,食品工業,BULL,多頭弱勢,0.009149888788797439,-0.026031884514455445,-0.02467363958543089
X_ev_breakout,20230516,食品工業,BULL,多頭弱勢,-0.010664831195469484,-0.05217347453447351,-0.02719576621193845
X_ev_breakout,20231220,食品工業,RANGE,盤整強勢,0.008303612751910001,0.011736795017065042,-0.03831456575842107
X_ev_breakout,20231226,食品工業,RANGE,盤整弱勢,0.0034355575311579125,-0.004538562669471044,-0.03588283294801541
X_ev_breakout,20240328,食品工業,BULL,多頭強勢,-0.01741362558644438,-0.03618953671719564,-0.04697103412596787
X_ev_breakout,20240506,食品工業,RANGE,盤整弱勢,-0.0014710799198800343,-0.011237954172128764,0.022783658069612883
X_ev_breakout,20240510,食品工業,RANGE,盤整弱勢,0.01038529993297338,-0.011176379743485152,0.04324733090530304
X_ev_breakout,20240515,食品工業,RANGE,盤整弱勢,0.005551027757634667,-0.0173240105141063,0.03543937703883132
X_ev_breakout,20240619,食品工業,RANGE,盤整弱勢,0.00429943374850706,0.00043227224417000804,0.028884598736805683
X_ev_breakout,20240809,食品工業,RANGE,盤整強勢,-0.01806678298922248,-0.017139699617645776,-0.05091839026816854
X_ev_breakout,20241001,食品工業,RANGE,盤整強勢,-0.01661578134166416,-0.02601362502582472,-0.047589805528790385
X_ev_breakout,20250903,食品工業,RANGE,盤整強勢,0.004757395896839952,-0.003130362997232154,-0.04690600005251033
X_ev_breakout,20250918,食品工業,RANGE,盤整弱勢,-0.0016427437909376646,-0.02823560140384109,-0.05047206940561966
X_ev_breakout,20260115,食品工業,RANGE,盤整弱勢,-8.951859548874449e-05,-0.002199370760269319,-0.047642682397086876
X_ev_breakout,20260123,食品工業,RANGE,盤整弱勢,0.019954751249313743,0.009988377547650022,-0.06189877784492441
X_ev_breakout,20260302,食品工業,RANGE,盤整弱勢,0.008550999374193215,-0.010079740866759085,-0.11297149869090573
X_ev_reclaim,20211018,光電業,RANGE,盤整弱勢,0.01644690735007487,0.05065271653658483,0.10831296958929447
X_ev_reclaim,20220225,光電業,RANGE,盤整弱勢,-0.018337023583767438,-0.017046965154561774,-0.05655939770502347
X_ev_reclaim,20220321,光電業,RANGE,盤整弱勢,-0.005946680335798878,-0.04758300678516328,-0.06520006048632677
X_ev_reclaim,20220621,光電業,BEAR,空頭弱勢,0.00983067171585454,0.008441012754380153,0.03638143159658718
X_ev_reclaim,20220624,光電業,BEAR,空頭弱勢,-0.02771007577848631,0.005447018583500246,0.023641762766125573
X_ev_reclaim,20220721,光電業,RANGE,盤整強勢,-0.004115146304955151,0.032048322552102465,0.0001476391188311721
X_ev_reclaim,20231025,光電業,RANGE,盤整強勢,-0.00021861293550000122,0.015224961350091604,0.03384335116480179
X_ev_reclaim,20231030,光電業,RANGE,盤整強勢,-0.008372530315149625,0.009268516033035329,0.049623438776648404
X_ev_reclaim,20231102,光電業,RANGE,盤整弱勢,-0.013259544485863882,0.011373834833502294,0.0613966785513398
X_ev_reclaim,20241225,光電業,RANGE,盤整強勢,-0.011439224903122065,-0.03759236507614039,-0.03974657868382491
X_ev_reclaim,20250116,光電業,BEAR,空頭弱勢,-0.009311329397976707,0.010084598005074233,-0.019839196137481765
X_ev_reclaim,20250624,光電業,RANGE,盤整弱勢,0.002444225037210257,-0.002053297851721252,0.08890904747534589
X_ev_reclaim,20251204,光電業,RANGE,盤整強勢,0.014822341838380278,0.06266208551946346,0.13229662650112123
X_ev_reclaim,20220429,其他,RANGE,盤整弱勢,0.007757463884424571,-0.001451970284384498,0.01961291807711721
X_ev_reclaim,20220505,其他,RANGE,盤整弱勢,0.003996446629812592,2.800497350340797e-05,0.01740913221713676
X_ev_reclaim,20230904,其他,RANGE,盤整弱勢,0.013580893899905626,0.018337835868968106,0.011598101653166167
X_ev_reclaim,20241030,其他,RANGE,盤整弱勢,0.00268139952584041,0.02221475883177382,0.05955670045505193
X_ev_reclaim,20241119,其他,RANGE,盤整強勢,0.0010661945779767684,0.015353021309796537,0.01822501027598255
X_ev_reclaim,20241223,其他,RANGE,盤整弱勢,0.014134495595813907,0.01674714922225667,0.028745454496061022
X_ev_reclaim,20250114,其他,RANGE,盤整弱勢,-0.003888042154673428,-0.020365535124713105,-0.006586675775947445
X_ev_reclaim,20250723,其他,RANGE,盤整弱勢,-0.006101290408093083,-0.026266660222023425,-0.021434686131386726
X_ev_reclaim,20250804,其他,RANGE,盤整弱勢,-0.005462829514196766,-0.0044342632365047385,-0.022137323529465024
X_ev_reclaim,20251127,其他,RANGE,盤整強勢,0.0018733100347099385,-0.005693005871345646,-0.06714570561282363
X_ev_reclaim,20260112,其他,RANGE,盤整弱勢,-0.014083258905457276,-0.00680590720004708,-0.0826401503910843
X_ev_reclaim,20260428,其他,RANGE,盤整弱勢,-0.009937413227694192,-0.04293882769781953,0.015396750051191954
X_ev_reclaim,20260505,其他,RANGE,盤整弱勢,-0.0028491836019324092,-0.05657428309314021,0.027406182141143032
X_ev_reclaim,20260603,其他,RANGE,盤整弱勢,0.03141791600119157,0.029010033161518636,0.048902612272878426
X_ev_reclaim,20260916,其他,RANGE,盤整強勢,-0.004128107771327312,,
X_ev_reclaim,20220309,其他電子業,RANGE,盤整弱勢,-0.007545482508204282,-0.035144537138783086,-0.032427556238365074
X_ev_reclaim,20220317,其他電子業,RANGE,盤整弱勢,-0.003884307086270319,-0.05282735572363376,-0.022777726263966645
X_ev_reclaim,20241217,其他電子業,RANGE,盤整強勢,0.012331010369225244,0.005034884196383947,-0.023599750303561356
X_ev_reclaim,20241223,其他電子業,RANGE,盤整強勢,0.004891005309563529,0.005520637554915327,-0.052051319915428336
X_ev_reclaim,20250120,其他電子業,RANGE,盤整弱勢,-0.004272363624440122,-0.013862650774229338,-0.04074220823002247
X_ev_reclaim,20251127,其他電子業,RANGE,盤整弱勢,0.012766784282358688,0.04028281306215413,0.0731465733411999
X_ev_reclaim,20260715,其他電子業,RANGE,盤整弱勢,-0.016082414640159658,-0.01230423957715349,
X_ev_reclaim,20220207,化學工業,RANGE,盤整弱勢,0.0218191727954773,0.008708392220498174,0.014149213497950935
X_ev_reclaim,20220624,化學工業,BEAR,空頭弱勢,-0.009722663262725452,-0.006247226655789945,0.017670690987477488
X_ev_reclaim,20220930,化學工業,RANGE,盤整弱勢,-0.014366544611443014,-0.035562355485570324,-0.05378985982051252
X_ev_reclaim,20221004,化學工業,RANGE,盤整弱勢,-0.02750152294608775,-0.034612158761060136,-0.0556117088846307
X_ev_reclaim,20230905,化學工業,RANGE,盤整強勢,0.008836209200776872,0.004366661741811884,0.0031247369095515204
X_ev_reclaim,20231102,化學工業,RANGE,盤整弱勢,0.0005973442763923332,-0.011184316982168263,-0.03262688061297857
X_ev_reclaim,20240807,化學工業,RANGE,盤整弱勢,-0.0005318785765261527,0.05503638396868621,0.046111621694416904
X_ev_reclaim,20241107,化學工業,RANGE,盤整弱勢,-0.008149995748332722,-0.015052809663450958,-0.028062431761311363
X_ev_reclaim,20250116,化學工業,BEAR,空頭抗跌,-0.00900105771294065,-0.005649606477926214,-0.031219612677187217
X_ev_reclaim,20250401,化學工業,RANGE,盤整弱勢,-0.011081057475320191,-0.02273449601360905,-0.01304418939931578
X_ev_reclaim,20251112,化學工業,RANGE,盤整弱勢,-0.006257404237540943,0.003422792001774559,0.06093308315941501
X_ev_reclaim,20251202,化學工業,RANGE,盤整強勢,-0.0021128787308391126,0.06189647332032695,0.12158725626033372
X_ev_reclaim,20260721,化學工業,RANGE,盤整弱勢,-0.04922939667095943,-0.012101098642134767,
X_ev_reclaim,20260812,化學工業,RANGE,盤整強勢,-0.009604699606382461,-0.005532831053167117,
X_ev_reclaim,20220110,半導體業,RANGE,盤整弱勢,0.014517789570347998,0.00021131417665909424,-0.11815815432705565
X_ev_reclaim,20220225,半導體業,RANGE,盤整弱勢,-0.025112302199435728,-0.006593882558539262,-0.07151966451672706
X_ev_reclaim,20220310,半導體業,RANGE,盤整弱勢,0.004379229468327179,-0.05775703834861322,-0.04366855581832666
X_ev_reclaim,20220317,半導體業,RANGE,盤整弱勢,0.005395743174188764,-0.09303261767741358,-0.08270491524715537
X_ev_reclaim,20220413,半導體業,BEAR,空頭弱勢,-0.021554589024435234,0.0016663453812306023,-0.11995954927354362
X_ev_reclaim,20230426,半導體業,RANGE,盤整弱勢,-0.0038260158989049282,0.011967070838893843,0.03875196265731948
X_ev_reclaim,20230517,半導體業,RANGE,盤整弱勢,0.010028531138015342,0.06102542103296781,0.0304288866481046
X_ev_reclaim,20230725,半導體業,RANGE,盤整弱勢,-0.001604326349235084,0.014479153540776023,0.09405404192389455
X_ev_reclaim,20230727,半導體業,RANGE,盤整弱勢,-0.013477954475074265,-0.009041210084914313,0.06189441752516073
X_ev_reclaim,20230807,半導體業,RANGE,盤整弱勢,-0.010127542295130298,0.04558439065466201,0.08417671418039988
X_ev_reclaim,20240111,半導體業,RANGE,盤整強勢,0.01290153688272881,0.04692602320598541,-0.047361342934397664
X_ev_reclaim,20240115,半導體業,BULL,多頭強勢,0.008478701163316005,0.03249728479295608,-0.08246838701013054
X_ev_reclaim,20240119,半導體業,RANGE,盤整強勢,-0.0031295390672015783,0.02834448024268304,-0.07464468397289828
X_ev_reclaim,20240417,半導體業,RANGE,盤整弱勢,-0.0271859018790682,-0.03302371857882983,0.032848292070224466
X_ev_reclaim,20240430,半導體業,RANGE,盤整強勢,-0.004372037228445983,0.0353409442230098,0.001418265260661744
X_ev_reclaim,20240812,半導體業,RANGE,盤整強勢,0.02735351608162911,-0.0059093369754632235,0.01729991541690746
X_ev_reclaim,20241129,半導體業,RANGE,盤整弱勢,0.0247651446231164,0.034089554167004175,-0.005098166319352374
X_ev_reclaim,20250122,半導體業,RANGE,盤整強勢,0.015466749682316254,-0.0011504653030647294,-0.0768706574471236
X_ev_reclaim,20260310,半導體業,RANGE,盤整弱勢,0.05769896459336133,0.07183241348956901,0.29310842416996524
X_ev_reclaim,20260722,半導體業,RANGE,盤整弱勢,-0.10697506502498878,-0.01849241154114225,
X_ev_reclaim,20260810,半導體業,RANGE,盤整強勢,-0.009676868660958994,0.018109880418220845,
X_ev_reclaim,20260812,半導體業,RANGE,盤整強勢,-0.0332661950363631,-0.0008114609599083251,
X_ev_reclaim,20211101,塑膠工業,RANGE,盤整弱勢,0.0006212412076208422,-0.011175612788372737,0.007607368481335239
X_ev_reclaim,20211103,塑膠工業,RANGE,盤整弱勢,0.008184388090511144,0.0003247538613982571,0.011497456087126295
X_ev_reclaim,20211105,塑膠工業,RANGE,盤整弱勢,-0.005635567224253313,-0.007546581960132814,0.0012948787226240988
X_ev_reclaim,20220309,塑膠工業,RANGE,盤整弱勢,0.007945765051237142,-0.02498409457795404,-0.047841581647649345
X_ev_reclaim,20220419,塑膠工業,RANGE,盤整弱勢,0.004350574454554723,-0.006036879818109894,-0.039929038699733216
X_ev_reclaim,20220805,塑膠工業,BEAR,空頭弱勢,0.0013575385177638406,-0.012507295472527574,0.022726685958059697
X_ev_reclaim,20230515,塑膠工業,RANGE,盤整強勢,-0.007995614459594597,-0.034528626010565854,-0.012132877886741627
X_ev_reclaim,20230725,塑膠工業,RANGE,盤整弱勢,0.02132137749870149,0.019032615724276634,0.05106232459760129
X_ev_reclaim,20230901,塑膠工業,RANGE,盤整弱勢,0.012379537025702773,-0.0038584036994959384,0.00619938337797625
X_ev_reclaim,20231101,塑膠工業,RANGE,盤整弱勢,-0.003282483302953429,-0.012717620963039578,-0.07144390109924303
X_ev_reclaim,20240321,塑膠工業,RANGE,盤整弱勢,0.00015702844366711956,-0.02164871184869606,-0.08618583056881174
X_ev_reclaim,20240325,塑膠工業,BEAR,空頭弱勢,0.0027669988716257,-0.02699577756511755,-0.07722960512801932
X_ev_reclaim,20240424,塑膠工業,BEAR,空頭抗跌,0.007043704906314303,-0.02825319664519009,-0.015812622764114104
X_ev_reclaim,20240426,塑膠工業,BEAR,空頭抗跌,-0.016244463212831784,-0.02932649981795544,-0.013038191284238963
X_ev_reclaim,20240809,塑膠工業,RANGE,盤整弱勢,-0.013515111613209726,-0.04182715270510712,-0.04721868182221574
X_ev_reclaim,20240911,塑膠工業,RANGE,盤整弱勢,0.010429247436486367,-0.021851272595835164,-0.07001366674427949
X_ev_reclaim,20260731,塑膠工業,RANGE,盤整弱勢,0.005252645641694205,0.06940879804711883,
X_ev_reclaim,20210910,居家生活,RANGE,盤整弱勢,0.01043155669853012,0.009874577233388655,-0.041193819210336324
X_ev_reclaim,20210923,居家生活,BEAR,空頭弱勢,0.004421302208122285,-0.0013497592036684995,-0.04384094795325127
X_ev_reclaim,20210930,居家生活,BEAR,空頭弱勢,-0.012449759375426566,-0.014506893734728521,-0.058217647244816303
X_ev_reclaim,20220517,居家生活,RANGE,盤整弱勢,-0.0036071471089136687,0.004412763803742252,0.05708323921491058
X_ev_reclaim,20220627,居家生活,RANGE,盤整弱勢,0.010965910006472311,0.04241836424672625,0.06617192007639744
X_ev_reclaim,20220721,居家生活,RANGE,盤整強勢,0.023541171016994912,0.02465085814417603,0.034464909525204285
X_ev_reclaim,20221014,居家生活,RANGE,盤整弱勢,-0.0017906254726419027,-0.013990298524222428,0.0035125586052705826
X_ev_reclaim,20221024,居家生活,RANGE,盤整弱勢,-0.009057961418137226,-0.006766421396433145,-0.000955708666534133
X_ev_reclaim,20221027,居家生活,RANGE,盤整弱勢,-0.006480144491312893,-0.010973491315108302,-0.005765621698835904
X_ev_reclaim,20221101,居家生活,RANGE,盤整弱勢,-0.008768491857917816,-0.01439568678769737,0.0002826342882057409
X_ev_reclaim,20230825,居家生活,RANGE,盤整強勢,-0.011972009863117864,-0.009503877299801313,0.006837461077695069
X_ev_reclaim,20230830,居家生活,RANGE,盤整強勢,-0.010275169484964274,-0.00016035176051153914,0.0076728844776932925
X_ev_reclaim,20240710,居家生活,RANGE,盤整弱勢,0.001822610844528874,0.07651310130109198,0.07355188515657157
X_ev_reclaim,20240717,居家生活,RANGE,盤整弱勢,0.036740214967640746,0.07686375788836791,0.05963105117267484
X_ev_reclaim,20240731,居家生活,RANGE,盤整強勢,0.024268372700986612,0.02767032548314135,0.01581055813518345
X_ev_reclaim,20240812,居家生活,RANGE,盤整弱勢,-0.0052893026310241766,0.001920480400155718,-0.018325367157304144
X_ev_reclaim,20251017,居家生活,RANGE,盤整弱勢,-0.008630972904543184,-0.007434312830228586,-0.05179482603531053
X_ev_reclaim,20260112,居家生活,RANGE,盤整弱勢,-0.015482930536763553,-0.019651898928065226,-0.09773820743364592
X_ev_reclaim,20260205,居家生活,RANGE,盤整強勢,-0.03552424765816506,-0.05107733014371853,-0.11312846003208138
X_ev_reclaim,20260408,居家生活,RANGE,盤整弱勢,-0.032257360094389204,-0.06306080869048657,-0.14290540398693147
X_ev_reclaim,20260603,居家生活,RANGE,盤整弱勢,0.02294067883641935,-0.01078559644360065,0.010110617112667947
X_ev_reclaim,20260609,居家生活,RANGE,盤整弱勢,-0.0032932972067708614,-0.026232919797546234,-0.006289154759160796
X_ev_reclaim,20260715,居家生活,RANGE,盤整弱勢,0.015281173973908636,0.03468917617586481,
X_ev_reclaim,20210830,建材營造,RANGE,盤整弱勢,0.008143550830371812,0.01721872324565135,0.010754578415997206
X_ev_reclaim,20220118,建材營造,RANGE,盤整強勢,0.01589844038363363,-0.001467645694338565,0.0059072460931178725
X_ev_reclaim,20220120,建材營造,RANGE,盤整強勢,0.003076354308633504,-0.012284119913401587,-0.0008547095146485776
X_ev_reclaim,20220207,建材營造,RANGE,盤整強勢,-0.006574113594766999,0.0018002873130289927,0.00611667558622651
X_ev_reclaim,20220517,建材營造,RANGE,盤整弱勢,-0.001488422964175431,-0.008143799394830316,-0.01038701419674011
X_ev_reclaim,20220621,建材營造,RANGE,盤整弱勢,-0.005720926538067288,-0.006954696251403644,-0.0041857938998723435
X_ev_reclaim,20220627,建材營造,BEAR,空頭弱勢,0.01671913405051797,-5.389103608126333e-05,0.0045953961584320226
X_ev_reclaim,20220930,建材營造,RANGE,盤整強勢,0.0036405404821360527,5.3972589654869424e-05,-0.0533284271739519
X_ev_reclaim,20221004,建材營造,RANGE,盤整弱勢,0.027802373314944853,0.0013205674607111029,-0.03676455066143865
X_ev_reclaim,20221031,建材營造,BEAR,空頭弱勢,-0.020924686982364805,-0.03731750692837374,-0.07495296939903318
X_ev_reclaim,20240807,建材營造,RANGE,盤整弱勢,0.028496928245019697,-0.02686959042631371,-0.19481598464196165
X_ev_reclaim,20240912,建材營造,RANGE,盤整弱勢,-0.08421138976369395,-0.10683691837254408,-0.09122166815974961
X_ev_reclaim,20241115,建材營造,BEAR,空頭抗跌,0.02377697262642904,0.024423975931387912,0.02208555236758979
X_ev_reclaim,20241223,建材營造,BEAR,空頭弱勢,0.0043594444596007755,-0.007766266303288975,0.03930828943005126
X_ev_reclaim,20250203,建材營造,RANGE,盤整強勢,-0.007536575965188561,0.01643898025978109,0.04174194251720487
X_ev_reclaim,20251112,建材營造,BEAR,空頭弱勢,0.00810991722329758,0.0014130496116439278,-0.03996675558356369
X_ev_reclaim,20251127,建材營造,RANGE,盤整強勢,-0.004840769550985982,0.0169946708390311,-0.07397047323316541
X_ev_reclaim,20260408,建材營造,BEAR,空頭弱勢,-0.013254707678370142,-0.06305690391914219,-0.10946988049393509
X_ev_reclaim,20260610,建材營造,RANGE,盤整強勢,-0.00969672043443481,-0.027501899823106205,-0.008007155051400473
X_ev_reclaim,20260715,建材營造,RANGE,盤整弱勢,0.008400521877455693,0.006885372315750423,
X_ev_reclaim,20260721,建材營造,RANGE,盤整強勢,0.03795606065670238,0.008279858724584088,
X_ev_reclaim,20260917,建材營造,RANGE,盤整弱勢,-0.01781156911647509,,
X_ev_reclaim,20261007,建材營造,BEAR,空頭弱勢,,,
X_ev_reclaim,20220207,數位雲端,RANGE,盤整弱勢,0.019491780444352187,-0.03994302057540007,-0.12117782396502998
X_ev_reclaim,20220225,數位雲端,RANGE,盤整弱勢,-0.031142591401996718,-0.048953049902727364,-0.10763668813241242
X_ev_reclaim,20220408,數位雲端,BEAR,空頭弱勢,0.0012154362112560954,-0.01920706587337618,-0.056214436429190565
X_ev_reclaim,20220413,數位雲端,BEAR,空頭弱勢,-0.008201577703181352,-0.018282919853799,-0.054513060622937634
X_ev_reclaim,20220418,數位雲端,BEAR,空頭抗跌,-0.01800979731418236,-0.01263206772217458,-0.04912423105772712
X_ev_reclaim,20230714,數位雲端,RANGE,盤整強勢,-0.0014905135579242473,-0.03258171774174269,-0.01595247733055384
X_ev_reclaim,20240115,數位雲端,RANGE,盤整弱勢,-0.013632737496047154,-0.03201193764288715,-0.14236693998530475
X_ev_reclaim,20240129,數位雲端,BULL,多頭強勢,-0.008911147583203844,-0.06823929046645799,-0.131341426368168
X_ev_reclaim,20240807,數位雲端,RANGE,盤整弱勢,-0.024256180030506454,-0.03682108357652386,0.08855539083424341
X_ev_reclaim,20250114,數位雲端,RANGE,盤整弱勢,-0.0008873500014094995,0.0012244914618223107,0.04665970121438341
X_ev_reclaim,20250402,數位雲端,RANGE,盤整強勢,0.01719651499700123,0.04358618931478086,0.07645031977924761
X_ev_reclaim,20260119,數位雲端,RANGE,盤整弱勢,-0.009797651580933068,-0.06291289623041202,-0.07100194612287937
X_ev_reclaim,20260126,數位雲端,RANGE,盤整弱勢,-0.0074507292786010135,-0.05920336656309995,-0.058706775385272435
X_ev_reclaim,20260715,數位雲端,RANGE,盤整弱勢,-0.009136779199818888,-0.019731748136456565,
X_ev_reclaim,20210930,文化創意業,RANGE,盤整強勢,-0.015218017703641378,-0.045208697877122395,0.022600377551959497
X_ev_reclaim,20211015,文化創意業,BEAR,空頭弱勢,-0.00452079303281048,-0.012983502135038134,0.11014518245041187
X_ev_reclaim,20220310,文化創意業,RANGE,盤整弱勢,0.005060266181787161,-0.018307918474998557,0.014831572321315234
X_ev_reclaim,20220317,文化創意業,RANGE,盤整強勢,-0.004151229428181044,-0.028974037266659623,-0.001344093424782332
X_ev_reclaim,20220428,文化創意業,RANGE,盤整強勢,0.008365721178578707,0.012240774281000363,0.04535799675048803
X_ev_reclaim,20220503,文化創意業,RANGE,盤整弱勢,-0.007774493317939099,0.0052376232431117515,0.0198605371017221
X_ev_reclaim,20220713,文化創意業,BEAR,空頭弱勢,0.005712344801854452,-0.020392735278392214,-0.007264918288726154
X_ev_reclaim,20220915,文化創意業,RANGE,盤整弱勢,0.022803150221921434,0.06910547973592367,0.07621958250187869
X_ev_reclaim,20220922,文化創意業,RANGE,盤整強勢,0.03305530301303971,0.03483134624945494,0.08802384209288744
X_ev_reclaim,20221006,文化創意業,RANGE,盤整弱勢,0.01523243576231087,-0.00806527743760177,0.08717752015536595
X_ev_reclaim,20230531,文化創意業,RANGE,盤整弱勢,0.03898295008836654,0.02155221144271468,-0.02094378511957714
X_ev_reclaim,20230817,文化創意業,RANGE,盤整強勢,-0.0007327959308580983,-0.01431377919512002,0.06442593883223928
X_ev_reclaim,20230904,文化創意業,RANGE,盤整弱勢,-0.009983402056221453,-0.014465015478269266,0.13993639032627764
X_ev_reclaim,20231006,文化創意業,RANGE,盤整弱勢,0.04407335790634624,0.09888869685752989,0.1678453777292334
X_ev_reclaim,20240221,文化創意業,RANGE,盤整弱勢,-0.013471989609306387,0.022923236184863468,0.05687629029786291
X_ev_reclaim,20241108,文化創意業,RANGE,盤整弱勢,-0.033007311972225034,-0.020543184221505986,-0.014184901128606132
X_ev_reclaim,20241218,文化創意業,RANGE,盤整弱勢,-0.020818937273223544,-0.004418920240160124,-0.004953666784185511
X_ev_reclaim,20250805,文化創意業,RANGE,盤整弱勢,-0.01731648662322089,-0.0656694709993379,-0.0293815061831054
X_ev_reclaim,20250807,文化創意業,RANGE,盤整弱勢,-0.0281454611133407,-0.06162722161270737,-0.048439407118857525
X_ev_reclaim,20250818,文化創意業,RANGE,盤整弱勢,0.0016388028372561186,-0.01863477470783257,-0.04061831237534379
X_ev_reclaim,20250822,文化創意業,RANGE,盤整強勢,-0.017494269479633628,-0.020843946552374565,-0.04208949336975528
X_ev_reclaim,20250827,文化創意業,RANGE,盤整弱勢,-0.024170455908290006,-0.00549458120509987,-0.045889531543615865
X_ev_reclaim,20251031,文化創意業,RANGE,盤整弱勢,-0.011250313164216633,-0.049900528222996156,-0.08719555911825094
X_ev_reclaim,20260224,文化創意業,RANGE,盤整弱勢,0.004727196629875564,-0.02533993700064132,-0.1301882033521924
X_ev_reclaim,20261007,文化創意業,RANGE,盤整弱勢,,,
X_ev_reclaim,20210723,橡膠工業,RANGE,盤整弱勢,0.012659060737140515,-0.007047505672836005,-0.05417800988065595
X_ev_reclaim,20210729,橡膠工業,RANGE,盤整強勢,0.0006663764550112325,-0.024526050318499526,-0.0821720565285344
X_ev_reclaim,20210802,橡膠工業,RANGE,盤整強勢,-0.009704784433261934,-0.04175982700261902,-0.09523092362662741
X_ev_reclaim,20210913,橡膠工業,RANGE,盤整弱勢,-0.010842610657357173,-0.025440361214762258,-0.0717284324692618
X_ev_reclaim,20210927,橡膠工業,BEAR,空頭弱勢,0.002024474585033853,-0.017718642365500633,-0.056844284432314054
X_ev_reclaim,20211201,橡膠工業,RANGE,盤整弱勢,0.003708807228353251,-0.00824455018032516,-0.012638731826487573
X_ev_reclaim,20220301,橡膠工業,RANGE,盤整弱勢,0.01927995166036088,-0.007690257948257787,-0.07811449431714601
X_ev_reclaim,20220310,橡膠工業,RANGE,盤整強勢,-0.006265679926342487,-0.06536729920554439,-0.12115395314674118
X_ev_reclaim,20220317,橡膠工業,RANGE,盤整弱勢,-0.035662242923763875,-0.09500767734145724,-0.109364521469942
X_ev_reclaim,20220621,橡膠工業,BEAR,空頭抗跌,0.0037249108053128265,-0.007547237550385763,-0.020995667149712856
X_ev_reclaim,20220624,橡膠工業,BEAR,空頭抗跌,0.012855224458287316,-0.009829271356381147,-0.01587519806065323
X_ev_reclaim,20220908,橡膠工業,RANGE,盤整弱勢,0.025776412874602257,-0.0014569508581730312,-0.029784827693772224
X_ev_reclaim,20230516,橡膠工業,RANGE,盤整弱勢,-0.01386978703114652,-0.038673890407737714,-0.05017601534588781
X_ev_reclaim,20230811,橡膠工業,RANGE,盤整強勢,-0.003166213540163632,0.011826999260552723,0.0056094526734968425
X_ev_reclaim,20230830,橡膠工業,RANGE,盤整強勢,-0.004344024390570976,0.009737686242266237,0.010750513105747567
X_ev_reclaim,20240812,橡膠工業,RANGE,盤整強勢,-0.020700971753859824,-0.02123376970742194,-0.04817681120038663
X_ev_reclaim,20241101,橡膠工業,RANGE,盤整強勢,-0.005614389108743394,0.005074599552115026,-0.039887370240331524
X_ev_reclaim,20241118,橡膠工業,RANGE,盤整強勢,-0.01380572075101248,-0.03276867629874555,-0.06745135576843948
X_ev_reclaim,20250717,橡膠工業,RANGE,盤整弱勢,0.011976714038796535,-0.027944990846196126,-0.06506604308634256
X_ev_reclaim,20250904,橡膠工業,RANGE,盤整弱勢,-0.014212844165570018,-0.04594367179205846,-0.03221617421360827
X_ev_reclaim,20260529,橡膠工業,RANGE,盤整弱勢,0.02325391926122424,-0.01128100087705176,0.07600640516984465
X_ev_reclaim,20211201,水泥工業,RANGE,盤整弱勢,-0.007081960722767743,-0.01740129407186214,-0.004051703512728335
X_ev_reclaim,20211206,水泥工業,RANGE,盤整弱勢,-0.004063859551668893,-0.024922853976404903,0.007092165890047793
X_ev_reclaim,20220207,水泥工業,BEAR,空頭弱勢,-0.008707274760512466,0.011599997868251766,0.005559268311357651
X_ev_reclaim,20220309,水泥工業,RANGE,盤整強勢,0.009471019727621122,0.0011349226472448966,-0.042141369498400805
X_ev_reclaim,20220621,水泥工業,BEAR,空頭抗跌,-0.0018509923673510498,0.019106469086183422,-0.039734371569723544
X_ev_reclaim,20220718,水泥工業,BEAR,空頭弱勢,-0.01982592894220861,-0.06130281754371571,-0.047650948825206554
X_ev_reclaim,20220801,水泥工業,BEAR,空頭弱勢,-0.028196773275248995,-0.05343974341085774,-0.042182445559545464
X_ev_reclaim,20230725,水泥工業,RANGE,盤整弱勢,0.012524108595931494,0.00672656952895858,-0.06056977214746374
X_ev_reclaim,20230817,水泥工業,RANGE,盤整弱勢,-0.002284690442332848,-0.03521008699198393,-0.04983900288208605
X_ev_reclaim,20230821,水泥工業,RANGE,盤整弱勢,-0.015122236536751467,-0.04091254994064533,-0.05723391041842882
X_ev_reclaim,20240812,水泥工業,RANGE,盤整弱勢,-0.017722288128849965,-0.0210503169329381,-0.029579593295888655
X_ev_reclaim,20240816,水泥工業,RANGE,盤整弱勢,0.0003454593030626091,-0.013301498540790406,0.0016929080571260122
X_ev_reclaim,20250410,水泥工業,BEAR,空頭抗跌,-0.038090277995734265,-0.035824864902923984,-0.07841550921951379
X_ev_reclaim,20250910,水泥工業,RANGE,盤整弱勢,-0.01398821620199225,0.01009826374291729,0.022627392509091168
X_ev_reclaim,20250912,水泥工業,RANGE,盤整強勢,0.002365396992621097,-0.0006634496615601912,0.0028493902715888307
X_ev_reclaim,20250919,水泥工業,RANGE,盤整弱勢,0.005890789843073217,0.0015383921366436308,0.002054642774183834
X_ev_reclaim,20251111,水泥工業,RANGE,盤整強勢,0.010556367761020709,0.012338320085623477,-0.01196907755183118
X_ev_reclaim,20251120,水泥工業,BEAR,空頭抗跌,-0.002501759226228646,-0.02359308966383457,-0.054479246206823206
X_ev_reclaim,20260603,水泥工業,RANGE,盤整弱勢,0.015248171495538566,-0.018045880766486708,-0.018660070393088785
X_ev_reclaim,20260727,水泥工業,BEAR,空頭弱勢,-0.027354442879549915,-0.037018308597097094,
X_ev_reclaim,20260810,水泥工業,RANGE,盤整弱勢,0.0006074027557758299,0.00517561171729356,
X_ev_reclaim,20260817,水泥工業,RANGE,盤整弱勢,0.002752831281060797,0.0004277588751056289,
X_ev_reclaim,20260917,水泥工業,BEAR,空頭弱勢,-0.014957304856283115,,
X_ev_reclaim,20260930,水泥工業,BEAR,空頭弱勢,-0.008997418189405726,,
X_ev_reclaim,20261007,水泥工業,BEAR,空頭弱勢,,,
X_ev_reclaim,20210930,汽車工業,RANGE,盤整弱勢,0.01571488830099101,0.04367966269878237,0.02681920160794389
X_ev_reclaim,20211018,汽車工業,RANGE,盤整強勢,0.011370797636457042,-0.026713224946916234,-0.0052286075027906526
X_ev_reclaim,20220322,汽車工業,RANGE,盤整弱勢,0.0059993682773762155,-0.02135154598812027,0.09182870574995264
X_ev_reclaim,20220329,汽車工業,RANGE,盤整弱勢,-0.011196275758320124,-0.02657373846914069,0.09690937473251797
X_ev_reclaim,20220505,汽車工業,BEAR,空頭抗跌,0.00213905385283876,0.06887386927808936,0.14270092358029812
X_ev_reclaim,20220519,汽車工業,RANGE,盤整強勢,0.020162280666173364,0.02046788316215068,0.07388065583875249
X_ev_reclaim,20240122,汽車工業,RANGE,盤整弱勢,0.003978756727450226,0.009173020964672679,-0.006559620806840194
X_ev_reclaim,20241107,汽車工業,RANGE,盤整弱勢,0.009052403705343687,0.0005589570672608936,0.0075421611334258
X_ev_reclaim,20241122,汽車工業,RANGE,盤整強勢,-0.00932324289592015,-0.010629636649283215,-0.020841402540206617
X_ev_reclaim,20250116,汽車工業,BEAR,空頭弱勢,-0.009500513065258752,-0.009308712208051836,-0.030103166085424085
X_ev_reclaim,20250120,汽車工業,BEAR,空頭弱勢,-0.0022704226568108325,-0.004172986438882545,-0.02623756912995797
X_ev_reclaim,20250930,汽車工業,RANGE,盤整弱勢,0.0011038079359015221,-0.006614141107286002,-0.002213016032083002
X_ev_reclaim,20251007,汽車工業,RANGE,盤整弱勢,-0.003254563726665902,-0.011364517591925603,-0.015811669055203502
X_ev_reclaim,20251022,汽車工業,BULL,多頭強勢,-0.01083024342951898,0.000556887227674871,-0.003032050782882857
X_ev_reclaim,20251127,汽車工業,RANGE,盤整弱勢,-0.003554712951786756,-0.0031418875215748036,-0.07980036763680631
X_ev_reclaim,20251202,汽車工業,RANGE,盤整弱勢,-0.009809016083046755,-0.00441382298767949,-0.07982352936365013
X_ev_reclaim,20260210,汽車工業,RANGE,盤整弱勢,-0.02919874835279226,-0.06473338056655065,-0.06444123727210921
X_ev_reclaim,20260521,汽車工業,RANGE,盤整強勢,0.053657206295462154,0.029153684185761745,-0.005402090101023088
X_ev_reclaim,20260731,汽車工業,RANGE,盤整弱勢,-0.016627867072090456,-0.035563887373285676,
X_ev_reclaim,20260909,汽車工業,RANGE,盤整弱勢,-0.0009886250065733967,,
X_ev_reclaim,20260918,汽車工業,RANGE,盤整弱勢,0.005987464831061022,,
X_ev_reclaim,20210824,油電燃氣業,RANGE,盤整弱勢,0.0031299780590616083,0.018496301594964036,-0.010604635309111946
X_ev_reclaim,20210827,油電燃氣業,RANGE,盤整弱勢,0.01648536306070987,0.04881833216661312,-0.012308649152417313
X_ev_reclaim,20220621,油電燃氣業,RANGE,盤整強勢,0.001860045449196197,0.004518204294084685,-0.03756946050700389
X_ev_reclaim,20220727,油電燃氣業,RANGE,盤整弱勢,0.0010855911927755042,-0.042116141533494196,-0.0006344897768794933
X_ev_reclaim,20230516,油電燃氣業,BULL,多頭強勢,-0.002965472648661118,-0.02534907489977333,-0.03108539624733611
X_ev_reclaim,20231019,油電燃氣業,BEAR,空頭抗跌,-0.0027534503322787177,-0.020956059091242943,-0.08855663339631079
X_ev_reclaim,20231103,油電燃氣業,RANGE,盤整弱勢,-0.006977069458585505,-0.05498368783953297,-0.08497883630657108
X_ev_reclaim,20240531,油電燃氣業,RANGE,盤整弱勢,0.007404502963050364,-0.030383986154867502,-0.040750013422517946
X_ev_reclaim,20240607,油電燃氣業,RANGE,盤整弱勢,-0.01979178785010402,-0.0456580776062264,-0.039846817215252156
X_ev_reclaim,20240620,油電燃氣業,RANGE,盤整弱勢,-0.011151046278643743,-0.01913715147267909,-0.04257477755754689
X_ev_reclaim,20240625,油電燃氣業,RANGE,盤整弱勢,-0.018802760065087645,-0.0020983253607894173,-0.03909612744336936
X_ev_reclaim,20240628,油電燃氣業,RANGE,盤整弱勢,-0.016750300444676906,0.003268261018194999,-0.030596867821005794
X_ev_reclaim,20240704,油電燃氣業,RANGE,盤整弱勢,0.004633765833419323,0.06642938572666812,-0.004334764942136082
X_ev_reclaim,20240710,油電燃氣業,BEAR,空頭弱勢,0.01090228987308454,0.038978843373509736,0.0006954099845135064
X_ev_reclaim,20240712,油電燃氣業,BEAR,空頭弱勢,0.02675278324562593,0.02353516072501393,-0.010085796523141878
X_ev_reclaim,20240919,油電燃氣業,BEAR,空頭弱勢,-0.0031649910013073213,-0.011144513237480988,-0.0318643967816522
X_ev_reclaim,20241125,油電燃氣業,BEAR,空頭弱勢,-0.002211539436190196,-0.014694440302807824,-0.018844438670987725
X_ev_reclaim,20250110,油電燃氣業,BEAR,空頭抗跌,-0.0137263970553778,-0.04937601768220343,0.056832664490207546
X_ev_reclaim,20250715,油電燃氣業,RANGE,盤整弱勢,0.00016335174467497354,-0.0403321504352344,-0.08655698354649118
X_ev_reclaim,20250821,油電燃氣業,RANGE,盤整弱勢,-0.019601208546795992,-0.02009289815748876,-0.01634031373775479
X_ev_reclaim,20250902,油電燃氣業,RANGE,盤整弱勢,-0.004537623917018589,0.002839114350598049,-0.01265136935691505
X_ev_reclaim,20250912,油電燃氣業,RANGE,盤整弱勢,-0.0039130521906086315,-0.020304337599860847,-0.034676289741244024
X_ev_reclaim,20250923,油電燃氣業,RANGE,盤整強勢,0.006694025626325173,-0.021218277987341327,-0.04585406496800631
X_ev_reclaim,20250925,油電燃氣業,RANGE,盤整強勢,-0.029594789929357147,-0.030462255844185826,-0.06472489899350393
X_ev_reclaim,20251128,油電燃氣業,RANGE,盤整弱勢,-0.003746027396439415,-0.03487254727488266,0.21756969699292783
X_ev_reclaim,20251219,油電燃氣業,BEAR,空頭弱勢,-0.007109088788989337,-0.028020297653217903,0.04643258830770834
X_ev_reclaim,20260115,油電燃氣業,RANGE,盤整弱勢,0.004742002952267601,0.00909369774578684,0.009354931208179465
X_ev_reclaim,20210823,玻璃陶瓷,RANGE,盤整強勢,-0.020619924401930584,-0.028243499856209935,-0.023239675947628907
X_ev_reclaim,20211007,玻璃陶瓷,RANGE,盤整弱勢,-0.033574551796718324,-0.00748844169886255,-0.02028206608159358
X_ev_reclaim,20211019,玻璃陶瓷,BEAR,空頭弱勢,0.0037734090214684365,0.02399926303345587,-0.017865633091802224
X_ev_reclaim,20211025,玻璃陶瓷,RANGE,盤整強勢,-0.010499757126463435,0.010800753674727603,-0.028652824847264793
X_ev_reclaim,20220208,玻璃陶瓷,RANGE,盤整弱勢,-0.02368778587887531,-0.009537880894508018,-0.04959835716309262
X_ev_reclaim,20220621,玻璃陶瓷,BEAR,空頭弱勢,-0.013359460756814672,-0.03906992404620589,-0.07897222309525814
X_ev_reclaim,20220627,玻璃陶瓷,BEAR,空頭抗跌,-0.0017199837971090051,-0.03145688885295299,-0.053746576361570486
X_ev_reclaim,20220805,玻璃陶瓷,BEAR,空頭弱勢,0.018691969533990955,-0.0005729407940997244,0.1243716490337876
X_ev_reclaim,20220810,玻璃陶瓷,RANGE,盤整弱勢,-0.01149407401549389,-0.04246626573913022,0.15770642298913556
X_ev_reclaim,20220912,玻璃陶瓷,RANGE,盤整弱勢,0.0009414808891851541,0.05191101595317378,0.28561587617449846
X_ev_reclaim,20221003,玻璃陶瓷,BEAR,空頭抗跌,0.015601329289747345,0.0960889776022412,0.19289341715810102
X_ev_reclaim,20221018,玻璃陶瓷,RANGE,盤整強勢,0.03256773885175943,0.055712518224012214,0.12845801207166055
X_ev_reclaim,20230727,玻璃陶瓷,RANGE,盤整弱勢,0.04080002244270587,0.020760071026702194,-0.0236671015159004
X_ev_reclaim,20230830,玻璃陶瓷,RANGE,盤整強勢,-0.012802245158658975,-0.01720897105879781,-0.054683273564727936
X_ev_reclaim,20231106,玻璃陶瓷,RANGE,盤整強勢,-0.009557466024455175,-0.03419062747832865,-0.016462970528283126
X_ev_reclaim,20250401,玻璃陶瓷,RANGE,盤整強勢,0.026831327123716484,0.017015318571077243,-0.027305069993417246
X_ev_reclaim,20250624,玻璃陶瓷,RANGE,盤整強勢,-0.012510560509094326,-0.014535117949062475,0.14867829497931384
X_ev_reclaim,20250626,玻璃陶瓷,RANGE,盤整強勢,-0.04124584190611964,0.013801997149996706,0.13562695349626974
X_ev_reclaim,20251103,玻璃陶瓷,RANGE,盤整弱勢,0.03367857440835576,0.04961548562714324,0.17503877016887018
X_ev_reclaim,20251111,玻璃陶瓷,RANGE,盤整強勢,-0.03553660728033597,-0.01912413810107021,0.09474905528037081
X_ev_reclaim,20251120,玻璃陶瓷,RANGE,盤整弱勢,0.01807084331733621,-0.004143245083982686,0.198274912910411
X_ev_reclaim,20251126,玻璃陶瓷,RANGE,盤整強勢,-0.007693959743359931,-0.011669947260060775,0.19544792211102385
X_ev_reclaim,20210804,生技醫療業,RANGE,盤整強勢,0.001959540186034364,0.011483617715069526,-0.025626464430361123
X_ev_reclaim,20220309,生技醫療業,RANGE,盤整弱勢,-0.004919220102709043,0.028527498940707486,0.029723606330742836
X_ev_reclaim,20220317,生技醫療業,RANGE,盤整弱勢,-0.0005569766325254268,0.06108712013851689,0.06551498890818944
X_ev_reclaim,20230714,生技醫療業,RANGE,盤整弱勢,0.010337881372872323,-0.032373791426538304,-0.055423612414857396
X_ev_reclaim,20230804,生技醫療業,RANGE,盤整弱勢,-0.016655034227150943,-0.017553621266073398,-0.009943827134699677
X_ev_reclaim,20231012,生技醫療業,RANGE,盤整弱勢,-0.0006132758427122922,0.02418383876447469,-0.01790728301106133
X_ev_reclaim,20231027,生技醫療業,RANGE,盤整強勢,-0.0078107522389886976,-0.004484444084638842,-0.04315405157303158
X_ev_reclaim,20240115,生技醫療業,BULL,多頭弱勢,-0.003290171334686731,-0.021376890477762284,-0.061810063610166
X_ev_reclaim,20240124,生技醫療業,RANGE,盤整弱勢,-0.006638228374836696,-0.02101099889387962,-0.07809134912435375
X_ev_reclaim,20240423,生技醫療業,RANGE,盤整弱勢,-0.009741621968851956,-0.017106781264667366,0.003455608858425871
X_ev_reclaim,20240807,生技醫療業,RANGE,盤整弱勢,-0.010243205002680729,-0.012050750110861156,-0.04658242571803445
X_ev_reclaim,20241021,生技醫療業,RANGE,盤整弱勢,0.005417504181420327,-0.002174230334535017,0.002964580945023318
X_ev_reclaim,20251022,生技醫療業,RANGE,盤整弱勢,-0.00663803653778848,-0.011582400778698779,-0.05447582878347371
X_ev_reclaim,20260306,生技醫療業,RANGE,盤整弱勢,-0.015903458930730374,-0.023404725970254604,-0.15476023879164366
X_ev_reclaim,20260401,生技醫療業,RANGE,盤整弱勢,-0.025967845048374186,-0.06297733281795331,-0.12281613821595874
X_ev_reclaim,20260805,生技醫療業,RANGE,盤整弱勢,-0.003991653287808265,-0.011452945714353608,
X_ev_reclaim,20210723,紡織纖維,RANGE,盤整弱勢,-0.0023091200243791077,-0.0042066790773210155,0.02472745149320406
X_ev_reclaim,20210729,紡織纖維,RANGE,盤整強勢,-0.0009118529619682606,-0.009696180156336887,0.012026832904337509
X_ev_reclaim,20220207,紡織纖維,RANGE,盤整弱勢,-0.006158273413303432,-0.009583024322687938,-0.008172791842869027
X_ev_reclaim,20220309,紡織纖維,RANGE,盤整弱勢,0.00334166161828533,-0.000445247796181502,0.021946373037778633
X_ev_reclaim,20220725,紡織纖維,RANGE,盤整強勢,-0.006198791474989803,0.013086308570135693,0.0367842034957471
X_ev_reclaim,20220929,紡織纖維,RANGE,盤整強勢,-0.005347159696034484,0.009700295065636237,-0.02544401184676122
X_ev_reclaim,20231006,紡織纖維,BEAR,空頭弱勢,0.006459511875544933,0.011360783671598004,-0.010659533363995666
X_ev_reclaim,20231012,紡織纖維,BEAR,空頭弱勢,0.014947574216409264,0.02280260924375707,-0.002143767304534319
X_ev_reclaim,20231102,紡織纖維,RANGE,盤整強勢,0.007194039332255244,-0.01530524707702885,-0.029770191791355302
X_ev_reclaim,20240418,紡織纖維,RANGE,盤整弱勢,0.0319867330112193,0.028193195851161416,0.012811187536381954
X_ev_reclaim,20240422,紡織纖維,BULL,多頭強勢,0.01563565049777174,-4.524468492099476e-05,-0.00679569528831081
X_ev_reclaim,20241119,紡織纖維,RANGE,盤整弱勢,0.005030416561595889,0.005647569207217866,-0.0016152313122038756
X_ev_reclaim,20241121,紡織纖維,RANGE,盤整強勢,0.006661694905415974,-0.0017779146259820355,0.006195161009293326
X_ev_reclaim,20250108,紡織纖維,RANGE,盤整弱勢,0.00296520251411176,-0.014313580586131538,-0.010789476628095401
X_ev_reclaim,20250801,紡織纖維,RANGE,盤整弱勢,-0.014035825096529689,-0.024980441773303275,-0.03211466954070702
X_ev_reclaim,20250813,紡織纖維,RANGE,盤整弱勢,-0.0018716300448133492,0.0014912065113386543,0.001043422939673985
X_ev_reclaim,20250821,紡織纖維,RANGE,盤整弱勢,-0.01134527642648038,0.003395458902525193,0.029052576113298374
X_ev_reclaim,20251113,紡織纖維,RANGE,盤整強勢,0.01840468564612041,-0.01691076669691798,-0.0287954809475387
X_ev_reclaim,20260602,紡織纖維,RANGE,盤整強勢,0.007756666926446745,0.026797029815508647,0.018374219132730622
X_ev_reclaim,20260917,紡織纖維,RANGE,盤整弱勢,-0.007579326743185964,,
X_ev_reclaim,20260930,紡織纖維,RANGE,盤整弱勢,0.000476877958257094,,
X_ev_reclaim,20211007,綠能環保,RANGE,盤整強勢,0.013009310229982737,0.018201063420785632,0.021944034511284988
X_ev_reclaim,20220523,綠能環保,RANGE,盤整弱勢,-0.0028347308065095472,0.0009930485360280066,-0.025142502955567685
X_ev_reclaim,20220624,綠能環保,RANGE,盤整弱勢,0.0006521578429276795,-0.019291757623123323,-0.030570039217956025
X_ev_reclaim,20230714,綠能環保,RANGE,盤整弱勢,-0.0014393540677509337,0.004613722225062497,0.003968704454289637
X_ev_reclaim,20230725,綠能環保,RANGE,盤整弱勢,0.019620750283589606,-0.0006535777793967648,0.004165376939975311
X_ev_reclaim,20241101,綠能環保,RANGE,盤整弱勢,-0.022125618441639343,-0.04414846657214661,-0.04867956026383759
X_ev_reclaim,20250710,綠能環保,RANGE,盤整強勢,-0.010356324272814407,-0.003924384167690392,-0.054277053018015164
X_ev_reclaim,20250916,綠能環保,RANGE,盤整弱勢,-0.0037753925621431504,0.007475414564882978,-0.006475733231873797
X_ev_reclaim,20250918,綠能環保,RANGE,盤整弱勢,-0.002340397575501321,0.003826057662183227,-0.010365902611658265
X_ev_reclaim,20251013,綠能環保,RANGE,盤整強勢,-0.008710198585222232,-0.0389149726925414,-0.0017836457776771245
X_ev_reclaim,20251031,綠能環保,BEAR,空頭抗跌,-0.012057258062327362,-0.036882047622376436,0.05569890171869719
X_ev_reclaim,20251106,綠能環保,BEAR,空頭抗跌,-0.034065507818095746,-0.028158081115152077,0.028050596277662675
X_ev_reclaim,20260324,綠能環保,RANGE,盤整弱勢,-0.020758411403327477,-0.03377529589313333,-0.10765308359880069
X_ev_reclaim,20260414,綠能環保,RANGE,盤整弱勢,0.0013705215174156168,-0.030814250371542395,-0.1028770350746533
X_ev_reclaim,20260529,綠能環保,RANGE,盤整弱勢,-0.015487526622818139,-0.034467378770308824,-0.0735669498626446
X_ev_reclaim,20260629,綠能環保,RANGE,盤整弱勢,-0.01604468045473616,-0.04407989844458686,-0.05963582080499344
X_ev_reclaim,20220207,航運業,RANGE,盤整強勢,0.005173826036033009,0.09403787582308214,0.10983025328247874
X_ev_reclaim,20220513,航運業,RANGE,盤整弱勢,0.004516147144172672,-0.05914349627764805,-0.12252284528618881
X_ev_reclaim,20220523,航運業,RANGE,盤整弱勢,-0.014328773833491196,-0.14170931770773065,-0.14317387938237464
X_ev_reclaim,20230818,航運業,RANGE,盤整強勢,-0.00013248103757789592,0.011299959608164309,-0.04337449657381545
X_ev_reclaim,20230823,航運業,BEAR,空頭抗跌,-0.00013017284590642088,0.0105801037206147,-0.0546909605757759
X_ev_reclaim,20230829,航運業,BEAR,空頭弱勢,-0.010654140736576542,0.006428714811070448,-0.04378614282376402
X_ev_reclaim,20231103,航運業,RANGE,盤整強勢,-0.0041106689556543174,0.0648623503348659,0.029231972690869877
X_ev_reclaim,20240216,航運業,RANGE,盤整弱勢,0.010752878122900551,0.02403176896697517,0.11041931573663738
X_ev_reclaim,20250102,航運業,RANGE,盤整強勢,-0.010048272097176432,-0.04278019857002997,0.0452865038907594
X_ev_reclaim,20250114,航運業,RANGE,盤整弱勢,-0.013905797953881922,-0.018175048372887012,0.03905612181214409
X_ev_reclaim,20250116,航運業,RANGE,盤整強勢,-0.02838099271883917,0.0033785095179842545,0.03129840407799321
X_ev_reclaim,20250205,航運業,RANGE,盤整弱勢,0.009230624090194855,0.05255078404835396,0.057707650754334705
X_ev_reclaim,20251029,航運業,RANGE,盤整弱勢,-0.010599747314479158,-0.006991252847448327,-0.03616447843631427
X_ev_reclaim,20251106,航運業,RANGE,盤整弱勢,-0.013297998365602685,0.012220009681991752,-0.021497235332706123
X_ev_reclaim,20251126,航運業,RANGE,盤整強勢,0.02068914194817975,-0.010385226839734873,-0.005688302864487904
X_ev_reclaim,20260311,航運業,RANGE,盤整弱勢,-0.017020810920781795,-0.055394953752995815,-0.11448416749418909
X_ev_reclaim,20260325,航運業,RANGE,盤整弱勢,-0.0046463987702804275,-0.04147007320093116,-0.09835277286867848
X_ev_reclaim,20260507,航運業,RANGE,盤整強勢,-0.03294035878702725,-0.045811823757614056,0.01559542161238682
X_ev_reclaim,20210909,觀光餐旅,RANGE,盤整弱勢,0.009205067865032689,0.05599382827763953,-0.028164483343875467
X_ev_reclaim,20211130,觀光餐旅,RANGE,盤整弱勢,-0.00998993926327519,-0.03917881109259251,0.06374244320160526
X_ev_reclaim,20211203,觀光餐旅,RANGE,盤整弱勢,-0.005965212610237674,-0.03017553921582517,0.07811502922610236
X_ev_reclaim,20211207,觀光餐旅,RANGE,盤整弱勢,-0.009345439908531216,-0.02938915929892566,0.07845191416248276
X_ev_reclaim,20211227,觀光餐旅,RANGE,盤整弱勢,-0.0017789762679597991,0.014424864829075533,0.09621199750751776
X_ev_reclaim,20220207,觀光餐旅,RANGE,盤整強勢,0.02379300540079577,0.07536048904319041,0.11883421529063774
X_ev_reclaim,20220429,觀光餐旅,BULL,多頭強勢,0.00981787340725761,0.015522550495101747,0.10293579448039739
X_ev_reclaim,20220518,觀光餐旅,RANGE,盤整弱勢,0.002057143952374607,0.10668255684374792,0.09508720864315093
X_ev_reclaim,20220523,觀光餐旅,RANGE,盤整弱勢,0.02310484498551245,0.09499082776074698,0.08073368248260165
X_ev_reclaim,20220525,觀光餐旅,RANGE,盤整弱勢,0.056597476869796236,0.101206853668139,0.07709713383998076
X_ev_reclaim,20221107,觀光餐旅,RANGE,盤整弱勢,-0.010882117665231644,0.04427325801281366,0.07000336327902666
X_ev_reclaim,20230913,觀光餐旅,RANGE,盤整弱勢,-0.02203512639669079,-0.03765401833202085,-0.01836477766512762
X_ev_reclaim,20240129,觀光餐旅,RANGE,盤整強勢,-0.03042394988711213,-0.09135069743780849,-0.04900284387841189
X_ev_reclaim,20240801,觀光餐旅,RANGE,盤整弱勢,-0.00773978017293539,-0.022085912106353058,-0.031125935009000655
X_ev_reclaim,20250117,觀光餐旅,RANGE,盤整強勢,-0.014801789431183732,-0.0381327452463015,-0.04792629977446555
X_ev_reclaim,20250904,觀光餐旅,RANGE,盤整弱勢,0.002836958624099259,-0.02262302402785795,-0.035911875249825684
X_ev_reclaim,20251126,觀光餐旅,BEAR,空頭弱勢,-0.0125512949467482,-0.026584334676989296,-0.10328844095476303
X_ev_reclaim,20251203,觀光餐旅,BEAR,空頭弱勢,-0.005626440138161254,-0.02523282108555793,-0.08279163611096593
X_ev_reclaim,20260205,觀光餐旅,RANGE,盤整強勢,-0.03981837123788365,-0.06615691344201148,-0.13192878144969883
X_ev_reclaim,20260413,觀光餐旅,RANGE,盤整弱勢,-0.029841293948641805,-0.05825512087782292,-0.11720799285624495
X_ev_reclaim,20261007,觀光餐旅,RANGE,盤整弱勢,,,
X_ev_reclaim,20210824,貿易百貨,RANGE,盤整強勢,0.009296011168032844,0.025251142057738006,-0.036420365219971176
X_ev_reclaim,20211222,貿易百貨,RANGE,盤整強勢,-0.016430090817585355,-0.01982537924281855,-0.02925990317265642
X_ev_reclaim,20220208,貿易百貨,BEAR,空頭弱勢,-0.0043728972297201055,0.025755338561354927,-0.01420940791385765
X_ev_reclaim,20220216,貿易百貨,BEAR,空頭弱勢,0.01692499402061823,0.01928193754151586,-0.013624190708810997
X_ev_reclaim,20220713,貿易百貨,RANGE,盤整弱勢,-0.025497295376539664,-0.04170598950338197,-0.06111460941335894
X_ev_reclaim,20220718,貿易百貨,RANGE,盤整弱勢,-0.013392967431456041,-0.039139875299573426,-0.01836801839999698
X_ev_reclaim,20220805,貿易百貨,BEAR,空頭弱勢,-0.012315985997919759,-0.03304382875255804,-0.009937403498715539
X_ev_reclaim,20220811,貿易百貨,RANGE,盤整弱勢,-0.015886550679126744,-0.030695655745717657,0.004740720761454972
X_ev_reclaim,20220912,貿易百貨,BEAR,空頭弱勢,-0.0068080467493725864,0.025373113800632632,0.06663022042757039
X_ev_reclaim,20240312,貿易百貨,RANGE,盤整弱勢,-0.010246398279105206,-0.02409195618128962,-0.03744020810661894
X_ev_reclaim,20240327,貿易百貨,RANGE,盤整弱勢,-0.02018682411145027,-0.011305865487677279,-0.04095492914615059
X_ev_reclaim,20240812,貿易百貨,RANGE,盤整弱勢,-0.009304954959779514,-0.0011391528212329732,0.06943225021623489
X_ev_reclaim,20241119,貿易百貨,RANGE,盤整弱勢,-0.009244647535142399,0.005659675059447859,-0.061658110191232914
X_ev_reclaim,20241125,貿易百貨,RANGE,盤整弱勢,0.017833081661875843,0.009408276307117422,-0.0406042501320063
X_ev_reclaim,20241129,貿易百貨,RANGE,盤整強勢,-0.013271058533608111,-0.02165655277426496,-0.06848957412663174
X_ev_reclaim,20241210,貿易百貨,BULL,多頭弱勢,0.0061751974653368145,-0.04685835539906554,-0.0707085027680558
X_ev_reclaim,20250626,貿易百貨,RANGE,盤整強勢,0.004727972273562962,-0.02008324524707765,-0.050623112661272514
X_ev_reclaim,20250818,貿易百貨,BEAR,空頭弱勢,-0.005872380474632151,0.01638863358179312,0.026252914543495615
X_ev_reclaim,20250821,貿易百貨,BEAR,空頭弱勢,-0.014681645274093616,0.003130298191550705,0.024400692841875744
X_ev_reclaim,20250904,貿易百貨,RANGE,盤整強勢,0.009830800797400605,0.011274321412794311,0.021954330882876415
X_ev_reclaim,20250912,貿易百貨,RANGE,盤整強勢,-0.004378523009198018,0.0025834687329200226,-0.00047663987882216614
X_ev_reclaim,20251126,貿易百貨,RANGE,盤整弱勢,-0.004016891433931887,-0.02445921140710262,-0.04998076099582621
X_ev_reclaim,20260107,貿易百貨,RANGE,盤整弱勢,-0.024255430464215463,-0.003997583011285003,-0.06432887213971622
X_ev_reclaim,20260114,貿易百貨,RANGE,盤整弱勢,-0.016703280350681846,0.020090685078259757,-0.05569143161863877
X_ev_reclaim,20260204,貿易百貨,RANGE,盤整強勢,-0.00010609859242273131,-0.030234667303457287,-0.06522810501657905
X_ev_reclaim,20260310,貿易百貨,RANGE,盤整弱勢,-0.02623515274975651,-0.03645662099415661,-0.029100764678847542
X_ev_reclaim,20260401,貿易百貨,RANGE,盤整強勢,-0.021129098793384263,-0.040998427735405914,-0.03326855898166339
X_ev_reclaim,20260428,貿易百貨,RANGE,盤整強勢,-0.016312924937018792,-0.007337365202185857,0.06990333958783673
X_ev_reclaim,20260904,貿易百貨,RANGE,盤整強勢,0.011679750116781247,-0.009631568674745801,
X_ev_reclaim,20260909,貿易百貨,RANGE,盤整強勢,0.002357905751823352,,
X_ev_reclaim,20260917,貿易百貨,RANGE,盤整弱勢,-0.01918157886249706,,
X_ev_reclaim,20210812,資訊服務業,RANGE,盤整強勢,0.014496835609306709,0.04054916453607411,0.03993307967550756
X_ev_reclaim,20210827,資訊服務業,RANGE,盤整弱勢,0.02415577319687763,0.03497691168313531,0.02873621358100236
X_ev_reclaim,20220207,資訊服務業,RANGE,盤整弱勢,-0.010120282065357637,0.02053586045191518,0.026637401264315113
X_ev_reclaim,20220513,資訊服務業,RANGE,盤整強勢,-0.010880649696244277,-0.004490625226765032,0.04921989072048575
X_ev_reclaim,20220718,資訊服務業,RANGE,盤整弱勢,0.0027020820497562787,0.03976801136309159,0.06424658181028957
X_ev_reclaim,20230717,資訊服務業,RANGE,盤整弱勢,0.03287769987332454,0.020679401061612507,0.008052895851310048
X_ev_reclaim,20230720,資訊服務業,RANGE,盤整強勢,0.02711578897455585,-0.009511910361279984,-0.014756905506003733
X_ev_reclaim,20230725,資訊服務業,BULL,多頭強勢,-0.027226236040493523,-0.05150131260757904,-0.04355736036990721
X_ev_reclaim,20230925,資訊服務業,RANGE,盤整弱勢,0.008659129565872914,0.02655657011548148,0.04812915076852717
X_ev_reclaim,20230927,資訊服務業,BEAR,空頭抗跌,0.022379402998175667,0.015701477389344902,0.034562774450448044
X_ev_reclaim,20240723,資訊服務業,RANGE,盤整弱勢,-0.01788075382661936,-0.02540409206011371,0.029684183009236344
X_ev_reclaim,20250203,資訊服務業,RANGE,盤整強勢,0.026711954185602984,-0.02103263072608462,0.09676374362890305
X_ev_reclaim,20250723,資訊服務業,RANGE,盤整弱勢,-0.0009544589820118946,0.018453556451744485,-0.005433228172748671
X_ev_reclaim,20250730,資訊服務業,RANGE,盤整弱勢,0.005851740536589548,0.024643004643978783,-0.013677193728235646
X_ev_reclaim,20250801,資訊服務業,RANGE,盤整弱勢,0.010979756997568688,0.0033016754490118316,-0.020812260254938597
X_ev_reclaim,20251106,資訊服務業,RANGE,盤整弱勢,-0.025566279903804383,-0.01584787993277905,-0.08759368394944514
X_ev_reclaim,20260401,資訊服務業,RANGE,盤整弱勢,-0.014362019283454989,-0.012005368308097016,-0.07366774371007248
X_ev_reclaim,20260407,資訊服務業,RANGE,盤整弱勢,-0.013115486549070098,-0.011437762581570383,-0.07812800561151216
X_ev_reclaim,20260715,資訊服務業,RANGE,盤整弱勢,0.0018225768680120505,0.002285462297671844,
X_ev_reclaim,20211019,農業科技,RANGE,盤整強勢,-0.04898536537599436,-0.05525031246015802,-0.017256968761561686
X_ev_reclaim,20211116,農業科技,RANGE,盤整弱勢,-0.007467413818617025,-0.009812980396663569,0.005272840811691992
X_ev_reclaim,20220310,農業科技,RANGE,盤整弱勢,0.008630351164425716,0.33489071320291885,0.26474419520705744
X_ev_reclaim,20220314,農業科技,RANGE,盤整弱勢,0.009845668301073779,0.3538053739779461,0.2008310941934473
X_ev_reclaim,20220321,農業科技,RANGE,盤整弱勢,0.06042376580533897,0.5879223357070257,0.11424105111417669
X_ev_reclaim,20230522,農業科技,RANGE,盤整弱勢,-0.013438261021359664,-0.04222834393648846,-0.10108257498175655
X_ev_reclaim,20230711,農業科技,RANGE,盤整弱勢,0.014040914377978112,-0.05713626443170314,-0.07889424106527372
X_ev_reclaim,20230717,農業科技,RANGE,盤整強勢,-0.006310197165142606,-0.07435361120888237,-0.10592314923962456
X_ev_reclaim,20230719,農業科技,RANGE,盤整強勢,0.0038269593866384326,-0.04908716562409454,-0.08833507129860046
X_ev_reclaim,20231005,農業科技,BEAR,空頭弱勢,-0.020881645758422118,-0.013119097300508129,0.04295384176156361
X_ev_reclaim,20240717,農業科技,RANGE,盤整弱勢,0.01116085381852356,0.0021521167960811202,-0.053707696399138555
X_ev_reclaim,20241217,農業科技,BEAR,空頭抗跌,0.005586188266049626,0.005352297998809728,-0.0039342095236486845
X_ev_reclaim,20241223,農業科技,BEAR,空頭弱勢,0.011297582262224421,-0.020501459085770782,-0.007193177476851782
X_ev_reclaim,20250213,農業科技,RANGE,盤整弱勢,-0.007206155080673349,0.02336805006637969,0.0006963952078002239
X_ev_reclaim,20251023,農業科技,RANGE,盤整強勢,0.01633714243809374,-0.039785439570747635,-0.05758066699235351
X_ev_reclaim,20260630,農業科技,RANGE,盤整強勢,0.009302708744522303,0.07999398208183492,0.06052808999618023
X_ev_reclaim,20260702,農業科技,RANGE,盤整弱勢,0.024423164904672473,0.09284548204040233,0.05421862338102784
X_ev_reclaim,20260731,農業科技,RANGE,盤整弱勢,-0.003413357084705186,-0.01630081792953423,
X_ev_reclaim,20260806,農業科技,RANGE,盤整弱勢,-0.02259494416215331,-0.034111887467506125,
X_ev_reclaim,20211007,通信網路業,RANGE,盤整弱勢,0.0012728924556554147,0.09299705660974887,0.16742166129969002
X_ev_reclaim,20211015,通信網路業,RANGE,盤整弱勢,0.04182376513480759,0.11230657626055601,0.1310848770952429
X_ev_reclaim,20220301,通信網路業,RANGE,盤整弱勢,-0.019380464507189124,0.0021523881313539293,0.004734846714254608
X_ev_reclaim,20220510,通信網路業,BEAR,空頭弱勢,0.013707428939250003,0.03699919062438822,0.11900067050809476
X_ev_reclaim,20220516,通信網路業,BEAR,空頭抗跌,0.0018525003510159663,0.03543105938582518,0.13653004911024125
X_ev_reclaim,20220707,通信網路業,RANGE,盤整弱勢,0.017310987282189546,0.07846688893109877,0.05069938173934035
X_ev_reclaim,20230512,通信網路業,RANGE,盤整弱勢,0.013658295090913312,0.010825202792088678,0.056719256163211634
X_ev_reclaim,20230815,通信網路業,RANGE,盤整弱勢,0.022848333873933556,0.024206704398489532,0.02768077879624414
X_ev_reclaim,20231019,通信網路業,RANGE,盤整弱勢,0.010268079976564292,-0.003554214089995969,0.019765478411497367
X_ev_reclaim,20231024,通信網路業,RANGE,盤整強勢,-0.007318166066779867,0.007053656414984073,0.00850293112142314
X_ev_reclaim,20231102,通信網路業,RANGE,盤整弱勢,-0.011861929014457394,0.008959120718890934,0.019369254471707245
X_ev_reclaim,20240502,通信網路業,RANGE,盤整弱勢,0.005820516444756298,0.04591879692381014,0.0677674618772622
X_ev_reclaim,20250116,通信網路業,RANGE,盤整弱勢,0.008035356374544701,-0.0062554549396537235,-0.08305025715423243
X_ev_reclaim,20250624,通信網路業,RANGE,盤整強勢,-0.01286497626230515,-0.01428490103588153,0.032976073967583626
X_ev_reclaim,20250709,通信網路業,RANGE,盤整弱勢,0.002124780998699602,0.023022514556598678,0.04295817937297344
X_ev_reclaim,20250715,通信網路業,RANGE,盤整弱勢,-0.003858319024184202,0.021579293169451078,0.030141591874553047
X_ev_reclaim,20251112,通信網路業,RANGE,盤整弱勢,-0.007946221022384393,0.04280946534367938,0.1329362535153151
X_ev_reclaim,20251126,通信網路業,RANGE,盤整強勢,0.004115906900329284,0.08151683107184703,0.16918299399971531
X_ev_reclaim,20260703,通信網路業,RANGE,盤整弱勢,-0.010986058912279835,-0.011557385747909626,0.01170805301647871
X_ev_reclaim,20210923,造紙工業,RANGE,盤整弱勢,0.02058262209604797,-0.05372326121413858,-0.0959584663366298
X_ev_reclaim,20220120,造紙工業,RANGE,盤整弱勢,0.013040360351974305,-0.03179059894568101,-0.08954378570159713
X_ev_reclaim,20220207,造紙工業,RANGE,盤整強勢,-0.014021933451385353,-0.05265485043076619,-0.07259544342533188
X_ev_reclaim,20220314,造紙工業,BEAR,空頭弱勢,-0.011583125070082773,-0.039971356829154404,-0.10753185327981855
X_ev_reclaim,20220318,造紙工業,BEAR,空頭弱勢,-0.007422586469516938,-0.04707227474861729,-0.072634871833542
X_ev_reclaim,20220503,造紙工業,BEAR,空頭抗跌,-0.02429461243264429,-0.07973416179320389,-0.0998755460944024
X_ev_reclaim,20240718,造紙工業,RANGE,盤整弱勢,0.007074477256785679,-0.02510357962134749,-0.021745306510959024
X_ev_reclaim,20241119,造紙工業,RANGE,盤整弱勢,-0.002217561645045692,-0.047748867561331905,-0.08647042090204948
X_ev_reclaim,20241125,造紙工業,RANGE,盤整弱勢,-0.000765323816394675,-0.040583615526109854,-0.06868972374901061
X_ev_reclaim,20250402,造紙工業,RANGE,盤整強勢,0.0159422658399335,-0.003433256991775442,-0.045230000686114866
X_ev_reclaim,20251013,造紙工業,RANGE,盤整弱勢,-0.015143564384832968,-0.0011126879595534313,-0.025622095086597553
X_ev_reclaim,20251106,造紙工業,BEAR,空頭弱勢,0.03814767856611085,0.03173590097962762,-0.0450553812003082
X_ev_reclaim,20251112,造紙工業,RANGE,盤整強勢,0.01392758619390978,0.010161514328917902,-0.03471681587354172
X_ev_reclaim,20260306,造紙工業,RANGE,盤整弱勢,-0.027901388539172855,0.040525068467132955,-0.023255967135350913
X_ev_reclaim,20260325,造紙工業,RANGE,盤整強勢,0.022512187055356146,-0.05461916930687,-0.03347262038174635
X_ev_reclaim,20260521,造紙工業,RANGE,盤整弱勢,-0.01737161190850307,0.09101293105629943,0.12723266249569756
X_ev_reclaim,20260528,造紙工業,RANGE,盤整弱勢,0.058634016909801245,0.10407676138426733,0.15922956279668035
X_ev_reclaim,20260721,造紙工業,RANGE,盤整弱勢,0.036952101649876896,0.04552177202214175,
X_ev_reclaim,20260806,造紙工業,BULL,多頭弱勢,0.00539365881189406,0.01009588430815558,
X_ev_reclaim,20211007,運動休閒,RANGE,盤整弱勢,-0.00021549863324811432,0.005516157177674272,-0.029204745637384205
X_ev_reclaim,20211015,運動休閒,RANGE,盤整弱勢,0.004313518516402623,0.002202792651514511,-0.039067476147372784
X_ev_reclaim,20220208,運動休閒,RANGE,盤整弱勢,-0.002777076489119721,-0.03461384292167313,-0.0024698256459205065
X_ev_reclaim,20220310,運動休閒,RANGE,盤整弱勢,0.01069249420283795,0.0019567099746551526,0.09166333562557091
X_ev_reclaim,20220317,運動休閒,RANGE,盤整弱勢,-0.014963713753837335,-0.015119756425786699,0.07980566425915739
X_ev_reclaim,20230427,運動休閒,RANGE,盤整弱勢,-0.0010807792453186235,-0.022411757815413654,0.0006554368413396738
X_ev_reclaim,20230811,運動休閒,RANGE,盤整弱勢,-0.01405499011404684,0.006950373067157706,-0.038652392374529485
X_ev_reclaim,20230831,運動休閒,RANGE,盤整強勢,0.008105372065166368,-0.02332101438113566,-0.0283474565545039
X_ev_reclaim,20231106,運動休閒,RANGE,盤整強勢,-0.019019563868691747,-0.0008978110799405456,-0.037794287872732944
X_ev_reclaim,20240708,運動休閒,RANGE,盤整弱勢,0.004895757073506548,0.0554518121666745,0.061430959380797914
X_ev_reclaim,20240710,運動休閒,RANGE,盤整弱勢,0.013064816830961426,0.03795474211339464,0.047415545028047845
X_ev_reclaim,20240815,運動休閒,RANGE,盤整弱勢,-0.003205852632870298,0.02762105879832115,0.013597087596036065
X_ev_reclaim,20241125,運動休閒,RANGE,盤整弱勢,0.0038560623308604826,0.012127845065369833,0.03571633860290191
X_ev_reclaim,20250114,運動休閒,BEAR,空頭抗跌,0.008793248676047576,-0.010626432069205924,-0.07253544869946286
X_ev_reclaim,20250825,運動休閒,RANGE,盤整弱勢,-0.0015724936755840933,0.004823392335512838,0.03312840572148714
X_ev_reclaim,20250827,運動休閒,RANGE,盤整弱勢,0.005357634213023184,0.004440221672658072,0.03589193603126772
X_ev_reclaim,20250904,運動休閒,RANGE,盤整弱勢,-0.006654201347588776,0.022298798139940547,0.020654239876191482
X_ev_reclaim,20250918,運動休閒,RANGE,盤整強勢,-0.0006197927098541417,0.009370175674352369,-0.007710665736060943
X_ev_reclaim,20251113,運動休閒,RANGE,盤整弱勢,0.014679689063439083,-0.004038376169218583,-0.06356854891216024
X_ev_reclaim,20251124,運動休閒,RANGE,盤整強勢,-0.0020292702273697096,-0.041899372889957334,-0.12151394190761333
X_ev_reclaim,20251126,運動休閒,RANGE,盤整強勢,-0.005591130302959742,-0.04669800911661194,-0.1081960048854696
X_ev_reclaim,20260223,運動休閒,RANGE,盤整弱勢,-0.014938441916212353,-0.04286559744895757,-0.14619623121054034
X_ev_reclaim,20260805,運動休閒,RANGE,盤整弱勢,0.005953562833311051,-0.017622129434477482,
X_ev_reclaim,20210818,金融保險,RANGE,盤整強勢,-0.019656330007052192,-0.0032459674386394258,-0.021033440899751538
X_ev_reclaim,20210823,金融保險,RANGE,盤整強勢,0.0004904620339727661,-0.007469748656100554,0.0021339436469463846
X_ev_reclaim,20211005,金融保險,BEAR,空頭抗跌,0.0008520725135064871,-0.0246608573023442,-0.02106844372727977
X_ev_reclaim,20220314,金融保險,RANGE,盤整強勢,0.0048618637713229995,0.013937039771837266,-0.04253207861425461
X_ev_reclaim,20220518,金融保險,RANGE,盤整弱勢,-0.00822047287438138,-0.004350049436973291,-0.020951217179554255
X_ev_reclaim,20220621,金融保險,BEAR,空頭抗跌,-0.010982003809994327,-0.056439089303989984,-0.07053027984005283
X_ev_reclaim,20230829,金融保險,RANGE,盤整強勢,-0.015044535670175038,-0.02112781197323675,-0.017972725783904735
X_ev_reclaim,20231006,金融保險,RANGE,盤整弱勢,0.013378423313932564,-0.0002899206823320042,-0.022240353789003298
X_ev_reclaim,20240814,金融保險,RANGE,盤整弱勢,-0.000631879924905895,-0.0067670164889689025,0.0034544929544723067
X_ev_reclaim,20240816,金融保險,RANGE,盤整弱勢,0.0073294627408603125,-0.013792178252921864,0.013995933470853088
X_ev_reclaim,20241104,金融保險,RANGE,盤整強勢,0.011539101035505775,0.033381370963057835,0.04499743190492079
X_ev_reclaim,20241107,金融保險,RANGE,盤整弱勢,0.016284635687157017,0.02972223991974016,0.043439187398213217
X_ev_reclaim,20241119,金融保險,RANGE,盤整強勢,-0.001797793487734985,0.02006040396527941,0.005104040144423221
X_ev_reclaim,20241223,金融保險,RANGE,盤整弱勢,-0.005298328353713039,0.013541876524612969,0.036302795472186615
X_ev_reclaim,20250624,金融保險,RANGE,盤整弱勢,-0.006553898002671199,0.00680449141785789,0.0030114298897533434
X_ev_reclaim,20250730,金融保險,RANGE,盤整弱勢,0.006452456000796917,-0.01661104777366912,0.04834301089406387
X_ev_reclaim,20250804,金融保險,RANGE,盤整弱勢,0.008194790666953366,0.00473740659558443,0.0521202040344531
X_ev_reclaim,20210812,鋼鐵工業,RANGE,盤整強勢,-0.043411780303946094,-0.023850598298373375,-0.13101189578583747
X_ev_reclaim,20210831,鋼鐵工業,RANGE,盤整強勢,-0.030459498413594462,-0.0697854077370044,-0.12903301061032743
X_ev_reclaim,20210923,鋼鐵工業,RANGE,盤整弱勢,-0.01086019724655532,-0.06258110309356787,-0.043371704232318
X_ev_reclaim,20210930,鋼鐵工業,RANGE,盤整弱勢,-0.027889427367975488,-0.06807644231091542,-0.06932737105605617
X_ev_reclaim,20220929,鋼鐵工業,RANGE,盤整弱勢,0.0066221441414390375,0.020337495848432523,0.06152111322067404
X_ev_reclaim,20221019,鋼鐵工業,BEAR,空頭抗跌,0.0030042528263368173,0.005632521663375412,0.030582572760095725
X_ev_reclaim,20221024,鋼鐵工業,BEAR,空頭抗跌,-0.016356095445819317,-0.017247502501848158,0.01976617367745684
X_ev_reclaim,20230427,鋼鐵工業,RANGE,盤整弱勢,-0.009222843195920198,-0.02443376921502066,-0.06283196789027262
X_ev_reclaim,20230717,鋼鐵工業,RANGE,盤整弱勢,0.0016447249863505758,0.02230637133105909,0.015685164412840145
X_ev_reclaim,20230727,鋼鐵工業,RANGE,盤整強勢,0.01956082018293826,0.022255329134385334,0.020923563714750737
X_ev_reclaim,20230904,鋼鐵工業,RANGE,盤整強勢,0.005508658540477378,-0.0015313969901411366,-0.02197210906770291
X_ev_reclaim,20231025,鋼鐵工業,RANGE,盤整弱勢,-0.003868995435340178,-0.01371133286134324,-0.0027394626265448557
X_ev_reclaim,20240814,鋼鐵工業,RANGE,盤整弱勢,-0.010350389213282149,-0.015536503688881565,-0.006921247473164253
X_ev_reclaim,20241107,鋼鐵工業,RANGE,盤整弱勢,-0.01654382163363896,-0.033788633752373565,-0.017337893648568376
X_ev_reclaim,20250415,鋼鐵工業,RANGE,盤整弱勢,-0.013231889666460347,-0.0434279077868983,-0.0816225084003051
X_ev_reclaim,20250723,鋼鐵工業,RANGE,盤整強勢,0.0030614212634958024,-0.007880035149018055,-0.05005366246492189
X_ev_reclaim,20250904,鋼鐵工業,RANGE,盤整弱勢,-0.0019075585450034765,-0.0014509758962356258,-0.01672814665666138
X_ev_reclaim,20260401,鋼鐵工業,RANGE,盤整弱勢,-0.013132367461659415,-0.061287297800827596,-0.08309861502852037
X_ev_reclaim,20260511,鋼鐵工業,RANGE,盤整強勢,0.003974613791289862,-0.00898077658089294,0.010327529379076479
X_ev_reclaim,20260731,鋼鐵工業,RANGE,盤整弱勢,0.01800849190386284,0.008446668745810758,
X_ev_reclaim,20211015,電器電纜,RANGE,盤整強勢,-0.012585977376871152,0.008909214334137876,0.023975378782579423
X_ev_reclaim,20220624,電器電纜,BEAR,空頭弱勢,0.0007342901586970471,-0.040969332455524726,-0.02224122681504963
X_ev_reclaim,20231024,電器電纜,RANGE,盤整弱勢,-0.015126323394356649,-0.028580478849876738,0.003935370177955255
X_ev_reclaim,20231030,電器電纜,RANGE,盤整弱勢,-0.009028785841083582,-0.009229285069623089,0.009713283326589689
X_ev_reclaim,20231106,電器電纜,RANGE,盤整弱勢,-0.008169609073223505,0.010294169202559246,0.016274337687381436
X_ev_reclaim,20240115,電器電纜,RANGE,盤整弱勢,-0.002017651216189187,-0.01311346139306016,0.24904403836727224
X_ev_reclaim,20241107,電器電纜,RANGE,盤整弱勢,0.024116399803342486,0.0028616486093008854,-0.036683527070397084
X_ev_reclaim,20241122,電器電纜,RANGE,盤整弱勢,-0.01303508479607909,-0.03049208023259268,-0.0248831995745974
X_ev_reclaim,20251112,電器電纜,RANGE,盤整弱勢,-0.02034134847708734,-0.039201735863182846,-0.06291186954043107
X_ev_reclaim,20251204,電器電纜,RANGE,盤整強勢,0.008038395486568713,0.0009687133148401283,-0.0812685765979328
X_ev_reclaim,20220513,電子通路業,RANGE,盤整強勢,0.011331519669100482,0.011833257173382895,-0.005061177461562726
X_ev_reclaim,20220624,電子通路業,RANGE,盤整弱勢,-0.011397821654734387,-0.00979772066765841,0.005256958773610942
X_ev_reclaim,20230516,電子通路業,RANGE,盤整弱勢,0.0008918756752679148,0.0016014311661518635,-0.02168807043617052
X_ev_reclaim,20240807,電子通路業,RANGE,盤整弱勢,0.010387207444261574,0.006187241579938826,0.03688010065837194
X_ev_reclaim,20250627,電子通路業,RANGE,盤整弱勢,-0.0025838539239464962,0.00037398330801145536,0.0036684841192187387
X_ev_reclaim,20250702,電子通路業,RANGE,盤整弱勢,-0.00034987225573642616,-0.007597136238406847,-0.006103145935981491
X_ev_reclaim,20250709,電子通路業,RANGE,盤整弱勢,0.010575330432638683,0.0032718878310321886,-0.0063129886363206544
X_ev_reclaim,20251120,電子通路業,RANGE,盤整弱勢,0.003438203190354143,0.011123818877795552,0.09213994956606453
X_ev_reclaim,20251125,電子通路業,RANGE,盤整弱勢,-0.003148998657693969,0.01502363005375925,0.055339010257635574
X_ev_reclaim,20260715,電子通路業,RANGE,盤整強勢,-0.016841785738129965,-0.0006334945727485865,
X_ev_reclaim,20220310,電子零組件業,RANGE,盤整弱勢,-0.0032247819137045265,-0.03572918241368926,-0.01982286201939757
X_ev_reclaim,20220317,電子零組件業,RANGE,盤整弱勢,0.00861996587432943,-0.05057435272817748,-0.02471349558854726
X_ev_reclaim,20220419,電子零組件業,RANGE,盤整弱勢,-0.015096553718052463,0.018351093871673954,-0.00022074654479856126
X_ev_reclaim,20220624,電子零組件業,BEAR,空頭弱勢,-0.024395596132734267,0.0111198243091922,0.017964764935352883
X_ev_reclaim,20220725,電子零組件業,RANGE,盤整強勢,0.0034258866822848323,0.02190789246196899,-0.0069180254137208574
X_ev_reclaim,20230815,電子零組件業,RANGE,盤整強勢,0.007441204316242367,0.015117660056835947,0.014144896964030592
X_ev_reclaim,20231106,電子零組件業,RANGE,盤整強勢,-0.00024395518810615968,0.00904253067558828,0.006311033883451035
X_ev_reclaim,20240417,電子零組件業,RANGE,盤整弱勢,-0.016741455093397174,-0.004825520194849976,0.03629217488992567
X_ev_reclaim,20240424,電子零組件業,RANGE,盤整弱勢,0.0006206386552922334,0.038335727184838034,0.026128667704266806
X_ev_reclaim,20240807,電子零組件業,RANGE,盤整弱勢,0.01481267113450057,0.032076904761886016,0.04378458348111264
X_ev_reclaim,20241105,電子零組件業,RANGE,盤整弱勢,-0.0008329438130401448,0.026518862842827905,0.005978206813747618
X_ev_reclaim,20241125,電子零組件業,RANGE,盤整強勢,0.0028618747934862467,0.0024449090047642813,-0.011352044669630575
X_ev_reclaim,20241218,電子零組件業,BEAR,空頭弱勢,0.012871851031720664,-0.017481029101942953,-0.019603388889620203
X_ev_reclaim,20241223,電子零組件業,BEAR,空頭抗跌,0.005992423615767889,-0.010712683889189615,-0.04914968630580575
X_ev_reclaim,20250624,電子零組件業,RANGE,盤整強勢,-0.002087912217426713,0.032121062646891636,0.12115498152508775
X_ev_reclaim,20211005,電機機械,RANGE,盤整弱勢,0.00567121002868697,0.008402736846378087,-0.005478155032431306
X_ev_reclaim,20211007,電機機械,RANGE,盤整弱勢,0.004641476517221897,-0.0016648763015316842,-0.008472994821473151
X_ev_reclaim,20220126,電機機械,RANGE,盤整強勢,0.0022462035856796216,-0.012398409883315354,-0.03205973171478779
X_ev_reclaim,20220309,電機機械,RANGE,盤整弱勢,0.005839967679078373,-0.005891598834617661,0.038106068206404664
X_ev_reclaim,20220429,電機機械,BEAR,空頭弱勢,0.01198598226010274,0.04466410405693798,0.08496770703414494
X_ev_reclaim,20220518,電機機械,RANGE,盤整弱勢,0.02106983787621547,0.03392713864990823,0.06651385384790467
X_ev_reclaim,20230512,電機機械,RANGE,盤整弱勢,0.004665540941069517,0.022168877845803486,0.06536337056066058
X_ev_reclaim,20240111,電機機械,RANGE,盤整強勢,0.0009858163926288865,0.02833191196442944,0.08408048189422876
X_ev_reclaim,20240122,電機機械,RANGE,盤整弱勢,0.00205489773860472,0.04460078843995899,0.06345851925727647
X_ev_reclaim,20241217,電機機械,RANGE,盤整強勢,0.03112894212313922,-0.003892146152348265,-0.011348188322814739
X_ev_reclaim,20250122,電機機械,BEAR,空頭弱勢,0.007233739865861559,0.02991222479542821,-0.009207232202078496
X_ev_reclaim,20250402,電機機械,RANGE,盤整弱勢,-0.0335671839549804,-0.01849735204919157,0.0032066797810301334
X_ev_reclaim,20250624,電機機械,RANGE,盤整強勢,-0.012333876916633846,-0.012053621069616043,-0.006702970883822761
X_ev_reclaim,20250717,電機機械,RANGE,盤整弱勢,-0.0008415746322796161,0.008334289950387475,0.007052460432431237
X_ev_reclaim,20250930,電機機械,RANGE,盤整弱勢,0.005362585464884815,0.003737515102234497,-0.013546152980931078
X_ev_reclaim,20251015,電機機械,RANGE,盤整弱勢,-0.012748307320372736,-0.026156231352827953,-0.021822047492585227
X_ev_reclaim,20251103,電機機械,RANGE,盤整強勢,-0.001713541745936954,-0.027668678192335875,0.049094763322234634
X_ev_reclaim,20260629,電機機械,RANGE,盤整弱勢,0.005465180674424041,-0.019844684849321156,-0.013113965472583616
X_ev_reclaim,20260722,電機機械,RANGE,盤整弱勢,-0.02558083637596066,0.0035522757385433117,
X_ev_reclaim,20260812,電機機械,RANGE,盤整強勢,-0.009233953605611434,-0.026053872145179922,
X_ev_reclaim,20211007,電腦及週邊設備業,BEAR,空頭抗跌,0.003851227454857762,0.046452057392391874,0.11561985565817454
X_ev_reclaim,20220310,電腦及週邊設備業,RANGE,盤整弱勢,-0.00523283143860827,-0.03056948741259367,-0.00665369103598693
X_ev_reclaim,20220317,電腦及週邊設備業,RANGE,盤整弱勢,0.001502341870756799,-0.025196985206069975,-0.0014908231126840796
X_ev_reclaim,20220504,電腦及週邊設備業,BEAR,空頭弱勢,-0.002122004929978563,0.013367557801856961,0.06424473013810011
X_ev_reclaim,20220718,電腦及週邊設備業,RANGE,盤整強勢,0.007450621228984185,0.03865483972230298,0.01956441058601692
X_ev_reclaim,20231024,電腦及週邊設備業,RANGE,盤整弱勢,-0.020213816474422934,0.0009001696803729378,0.011048194856548899
X_ev_reclaim,20231103,電腦及週邊設備業,RANGE,盤整弱勢,0.007179151150599028,0.004065001382877499,0.03957402973938098
X_ev_reclaim,20240417,電腦及週邊設備業,RANGE,盤整弱勢,-0.013467392906633105,-0.007531318652313414,0.044426885964098856
X_ev_reclaim,20240429,電腦及週邊設備業,RANGE,盤整強勢,-0.005056379140356507,0.07470560915993206,-0.0016240262165211697
X_ev_reclaim,20240723,電腦及週邊設備業,RANGE,盤整弱勢,-0.01115108870330406,-0.0033839960249975893,0.018269312987071552
X_ev_reclaim,20240801,電腦及週邊設備業,RANGE,盤整弱勢,-0.011663587648457624,0.017229703027393538,0.028131850607308023
X_ev_reclaim,20241218,電腦及週邊設備業,RANGE,盤整弱勢,0.01985241307179513,-0.005480791022399418,0.020015980263940032
X_ev_reclaim,20241223,電腦及週邊設備業,RANGE,盤整強勢,0.008166697607659186,-0.009613018630906637,-0.022783957647113946
X_ev_reclaim,20250120,電腦及週邊設備業,RANGE,盤整弱勢,0.01207490642518021,0.04934051739776467,-0.011806315549357592
X_ev_reclaim,20250401,電腦及週邊設備業,RANGE,盤整弱勢,-0.04971038888979275,-0.02843841653705731,0.028030441266927504
X_ev_reclaim,20250624,電腦及週邊設備業,RANGE,盤整強勢,-0.009550011294819305,0.010052355908697248,0.04499634985056578
X_ev_reclaim,20251112,電腦及週邊設備業,RANGE,盤整弱勢,-0.02117971042132859,-0.016105043599424523,-0.045351363405109285
X_ev_reclaim,20260209,電腦及週邊設備業,RANGE,盤整弱勢,0.009234481468082124,0.0357923621149816,0.1038439468314455
X_ev_reclaim,20260305,電腦及週邊設備業,RANGE,盤整弱勢,0.01379359000894461,-0.004064954493289367,0.21497612080184345
X_ev_reclaim,20260311,電腦及週邊設備業,RANGE,盤整強勢,0.024876942511626407,0.011805348421139046,0.16877748616615373
X_ev_reclaim,20260722,電腦及週邊設備業,RANGE,盤整強勢,-0.0495913369814729,-0.0035119481163810224,
X_ev_reclaim,20260805,電腦及週邊設備業,RANGE,盤整強勢,0.012178414805401935,-0.03024234597190366,
X_ev_reclaim,20210830,食品工業,RANGE,盤整弱勢,0.004754776862183549,-0.0041435699808927955,0.00792226326312968
X_ev_reclaim,20220513,食品工業,RANGE,盤整弱勢,-0.01206010246314873,-0.024017935981277227,0.012251965535194066
X_ev_reclaim,20220621,食品工業,RANGE,盤整強勢,0.008062651005747807,0.01616930799306983,-0.00693595716474555
X_ev_reclaim,20220705,食品工業,RANGE,盤整強勢,-0.010199396892694383,-0.029075696819953593,-0.028905027480593683
X_ev_reclaim,20220719,食品工業,BEAR,空頭弱勢,0.009649089445653262,-0.0311695770491473,0.004919066652600612
X_ev_reclaim,20220721,食品工業,BEAR,空頭弱勢,0.015102450441918248,-0.031171147034143115,0.010584102812358415
X_ev_reclaim,20220725,食品工業,RANGE,盤整弱勢,-0.004153992326342167,-0.03503342834317581,0.0031311118822634765
X_ev_reclaim,20220805,食品工業,BEAR,空頭弱勢,-0.016876515274551734,-0.006032288998852636,0.009080633945652491
X_ev_reclaim,20230717,食品工業,RANGE,盤整弱勢,0.006622122076133418,0.015320626180674562,-0.017801668353193002
X_ev_reclaim,20230720,食品工業,RANGE,盤整弱勢,-0.0022871688263375635,0.012961741347429868,-0.01751840091451618
X_ev_reclaim,20230913,食品工業,BEAR,空頭弱勢,0.006558023515525053,-0.004991965986008807,-0.0576395661463332
X_ev_reclaim,20240201,食品工業,RANGE,盤整弱勢,-0.01944313152097168,-0.026588176129496863,-0.061604264219766294
X_ev_reclaim,20240216,食品工業,RANGE,盤整弱勢,-0.010462166999981086,-0.005835500121836819,-0.035573504066700845
X_ev_reclaim,20240422,食品工業,RANGE,盤整弱勢,-0.015481448088899147,-0.011461479518827408,-0.031141383752524954
X_ev_reclaim,20250730,食品工業,RANGE,盤整弱勢,-0.004775843241556884,-0.015362906425814449,-0.028438925065933405
X_ev_reclaim,20250804,食品工業,RANGE,盤整弱勢,-0.011390127504428938,0.014043100852888195,-0.01787624104201153
X_ev_reclaim,20251022,食品工業,RANGE,盤整弱勢,-0.004691197806523259,0.002460425952637832,-0.07850302367303721
X_ev_reclaim,20260109,食品工業,RANGE,盤整弱勢,-0.02441385328286454,0.0030780281372580747,-0.05403824649771753
X_ev_reclaim,20260306,食品工業,RANGE,盤整強勢,-0.02668748666896732,-0.028832889471069368,-0.165482614202736
X_ev_reclaim,20260918,食品工業,RANGE,盤整弱勢,-0.01448486773680538,,
X_ev_reclaim,20260923,食品工業,BEAR,空頭弱勢,-0.01673118469236795,,
