variant,date,sid,t,s,ym,yoy,cum_yoy,c_1,c_2,c_3,c_5,c_stop10,c_stop10_days,o_1,o_2,o_3,o_5,mfe5
LO_n2_m3_close,20260623,1303,1324,35,202605,31.35,13.03,0.0018016988414746304,-0.0046201069203297696,-0.0495727472529599,0.06923065934041994,-0.0495727472529599,3.0,0.06376881423373049,0.056949783373257956,0.009216567349949578,0.13536863826869316,0.09708737864077666
LO_n2_m3_close,20250219,1235,998,24,202501,58.36,58.36,-0.08293912962001704,-0.1274476450681863,-0.12930216654519322,-0.17195616051635532,-0.08293912962001704,1.0,-0.08720452901713327,-0.13150602811438072,-0.1333519239100992,-0.17580752721162807,0.02336448598130847
LO_n2_m3_close,20211122,1236,215,25,202110,5.95,6.41,-0.10593311220290791,-0.047963688056463005,-0.09701473925730097,-0.11262189191211325,-0.10593311220290791,1.0,-0.09577326120521368,-0.03714509360255913,-0.08675354311249761,-0.10253804977475078,-0.011235955056179803
LO_n2_m3_close,20220218,1236,271,25,202201,-13.88,-13.88,-0.03067700628607206,-0.08289642682284915,-0.09431942506526925,-0.07636899925575202,-0.08289642682284915,2.0,-0.03067700628607206,-0.08289642682284915,-0.09431942506526925,-0.07636899925575202,0.0
LO_n2_m3_close,20250904,1256,1134,27,202507,12.59,-8.55,0.049965242055006964,0.037121630531398386,0.046754339174104986,0.16876864864838725,0.10133968814944172,10.0,0.023467696514186676,0.010948213988019262,0.020337825882644767,0.1392729098812353,0.1779935275080906
LO_n2_m3_close,20241218,1213,961,10,202411,53187.09,57.87,-0.10585968248554123,-0.04941893154609034,-0.04941893154609034,0.012962951071197493,-0.10585968248554123,1.0,-0.017622151151877596,0.04438841073554545,0.04438841073554545,0.11292640019006561,0.03592814371257491
LO_n2_m3_close,20250625,1225,1083,17,202505,-0.82,-3.48,-0.09114290974158645,-0.1769794127104366,-0.17445480968194083,-0.19591393542415347,-0.09114290974158645,1.0,-0.07346086518402983,-0.16096733902776028,-0.15839361920882689,-0.1802702376697597,-0.007633587786259444
LO_n2_m3_close,20260331,1309,1268,40,202602,-43.0,-28.24,0.015843304498522004,0.11699719287019672,0.14067150716995047,0.009386673325861628,-0.0272009033192121,6.0,0.06432673494049679,0.17030842252991052,0.19511264728487987,0.05756194637095957,0.17136659436008683
LO_n2_m3_close,20260604,1312,1312,42,202604,-5.45,19.97,0.0061432013283282405,-0.046260090407522325,-0.039272984842742,-0.11555757768806474,-0.046260090407522325,2.0,0.0061432013283282405,-0.046260090407522325,-0.039272984842742,-0.11555757768806474,0.01760563380281699
LO_n2_m3_close,20260828,1312,1371,42,202607,-5.01,13.27,0.09033411997108431,0.09734591495482126,0.06929873501987371,0.023722067625584042,0.006192580166241912,10.0,0.08649491532329878,0.09348202088807911,0.06553359862895869,0.02011741245788845,0.16607773851590113
LO_n2_m3_close,20260604,1409,1312,61,202604,25.05,2.33,-0.049625674223524374,-0.09868897593665038,-0.09505465729123364,-0.10414045390477533,-0.049625674223524374,1.0,-0.005930302923456532,-0.057249388623392905,-0.05344797486784214,-0.062951509256719,-0.0073260073260073
LO_n2_m3_close,20220831,1410,404,62,202207,-25.55,-16.89,-0.01998452749854418,-0.04871102387400972,-0.06086454157132182,-0.09401049892762825,-0.04871102387400972,2.0,-0.022162339659658636,-0.05082499937651208,-0.062951509256719,-0.09602380893001139,0.027839643652561197
LO_n2_m3_close,20260410,1449,1274,85,202602,22.19,16.56,-0.05507715219164944,-0.08657458045192779,-0.07397560914781642,-0.09287406610398341,-0.05507715219164944,1.0,-0.06984157168865501,-0.10084685263236648,-0.0884447402548818,-0.1070479088211087,0.019047619047619202
LO_n2_m3_close,20260529,1563,1308,141,202604,5.74,-0.56,0.03976930157262193,0.03828179184218916,0.008531597233530253,-0.02865614602729305,-0.1000566130880739,6.0,0.05720445754411441,0.055692004815152796,0.025442950235921913,-0.012368367988116469,0.08695652173913038
LO_n2_m3_close,20240409,1587,789,151,202402,-20.74,-9.64,0.04904491957321966,0.03008627644840245,0.13246294932241542,0.23863135082139197,0.18681105961355837,10.0,0.04904491957321966,0.03008627644840245,0.13246294932241542,0.23863135082139197,0.2636942675159235
LO_n2_m3_close,20260121,1526,1227,124,202512,15.06,6.98,-0.06470693917568371,-0.10683725723083315,-0.018363589315019357,-0.06470693917568371,-0.06470693917568371,1.0,-0.08982844700774173,-0.1308271656109966,-0.044729856544161284,-0.08982844700774173,0.027600849256900206
LO_n2_m3_close,20260603,1528,1311,126,202604,1.23,17.74,-0.06277196365588689,-0.10155381343564329,-0.15972658810527784,-0.18234933381013574,-0.06277196365588689,1.0,-0.0566262060405156,-0.09566236303194253,-0.15421659851908298,-0.17698769009741522,-0.006514657980456029
LO_n2_m3_close,20230414,1529,550,127,202303,513.9,297.63,0.09138588921864499,0.13487822851502917,0.14846958454514958,0.04925268552527262,0.14167390653008938,10.0,0.06228226550614768,0.10461480908796172,0.1178437289572789,0.021272613911265337,0.23287671232876717
LO_n2_m3_close,20260527,1591,1306,154,202604,510.66,743.74,-0.09194968505721435,-0.1329305781306418,-0.0951850187209059,-0.06714546030224522,-0.09194968505721435,1.0,-0.06344586351192516,-0.10571315233205214,-0.06678275473456674,-0.037863030805006304,-0.023913043478260954
LO_n2_m3_close,20260728,1591,1348,154,202606,126.96,417.23,-0.04599135557810763,-0.11515698229869487,-0.0769966365218191,-0.13185213357607806,-0.04599135557810763,1.0,-0.04599135557810763,-0.11515698229869487,-0.0769966365218191,-0.13185213357607806,0.03485576923076916
LO_n2_m3_close,20260805,1595,1354,157,202606,27.89,4.55,-0.0173558321071402,-0.041167887871910724,-0.006243539416913801,0.0413805721126268,-0.041167887871910724,2.0,-0.0173558321071402,-0.041167887871910724,-0.006243539416913801,0.0413805721126268,0.0895999999999999
LO_n2_m3_close,20250618,1616,1078,170,202505,41.31,19.13,-0.007831009801231859,-0.02833507618880693,-0.04542179817845271,-0.05453471657293052,-0.1023775381439389,6.0,-0.021314620087058866,-0.041540035515799434,-0.05839454837308311,-0.06738362189696767,0.027554535017221715
LO_n2_m3_close,20240422,1617,798,171,202403,-2.75,0.52,-0.09969850889371035,-0.09786115891186087,-0.13277080856700252,-0.12725875862145397,-0.09969850889371035,1.0,-0.06146176602819231,-0.05954638187722949,-0.09593868074552392,-0.09019252829263547,-0.01851851851851849
LO_n2_m3_close,20260702,1617,1331,171,202605,37.88,23.29,0.09005113272958831,0.18793327526040837,0.09894950932329905,0.04555924976103354,-0.041199922027647884,10.0,0.09005113272958831,0.18793327526040837,0.09894950932329905,0.04555924976103354,0.20852017937219713
LO_n2_m3_close,20260701,1718,1330,186,202605,9.13,1.48,0.0881853440889715,0.19620374221545012,0.21620714927590923,0.14019420244616487,0.17219965374289936,10.0,0.07091256084946407,0.1772163812279035,0.19690227389057746,0.12209588177241648,0.30645161290322576
LO_n2_m3_close,20240923,1721,903,188,202408,11.1,12.44,-0.019412748986431527,-0.013621879393831637,-0.056088256406230275,-0.023273328714831343,-0.08697289423342935,9.0,-0.021316801901021032,-0.015537176715397005,-0.057921094743305535,-0.025169885358103494,0.031128404669260812
LO_n2_m3_close,20240430,1725,804,192,202403,-2.0,1.0,-0.10664458809338573,-0.12479402084092406,-0.1358853408533086,-0.13185213357607806,-0.12479402084092406,2.0,-0.10024388401626572,-0.11852335364121735,-0.12969414063424334,-0.12563203627314312,-0.004065040650406582
LO_n2_m3_close,20260610,1714,1316,184,202604,71.71,47.62,0.09062850831009617,0.15121898099399056,0.264826117276292,0.45795824895620485,0.4011546808150541,10.0,0.02417444149550274,0.0810730215785862,0.1877578592343676,0.36912208324919615,0.4694656488549618
LO_n2_m3_close,20260318,1735,1259,200,202602,-44.45,-13.66,5.58661144975936e-05,-0.0866997689585266,-0.14664002591807057,-0.16714590329896728,-0.0866997689585266,2.0,5.58661144975936e-05,-0.0866997689585266,-0.14664002591807057,-0.16714590329896728,0.07631160572337059
LO_n2_m3_close,20260319,1785,1260,214,202602,62.94,65.49,-0.06550388706401755,-0.11242419398967352,-0.12513177711537204,-0.14272689221249302,-0.11242419398967352,2.0,-0.09233152666983524,-0.13790483913829543,-0.15024761126517006,-0.16733760344084259,0.054187192118226646
LO_n2_m3_close,20260415,1785,1277,214,202603,95.58,76.61,0.006342832915893215,0.10555973193576995,0.08784242853936353,0.10910319261505141,0.2331243163898975,10.0,0.020927511653804798,0.12158233674643348,0.10360826083703545,0.1251771519283129,0.15357142857142847
LO_n2_m3_close,20260109,1789,1219,217,202511,-2.12,-4.83,0.0027690862479001765,0.02396927834616447,0.028209316765817283,0.11301008515887445,0.08120979701147801,10.0,0.013598126056192816,0.0350272619136176,0.03931308908510278,0.12502963251480192,0.13888888888888884
LO_n2_m3_close,20260515,2066,1298,269,202604,8.61,4.49,-0.051963732594257905,-0.056867368460149614,-0.10426918183043687,-0.05359827788288851,-0.10426918183043687,3.0,-0.022991486731264055,-0.028044979041274676,-0.07689540470471168,-0.024675984167934262,-0.014827018121911117
LO_n2_m3_close,20260807,2070,1356,272,202606,33.17,16.42,-0.012850414473401073,-0.012850414473401073,0.06076752071841307,0.012246608887444888,0.15111680481745782,10.0,-0.004456285344773492,-0.004456285344773492,0.06978765269731113,0.02085414807866459,0.08263069139966284
LO_n2_m3_close,20261001,2030,1393,255,202608,57.69,20.4,0.011933312712687716,-0.027595332315151655,-0.018371981808655624,-0.06317111284020693,-0.06317111284020693,5.0,-0.001329247086954255,-0.04033982337262021,-0.031237355572631298,-0.07544934202971942,0.055776892430278835
LO_n2_m3_close,20260225,2103,1245,277,202601,11.57,11.57,-0.022141139467560356,-0.09846183102131179,-0.06268650685549082,-0.08892174457709268,-0.09846183102131179,2.0,-0.012647364122585159,-0.08970903326423707,-0.053586375854087875,-0.08007632462153047,0.028846153846153744
LO_n2_m3_close,20261005,2033,1395,258,202608,9.66,-5.04,0.027186719264606918,0.03496843683479356,0.015514142909327289,,0.015514142909327289,3.0,0.015242687645251163,0.022933920127412133,0.0037058389220097077,,0.0960784313725489
LO_n2_m3_close,20240418,2061,796,264,202403,9.8,5.82,-0.10338826910316246,-0.10338826910316246,-0.1664153975789039,-0.20911119428827707,-0.10338826910316246,1.0,-0.08654170213432832,-0.08654170213432832,-0.15075305640606484,-0.19425107059014446,0.05122950819672134
LO_n2_m3_close,20250903,2243,1133,303,202507,-0.93,-11.66,0.00629239219448019,-0.060793767285151845,-0.053732066287295877,-0.14200332876049593,-0.060793767285151845,2.0,0.013505957729924578,-0.054061106118737046,-0.04694878360835164,-0.1358528149881696,0.039145907473309594
LO_n2_m3_close,20260313,2243,1256,303,202602,739.37,301.17,0.09074988345569679,0.19887086315684477,0.3038118140432531,0.24021123774845998,0.32607201574643074,10.0,0.009833719994591483,0.10993385550425971,0.20708986938129037,0.14820743672854442,0.32692307692307687
LO_n2_m3_close,20260318,2243,1259,303,202602,739.37,301.17,-0.046549799662647384,-0.05622949712800118,-0.08042874079138573,0.00426861203046025,-0.08042874079138573,3.0,0.018006724318527567,0.007671630670623708,-0.01816610344913583,0.07226596597002266,0.017073170731707332
LO_n2_m3_close,20241224,2250,965,306,202411,-15.38,1.23,0.041587369020928966,0.02258030024317481,0.11001281662084406,0.018778886487623936,-0.06485221613449454,7.0,0.014381728785307857,-0.00412888670347511,0.08101994454492667,-0.007831009801231748,0.13026819923371646
LO_n2_m3_close,20220822,2305,397,312,202207,29.91,-21.05,-0.051531764671324476,0.0423439309755409,0.14593090548242693,0.07633340698561297,-0.051531764671324476,1.0,-0.043731861420266305,0.05091583830264246,0.15535467937619707,0.08518483302990254,0.23817292006525292
LO_n2_m3_close,20260617,2305,1321,312,202605,97.83,66.25,0.09106165098655361,0.19968145873707255,0.20292384105798367,0.2256205173043606,0.2191357526625386,10.0,0.09106165098655361,0.19968145873707255,0.20292384105798367,0.2256205173043606,0.30718954248366015
LO_n2_m3_close,20240709,2312,852,314,202405,-3.53,-9.38,-0.009937525703989425,0.08906872172561164,0.16069026241936557,0.11013388075318642,0.006914601518070329,10.0,0.00934940561346509,0.11028434617481175,0.18330111168727514,0.13175986544318352,0.22080679405520165
LO_n2_m3_close,20250905,2208,1135,290,202507,-10.8,65.92,0.07401794110047732,0.02411004420919105,0.1259221538674149,0.17383373488304943,0.0041468854526767185,10.0,0.02651330139795638,-0.0211871308231385,0.07612175090789464,0.12191416584014547,0.20724346076458744
LO_n2_m3_close,20260923,2221,1389,292,202608,81.31,29.09,0.026597567145728584,0.1267534273550679,0.2362988994590327,0.17683135745973755,0.20187032251207238,9.0,0.02984629362403779,0.1303191027580901,0.2402112377484602,0.1805555073251166,0.24921135646687698
LO_n2_m3_close,20220822,2230,397,295,202207,0.49,-20.4,0.09001264494155325,0.0642643147460833,0.1706907462206919,0.16554108018159797,0.13464308394703406,10.0,0.07881388489078378,0.05333009233430852,0.15866310156773955,0.15356634305644445,0.17993079584775096
LO_n2_m3_close,20260325,2231,1264,296,202602,-16.65,-5.82,0.08756985464095757,0.19251080552736544,0.31176188608010214,0.1543504597504899,0.16389054619470866,10.0,0.05707724189401464,0.15907592312940189,0.2749835154423421,0.12198549358926103,0.3221153846153846
LO_n2_m3_close,20260702,2233,1331,297,202605,0.95,-2.74,0.09138588921864477,0.049714791630296684,0.00010634212035842694,0.0020906801007556375,-0.13284430256627677,10.0,0.049409508864081575,0.009341145798362094,-0.03835928642273234,-0.03645126913388874,0.1180000000000001
LO_n2_m3_close,20260804,2327,1353,322,202606,38.91,29.34,0.013204375149978631,-0.0008192148174950287,-0.05340767719552153,0.08156937624141336,-0.05340767719552153,3.0,-0.05678671655446066,-0.06984157168865501,-0.11879727844188359,0.006855702224736637,0.10070671378091878
LO_n2_m3_close,20260622,2332,1323,327,202605,13.06,7.95,-0.039245331390638794,-0.03400961112573786,-0.05233463205289157,-0.09422039417210093,-0.05233463205289157,3.0,-0.046790525123173055,-0.04159592308024773,-0.05977703023048675,-0.10133384657389066,0.0316622691292876
LO_n2_m3_close,20260911,2338,1381,329,202607,4.41,-3.89,-0.002636407758306536,-0.04211538328454012,0.0534652943052889,0.03892040858509738,-0.021336975112838164,10.0,0.03306098762561538,-0.007831009801231859,0.09117066817955632,0.07610519544334937,0.1413612565445026
LO_n2_m3_close,20250916,2340,1142,330,202508,-3.34,4.02,0.023833957971069353,0.12586552079292845,0.020315628218591453,-0.02190432881114346,-0.05356929658344467,10.0,0.04231471533516795,0.1461880031177103,0.038732877825425005,-0.004249172291489134,0.19148936170212782
LO_n2_m3_close,20231215,2356,718,342,202311,0.0,-6.02,-0.04370488857907995,-0.07650386346168392,0.004468605779744506,0.03726758066234859,-0.04370488857907995,1.0,-0.025585612783736278,-0.05900604192727377,0.02350064252083439,0.05692107166437199,0.06404958677685957
LO_n2_m3_close,20230505,2358,564,344,202303,,,-0.03126807256183273,-0.054705135322433596,-0.04689278106890005,-0.03126807256183273,-0.054705135322433596,2.0,-0.03883629074494355,-0.062090251452727174,-0.054338931216799335,-0.03883629074494355,0.03149606299212593
LO_n2_m3_close,20240326,2359,781,345,202402,10.01,-6.78,0.036297022761410336,0.04056747752553713,0.03202656799728376,0.24697279112499393,0.5017765920512198,10.0,0.024537623921564666,0.028759619624538102,0.02031562821859123,0.23282274526825653,0.25681492109038717
LO_n2_m3_close,20240426,2359,802,345,202403,-28.2,-16.74,-0.07366212763432545,-0.0407465687177786,-0.07836435033668931,-0.13196968914363694,-0.07366212763432545,1.0,-0.0992751563633304,-0.06726970506659591,-0.10384736369143532,-0.15597052723183136,0.028436018957346043
LO_n2_m3_close,20240516,2362,815,347,202404,9.47,3.0,0.013348295408265765,-0.01597689642026945,-0.027381137686921964,0.0035732314654206565,-0.02086442839169189,10.0,0.013348295408265765,-0.01597689642026945,-0.027381137686921964,0.0035732314654206565,0.05254515599343179
LO_n2_m3_close,20240529,2365,824,350,202404,32.17,28.9,-0.065456986504696,-0.10554462247232266,-0.07172067962463768,-0.17193976954370505,-0.10554462247232266,2.0,-0.048640017110178735,-0.08944902441912517,-0.05501642450220168,-0.15703894277456854,-0.017676767676767735
LO_n2_m3_close,20240709,2349,852,336,202405,4.39,7.58,-0.10704790882110882,-0.10704790882110882,-0.09877983390278555,-0.09051175898446273,-0.10704790882110882,1.0,-0.00783100980123197,-0.00783100980123197,0.0013557401080159792,0.010542490017263706,-0.03888888888888886
LO_n2_m3_close,20240408,2374,788,356,202402,20.56,35.82,0.037197003838461695,-6.755917369838382e-05,0.09930460885872905,0.16917566450652965,0.2033348472676766,10.0,0.0011614583878805096,-0.03480841436857007,0.06111124631529874,0.1285547577336439,0.28638497652582173
LO_n2_m3_close,20260226,2413,1246,381,202601,12.15,12.15,-0.021805220930791958,-0.09516982936098273,-0.17552154335595316,-0.142332791923248,-0.09516982936098273,2.0,0.03659446737184724,-0.04115011768104149,-0.12629894892944293,-0.09112877950075537,0.05457746478873249
LO_n2_m3_close,20240829,2424,887,389,202407,24.9,-0.6,-0.0108932597709811,-0.00578950982139903,-0.004768759831482616,0.0044179900777652215,0.14323998870639953,10.0,-0.00987461225272257,-0.004765606123995569,-0.0037438048982502137,0.00545240613345821,0.08024691358024683
LO_n2_m3_close,20260407,2426,1271,391,202602,-14.78,-7.51,0.0912463436504034,0.20009188687896007,0.3201010755668561,0.47639211199760423,0.49034666882177813,10.0,0.06722991793044941,0.17367996089537896,0.2910479569849169,0.4438993007294314,0.5752461322081577
LO_n2_m3_close,20260414,2426,1276,391,202603,-14.1,-9.85,-0.07535101669566602,-0.0022043425600289934,0.020302326404782356,0.001546768934105991,-0.07535101669566602,1.0,-0.05934747660001405,0.01506519766489367,0.037961405131018866,0.018881232242581092,0.07939508506616266
LO_n2_m3_close,20230522,2427,575,392,202304,-2.09,5.88,-0.028079356539982392,-0.03617869523548234,-0.007831009801231859,0.004317998242018284,0.1744041108475214,10.0,-0.03399368094237598,-0.04204373360118929,-0.013868549295342092,-0.0017934703071217362,0.04081632653061229
LO_n2_m3_close,20231003,2429,667,394,202308,-0.11,4.51,-0.010245046273735015,-0.02231522863625046,-0.06093981219629985,-0.08508017692133063,-0.02231522863625046,2.0,0.011913646720136395,-0.00042676360571891614,-0.03991607664845598,-0.0645968973001666,-0.0024330900243308973
LO_n2_m3_close,20250213,2438,994,401,202501,-10.16,-10.16,-0.08583938249499257,-0.09559042908171256,-0.07608833590827246,-0.08096385920163252,-0.08583938249499257,1.0,-0.05806741436825802,-0.06811469528166325,-0.0480201334548529,-0.05304377391155546,-0.029484029484029506
LO_n2_m3_close,20260506,2454,1291,412,202603,12.89,-2.71,-0.010723630763910585,0.05002140945234057,0.12233693351930608,0.01097102645617909,-0.0656834290548044,10.0,-0.010723630763910585,0.05002140945234057,0.12233693351930608,0.01097102645617909,0.16180758017492702
LO_n2_m3_close,20260806,2455,1355,413,202606,23.55,27.65,-0.029167977332388184,0.025508001966199734,-0.019833054037507347,0.02417444149550252,-0.029167977332388184,1.0,-0.04457800943822321,0.00923009717308565,-0.03539125952897548,0.00791770432890715,0.06989247311827951
LO_n2_m3_close,20260617,2464,1321,421,202605,30.83,15.16,0.02803051996498862,0.03400744159269209,0.02803051996498862,0.01308821589573017,-0.07058868689211795,6.0,0.01579206139397682,0.02169782919277896,0.01579206139397682,0.0010276418969714651,0.12349397590361444
LO_n2_m3_close,20240219,2465,756,422,202401,67.99,67.99,-0.02389852381254809,-0.03594915932103504,-0.0399660378238641,0.012253382712913208,0.26129984988831234,10.0,0.021597731433477207,0.008985413761459116,0.004781307870786122,0.05943468444953193,0.04048582995951411
LO_n2_m3_close,20260707,2466,1334,423,202605,-33.25,-25.24,0.03824163229223143,0.05538494097817126,0.07681407683559605,0.23753259576628194,0.23753259576628194,10.0,0.037121630531398386,0.05424644589620975,0.07565246510222412,0.23619760914733234,0.24730021598272156
LO_n2_m3_close,20250326,2468,1022,425,202502,40.49,47.06,0.007967859469449223,-0.09156501693584129,-0.1816185717787232,-0.17845879792458685,-0.09156501693584129,2.0,0.009575463711027243,-0.09011615731372946,-0.18031333824089035,-0.17714852487502497,0.04458598726114649
LO_n2_m3_close,20260410,2489,1274,440,202602,6.96,8.2,0.04473423471261029,0.0009298642844084437,-0.0746326747042394,-0.022067430190397475,-0.15676586925711766,10.0,0.005875894420430239,-0.036299195492376035,-0.1090512255919669,-0.05844111769659943,0.09933774834437092
LO_n2_m3_close,20260526,2489,1305,440,202604,14.27,10.74,-0.027021899360202273,-0.07883730116942245,-0.05005096683096688,-0.08267547908121653,-0.027021899360202273,1.0,-0.05267480596840779,-0.10312407665648093,-0.07509670405199587,-0.10686105967041226,0.029013539651837617
LO_n2_m3_close,20260605,2491,1313,441,202604,0.72,-13.64,-0.10647605349534583,-0.11076496843856798,-0.15508375618519887,-0.10504641518093827,-0.10647605349534583,1.0,-0.00783100980123208,-0.01259342095418603,-0.06180500286804491,-0.0062435394169139125,-0.09365994236311248
LO_n2_m3_close,20260807,2491,1356,441,202606,7.62,-7.12,0.09060465379329163,0.06873006188339748,0.07810488698763773,0.07497994528622431,0.2187272635512425,10.0,-0.00783100980123197,-0.027731247426995176,-0.01920257415881088,-0.02204546524820561,0.12913385826771662
LO_n2_m3_close,20260415,2472,1277,427,202603,9.31,9.24,-0.021497249335650337,0.008568477640070071,0.00036873391941893985,0.005835229733186287,-0.05976272003202143,6.0,-0.002257026710227761,0.028399880290296053,0.02003890565378974,0.02561288874479395,0.0826446280991735
LO_n2_m3_close,20260525,2478,1304,431,202604,11.58,9.67,-0.016099084719555123,-0.007831009801231859,0.05004551462702955,0.19060278823852173,0.2567473875851063,10.0,-0.016099084719555123,-0.007831009801231859,0.05004551462702955,0.19060278823852173,0.27083333333333326
LO_n2_m3_close,20220512,2482,326,434,202203,-10.22,-32.74,0.08806636471612106,0.19502882090855334,0.2319124264921506,0.48640930501897217,0.43846061776029566,10.0,0.04532090038798775,0.14808126008714595,0.1835158668799588,0.4280146537503695,0.4981412639405205
LO_n2_m3_close,20240226,2718,761,511,202401,1139.8,1139.8,-0.025745172124265303,0.004571102576252706,0.0004370651170910733,0.05417955208619096,0.13823831375580875,10.0,-0.018932201299959428,0.011596075321541388,0.007433128509518383,0.061551437065814785,0.0625
LO_n2_m3_close,20250815,2718,1120,511,202507,-86.16,-41.19,0.007381121223962284,0.002310410882230718,-0.007831009801231859,-0.007831009801231859,-0.008015733485755683,9.0,-0.00783100980123197,-0.012825149013641957,-0.022813427438461598,-0.022813427438461598,0.022146507666098714
LO_n2_m3_close,20240709,2756,852,533,202405,-37.4,-13.17,-0.1057010730878073,-0.15508504997552897,-0.1658597358419407,-0.1658597358419407,-0.1057010730878073,1.0,-0.1057010730878073,-0.15508504997552897,-0.1658597358419407,-0.1658597358419407,0.004524886877828038
LO_n2_m3_close,20220304,2936,280,584,202201,,,-0.009112881881592205,-0.01039475396195233,-0.01039475396195233,-0.007831009801231859,-0.006549137720871845,10.0,-0.00783100980123197,-0.00911454018958735,-0.00911454018958735,-0.006547479412876256,0.02067183462532296
LO_n2_m3_close,20211223,2939,238,587,202111,-29.15,-39.06,-0.010441980828070796,-0.020885864935426213,-0.03263523455620132,-0.09529853920033382,-0.0548284882843314,4.0,-0.023293383674459545,-0.03360163292327789,-0.04519841332819874,-0.1070479088211087,0.03421052631578947
LO_n2_m3_close,20230710,3018,608,606,202305,-67.58,-61.79,0.033509364790383245,-0.06570753422949338,-0.07397560914781665,-0.04090330947452425,-0.06570753422949338,2.0,0.12746476158950903,0.019228144476916453,0.010208426384200164,0.04628729875506443,0.04166666666666674
LO_n2_m3_close,20240704,3018,849,606,202405,38.04,-31.69,0.01327896871363543,0.04705493433742336,0.04705493433742336,0.07027591070377759,0.1357168440998664,10.0,0.11531877118362677,0.15249606355641432,0.15249606355641432,0.1780554520627058,0.0957446808510638
LO_n2_m3_close,20260526,3025,1305,612,202604,76.45,47.6,-0.02797657305399881,-0.049381234010063446,-0.061972211043042735,-0.09219055592219316,-0.08715416510900142,4.0,-0.04135862273660962,-0.06246860125147702,-0.07488623567198727,-0.10468855828121193,0.013959390862944288
LO_n2_m3_close,20260327,3026,1266,613,202602,-2.29,10.18,-0.03411363205815299,-0.09653485991834032,-0.06696690987930431,-0.0012603542370017706,0.5079654519908428,10.0,-0.03090470724771488,-0.0935333146024544,-0.06386713217126205,0.0020577176758320714,0.0066225165562914245
LO_n2_m3_close,20260616,3026,1320,613,202605,21.34,12.26,0.09077719658662109,0.09808150817090633,0.09906171929179086,-0.024689934719882345,-0.05532153224752412,6.0,0.07106435568445324,0.07823666163769727,0.07919915809977063,-0.04231602023699288,0.1165644171779141
LO_n2_m3_close,20260908,3026,1378,613,202607,37.04,18.62,0.0067792430664874725,0.06654845934352172,-0.011815624219700949,-0.0357233107305146,-0.029082286699733118,4.0,-0.02959471668301128,0.02801509565111071,-0.04751776940918262,-0.07056169434283133,0.10575635876840694
LO_n2_m3_close,20230919,3036,658,623,202308,11.6,-2.3,0.09029559362501982,0.12300446143377064,0.0466837698800191,0.035780813943768974,0.21567958689189726,10.0,0.035667004382847756,0.06673701451433334,-0.005759675792466279,-0.016116345836294732,0.13736263736263732
LO_n2_m3_close,20260813,3044,1360,630,202607,56.54,34.71,-0.021861682389901493,-0.031883591381808074,-0.020859491490710647,-0.02687263688585484,-0.031883591381808074,2.0,-0.015897424355693635,-0.0259804425487703,-0.014889122536385746,-0.020938933452231967,0.02020202020202011
LO_n2_m3_close,20211012,3046,186,632,202108,7.31,39.17,-0.04118122795917378,-0.04951878249865915,-0.053687559768402005,-0.0870377779263437,-0.04118122795917378,1.0,-0.012126113654906345,-0.020716321362254986,-0.025011425215929473,-0.05937225604532392,-0.008403361344537785
LO_n2_m3_close,20240605,3048,829,634,202404,14.4,4.93,-0.013557814939464174,-0.07512097017546282,-0.12809391770411283,0.05230044415020885,-0.07512097017546282,2.0,-0.023422236790069717,-0.08436976047370837,-0.13681297852707175,0.04177743970870651,0.06060606060606055
LO_n2_m3_close,20260303,3054,1248,639,202601,121.86,121.86,0.09072882366222168,0.07627338142091511,0.18271800156144513,0.4297746507765028,1.294472923029204,10.0,0.12040851954418708,0.10555973193577017,0.214900804325022,0.46868008345069345,0.44105960264900657
LO_n2_m3_close,20260413,3054,1275,639,202603,1091.19,643.65,-0.027069743683202585,-0.08478594532911432,0.005910942971604216,0.01415611463530575,-0.027069743683202585,1.0,-0.05456844540951855,-0.11065336813946236,-0.02251991813526477,-0.014507786316701576,0.08587257617728539
LO_n2_m3_close,20260422,3055,1282,640,202603,19.32,26.42,-0.04544879142014269,-0.07248657195873454,-0.10187546384850843,-0.06660879358077987,-0.04544879142014269,1.0,-0.0792671770955432,-0.10534704769505354,-0.13369473312930402,-0.09967751060820351,0.03672985781990512
LO_n2_m3_close,20250918,3060,1144,645,202508,-6.35,10.24,-0.0660757480922527,0.026312457472814854,0.04037153223271628,0.008236504210084261,-0.0660757480922527,1.0,-0.07357714770596946,0.018068983918816395,0.0320151343834576,0.00013821903570621075,0.13765182186234837
LO_n2_m3_close,20211222,3064,237,647,202111,-45.11,-30.62,0.04467932672739372,-0.052050240562179884,-0.0492865386396204,-0.0050673078786726,,,0.04467932672739372,-0.052050240562179884,-0.0492865386396204,-0.0050673078786726,0.058495821727019504
LO_n2_m3_close,20240524,3064,821,647,202404,6.92,54.48,-0.10567624662267727,-0.18431821266608184,-0.18431821266608184,-0.2227247542221632,-0.18431821266608184,2.0,-0.10567624662267727,-0.18431821266608184,-0.18431821266608184,-0.2227247542221632,0.0
LO_n2_m3_close,20250512,3064,1052,647,202503,25.06,-35.5,-0.04936366520490121,-0.055516651190629984,-0.05859314418349437,-0.09858755309073153,-0.04936366520490121,1.0,0.020233670453974284,0.013630216276278695,0.0103284891874309,-0.03259396296759065,-0.03875968992248058
LO_n2_m3_close,20250815,3071,1120,650,202507,-16.51,-7.25,0.03922838894337355,0.013737881290045717,-0.03528232573558521,-0.011752626363282448,-0.03528232573558521,3.0,0.023053628025967,-0.0020401402086320797,-0.050297386813630496,-0.02713390844323127,0.09090909090909083
LO_n2_m3_close,20230628,3073,600,651,202305,-73.8,-46.43,0.000516565837459737,-0.03406624752283405,-0.04837637718916232,0.03986942241986258,-0.03406624752283405,2.0,-0.018361105216077145,-0.05229141266391246,-0.06633153988370633,0.02024924463835598,0.08173076923076916
LO_n2_m3_close,20240709,3073,852,651,202405,-33.18,-13.4,-0.061420384271844486,0.031978239805508846,0.13456361379210957,0.175903988383725,-0.061420384271844486,1.0,0.03435304590449806,0.13728214182647935,0.2503354111178353,0.2958941912800237,0.382716049382716
LO_n2_m3_close,20240924,3085,904,655,202408,22.56,-32.75,-0.01013837954588015,-0.023982598013770118,-0.017060488779825023,-0.03321207699236328,-0.017060488779825023,10.0,-0.0541322293438411,-0.06736114921315817,-0.06074668927849958,-0.07618042912603606,0.04651162790697683
LO_n2_m3_close,20260119,3085,1225,655,202512,-35.95,5.58,-0.10542140227979924,-0.10867441536241829,-0.11192742844503711,-0.11192742844503711,-0.10542140227979924,1.0,-0.06238325668501299,-0.06579277211524936,-0.06920228754548563,-0.06920228754548563,-0.013114754098360604
LO_n2_m3_close,20240607,3122,831,668,202404,2.7,6.18,0.014600636933696842,-0.02508612267425403,-0.06132185970760018,0.01977717079560337,-0.04234123554727598,10.0,0.00585407971875096,-0.033490552651200156,-0.06941391264115537,0.010985988288744863,0.0678260869565217
LO_n2_m3_close,20250630,3122,1086,668,202505,-20.58,-0.48,-0.06629504041953038,0.02655959644482575,0.02655959644482575,-0.006111479488929206,-0.00095288855202047,10.0,-0.06467402486470308,0.028341817966431426,0.028341817966431426,-0.0043859785852640165,0.10571923743500866
LO_n2_m3_close,20250415,3093,1034,661,202503,390.95,175.51,-0.036506414142236765,-0.0059193161784983905,0.011285926426104709,-0.046064882255905104,0.0017274583124362586,10.0,-0.017577267072339642,0.01361075619520502,0.031154019283199164,-0.027323524343447314,0.05587668593448947
LO_n2_m3_close,20230714,3191,612,692,202306,20.04,-6.42,0.012925663633888806,0.021228333007937028,0.017076998320912917,0.18313038580187846,0.42805913233630233,10.0,-0.00783100980123197,0.00030152290531537673,-0.0037647434479581854,0.1588859106829874,0.2343096234309625
LO_n2_m3_close,20250829,3219,1130,702,202507,23.47,39.2,-0.08132500907521467,-0.09418645894816169,-0.04457800943822321,-0.04457800943822321,-0.08132500907521467,1.0,-0.08555853437901562,-0.09836071489770937,-0.0489808757541762,-0.0489808757541762,0.004629629629629539
LO_n2_m3_close,20260806,3167,1355,684,202606,139.66,127.28,-0.0275336564151083,-0.07819760485078997,-0.10634424287061317,-0.05145829873195806,-0.10634424287061317,3.0,-0.054360314169174195,-0.10362663644111292,-0.130996815481079,-0.07762496635314542,0.04397163120567371
LO_n2_m3_close,20260526,3189,1305,691,202604,26.75,28.26,0.0007221711487575,-0.02921396217620542,0.03921148542370956,0.05916890764035143,0.017828533048736217,10.0,-0.04062998468383594,-0.06932908770611435,-0.003731137940906515,0.015401597407278977,0.11781609195402298
LO_n2_m3_close,20260805,3189,1354,691,202606,32.26,29.79,0.02212578338109794,-0.013822368437698018,0.0017551640171136196,0.02811714201756388,0.017332696471925146,10.0,0.037157044901408476,0.0006802437911594961,0.016486857605600758,0.04323651175311638,0.04347826086956519
LO_n2_m3_close,20260526,3236,1305,713,202604,38.29,24.96,-0.029992860097768026,-0.08795462241178531,-0.0623832566850131,-0.0623832566850131,-0.08795462241178531,2.0,-0.08054697813827527,-0.13548793199293008,-0.11124927588058242,-0.11124927588058242,0.06529209621993126
LO_n2_m3_close,20221103,3272,448,722,202209,134.59,42.45,0.03709002715658638,0.025371495776286057,0.0019344330156849665,0.03904311571996999,0.09372959549470505,10.0,0.009275352098746747,-0.0021288891679056565,-0.024937371701210798,0.011176058976522407,0.09842519685039375
LO_n2_m3_close,20231121,3285,700,725,202310,-22.18,-8.14,0.023391091288939014,-0.004361887457879687,-0.05813328377984095,-0.07547889549660258,-0.05813328377984095,3.0,0.026981937223286234,-0.0008684203963281734,-0.05482848828433151,-0.0722349617965905,0.10314685314685312
LO_n2_m3_close,20260616,3285,1320,725,202605,216.75,71.32,0.007267213962662389,0.10432722387341142,0.09354277832777269,-0.04665501376553138,0.08707211100038936,10.0,0.020579115468776887,0.11892185678803813,0.10799488553034253,-0.03405574081970142,0.16304347826086962
LO_n2_m3_close,20250429,3287,1044,726,202503,6.72,-2.78,-0.04979911242352253,-0.025048692928325567,-0.12189816051822688,-0.09929995141391645,-0.04979911242352253,1.0,-0.05695886076909351,-0.032394935285162796,-0.12851464370054388,-0.10608671173695494,0.05314533622559647
LO_n2_m3_close,20211202,3294,223,731,202110,-15.05,10.18,0.0028211112591844945,0.10173366396304928,0.10629885870322764,0.10021193238298953,0.04238613234073019,10.0,-0.009334296150017907,0.08837931652107289,0.09288917556743082,0.08687603017228662,0.22546012269938664
LO_n2_m3_close,20240624,3297,841,733,202405,52.57,27.83,0.09138588921864477,0.19946143993672494,0.14630952974750522,0.1604833724646304,0.2632437321637886,10.0,0.08557033385868773,0.19306999354274623,0.14020130845222556,0.15429962447636436,0.25714285714285734
LO_n2_m3_close,20230718,3305,614,735,202306,-26.4,-39.53,-0.02501142521592925,-0.04362354191518458,0.050868742865650685,0.04084683387374399,-0.04362354191518458,2.0,-0.06157349677033208,-0.0794876590933653,0.011461165008188612,0.0018150776034784322,0.13708513708513714
LO_n2_m3_close,20211217,3308,234,737,202111,37.69,6.22,-0.06984157168865501,-0.11531598373943197,-0.028501197097039688,-0.00783100980123208,-0.11531598373943197,2.0,-0.06984157168865501,-0.11531598373943197,-0.028501197097039688,-0.00783100980123208,0.07499999999999996
LO_n2_m3_close,20220504,3308,320,737,202203,-10.16,-0.06,-0.08238706108784455,0.009374232803371019,0.0007716115010696356,-0.07951952065374401,-0.08238706108784455,1.0,-0.08238706108784455,0.009374232803371019,0.0007716115010696356,-0.07951952065374401,0.01734104046242768
LO_n2_m3_close,20240221,3313,758,741,202401,110060.0,110060.0,0.008523424103143551,0.10937576651345782,0.21840532587595995,0.29472601742971105,0.37922392593565046,10.0,-0.018442442851485996,0.07971331286336536,0.1858276433659074,0.2601076747176867,0.30494505494505497
LO_n2_m3_close,20251211,3313,1200,741,202510,-70.91,-77.6,-0.06512952291301477,-0.06512952291301477,-0.09528663507711099,-0.10433376872633993,-0.06512952291301477,1.0,-0.04776350785876737,-0.04776350785876737,-0.07848081405687157,-0.08769600591630289,-0.01823708206686936
LO_n2_m3_close,20260326,3339,1265,750,202602,31.82,51.28,0.04417784855596141,0.04684496949735584,-0.023833735449599214,0.04417784855596141,-0.023833735449599214,3.0,0.055527607779395804,0.05822371916580571,-0.013223232574051225,0.055527607779395804,0.13709677419354827
LO_n2_m3_close,20260602,3346,1310,751,202604,-15.07,-16.68,0.0029534357444069848,0.10217033476428372,0.15177878427422198,0.0698169981273673,0.0676601090182396,10.0,0.01620832696569874,0.11673646253649905,0.1670005303218991,0.08395554876341182,0.17391304347826098
LO_n2_m3_close,20240305,3372,766,759,202401,61.95,61.95,-0.046460540157331476,-0.07695753780688386,-0.15828286487235665,-0.12981900039944116,-0.07695753780688386,2.0,-0.028544349888888876,-0.059614360020374346,-0.14246772037100208,-0.11346904424828241,-0.008196721311475419
LO_n2_m3_close,20240605,3372,829,759,202404,39.07,32.85,-0.06352448742153716,-0.05733632324150317,-0.09859075110839577,-0.10477891528842964,-0.06352448742153716,1.0,-0.033380425857852614,-0.02699307184369737,-0.06957543193806515,-0.07596278595222028,0.012474012474012586
LO_n2_m3_close,20240605,3379,829,763,202404,203.7,30.84,-0.05537244058158963,-0.10911492755068952,-0.15252232087188566,-0.00783100980123208,-0.05537244058158963,1.0,-0.02699307184369737,-0.08235013996637541,-0.12706161806546157,0.02197664226482532,0.03333333333333344
LO_n2_m3_close,20211116,3419,211,772,202110,29.61,18.44,0.03904311571996999,0.056620912790420475,0.07419870986087096,0.09372959549470505,0.18161858084695814,10.0,0.07941493412217726,0.09767571308289069,0.11593649204360412,0.13622624644439707,0.19291338582677175
LO_n2_m3_close,20221107,3432,450,775,202209,-22.48,-48.57,-0.02161113466510378,-0.014721072233167876,-0.03309457205166355,-0.0009409473692961745,0.05188286460887892,10.0,-0.04805407697145225,-0.041350232443082224,-0.05922715118540234,-0.027942543386342167,0.0532407407407407
LO_n2_m3_close,20260318,3437,1259,777,202602,-32.46,-24.28,0.09138588921864477,0.05831358954535237,-0.023264749648768457,0.000988270111645928,-0.023264749648768457,3.0,0.09138588921864477,0.05831358954535237,-0.023264749648768457,0.000988270111645928,0.18666666666666654
LO_n2_m3_close,20260916,3467,1384,788,202608,49.8,26.48,0.018497496921920042,0.07254022124838921,0.07254022124838921,0.19863991134348402,0.01434036428142238,10.0,0.0017090766429872506,0.05486098683220697,0.05486098683220697,0.17888211060705284,0.24022346368715097
LO_n2_m3_close,20230718,3483,614,791,202306,-2.03,-2.43,0.043150005505423916,0.0823661711259287,0.18824981830129128,0.15687688580488768,0.17743047253734745,10.0,-0.036799447471269064,-0.0005889003837227236,0.09717957675265221,0.06821113908261522,0.3162055335968379
LO_n2_m3_close,20260806,3491,1355,796,202606,89.37,69.53,-0.0923491089663121,-0.0923491089663121,-0.06295150925671911,-0.011505709764931038,-0.0923491089663121,1.0,-0.0923491089663121,-0.0923491089663121,-0.06295150925671911,-0.011505709764931038,0.06666666666666665
LO_n2_m3_close,20260604,3511,1312,804,202604,-9.98,-1.81,-0.06295150925671888,-0.10521055883925912,-0.08867440900261303,-0.13460815854885222,-0.06295150925671888,1.0,-0.05946805761826801,-0.10188420403940501,-0.08528658152678625,-0.1313910885062829,0.020370370370370372
LO_n2_m3_close,20260515,3516,1298,807,202604,27.0,30.5,0.02682991562055914,0.01599837642624946,-0.003498394123507942,0.0008342215542158637,0.00516683723193978,10.0,0.03360022275651886,0.022697266820268736,0.0030719461350183774,0.007433128509518383,0.050218340611353884
LO_n2_m3_close,20230717,3518,613,808,202306,-4.58,-33.15,-0.10704790882110882,-0.1424010567477315,-0.14696275325439245,-0.13897978436773573,-0.10704790882110882,1.0,-0.1453593846802692,-0.1791957308806671,-0.18356171103555718,-0.17592124576449952,0.10000000000000009
LO_n2_m3_close,20240529,3537,824,823,202404,-7.22,2.59,-0.04326561659404515,-0.021696725502767467,0.0014128006664584358,-0.10026911447813569,-0.04326561659404515,1.0,-0.040285135648855275,-0.018649051750439627,0.004532466712148242,-0.09746621452323889,0.02329192546583858
LO_n2_m3_close,20240605,3540,829,824,202404,-15.04,-3.85,-0.019572654655655275,-0.04012053315089614,-0.07534546771416595,-0.047948296387178235,-0.04012053315089614,2.0,-0.04408333828926381,-0.06411751982212366,-0.09846183102131167,-0.07174958897749861,0.035502958579881616
LO_n2_m3_close,20260622,3550,1323,830,202605,36.57,25.39,-0.03270432710426496,-0.0050673078786726,-0.08936021651672932,-0.15845276458071045,-0.03270432710426496,1.0,-0.042043733601189404,-0.014673554561223545,-0.09815260063311959,-0.16657804823303468,0.07242339832869082
LO_n2_m3_close,20260409,3555,1273,833,202602,4102.22,3938.88,0.08998846810568883,0.19898731491625776,0.23252542162720213,0.3219603728563867,0.27444805501588254,10.0,0.08998846810568883,0.19898731491625776,0.23252542162720213,0.3219603728563867,0.3323943661971831
LO_n2_m3_close,20260525,3555,1304,833,202604,2832.48,3831.74,0.03041104977816378,-0.052446745977193676,-0.09918704101867737,-0.10343615874972134,-0.052446745977193676,2.0,0.019495678488140822,-0.06248438637997766,-0.10872955117737793,-0.11293365706805059,0.06638115631691655
LO_n2_m3_close,20240927,3529,907,816,202408,9.44,21.24,-0.031760874128846095,0.008735819348654639,0.10445527665911092,0.0915699650980879,0.18176714602524857,10.0,-0.04417419625539931,-0.004196691155815335,0.09029559362501982,0.07757547836606116,0.13729128014842296
LO_n2_m3_close,20240506,3564,807,838,202403,-8.75,-16.58,-0.029213962176205532,-0.009256539959563437,0.08910504096531446,-0.05202244470951045,-0.05202244470951045,5.0,-0.029213962176205532,-0.009256539959563437,0.08910504096531446,-0.05202244470951045,0.1451149425287357
LO_n2_m3_close,20260707,3564,1334,838,202605,16.62,11.36,0.09138588921864499,0.05247730136771289,0.0194050016944205,0.009677854731687585,-0.023394444941604586,6.0,0.06834319290116864,0.030256091549968556,-0.0021179445985518575,-0.011639719936351933,0.20196078431372544
LO_n2_m3_close,20251007,3581,1155,844,202508,22.31,1.81,-0.052929600264812304,-0.024367159637877944,-0.03789673677695227,-0.03789673677695227,-0.0829953272405326,10.0,-0.009403385379993856,0.020471750616482653,0.00632037040762512,0.00632037040762512,0.0060606060606061
LO_n2_m3_close,20260423,3581,1283,844,202603,39.67,13.63,0.03324605030253869,-0.033109200634321545,-0.05838739146741112,0.1343588136348972,0.48509371144401614,10.0,-0.05959634842029815,-0.11998924347587536,-0.14299606063990467,0.032430920235819505,0.1433121019108281
LO_n2_m3_close,20260506,3581,1291,844,202603,39.67,13.63,-0.04387133636828111,-0.0035909713815789335,0.0027690862479001765,-0.04599135557810763,-0.1095919318729005,7.0,0.0078112940982981716,0.05026897611130865,0.05697282063967868,0.005576679255508088,0.02564102564102555
LO_n2_m3_close,20260526,3581,1305,844,202604,47.69,20.29,-0.1070479088211087,-0.14956943697248448,-0.16197154934996905,-0.21512345953918888,-0.1070479088211087,1.0,-0.10545049899789061,-0.14804809428370536,-0.1604723929087346,-0.21371938701600313,-0.0017857142857142794
LO_n2_m3_close,20220614,3663,348,875,202205,63.08,2.45,0.02417444149550252,-0.012195389523513733,-0.029652908412641565,-0.04420084082024833,-0.03983646109796635,4.0,0.02117977938586635,-0.01508370709800666,-0.03249018061026565,-0.04699557520381503,0.06451612903225801
LO_n2_m3_close,20260106,3623,1216,861,202511,9.58,10.23,-0.06168228722978342,-0.10084685263236637,-0.011094723584780475,0.04112469695199672,-0.06168228722978342,1.0,-0.06168228722978342,-0.10084685263236637,-0.011094723584780475,0.04112469695199672,0.12335526315789469
LO_n2_m3_close,20251028,3628,1168,864,202509,71.43,21.1,-0.045676631076855045,-0.05999659588384754,-0.05283661348035129,-0.0006710273977356129,-0.1070479088211087,10.0,-0.02042998110534322,-0.035128780960139716,-0.027779381032741468,0.025766247009731735,0.12371134020618557
LO_n2_m3_close,20260828,3629,1371,865,202607,972.81,4456.31,0.0047920053412460195,0.009841211398237348,0.0047920053412460195,-0.00025720071574497627,0.007316608369741795,10.0,0.0047920053412460195,0.009841211398237348,0.0047920053412460195,-0.00025720071574497627,0.01781170483460559
LO_n2_m3_close,20251013,3631,1158,867,202509,-37.62,-12.48,-0.03889021297267148,-0.030262656536160448,-0.02508612267425403,-0.0803024838679246,-0.0803024838679246,5.0,-0.01490529850140132,-0.006062437626189521,-0.0007567211010625075,-0.057351030702418315,0.03826086956521735
LO_n2_m3_close,20260108,3669,1218,879,202511,0.08,-7.58,-0.0002955491161780177,0.014775372253929886,0.026078563281510814,0.02482265316733523,-0.024157841285515236,9.0,0.011224732648168034,0.026469326607688304,0.037902772077328395,0.036632389247368335,0.1240506329113924
LO_n2_m3_close,20260416,3673,1278,881,202603,23.59,30.52,0.04583895019489992,0.032784095060705676,0.012476542629736853,-0.105017153578012,-0.105017153578012,5.0,0.03674469845407491,0.023803363799308475,0.0036723987807827374,-0.11279961311211606,0.09941520467836251
LO_n2_m3_close,20260225,3684,1245,886,202601,30.66,30.66,0.014718285430558309,0.05380373049899445,-0.0003145780573020618,-0.09351833168203472,-0.060446032008742434,4.0,0.004069068042231727,0.04274432103348791,-0.010806029262097838,-0.10303163254893988,0.10151515151515156
LO_n2_m3_close,20211022,3685,194,887,202109,27.81,61.92,-0.00044880005272918133,0.02169782919277896,-0.025548313197638728,-0.062459361940152336,-0.062459361940152336,5.0,-0.026524048747005757,-0.004955157655728182,-0.05096879198378712,-0.08691694380258308,0.09672619047619047
LO_n2_m3_close,20211116,3685,211,887,202110,90.76,65.63,-0.01266496346846091,-0.05496205805671528,-0.07913182639286076,-0.021124382386111806,-0.05496205805671528,2.0,-0.0210119988014571,-0.062951509256719,-0.08691694380258308,-0.029399900892509545,0.11571254567600486
LO_n2_m3_close,20220808,3685,387,887,202206,82.27,19.72,-0.028330369102859354,-0.04472985654416117,-0.0734289595664398,-0.05976272003202132,-0.026963745149417462,10.0,-0.01613367917528019,-0.032739017923376745,-0.06179836073254574,-0.04796057844246515,0.03581267217630857
LO_n2_m3_close,20250825,3685,1126,887,202507,16.99,-4.64,0.04134354656430461,0.04423616752698356,0.14837052218341396,0.24671963491448712,0.47523669096609855,10.0,0.0205166756330184,0.023351444176443747,0.1254031117397456,0.22178524221619722,0.2565597667638486
LO_n2_m3_close,20240701,3686,846,888,202405,157.83,244.22,0.09120903200114072,0.0346147223997848,0.06998616590063245,0.0381518667498697,0.09651474852626762,10.0,0.11913759954778769,0.06109480670252143,0.09737155223081295,0.06472248125535085,0.12299465240641716
LO_n2_m3_close,20251028,3693,1168,892,202509,-15.47,-5.96,0.014340364281422158,0.026811762202914924,0.05452597980623253,-0.011988142441729521,-0.06880228852853054,10.0,-0.03164306556600227,-0.01973703768361723,0.006720802055016684,-0.05677801331770449,0.07821229050279332
LO_n2_m3_close,20260109,3693,1219,892,202511,-40.54,-11.78,0.09023220434632062,0.055621658176596256,0.07004271908064807,0.031105854639708053,-0.04532576815176681,8.0,0.0654541997020861,0.03163025685440091,0.045723566374269664,0.00767163067062393,0.14534883720930236
LO_n2_m3_close,20241104,3701,929,894,202409,-7.92,1.04,0.020387675926833104,0.12197494454786728,0.14003490341382885,0.04296262450928512,-0.06088213896999439,8.0,0.003267077337456792,0.10314986158565476,0.12090680100755669,0.025463251614834093,0.1740614334470989
LO_n2_m3_close,20261006,3701,1396,894,202608,6.45,-17.63,0.022285418231783094,0.05407498115552101,,,0.05407498115552101,2.0,-0.05278866716961361,-0.023333650273087647,,,0.09443507588532896
LO_n2_m3_close,20230718,3706,614,899,202306,-29.13,-21.67,0.005949115062640065,-0.07870022338685811,-0.02948549173017323,-0.049171384392847295,-0.07870022338685811,2.0,-0.03244588932906389,-0.11386433699804688,-0.06652803021375442,-0.08546255292747151,0.08730158730158721
LO_n2_m3_close,20241112,3706,935,899,202409,32.74,36.94,-0.009391023936764387,0.08888986660179254,0.0670496687043356,0.14193034720990294,0.29949177489870094,10.0,-0.027735634604602155,0.0687252394425002,0.04728948965425528,0.12078348892823798,0.15094339622641506
LO_n2_m3_close,20250428,3709,1043,902,202503,101.89,57.9,-0.0395722262059397,-0.06107434054461269,-0.03445267517292239,-0.04981132827197443,-0.06926562219744048,6.0,-0.009942007652718687,-0.03210748509332939,-0.004664513024001837,-0.020496996910152387,0.0010319917440659854
LO_n2_m3_close,20220119,3710,256,903,202112,-7.14,-5.51,-0.05743945931117023,-0.1495694369724846,-0.14602597629320313,-0.2168951898788294,-0.1495694369724846,2.0,-0.007831009801231859,-0.10480993365524693,-0.10107997504547706,-0.17567914724087308,-0.03928571428571437
LO_n2_m3_close,20260804,3711,1353,904,202606,32.86,22.02,0.005737113141657257,0.009129143877379509,-0.007831009801231859,0.06679366638465845,0.01591320534882401,10.0,-0.05103836905182346,-0.04783782392214997,-0.06384054957051721,0.006571443282298528,0.09572649572649583
LO_n2_m3_close,20260422,3712,1282,905,202603,107.41,-19.22,-0.040437502436872164,-0.07537303026077247,-0.04509557281339238,-0.03810846724861228,-0.040437502436872164,1.0,-0.040437502436872164,-0.07537303026077247,-0.04509557281339238,-0.03810846724861228,0.032863849765258246
LO_n2_m3_close,20221212,3713,475,906,202210,425.07,80.29,-0.07243736265138423,-0.040134186226308044,0.05523709655248821,-0.08320508812640948,-0.07243736265138423,1.0,-0.06810295780396092,-0.03564883195633761,0.06016811102235953,-0.07892099975316857,0.06356589147286806
LO_n2_m3_close,20220711,4148,367,940,202205,58.95,61.39,-0.051204517569484076,-0.058433435530859446,-0.058433435530859446,-0.07289127145361018,-0.051204517569484076,1.0,-0.06146176602819242,-0.06861253352512042,-0.06861253352512042,-0.08291406851897665,0.012750455373406355
LO_n2_m3_close,20250110,4109,977,918,202411,-2.24,54.01,-0.0200548577297589,-0.06283832547960311,-0.10562179322944731,-0.12192025713414989,-0.06283832547960311,2.0,-0.026054521866107128,-0.06857605001748301,-0.11109757816885879,-0.12729625555985902,0.05749486652977409
LO_n2_m3_close,20240522,4111,819,919,202404,7.46,2.99,-0.09089632060857056,-0.08166684162997717,-0.09243456710500275,-0.109355278565757,-0.09089632060857056,1.0,-0.09089632060857056,-0.08166684162997717,-0.09243456710500275,-0.109355278565757,0.0
LO_n2_m3_close,20220429,4116,318,922,202203,77.7,85.48,0.09008040370522541,0.056355361275223226,0.16188210694329408,0.2619693296387837,-0.011094723584780586,10.0,0.08060144367300603,0.047169662481525876,0.15177878427422198,0.25099568329409894,0.3771929824561402
LO_n2_m3_close,20220824,4128,399,929,202207,-17.83,-2.17,0.0007098997270214014,0.07188414579579949,0.04626141721103938,0.11458869343706635,0.0903894497736819,10.0,-0.002153361788649666,0.06881723836862985,0.04326782231200932,0.1113995984629974,0.16499282639885227
LO_n2_m3_close,20250613,4128,1075,929,202505,10.41,10.35,-0.09123575853948218,-0.12946293504451356,-0.15031412222907603,-0.18506610087001352,-0.09123575853948218,1.0,-0.06503714977665642,-0.10436637100976076,-0.12581867350054488,-0.1615725109851851,-0.024518388791593626
LO_n2_m3_close,20250918,4130,1144,931,202508,,,-0.012080127532275942,-0.0184538041288419,-0.02907659845645172,-0.022702921859885872,-0.02907659845645172,3.0,-0.016293005453246967,-0.0226395021922583,-0.033216996757277184,-0.026870500018265853,0.004282655246252487
LO_n2_m3_close,20241220,4131,963,932,202411,-52.71,-2.5,-0.043988771834714724,-0.06423711857346504,-0.08737808627489396,-0.08593177579355471,-0.043988771834714724,1.0,-0.043988771834714724,-0.06423711857346504,-0.08737808627489396,-0.08593177579355471,0.0
LO_n2_m3_close,20261002,4174,1394,957,202608,-23.43,-20.51,0.09138588921864477,0.2000520167166051,0.2307620092703766,,0.2685589231827106,4.0,0.018626829937401723,0.1200485489354981,0.14871120865235143,,0.2928571428571427
LO_n2_m3_close,20251216,4157,1203,945,202511,30.75,-75.78,-0.05490472101504207,-0.11284159635511615,-0.10197843222885228,-0.1200837057726254,-0.05490472101504207,1.0,-0.06175323752942585,-0.11927028043949928,-0.10848583489386054,-0.12645991080325847,0.007299270072992803
LO_n2_m3_close,20251110,4304,1177,969,202509,-3.13,-5.15,-0.03983646109796635,-0.1358528149881697,-0.2222675334893528,-0.06064000444084372,-0.1358528149881697,2.0,-0.0855585343790155,-0.17700268094111393,-0.2593024128470025,-0.10537143280080341,0.04999999999999982
LO_n2_m3_close,20260824,4304,1367,969,202607,-23.03,4.52,-0.06367541825519629,-0.020861371773823523,-0.0822902210731844,-0.05809097740979974,-0.06367541825519629,1.0,-0.06367541825519629,-0.020861371773823523,-0.0822902210731844,-0.05809097740979974,0.03752345215759845
LO_n2_m3_close,20260828,4188,1371,961,202607,56.54,-3.69,-0.08769600591630289,-0.10612638963516541,-0.10919812025497588,-0.11226985087478636,-0.1368436958332696,4.0,0.009158185236418204,-0.01122884880876196,-0.01462668781629195,-0.018024526823822162,-0.05882352941176472
LO_n2_m3_close,20220223,4192,274,963,202201,122.26,122.26,-0.10619782523097532,-0.07462329188315642,-0.07462329188315642,-0.07098007649686966,-0.10619782523097532,1.0,-0.06619389157763023,-0.033206175790970294,-0.033206175790970294,-0.029399900892509545,-0.04039167686658507
LO_n2_m3_close,20220823,4192,398,963,202207,89.06,133.04,-0.055814221495712024,-0.024857310725079573,0.004551754507021277,0.027769437584995504,-0.055814221495712024,1.0,-0.055814221495712024,-0.024857310725079573,0.004551754507021277,0.027769437584995504,0.057722308892355745
LO_n2_m3_close,20240506,4303,807,968,202403,28.49,-8.44,-0.0777260761210764,-0.0726118029757219,-0.1254592921443849,-0.1834210544584023,-0.0777260761210764,1.0,-0.05830978298678313,-0.05308784093310548,-0.10704790882110882,-0.1662299187627897,-0.003436426116838587
LO_n2_m3_close,20231122,4419,701,979,202310,61.3,74.65,-0.06546091974998303,-0.0514428335462328,-0.09661222242498357,-0.003158314399981932,-0.06546091974998303,1.0,-0.06251748957596714,-0.048455251919606646,-0.09376690659010156,-1.8655547698309682e-05,0.0047095761381474865
LO_n2_m3_close,20231201,4420,708,980,202310,-27.61,-30.01,-0.007831009801231859,-0.04049500947855755,-0.02008000968022905,-0.03437050953905907,-0.04049500947855755,2.0,-0.03945392582350338,-0.07107684184577501,-0.05131251933185532,-0.06514754509159904,0.03292181069958855
LO_n2_m3_close,20220721,4432,375,984,202206,176.59,40.02,0.007551455163090193,-0.01744505040393307,-0.08474333462284178,0.10561466931064278,-0.08474333462284178,3.0,0.011471888840767441,-0.013621879393831637,-0.08118202464082946,0.10991667191496446,0.11434108527131781
LO_n2_m3_close,20260515,4432,1298,984,202604,13.32,-2.99,-0.03634161296786331,-0.03634161296786331,-0.04204373360118929,-0.022086311384547752,-0.03634161296786331,1.0,-0.03634161296786331,-0.03634161296786331,-0.04204373360118929,-0.022086311384547752,0.00287356321839094
LO_n2_m3_close,20240618,4502,837,991,202405,1.38,15.36,-0.02426754427741651,-0.01380793142893555,-0.03173869631204573,-0.06909445648519208,-0.02426754427741651,1.0,-0.018354014242734085,-0.00783100980123208,-0.025870445986664214,-0.06345260470631453,0.028614457831325213
LO_n2_m3_close,20230419,4510,553,994,202303,-23.6,-27.5,-0.07306011296308856,0.01963387574060249,0.005901432969685372,-0.024996563264878535,-0.07306011296308856,1.0,-0.07306011296308856,0.01963387574060249,0.005901432969685372,-0.024996563264878535,0.10034602076124566
LO_n2_m3_close,20260313,4513,1256,995,202602,184.38,113.6,-0.02349683596226504,-0.02349683596226504,-0.041773633150137046,-0.044384604176975984,-0.041773633150137046,3.0,-0.02349683596226504,-0.02349683596226504,-0.041773633150137046,-0.044384604176975984,0.018421052631579116
LO_n2_m3_close,20260224,4523,1244,996,202601,342.69,342.69,0.008242420084167756,0.017009745476204152,0.024315849969567482,-0.05020641586274055,-0.05020641586274055,5.0,0.005281355708003144,0.014022932714159664,0.021307580219290134,-0.05299582433304062,0.0898379970544918
LO_n2_m3_close,20260506,4542,1291,1010,202603,32.55,12.92,-0.08908622882613104,-0.16178826690104076,-0.1682031526135328,-0.06556498121366017,-0.08908622882613104,1.0,-0.0459052148427197,-0.12205362492569505,-0.12877260228595755,-0.021268964521756972,-0.010775862068965525
LO_n2_m3_close,20260702,4542,1331,1010,202605,57.55,20.22,0.017474044146451817,-0.08374617164428322,-0.14911756100913298,-0.22925023184346494,-0.08374617164428322,2.0,-0.003701274150040512,-0.10281492977863738,-0.16682583237210624,-0.2452908097447456,0.05632306057385761
LO_n2_m3_close,20250509,4545,1051,1012,202503,12.77,11.43,-0.05181879754403451,-0.06648139345830184,-0.03104678666548888,-0.06159386148687951,-0.05181879754403451,1.0,-0.05646674461489709,-0.07105746505899646,-0.035796557319089484,-0.06619389157763012,0.004926108374384119
LO_n2_m3_close,20250806,4577,1113,1033,202506,12.45,29.06,0.040567477525537354,0.06476672118892202,0.10199632682489823,0.13922593246087445,0.3048976775409691,10.0,0.01579206139397682,0.03941513258918561,0.07575831904335306,0.11210150549752029,0.1782363977485928
LO_n2_m3_close,20240705,4534,850,1004,202405,14.9,14.84,-0.10263463654180627,-0.10263463654180627,-0.07321282134645557,-0.08465463836686982,-0.10263463654180627,1.0,-0.06408801440013112,-0.06408801440013112,-0.03340237552800429,-0.04533567953383144,-0.02471169686985175
LO_n2_m3_close,20260127,4534,1231,1004,202512,21.52,-2.7,0.018331661339912264,0.004244069186988275,-0.04003122043648599,-0.0903440495540706,-0.04003122043648599,3.0,0.024566344980768706,0.0103925022636433,-0.0341538605616073,-0.08477472740848324,0.06896551724137945
LO_n2_m3_close,20230619,4538,595,1007,202305,1.41,-8.29,-0.07992633434854712,-0.0970918878121938,-0.14000577147131,-0.17605343374496774,-0.07992633434854712,1.0,-0.07512595000601785,-0.09238106287904002,-0.13551884506159517,-0.17175458209494143,-0.00519031141868509
LO_n2_m3_close,20260116,4556,1224,1019,202512,0.9,-3.03,-0.07003596216479113,-0.09180769549203671,-0.07625645740114706,-0.12291017167381635,-0.07003596216479113,1.0,-0.05971940390037522,-0.08173266200304197,-0.06600890621542288,-0.11318017357828036,-0.01097178683385569
LO_n2_m3_close,20260616,4556,1320,1019,202605,1.56,7.7,0.09063989749669088,0.14733526836519206,0.1697150200238109,0.0652761789502565,0.09362386438450665,10.0,0.08411888166711412,0.14047526676061706,0.16272120824489433,0.05890681465160008,0.2616541353383459
LO_n2_m3_close,20260813,4556,1360,1019,202607,67.43,16.56,-0.0678632369309703,-0.07550370220202796,-0.15190835491260413,-0.18356171103555718,-0.0678632369309703,1.0,-0.06374329543674262,-0.07141753072004797,-0.14815988355310183,-0.17995314401250995,-0.004400440044004417
LO_n2_m3_close,20240530,4562,825,1024,202404,-16.63,-11.86,0.09062850831009639,0.19918643853540674,0.18782572490717664,-0.005306406772736305,-0.010355612829727301,6.0,0.08100127053182304,0.18860093403383305,0.17734050413245983,-0.014086804190883817,0.2951653944020356
LO_n2_m3_close,20260526,4760,1305,1070,202604,63.09,54.91,-0.029154489995137145,0.0674283320596103,0.1740457330291365,0.008475180935283655,-0.01535694398731613,10.0,-0.04007650198269186,0.0554197633239395,0.16083771853255868,-0.002870164850238277,0.2895069532237673
LO_n2_m3_close,20260106,4720,1216,1050,202511,5.57,-1.83,0.008171715847135053,-0.00783100980123208,-0.061173428629122895,-0.08784463804306819,-0.061173428629122895,3.0,0.0001063421203582049,-0.015768361722822033,-0.06868404120008975,-0.09514188093872344,0.051075268817204256
LO_n2_m3_close,20250514,4721,1054,1051,202504,91.24,14.11,0.02864579130901701,0.04177743970870673,0.024268575175787177,-0.08370275611054945,-0.07786646793290963,4.0,0.030160733564258413,0.043311721652312896,0.025777070868240326,-0.08235327563354011,0.07058823529411762
LO_n2_m3_close,20260324,4905,1263,1085,202602,21.69,30.74,-0.05945971291112262,-0.05160317113353052,-0.02354409335641605,-0.10323187424342117,-0.05945971291112262,1.0,-0.02183810142756748,-0.013667297978871562,0.015514142909327289,-0.06736114921315794,0.015837104072398134
LO_n2_m3_close,20260818,4905,1363,1085,202607,35.44,33.65,0.03941513258918583,0.040567477525537354,0.0325010629710758,0.038262787652834085,0.047637620949925186,10.0,0.03941513258918583,0.040567477525537354,0.0325010629710758,0.038262787652834085,0.09059233449477366
LO_n2_m3_close,20260421,4908,1281,1088,202603,5.96,25.03,-0.05380957276166265,-0.14818662304886254,-0.15060654741520096,-0.12882722811815495,-0.14818662304886254,2.0,0.005020920123622652,-0.0952241332902426,-0.09779451927521354,-0.07466104541047547,0.024390243902439046
LO_n2_m3_close,20230825,4944,641,1107,202307,,,-0.08953904428818926,-0.11288419699874852,-0.10412976473228874,-0.04868502704471056,0.27814711090311883,10.0,-0.02348036295894118,-0.04851932801127601,-0.039129716116650504,0.020337825882644767,-0.032352941176470584
LO_n2_m3_close,20230912,4945,653,1108,202307,,,-0.04546500598118508,0.04919019653203072,-0.019235251067884374,-0.07283518502115116,-0.04546500598118508,1.0,-0.041056068364469955,0.05403634062686691,-0.014705159848798388,-0.06855266855473618,0.05747126436781613
LO_n2_m3_close,20250411,4946,1032,1109,202502,817.36,1007.25,-0.007831009801231859,0.08756985464095735,0.1543504597504899,0.2354411945263506,0.41193279374440084,10.0,-0.007831009801231859,0.08756985464095735,0.1543504597504899,0.2354411945263506,0.2451923076923077
LO_n2_m3_close,20240911,4950,896,1111,202407,-86.08,-74.95,0.08944045982609827,0.17698478249069538,0.2937105460434919,0.40070916263355505,0.3569370013012563,10.0,0.05831358954535237,0.14335664584810393,0.2567473875851063,0.36068890084402483,0.519607843137255
LO_n2_m3_close,20260421,4919,1281,1094,202603,-6.05,-4.5,0.05739809336062485,0.009334543662414818,-0.004397899108502634,0.023066986433331937,-0.0661938915776299,4.0,0.032392057368988425,-0.014534854329601887,-0.027942543386342167,-0.0011271652728618298,0.11418685121107264
LO_n2_m3_close,20240618,4924,837,1096,202405,93.91,13.66,-0.10572059244626086,-0.11069802885194024,-0.07087853760650475,-0.011149300738351409,-0.12397119260041878,10.0,-0.038167112019539706,-0.04352054182277032,-0.0006931033969242995,0.06354805424184495,-0.0033444816053510573
LO_n2_m3_close,20221223,4943,484,1106,202211,-41.22,-45.97,0.029609329451551814,0.0717297111109334,0.12321017758351105,0.3057318314408317,0.404012721979389,10.0,0.05447912001801436,0.09761690220056929,0.15034085820147003,0.337271247659209,0.3160377358490565
LO_n2_m3_close,20230106,4943,493,1106,202211,-41.22,-45.97,-0.10615406288399254,-0.19553865659559333,-0.11509252225515276,-0.14190790036863288,-0.10615406288399254,1.0,-0.007831009801231859,-0.1070479088211086,-0.017752699703219577,-0.04751776940918262,-0.06906906906906896
LO_n2_m3_close,20240307,4943,768,1106,202401,37.17,37.17,0.08952168861075593,0.01702499830395654,0.1185203647334756,0.035667004382847756,0.1392337048211325,10.0,-0.00783100980123197,-0.07384985895894458,0.018576529861853208,-0.05687358346124716,0.1858037578288101
LO_n2_m3_close,20260416,4956,1278,1115,202603,12.59,15.27,0.09083772955555158,0.19937334284801356,0.1664837630624192,0.0853561329246193,0.03602176324622741,10.0,0.04245844271148291,0.14618043851895712,0.11474953069851046,0.037219958074741655,0.3281767955801105
LO_n2_m3_close,20260317,4960,1258,1117,202602,-21.4,-7.75,0.02441922506182559,-0.017316372996248885,-0.04387538994229623,-0.07422855216635038,-0.07802269744435697,10.0,0.018576529861853208,-0.022921032465852087,-0.049328572128937154,-0.07950861745817728,0.05162523900573612
LO_n2_m3_close,20260806,4971,1355,1122,202606,-6.26,15.65,-0.04813787502805689,0.0376434022495451,-0.038836290744943436,0.02110725241289879,0.19887086315684477,10.0,-0.08438112227147765,-0.001866065972381592,-0.07543370652820214,-0.01777258284931582,0.11458333333333326
LO_n2_m3_close,20240508,4973,809,1124,202403,-2.25,6.29,-0.00348415770835675,-0.011091148870888357,-0.04695267863710895,-0.06325337398539088,-0.08390092142654826,8.0,-0.04430781091148073,-0.05160317113353052,-0.08599558360890802,-0.10162849837044319,0.049288061336254074
LO_n2_m3_close,20250815,4989,1120,1130,202507,-29.0,-27.06,0.09049204328152904,0.06665615162510208,0.057717692253941966,0.04728948965425528,-0.05103356342850551,6.0,0.0791496297555696,0.05556165970626736,0.04671617093777902,0.03639643404120951,0.1726726726726726
LO_n2_m3_close,20261006,5013,1396,1138,202608,23.34,13.43,0.09045476086496529,0.09666228322283033,,,0.09666228322283033,2.0,-0.007831009801231859,-0.0021829889841610273,,,0.12408759124087587
LO_n2_m3_close,20240923,5210,903,1149,202408,-34.6,-4.36,-0.028047619319388706,-0.03737836217392254,-0.08247695263750288,-0.074701333592058,-0.08247695263750288,3.0,0.014902813214779043,0.0051597462079171486,-0.04193174432524849,-0.03381252181953032,0.021943573667711602
LO_n2_m3_close,20220519,5227,331,1158,202204,257.33,163.47,-0.04869253835510645,0.034307441519951354,-0.0001694731973804764,-0.15723097357633609,-0.15723097357633609,5.0,-0.0170666254014864,0.06869266231516247,0.03306957357132356,-0.12921338626171952,0.05405405405405417
LO_n2_m3_close,20260413,5228,1275,1159,202603,82.11,48.16,-0.007831009801231859,0.0290401351048033,0.13127376416244685,0.22847950982381238,0.012280523783878117,10.0,-0.007831009801231859,0.0290401351048033,0.13127376416244685,0.22847950982381238,0.3547297297297296
LO_n2_m3_close,20260410,5243,1274,1163,202602,-4.29,-9.2,-0.01199978707097471,0.05886942651465166,0.029687985626452473,0.033856762896195436,-0.00783100980123208,10.0,0.0006129816047151238,0.07238690855526442,0.042832938634449924,0.04705493433742336,0.134453781512605
LO_n2_m3_close,20250704,5245,1090,1165,202505,-19.16,-1.69,0.08969788904628406,0.00529788042824153,0.10470233502282467,0.2566223505353018,0.2434934603058283,10.0,0.05000033388977099,-0.0313249931757017,0.0644581698125215,0.21084375853037285,0.30434782608695654
LO_n2_m3_close,20211216,5251,233,1166,202111,7.42,-4.27,-0.06098291999045169,-0.11919691686435907,-0.10654170015264008,0.07822446383845705,-0.06098291999045169,1.0,-0.05858134178070862,-0.11694422355710676,-0.1042566405622376,0.08098207116285217,0.08673469387755106
LO_n2_m3_close,20240924,5276,904,1173,202408,11.0,-4.13,-0.0780316459002014,-0.11313196394968605,-0.13653217598267597,-0.16227240921896469,-0.11313196394968605,2.0,0.007511809634831446,-0.03084523895532698,-0.056416604682099414,-0.08454510698154905,-0.028301886792452713
LO_n2_m3_close,20260319,5289,1260,1181,202602,403.21,355.51,-0.10444671671197348,-0.19363044616804248,-0.2731526049330374,-0.3192308651520064,-0.10444671671197348,1.0,-0.0838592849122487,-0.1750932150454687,-0.25644346941425655,-0.30358099998308696,-0.022471910112359605
LO_n2_m3_close,20260623,5299,1324,1184,202605,2.19,-2.51,0.0036170939318307394,-0.02309514811198221,-0.09178377051035858,-0.06125549388885809,-0.02309514811198221,2.0,0.027324584339669222,-1.8655547698309682e-05,-0.0703298438295008,-0.0390804268153665,0.03846153846153855
LO_n2_m3_close,20231214,5314,717,1191,202311,4098.18,406.64,0.06773152918741587,0.17450468210615755,0.2911338183712444,0.35519771012248946,0.2615658683322084,10.0,0.048633892079998686,0.15349728128799867,0.26804036796135233,0.3309584014861522,0.4304635761589406
LO_n2_m3_close,20240116,5314,739,1191,202312,334.14,360.64,-0.02867489614994556,-0.01616856434071745,-0.02867489614994556,0.025519208356709733,0.2673082900017878,10.0,-0.03676927201536262,-0.024367159637878055,-0.03676927201536262,0.01697321495373738,0.04201680672268915
LO_n2_m3_close,20240306,5314,767,1191,202401,49674.73,49674.73,-0.06339247325236297,-0.055455121330772905,-0.10307923286031373,-0.043549093448387644,-0.10307923286031373,3.0,-0.04427803393098262,-0.03617869523548245,-0.08477472740848335,-0.024029687192232085,-0.0040000000000000036
LO_n2_m3_close,20240328,5314,783,1191,202402,1274.63,2334.81,0.08051280439454889,0.08594934680659683,0.10225897404274109,0.1321599573090051,0.10361810964575291,10.0,0.0955199266778064,0.10103197662335517,0.11756812646000125,0.14788440116051893,0.17808219178082196
LO_n2_m3_close,20260528,5321,1307,1193,202604,-22.08,-23.1,0.05696369976276938,0.16225510280427113,0.22704981236827226,0.022541510306893553,-0.07768780604992087,6.0,0.04417784855596163,0.1481955652703486,0.21220646786381736,0.010172056553181097,0.346938775510204
LO_n2_m3_close,20260120,5328,1226,1195,202512,2.7,1.98,-0.08165310728625941,-0.07574733948745727,-0.145140111123383,-0.1539987628215863,-0.08165310728625941,1.0,-0.08165310728625941,-0.07574733948745727,-0.145140111123383,-0.1539987628215863,0.0
LO_n2_m3_close,20260723,5328,1345,1195,202606,63.53,22.25,-0.09520111490828742,-0.004869311323026482,-0.09223941643008227,-0.13666489360316147,-0.09520111490828742,1.0,-0.078700223386858,0.013278968713635653,-0.07568451217044847,-0.12092018041659292,0.04477611940298498
LO_n2_m3_close,20230109,5340,494,1196,202211,-2.14,-6.73,0.012037205271584472,-0.0065892463591809,0.0021030977351761404,0.028180130018247596,0.10516946342541122,10.0,0.03668939360512291,0.017609220716685137,0.026513301397956157,0.053225543441769,0.050062578222778376
LO_n2_m3_close,20240705,5345,850,1198,202405,-12.62,-24.1,-0.10645021665833854,-0.14828866805226237,-0.2215059579916293,-0.19311558026003806,-0.14828866805226237,2.0,-0.10645021665833854,-0.14828866805226237,-0.2215059579916293,-0.19311558026003806,0.0
LO_n2_m3_close,20230505,5356,564,1204,202303,-16.26,-17.54,-0.011471996921227468,0.01583540647873871,0.0012714579987567198,0.004912445118752329,-0.009651503361229552,10.0,-0.016883646573118583,0.010274263742541256,-0.0042099550924772355,-0.0005889003837226126,0.034862385321100975
LO_n2_m3_close,20260623,5425,1324,1215,202605,11.8,1.37,-0.01893737909450166,-0.05966073316982412,-0.15221381061373906,-0.10778833344065986,-0.05966073316982412,2.0,0.03513693859320277,-0.007831009801231859,-0.105485437970402,-0.05861131244920026,0.011194029850746245
LO_n2_m3_close,20241030,5438,927,1219,202409,30.21,2.79,0.03154077552411594,-0.034078866684797315,0.06172581094021612,0.09322323920049436,-0.034078866684797315,2.0,0.07268889449275329,0.004451687463952192,0.1040780097260019,0.13683186909982625,0.17592592592592604
LO_n2_m3_close,20260626,5464,1327,1227,202605,45.63,29.15,-0.0693454871935556,-0.017752699703219688,0.012012370002743467,0.01697321495373738,-0.0693454871935556,1.0,-0.10081689583918418,-0.05096879198378712,-0.022210270528750242,-0.017417183619577448,0.08000000000000007
LO_n2_m3_close,20260922,5465,1388,1228,202608,-4.36,-31.37,-3.093912356877393e-05,0.0670496687043356,0.08264981005966199,0.05612956975560701,0.021809258773888507,10.0,0.011097492396518804,0.07892462527179234,0.09469837710325124,0.06788299898977113,0.16194968553459121
LO_n2_m3_close,20251112,5468,1179,1229,202509,264.97,17.36,-0.0596943888343493,-0.1002831202515716,-0.13410706309925702,-0.11155776786746685,-0.15891128785422626,4.0,-0.017257793556089585,-0.059678320452949074,-0.0950287595336653,-0.07146180014652126,-0.018181818181818077
LO_n2_m3_close,20231130,5478,707,1234,202310,-13.24,3.6,0.08888986660179254,0.18249071473375178,0.1637705451073599,0.18249071473375178,0.15441046029416405,10.0,0.08888986660179254,0.18249071473375178,0.1637705451073599,0.18249071473375178,0.21069182389937113
LO_n2_m3_close,20240814,6108,876,1301,202407,-2.86,-5.87,-0.00783100980123197,-0.00783100980123197,-0.017582056387952183,-0.024895341327991982,-0.017582056387952183,3.0,-0.00783100980123197,-0.00783100980123197,-0.017582056387952183,-0.024895341327991982,0.019656019656019597
LO_n2_m3_close,20220720,6133,374,1322,202206,65.35,41.62,0.09019766288307762,0.1466384138225285,0.14366784798361,0.2476376523457564,0.44072443187545685,10.0,0.07729591539333702,0.1330687284518477,0.13013331723824173,0.23287270971444562,0.2574850299401199
LO_n2_m3_close,20241029,6133,926,1322,202409,8.05,17.74,-0.0880655829731245,0.0019536942441207295,-0.04109900355543128,-0.0880655829731245,-0.0880655829731245,1.0,-0.11765124154079021,-0.030552437057692172,-0.07220838702786958,-0.11765124154079021,0.07100591715976323
LO_n2_m3_close,20230823,6117,639,1309,202307,-13.34,-17.49,-0.028884993678129023,-0.057834221508862194,-0.09204694530881963,-0.019673875731986423,-0.09204694530881963,3.0,-0.03145408099644087,-0.06032672356836255,-0.09444893751699734,-0.02226733108719281,0.05305039787798416
LO_n2_m3_close,20211116,6118,211,1310,202110,17.74,8.47,0.07221264231611713,0.057320800061726684,0.07221264231611713,0.06104376062532446,-0.04692209571900685,8.0,0.042863756121332974,0.02837953728631426,0.042863756121332974,0.032000591995068994,0.18761726078799246
LO_n2_m3_close,20230502,6148,561,1334,202303,82.48,59.38,0.09058789807371292,0.10920769145545939,0.10521773573079929,0.06398819324264671,-0.027780788424531577,10.0,0.09058789807371292,0.10920769145545939,0.10521773573079929,0.06398819324264671,0.20643431635388754
LO_n2_m3_close,20240911,6148,896,1334,202407,-17.3,-36.36,0.006922432432207248,0.030896776061545284,0.023520054944826008,0.11572906890381929,0.0862221844369413,10.0,-0.0041833296902068495,0.0195265910314546,0.012231230809405025,0.10342323358502714,0.12453531598513012
LO_n2_m3_close,20260916,6148,1384,1334,202608,95.4,-34.76,-0.01865959359603442,0.07879766055718718,0.082858379480238,0.011119011839672233,-0.01865959359603442,1.0,-0.027942543386342167,0.06859281782218685,0.07261512453920882,0.0015543725384863372,0.14870395634379263
LO_n2_m3_close,20260508,6150,1293,1335,202603,-41.07,-6.59,-0.06520608539805794,-0.06940426166124036,0.02295561612877184,-0.04281581199441842,-0.06520608539805794,1.0,0.024372311364415644,0.019771836912180207,0.12098227486135893,0.04890817510967116,0.05359661495063461
LO_n2_m3_close,20260119,6152,1225,1337,202512,-6.85,-30.61,-0.04470215470726724,-0.03799831017889721,-0.08827714414167254,-0.048054076971452364,-0.12514828904770792,8.0,-0.024937371701210576,-0.01809482694121911,-0.06941391264115537,-0.028358644081206474,0.027027027027026973
LO_n2_m3_close,20260811,6152,1358,1337,202606,26.28,28.09,0.07931896906757863,0.0290401351048033,-0.05475792149982239,-0.07486945508493248,-0.05475792149982239,3.0,0.07207521759732649,0.02213382547322751,-0.06110182806693765,-0.08107838491657726,0.11486486486486491
LO_n2_m3_close,20260916,6140,1384,1327,202608,10.37,-14.39,-0.07319743739079765,0.017848658180383392,0.11823281483578807,-0.007831009801231748,-0.07319743739079765,1.0,-0.03694110242320059,0.05766669859819773,0.16197786382691914,0.030982447028059745,0.12705882352941167
LO_n2_m3_close,20250619,6141,1079,1328,202505,-33.74,-33.71,-0.029717090467381135,-0.04430781091148073,-0.06254621146660522,-0.09172765235480418,-0.029717090467381135,1.0,-0.022529809656028355,-0.03722860951082496,-0.05560210932932075,-0.08499970903891385,0.018382352941176405
LO_n2_m3_close,20260306,6141,1251,1328,202601,19.84,19.84,-0.07139615402009425,-0.016122115568909523,0.000460095966446028,0.10548076902369719,0.43436129780824717,10.0,-0.013701832228443345,0.04500639204367296,0.06261885932530808,0.1741644854423292,0.11420612813370479
LO_n2_m3_close,20260318,6141,1259,1328,202602,-18.95,-1.33,0.07993778548558228,-0.00973902709007568,-0.1070479088211087,-0.12231204713185895,-0.1070479088211087,3.0,0.11201514545050051,0.01967466517457539,-0.08052457938015167,-0.09624210793775578,0.09807692307692317
LO_n2_m3_close,20250110,6144,977,1331,202411,-31.43,-1.13,-0.10691029869764135,-0.15782604438051862,-0.18397196783929337,-0.1027819949936245,-0.10691029869764135,1.0,-0.01691958070381583,-0.07296576793641818,-0.10174624246126796,-0.01237529525252401,-0.005547850208044269
LO_n2_m3_close,20251022,6155,1165,1340,202509,9.31,11.89,-0.030714643842060463,0.03957080356905496,0.0019762619305514484,-0.07157827605782507,-0.07157827605782507,5.0,-0.02751039473079442,0.043007401266804024,0.005288580151809663,-0.06850911333404919,0.054365733113673764
LO_n2_m3_close,20221201,6160,468,1343,202210,-15.04,-13.27,-0.02655117942762386,-0.015853939641114256,-0.02387686948099621,-0.013179629694486827,-0.02655117942762386,1.0,-0.029167977332388517,-0.018499493566810354,-0.026500856390993754,-0.015832372625415814,0.04582210242587581
LO_n2_m3_close,20260706,6164,1333,1346,202605,-25.89,-10.72,-0.06470693917568349,-0.04258852219673015,-0.05522761761327499,-0.13422196396668018,-0.06470693917568349,1.0,-0.046486944484300796,-0.02393764925251063,-0.036822960813533645,-0.11735615806992716,0.031847133757961776
LO_n2_m3_close,20250902,6168,1132,1350,202507,-1.03,5.03,-0.0401623821906012,-0.10482512696933965,-0.11492868084101748,-0.1452393424560512,-0.10482512696933965,2.0,-0.020207338161299826,-0.08621442274832802,-0.09652802971505114,-0.12746885061522073,0.006109979633401208
LO_n2_m3_close,20260922,6168,1388,1350,202608,18.51,9.29,-0.07096903645024433,-0.00783100980123197,0.019228144476916453,0.059816875894138644,-0.07096903645024433,1.0,-0.06029051962783327,0.0035732314654206565,0.030943410505386737,0.07199867906533552,0.06818181818181812
LO_n2_m3_close,20260616,6173,1320,1355,202605,25.62,14.59,0.038838960121009736,0.09242299966136147,0.05612413416628459,0.05439561676175697,-0.014745079419341889,4.0,0.05725809061960918,0.11179220178301685,0.0748497393819989,0.07309057450575995,0.10801393728222997
LO_n2_m3_close,20250828,6179,1129,1360,202507,49.2,55.69,0.01204294531831196,-0.03382002803448181,-0.06898164093829007,-0.07509670405199598,-0.06898164093829007,3.0,-0.01967780371405281,-0.06410328088713213,-0.09816281338649269,-0.10408621034290333,0.046224961479198745
LO_n2_m3_close,20260527,6182,1306,1362,202604,3.0,6.94,-0.0023311816959172837,0.09446579295762092,0.06696665243104771,0.06586668680998464,-0.13652698746559555,10.0,-0.0023311816959172837,0.09446579295762092,0.06696665243104771,0.06586668680998464,0.1252771618625277
LO_n2_m3_close,20260617,6182,1321,1362,202605,11.93,7.95,0.044388410735545225,0.013927082089091991,-0.003479391423167111,0.08790459451619315,0.2924306582852374,10.0,-0.0036796751142078588,-0.032739017923376745,-0.04934435667147319,0.03783367175603347,0.11842105263157898
LO_n2_m3_close,20230517,6198,572,1377,202304,9315.37,5374.69,0.03976930157262193,0.01894416534656096,0.010019106963963464,-0.05543132117508587,0.004069068042231727,10.0,0.08703154255319578,0.0652598092259502,0.05592906637141626,-0.012496381228498832,0.08995502248875553
LO_n2_m3_close,20251231,6205,1213,1383,202511,-25.43,-2.86,-0.023833735449599325,-0.05103836905182346,-0.041436733662803316,-0.0382361885331296,-0.05743945931117034,4.0,0.003686706502899595,-0.02428489023570568,-0.01441256197502161,-0.011121785888126623,-0.003225806451612967
LO_n2_m3_close,20250828,6207,1129,1385,202507,1.55,-8.02,-0.019251660048124286,-0.08920314281033959,-0.11918234970843189,-0.040665379261047296,-0.08920314281033959,2.0,-0.026257005333494732,-0.09570883464740854,-0.12547390435337158,-0.04751776940918251,0.010071942446043147
LO_n2_m3_close,20211117,6209,212,1387,202110,-8.03,19.71,-0.05305050801404443,-0.01049098028433848,-0.00783100980123208,-0.08098019808666401,-0.08098019808666401,5.0,-0.08730707878356225,-0.04628717221203693,-0.04372342805131679,-0.11422639247112587,0.07372654155495972
LO_n2_m3_close,20260817,6214,1362,1391,202607,31.81,36.2,-0.005004317521463353,0.009129143877379509,0.017609220716685137,0.01478252843691652,0.03739606667506523,10.0,-0.002161472714381718,0.012012370002743467,0.020516675633018622,0.017681907089593496,0.03418803418803429
LO_n2_m3_close,20260916,6221,1384,1398,202608,21.47,-27.95,-0.023173829237295607,0.07399736052443973,0.056949783373257956,0.07740687595467599,-0.023173829237295607,1.0,-0.039674271310989884,0.05585551321828364,0.039095901897358454,0.05920743548246854,0.12371134020618557
LO_n2_m3_close,20260825,6225,1368,1402,202607,112.91,36.92,0.028193280311885394,-0.009332021889278508,-0.10689780761230394,-0.13691804937323493,-0.10689780761230394,3.0,-0.01502064016499105,-0.05096879198378712,-0.1444339867126564,-0.17319250816769327,0.05900151285930422
LO_n2_m3_close,20261002,6225,1394,1402,202608,139.2,42.96,0.005242959322909968,0.02122225491908325,-0.002020356857168837,,0.04010687698728832,4.0,-0.01917008397493214,-0.003578856986094392,-0.026257005333494732,,0.07613469985358723
LO_n2_m3_close,20260831,6226,1372,1403,202607,21.5,6.37,0.06752359704930733,0.07223325997746599,0.004728091340524543,0.017287192482281055,-0.07062651551001475,6.0,0.028467855693845134,0.033005213880729745,-0.03203025346461641,-0.01993063163292408,0.12499999999999978
LO_n2_m3_close,20260918,6226,1386,1403,202608,13.05,7.14,-0.03388358722439444,-0.040396731580184864,-0.07296245335913798,-0.011087581979127403,-0.08381769395212224,10.0,-0.025352757972512574,-0.03192341353674266,-0.06477669135789399,-0.0023554634977067668,-0.00328227571115991
LO_n2_m3_close,20260515,6241,1298,1416,202604,-9.16,-13.11,-0.03079788457435162,-0.035391259528975705,-0.01701775971048003,-0.02161113466510378,-0.03079788457435162,1.0,-0.06122126936349748,-0.06567045766035307,-0.04787370447293127,-0.05232289276978652,0.04629629629629628
LO_n2_m3_close,20220419,6242,310,1417,202203,16.53,8.24,-0.03847152273384069,-0.06619389157763,-0.007831009801231748,-0.054521315222350375,0.12932176237330384,10.0,0.05457962022740048,0.02417444149550252,0.0881853440889715,0.03697662201419627,0.09117647058823541
LO_n2_m3_close,20251216,6243,1203,1418,202511,-26.93,-10.58,-0.06131720873377999,-0.08806030820005406,-0.08137453333348554,0.03495794934480667,-0.06131720873377999,1.0,-0.05750658847153567,-0.08435825261764573,-0.07764533658111816,0.03915940245446081,0.043126684636118684
LO_n2_m3_close,20260717,6243,1341,1418,202606,-56.18,-52.12,-0.10685562800905468,-0.019367858524473314,-0.03667313160933561,0.0037058389220097077,-0.10685562800905468,1.0,-0.07827500810534449,0.012012370002743467,-0.005846671820834426,0.03582442576751377,0.06395348837209291
LO_n2_m3_close,20250417,6228,1036,1405,202503,120.05,108.1,0.007066422484034884,-0.06543441463759692,-0.1587916569586021,-0.05252330665703231,-0.06543441463759692,2.0,0.016221571779344357,-0.056938363861575025,-0.15114430838549842,-0.043909882172096126,0.03503503503503502
LO_n2_m3_close,20240129,6229,748,1406,202312,30.14,-31.41,-0.009152140280857313,0.08993264569105697,0.14145673439645234,0.026518382669031837,0.0714368189762995,10.0,-0.020885864935426213,0.07702554857103117,0.127939483594389,0.014362243926898444,0.20106524633821587
LO_n2_m3_close,20240415,6229,793,1406,202403,24.31,11.91,-0.04939484587712606,-0.05475792149982228,-0.07755099289628042,-0.13922636255728493,-0.04939484587712606,1.0,-0.03637285746448393,-0.041809399876532094,-0.06491470512773623,-0.12743494286628887,0.0108108108108107
LO_n2_m3_close,20260415,6229,1277,1406,202603,84.76,44.55,-0.027516902463905812,-0.007831009801231859,0.003980525796372536,0.057132435985592256,-0.027516902463905812,1.0,-0.021693650382851426,-0.001889878123395028,0.009992385232278966,0.06346257033281133,0.09126984126984139
LO_n2_m3_close,20240314,6230,773,1407,202402,-45.8,-40.86,0.0890298150994393,0.15185845827825317,0.08117623470208768,0.060233353642483056,-0.00783100980123197,10.0,0.12158233674643348,0.18628901002026632,0.11349400258720443,0.09192511149592675,0.1899736147757256
LO_n2_m3_close,20221019,6247,437,1422,202209,,,0.0019601315494137683,-0.007831009801231859,-0.007831009801231859,-0.007831009801231859,-0.001303582234134737,10.0,-0.0013249836359940925,-0.011084022883850797,-0.011084022883850797,-0.011084022883850797,0.009868421052631637
LO_n2_m3_close,20260508,6261,1293,1427,202603,2.48,6.94,-0.0037141260244735186,-0.00783100980123197,-0.02018166113150699,-0.05723361512233249,-0.02018166113150699,3.0,-0.011914009760897626,-0.015997009720563393,-0.028246009599560473,-0.06499300923655205,0.053941908713692976
LO_n2_m3_close,20260513,6263,1296,1428,202604,13.4,1.99,-0.042043733601189404,-0.09994218926265608,-0.09467869329343181,-0.10783743321649242,-0.042043733601189404,1.0,-0.042043733601189404,-0.09994218926265608,-0.09467869329343181,-0.10783743321649242,0.0
LO_n2_m3_close,20251114,6265,1181,1430,202510,146.68,35.1,-0.05292960026481219,-0.12176429097238217,-0.11701707092358427,-0.22857674207033574,-0.05292960026481219,1.0,-0.0793594718853291,-0.14627319448012976,-0.14165845499083318,-0.2501048329893032,0.028708133971292016
LO_n2_m3_close,20260526,6274,1305,1436,202604,97.96,68.62,0.023566743053159422,-0.03294921208474488,0.06124404647842918,-0.0015514592303536023,-0.03294921208474488,2.0,-0.01388082071707808,-0.06832911895969329,0.022418044777998913,-0.03808006438046263,0.14873417721518978
LO_n2_m3_close,20260723,6274,1345,1436,202606,107.71,85.17,-0.07100281816594756,-0.06728682943861142,-0.16018654762201656,-0.24937027707808557,-0.07100281816594756,1.0,-0.056873583461247046,-0.0531010777950921,-0.1474137194489673,-0.23795385543668757,-0.0037453183520599342
LO_n2_m3_close,20260806,6274,1355,1436,202606,107.71,85.17,-0.06619389157763012,-0.05322436229398597,0.04080472501243326,0.037562342691522144,0.021350431086967214,10.0,-0.07225756760634683,-0.0593722560453237,0.03404625277209283,0.030824924881836857,0.09477124183006547
LO_n2_m3_close,20230510,6276,567,1438,202303,-20.16,-24.98,-0.04172498151609649,0.05379439331670399,0.08152582471977521,0.09076963518746539,0.1400699576818143,10.0,-0.032712990746655346,0.06370468541686103,0.09169691398046265,0.1010276568349966,0.14285714285714257
LO_n2_m3_close,20260313,6291,1256,1451,202602,28.28,53.38,-0.007831009801231859,-0.0602804718381712,-0.041340388324832,0.041704593233655274,-0.0602804718381712,2.0,-0.04566796281728658,-0.09611723350535961,-0.0778994413124443,0.001978570610337904,0.13803230543318645
LO_n2_m3_close,20250818,6418,1121,1463,202507,-18.45,-6.11,-0.05743945931117045,-0.121221751538234,-0.06452638066973304,-0.06736114921315806,-0.121221751538234,2.0,-0.08868456010748527,-0.1503525222054749,-0.09553655589615084,-0.09827735421161699,0.04142857142857159
LO_n2_m3_close,20240314,6419,773,1464,202402,297.52,321.11,0.00364863140767957,-0.06358926710165835,-0.1324671143551268,-0.15870629426120997,-0.1324671143551268,3.0,0.043311721652312896,-0.02658334466753154,-0.09818316870249433,-0.1254592921443849,0.03140495867768589
LO_n2_m3_close,20251223,6419,1208,1464,202511,-27.5,-37.02,0.027603596991581103,0.10437857837600961,0.02169782919277896,0.01579206139397682,-0.020823698958596704,6.0,0.017909223435056854,0.09395991254227387,0.012059170426809596,0.006209117418562116,0.13095238095238093
LO_n2_m3_close,20260313,6419,1256,1464,202602,37.57,12.97,0.09113846553031602,0.13938608475444547,0.13814896631280127,0.05773626760591877,0.12206642657142486,10.0,-0.004444767513864245,0.03957638222191706,0.03844763479279467,-0.03492094810017443,0.20947630922693272
LO_n2_m3_close,20260415,6419,1277,1464,202603,174.21,56.77,0.0881853440889715,0.02417444149550252,0.036176485731777897,0.20020442362754198,0.17620033515499123,10.0,0.058313589545352595,-0.00394015101613876,0.007732425339140869,0.16725763552796247,0.25806451612903225
LO_n2_m3_close,20260318,6426,1259,1467,202602,7.26,47.11,0.08919497977656565,0.05789627346114723,-0.04538945737973421,-0.039129716116650504,-0.04538945737973421,3.0,0.062384026428219386,0.0318557498067189,-0.06888756304423305,-0.06278190771993297,0.17665615141955837
LO_n2_m3_close,20260623,6435,1324,1470,202605,22.19,9.04,-0.01879420306309687,-0.03112779548269462,-0.09005495926521823,-0.0037198123280326456,-0.03112779548269462,2.0,-0.009214788030240006,-0.02166879209131234,-0.08117125593865837,0.0060067724888484,0.04143646408839774
LO_n2_m3_close,20240712,6442,855,1473,202405,117.97,57.83,-0.02142236583135204,0.0747626153048826,0.10194532736512296,0.11867315017142444,-0.09356110168352805,7.0,-0.049467579502510906,0.04396082080279795,0.07036449914995035,0.08661291659435189,0.17597471022128564
LO_n2_m3_close,20251211,6443,1200,1474,202510,-59.36,-61.27,0.09138588921864477,0.19910709386879666,0.31816737269264905,0.22462001075962235,0.6498352922733801,10.0,0.06699737772772552,0.17231140462033223,0.2887111185542659,0.19725420046331799,0.45999999999999996
LO_n2_m3_close,20211122,6446,215,1475,202110,10.64,5.13,-0.0023494131702994636,0.041503359877159696,0.068911343031822,0.12372730934114617,0.46632709877442236,10.0,0.0201963628032531,0.06504015897042903,0.0930675315749141,0.149122276783884,0.13259668508287303
LO_n2_m3_close,20220218,6446,271,1475,202201,107.92,107.92,-0.014221792346795548,-0.03339413998348695,-0.07014113962047819,-0.05096879198378701,-0.10369274798468764,4.0,-0.014221792346795548,-0.03339413998348695,-0.07014113962047819,-0.05096879198378701,0.0016103059581320522
LO_n2_m3_close,20260616,6449,1320,1476,202605,12.27,22.08,0.05499450570717257,0.026545215665631172,0.01587673190005301,-0.0997439223304345,-0.085378133856984,4.0,0.05122666818678989,0.022878982752539523,0.012248600714695579,-0.10295912260782591,0.15412186379928317
LO_n2_m3_close,20220823,6461,398,1480,202207,-85.81,33.59,0.014108845018888205,-0.020019818034632042,-0.020019818034632042,-0.0029554865078719184,-0.020019818034632042,2.0,0.04359620713701018,0.008475180935283877,0.008475180935283877,0.026035694036147028,0.025798525798525818
LO_n2_m3_close,20220808,6465,387,1483,202206,-41.32,12.91,0.000777831762314829,-0.06378847996428605,0.02875656684384187,-0.014287640973892124,-0.06378847996428605,2.0,0.020704823987670595,-0.04514710014056622,0.04924065777657316,0.005339375024415283,0.10845986984815625
LO_n2_m3_close,20250107,6477,974,1488,202411,-29.45,-41.65,0.018509759850062757,-0.03040881235948467,-0.05424093728208457,-0.04671500309600041,-0.03040881235948467,2.0,0.015941008879444718,-0.03285418735983903,-0.0566262060405156,-0.0491192527729335,0.09481668773704177
LO_n2_m3_close,20260527,6488,1306,1492,202604,-10.13,-10.27,-0.011031554930905463,0.08285110220618219,0.013505957729924356,0.013505957729924356,-0.1347859666116119,7.0,-0.016320156241435346,0.07706045460080158,0.008086139774149403,0.008086139774149403,0.11827956989247301
LO_n2_m3_close,20260714,6488,1338,1492,202606,-1.62,-7.6,-0.030752405614404843,-0.09932225170707065,-0.18478802344289624,-0.20779803891023374,-0.09932225170707065,2.0,-0.07062651551001464,-0.1363754502127923,-0.21832522501011886,-0.2403886259170912,0.05610561056105601
LO_n2_m3_close,20211221,6492,236,1494,202111,0.0,-2.99,-0.0789992496045191,-0.05806741436825813,-0.12086292007704091,-0.12504928712429308,-0.0789992496045191,1.0,-0.03842652932277979,-0.01657258680738849,-0.08213441435356261,-0.08650520285664087,-0.025316455696202556
LO_n2_m3_close,20221206,6492,471,1494,202210,66.0,66.6,-0.05457453365558096,-0.019893854666870325,-0.041003833181737726,-0.05608238926378584,-0.05457453365558096,1.0,-0.08246319047990025,-0.04880554036991258,-0.06929280565425289,-0.08392656657163877,0.03039513677811545
LO_n2_m3_close,20251021,6492,1164,1494,202509,95.23,10.66,-0.07512929402014057,-0.06551525341743925,-0.08089771838176141,-0.14435038635958952,-0.07512929402014057,1.0,-0.07333342857163594,-0.06370071992892945,-0.07911305375725997,-0.1426889307991227,0.015503875968992276
LO_n2_m3_close,20211222,6499,237,1498,202111,-95.97,-88.29,0.09104493767562127,0.10468299939656656,0.07058784509420346,0.05126725765619766,0.00012452620265279712,10.0,0.07868882286615775,0.09217243315198487,0.05846340743741729,0.0393616261991625,0.15693012600229106
LO_n2_m3_close,20251015,6499,1160,1498,202509,58.4,41.35,-0.03090470724771477,-0.027059091006634284,-0.050132788453117305,-0.04940895264723755,-0.11953452171424472,6.0,-0.0195035861565116,-0.015612727371418389,-0.03895788008197765,-0.03822552856073469,0.023255813953488413
LO_n2_m3_close,20211019,6506,191,1501,202109,37.77,20.48,-0.056591451627239775,-0.14987229685960257,-0.2049927963150897,-0.2261929884133539,-0.14987229685960257,2.0,-0.04018434643814828,-0.1350874672397695,-0.1911665840770912,-0.21273547516836877,0.0
LO_n2_m3_close,20240912,6517,897,1509,202407,-25.17,-15.34,-0.01335072601930598,0.08462423685150422,0.1301618956506132,0.1039432436147627,0.11498267605091028,10.0,-0.02420793948814426,0.07268889449275329,0.11772545113176203,0.09179531246081774,0.17385257301808066
LO_n2_m3_close,20240705,6541,850,1521,202405,157.69,-58.92,-0.003427892980823022,-0.0019601873740201503,0.06995738735932266,0.009781457480403155,0.014184574300811548,10.0,-0.03206502249286847,-0.03063949233453689,0.03921148542370978,-0.019235251067884374,0.08579881656804744
LO_n2_m3_close,20240830,6541,888,1521,202407,88.36,-44.87,-0.015832372625415814,-0.019833054037507458,-0.05183850533424195,-0.06384054957051732,-0.05183850533424195,3.0,-0.0024240943233097,-0.006479280931751319,-0.03892077379928616,-0.05108633362461157,0.008064516129032251
LO_n2_m3_close,20250415,6560,1034,1530,202503,661.56,271.29,0.07365146765470554,0.0017551640171136196,0.1008122934733513,0.022525207290195803,0.1822947709292888,10.0,0.07365146765470554,0.0017551640171136196,0.1008122934733513,0.022525207290195803,0.11111111111111116
LO_n2_m3_close,20251016,6560,1161,1530,202509,73.16,137.07,-0.015463078956607146,-0.06670697185698304,-0.053623424733482805,-0.074339041012358,-0.06670697185698304,2.0,0.00553153552131036,-0.04680510032531382,-0.03344255500277149,-0.05459991843013001,-0.004395604395604491
LO_n2_m3_close,20230718,6569,614,1533,202306,14.93,-11.69,0.08953136774163784,0.07562245666408507,0.1266217972817787,0.09880397512667294,0.01303235681509718,10.0,0.07446872210465671,0.060752100120341934,0.11104638072949613,0.08361313676086635,0.1448598130841121
LO_n2_m3_close,20260527,6570,1306,1534,202604,9.7,15.29,0.012661292922322653,0.019492060496840935,0.0331535956458775,0.01095360102869325,-0.011246393588490888,4.0,0.01440726066874043,0.021249805428732005,0.034934894948714934,0.012696624478742757,0.03716216216216206
LO_n2_m3_close,20250605,6574,1069,1536,202504,-3.08,13.4,-0.02349683596226515,-0.0454289925877116,-0.05691726510580264,-0.050650934641389256,-0.122713734982142,4.0,0.003980525796372314,-0.018568769435417853,-0.03038030503302236,-0.02393764925251074,0.05263157894736836
LO_n2_m3_close,20260317,6574,1258,1536,202602,39.75,45.93,0.08803072838222392,0.17909937965650702,0.2797542047491355,0.17430629274733422,0.04489294619966877,10.0,0.08279981141884796,0.17343063263892766,0.27360154030322614,0.16866058941681827,0.4154589371980677
LO_n2_m3_close,20240315,6577,774,1538,202402,29.53,14.57,0.026234878274262297,0.09862489043468736,0.12843254250074487,0.20082255466116994,0.18378961062342292,10.0,0.0004716595728164741,0.07104434925222658,0.10010369206139558,0.1706763817408059,0.23175965665236054
LO_n2_m3_close,20230517,6593,572,1550,202304,15.57,-3.85,-0.017526472246170988,-0.0676196948783564,-0.03530148672855937,-0.04822876998847825,-0.0676196948783564,2.0,-0.017526472246170988,-0.0676196948783564,-0.03530148672855937,-0.04822876998847825,0.016286644951140072
LO_n2_m3_close,20240926,6593,906,1550,202408,-15.77,1.89,0.0072546005760592,-0.0356813674208466,-0.0380022305558142,-0.09254251422755944,-0.0356813674208466,2.0,-0.010111858054562384,-0.05230755074117677,-0.05458839899450707,-0.10818833294777386,0.07134502923976593
LO_n2_m3_close,20241016,6609,917,1559,202409,106.05,-0.45,0.0011887082914843194,0.014718285430558309,0.00569856733784202,0.06432673494049657,-0.052929600264812304,10.0,-0.007831009801231859,0.00557667925550831,-0.0033617801156520244,0.054738205796888595,0.11363636363636354
LO_n2_m3_close,20260330,6609,1267,1559,202602,-28.05,-18.6,-0.08136824083949346,-0.06736114921315794,-0.10588065118558077,-0.11288419699874852,-0.08136824083949346,1.0,-0.08674035639013977,-0.07281517758033251,-0.11110941930730256,-0.11807200871220624,0.05529411764705894
LO_n2_m3_close,20250716,6617,1098,1565,202506,-29.18,7.61,0.08944045982609827,0.09916760678883141,0.055395445456532855,-0.007831009801231748,-0.012694583282598426,4.0,0.058313589545352595,0.06776281802343598,0.025241289872060424,-0.03617869523548234,0.15686274509803932
LO_n2_m3_close,20260115,6641,1223,1572,202512,-6.39,-3.08,-0.10631837279890355,-0.08260845207724188,-0.10996605290992867,-0.13185213357607783,-0.10631837279890355,1.0,-0.08787466191858073,-0.06367541825519618,-0.09159762248217862,-0.11393538586376417,-0.020220588235294157
LO_n2_m3_close,20260128,6657,1232,1580,202512,86.83,-0.96,0.025241289872060424,-0.061114159274869406,-0.10337320885740964,-0.11807200871220613,-0.061114159274869406,2.0,0.025241289872060424,-0.061114159274869406,-0.10337320885740964,-0.11807200871220613,0.07777777777777772
LO_n2_m3_close,20250513,6658,1053,1581,202504,76.53,73.69,-0.006534056872867455,0.0920343656828273,0.0609074954020814,0.11408256546502193,0.03962542344601405,10.0,-0.0026227736322095296,0.09633371357921616,0.06508429656508175,0.11846871729756137,0.16078431372549007
LO_n2_m3_close,20260623,6693,1324,1601,202605,115.16,78.42,0.05299964710313221,0.023633123080335938,-0.07285688442313842,-0.016221445236316523,-0.07285688442313842,3.0,0.0994896977478621,0.06882663844812109,-0.03192341353674277,0.02721248654132946,0.10782241014799165
LO_n2_m3_close,20240530,6695,825,1602,202404,-34.2,-18.63,0.021556224041044736,0.02295561612877184,0.01595865569013455,-0.06800486957351282,-0.07920000627533252,4.0,-0.005105270817169161,-0.003742401325138145,-0.010556748785294445,-0.09232891830717094,0.056417489421720646
LO_n2_m3_close,20211214,6698,231,1604,202111,59.65,38.84,0.08948194019694156,0.19737238476013386,0.19737238476013386,0.14236941302203587,0.13390741737002076,10.0,0.03225662616639502,0.13448009788384407,0.13448009788384407,0.08236617112592892,0.24733475479744138
LO_n2_m3_close,20250221,6680,1000,1594,202501,38.25,38.25,-0.0445780094382231,-0.049171384392847184,-0.06295150925671888,-0.08591838402983876,-0.0445780094382231,1.0,-0.053343348801175194,-0.05789458270116965,-0.07154828440115268,-0.09430445390112463,0.04166666666666674
LO_n2_m3_close,20260313,6683,1256,1595,202602,46.93,46.8,-0.007831009801231859,0.018509759850062757,0.05363078605178928,0.12826296673045756,-0.034171779452526585,7.0,-0.02508612267425392,0.0007965466352790607,0.03530677238132318,0.10864100209166683,0.13716814159292046
LO_n2_m3_close,20250512,6684,1052,1596,202503,-0.41,-12.38,-0.019191723429462182,0.020570774269343284,0.009210060641113182,0.12092374465204347,0.07737434241049423,10.0,-0.03394072006962068,0.0052238453329620516,-0.005966030496347141,0.10406774849186218,0.1927480916030535
LO_n2_m3_close,20260512,6716,1295,1610,202603,46.68,68.33,-0.05252330665703231,-0.062454928180543434,-0.0862908198369704,-0.098208765665184,-0.05252330665703231,1.0,-0.0628423597528468,-0.0726658151013494,-0.09624210793775578,-0.10803025435595914,0.026026026026025884
LO_n2_m3_close,20260811,6716,1358,1610,202606,60.57,53.76,0.03489397063794941,0.11559671146751427,0.17256335205308937,0.30548551341943164,0.21054111244347284,10.0,0.029965904111102226,0.11028434617481175,0.16697971704331294,0.29926891573648207,0.3301435406698565
LO_n2_m3_close,20260526,6727,1305,1616,202604,51.14,133.04,-0.04136053020733477,-0.11908805478511852,-0.10689550191017194,-0.18309895737858728,-0.11908805478511852,2.0,-0.07817681708268076,-0.1529192373192203,-0.14119493610564526,-0.21447181869048781,0.05069124423963123
LO_n2_m3_close,20250819,6733,1122,1620,202507,55.43,41.04,-0.038395457366596886,-0.06073101520282509,-0.051326569798097355,0.00510010263026861,-0.038395457366596886,1.0,-0.038395457366596886,-0.06073101520282509,-0.051326569798097355,0.00510010263026861,0.013033175355450233
LO_n2_m3_close,20260730,6733,1350,1620,202606,63.57,14.15,0.0413987492544321,0.012996965183856624,0.03193148789757361,0.04897255833991898,-0.01729827115809035,7.0,0.03941513258918561,0.011067447154935017,0.029965904111102226,0.046974515371652314,0.08206106870229024
LO_n2_m3_close,20260409,6739,1273,1622,202602,90.86,94.75,-0.011160435942838554,0.0054866947651945885,-0.014489862084445138,0.0487692346060804,0.02213382547322751,10.0,-0.024257648711807578,-0.007831009801231859,-0.027542976493922566,0.03487825136626488,0.12080536912751683
LO_n2_m3_close,20240812,6754,874,1630,202406,47.7,41.91,0.07285363489091679,0.033772010118157336,0.08167851790412084,0.122020840250195,0.03503270769147204,10.0,0.043678381531707666,0.0056595450716807605,0.05226328008719783,0.09150853062658038,0.14993646759847512
LO_n2_m3_close,20220823,6767,398,1636,202207,63.29,55.68,-0.022280072765291647,-0.007831009801231859,-0.041545490050704736,-0.08970903326423707,-0.10536218480863513,4.0,-0.006607620170900441,0.008073055393076567,-0.026181854256203008,-0.07511743946945904,0.01941747572815533
LO_n2_m3_close,20260603,6855,1311,1672,202604,14.99,-13.84,-0.03394072006962057,-0.0302107614598508,-0.03394072006962057,-0.056320471728239396,-0.07497026477708857,8.0,0.0037959705526597887,0.007671630670623708,0.0037959705526597887,-0.019457990155123728,-0.003759398496240629
LO_n2_m3_close,20240625,6869,842,1679,202405,59.43,4.32,0.09138588921864477,0.09392991227043646,0.17533864992777137,0.37886049407110844,0.2974517564137735,10.0,0.035621646703823506,0.03803568317632666,0.11528485029642543,0.30840776809667236,0.4076923076923078
LO_n2_m3_close,20260910,6872,1380,1681,202607,32.05,317.75,-0.0783028259274996,-0.16546533534683072,-0.15062916353077438,-0.221100979657042,-0.0783028259274996,1.0,-0.04064593749263079,-0.13136956111002795,-0.11592724219642847,-0.18927825703602608,-0.03925233644859816
LO_n2_m3_close,20260410,6894,1274,1691,202602,55.41,53.55,-0.021841098237928347,-0.07533416317804154,-0.0982597624380902,-0.11226985087478658,-0.021841098237928347,1.0,-0.06043676390548236,-0.11181912837940111,-0.1338401417253665,-0.147297427659012,0.042362002567394086
LO_n2_m3_close,20250813,6895,1118,1692,202507,178.06,98.33,0.06168401498976461,0.10802736485042885,0.13330555568351854,0.12698600797524606,0.1880749691552126,10.0,0.050531871975166176,0.0963884219423361,0.12140108556079254,0.11514791965617843,0.16560509554140124
LO_n2_m3_close,20260519,6902,1300,1695,202604,21.14,25.2,-1.8655547698309682e-05,0.019512230086135673,0.011699875832602125,0.1015419497482386,0.10544812687500538,10.0,-0.015522242283392829,0.0037058389220097077,-0.0039853935601513735,0.08446377998470012,0.1692913385826771
LO_n2_m3_close,20260624,6909,1325,1701,202605,51.31,-1.1,-0.040684287622383186,-0.09653485991834032,-0.08832154046305252,-0.004545682019116759,-0.09653485991834032,2.0,-0.048560442896419476,-0.10395247190587442,-0.09580658528683694,-0.012718541772654413,0.008278145695364225
LO_n2_m3_close,20240605,6922,829,1709,202404,35.62,21.61,-0.04099543287194285,-0.07968725978777236,-0.05205024056217977,-0.05481394248473903,-0.07968725978777236,2.0,-0.06698471653394977,-0.10462798445477028,-0.07773993593989847,-0.08042874079138562,0.027855153203342642
LO_n2_m3_close,20250715,6933,1097,1716,202506,158.75,40.51,-0.04880554036991269,0.04485052950135748,0.14728685592305912,0.2672836954456239,-0.04880554036991269,1.0,-0.06263104123662899,0.029663748549302982,0.13061117487766594,0.2488638742908913,0.26530612244897966
LO_n2_m3_close,20260714,6933,1338,1716,202606,26.6,16.4,0.05398637276566953,-0.0016492715445418638,-0.048012308469718046,0.08180419492077506,-0.048012308469718046,3.0,0.031492761151768134,-0.0229555370908473,-0.0683291189596934,0.05871691027307557,0.07361963190184051
LO_n2_m3_close,20261001,6957,1393,1728,202608,-31.15,8.5,-0.02591742368506378,0.059347098910143004,0.043844458438287104,0.15753048856522933,0.15753048856522933,5.0,-0.0025394418535051866,0.08477142928398651,0.06889672544080616,0.18531122029079494,0.171875
LO_n2_m3_close,20260930,7547,1392,1745,202608,-2.25,27.51,-0.01854888469535454,-0.01854888469535454,-0.024673384634853024,-0.05835813430209513,-0.06295150925671911,4.0,-0.02307170089491506,-0.02307170089491506,-0.029167977332388184,-0.06269749773849098,0.04938271604938271
LO_n2_m3_close,20260416,7556,1278,1746,202603,12.1,10.79,-0.024367159637878055,0.07301238940014931,0.08219913930939704,0.17222928842002605,0.12262083891008757,10.0,-0.02074027175549098,0.07700128304104203,0.0862221844369413,0.1765870181167548,0.21296296296296302
LO_n2_m3_close,20260908,7610,1378,1748,202607,721.99,509.7,-0.024647433363923055,-0.022245087140681186,-0.05107324181958006,-0.20482340010704048,-0.05107324181958006,3.0,-0.024647433363923055,-0.022245087140681186,-0.05107324181958006,-0.20482340010704048,0.02421307506053272
LO_n2_m3_close,20260401,7721,1269,1765,202602,30.2,15.56,0.001200437443750202,0.07990304915002455,0.052808707415077594,0.0837736693978739,0.12893090562278542,10.0,-0.012919055904815457,0.06467364717483193,0.037961405131018866,0.06848968175251935,0.1378413524057216
LO_n2_m3_close,20260603,7709,1311,1756,202604,62.9,26.63,-0.04298660394213327,-0.12892250073100286,-0.08595455233656801,-0.09376690659010156,-0.04298660394213327,1.0,-0.039203942297635797,-0.125479506662746,-0.08234172448019084,-0.0901849576042918,0.023622047244094446
LO_n2_m3_close,20260723,7709,1345,1756,202606,-57.89,6.57,-0.03361925988847769,-0.07162299685915541,-0.11777039175212145,-0.14220136551898577,-0.03361925988847769,1.0,-0.028302171909872276,-0.06651500784600084,-0.11291630862558566,-0.13748170315595398,0.012311901504788114
LO_n2_m3_close,20260807,7711,1356,1757,202606,140.78,44.46,0.07154250941466955,0.07683407736239634,0.18398832830386325,0.24881003566351612,0.2210293039379505,10.0,0.045067466919378685,0.05022829391651129,0.15473504060844934,0.2179551713233252,0.33066666666666666
LO_n2_m3_close,20260115,7715,1223,1761,202512,-60.36,-27.75,-0.105485437970402,-0.06512160766047848,-0.0638195486182227,-0.09637102467461278,-0.105485437970402,1.0,-0.09838611604953218,-0.05770193788000599,-0.056389545035827604,-0.08919936614028434,-0.002624671916010568
LO_n2_m3_close,20260506,7749,1291,1778,202603,109.2,71.31,-0.027096427086644947,-0.009757551529773312,0.030699824769593986,-0.05984763647184699,-0.05984763647184699,5.0,-0.03273100376374927,-0.015492546405083352,0.024730520765136932,-0.06529253433011806,0.08737864077669899
LO_n2_m3_close,20260903,8040,1375,1831,202607,42.52,32.03,-0.0038463953827629904,0.0957689650789606,0.04928179686348977,0.06256384492505274,0.039984363220395336,10.0,-0.0038463953827629904,0.0957689650789606,0.04928179686348977,0.06256384492505274,0.12182061579651937
LO_n2_m3_close,20260506,8042,1291,1832,202603,20.54,31.16,0.09100083010213833,0.07944905660693902,0.14105851524800128,0.36054221165678424,0.4953129024341074,10.0,0.06214564441933601,0.05089939641960184,0.11087938575151735,0.32455809774646593,0.3712807244501941
LO_n2_m3_close,20260616,8042,1320,1832,202605,33.35,31.98,0.0076313640719956055,0.005054301759791047,-0.018139259050050316,-0.010408072113436528,-0.08514287916736973,4.0,0.023583311788174965,0.0209654516557245,-0.0025952895363308137,0.005258290861020809,0.036363636363636376
LO_n2_m3_close,20260414,8043,1276,1833,202603,170.47,80.76,-0.0008274639880642143,0.09838943503181263,0.1275708759200116,0.023684946358023096,0.021350431086967214,10.0,-0.05106518926240744,0.04316315058887232,0.07087736819218993,-0.02778524647562053,0.18823529411764706
LO_n2_m3_close,20241030,8044,927,1834,202409,-14.48,-8.54,-0.011918214704213281,0.006474207359203676,0.04632445516327355,0.21185625373402583,0.032019238002838124,10.0,0.01742037489099557,0.03635891341016606,0.07739241353503568,0.24783926020757052,0.27291452111225545
LO_n2_m3_close,20240205,8054,753,1841,202312,179.13,23.94,-0.015919343960460908,0.08114066595028802,-0.02670378950609964,-0.16959769298581373,-0.015919343960460908,1.0,0.058893805329094606,0.163332646402649,0.04728948965425528,-0.1064676930373668,0.08967391304347827
LO_n2_m3_close,20250912,8059,1140,1842,202507,1543.37,1118.57,0.08539292216375283,0.02213382547322751,-0.03779584507569156,-0.05610768885452766,-0.05777240192533095,4.0,0.055292302788901626,-0.006212463324561823,-0.06448013648468531,-0.08228414772805626,0.1023489932885906
LO_n2_m3_close,20221108,8033,451,1827,202209,-32.28,-12.75,-0.05569881195994464,-0.00492993088252236,-0.013633167638651744,0.044388410735545,0.3199909080129808,10.0,-0.00015168325170566987,0.05360360259497665,0.04438841073554567,0.10582302313175407,0.05263157894736836
LO_n2_m3_close,20260605,8085,1313,1858,202604,-0.76,8.33,-0.0685760500174829,-0.08207494784331648,-0.1360705391466508,-0.13944526360310916,-0.0685760500174829,1.0,0.03335336337683015,0.01837722767571659,-0.0415273151287372,-0.04527134905401564,-0.017006802721088454
LO_n2_m3_close,20230113,8087,498,1860,202212,2194.28,295.09,-0.0226395021922583,-0.019348726105363423,-0.0226395021922583,-0.03909338262673201,-0.03086644240949521,4.0,0.023174271142479608,0.02661930235844756,0.023174271142479608,0.005949115062639843,0.0
LO_n2_m3_close,20260226,8087,1246,1860,202601,883.39,883.39,0.018202578862875685,0.1194443125566278,0.07171606667243013,0.028326752232250785,-0.05700556616676855,6.0,0.03633081468832744,0.1393750718306328,0.09079706489211703,0.04663524040255784,0.15160349854227406
LO_n2_m3_close,20240410,8096,790,1866,202402,117.02,140.95,-0.02375667577552998,-0.020571542580670288,-0.04127490834725778,-0.0922370394650115,-0.1097552720367394,4.0,-0.04968813907524261,-0.046587610980871275,-0.0667410435942839,-0.11634949310422216,0.0658105939004816
LO_n2_m3_close,20251223,8131,1208,1881,202511,46.62,8.44,-0.035107133243122424,-0.024878586952413295,-0.041926164103595176,0.10297824168144842,0.14730194227452031,10.0,-0.04169343267490999,-0.031534705812806485,-0.04846591724964566,0.09544937996348613,0.1116838487972509
LO_n2_m3_close,20260601,8150,1309,1883,202604,32.22,27.09,-0.0814285217502485,-0.1075137158587608,-0.07677045137372862,-0.18763252633490535,-0.0814285217502485,1.0,-0.06384820637704758,-0.09043263865031603,-0.05910098632824978,-0.1720848234896405,0.032863849765258246
LO_n2_m3_close,20260320,8155,1261,1884,202602,28.38,37.97,-0.04390988217209624,-0.09802819072839275,-0.03308622046083676,-0.011438897038318241,-0.09802819072839275,2.0,-0.00783100980123197,-0.06399151868040753,0.0034010919746034762,0.02586529552627348,0.045454545454545414
LO_n2_m3_close,20241122,8171,943,1887,202410,-4.94,20.72,0.03655865481467435,0.007765358847599879,0.10854189473235998,0.03535893414937963,-0.04022346776419039,10.0,0.03530677238132318,0.006548250926286414,0.1072030760189151,0.03410850065403004,0.11729141475211602
LO_n2_m3_close,20260319,8240,1260,1898,202602,-26.53,-17.77,-0.06776068035015093,-0.08274309798738055,-0.0927313764122003,-0.15599047310272585,-0.06776068035015093,1.0,-0.05507715219164944,-0.07026341224571209,-0.0803875856150873,-0.14450735028779682,-0.0134228187919464
LO_n2_m3_close,20260623,8255,1324,1900,202605,-11.62,-7.0,-0.02523748331349096,-0.06751034755754881,-0.12967632438704557,-0.0849168210698078,-0.02523748331349096,1.0,-0.0027429636976484817,-0.04599135557810763,-0.1095919318729005,-0.06379951694064967,0.012531328320801949
LO_n2_m3_close,20260123,8277,1229,1904,202512,-34.77,-16.98,-0.049171384392847406,-0.09326778395723723,-0.07213825916596706,-0.07673163412059092,-0.049171384392847406,1.0,0.011719118084458024,-0.03520118884119805,-0.012718541772654413,-0.017606073744076856,-0.0185185185185186
LO_n2_m3_close,20260604,8277,1312,1904,202604,-58.95,-53.69,-0.09464579644362425,-0.11945002119859338,-0.06984157168865501,-0.18394100556151338,-0.18394100556151338,5.0,-0.012340868847590003,-0.03940002312573809,0.014718285430558087,-0.10975382424892366,-0.04999999999999993
LO_n2_m3_close,20240716,8291,857,1908,202406,28.33,-66.18,-0.05702947212513765,-0.09802819072839264,-0.12672729375067093,-0.09392831886806696,-0.12672729375067093,3.0,-0.05311673134557404,-0.09428556911315789,-0.12310375555046638,-0.09016868533639932,-0.004132231404958553
LO_n2_m3_close,20260724,8291,1346,1908,202606,59.85,189.77,0.09026830212079884,0.09275182900490098,-0.01652335389558901,-0.0065892463591809,-0.01900688077969115,4.0,0.09026830212079884,0.09275182900490098,-0.01652335389558901,-0.0065892463591809,0.20775969962453056
LO_n2_m3_close,20241007,8404,911,1921,202408,25.36,35.21,-0.03297042678261963,-0.0011271652728618298,-0.026266582254249604,-0.027942543386342278,0.17317279246475947,10.0,-0.024733377607003115,0.007381121223962284,-0.017972430484694657,-0.019662667265271883,0.02533783783783794
LO_n2_m3_close,20211116,8427,211,1935,202110,,,-0.005160299195044127,-0.006495654498138048,-0.0038249438919504275,-0.002489588588856395,-0.013172431013607544,8.0,-0.006497449330534755,-0.00783100980123208,-0.005163888859837651,-0.003830328389140214,0.008075370121130687
LO_n2_m3_close,20240419,8438,797,1943,202403,7.46,-6.88,-0.10650721727331669,-0.1186727770986421,-0.10650721727331669,0.004334550024093442,-0.10650721727331669,1.0,-0.11375175334947885,-0.12581867350054488,-0.11375175334947885,-0.0038087030842097747,0.06267029972752036
LO_n2_m3_close,20260105,8438,1215,1943,202511,17.99,11.75,-0.015864766806889974,-0.004818350924110204,0.04237997148413086,0.04237997148413086,0.259291410636898,10.0,0.01495366429519085,0.026346001343402037,0.0750223505493961,0.0750223505493961,0.06275303643724706
LO_n2_m3_close,20220322,8440,292,1944,202202,6.45,9.76,-0.03690092925928501,0.022502819198475743,-0.07860994413388278,-0.1443332402999159,-0.16961143113300559,4.0,-0.006527239774689497,0.05474995147280337,-0.04955165065058864,-0.11734769203079354,0.04713375796178343
LO_n2_m3_close,20220419,8440,310,1944,202203,14.49,11.6,0.009197062112934695,-0.023723876921120657,-0.09524177896061992,-0.0407519488352871,-0.023723876921120657,2.0,0.025625851496168472,-0.007831009801231859,-0.08051315675765325,-0.02513628288609404,0.05949656750572063
LO_n2_m3_close,20240628,8440,845,1944,202405,7.59,5.75,0.09084547036176849,0.19892924173706317,0.22294785759823976,0.15889821530176862,0.09084547036176849,1.0,0.07501411462888385,0.1815292746104613,0.20519931016192317,0.14207921535802548,0.15438596491228074
LO_n2_m3_close,20260115,8476,1223,1959,202512,167.51,-20.3,-0.10604571792191797,-0.025870445986663992,-0.06996684555105381,-0.15815964467983323,-0.10604571792191797,1.0,-0.10964311945945548,-0.029790484433397824,-0.07370943369772964,-0.16154733222639328,0.010101010101010166
LO_n2_m3_close,20231227,8477,726,1960,202311,-27.92,-44.58,-0.02973319501533278,0.020641830977099263,0.03378314210555988,-0.0516353802294337,-0.0976299691790452,7.0,-0.031870346568162455,0.018393721217237813,0.031506086726472704,-0.05372428908355387,0.050772626931567366
LO_n2_m3_close,20250704,8478,1090,1961,202505,-0.92,-23.69,-0.054272962533940206,-0.033162984019072694,-0.02894098831609926,-0.1070479088211087,-0.054272962533940206,1.0,-0.054272962533940206,-0.033162984019072694,-0.02894098831609926,-0.1070479088211087,0.012765957446808418
LO_n2_m3_close,20220822,8480,397,1962,202207,,,-0.006645622716167754,-0.006645622716167754,-0.005460235631103316,-0.004274848546039212,-0.003089461460974996,10.0,-0.007831009801231859,-0.007831009801231859,-0.006647037259228439,-0.005463064717225241,0.0035842293906809264
LO_n2_m3_close,20240604,8455,828,1951,202404,-34.42,-14.24,-0.036946578362369475,-0.07614061296390096,-0.13773123876630755,-0.13773123876630755,-0.07614061296390096,2.0,-0.036946578362369475,-0.07614061296390096,-0.13773123876630755,-0.13773123876630755,0.0
LO_n2_m3_close,20250711,8499,1095,1968,202505,-5.44,13.78,-0.0016428456211979858,0.006608039952180622,0.06023879617914085,0.20050385092657597,0.10561866683272303,10.0,-0.09223101841927461,-0.0847287954310042,-0.035964346007246295,0.09157344479335161,0.22661122661122657
LO_n2_m3_close,20250813,8935,1118,1985,202507,-2.68,-3.32,-0.08737198369902355,-0.02248329446661468,-0.05806741436825824,-0.15854022350231067,-0.08737198369902355,1.0,-0.0554897822561945,0.011665760748525544,-0.025161472512127525,-0.12914424877750041,0.0042194092827005925
LO_n2_m3_close,20221103,9928,448,2017,202209,-1.63,7.61,-0.06688868778925383,-0.09051175898446273,-0.0975986803430251,-0.024367159637878166,0.034690518350143806,10.0,-0.012829342245558206,-0.037821004467189834,-0.04531850313367902,0.032155649753378146,0.01904761904761898
LO_n2_m3_close,20240522,9955,819,2037,202404,77.04,23.26,-0.07502970634855877,-0.09347640736155038,-0.08161781385319866,-0.09611165036340652,-0.07502970634855877,1.0,-0.03263523455620121,-0.05192740936562168,-0.039525296988137115,-0.054683434338396175,-0.03452855245683928
LO_n2_m3_close,20260504,9960,1289,2039,202603,4.39,2.82,-0.021844696103474393,-0.024647433363922944,-0.033055645145268375,-0.020443327473250172,-0.05968164911952922,10.0,0.012476542629736853,0.009575463711027021,0.0008722269548975259,0.013927082089091769,-0.007062146892655385
LO_n2_m3_touch,20260623,1303,1324,35,202605,31.35,13.03,0.0018016988414746304,-0.0046201069203297696,-0.0495727472529599,0.06923065934041994,-0.0495727472529599,3.0,0.06376881423373049,0.056949783373257956,0.009216567349949578,0.13536863826869316,0.09708737864077666
LO_n2_m3_touch,20250219,1235,998,24,202501,58.36,58.36,-0.08293912962001704,-0.1274476450681863,-0.12930216654519322,-0.17195616051635532,-0.08293912962001704,1.0,-0.08720452901713327,-0.13150602811438072,-0.1333519239100992,-0.17580752721162807,0.02336448598130847
LO_n2_m3_touch,20211122,1236,215,25,202110,5.95,6.41,-0.10593311220290791,-0.047963688056463005,-0.09701473925730097,-0.11262189191211325,-0.10593311220290791,1.0,-0.09577326120521368,-0.03714509360255913,-0.08675354311249761,-0.10253804977475078,-0.011235955056179803
LO_n2_m3_touch,20220218,1236,271,25,202201,-13.88,-13.88,-0.03067700628607206,-0.08289642682284915,-0.09431942506526925,-0.07636899925575202,-0.08289642682284915,2.0,-0.03067700628607206,-0.08289642682284915,-0.09431942506526925,-0.07636899925575202,0.0
LO_n2_m3_touch,20250904,1256,1134,27,202507,12.59,-8.55,0.049965242055006964,0.037121630531398386,0.046754339174104986,0.16876864864838725,0.10133968814944172,10.0,0.023467696514186676,0.010948213988019262,0.020337825882644767,0.1392729098812353,0.1779935275080906
LO_n2_m3_touch,20241218,1213,961,10,202411,53187.09,57.87,-0.10585968248554123,-0.04941893154609034,-0.04941893154609034,0.012962951071197493,-0.10585968248554123,1.0,-0.017622151151877596,0.04438841073554545,0.04438841073554545,0.11292640019006561,0.03592814371257491
LO_n2_m3_touch,20250625,1225,1083,17,202505,-0.82,-3.48,-0.09114290974158645,-0.1769794127104366,-0.17445480968194083,-0.19591393542415347,-0.09114290974158645,1.0,-0.07346086518402983,-0.16096733902776028,-0.15839361920882689,-0.1802702376697597,-0.007633587786259444
LO_n2_m3_touch,20260331,1309,1268,40,202602,-43.0,-28.24,0.015843304498522004,0.11699719287019672,0.14067150716995047,0.009386673325861628,-0.0272009033192121,6.0,0.06432673494049679,0.17030842252991052,0.19511264728487987,0.05756194637095957,0.17136659436008683
LO_n2_m3_touch,20260604,1312,1312,42,202604,-5.45,19.97,0.0061432013283282405,-0.046260090407522325,-0.039272984842742,-0.11555757768806474,-0.046260090407522325,2.0,0.0061432013283282405,-0.046260090407522325,-0.039272984842742,-0.11555757768806474,0.01760563380281699
LO_n2_m3_touch,20260828,1312,1371,42,202607,-5.01,13.27,0.09033411997108431,0.09734591495482126,0.06929873501987371,0.023722067625584042,0.006192580166241912,10.0,0.08649491532329878,0.09348202088807911,0.06553359862895869,0.02011741245788845,0.16607773851590113
LO_n2_m3_touch,20260604,1409,1312,61,202604,25.05,2.33,-0.049625674223524374,-0.09868897593665038,-0.09505465729123364,-0.10414045390477533,-0.049625674223524374,1.0,-0.005930302923456532,-0.057249388623392905,-0.05344797486784214,-0.062951509256719,-0.0073260073260073
LO_n2_m3_touch,20220831,1410,404,62,202207,-25.55,-16.89,-0.01998452749854418,-0.04871102387400972,-0.06086454157132182,-0.09401049892762825,-0.04871102387400972,2.0,-0.022162339659658636,-0.05082499937651208,-0.062951509256719,-0.09602380893001139,0.027839643652561197
LO_n2_m3_touch,20230919,1435,658,72,202308,-33.27,-35.89,-0.09191312761468695,-0.12813311682663664,-0.04146385692661414,0.1590396547823938,-0.09191312761468695,1.0,-0.16386238761160243,-0.19721260576954414,-0.11741029803446934,0.06720698105413714,0.1681877444589308
LO_n2_m3_touch,20260408,1449,1272,85,202602,22.19,16.56,0.08839942737523732,0.045261645192682165,-0.004512718864112308,-0.024422464486830053,-0.05428708292090645,10.0,0.020161218762369648,-0.020272000273943713,-0.06692571454661311,-0.0855872002556809,0.1404682274247493
LO_n2_m3_touch,20260410,1449,1274,85,202602,22.19,16.56,-0.05507715219164944,-0.08657458045192779,-0.07397560914781642,-0.09287406610398341,-0.05507715219164944,1.0,-0.06984157168865501,-0.10084685263236648,-0.0884447402548818,-0.1070479088211087,0.019047619047619202
LO_n2_m3_touch,20240412,1453,792,88,202402,101.75,101.75,0.058313589545352595,-0.04623755135731322,-0.06970821564158525,-0.04837124811042881,-0.10384736369143532,6.0,0.02953100238198547,-0.0721766974501058,-0.09500903822873863,-0.07425236479361785,0.09892473118279566
LO_n2_m3_touch,20260127,1471,1231,102,202512,-55.09,-34.37,-0.05862464411174906,-0.13989445900857655,-0.15343942815804779,-0.12973573214647316,-0.05862464411174906,1.0,-0.1102484539507822,-0.18706153706294493,-0.19986371758163868,-0.17745990167392467,0.061433447098976135
LO_n2_m3_touch,20260529,1563,1308,141,202604,5.74,-0.56,0.03976930157262193,0.03828179184218916,0.008531597233530253,-0.02865614602729305,-0.1000566130880739,6.0,0.05720445754411441,0.055692004815152796,0.025442950235921913,-0.012368367988116469,0.08695652173913038
LO_n2_m3_touch,20240409,1587,789,151,202402,-20.74,-9.64,0.04904491957321966,0.03008627644840245,0.13246294932241542,0.23863135082139197,0.18681105961355837,10.0,0.04904491957321966,0.03008627644840245,0.13246294932241542,0.23863135082139197,0.2636942675159235
LO_n2_m3_touch,20260121,1526,1227,124,202512,15.06,6.98,-0.06470693917568371,-0.10683725723083315,-0.018363589315019357,-0.06470693917568371,-0.06470693917568371,1.0,-0.08982844700774173,-0.1308271656109966,-0.044729856544161284,-0.08982844700774173,0.027600849256900206
LO_n2_m3_touch,20260603,1528,1311,126,202604,1.23,17.74,-0.06277196365588689,-0.10155381343564329,-0.15972658810527784,-0.18234933381013574,-0.06277196365588689,1.0,-0.0566262060405156,-0.09566236303194253,-0.15421659851908298,-0.17698769009741522,-0.006514657980456029
LO_n2_m3_touch,20230414,1529,550,127,202303,513.9,297.63,0.09138588921864499,0.13487822851502917,0.14846958454514958,0.04925268552527262,0.14167390653008938,10.0,0.06228226550614768,0.10461480908796172,0.1178437289572789,0.021272613911265337,0.23287671232876717
LO_n2_m3_touch,20260527,1591,1306,154,202604,510.66,743.74,-0.09194968505721435,-0.1329305781306418,-0.0951850187209059,-0.06714546030224522,-0.09194968505721435,1.0,-0.06344586351192516,-0.10571315233205214,-0.06678275473456674,-0.037863030805006304,-0.023913043478260954
LO_n2_m3_touch,20260728,1591,1348,154,202606,126.96,417.23,-0.04599135557810763,-0.11515698229869487,-0.0769966365218191,-0.13185213357607806,-0.04599135557810763,1.0,-0.04599135557810763,-0.11515698229869487,-0.0769966365218191,-0.13185213357607806,0.03485576923076916
LO_n2_m3_touch,20260805,1595,1354,157,202606,27.89,4.55,-0.0173558321071402,-0.041167887871910724,-0.006243539416913801,0.0413805721126268,-0.041167887871910724,2.0,-0.0173558321071402,-0.041167887871910724,-0.006243539416913801,0.0413805721126268,0.0895999999999999
LO_n2_m3_touch,20260414,1597,1276,158,202603,38.54,31.98,-0.04104168729742497,-0.028587683236352746,-0.024436348549328413,-0.05349569135849741,-0.04104168729742497,1.0,-0.01634748182010537,-0.003572773791795214,0.0006854622176417635,-0.029122189848415636,0.03765690376569042
LO_n2_m3_touch,20250618,1616,1078,170,202505,41.31,19.13,-0.007831009801231859,-0.02833507618880693,-0.04542179817845271,-0.05453471657293052,-0.1023775381439389,6.0,-0.021314620087058866,-0.041540035515799434,-0.05839454837308311,-0.06738362189696767,0.027554535017221715
LO_n2_m3_touch,20240422,1617,798,171,202403,-2.75,0.52,-0.09969850889371035,-0.09786115891186087,-0.13277080856700252,-0.12725875862145397,-0.09969850889371035,1.0,-0.06146176602819231,-0.05954638187722949,-0.09593868074552392,-0.09019252829263547,-0.01851851851851849
LO_n2_m3_touch,20260702,1617,1331,171,202605,37.88,23.29,0.09005113272958831,0.18793327526040837,0.09894950932329905,0.04555924976103354,-0.041199922027647884,10.0,0.09005113272958831,0.18793327526040837,0.09894950932329905,0.04555924976103354,0.20852017937219713
LO_n2_m3_touch,20260701,1718,1330,186,202605,9.13,1.48,0.0881853440889715,0.19620374221545012,0.21620714927590923,0.14019420244616487,0.17219965374289936,10.0,0.07091256084946407,0.1772163812279035,0.19690227389057746,0.12209588177241648,0.30645161290322576
LO_n2_m3_touch,20211014,1721,188,188,202109,12.01,-5.05,0.06280885357861576,0.16876864864838703,0.1238160083157569,0.07886336798312654,0.07244156222132214,10.0,0.10575062544037817,0.215991624351352,0.16922271572245395,0.12245380709355591,0.21035598705501624
LO_n2_m3_touch,20240920,1721,902,188,202408,11.1,12.44,0.05149455868487984,0.0392203031360292,0.045357430910454744,0.02490033832903671,-0.03237952089893337,10.0,-0.01927911353429468,-0.030727217267357387,-0.025003165400825922,-0.04408333828926381,0.09484536082474238
LO_n2_m3_touch,20240923,1721,903,188,202408,11.1,12.44,-0.019412748986431527,-0.013621879393831637,-0.056088256406230275,-0.023273328714831343,-0.08697289423342935,9.0,-0.021316801901021032,-0.015537176715397005,-0.057921094743305535,-0.025169885358103494,0.031128404669260812
LO_n2_m3_touch,20240430,1725,804,192,202403,-2.0,1.0,-0.10664458809338573,-0.12479402084092406,-0.1358853408533086,-0.13185213357607806,-0.12479402084092406,2.0,-0.10024388401626572,-0.11852335364121735,-0.12969414063424334,-0.12563203627314312,-0.004065040650406582
LO_n2_m3_touch,20260610,1714,1316,184,202604,71.71,47.62,0.09062850831009617,0.15121898099399056,0.264826117276292,0.45795824895620485,0.4011546808150541,10.0,0.02417444149550274,0.0810730215785862,0.1877578592343676,0.36912208324919615,0.4694656488549618
LO_n2_m3_touch,20260318,1735,1259,200,202602,-44.45,-13.66,5.58661144975936e-05,-0.0866997689585266,-0.14664002591807057,-0.16714590329896728,-0.0866997689585266,2.0,5.58661144975936e-05,-0.0866997689585266,-0.14664002591807057,-0.16714590329896728,0.07631160572337059
LO_n2_m3_touch,20260319,1785,1260,214,202602,62.94,65.49,-0.06550388706401755,-0.11242419398967352,-0.12513177711537204,-0.14272689221249302,-0.11242419398967352,2.0,-0.09233152666983524,-0.13790483913829543,-0.15024761126517006,-0.16733760344084259,0.054187192118226646
LO_n2_m3_touch,20260415,1785,1277,214,202603,95.58,76.61,0.006342832915893215,0.10555973193576995,0.08784242853936353,0.10910319261505141,0.2331243163898975,10.0,0.020927511653804798,0.12158233674643348,0.10360826083703545,0.1251771519283129,0.15357142857142847
LO_n2_m3_touch,20260109,1789,1219,217,202511,-2.12,-4.83,0.0027690862479001765,0.02396927834616447,0.028209316765817283,0.11301008515887445,0.08120979701147801,10.0,0.013598126056192816,0.0350272619136176,0.03931308908510278,0.12502963251480192,0.13888888888888884
LO_n2_m3_touch,20250926,1795,1150,218,202508,-12.48,0.35,0.009677854731687585,-0.005885580408685365,0.027186719264606918,0.08165874225591185,0.09722217739628469,10.0,-0.03570092525625346,-0.05056488016559835,-0.01897897598324072,0.03304486619946645,0.0980392156862746
LO_n2_m3_touch,20260120,1809,1226,225,202512,-4.87,3.41,0.024639975332545916,-0.05112565664626911,-0.08900847263567657,-0.03669410769792336,-0.05112565664626911,2.0,-0.05444297578372448,-0.12436092475746319,-0.15931989924433254,-0.11104322019103674,0.09090909090909083
LO_n2_m3_touch,20221124,1810,463,226,202210,-16.19,-1.66,0.06245889141175964,0.16789374323124728,0.15167299679748014,0.1219349616689065,0.15167299679748014,10.0,0.023418407212902448,0.12497901250883947,0.10935430400177215,0.08070900507214884,0.2561307901907357
LO_n2_m3_touch,20230424,1905,556,232,202303,-3.85,-1.11,-0.0013883540207205725,0.07162841149174293,0.03941513258918539,0.10598924232113749,0.10813679424797473,10.0,-0.01419106743071119,0.0578895857033872,0.026089297555990765,0.09180989306061016,0.1428571428571428
LO_n2_m3_touch,20260515,2066,1298,269,202604,8.61,4.49,-0.051963732594257905,-0.056867368460149614,-0.10426918183043687,-0.05359827788288851,-0.10426918183043687,3.0,-0.022991486731264055,-0.028044979041274676,-0.07689540470471168,-0.024675984167934262,-0.014827018121911117
LO_n2_m3_touch,20240708,2070,851,272,202405,41.44,23.39,-0.10567466454401697,-0.12627332870039287,-0.15287993656904486,-0.11940710731493431,-0.10567466454401697,1.0,-0.10412470729019385,-0.12475907103782868,-0.1514117908785234,-0.11788094978861707,0.03114186851211076
LO_n2_m3_touch,20260807,2070,1356,272,202606,33.17,16.42,-0.012850414473401073,-0.012850414473401073,0.06076752071841307,0.012246608887444888,0.15111680481745782,10.0,-0.004456285344773492,-0.004456285344773492,0.06978765269731113,0.02085414807866459,0.08263069139966284
LO_n2_m3_touch,20261001,2030,1393,255,202608,57.69,20.4,0.011933312712687716,-0.027595332315151655,-0.018371981808655624,-0.06317111284020693,-0.06317111284020693,5.0,-0.001329247086954255,-0.04033982337262021,-0.031237355572631298,-0.07544934202971942,0.055776892430278835
LO_n2_m3_touch,20260225,2103,1245,277,202601,11.57,11.57,-0.022141139467560356,-0.09846183102131179,-0.06268650685549082,-0.08892174457709268,-0.09846183102131179,2.0,-0.012647364122585159,-0.08970903326423707,-0.053586375854087875,-0.08007632462153047,0.028846153846153744
LO_n2_m3_touch,20261005,2033,1395,258,202608,9.66,-5.04,0.027186719264606918,0.03496843683479356,0.015514142909327289,,0.015514142909327289,3.0,0.015242687645251163,0.022933920127412133,0.0037058389220097077,,0.0960784313725489
LO_n2_m3_touch,20240418,2061,796,264,202403,9.8,5.82,-0.10338826910316246,-0.10338826910316246,-0.1664153975789039,-0.20911119428827707,-0.10338826910316246,1.0,-0.08654170213432832,-0.08654170213432832,-0.15075305640606484,-0.19425107059014446,0.05122950819672134
LO_n2_m3_touch,20250903,2243,1133,303,202507,-0.93,-11.66,0.00629239219448019,-0.060793767285151845,-0.053732066287295877,-0.14200332876049593,-0.060793767285151845,2.0,0.013505957729924578,-0.054061106118737046,-0.04694878360835164,-0.1358528149881696,0.039145907473309594
LO_n2_m3_touch,20260313,2243,1256,303,202602,739.37,301.17,0.09074988345569679,0.19887086315684477,0.3038118140432531,0.24021123774845998,0.32607201574643074,10.0,0.009833719994591483,0.10993385550425971,0.20708986938129037,0.14820743672854442,0.32692307692307687
LO_n2_m3_touch,20260318,2243,1259,303,202602,739.37,301.17,-0.046549799662647384,-0.05622949712800118,-0.08042874079138573,0.00426861203046025,-0.08042874079138573,3.0,0.018006724318527567,0.007671630670623708,-0.01816610344913583,0.07226596597002266,0.017073170731707332
LO_n2_m3_touch,20241224,2250,965,306,202411,-15.38,1.23,0.041587369020928966,0.02258030024317481,0.11001281662084406,0.018778886487623936,-0.06485221613449454,7.0,0.014381728785307857,-0.00412888670347511,0.08101994454492667,-0.007831009801231748,0.13026819923371646
LO_n2_m3_touch,20220822,2305,397,312,202207,29.91,-21.05,-0.051531764671324476,0.0423439309755409,0.14593090548242693,0.07633340698561297,-0.051531764671324476,1.0,-0.043731861420266305,0.05091583830264246,0.15535467937619707,0.08518483302990254,0.23817292006525292
LO_n2_m3_touch,20260617,2305,1321,312,202605,97.83,66.25,0.09106165098655361,0.19968145873707255,0.20292384105798367,0.2256205173043606,0.2191357526625386,10.0,0.09106165098655361,0.19968145873707255,0.20292384105798367,0.2256205173043606,0.30718954248366015
LO_n2_m3_touch,20240709,2312,852,314,202405,-3.53,-9.38,-0.009937525703989425,0.08906872172561164,0.16069026241936557,0.11013388075318642,0.006914601518070329,10.0,0.00934940561346509,0.11028434617481175,0.18330111168727514,0.13175986544318352,0.22080679405520165
LO_n2_m3_touch,20260526,2312,1305,314,202604,-3.48,-12.4,-0.07356220540190028,-0.06488072673766099,-0.03387544579394941,0.024414482380228142,-0.07356220540190028,1.0,-0.046138692820489324,-0.03720023344932932,-0.00527716426661462,0.054738205796888595,0.08749999999999991
LO_n2_m3_touch,20250905,2208,1135,290,202507,-10.8,65.92,0.07401794110047732,0.02411004420919105,0.1259221538674149,0.17383373488304943,0.0041468854526767185,10.0,0.02651330139795638,-0.0211871308231385,0.07612175090789464,0.12191416584014547,0.20724346076458744
LO_n2_m3_touch,20260923,2221,1389,292,202608,81.31,29.09,0.026597567145728584,0.1267534273550679,0.2362988994590327,0.17683135745973755,0.20187032251207238,9.0,0.02984629362403779,0.1303191027580901,0.2402112377484602,0.1805555073251166,0.24921135646687698
LO_n2_m3_touch,20220822,2230,397,295,202207,0.49,-20.4,0.09001264494155325,0.0642643147460833,0.1706907462206919,0.16554108018159797,0.13464308394703406,10.0,0.07881388489078378,0.05333009233430852,0.15866310156773955,0.15356634305644445,0.17993079584775096
LO_n2_m3_touch,20260325,2231,1264,296,202602,-16.65,-5.82,0.08756985464095757,0.19251080552736544,0.31176188608010214,0.1543504597504899,0.16389054619470866,10.0,0.05707724189401464,0.15907592312940189,0.2749835154423421,0.12198549358926103,0.3221153846153846
LO_n2_m3_touch,20260702,2233,1331,297,202605,0.95,-2.74,0.09138588921864477,0.049714791630296684,0.00010634212035842694,0.0020906801007556375,-0.13284430256627677,10.0,0.049409508864081575,0.009341145798362094,-0.03835928642273234,-0.03645126913388874,0.1180000000000001
LO_n2_m3_touch,20260804,2327,1353,322,202606,38.91,29.34,0.013204375149978631,-0.0008192148174950287,-0.05340767719552153,0.08156937624141336,-0.05340767719552153,3.0,-0.05678671655446066,-0.06984157168865501,-0.11879727844188359,0.006855702224736637,0.10070671378091878
LO_n2_m3_touch,20260622,2332,1323,327,202605,13.06,7.95,-0.039245331390638794,-0.03400961112573786,-0.05233463205289157,-0.09422039417210093,-0.05233463205289157,3.0,-0.046790525123173055,-0.04159592308024773,-0.05977703023048675,-0.10133384657389066,0.0316622691292876
LO_n2_m3_touch,20260318,2337,1259,328,202602,59.97,55.58,0.08550893004325144,0.10625113889758109,0.026739338289317516,-0.018202114228396793,-0.11499908888193511,6.0,0.11663463413051312,0.13797160166166966,0.05617989279223701,0.00994979647473171,0.18466898954703836
LO_n2_m3_touch,20260911,2338,1381,329,202607,4.41,-3.89,-0.002636407758306536,-0.04211538328454012,0.0534652943052889,0.03892040858509738,-0.021336975112838164,10.0,0.03306098762561538,-0.007831009801231859,0.09117066817955632,0.07610519544334937,0.1413612565445026
LO_n2_m3_touch,20250916,2340,1142,330,202508,-3.34,4.02,0.023833957971069353,0.12586552079292845,0.020315628218591453,-0.02190432881114346,-0.05356929658344467,10.0,0.04231471533516795,0.1461880031177103,0.038732877825425005,-0.004249172291489134,0.19148936170212782
LO_n2_m3_touch,20260602,2353,1310,339,202604,68.39,29.65,0.011989052282644908,-0.08827714414167231,-0.10459954821074735,-0.13841024235383104,-0.08827714414167231,2.0,-0.02136058694030607,-0.11832255643700373,-0.13410706309925702,-0.16680354118535268,0.03877790834312589
LO_n2_m3_touch,20231215,2356,718,342,202311,0.0,-6.02,-0.04370488857907995,-0.07650386346168392,0.004468605779744506,0.03726758066234859,-0.04370488857907995,1.0,-0.025585612783736278,-0.05900604192727377,0.02350064252083439,0.05692107166437199,0.06404958677685957
LO_n2_m3_touch,20230505,2358,564,344,202303,,,-0.03126807256183273,-0.054705135322433596,-0.04689278106890005,-0.03126807256183273,-0.054705135322433596,2.0,-0.03883629074494355,-0.062090251452727174,-0.054338931216799335,-0.03883629074494355,0.03149606299212593
LO_n2_m3_touch,20220103,2359,244,345,202111,9.12,10.99,0.011067447154935017,0.001618218676851635,-0.03617869523548234,-0.009720855496848646,-0.09665375749521699,9.0,-0.05212426829224848,-0.06098291999045169,-0.09641752678326476,-0.07161330202829563,0.08190476190476192
LO_n2_m3_touch,20240325,2359,780,345,202402,10.01,-6.78,0.05578898651685704,0.10274660284687509,0.10729088829816713,0.2072651682265927,0.5223356261828427,10.0,-0.010669833807523177,0.033331938289989926,0.03759017429942668,0.13127136650703597,0.21679389312977104
LO_n2_m3_touch,20240326,2359,781,345,202402,10.01,-6.78,0.036297022761410336,0.04056747752553713,0.03202656799728376,0.24697279112499393,0.5017765920512198,10.0,0.024537623921564666,0.028759619624538102,0.02031562821859123,0.23282274526825653,0.25681492109038717
LO_n2_m3_touch,20240403,2359,787,345,202402,10.01,-6.78,0.08695564346801699,0.019986812353873784,0.035441157995599104,0.06634984927904974,-0.060375784983098146,10.0,0.06810029046908195,0.0022931635681433526,0.017479423622206003,0.04785194373033175,0.20456905503634482
LO_n2_m3_touch,20240425,2359,801,345,202403,-28.2,-16.74,-0.03968964710119238,-0.10340692170111321,-0.07154828440115268,-0.16530370274103634,-0.10340692170111321,2.0,-0.08180852222833301,-0.14273117952123981,-0.11226985087478636,-0.2019131894629207,0.09174311926605494
LO_n2_m3_touch,20240426,2359,802,345,202403,-28.2,-16.74,-0.07366212763432545,-0.0407465687177786,-0.07836435033668931,-0.13196968914363694,-0.07366212763432545,1.0,-0.0992751563633304,-0.06726970506659591,-0.10384736369143532,-0.15597052723183136,0.028436018957346043
LO_n2_m3_touch,20240516,2362,815,347,202404,9.47,3.0,0.013348295408265765,-0.01597689642026945,-0.027381137686921964,0.0035732314654206565,-0.02086442839169189,10.0,0.013348295408265765,-0.01597689642026945,-0.027381137686921964,0.0035732314654206565,0.05254515599343179
LO_n2_m3_touch,20240409,2363,789,348,202402,-12.37,24.78,0.04315000550542414,0.14707284439976154,0.20393628454949342,0.23530921704589702,0.26472134126127544,10.0,0.055667805571489204,0.16083771853255868,0.21838351996408734,0.2501329276504478,0.26877470355731226
LO_n2_m3_touch,20240529,2365,824,350,202404,32.17,28.9,-0.065456986504696,-0.10554462247232266,-0.07172067962463768,-0.17193976954370505,-0.10554462247232266,2.0,-0.048640017110178735,-0.08944902441912517,-0.05501642450220168,-0.15703894277456854,-0.017676767676767735
LO_n2_m3_touch,20240709,2349,852,336,202405,4.39,7.58,-0.10704790882110882,-0.10704790882110882,-0.09877983390278555,-0.09051175898446273,-0.10704790882110882,1.0,-0.00783100980123197,-0.00783100980123197,0.0013557401080159792,0.010542490017263706,-0.03888888888888886
LO_n2_m3_touch,20240408,2374,788,356,202402,20.56,35.82,0.037197003838461695,-6.755917369838382e-05,0.09930460885872905,0.16917566450652965,0.2033348472676766,10.0,0.0011614583878805096,-0.03480841436857007,0.06111124631529874,0.1285547577336439,0.28638497652582173
LO_n2_m3_touch,20260226,2413,1246,381,202601,12.15,12.15,-0.021805220930791958,-0.09516982936098273,-0.17552154335595316,-0.142332791923248,-0.09516982936098273,2.0,0.03659446737184724,-0.04115011768104149,-0.12629894892944293,-0.09112877950075537,0.05457746478873249
LO_n2_m3_touch,20250808,2406,1115,377,202506,-41.85,-42.27,0.0890298150994393,0.15185845827825317,0.11259055629149461,0.22254068185441866,0.2303942622517705,10.0,0.03185574980671868,0.09138588921864499,0.054179552086191185,0.15835729605706184,0.2321899736147759
LO_n2_m3_touch,20240829,2424,887,389,202407,24.9,-0.6,-0.0108932597709811,-0.00578950982139903,-0.004768759831482616,0.0044179900777652215,0.14323998870639953,10.0,-0.00987461225272257,-0.004765606123995569,-0.0037438048982502137,0.00545240613345821,0.08024691358024683
LO_n2_m3_touch,20251211,2424,1200,389,202510,124.18,88.97,0.02822671434432711,-0.05086764829754431,-0.12298309658866224,-0.08343591526772665,-0.05086764829754431,2.0,0.011623284124234079,-0.06619389157763012,-0.13714484589403564,-0.09823625804310365,0.0762016412661195
LO_n2_m3_touch,20240828,2425,886,390,202407,-40.12,-14.78,0.09037861105600653,0.0853422202428149,0.08282402483621909,-0.014126498317721614,-0.04056755008697799,8.0,0.09315311133859172,0.08810390528160084,0.08557930225310506,-0.0116179143439753,0.17766497461928932
LO_n2_m3_touch,20260407,2426,1271,391,202602,-14.78,-7.51,0.0912463436504034,0.20009188687896007,0.3201010755668561,0.47639211199760423,0.49034666882177813,10.0,0.06722991793044941,0.17367996089537896,0.2910479569849169,0.4438993007294314,0.5752461322081577
LO_n2_m3_touch,20260414,2426,1276,391,202603,-14.1,-9.85,-0.07535101669566602,-0.0022043425600289934,0.020302326404782356,0.001546768934105991,-0.07535101669566602,1.0,-0.05934747660001405,0.01506519766489367,0.037961405131018866,0.018881232242581092,0.07939508506616266
LO_n2_m3_touch,20230522,2427,575,392,202304,-2.09,5.88,-0.028079356539982392,-0.03617869523548234,-0.007831009801231859,0.004317998242018284,0.1744041108475214,10.0,-0.03399368094237598,-0.04204373360118929,-0.013868549295342092,-0.0017934703071217362,0.04081632653061229
LO_n2_m3_touch,20231003,2429,667,394,202308,-0.11,4.51,-0.010245046273735015,-0.02231522863625046,-0.06093981219629985,-0.08508017692133063,-0.02231522863625046,2.0,0.011913646720136395,-0.00042676360571891614,-0.03991607664845598,-0.0645968973001666,-0.0024330900243308973
LO_n2_m3_touch,20260424,2429,1284,394,202603,30.01,-7.63,-0.10558164922968183,-0.10884000387729698,-0.13653601838202467,-0.15445696894390692,-0.10558164922968183,1.0,-0.0906497902852692,-0.09396254150463079,-0.12212092686920362,-0.14034105857569157,-0.016420361247947435
LO_n2_m3_touch,20260127,2431,1231,396,202512,-10.08,-7.1,-0.05280184221817297,-0.13993283002599688,-0.11463673679146746,-0.13993283002599688,-0.05280184221817297,1.0,-0.05280184221817297,-0.13993283002599688,-0.11463673679146746,-0.13993283002599688,0.0
LO_n2_m3_touch,20250213,2438,994,401,202501,-10.16,-10.16,-0.08583938249499257,-0.09559042908171256,-0.07608833590827246,-0.08096385920163252,-0.08583938249499257,1.0,-0.05806741436825802,-0.06811469528166325,-0.0480201334548529,-0.05304377391155546,-0.029484029484029506
LO_n2_m3_touch,20251112,2451,1179,410,202509,88.61,36.15,0.09062850831009617,-0.010355612829727523,0.0047920053412460195,0.03256263865469755,-0.07599529157061291,10.0,0.020516675633018622,-0.07397560914781642,-0.05980176643069124,-0.03381638811596155,0.0992366412213741
LO_n2_m3_touch,20260506,2454,1291,412,202603,12.89,-2.71,-0.010723630763910585,0.05002140945234057,0.12233693351930608,0.01097102645617909,-0.0656834290548044,10.0,-0.010723630763910585,0.05002140945234057,0.12233693351930608,0.01097102645617909,0.16180758017492702
LO_n2_m3_touch,20260806,2455,1355,413,202606,23.55,27.65,-0.029167977332388184,0.025508001966199734,-0.019833054037507347,0.02417444149550252,-0.029167977332388184,1.0,-0.04457800943822321,0.00923009717308565,-0.03539125952897548,0.00791770432890715,0.06989247311827951
LO_n2_m3_touch,20260617,2464,1321,421,202605,30.83,15.16,0.02803051996498862,0.03400744159269209,0.02803051996498862,0.01308821589573017,-0.07058868689211795,6.0,0.01579206139397682,0.02169782919277896,0.01579206139397682,0.0010276418969714651,0.12349397590361444
LO_n2_m3_touch,20240219,2465,756,422,202401,67.99,67.99,-0.02389852381254809,-0.03594915932103504,-0.0399660378238641,0.012253382712913208,0.26129984988831234,10.0,0.021597731433477207,0.008985413761459116,0.004781307870786122,0.05943468444953193,0.04048582995951411
LO_n2_m3_touch,20241224,2466,965,423,202411,29.14,3.22,0.09008040370522541,0.06886626411215957,0.1390361104584541,0.14229982424200283,0.4001332131423405,10.0,0.055364467281492136,0.03482593722960692,0.10276107509353527,0.10592084894767151,0.18092105263157898
LO_n2_m3_touch,20260707,2466,1334,423,202605,-33.25,-25.24,0.03824163229223143,0.05538494097817126,0.07681407683559605,0.23753259576628194,0.23753259576628194,10.0,0.037121630531398386,0.05424644589620975,0.07565246510222412,0.23619760914733234,0.24730021598272156
LO_n2_m3_touch,20250326,2468,1022,425,202502,40.49,47.06,0.007967859469449223,-0.09156501693584129,-0.1816185717787232,-0.17845879792458685,-0.09156501693584129,2.0,0.009575463711027243,-0.09011615731372946,-0.18031333824089035,-0.17714852487502497,0.04458598726114649
LO_n2_m3_touch,20260115,2485,1223,437,202512,128.98,-0.05,-0.03769108884962147,0.013885411324869645,0.00031264812105624706,-0.0607647862961046,0.10753747743118303,10.0,-0.07684013904077869,-0.027361895435065953,-0.04038248585762194,-0.098975142759124,0.050615595075239384
LO_n2_m3_touch,20260226,2489,1246,440,202601,9.34,9.34,0.09113534149384717,0.009707330934604519,0.03977305791032504,0.09364081874182384,-0.1130610542162529,7.0,0.05259341103913151,-0.02595833605334108,0.0030453859500334524,0.05501038787274615,0.20959595959595956
LO_n2_m3_touch,20260410,2489,1274,440,202602,6.96,8.2,0.04473423471261029,0.0009298642844084437,-0.0746326747042394,-0.022067430190397475,-0.15676586925711766,10.0,0.005875894420430239,-0.036299195492376035,-0.1090512255919669,-0.05844111769659943,0.09933774834437092
LO_n2_m3_touch,20260526,2489,1305,440,202604,14.27,10.74,-0.027021899360202273,-0.07883730116942245,-0.05005096683096688,-0.08267547908121653,-0.027021899360202273,1.0,-0.05267480596840779,-0.10312407665648093,-0.07509670405199587,-0.10686105967041226,0.029013539651837617
LO_n2_m3_touch,20260605,2491,1313,441,202604,0.72,-13.64,-0.10647605349534583,-0.11076496843856798,-0.15508375618519887,-0.10504641518093827,-0.10647605349534583,1.0,-0.00783100980123208,-0.01259342095418603,-0.06180500286804491,-0.0062435394169139125,-0.09365994236311248
LO_n2_m3_touch,20260807,2491,1356,441,202606,7.62,-7.12,0.09060465379329163,0.06873006188339748,0.07810488698763773,0.07497994528622431,0.2187272635512425,10.0,-0.00783100980123197,-0.027731247426995176,-0.01920257415881088,-0.02204546524820561,0.12913385826771662
LO_n2_m3_touch,20260415,2472,1277,427,202603,9.31,9.24,-0.021497249335650337,0.008568477640070071,0.00036873391941893985,0.005835229733186287,-0.05976272003202143,6.0,-0.002257026710227761,0.028399880290296053,0.02003890565378974,0.02561288874479395,0.0826446280991735
LO_n2_m3_touch,20260525,2478,1304,431,202604,11.58,9.67,-0.016099084719555123,-0.007831009801231859,0.05004551462702955,0.19060278823852173,0.2567473875851063,10.0,-0.016099084719555123,-0.007831009801231859,0.05004551462702955,0.19060278823852173,0.27083333333333326
LO_n2_m3_touch,20260623,2481,1324,433,202605,13.66,11.27,-0.00013977731907099944,-0.01552224228339305,-0.1026895437478842,-0.06423338133707923,-0.1026895437478842,3.0,0.03738848841158049,0.02142866551294076,-0.06901033091268416,-0.029110773666084833,0.054263565891472965
LO_n2_m3_touch,20220512,2482,326,434,202203,-10.22,-32.74,0.08806636471612106,0.19502882090855334,0.2319124264921506,0.48640930501897217,0.43846061776029566,10.0,0.04532090038798775,0.14808126008714595,0.1835158668799588,0.4280146537503695,0.4981412639405205
LO_n2_m3_touch,20260616,2493,1320,443,202605,24.9,4.92,-0.011799685762027057,0.08543287527745225,0.06360515749307938,0.05169912961069412,0.258070279572038,10.0,0.006313965619117123,0.10532879356156033,0.08310097504386915,0.07097671039785558,0.1459999999999999
LO_n2_m3_touch,20250819,2498,1122,447,202507,-36.58,-2.71,-0.04457800943822332,0.049914275342611614,0.06741284659832192,0.030665846961330345,0.23539913065313978,10.0,-0.03949597757353296,0.05549892574337045,0.07309057450575995,0.03614811210474178,0.1358024691358024
LO_n2_m3_touch,20240226,2718,761,511,202401,1139.8,1139.8,-0.025745172124265303,0.004571102576252706,0.0004370651170910733,0.05417955208619096,0.13823831375580875,10.0,-0.018932201299959428,0.011596075321541388,0.007433128509518383,0.061551437065814785,0.0625
LO_n2_m3_touch,20250815,2718,1120,511,202507,-86.16,-41.19,0.007381121223962284,0.002310410882230718,-0.007831009801231859,-0.007831009801231859,-0.008015733485755683,9.0,-0.00783100980123197,-0.012825149013641957,-0.022813427438461598,-0.022813427438461598,0.022146507666098714
LO_n2_m3_touch,20230224,2739,520,523,202301,48.43,48.43,0.0013557401080159792,0.10057263912789272,0.1483437386559816,0.18509073829297296,0.03994008972685714,10.0,-0.030946057959984508,0.06507029593021874,0.11130039224772426,0.1468620047996514,0.20370370370370372
LO_n2_m3_touch,20240709,2756,852,533,202405,-37.4,-13.17,-0.1057010730878073,-0.15508504997552897,-0.1658597358419407,-0.1658597358419407,-0.1057010730878073,1.0,-0.1057010730878073,-0.15508504997552897,-0.1658597358419407,-0.1658597358419407,0.004524886877828038
LO_n2_m3_touch,20220519,2929,331,583,202204,-16.94,-15.4,0.08927489136715816,0.13149484839689296,0.09771888277310503,0.1990467796444686,0.26659871089204445,10.0,0.03635465372988733,0.07652343875817769,0.04438841073554545,0.14079349480344172,0.25106382978723407
LO_n2_m3_touch,20220304,2936,280,584,202201,,,-0.009112881881592205,-0.01039475396195233,-0.01039475396195233,-0.007831009801231859,-0.006549137720871845,10.0,-0.00783100980123197,-0.00911454018958735,-0.00911454018958735,-0.006547479412876256,0.02067183462532296
LO_n2_m3_touch,20211223,2939,238,587,202111,-29.15,-39.06,-0.010441980828070796,-0.020885864935426213,-0.03263523455620132,-0.09529853920033382,-0.0548284882843314,4.0,-0.023293383674459545,-0.03360163292327789,-0.04519841332819874,-0.1070479088211087,0.03421052631578947
LO_n2_m3_touch,20230710,3018,608,606,202305,-67.58,-61.79,0.033509364790383245,-0.06570753422949338,-0.07397560914781665,-0.04090330947452425,-0.06570753422949338,2.0,0.12746476158950903,0.019228144476916453,0.010208426384200164,0.04628729875506443,0.04166666666666674
LO_n2_m3_touch,20240704,3018,849,606,202405,38.04,-31.69,0.01327896871363543,0.04705493433742336,0.04705493433742336,0.07027591070377759,0.1357168440998664,10.0,0.11531877118362677,0.15249606355641432,0.15249606355641432,0.1780554520627058,0.0957446808510638
LO_n2_m3_touch,20260602,3021,1310,608,202604,7.17,4.51,0.09029559362502004,-0.018733965737482094,-0.11686056916373389,-0.23679308446248604,-0.11686056916373389,3.0,-0.007831009801231859,-0.1070479088211087,-0.19634311793899784,-0.3054817068608623,0.098901098901099
LO_n2_m3_touch,20260526,3025,1305,612,202604,76.45,47.6,-0.02797657305399881,-0.049381234010063446,-0.061972211043042735,-0.09219055592219316,-0.08715416510900142,4.0,-0.04135862273660962,-0.06246860125147702,-0.07488623567198727,-0.10468855828121193,0.013959390862944288
LO_n2_m3_touch,20260327,3026,1266,613,202602,-2.29,10.18,-0.03411363205815299,-0.09653485991834032,-0.06696690987930431,-0.0012603542370017706,0.5079654519908428,10.0,-0.03090470724771488,-0.0935333146024544,-0.06386713217126205,0.0020577176758320714,0.0066225165562914245
LO_n2_m3_touch,20260616,3026,1320,613,202605,21.34,12.26,0.09077719658662109,0.09808150817090633,0.09906171929179086,-0.024689934719882345,-0.05532153224752412,6.0,0.07106435568445324,0.07823666163769727,0.07919915809977063,-0.04231602023699288,0.1165644171779141
LO_n2_m3_touch,20260908,3026,1378,613,202607,37.04,18.62,0.0067792430664874725,0.06654845934352172,-0.011815624219700949,-0.0357233107305146,-0.029082286699733118,4.0,-0.02959471668301128,0.02801509565111071,-0.04751776940918262,-0.07056169434283133,0.10575635876840694
LO_n2_m3_touch,20230919,3036,658,623,202308,11.6,-2.3,0.09029559362501982,0.12300446143377064,0.0466837698800191,0.035780813943768974,0.21567958689189726,10.0,0.035667004382847756,0.06673701451433334,-0.005759675792466279,-0.016116345836294732,0.13736263736263732
LO_n2_m3_touch,20250623,3040,1081,626,202505,-0.76,-0.36,0.015052624239596302,0.036301712991793744,0.03793625828042435,0.1541851192078323,0.029632768214181038,10.0,-0.029705601711125906,-0.00939348065193868,-0.00783100980123197,0.10329191710103025,0.15321252059308077
LO_n2_m3_touch,20260813,3044,1360,630,202607,56.54,34.71,-0.021861682389901493,-0.031883591381808074,-0.020859491490710647,-0.02687263688585484,-0.031883591381808074,2.0,-0.015897424355693635,-0.0259804425487703,-0.014889122536385746,-0.020938933452231967,0.02020202020202011
LO_n2_m3_touch,20211012,3046,186,632,202108,7.31,39.17,-0.04118122795917378,-0.04951878249865915,-0.053687559768402005,-0.0870377779263437,-0.04118122795917378,1.0,-0.012126113654906345,-0.020716321362254986,-0.025011425215929473,-0.05937225604532392,-0.008403361344537785
LO_n2_m3_touch,20211123,3046,216,632,202110,112.12,56.87,-0.00783100980123197,0.09084519767085264,0.08138309558448831,0.11517631732150346,0.17059720097020836,10.0,-0.015875623235275915,0.0820005068789269,0.07261512453920882,0.10613434718105896,0.15258855585831044
LO_n2_m3_touch,20220711,3046,367,632,202205,65.25,34.17,-0.0737558596483261,-0.037497192232424426,-0.04738591970948869,-0.07870022338685834,-0.0737558596483261,1.0,-0.045207238884062195,-0.00783100980123197,-0.018024526823822162,-0.05030399739535729,-0.0033222591362126463
LO_n2_m3_touch,20240605,3048,829,634,202404,14.4,4.93,-0.013557814939464174,-0.07512097017546282,-0.12809391770411283,0.05230044415020885,-0.07512097017546282,2.0,-0.023422236790069717,-0.08436976047370837,-0.13681297852707175,0.04177743970870651,0.06060606060606055
LO_n2_m3_touch,20260522,3048,1303,634,202604,22.18,18.56,-0.023812255280943773,-0.027807566650871474,-0.06776068035015081,-0.04112527121729814,-0.06776068035015081,3.0,-0.0805817069333794,-0.08434467402642132,-0.12197434495684245,-0.09688789766989514,0.09932885906040267
LO_n2_m3_touch,20260303,3054,1248,639,202601,121.86,121.86,0.09072882366222168,0.07627338142091511,0.18271800156144513,0.4297746507765028,1.294472923029204,10.0,0.12040851954418708,0.10555973193577017,0.214900804325022,0.46868008345069345,0.44105960264900657
LO_n2_m3_touch,20260413,3054,1275,639,202603,1091.19,643.65,-0.027069743683202585,-0.08478594532911432,0.005910942971604216,0.01415611463530575,-0.027069743683202585,1.0,-0.05456844540951855,-0.11065336813946236,-0.02251991813526477,-0.014507786316701576,0.08587257617728539
LO_n2_m3_touch,20260422,3055,1282,640,202603,19.32,26.42,-0.04544879142014269,-0.07248657195873454,-0.10187546384850843,-0.06660879358077987,-0.04544879142014269,1.0,-0.0792671770955432,-0.10534704769505354,-0.13369473312930402,-0.09967751060820351,0.03672985781990512
LO_n2_m3_touch,20250515,3057,1055,642,202504,-17.95,-7.44,0.08961415887900426,0.03203292284068304,0.0098862935951749,0.09847281057720769,-0.007831009801231859,10.0,0.01697321495373716,-0.03676927201536273,-0.05743945931117034,0.025241289872060202,0.12053571428571441
LO_n2_m3_touch,20250918,3060,1144,645,202508,-6.35,10.24,-0.0660757480922527,0.026312457472814854,0.04037153223271628,0.008236504210084261,-0.0660757480922527,1.0,-0.07357714770596946,0.018068983918816395,0.0320151343834576,0.00013821903570621075,0.13765182186234837
LO_n2_m3_touch,20251111,3060,1178,645,202509,-31.13,5.01,0.04031583894324875,-0.002672418864323345,0.0076447630094940155,-0.014709131050443691,-0.09036846479177085,8.0,0.02784629977783326,-0.01462668781629195,-0.004433170793701979,-0.026519124342647138,0.11611785095320637
LO_n2_m3_touch,20211222,3064,237,647,202111,-45.11,-30.62,0.04467932672739372,-0.052050240562179884,-0.0492865386396204,-0.0050673078786726,,,0.04467932672739372,-0.052050240562179884,-0.0492865386396204,-0.0050673078786726,0.058495821727019504
LO_n2_m3_touch,20240524,3064,821,647,202404,6.92,54.48,-0.10567624662267727,-0.18431821266608184,-0.18431821266608184,-0.2227247542221632,-0.18431821266608184,2.0,-0.10567624662267727,-0.18431821266608184,-0.18431821266608184,-0.2227247542221632,0.0
LO_n2_m3_touch,20250512,3064,1052,647,202503,25.06,-35.5,-0.04936366520490121,-0.055516651190629984,-0.05859314418349437,-0.09858755309073153,-0.04936366520490121,1.0,0.020233670453974284,0.013630216276278695,0.0103284891874309,-0.03259396296759065,-0.03875968992248058
LO_n2_m3_touch,20220805,3066,386,648,202206,-50.42,-32.85,-0.026391994311752986,-0.007831009801231859,-0.021329907627065436,-0.0365161676811282,0.11872115731595789,10.0,-0.024733377607003115,-0.006140773020654855,-0.01966266726527177,-0.0348747982904658,0.08843537414965996
LO_n2_m3_touch,20250815,3071,1120,650,202507,-16.51,-7.25,0.03922838894337355,0.013737881290045717,-0.03528232573558521,-0.011752626363282448,-0.03528232573558521,3.0,0.023053628025967,-0.0020401402086320797,-0.050297386813630496,-0.02713390844323127,0.09090909090909083
LO_n2_m3_touch,20230628,3073,600,651,202305,-73.8,-46.43,0.000516565837459737,-0.03406624752283405,-0.04837637718916232,0.03986942241986258,-0.03406624752283405,2.0,-0.018361105216077145,-0.05229141266391246,-0.06633153988370633,0.02024924463835598,0.08173076923076916
LO_n2_m3_touch,20240709,3073,852,651,202405,-33.18,-13.4,-0.061420384271844486,0.031978239805508846,0.13456361379210957,0.175903988383725,-0.061420384271844486,1.0,0.03435304590449806,0.13728214182647935,0.2503354111178353,0.2958941912800237,0.382716049382716
LO_n2_m3_touch,20260806,3081,1355,653,202606,128.13,110.95,-0.03707388530182709,0.05900984848584301,0.036033303449660936,0.11331804584409144,0.16135991273792638,10.0,-0.054979536194974976,0.03931751659251126,0.01676822136072098,0.09261585077674273,0.19789473684210535
LO_n2_m3_touch,20240924,3085,904,655,202408,22.56,-32.75,-0.01013837954588015,-0.023982598013770118,-0.017060488779825023,-0.03321207699236328,-0.017060488779825023,10.0,-0.0541322293438411,-0.06736114921315817,-0.06074668927849958,-0.07618042912603606,0.04651162790697683
LO_n2_m3_touch,20260119,3085,1225,655,202512,-35.95,5.58,-0.10542140227979924,-0.10867441536241829,-0.11192742844503711,-0.11192742844503711,-0.10542140227979924,1.0,-0.06238325668501299,-0.06579277211524936,-0.06920228754548563,-0.06920228754548563,-0.013114754098360604
LO_n2_m3_touch,20240607,3122,831,668,202404,2.7,6.18,0.014600636933696842,-0.02508612267425403,-0.06132185970760018,0.01977717079560337,-0.04234123554727598,10.0,0.00585407971875096,-0.033490552651200156,-0.06941391264115537,0.010985988288744863,0.0678260869565217
LO_n2_m3_touch,20250627,3122,1085,668,202505,-20.58,-0.48,0.048500929202727416,-0.013282487769357032,0.08484411565689465,0.033963654621060435,0.048500929202727416,10.0,0.025952522123098953,-0.034502219215177266,0.06151413467502609,0.011727877102328144,0.16849816849816834
LO_n2_m3_touch,20250630,3122,1086,668,202505,-20.58,-0.48,-0.06629504041953038,0.02655959644482575,0.02655959644482575,-0.006111479488929206,-0.00095288855202047,10.0,-0.06467402486470308,0.028341817966431426,0.028341817966431426,-0.0043859785852640165,0.10571923743500866
LO_n2_m3_touch,20250415,3093,1034,661,202503,390.95,175.51,-0.036506414142236765,-0.0059193161784983905,0.011285926426104709,-0.046064882255905104,0.0017274583124362586,10.0,-0.017577267072339642,0.01361075619520502,0.031154019283199164,-0.027323524343447314,0.05587668593448947
LO_n2_m3_touch,20240613,3095,834,663,202405,51.21,55.33,-0.10498089009152811,-0.14218722722398192,-0.05640594994638015,-0.07604262787739724,-0.10498089009152811,1.0,-0.08593793030624153,-0.12393589163300267,-0.03632948079630305,-0.05638396038542692,0.04583333333333339
LO_n2_m3_touch,20250825,3095,1126,663,202507,0.79,-1.34,-0.0012385248165225349,-0.050682162201843184,-0.09023707211009979,-0.07705210214068092,-0.050682162201843184,2.0,-0.07783066248396708,-0.12348260988575088,-0.16000416780717797,-0.1478303151667023,0.08471760797342176
LO_n2_m3_touch,20230714,3191,612,692,202306,20.04,-6.42,0.012925663633888806,0.021228333007937028,0.017076998320912917,0.18313038580187846,0.42805913233630233,10.0,-0.00783100980123197,0.00030152290531537673,-0.0037647434479581854,0.1588859106829874,0.2343096234309625
LO_n2_m3_touch,20250829,3219,1130,702,202507,23.47,39.2,-0.08132500907521467,-0.09418645894816169,-0.04457800943822321,-0.04457800943822321,-0.08132500907521467,1.0,-0.08555853437901562,-0.09836071489770937,-0.0489808757541762,-0.0489808757541762,0.004629629629629539
LO_n2_m3_touch,20260313,3167,1256,684,202602,123.01,121.23,-0.06753900280935243,-0.15900656656647327,-0.1132727846879128,-0.12343584732759294,-0.15900656656647327,2.0,-0.006477436826881622,-0.1039346909801031,-0.055206063903492364,-0.0660346476982947,-0.02688860435339313
LO_n2_m3_touch,20260806,3167,1355,684,202606,139.66,127.28,-0.0275336564151083,-0.07819760485078997,-0.10634424287061317,-0.05145829873195806,-0.10634424287061317,3.0,-0.054360314169174195,-0.10362663644111292,-0.130996815481079,-0.07762496635314542,0.04397163120567371
LO_n2_m3_touch,20240308,3171,769,687,202401,19.9,19.9,-0.00940089744395145,0.0015883160550853592,-0.08318561665177149,-0.09103505486536922,-0.08318561665177149,3.0,-0.00940089744395145,0.0015883160550853592,-0.08318561665177149,-0.09103505486536922,0.10126582278481
LO_n2_m3_touch,20260526,3189,1305,691,202604,26.75,28.26,0.0007221711487575,-0.02921396217620542,0.03921148542370956,0.05916890764035143,0.017828533048736217,10.0,-0.04062998468383594,-0.06932908770611435,-0.003731137940906515,0.015401597407278977,0.11781609195402298
LO_n2_m3_touch,20260805,3189,1354,691,202606,32.26,29.79,0.02212578338109794,-0.013822368437698018,0.0017551640171136196,0.02811714201756388,0.017332696471925146,10.0,0.037157044901408476,0.0006802437911594961,0.016486857605600758,0.04323651175311638,0.04347826086956519
LO_n2_m3_touch,20260421,3229,1281,708,202603,73.03,45.78,0.06571251373102194,0.030946484424865472,-0.00515669985460443,0.013563469771787462,0.14193034720990294,10.0,0.048751571867928556,0.014538848067971122,-0.02098974972429246,-0.0025675138320077062,0.15902964959568733
LO_n2_m3_touch,20260526,3236,1305,713,202604,38.29,24.96,-0.029992860097768026,-0.08795462241178531,-0.0623832566850131,-0.0623832566850131,-0.08795462241178531,2.0,-0.08054697813827527,-0.13548793199293008,-0.11124927588058242,-0.11124927588058242,0.06529209621993126
LO_n2_m3_touch,20221103,3272,448,722,202209,134.59,42.45,0.03709002715658638,0.025371495776286057,0.0019344330156849665,0.03904311571996999,0.09372959549470505,10.0,0.009275352098746747,-0.0021288891679056565,-0.024937371701210798,0.011176058976522407,0.09842519685039375
LO_n2_m3_touch,20231121,3285,700,725,202310,-22.18,-8.14,0.023391091288939014,-0.004361887457879687,-0.05813328377984095,-0.07547889549660258,-0.05813328377984095,3.0,0.026981937223286234,-0.0008684203963281734,-0.05482848828433151,-0.0722349617965905,0.10314685314685312
LO_n2_m3_touch,20260616,3285,1320,725,202605,216.75,71.32,0.007267213962662389,0.10432722387341142,0.09354277832777269,-0.04665501376553138,0.08707211100038936,10.0,0.020579115468776887,0.11892185678803813,0.10799488553034253,-0.03405574081970142,0.16304347826086962
LO_n2_m3_touch,20250429,3287,1044,726,202503,6.72,-2.78,-0.04979911242352253,-0.025048692928325567,-0.12189816051822688,-0.09929995141391645,-0.04979911242352253,1.0,-0.05695886076909351,-0.032394935285162796,-0.12851464370054388,-0.10608671173695494,0.05314533622559647
LO_n2_m3_touch,20211202,3294,223,731,202110,-15.05,10.18,0.0028211112591844945,0.10173366396304928,0.10629885870322764,0.10021193238298953,0.04238613234073019,10.0,-0.009334296150017907,0.08837931652107289,0.09288917556743082,0.08687603017228662,0.22546012269938664
LO_n2_m3_touch,20240624,3297,841,733,202405,52.57,27.83,0.09138588921864477,0.19946143993672494,0.14630952974750522,0.1604833724646304,0.2632437321637886,10.0,0.08557033385868773,0.19306999354274623,0.14020130845222556,0.15429962447636436,0.25714285714285734
LO_n2_m3_touch,20230718,3305,614,735,202306,-26.4,-39.53,-0.02501142521592925,-0.04362354191518458,0.050868742865650685,0.04084683387374399,-0.04362354191518458,2.0,-0.06157349677033208,-0.0794876590933653,0.011461165008188612,0.0018150776034784322,0.13708513708513714
LO_n2_m3_touch,20211217,3308,234,737,202111,37.69,6.22,-0.06984157168865501,-0.11531598373943197,-0.028501197097039688,-0.00783100980123208,-0.11531598373943197,2.0,-0.06984157168865501,-0.11531598373943197,-0.028501197097039688,-0.00783100980123208,0.07499999999999996
LO_n2_m3_touch,20220504,3308,320,737,202203,-10.16,-0.06,-0.08238706108784455,0.009374232803371019,0.0007716115010696356,-0.07951952065374401,-0.08238706108784455,1.0,-0.08238706108784455,0.009374232803371019,0.0007716115010696356,-0.07951952065374401,0.01734104046242768
LO_n2_m3_touch,20240530,3312,825,740,202404,34.85,24.89,-0.06603086676819858,0.026811762202914924,-0.034159516524383426,-0.07157371028886206,-0.02168811860289055,10.0,-0.11427562994176199,-0.026228845381076837,-0.0840506143463029,-0.11953215439314624,0.0600558659217878
LO_n2_m3_touch,20260604,3312,1312,740,202604,20.8,4.82,-0.0850900705134311,-0.1759033524032091,-0.15557202063684084,-0.2165660159359456,-0.0850900705134311,1.0,-0.07113166659616021,-0.16333044931920804,-0.1426889307991227,-0.20461348635937882,-0.015027322404371657
LO_n2_m3_touch,20240221,3313,758,741,202401,110060.0,110060.0,0.008523424103143551,0.10937576651345782,0.21840532587595995,0.29472601742971105,0.37922392593565046,10.0,-0.018442442851485996,0.07971331286336536,0.1858276433659074,0.2601076747176867,0.30494505494505497
LO_n2_m3_touch,20251211,3313,1200,741,202510,-70.91,-77.6,-0.06512952291301477,-0.06512952291301477,-0.09528663507711099,-0.10433376872633993,-0.06512952291301477,1.0,-0.04776350785876737,-0.04776350785876737,-0.07848081405687157,-0.08769600591630289,-0.01823708206686936
LO_n2_m3_touch,20220728,3321,380,743,202206,-9.53,-4.32,0.037081989755090916,0.012583989997096756,-0.02008000968022905,-0.08132500907521478,-0.08132500907521478,5.0,0.06784289623087747,0.042618260886841064,0.008985413761458894,-0.05407617459863223,0.04526748971193406
LO_n2_m3_touch,20211223,3322,238,744,202111,38.13,41.31,-0.002663462977279929,0.012839177494575749,0.005949115062639843,-0.014721072233167765,-0.07500911851260672,8.0,-0.002663462977279929,0.012839177494575749,0.005949115062639843,-0.014721072233167765,0.10416666666666674
LO_n2_m3_touch,20260326,3339,1265,750,202602,31.82,51.28,0.04417784855596141,0.04684496949735584,-0.023833735449599214,0.04417784855596141,-0.023833735449599214,3.0,0.055527607779395804,0.05822371916580571,-0.013223232574051225,0.055527607779395804,0.13709677419354827
LO_n2_m3_touch,20260602,3346,1310,751,202604,-15.07,-16.68,0.0029534357444069848,0.10217033476428372,0.15177878427422198,0.0698169981273673,0.0676601090182396,10.0,0.01620832696569874,0.11673646253649905,0.1670005303218991,0.08395554876341182,0.17391304347826098
LO_n2_m3_touch,20250207,3349,990,752,202412,61.52,17.18,-0.014401665365462168,-0.03630385057956298,-0.08010822100776471,-0.027542976493922677,-0.08010822100776471,3.0,-0.06984157168865501,-0.09051175898446273,-0.13185213357607806,-0.08224368406613969,0.0860927152317883
LO_n2_m3_touch,20240305,3372,766,759,202401,61.95,61.95,-0.046460540157331476,-0.07695753780688386,-0.15828286487235665,-0.12981900039944116,-0.07695753780688386,2.0,-0.028544349888888876,-0.059614360020374346,-0.14246772037100208,-0.11346904424828241,-0.008196721311475419
LO_n2_m3_touch,20240605,3372,829,759,202404,39.07,32.85,-0.06352448742153716,-0.05733632324150317,-0.09859075110839577,-0.10477891528842964,-0.06352448742153716,1.0,-0.033380425857852614,-0.02699307184369737,-0.06957543193806515,-0.07596278595222028,0.012474012474012586
LO_n2_m3_touch,20240605,3379,829,763,202404,203.7,30.84,-0.05537244058158963,-0.10911492755068952,-0.15252232087188566,-0.00783100980123208,-0.05537244058158963,1.0,-0.02699307184369737,-0.08235013996637541,-0.12706161806546157,0.02197664226482532,0.03333333333333344
LO_n2_m3_touch,20211116,3419,211,772,202110,29.61,18.44,0.03904311571996999,0.056620912790420475,0.07419870986087096,0.09372959549470505,0.18161858084695814,10.0,0.07941493412217726,0.09767571308289069,0.11593649204360412,0.13622624644439707,0.19291338582677175
LO_n2_m3_touch,20221107,3432,450,775,202209,-22.48,-48.57,-0.02161113466510378,-0.014721072233167876,-0.03309457205166355,-0.0009409473692961745,0.05188286460887892,10.0,-0.04805407697145225,-0.041350232443082224,-0.05922715118540234,-0.027942543386342167,0.0532407407407407
LO_n2_m3_touch,20260318,3437,1259,777,202602,-32.46,-24.28,0.09138588921864477,0.05831358954535237,-0.023264749648768457,0.000988270111645928,-0.023264749648768457,3.0,0.09138588921864477,0.05831358954535237,-0.023264749648768457,0.000988270111645928,0.18666666666666654
LO_n2_m3_touch,20260409,3455,1273,785,202602,-40.43,-25.98,0.04339510654055245,0.02452232683568445,-0.007831009801231859,0.0029534357444069848,0.1539356733833499,10.0,-0.04958069503236817,-0.066771741892248,-0.09624210793775578,-0.08641865258925319,0.09782608695652173
LO_n2_m3_touch,20260916,3467,1384,788,202608,49.8,26.48,0.018497496921920042,0.07254022124838921,0.07254022124838921,0.19863991134348402,0.01434036428142238,10.0,0.0017090766429872506,0.05486098683220697,0.05486098683220697,0.17888211060705284,0.24022346368715097
LO_n2_m3_touch,20230718,3483,614,791,202306,-2.03,-2.43,0.043150005505423916,0.0823661711259287,0.18824981830129128,0.15687688580488768,0.17743047253734745,10.0,-0.036799447471269064,-0.0005889003837227236,0.09717957675265221,0.06821113908261522,0.3162055335968379
LO_n2_m3_touch,20260806,3491,1355,796,202606,89.37,69.53,-0.0923491089663121,-0.0923491089663121,-0.06295150925671911,-0.011505709764931038,-0.0923491089663121,1.0,-0.0923491089663121,-0.0923491089663121,-0.06295150925671911,-0.011505709764931038,0.06666666666666665
LO_n2_m3_touch,20240704,3492,849,797,202405,6.56,15.74,0.009800426211993285,0.11078046883319259,0.006594710573224916,-0.01584529889815256,-0.05912246002152355,6.0,-0.029399900892509545,0.0676601090182396,-0.03248117104840642,-0.054050062139683885,0.11954765751211638
LO_n2_m3_touch,20260312,3498,1255,799,202601,28.17,28.17,-0.017280238279315574,0.012417336937518453,-0.003781340453481996,0.013767226720101888,0.016467006285268537,10.0,-0.017280238279315574,0.012417336937518453,-0.003781340453481996,0.013767226720101888,0.05170068027210872
LO_n2_m3_touch,20260204,3508,1237,803,202512,18.63,27.53,0.09107680230581039,0.08180419492077506,0.0076233358404933504,0.08180419492077506,0.2363476513380287,10.0,0.03010486335342688,0.021350431086967214,-0.04868502704471056,0.021350431086967214,0.1838006230529594
LO_n2_m3_touch,20260604,3511,1312,804,202604,-9.98,-1.81,-0.06295150925671888,-0.10521055883925912,-0.08867440900261303,-0.13460815854885222,-0.06295150925671888,1.0,-0.05946805761826801,-0.10188420403940501,-0.08528658152678625,-0.1313910885062829,0.020370370370370372
LO_n2_m3_touch,20240219,3516,756,807,202401,167.35,167.35,-0.06971265160157092,0.023109811098937394,0.12418315937282443,-0.009893731194576705,-0.06971265160157092,1.0,-0.051974121653295735,0.042618260886841064,0.1456188552083233,0.008985413761458894,0.158004158004158
LO_n2_m3_touch,20260515,3516,1298,807,202604,27.0,30.5,0.02682991562055914,0.01599837642624946,-0.003498394123507942,0.0008342215542158637,0.00516683723193978,10.0,0.03360022275651886,0.022697266820268736,0.0030719461350183774,0.007433128509518383,0.050218340611353884
LO_n2_m3_touch,20230717,3518,613,808,202306,-4.58,-33.15,-0.10704790882110882,-0.1424010567477315,-0.14696275325439245,-0.13897978436773573,-0.10704790882110882,1.0,-0.1453593846802692,-0.1791957308806671,-0.18356171103555718,-0.17592124576449952,0.10000000000000009
LO_n2_m3_touch,20240712,3535,855,821,202405,520.0,3.21,-0.00256052379751992,0.029062392224751488,0.038285742731247296,-0.09742927186433437,-0.021007224810511538,10.0,-0.043220476967557375,-0.012886647967849885,-0.0040392811762686165,-0.13422196396668007,0.09827357237715817
LO_n2_m3_touch,20240529,3537,824,823,202404,-7.22,2.59,-0.04326561659404515,-0.021696725502767467,0.0014128006664584358,-0.10026911447813569,-0.04326561659404515,1.0,-0.040285135648855275,-0.018649051750439627,0.004532466712148242,-0.09746621452323889,0.02329192546583858
LO_n2_m3_touch,20260525,3537,1304,823,202604,-6.08,2.66,-0.1061424090908103,-0.1307202589132045,-0.04405099901318177,0.023214695237582017,-0.1061424090908103,1.0,-0.09909491165920015,-0.12386654216350557,-0.036513950385164695,0.0312820909950402,0.10430247718383301
LO_n2_m3_touch,20240605,3540,829,824,202404,-15.04,-3.85,-0.019572654655655275,-0.04012053315089614,-0.07534546771416595,-0.047948296387178235,-0.04012053315089614,2.0,-0.04408333828926381,-0.06411751982212366,-0.09846183102131167,-0.07174958897749861,0.035502958579881616
LO_n2_m3_touch,20240827,3550,885,830,202407,-4.94,-10.28,0.09071399148261872,0.11982956004375644,0.10415194620314394,0.12206921916384394,-0.04590521484271948,10.0,0.10316506444474904,0.13261300251000918,0.116756420474869,0.13487822851502917,0.182844243792325
LO_n2_m3_touch,20260622,3550,1323,830,202605,36.57,25.39,-0.03270432710426496,-0.0050673078786726,-0.08936021651672932,-0.15845276458071045,-0.03270432710426496,1.0,-0.042043733601189404,-0.014673554561223545,-0.09815260063311959,-0.16657804823303468,0.07242339832869082
LO_n2_m3_touch,20250814,3555,1119,833,202507,1270.04,210.1,-0.00783100980123197,-0.027608464755360274,0.03831638509173407,0.026779536368492396,-0.04079343472477914,10.0,0.05714288867196182,0.03607027295092591,0.10631232535437851,0.09401996618377417,0.15116279069767424
LO_n2_m3_touch,20260409,3555,1273,833,202602,4102.22,3938.88,0.08998846810568883,0.19898731491625776,0.23252542162720213,0.3219603728563867,0.27444805501588254,10.0,0.08998846810568883,0.19898731491625776,0.23252542162720213,0.3219603728563867,0.3323943661971831
LO_n2_m3_touch,20260525,3555,1304,833,202604,2832.48,3831.74,0.03041104977816378,-0.052446745977193676,-0.09918704101867737,-0.10343615874972134,-0.052446745977193676,2.0,0.019495678488140822,-0.06248438637997766,-0.10872955117737793,-0.11293365706805059,0.06638115631691655
LO_n2_m3_touch,20240927,3529,907,816,202408,9.44,21.24,-0.031760874128846095,0.008735819348654639,0.10445527665911092,0.0915699650980879,0.18176714602524857,10.0,-0.04417419625539931,-0.004196691155815335,0.09029559362501982,0.07757547836606116,0.13729128014842296
LO_n2_m3_touch,20240506,3564,807,838,202403,-8.75,-16.58,-0.029213962176205532,-0.009256539959563437,0.08910504096531446,-0.05202244470951045,-0.05202244470951045,5.0,-0.029213962176205532,-0.009256539959563437,0.08910504096531446,-0.05202244470951045,0.1451149425287357
LO_n2_m3_touch,20260707,3564,1334,838,202605,16.62,11.36,0.09138588921864499,0.05247730136771289,0.0194050016944205,0.009677854731687585,-0.023394444941604586,6.0,0.06834319290116864,0.030256091549968556,-0.0021179445985518575,-0.011639719936351933,0.20196078431372544
LO_n2_m3_touch,20251007,3581,1155,844,202508,22.31,1.81,-0.052929600264812304,-0.024367159637877944,-0.03789673677695227,-0.03789673677695227,-0.0829953272405326,10.0,-0.009403385379993856,0.020471750616482653,0.00632037040762512,0.00632037040762512,0.0060606060606061
LO_n2_m3_touch,20260423,3581,1283,844,202603,39.67,13.63,0.03324605030253869,-0.033109200634321545,-0.05838739146741112,0.1343588136348972,0.48509371144401614,10.0,-0.05959634842029815,-0.11998924347587536,-0.14299606063990467,0.032430920235819505,0.1433121019108281
LO_n2_m3_touch,20260506,3581,1291,844,202603,39.67,13.63,-0.04387133636828111,-0.0035909713815789335,0.0027690862479001765,-0.04599135557810763,-0.1095919318729005,7.0,0.0078112940982981716,0.05026897611130865,0.05697282063967868,0.005576679255508088,0.02564102564102555
LO_n2_m3_touch,20260526,3581,1305,844,202604,47.69,20.29,-0.1070479088211087,-0.14956943697248448,-0.16197154934996905,-0.21512345953918888,-0.1070479088211087,1.0,-0.10545049899789061,-0.14804809428370536,-0.1604723929087346,-0.21371938701600313,-0.0017857142857142794
LO_n2_m3_touch,20240710,3593,853,850,202405,7.95,-2.78,0.09037861105600653,0.05764207077026029,-0.012867400614423485,-0.012867400614423485,-0.05567672252655309,4.0,0.032714357586698384,0.0017090766429868065,-0.0650715284665454,-0.0650715284665454,0.09898477157360408
LO_n2_m3_touch,20220614,3663,348,875,202205,63.08,2.45,0.02417444149550252,-0.012195389523513733,-0.029652908412641565,-0.04420084082024833,-0.03983646109796635,4.0,0.02117977938586635,-0.01508370709800666,-0.03249018061026565,-0.04699557520381503,0.06451612903225801
LO_n2_m3_touch,20260312,3663,1255,875,202601,157.9,157.9,0.011301725546953856,-0.005097761894348296,-0.018764001428766552,0.018134845314162984,-0.006464385847789855,10.0,-0.006488426593926455,-0.022599425081592628,-0.03602525715464766,0.0002244894426011168,0.0881542699724518
LO_n2_m3_touch,20260106,3623,1216,861,202511,9.58,10.23,-0.06168228722978342,-0.10084685263236637,-0.011094723584780475,0.04112469695199672,-0.06168228722978342,1.0,-0.06168228722978342,-0.10084685263236637,-0.011094723584780475,0.04112469695199672,0.12335526315789469
LO_n2_m3_touch,20251028,3628,1168,864,202509,71.43,21.1,-0.045676631076855045,-0.05999659588384754,-0.05283661348035129,-0.0006710273977356129,-0.1070479088211087,10.0,-0.02042998110534322,-0.035128780960139716,-0.027779381032741468,0.025766247009731735,0.12371134020618557
LO_n2_m3_touch,20260828,3629,1371,865,202607,972.81,4456.31,0.0047920053412460195,0.009841211398237348,0.0047920053412460195,-0.00025720071574497627,0.007316608369741795,10.0,0.0047920053412460195,0.009841211398237348,0.0047920053412460195,-0.00025720071574497627,0.01781170483460559
LO_n2_m3_touch,20251013,3631,1158,867,202509,-37.62,-12.48,-0.03889021297267148,-0.030262656536160448,-0.02508612267425403,-0.0803024838679246,-0.0803024838679246,5.0,-0.01490529850140132,-0.006062437626189521,-0.0007567211010625075,-0.057351030702418315,0.03826086956521735
LO_n2_m3_touch,20260108,3669,1218,879,202511,0.08,-7.58,-0.0002955491161780177,0.014775372253929886,0.026078563281510814,0.02482265316733523,-0.024157841285515236,9.0,0.011224732648168034,0.026469326607688304,0.037902772077328395,0.036632389247368335,0.1240506329113924
LO_n2_m3_touch,20260416,3673,1278,881,202603,23.59,30.52,0.04583895019489992,0.032784095060705676,0.012476542629736853,-0.105017153578012,-0.105017153578012,5.0,0.03674469845407491,0.023803363799308475,0.0036723987807827374,-0.11279961311211606,0.09941520467836251
LO_n2_m3_touch,20260623,3675,1324,882,202605,24.41,14.47,-0.08021146363166942,-0.14145646302665515,-0.19936082609100525,-0.15815964467983312,-0.08021146363166942,1.0,-0.02899101196186904,-0.09364657411937183,-0.15477546925010155,-0.11127990925323616,-0.012345679012345734
LO_n2_m3_touch,20260225,3684,1245,886,202601,30.66,30.66,0.014718285430558309,0.05380373049899445,-0.0003145780573020618,-0.09351833168203472,-0.060446032008742434,4.0,0.004069068042231727,0.04274432103348791,-0.010806029262097838,-0.10303163254893988,0.10151515151515156
LO_n2_m3_touch,20211022,3685,194,887,202109,27.81,61.92,-0.00044880005272918133,0.02169782919277896,-0.025548313197638728,-0.062459361940152336,-0.062459361940152336,5.0,-0.026524048747005757,-0.004955157655728182,-0.05096879198378712,-0.08691694380258308,0.09672619047619047
LO_n2_m3_touch,20211116,3685,211,887,202110,90.76,65.63,-0.01266496346846091,-0.05496205805671528,-0.07913182639286076,-0.021124382386111806,-0.05496205805671528,2.0,-0.0210119988014571,-0.062951509256719,-0.08691694380258308,-0.029399900892509545,0.11571254567600486
LO_n2_m3_touch,20220808,3685,387,887,202206,82.27,19.72,-0.028330369102859354,-0.04472985654416117,-0.0734289595664398,-0.05976272003202132,-0.026963745149417462,10.0,-0.01613367917528019,-0.032739017923376745,-0.06179836073254574,-0.04796057844246515,0.03581267217630857
LO_n2_m3_touch,20250825,3685,1126,887,202507,16.99,-4.64,0.04134354656430461,0.04423616752698356,0.14837052218341396,0.24671963491448712,0.47523669096609855,10.0,0.0205166756330184,0.023351444176443747,0.1254031117397456,0.22178524221619722,0.2565597667638486
LO_n2_m3_touch,20240701,3686,846,888,202405,157.83,244.22,0.09120903200114072,0.0346147223997848,0.06998616590063245,0.0381518667498697,0.09651474852626762,10.0,0.11913759954778769,0.06109480670252143,0.09737155223081295,0.06472248125535085,0.12299465240641716
LO_n2_m3_touch,20250819,3691,1122,891,202507,-12.48,-39.74,-0.1070479088211087,-0.14754460229860933,-0.15361910632023457,-0.17487987039592245,-0.1070479088211087,1.0,-0.09877131889257107,-0.1396433679223863,-0.14577417527685876,-0.1672320010175118,0.0
LO_n2_m3_touch,20251028,3693,1168,892,202509,-15.47,-5.96,0.014340364281422158,0.026811762202914924,0.05452597980623253,-0.011988142441729521,-0.06880228852853054,10.0,-0.03164306556600227,-0.01973703768361723,0.006720802055016684,-0.05677801331770449,0.07821229050279332
LO_n2_m3_touch,20260109,3693,1219,892,202511,-40.54,-11.78,0.09023220434632062,0.055621658176596256,0.07004271908064807,0.031105854639708053,-0.04532576815176681,8.0,0.0654541997020861,0.03163025685440091,0.045723566374269664,0.00767163067062393,0.14534883720930236
LO_n2_m3_touch,20241104,3701,929,894,202409,-7.92,1.04,0.020387675926833104,0.12197494454786728,0.14003490341382885,0.04296262450928512,-0.06088213896999439,8.0,0.003267077337456792,0.10314986158565476,0.12090680100755669,0.025463251614834093,0.1740614334470989
LO_n2_m3_touch,20261006,3701,1396,894,202608,6.45,-17.63,0.022285418231783094,0.05407498115552101,,,0.05407498115552101,2.0,-0.05278866716961361,-0.023333650273087647,,,0.09443507588532896
LO_n2_m3_touch,20230718,3706,614,899,202306,-29.13,-21.67,0.005949115062640065,-0.07870022338685811,-0.02948549173017323,-0.049171384392847295,-0.07870022338685811,2.0,-0.03244588932906389,-0.11386433699804688,-0.06652803021375442,-0.08546255292747151,0.08730158730158721
LO_n2_m3_touch,20241112,3706,935,899,202409,32.74,36.94,-0.009391023936764387,0.08888986660179254,0.0670496687043356,0.14193034720990294,0.29949177489870094,10.0,-0.027735634604602155,0.0687252394425002,0.04728948965425528,0.12078348892823798,0.15094339622641506
LO_n2_m3_touch,20250428,3709,1043,902,202503,101.89,57.9,-0.0395722262059397,-0.06107434054461269,-0.03445267517292239,-0.04981132827197443,-0.06926562219744048,6.0,-0.009942007652718687,-0.03210748509332939,-0.004664513024001837,-0.020496996910152387,0.0010319917440659854
LO_n2_m3_touch,20220119,3710,256,903,202112,-7.14,-5.51,-0.05743945931117023,-0.1495694369724846,-0.14602597629320313,-0.2168951898788294,-0.1495694369724846,2.0,-0.007831009801231859,-0.10480993365524693,-0.10107997504547706,-0.17567914724087308,-0.03928571428571437
LO_n2_m3_touch,20260804,3711,1353,904,202606,32.86,22.02,0.005737113141657257,0.009129143877379509,-0.007831009801231859,0.06679366638465845,0.01591320534882401,10.0,-0.05103836905182346,-0.04783782392214997,-0.06384054957051721,0.006571443282298528,0.09572649572649583
LO_n2_m3_touch,20260422,3712,1282,905,202603,107.41,-19.22,-0.040437502436872164,-0.07537303026077247,-0.04509557281339238,-0.03810846724861228,-0.040437502436872164,1.0,-0.040437502436872164,-0.07537303026077247,-0.04509557281339238,-0.03810846724861228,0.032863849765258246
LO_n2_m3_touch,20221212,3713,475,906,202210,425.07,80.29,-0.07243736265138423,-0.040134186226308044,0.05523709655248821,-0.08320508812640948,-0.07243736265138423,1.0,-0.06810295780396092,-0.03564883195633761,0.06016811102235953,-0.07892099975316857,0.06356589147286806
LO_n2_m3_touch,20260416,3714,1278,907,202603,-6.5,-6.85,0.01697321495373738,0.010445787386640148,-0.03916266212329844,-0.08616014060639787,-0.1305466480626586,6.0,0.005071057691599989,-0.00137997605481599,-0.05040783252757719,-0.09685527550177175,0.05921052631578938
LO_n2_m3_touch,20220711,4148,367,940,202205,58.95,61.39,-0.051204517569484076,-0.058433435530859446,-0.058433435530859446,-0.07289127145361018,-0.051204517569484076,1.0,-0.06146176602819242,-0.06861253352512042,-0.06861253352512042,-0.08291406851897665,0.012750455373406355
LO_n2_m3_touch,20250110,4109,977,918,202411,-2.24,54.01,-0.0200548577297589,-0.06283832547960311,-0.10562179322944731,-0.12192025713414989,-0.06283832547960311,2.0,-0.026054521866107128,-0.06857605001748301,-0.11109757816885879,-0.12729625555985902,0.05749486652977409
LO_n2_m3_touch,20240522,4111,819,919,202404,7.46,2.99,-0.09089632060857056,-0.08166684162997717,-0.09243456710500275,-0.109355278565757,-0.09089632060857056,1.0,-0.09089632060857056,-0.08166684162997717,-0.09243456710500275,-0.109355278565757,0.0
LO_n2_m3_touch,20220429,4116,318,922,202203,77.7,85.48,0.09008040370522541,0.056355361275223226,0.16188210694329408,0.2619693296387837,-0.011094723584780586,10.0,0.08060144367300603,0.047169662481525876,0.15177878427422198,0.25099568329409894,0.3771929824561402
LO_n2_m3_touch,20240320,4127,777,928,202402,-8.26,4.17,0.07345512433553458,0.1786489449831148,0.29579660888610193,0.5659534664582964,0.5157473247855877,10.0,0.048197356704110295,0.15091602863057108,0.2653072769123115,0.5291075025416307,0.5783132530120483
LO_n2_m3_touch,20240327,4127,782,928,202402,-8.26,4.17,-0.10629052791256,-0.10629052791256,-0.07599529157061291,-0.039641007960276364,-0.10629052791256,1.0,-0.06786671302981984,-0.06786671302981984,-0.03626897448845767,0.0016483117611767462,-0.032061068702290085
LO_n2_m3_touch,20260522,4127,1303,928,202604,66.79,69.33,0.08996625155381333,0.07419249972235442,0.05210924715831222,0.08838887637066772,0.0868115011875219,10.0,-0.00783100980123197,-0.022189461178927616,-0.04229129310770119,-0.009266854939001368,0.18918918918918926
LO_n2_m3_touch,20220824,4128,399,929,202207,-17.83,-2.17,0.0007098997270214014,0.07188414579579949,0.04626141721103938,0.11458869343706635,0.0903894497736819,10.0,-0.002153361788649666,0.06881723836862985,0.04326782231200932,0.1113995984629974,0.16499282639885227
LO_n2_m3_touch,20250613,4128,1075,929,202505,10.41,10.35,-0.09123575853948218,-0.12946293504451356,-0.15031412222907603,-0.18506610087001352,-0.09123575853948218,1.0,-0.06503714977665642,-0.10436637100976076,-0.12581867350054488,-0.1615725109851851,-0.024518388791593626
LO_n2_m3_touch,20250918,4130,1144,931,202508,,,-0.012080127532275942,-0.0184538041288419,-0.02907659845645172,-0.022702921859885872,-0.02907659845645172,3.0,-0.016293005453246967,-0.0226395021922583,-0.033216996757277184,-0.026870500018265853,0.004282655246252487
LO_n2_m3_touch,20241220,4131,963,932,202411,-52.71,-2.5,-0.043988771834714724,-0.06423711857346504,-0.08737808627489396,-0.08593177579355471,-0.043988771834714724,1.0,-0.043988771834714724,-0.06423711857346504,-0.08737808627489396,-0.08593177579355471,0.0
LO_n2_m3_touch,20261002,4174,1394,957,202608,-23.43,-20.51,0.09138588921864477,0.2000520167166051,0.2307620092703766,,0.2685589231827106,4.0,0.018626829937401723,0.1200485489354981,0.14871120865235143,,0.2928571428571427
LO_n2_m3_touch,20250206,4154,989,943,202412,-82.91,-85.19,-0.0605549658021326,-0.029399900892509545,0.011341337835459209,0.10480653256432859,0.016134424744632003,10.0,-0.022788331261514694,0.00961919856909832,0.05199827603990004,0.14922086553173908,0.12077294685990347
LO_n2_m3_touch,20260327,4154,1266,943,202602,44.34,-9.69,-0.011149300738351409,-0.04765050104666735,-0.031059046361069265,-0.06092366479514577,-0.04765050104666735,2.0,-0.00783100980123197,-0.044454697358904616,-0.027807566650871585,-0.05777240192533095,-0.0033444816053510573
LO_n2_m3_touch,20251216,4157,1203,945,202511,30.75,-75.78,-0.05490472101504207,-0.11284159635511615,-0.10197843222885228,-0.1200837057726254,-0.05490472101504207,1.0,-0.06175323752942585,-0.11927028043949928,-0.10848583489386054,-0.12645991080325847,0.007299270072992803
LO_n2_m3_touch,20220927,4304,422,969,202208,55.19,-2.11,-0.10704790882110882,-0.19563442580314172,-0.27359056074733057,-0.2913078641437371,-0.10704790882110882,1.0,-0.019503586156511488,-0.11677505578384173,-0.20237394905589234,-0.22182824298135828,-0.08571428571428563
LO_n2_m3_touch,20251110,4304,1177,969,202509,-3.13,-5.15,-0.03983646109796635,-0.1358528149881697,-0.2222675334893528,-0.06064000444084372,-0.1358528149881697,2.0,-0.0855585343790155,-0.17700268094111393,-0.2593024128470025,-0.10537143280080341,0.04999999999999982
LO_n2_m3_touch,20260824,4304,1367,969,202607,-23.03,4.52,-0.06367541825519629,-0.020861371773823523,-0.0822902210731844,-0.05809097740979974,-0.06367541825519629,1.0,-0.06367541825519629,-0.020861371773823523,-0.0822902210731844,-0.05809097740979974,0.03752345215759845
LO_n2_m3_touch,20260828,4188,1371,961,202607,56.54,-3.69,-0.08769600591630289,-0.10612638963516541,-0.10919812025497588,-0.11226985087478636,-0.1368436958332696,4.0,0.009158185236418204,-0.01122884880876196,-0.01462668781629195,-0.018024526823822162,-0.05882352941176472
LO_n2_m3_touch,20220223,4192,274,963,202201,122.26,122.26,-0.10619782523097532,-0.07462329188315642,-0.07462329188315642,-0.07098007649686966,-0.10619782523097532,1.0,-0.06619389157763023,-0.033206175790970294,-0.033206175790970294,-0.029399900892509545,-0.04039167686658507
LO_n2_m3_touch,20220823,4192,398,963,202207,89.06,133.04,-0.055814221495712024,-0.024857310725079573,0.004551754507021277,0.027769437584995504,-0.055814221495712024,1.0,-0.055814221495712024,-0.024857310725079573,0.004551754507021277,0.027769437584995504,0.057722308892355745
LO_n2_m3_touch,20240410,4192,790,963,202402,-14.41,13.12,-0.038221771663176196,-0.07040022539935242,-0.10883560069534082,-0.14280174630574893,-0.10883560069534082,3.0,0.046641013190072966,0.011623284124234301,-0.03020344781551787,-0.06716660627390325,0.04144144144144146
LO_n2_m3_touch,20240403,4198,787,965,202402,38.67,28.46,0.09099832320684831,0.15300888509427124,0.038676911614335285,0.021236441083497537,-0.07953072198356492,7.0,-0.0025158187823099976,0.05417955208619096,-0.050352537952607634,-0.06629811100937355,0.208984375
LO_n2_m3_touch,20240506,4303,807,968,202403,28.49,-8.44,-0.0777260761210764,-0.0726118029757219,-0.1254592921443849,-0.1834210544584023,-0.0777260761210764,1.0,-0.05830978298678313,-0.05308784093310548,-0.10704790882110882,-0.1662299187627897,-0.003436426116838587
LO_n2_m3_touch,20231122,4419,701,979,202310,61.3,74.65,-0.06546091974998303,-0.0514428335462328,-0.09661222242498357,-0.003158314399981932,-0.06546091974998303,1.0,-0.06251748957596714,-0.048455251919606646,-0.09376690659010156,-1.8655547698309682e-05,0.0047095761381474865
LO_n2_m3_touch,20231201,4420,708,980,202310,-27.61,-30.01,-0.007831009801231859,-0.04049500947855755,-0.02008000968022905,-0.03437050953905907,-0.04049500947855755,2.0,-0.03945392582350338,-0.07107684184577501,-0.05131251933185532,-0.06514754509159904,0.03292181069958855
LO_n2_m3_touch,20220721,4432,375,984,202206,176.59,40.02,0.007551455163090193,-0.01744505040393307,-0.08474333462284178,0.10561466931064278,-0.08474333462284178,3.0,0.011471888840767441,-0.013621879393831637,-0.08118202464082946,0.10991667191496446,0.11434108527131781
LO_n2_m3_touch,20260515,4432,1298,984,202604,13.32,-2.99,-0.03634161296786331,-0.03634161296786331,-0.04204373360118929,-0.022086311384547752,-0.03634161296786331,1.0,-0.03634161296786331,-0.03634161296786331,-0.04204373360118929,-0.022086311384547752,0.00287356321839094
LO_n2_m3_touch,20240618,4502,837,991,202405,1.38,15.36,-0.02426754427741651,-0.01380793142893555,-0.03173869631204573,-0.06909445648519208,-0.02426754427741651,1.0,-0.018354014242734085,-0.00783100980123208,-0.025870445986664214,-0.06345260470631453,0.028614457831325213
LO_n2_m3_touch,20230419,4510,553,994,202303,-23.6,-27.5,-0.07306011296308856,0.01963387574060249,0.005901432969685372,-0.024996563264878535,-0.07306011296308856,1.0,-0.07306011296308856,0.01963387574060249,0.005901432969685372,-0.024996563264878535,0.10034602076124566
LO_n2_m3_touch,20240709,4510,852,994,202405,-30.06,-10.49,0.09138588921864499,0.12763821770667683,0.12954623499552076,0.1657985634835526,0.10855804481823905,10.0,0.0470860929772976,0.08186692473703316,0.08369749482965072,0.11847832658938606,0.25384615384615383
LO_n2_m3_touch,20260313,4513,1256,995,202602,184.38,113.6,-0.02349683596226504,-0.02349683596226504,-0.041773633150137046,-0.044384604176975984,-0.041773633150137046,3.0,-0.02349683596226504,-0.02349683596226504,-0.041773633150137046,-0.044384604176975984,0.018421052631579116
LO_n2_m3_touch,20260224,4523,1244,996,202601,342.69,342.69,0.008242420084167756,0.017009745476204152,0.024315849969567482,-0.05020641586274055,-0.05020641586274055,5.0,0.005281355708003144,0.014022932714159664,0.021307580219290134,-0.05299582433304062,0.0898379970544918
LO_n2_m3_touch,20240117,4529,740,1000,202312,177.96,70.49,-0.07225756760634672,-0.03360163292327778,-0.04004428870378929,-0.01749499347199912,0.22410459829718143,10.0,-0.04112527121729803,-0.0011721575180186905,-0.00783100980123197,0.01547497319001434,0.009740259740259827
LO_n2_m3_touch,20230904,4542,647,1010,202307,77.64,28.14,0.09122611965500571,0.19986942292958898,0.21424868365710736,0.02891598983575938,0.1072030760189151,10.0,0.10908579428111076,0.2195072203588786,0.23412182086917133,0.04575585873650834,0.28019323671497576
LO_n2_m3_touch,20260506,4542,1291,1010,202603,32.55,12.92,-0.08908622882613104,-0.16178826690104076,-0.1682031526135328,-0.06556498121366017,-0.08908622882613104,1.0,-0.0459052148427197,-0.12205362492569505,-0.12877260228595755,-0.021268964521756972,-0.010775862068965525
LO_n2_m3_touch,20260702,4542,1331,1010,202605,57.55,20.22,0.017474044146451817,-0.08374617164428322,-0.14911756100913298,-0.22925023184346494,-0.08374617164428322,2.0,-0.003701274150040512,-0.10281492977863738,-0.16682583237210624,-0.2452908097447456,0.05632306057385761
LO_n2_m3_touch,20250509,4545,1051,1012,202503,12.77,11.43,-0.05181879754403451,-0.06648139345830184,-0.03104678666548888,-0.06159386148687951,-0.05181879754403451,1.0,-0.05646674461489709,-0.07105746505899646,-0.035796557319089484,-0.06619389157763012,0.004926108374384119
LO_n2_m3_touch,20250806,4577,1113,1033,202506,12.45,29.06,0.040567477525537354,0.06476672118892202,0.10199632682489823,0.13922593246087445,0.3048976775409691,10.0,0.01579206139397682,0.03941513258918561,0.07575831904335306,0.11210150549752029,0.1782363977485928
LO_n2_m3_touch,20230613,4533,591,1003,202305,100.66,49.5,0.0902454650919795,0.1974453329985133,0.1472666714252422,0.1677943057052167,0.35026216597165694,10.0,0.037761000689302104,0.13980026226335496,0.09203720365422385,0.11157663672159579,0.21609195402298842
LO_n2_m3_touch,20240705,4534,850,1004,202405,14.9,14.84,-0.10263463654180627,-0.10263463654180627,-0.07321282134645557,-0.08465463836686982,-0.10263463654180627,1.0,-0.06408801440013112,-0.06408801440013112,-0.03340237552800429,-0.04533567953383144,-0.02471169686985175
LO_n2_m3_touch,20260127,4534,1231,1004,202512,21.52,-2.7,0.018331661339912264,0.004244069186988275,-0.04003122043648599,-0.0903440495540706,-0.04003122043648599,3.0,0.024566344980768706,0.0103925022636433,-0.0341538605616073,-0.08477472740848324,0.06896551724137945
LO_n2_m3_touch,20230619,4538,595,1007,202305,1.41,-8.29,-0.07992633434854712,-0.0970918878121938,-0.14000577147131,-0.17605343374496774,-0.07992633434854712,1.0,-0.07512595000601785,-0.09238106287904002,-0.13551884506159517,-0.17175458209494143,-0.00519031141868509
LO_n2_m3_touch,20260116,4556,1224,1019,202512,0.9,-3.03,-0.07003596216479113,-0.09180769549203671,-0.07625645740114706,-0.12291017167381635,-0.07003596216479113,1.0,-0.05971940390037522,-0.08173266200304197,-0.06600890621542288,-0.11318017357828036,-0.01097178683385569
LO_n2_m3_touch,20260616,4556,1320,1019,202605,1.56,7.7,0.09063989749669088,0.14733526836519206,0.1697150200238109,0.0652761789502565,0.09362386438450665,10.0,0.08411888166711412,0.14047526676061706,0.16272120824489433,0.05890681465160008,0.2616541353383459
LO_n2_m3_touch,20260813,4556,1360,1019,202607,67.43,16.56,-0.0678632369309703,-0.07550370220202796,-0.15190835491260413,-0.18356171103555718,-0.0678632369309703,1.0,-0.06374329543674262,-0.07141753072004797,-0.14815988355310183,-0.17995314401250995,-0.004400440044004417
LO_n2_m3_touch,20240509,4562,810,1024,202403,15.37,-10.24,0.09044096637083654,0.11311911471823688,0.09611050345768657,0.13390741737002076,0.13390741737002076,10.0,0.029642998821383326,0.05105671803430645,0.03499642862461427,0.07068596064615273,0.21523809523809523
LO_n2_m3_touch,20240510,4562,811,1024,202403,15.37,-10.24,0.01280335394640253,-0.002672418864323345,0.06782832394009519,-0.00095288855202047,0.09190174831233566,10.0,-0.014523549364124033,-0.029581763380631454,0.039016767139013586,-0.027908628489908494,0.10571923743500866
LO_n2_m3_touch,20240530,4562,825,1024,202404,-16.63,-11.86,0.09062850831009639,0.19918643853540674,0.18782572490717664,-0.005306406772736305,-0.010355612829727301,6.0,0.08100127053182304,0.18860093403383305,0.17734050413245983,-0.014086804190883817,0.2951653944020356
LO_n2_m3_touch,20240904,4569,891,1029,202407,26.57,19.49,0.08839942737523732,0.19458473736306514,0.31404321109937183,0.5164589582636692,0.6458723048113346,10.0,-0.00783100980123197,0.08896596485230623,0.1978625613375371,0.3823817942708445,0.528428093645485
LO_n2_m3_touch,20240909,4569,894,1029,202407,26.57,19.49,0.04227853515830193,0.14500310232534597,0.13247571608546238,0.15251953406927599,0.23269480600452996,10.0,-0.051167126614511504,0.04234765177203914,0.030943410505386515,0.049190196532030495,0.22222222222222232
LO_n2_m3_touch,20260526,4760,1305,1070,202604,63.09,54.91,-0.029154489995137145,0.0674283320596103,0.1740457330291365,0.008475180935283655,-0.01535694398731613,10.0,-0.04007650198269186,0.0554197633239395,0.16083771853255868,-0.002870164850238277,0.2895069532237673
LO_n2_m3_touch,20251021,4764,1164,1072,202509,-6.86,6.23,0.05720191560675447,0.16225510280427113,0.27731335544917024,0.2673082900017878,0.17893021188324187,10.0,0.04144890693049508,0.14493673206712154,0.2582805405500932,0.248424557203748,0.3613445378151261
LO_n2_m3_touch,20260106,4720,1216,1050,202511,5.57,-1.83,0.008171715847135053,-0.00783100980123208,-0.061173428629122895,-0.08784463804306819,-0.061173428629122895,3.0,0.0001063421203582049,-0.015768361722822033,-0.06868404120008975,-0.09514188093872344,0.051075268817204256
LO_n2_m3_touch,20250514,4721,1054,1051,202504,91.24,14.11,0.02864579130901701,0.04177743970870673,0.024268575175787177,-0.08370275611054945,-0.07786646793290963,4.0,0.030160733564258413,0.043311721652312896,0.025777070868240326,-0.08235327563354011,0.07058823529411762
LO_n2_m3_touch,20220824,4743,399,1062,202207,-46.88,3079.22,0.06376881423373071,0.16196285862453652,0.16196285862453652,0.21105988081993954,0.13741434752683523,10.0,0.044388410735545225,0.14079349480344172,0.14079349480344172,0.1889960368373902,0.2391752577319588
LO_n2_m3_touch,20250613,4743,1075,1062,202505,3.1,-3.19,-0.019503586156511488,-0.0674908445059943,-0.11807200871220602,-0.13104153799585005,-0.11807200871220602,3.0,-0.019503586156511488,-0.0674908445059943,-0.11807200871220602,-0.13104153799585005,0.020915032679738488
LO_n2_m3_touch,20211105,4903,204,1083,202109,62.78,-18.55,-0.00022818229013021885,-0.026838078578986013,-0.004029596045681094,-0.1332776637344094,-0.06865362989004531,4.0,0.011397071404170678,-0.015522242283392829,0.007551455163090193,-0.12319949703364674,0.02298850574712641
LO_n2_m3_touch,20240313,4905,772,1085,202402,1104.44,617.12,-0.10704790882110882,-0.18350863834101372,-0.2035340675009889,-0.2126365353009776,-0.10704790882110882,1.0,-0.1499408040305753,-0.2227287474163362,-0.24179225639832136,-0.2504574877537691,0.050458715596330306
LO_n2_m3_touch,20260324,4905,1263,1085,202602,21.69,30.74,-0.05945971291112262,-0.05160317113353052,-0.02354409335641605,-0.10323187424342117,-0.05945971291112262,1.0,-0.02183810142756748,-0.013667297978871562,0.015514142909327289,-0.06736114921315794,0.015837104072398134
LO_n2_m3_touch,20260818,4905,1363,1085,202607,35.44,33.65,0.03941513258918583,0.040567477525537354,0.0325010629710758,0.038262787652834085,0.047637620949925186,10.0,0.03941513258918583,0.040567477525537354,0.0325010629710758,0.038262787652834085,0.09059233449477366
LO_n2_m3_touch,20260421,4908,1281,1088,202603,5.96,25.03,-0.05380957276166265,-0.14818662304886254,-0.15060654741520096,-0.12882722811815495,-0.14818662304886254,2.0,0.005020920123622652,-0.0952241332902426,-0.09779451927521354,-0.07466104541047547,0.024390243902439046
LO_n2_m3_touch,20220617,4911,351,1090,202205,160.04,5.13,-0.008823178791430575,0.08940155123824733,0.19655580217971425,0.09535456517943985,0.01994972192433342,10.0,-0.008823178791430575,0.08940155123824733,0.19655580217971425,0.09535456517943985,0.20599999999999996
LO_n2_m3_touch,20230825,4944,641,1107,202307,,,-0.08953904428818926,-0.11288419699874852,-0.10412976473228874,-0.04868502704471056,0.27814711090311883,10.0,-0.02348036295894118,-0.04851932801127601,-0.039129716116650504,0.020337825882644767,-0.032352941176470584
LO_n2_m3_touch,20230912,4945,653,1108,202307,,,-0.04546500598118508,0.04919019653203072,-0.019235251067884374,-0.07283518502115116,-0.04546500598118508,1.0,-0.041056068364469955,0.05403634062686691,-0.014705159848798388,-0.06855266855473618,0.05747126436781613
LO_n2_m3_touch,20250311,4946,1011,1109,202501,1498.79,1498.79,0.03530677238132318,-0.06822390485680907,-0.16120979089476128,-0.03179644434709594,-0.05767911365662903,10.0,0.020516675633018622,-0.08153499193028324,-0.17319250816769327,-0.045627923713566054,0.09178743961352653
LO_n2_m3_touch,20250411,4946,1032,1109,202502,817.36,1007.25,-0.007831009801231859,0.08756985464095735,0.1543504597504899,0.2354411945263506,0.41193279374440084,10.0,-0.007831009801231859,0.08756985464095735,0.1543504597504899,0.2354411945263506,0.2451923076923077
LO_n2_m3_touch,20240911,4950,896,1111,202407,-86.08,-74.95,0.08944045982609827,0.17698478249069538,0.2937105460434919,0.40070916263355505,0.3569370013012563,10.0,0.05831358954535237,0.14335664584810393,0.2567473875851063,0.36068890084402483,0.519607843137255
LO_n2_m3_touch,20260520,4916,1301,1093,202604,50.22,30.08,0.09039261659219444,0.08487443533413686,0.12019079538570576,0.09701443410186372,0.3740271332563583,10.0,0.0563178473236885,0.050972109229945106,0.08518483302990254,0.06273273303618043,0.16796440489432696
LO_n2_m3_touch,20260421,4919,1281,1094,202603,-6.05,-4.5,0.05739809336062485,0.009334543662414818,-0.004397899108502634,0.023066986433331937,-0.0661938915776299,4.0,0.032392057368988425,-0.014534854329601887,-0.027942543386342167,-0.0011271652728618298,0.11418685121107264
LO_n2_m3_touch,20250617,4923,1077,1095,202505,0.71,-0.97,-0.005283720994560093,-0.03967211988463282,-0.09189154042141012,-0.06769229675802546,-0.09189154042141012,3.0,-0.031395023318452675,-0.06488072673766099,-0.115729387485348,-0.09216537396812707,0.09884467265725272
LO_n2_m3_touch,20240618,4924,837,1096,202405,93.91,13.66,-0.10572059244626086,-0.11069802885194024,-0.07087853760650475,-0.011149300738351409,-0.12397119260041878,10.0,-0.038167112019539706,-0.04352054182277032,-0.0006931033969242995,0.06354805424184495,-0.0033444816053510573
LO_n2_m3_touch,20221223,4943,484,1106,202211,-41.22,-45.97,0.029609329451551814,0.0717297111109334,0.12321017758351105,0.3057318314408317,0.404012721979389,10.0,0.05447912001801436,0.09761690220056929,0.15034085820147003,0.337271247659209,0.3160377358490565
LO_n2_m3_touch,20230106,4943,493,1106,202211,-41.22,-45.97,-0.10615406288399254,-0.19553865659559333,-0.11509252225515276,-0.14190790036863288,-0.10615406288399254,1.0,-0.007831009801231859,-0.1070479088211086,-0.017752699703219577,-0.04751776940918262,-0.06906906906906896
LO_n2_m3_touch,20240307,4943,768,1106,202401,37.17,37.17,0.08952168861075593,0.01702499830395654,0.1185203647334756,0.035667004382847756,0.1392337048211325,10.0,-0.00783100980123197,-0.07384985895894458,0.018576529861853208,-0.05687358346124716,0.1858037578288101
LO_n2_m3_touch,20260416,4956,1278,1115,202603,12.59,15.27,0.09083772955555158,0.19937334284801356,0.1664837630624192,0.0853561329246193,0.03602176324622741,10.0,0.04245844271148291,0.14618043851895712,0.11474953069851046,0.037219958074741655,0.3281767955801105
LO_n2_m3_touch,20260317,4960,1258,1117,202602,-21.4,-7.75,0.02441922506182559,-0.017316372996248885,-0.04387538994229623,-0.07422855216635038,-0.07802269744435697,10.0,0.018576529861853208,-0.022921032465852087,-0.049328572128937154,-0.07950861745817728,0.05162523900573612
LO_n2_m3_touch,20260806,4971,1355,1122,202606,-6.26,15.65,-0.04813787502805689,0.0376434022495451,-0.038836290744943436,0.02110725241289879,0.19887086315684477,10.0,-0.08438112227147765,-0.001866065972381592,-0.07543370652820214,-0.01777258284931582,0.11458333333333326
LO_n2_m3_touch,20240508,4973,809,1124,202403,-2.25,6.29,-0.00348415770835675,-0.011091148870888357,-0.04695267863710895,-0.06325337398539088,-0.08390092142654826,8.0,-0.04430781091148073,-0.05160317113353052,-0.08599558360890802,-0.10162849837044319,0.049288061336254074
LO_n2_m3_touch,20260312,4973,1255,1124,202601,79.61,79.61,0.09122350476853058,0.2000210863451548,0.31856173492864115,0.594615300123061,0.04088432523307728,10.0,0.11122926902262043,0.22202147292814955,0.3427353667356663,0.6238499139586504,0.607201309328969
LO_n2_m3_touch,20260319,4973,1260,1124,202602,42.52,60.78,-0.10684583774367507,-0.19575711181444067,-0.27557518740069575,-0.3523621968254478,-0.10684583774367507,1.0,-0.10684583774367507,-0.19575711181444067,-0.27557518740069575,-0.3523621968254478,0.0
LO_n2_m3_touch,20250815,4989,1120,1130,202507,-29.0,-27.06,0.09049204328152904,0.06665615162510208,0.057717692253941966,0.04728948965425528,-0.05103356342850551,6.0,0.0791496297555696,0.05556165970626736,0.04671617093777902,0.03639643404120951,0.1726726726726726
LO_n2_m3_touch,20251008,4989,1156,1130,202508,-18.17,-26.05,0.0912463436504034,0.1624145834536903,0.04659176181304647,-0.00922646548364936,-0.05806741436825802,10.0,0.059940096086662065,0.12906662409231373,0.016566588318409847,-0.037650296391905425,0.20675105485232081
LO_n2_m3_touch,20260224,4989,1244,1130,202601,170.32,170.32,0.018321714816857293,0.0493780753008386,0.1539889737731963,0.10495261511427856,0.15562351906182692,10.0,-0.0030301921067218407,0.027374986625176012,0.12979243077472624,0.08178425382962429,0.2273476112026358
LO_n2_m3_touch,20261006,5013,1396,1138,202608,23.34,13.43,0.09045476086496529,0.09666228322283033,,,0.09666228322283033,2.0,-0.007831009801231859,-0.0021829889841610273,,,0.12408759124087587
LO_n2_m3_touch,20240923,5210,903,1149,202408,-34.6,-4.36,-0.028047619319388706,-0.03737836217392254,-0.08247695263750288,-0.074701333592058,-0.08247695263750288,3.0,0.014902813214779043,0.0051597462079171486,-0.04193174432524849,-0.03381252181953032,0.021943573667711602
LO_n2_m3_touch,20221006,5215,429,1153,202208,-40.23,-29.28,-0.001719085836968559,-0.01598024175358337,-0.0200548577297589,-0.09237929130687661,-0.11784564115797436,4.0,0.013895318451295768,-0.0005889003837227236,-0.00472724862229934,-0.07818292985703612,0.05954825462012314
LO_n2_m3_touch,20220519,5227,331,1158,202204,257.33,163.47,-0.04869253835510645,0.034307441519951354,-0.0001694731973804764,-0.15723097357633609,-0.15723097357633609,5.0,-0.0170666254014864,0.06869266231516247,0.03306957357132356,-0.12921338626171952,0.05405405405405417
LO_n2_m3_touch,20260617,5227,1321,1158,202605,-97.07,-79.15,-0.03445017783095494,0.040567477525537354,0.030887780060183445,-0.05539786114858325,-0.05539786114858325,5.0,-0.039137312890027975,0.035516179090947286,0.02588347044824091,-0.05998330842456101,0.13902439024390256
LO_n2_m3_touch,20260413,5228,1275,1159,202603,82.11,48.16,-0.007831009801231859,0.0290401351048033,0.13127376416244685,0.22847950982381238,0.012280523783878117,10.0,-0.007831009801231859,0.0290401351048033,0.13127376416244685,0.22847950982381238,0.3547297297297296
LO_n2_m3_touch,20260410,5243,1274,1163,202602,-4.29,-9.2,-0.01199978707097471,0.05886942651465166,0.029687985626452473,0.033856762896195436,-0.00783100980123208,10.0,0.0006129816047151238,0.07238690855526442,0.042832938634449924,0.04705493433742336,0.134453781512605
LO_n2_m3_touch,20211203,5245,224,1165,202110,6.54,6.94,0.09111480479509315,0.19954857421572347,0.2903618561055017,0.2646088358681018,0.28765101186998576,10.0,0.02396927834616447,0.1257302004178329,0.21095497265285545,0.18678675366083408,0.3387978142076502
LO_n2_m3_touch,20250704,5245,1090,1165,202505,-19.16,-1.69,0.08969788904628406,0.00529788042824153,0.10470233502282467,0.2566223505353018,0.2434934603058283,10.0,0.05000033388977099,-0.0313249931757017,0.0644581698125215,0.21084375853037285,0.30434782608695654
LO_n2_m3_touch,20211216,5251,233,1166,202111,7.42,-4.27,-0.06098291999045169,-0.11919691686435907,-0.10654170015264008,0.07822446383845705,-0.06098291999045169,1.0,-0.05858134178070862,-0.11694422355710676,-0.1042566405622376,0.08098207116285217,0.08673469387755106
LO_n2_m3_touch,20240924,5276,904,1173,202408,11.0,-4.13,-0.0780316459002014,-0.11313196394968605,-0.13653217598267597,-0.16227240921896469,-0.11313196394968605,2.0,0.007511809634831446,-0.03084523895532698,-0.056416604682099414,-0.08454510698154905,-0.028301886792452713
LO_n2_m3_touch,20260427,5276,1285,1173,202603,11.67,4.5,-0.10615406288399276,-0.12403098162631288,-0.17766173785327344,-0.00783100980123197,-0.10615406288399276,1.0,-0.08975322000113017,-0.10795815560110755,-0.1625729624010399,0.01037392579874541,0.0
LO_n2_m3_touch,20260319,5289,1260,1181,202602,403.21,355.51,-0.10444671671197348,-0.19363044616804248,-0.2731526049330374,-0.3192308651520064,-0.10444671671197348,1.0,-0.0838592849122487,-0.1750932150454687,-0.25644346941425655,-0.30358099998308696,-0.022471910112359605
LO_n2_m3_touch,20260623,5299,1324,1184,202605,2.19,-2.51,0.0036170939318307394,-0.02309514811198221,-0.09178377051035858,-0.06125549388885809,-0.02309514811198221,2.0,0.027324584339669222,-1.8655547698309682e-05,-0.0703298438295008,-0.0390804268153665,0.03846153846153855
LO_n2_m3_touch,20230412,5314,548,1191,202302,4318.75,2891.03,-0.048363668370630886,-0.027216194334422683,-0.018404746819335793,-0.07303572141287384,-0.13824043302451572,8.0,-0.0004267636057186941,0.021785974980820688,0.03104128272521245,-0.026341625290014936,0.02486678507992912
LO_n2_m3_touch,20231214,5314,717,1191,202311,4098.18,406.64,0.06773152918741587,0.17450468210615755,0.2911338183712444,0.35519771012248946,0.2615658683322084,10.0,0.048633892079998686,0.15349728128799867,0.26804036796135233,0.3309584014861522,0.4304635761589406
LO_n2_m3_touch,20240116,5314,739,1191,202312,334.14,360.64,-0.02867489614994556,-0.01616856434071745,-0.02867489614994556,0.025519208356709733,0.2673082900017878,10.0,-0.03676927201536262,-0.024367159637878055,-0.03676927201536262,0.01697321495373738,0.04201680672268915
LO_n2_m3_touch,20240306,5314,767,1191,202401,49674.73,49674.73,-0.06339247325236297,-0.055455121330772905,-0.10307923286031373,-0.043549093448387644,-0.10307923286031373,3.0,-0.04427803393098262,-0.03617869523548245,-0.08477472740848335,-0.024029687192232085,-0.0040000000000000036
LO_n2_m3_touch,20240328,5314,783,1191,202402,1274.63,2334.81,0.08051280439454889,0.08594934680659683,0.10225897404274109,0.1321599573090051,0.10361810964575291,10.0,0.0955199266778064,0.10103197662335517,0.11756812646000125,0.14788440116051893,0.17808219178082196
LO_n2_m3_touch,20260528,5321,1307,1193,202604,-22.08,-23.1,0.05696369976276938,0.16225510280427113,0.22704981236827226,0.022541510306893553,-0.07768780604992087,6.0,0.04417784855596163,0.1481955652703486,0.21220646786381736,0.010172056553181097,0.346938775510204
LO_n2_m3_touch,20260120,5328,1226,1195,202512,2.7,1.98,-0.08165310728625941,-0.07574733948745727,-0.145140111123383,-0.1539987628215863,-0.08165310728625941,1.0,-0.08165310728625941,-0.07574733948745727,-0.145140111123383,-0.1539987628215863,0.0
LO_n2_m3_touch,20260723,5328,1345,1195,202606,63.53,22.25,-0.09520111490828742,-0.004869311323026482,-0.09223941643008227,-0.13666489360316147,-0.09520111490828742,1.0,-0.078700223386858,0.013278968713635653,-0.07568451217044847,-0.12092018041659292,0.04477611940298498
LO_n2_m3_touch,20230109,5340,494,1196,202211,-2.14,-6.73,0.012037205271584472,-0.0065892463591809,0.0021030977351761404,0.028180130018247596,0.10516946342541122,10.0,0.03668939360512291,0.017609220716685137,0.026513301397956157,0.053225543441769,0.050062578222778376
LO_n2_m3_touch,20240705,5345,850,1198,202405,-12.62,-24.1,-0.10645021665833854,-0.14828866805226237,-0.2215059579916293,-0.19311558026003806,-0.14828866805226237,2.0,-0.10645021665833854,-0.14828866805226237,-0.2215059579916293,-0.19311558026003806,0.0
LO_n2_m3_touch,20260724,5345,1346,1198,202606,1067.0,580.76,-0.09379511003506014,-0.17975921026888864,-0.2603505542381025,-0.16005910396530287,-0.09379511003506014,1.0,-0.09379511003506014,-0.17975921026888864,-0.2603505542381025,-0.16005910396530287,0.02707581227436817
LO_n2_m3_touch,20211102,5351,201,1201,202109,106.01,57.23,0.07508004787554534,0.03638822095971617,0.04744302864995298,0.11239002383009522,0.24366586515165922,10.0,0.07209371440922419,0.033509364790383245,0.04453346468148078,0.10930005154167821,0.1615598885793874
LO_n2_m3_touch,20230505,5356,564,1204,202303,-16.26,-17.54,-0.011471996921227468,0.01583540647873871,0.0012714579987567198,0.004912445118752329,-0.009651503361229552,10.0,-0.016883646573118583,0.010274263742541256,-0.0042099550924772355,-0.0005889003837226126,0.034862385321100975
LO_n2_m3_touch,20260309,5386,1252,1209,202601,406.8,406.8,0.09103897698430963,0.10665002752939534,-0.002627326286203324,0.196847208456556,0.2488840436068409,10.0,-0.00783100980123197,0.006365366847081111,-0.09300926969111023,0.08838887637066772,0.20804195804195813
LO_n2_m3_touch,20260623,5425,1324,1215,202605,11.8,1.37,-0.01893737909450166,-0.05966073316982412,-0.15221381061373906,-0.10778833344065986,-0.05966073316982412,2.0,0.03513693859320277,-0.007831009801231859,-0.105485437970402,-0.05861131244920026,0.011194029850746245
LO_n2_m3_touch,20260605,5426,1313,1216,202604,23.63,9.12,0.08989515116993219,0.1942468145798193,0.07498777068280571,0.0733313950731247,0.3135058584768331,10.0,0.18699490100143512,0.3006433489696576,0.1707594084345465,0.168955464816003,0.20367278797996646
LO_n2_m3_touch,20241030,5438,927,1219,202409,30.21,2.79,0.03154077552411594,-0.034078866684797315,0.06172581094021612,0.09322323920049436,-0.034078866684797315,2.0,0.07268889449275329,0.004451687463952192,0.1040780097260019,0.13683186909982625,0.17592592592592604
LO_n2_m3_touch,20250903,5438,1133,1219,202507,48.57,30.31,0.05384912280437537,0.023890201253080612,-0.03074077334045744,0.052086833301358215,0.0291770697621323,10.0,0.012486443922974821,-0.016296615519651336,-0.06878337097385245,0.010793322779291126,0.09946714031971582
LO_n2_m3_touch,20260508,5464,1293,1227,202603,51.54,19.62,0.09062850831009617,0.19855528777828257,0.17394040825045054,0.0811612469532379,0.34435111267390317,10.0,0.08648163185264335,0.19399804333806103,0.1694767565080535,0.07705036768725604,0.31106870229007644
LO_n2_m3_touch,20260626,5464,1327,1227,202605,45.63,29.15,-0.0693454871935556,-0.017752699703219688,0.012012370002743467,0.01697321495373738,-0.0693454871935556,1.0,-0.10081689583918418,-0.05096879198378712,-0.022210270528750242,-0.017417183619577448,0.08000000000000007
LO_n2_m3_touch,20260922,5465,1388,1228,202608,-4.36,-31.37,-3.093912356877393e-05,0.0670496687043356,0.08264981005966199,0.05612956975560701,0.021809258773888507,10.0,0.011097492396518804,0.07892462527179234,0.09469837710325124,0.06788299898977113,0.16194968553459121
LO_n2_m3_touch,20251112,5468,1179,1229,202509,264.97,17.36,-0.0596943888343493,-0.1002831202515716,-0.13410706309925702,-0.11155776786746685,-0.15891128785422626,4.0,-0.017257793556089585,-0.059678320452949074,-0.0950287595336653,-0.07146180014652126,-0.018181818181818077
LO_n2_m3_touch,20260616,5468,1320,1229,202605,34.63,49.82,0.0318557498067189,0.13390741737002076,0.24729815910702269,0.23595908493332263,0.17170433128235474,10.0,0.0013387590545792527,0.10037226269734001,0.21040948896707357,0.19940576634010054,0.3828571428571428
LO_n2_m3_touch,20231130,5478,707,1234,202310,-13.24,3.6,0.08888986660179254,0.18249071473375178,0.1637705451073599,0.18249071473375178,0.15441046029416405,10.0,0.08888986660179254,0.18249071473375178,0.1637705451073599,0.18249071473375178,0.21069182389937113
LO_n2_m3_touch,20240705,5484,850,1237,202405,104.99,21.92,-0.10411745188803234,-0.19370570669922904,-0.274083954006471,-0.3820922238255774,-0.10411745188803234,1.0,-0.007831009801232192,-0.10704790882110882,-0.19606493971744698,-0.3156815749844012,-0.09704641350210974
LO_n2_m3_touch,20260624,5489,1325,1240,202605,15.68,12.88,0.08673760154243082,0.0017861371150726946,-0.0783567538541331,-0.012639583259384302,-0.0783567538541331,3.0,-0.010749153890051932,-0.08807997224377928,-0.1610335744642769,-0.10121162064346889,0.09854604200323114
LO_n2_m3_touch,20240320,5493,777,1242,202402,24.58,33.33,0.01573861553154421,0.03930824086432039,0.04492005641974317,-0.011198099134485773,0.05389896130841998,10.0,0.007758626408400859,0.03114308072284988,0.036710807940575796,-0.01896646423668391,0.1244343891402715
LO_n2_m3_touch,20251023,5543,1166,1263,202509,-13.02,-7.84,-0.058185451033124336,-0.0507255338135848,0.04065845212577557,0.046253390040430276,0.022008659076926396,10.0,-0.058185451033124336,-0.0507255338135848,0.04065845212577557,0.046253390040430276,0.1522556390977443
LO_n2_m3_touch,20220328,5603,296,1268,202202,25.16,13.05,0.04776466637369903,0.0712859139861699,0.05845614256118581,0.17820067586103705,0.2273814663234761,10.0,0.03438894722850283,0.05760992359485706,0.04494393648593653,0.16315981616919406,0.20043103448275867
LO_n2_m3_touch,20220926,5703,421,1274,202208,96.38,3.6,-0.10415809622829675,-0.1932606511733317,-0.11379080487100346,-0.10415809622829675,-0.1932606511733317,2.0,-0.043816413590824554,-0.1389206950347479,-0.05409795753070834,-0.043816413590824554,-0.02184466019417486
LO_n2_m3_touch,20240814,6108,876,1301,202407,-2.86,-5.87,-0.00783100980123197,-0.00783100980123197,-0.017582056387952183,-0.024895341327991982,-0.017582056387952183,3.0,-0.00783100980123197,-0.00783100980123197,-0.017582056387952183,-0.024895341327991982,0.019656019656019597
LO_n2_m3_touch,20230621,6125,597,1316,202305,30.77,19.47,0.02029346551148903,-0.081267139784448,-0.029705601711125906,0.07497994528622431,-0.081267139784448,2.0,0.007599301088329069,-0.09269771969381713,-0.04177769375826579,0.06160538920179248,0.08346456692913384
LO_n2_m3_touch,20220720,6133,374,1322,202206,65.35,41.62,0.09019766288307762,0.1466384138225285,0.14366784798361,0.2476376523457564,0.44072443187545685,10.0,0.07729591539333702,0.1330687284518477,0.13013331723824173,0.23287270971444562,0.2574850299401199
LO_n2_m3_touch,20241029,6133,926,1322,202409,8.05,17.74,-0.0880655829731245,0.0019536942441207295,-0.04109900355543128,-0.0880655829731245,-0.0880655829731245,1.0,-0.11765124154079021,-0.030552437057692172,-0.07220838702786958,-0.11765124154079021,0.07100591715976323
LO_n2_m3_touch,20211208,6134,227,1323,202110,-22.76,14.55,-0.0027516463701802163,0.0006345959171876192,0.09375625881980221,-0.031534705812806596,-0.031534705812806596,5.0,-0.0543891015743132,-0.051178198693411,0.037121630531398386,-0.08168177606198157,0.10921501706484649
LO_n2_m3_touch,20260108,6116,1218,1308,202511,10.71,16.83,-0.10577043801827779,-0.0929957299899673,-0.1492044453145327,-0.15772091733340632,-0.10577043801827779,1.0,-0.10577043801827779,-0.0929957299899673,-0.1492044453145327,-0.15772091733340632,0.0
LO_n2_m3_touch,20260602,6116,1310,1308,202604,2.84,3.69,0.09066518535167245,-0.017440394694198114,-0.113534243623861,-0.25046797834863044,-0.113534243623861,3.0,0.04511536322561649,-0.058475366609521684,-0.1505560153518669,-0.2817709398097086,0.09927360774818417
LO_n2_m3_touch,20230823,6117,639,1309,202307,-13.34,-17.49,-0.028884993678129023,-0.057834221508862194,-0.09204694530881963,-0.019673875731986423,-0.09204694530881963,3.0,-0.03145408099644087,-0.06032672356836255,-0.09444893751699734,-0.02226733108719281,0.05305039787798416
LO_n2_m3_touch,20211116,6118,211,1310,202110,17.74,8.47,0.07221264231611713,0.057320800061726684,0.07221264231611713,0.06104376062532446,-0.04692209571900685,8.0,0.042863756121332974,0.02837953728631426,0.042863756121332974,0.032000591995068994,0.18761726078799246
LO_n2_m3_touch,20250819,6118,1122,1310,202507,7.56,12.14,-0.0705414651636822,0.02128455875990598,0.03472251348043098,0.0011276266791182543,-0.0705414651636822,1.0,-0.042441555970956446,0.05216060355962382,0.06600482202751357,0.0313942758577892,0.12415349887133176
LO_n2_m3_touch,20230502,6148,561,1334,202303,82.48,59.38,0.09058789807371292,0.10920769145545939,0.10521773573079929,0.06398819324264671,-0.027780788424531577,10.0,0.09058789807371292,0.10920769145545939,0.10521773573079929,0.06398819324264671,0.20643431635388754
LO_n2_m3_touch,20240911,6148,896,1334,202407,-17.3,-36.36,0.006922432432207248,0.030896776061545284,0.023520054944826008,0.11572906890381929,0.0862221844369413,10.0,-0.0041833296902068495,0.0195265910314546,0.012231230809405025,0.10342323358502714,0.12453531598513012
LO_n2_m3_touch,20260916,6148,1384,1334,202608,95.4,-34.76,-0.01865959359603442,0.07879766055718718,0.082858379480238,0.011119011839672233,-0.01865959359603442,1.0,-0.027942543386342167,0.06859281782218685,0.07261512453920882,0.0015543725384863372,0.14870395634379263
LO_n2_m3_touch,20260508,6150,1293,1335,202603,-41.07,-6.59,-0.06520608539805794,-0.06940426166124036,0.02295561612877184,-0.04281581199441842,-0.06520608539805794,1.0,0.024372311364415644,0.019771836912180207,0.12098227486135893,0.04890817510967116,0.05359661495063461
LO_n2_m3_touch,20260119,6152,1225,1337,202512,-6.85,-30.61,-0.04470215470726724,-0.03799831017889721,-0.08827714414167254,-0.048054076971452364,-0.12514828904770792,8.0,-0.024937371701210576,-0.01809482694121911,-0.06941391264115537,-0.028358644081206474,0.027027027027026973
LO_n2_m3_touch,20260811,6152,1358,1337,202606,26.28,28.09,0.07931896906757863,0.0290401351048033,-0.05475792149982239,-0.07486945508493248,-0.05475792149982239,3.0,0.07207521759732649,0.02213382547322751,-0.06110182806693765,-0.08107838491657726,0.11486486486486491
LO_n2_m3_touch,20211115,6140,210,1327,202110,246.9,-8.52,-0.014401665365462168,-0.05820603579366379,-0.11953215439314613,-0.08010822100776471,-0.05820603579366379,2.0,-0.10346175584448658,-0.14330790002917604,-0.1990925018877413,-0.16323097212152082,0.09933774834437092
LO_n2_m3_touch,20260916,6140,1384,1327,202608,10.37,-14.39,-0.07319743739079765,0.017848658180383392,0.11823281483578807,-0.007831009801231748,-0.07319743739079765,1.0,-0.03694110242320059,0.05766669859819773,0.16197786382691914,0.030982447028059745,0.12705882352941167
LO_n2_m3_touch,20250619,6141,1079,1328,202505,-33.74,-33.71,-0.029717090467381135,-0.04430781091148073,-0.06254621146660522,-0.09172765235480418,-0.029717090467381135,1.0,-0.022529809656028355,-0.03722860951082496,-0.05560210932932075,-0.08499970903891385,0.018382352941176405
LO_n2_m3_touch,20260306,6141,1251,1328,202601,19.84,19.84,-0.07139615402009425,-0.016122115568909523,0.000460095966446028,0.10548076902369719,0.43436129780824717,10.0,-0.013701832228443345,0.04500639204367296,0.06261885932530808,0.1741644854423292,0.11420612813370479
LO_n2_m3_touch,20260318,6141,1259,1328,202602,-18.95,-1.33,0.07993778548558228,-0.00973902709007568,-0.1070479088211087,-0.12231204713185895,-0.1070479088211087,3.0,0.11201514545050051,0.01967466517457539,-0.08052457938015167,-0.09624210793775578,0.09807692307692317
LO_n2_m3_touch,20250110,6144,977,1331,202411,-31.43,-1.13,-0.10691029869764135,-0.15782604438051862,-0.18397196783929337,-0.1027819949936245,-0.10691029869764135,1.0,-0.01691958070381583,-0.07296576793641818,-0.10174624246126796,-0.01237529525252401,-0.005547850208044269
LO_n2_m3_touch,20251022,6155,1165,1340,202509,9.31,11.89,-0.030714643842060463,0.03957080356905496,0.0019762619305514484,-0.07157827605782507,-0.07157827605782507,5.0,-0.02751039473079442,0.043007401266804024,0.005288580151809663,-0.06850911333404919,0.054365733113673764
LO_n2_m3_touch,20221201,6160,468,1343,202210,-15.04,-13.27,-0.02655117942762386,-0.015853939641114256,-0.02387686948099621,-0.013179629694486827,-0.02655117942762386,1.0,-0.029167977332388517,-0.018499493566810354,-0.026500856390993754,-0.015832372625415814,0.04582210242587581
LO_n2_m3_touch,20230323,6160,537,1343,202302,59.57,47.34,0.02306069868481031,0.033963654621060435,0.013974902071268502,0.02306069868481031,0.043049451234602465,10.0,-0.020015541259813308,-0.00957165715245789,-0.028718778015942803,-0.020015541259813308,0.05311355311355315
LO_n2_m3_touch,20260706,6164,1333,1346,202605,-25.89,-10.72,-0.06470693917568349,-0.04258852219673015,-0.05522761761327499,-0.13422196396668018,-0.06470693917568349,1.0,-0.046486944484300796,-0.02393764925251063,-0.036822960813533645,-0.11735615806992716,0.031847133757961776
LO_n2_m3_touch,20250902,6168,1132,1350,202507,-1.03,5.03,-0.0401623821906012,-0.10482512696933965,-0.11492868084101748,-0.1452393424560512,-0.10482512696933965,2.0,-0.020207338161299826,-0.08621442274832802,-0.09652802971505114,-0.12746885061522073,0.006109979633401208
LO_n2_m3_touch,20260922,6168,1388,1350,202608,18.51,9.29,-0.07096903645024433,-0.00783100980123197,0.019228144476916453,0.059816875894138644,-0.07096903645024433,1.0,-0.06029051962783327,0.0035732314654206565,0.030943410505386737,0.07199867906533552,0.06818181818181812
LO_n2_m3_touch,20260616,6173,1320,1355,202605,25.62,14.59,0.038838960121009736,0.09242299966136147,0.05612413416628459,0.05439561676175697,-0.014745079419341889,4.0,0.05725809061960918,0.11179220178301685,0.0748497393819989,0.07309057450575995,0.10801393728222997
LO_n2_m3_touch,20250828,6179,1129,1360,202507,49.2,55.69,0.01204294531831196,-0.03382002803448181,-0.06898164093829007,-0.07509670405199598,-0.06898164093829007,3.0,-0.01967780371405281,-0.06410328088713213,-0.09816281338649269,-0.10408621034290333,0.046224961479198745
LO_n2_m3_touch,20260527,6182,1306,1362,202604,3.0,6.94,-0.0023311816959172837,0.09446579295762092,0.06696665243104771,0.06586668680998464,-0.13652698746559555,10.0,-0.0023311816959172837,0.09446579295762092,0.06696665243104771,0.06586668680998464,0.1252771618625277
LO_n2_m3_touch,20260617,6182,1321,1362,202605,11.93,7.95,0.044388410735545225,0.013927082089091991,-0.003479391423167111,0.08790459451619315,0.2924306582852374,10.0,-0.0036796751142078588,-0.032739017923376745,-0.04934435667147319,0.03783367175603347,0.11842105263157898
LO_n2_m3_touch,20240401,6197,785,1376,202402,-4.9,39.08,0.01168706869448144,0.11253047425566787,0.06048226493376507,0.13530156583400021,-0.017590049049088674,10.0,0.018364871128108362,0.11987390972930267,0.06748214787062179,0.14279530554247555,0.16721311475409828
LO_n2_m3_touch,20230517,6198,572,1377,202304,9315.37,5374.69,0.03976930157262193,0.01894416534656096,0.010019106963963464,-0.05543132117508587,0.004069068042231727,10.0,0.08703154255319578,0.0652598092259502,0.05592906637141626,-0.012496381228498832,0.08995502248875553
LO_n2_m3_touch,20251230,6205,1212,1383,202511,-25.43,-2.86,0.05152952807390809,0.03456937439529639,0.005737113141657257,-0.001046948329787356,0.1278502196276594,10.0,-0.02047010521777659,-0.036268974488457784,-0.06312705224861548,-0.06944659995688784,0.08547008547008539
LO_n2_m3_touch,20251231,6205,1213,1383,202511,-25.43,-2.86,-0.023833735449599325,-0.05103836905182346,-0.041436733662803316,-0.0382361885331296,-0.05743945931117034,4.0,0.003686706502899595,-0.02428489023570568,-0.01441256197502161,-0.011121785888126623,-0.003225806451612967
LO_n2_m3_touch,20250828,6207,1129,1385,202507,1.55,-8.02,-0.019251660048124286,-0.08920314281033959,-0.11918234970843189,-0.040665379261047296,-0.08920314281033959,2.0,-0.026257005333494732,-0.09570883464740854,-0.12547390435337158,-0.04751776940918251,0.010071942446043147
LO_n2_m3_touch,20260416,6208,1278,1386,202603,-18.39,-10.69,-0.013094505770456122,-0.019673875731986423,-0.013094505770456122,0.16586435718316772,0.05269919384484689,10.0,-0.013094505770456122,-0.019673875731986423,-0.013094505770456122,0.16586435718316772,0.2015915119363394
LO_n2_m3_touch,20260514,6208,1297,1386,202604,1.87,-7.54,-0.05245487825993256,-0.10182596676743105,-0.017325449898827783,-0.031567110045221614,-0.10182596676743105,2.0,-0.0658635356430467,-0.11453597667166548,-0.03123122183422178,-0.04527134905401564,0.038277511961722466
LO_n2_m3_touch,20211117,6209,212,1387,202110,-8.03,19.71,-0.05305050801404443,-0.01049098028433848,-0.00783100980123208,-0.08098019808666401,-0.08098019808666401,5.0,-0.08730707878356225,-0.04628717221203693,-0.04372342805131679,-0.11422639247112587,0.07372654155495972
LO_n2_m3_touch,20260817,6214,1362,1391,202607,31.81,36.2,-0.005004317521463353,0.009129143877379509,0.017609220716685137,0.01478252843691652,0.03739606667506523,10.0,-0.002161472714381718,0.012012370002743467,0.020516675633018622,0.017681907089593496,0.03418803418803429
LO_n2_m3_touch,20260302,6217,1247,1394,202601,55.74,55.74,-0.046361844372057814,-0.11379080487100324,-0.027096427086644947,-0.03769240659362183,-0.11379080487100324,2.0,-0.0226395021922583,-0.09174580001704813,-0.002894845670889823,-0.013754406757642279,0.07766990291262132
LO_n2_m3_touch,20240709,6218,852,1395,202405,56.47,11.45,0.00425223906451766,-0.010516176215842887,-0.08301566941034022,-0.11389508317836694,-0.1957824100972294,9.0,-0.026059836392810287,-0.04038248585762194,-0.11069367413942444,-0.1406410321113033,0.08254397834912042
LO_n2_m3_touch,20260916,6221,1384,1398,202608,21.47,-27.95,-0.023173829237295607,0.07399736052443973,0.056949783373257956,0.07740687595467599,-0.023173829237295607,1.0,-0.039674271310989884,0.05585551321828364,0.039095901897358454,0.05920743548246854,0.12371134020618557
LO_n2_m3_touch,20260825,6225,1368,1402,202607,112.91,36.92,0.028193280311885394,-0.009332021889278508,-0.10689780761230394,-0.13691804937323493,-0.10689780761230394,3.0,-0.01502064016499105,-0.05096879198378712,-0.1444339867126564,-0.17319250816769327,0.05900151285930422
LO_n2_m3_touch,20261002,6225,1394,1402,202608,139.2,42.96,0.005242959322909968,0.02122225491908325,-0.002020356857168837,,0.04010687698728832,4.0,-0.01917008397493214,-0.003578856986094392,-0.026257005333494732,,0.07613469985358723
LO_n2_m3_touch,20260319,6226,1260,1403,202602,-11.05,-5.39,0.00571395934823915,-0.08910082469805947,-0.08571458241069152,-0.1568256704454155,-0.10603203613489842,4.0,-0.011160435942838665,-0.10438436790782357,-0.10105494176621688,-0.17097289073995559,0.07167235494880542
LO_n2_m3_touch,20260626,6226,1327,1403,202605,-2.13,0.86,0.09002675361563295,0.19875760185659375,0.31836153492165087,0.3047701788915307,0.39447312869032336,10.0,0.02806140844885263,0.13061117487766594,0.24341591794936046,0.23059719714575877,0.5863013698630137
LO_n2_m3_touch,20260831,6226,1372,1403,202607,21.5,6.37,0.06752359704930733,0.07223325997746599,0.004728091340524543,0.017287192482281055,-0.07062651551001475,6.0,0.028467855693845134,0.033005213880729745,-0.03203025346461641,-0.01993063163292408,0.12499999999999978
LO_n2_m3_touch,20260918,6226,1386,1403,202608,13.05,7.14,-0.03388358722439444,-0.040396731580184864,-0.07296245335913798,-0.011087581979127403,-0.08381769395212224,10.0,-0.025352757972512574,-0.03192341353674266,-0.06477669135789399,-0.0023554634977067668,-0.00328227571115991
LO_n2_m3_touch,20260526,6239,1305,1414,202604,32.49,36.19,-0.012182628179296717,0.037135713438770646,0.09950891019103247,0.0066743847923171895,-0.10356661411865697,9.0,-0.015062562207928565,0.03411199415760802,0.09630334485519843,0.003739474049482494,0.13157894736842102
LO_n2_m3_touch,20260515,6241,1298,1416,202604,-9.16,-13.11,-0.03079788457435162,-0.035391259528975705,-0.01701775971048003,-0.02161113466510378,-0.03079788457435162,1.0,-0.06122126936349748,-0.06567045766035307,-0.04787370447293127,-0.05232289276978652,0.04629629629629628
LO_n2_m3_touch,20220419,6242,310,1417,202203,16.53,8.24,-0.03847152273384069,-0.06619389157763,-0.007831009801231748,-0.054521315222350375,0.12932176237330384,10.0,0.05457962022740048,0.02417444149550252,0.0881853440889715,0.03697662201419627,0.09117647058823541
LO_n2_m3_touch,20251216,6243,1203,1418,202511,-26.93,-10.58,-0.06131720873377999,-0.08806030820005406,-0.08137453333348554,0.03495794934480667,-0.06131720873377999,1.0,-0.05750658847153567,-0.08435825261764573,-0.07764533658111816,0.03915940245446081,0.043126684636118684
LO_n2_m3_touch,20260716,6243,1340,1418,202606,-56.18,-52.12,0.06769384555279312,-0.03886862159055726,0.05527880083706305,-0.017142293338029635,-0.03886862159055726,2.0,0.06658166446367564,-0.039869800109733844,0.05417955208619096,-0.01816610344913583,0.14494264859228356
LO_n2_m3_touch,20260717,6243,1341,1418,202606,-56.18,-52.12,-0.10685562800905468,-0.019367858524473314,-0.03667313160933561,0.0037058389220097077,-0.10685562800905468,1.0,-0.07827500810534449,0.012012370002743467,-0.005846671820834426,0.03582442576751377,0.06395348837209291
LO_n2_m3_touch,20250417,6228,1036,1405,202503,120.05,108.1,0.007066422484034884,-0.06543441463759692,-0.1587916569586021,-0.05252330665703231,-0.06543441463759692,2.0,0.016221571779344357,-0.056938363861575025,-0.15114430838549842,-0.043909882172096126,0.03503503503503502
LO_n2_m3_touch,20240129,6229,748,1406,202312,30.14,-31.41,-0.009152140280857313,0.08993264569105697,0.14145673439645234,0.026518382669031837,0.0714368189762995,10.0,-0.020885864935426213,0.07702554857103117,0.127939483594389,0.014362243926898444,0.20106524633821587
LO_n2_m3_touch,20240415,6229,793,1406,202403,24.31,11.91,-0.04939484587712606,-0.05475792149982228,-0.07755099289628042,-0.13922636255728493,-0.04939484587712606,1.0,-0.03637285746448393,-0.041809399876532094,-0.06491470512773623,-0.12743494286628887,0.0108108108108107
LO_n2_m3_touch,20260415,6229,1277,1406,202603,84.76,44.55,-0.027516902463905812,-0.007831009801231859,0.003980525796372536,0.057132435985592256,-0.027516902463905812,1.0,-0.021693650382851426,-0.001889878123395028,0.009992385232278966,0.06346257033281133,0.09126984126984139
LO_n2_m3_touch,20240314,6230,773,1407,202402,-45.8,-40.86,0.0890298150994393,0.15185845827825317,0.08117623470208768,0.060233353642483056,-0.00783100980123197,10.0,0.12158233674643348,0.18628901002026632,0.11349400258720443,0.09192511149592675,0.1899736147757256
LO_n2_m3_touch,20240419,6230,797,1407,202403,-37.19,-39.58,-0.045761011438609334,-0.08568732895163822,0.0041468854526769405,0.21376005239607854,-0.08568732895163822,2.0,-0.05148644536997771,-0.09117320497792847,-0.0018779958600393387,0.20647749208170185,0.2233400402414487
LO_n2_m3_touch,20230728,6231,622,1408,202306,-5.05,-12.33,0.08981101780563083,0.004767961502879503,-0.0235797239313712,-0.029879209583426825,-0.0865745804519279,6.0,-0.00783100980123197,-0.08525460152194508,-0.11106246542884957,-0.11679754629705053,0.11428571428571432
LO_n2_m3_touch,20221019,6247,437,1422,202209,,,0.0019601315494137683,-0.007831009801231859,-0.007831009801231859,-0.007831009801231859,-0.001303582234134737,10.0,-0.0013249836359940925,-0.011084022883850797,-0.011084022883850797,-0.011084022883850797,0.009868421052631637
LO_n2_m3_touch,20260508,6261,1293,1427,202603,2.48,6.94,-0.0037141260244735186,-0.00783100980123197,-0.02018166113150699,-0.05723361512233249,-0.02018166113150699,3.0,-0.011914009760897626,-0.015997009720563393,-0.028246009599560473,-0.06499300923655205,0.053941908713692976
LO_n2_m3_touch,20260513,6263,1296,1428,202604,13.4,1.99,-0.042043733601189404,-0.09994218926265608,-0.09467869329343181,-0.10783743321649242,-0.042043733601189404,1.0,-0.042043733601189404,-0.09994218926265608,-0.09467869329343181,-0.10783743321649242,0.0
LO_n2_m3_touch,20251114,6265,1181,1430,202510,146.68,35.1,-0.05292960026481219,-0.12176429097238217,-0.11701707092358427,-0.22857674207033574,-0.05292960026481219,1.0,-0.0793594718853291,-0.14627319448012976,-0.14165845499083318,-0.2501048329893032,0.028708133971292016
LO_n2_m3_touch,20260526,6274,1305,1436,202604,97.96,68.62,0.023566743053159422,-0.03294921208474488,0.06124404647842918,-0.0015514592303536023,-0.03294921208474488,2.0,-0.01388082071707808,-0.06832911895969329,0.022418044777998913,-0.03808006438046263,0.14873417721518978
LO_n2_m3_touch,20260723,6274,1345,1436,202606,107.71,85.17,-0.07100281816594756,-0.06728682943861142,-0.16018654762201656,-0.24937027707808557,-0.07100281816594756,1.0,-0.056873583461247046,-0.0531010777950921,-0.1474137194489673,-0.23795385543668757,-0.0037453183520599342
LO_n2_m3_touch,20260804,6274,1353,1436,202606,107.71,85.17,0.0884241907404395,0.1328496679135187,0.0662114521538999,0.18838151437986772,0.1439560372067885,10.0,-0.00783100980123197,0.032665683676268875,-0.02807935653998228,0.08328655052314482,0.1977611940298507
LO_n2_m3_touch,20260806,6274,1355,1436,202606,107.71,85.17,-0.06619389157763012,-0.05322436229398597,0.04080472501243326,0.037562342691522144,0.021350431086967214,10.0,-0.07225756760634683,-0.0593722560453237,0.03404625277209283,0.030824924881836857,0.09477124183006547
LO_n2_m3_touch,20230510,6276,567,1438,202303,-20.16,-24.98,-0.04172498151609649,0.05379439331670399,0.08152582471977521,0.09076963518746539,0.1400699576818143,10.0,-0.032712990746655346,0.06370468541686103,0.09169691398046265,0.1010276568349966,0.14285714285714257
LO_n2_m3_touch,20250214,6276,995,1438,202501,78.24,78.24,-0.0609622944917364,-0.08059776926866213,-0.05518715485146419,-0.07597765755644414,-0.0609622944917364,1.0,-0.06205419880046692,-0.0816668416299775,-0.05628577443884619,-0.07705210214068081,0.047729918509895164
LO_n2_m3_touch,20260313,6291,1256,1451,202602,28.28,53.38,-0.007831009801231859,-0.0602804718381712,-0.041340388324832,0.041704593233655274,-0.0602804718381712,2.0,-0.04566796281728658,-0.09611723350535961,-0.0778994413124443,0.001978570610337904,0.13803230543318645
LO_n2_m3_touch,20260505,6405,1290,1455,202603,-76.0,-61.11,-0.10155381343564329,-0.01267874102370159,0.040646302423463565,-0.05954014284090714,-0.10155381343564329,1.0,-0.0805900690824749,0.01035875501907868,0.06492804948001107,-0.0375960795071949,0.09446254071661242
LO_n2_m3_touch,20250818,6418,1121,1463,202507,-18.45,-6.11,-0.05743945931117045,-0.121221751538234,-0.06452638066973304,-0.06736114921315806,-0.121221751538234,2.0,-0.08868456010748527,-0.1503525222054749,-0.09553655589615084,-0.09827735421161699,0.04142857142857159
LO_n2_m3_touch,20240314,6419,773,1464,202402,297.52,321.11,0.00364863140767957,-0.06358926710165835,-0.1324671143551268,-0.15870629426120997,-0.1324671143551268,3.0,0.043311721652312896,-0.02658334466753154,-0.09818316870249433,-0.1254592921443849,0.03140495867768589
LO_n2_m3_touch,20240607,6419,831,1464,202404,211.66,268.99,-0.09385722282424647,-0.07665198021964359,-0.05371165674683975,-0.15981065280855766,-0.15981065280855766,5.0,-0.06688868778925383,-0.049171384392847295,-0.025548313197638617,-0.13480501747547902,0.0
LO_n2_m3_touch,20251223,6419,1208,1464,202511,-27.5,-37.02,0.027603596991581103,0.10437857837600961,0.02169782919277896,0.01579206139397682,-0.020823698958596704,6.0,0.017909223435056854,0.09395991254227387,0.012059170426809596,0.006209117418562116,0.13095238095238093
LO_n2_m3_touch,20260313,6419,1256,1464,202602,37.57,12.97,0.09113846553031602,0.13938608475444547,0.13814896631280127,0.05773626760591877,0.12206642657142486,10.0,-0.004444767513864245,0.03957638222191706,0.03844763479279467,-0.03492094810017443,0.20947630922693272
LO_n2_m3_touch,20260415,6419,1277,1464,202603,174.21,56.77,0.0881853440889715,0.02417444149550252,0.036176485731777897,0.20020442362754198,0.17620033515499123,10.0,0.058313589545352595,-0.00394015101613876,0.007732425339140869,0.16725763552796247,0.25806451612903225
LO_n2_m3_touch,20260318,6426,1259,1467,202602,7.26,47.11,0.08919497977656565,0.05789627346114723,-0.04538945737973421,-0.039129716116650504,-0.04538945737973421,3.0,0.062384026428219386,0.0318557498067189,-0.06888756304423305,-0.06278190771993297,0.17665615141955837
LO_n2_m3_touch,20260623,6435,1324,1470,202605,22.19,9.04,-0.01879420306309687,-0.03112779548269462,-0.09005495926521823,-0.0037198123280326456,-0.03112779548269462,2.0,-0.009214788030240006,-0.02166879209131234,-0.08117125593865837,0.0060067724888484,0.04143646408839774
LO_n2_m3_touch,20230718,6442,614,1473,202306,-15.97,-9.97,0.010566825778612898,-0.026228845381076837,-0.01308753425261644,-0.04331254984807531,-0.04331254984807531,5.0,0.003918359819543138,-0.03263523455620132,-0.019580379422006855,-0.04960654623065386,0.06958762886597936
LO_n2_m3_touch,20240712,6442,855,1473,202405,117.97,57.83,-0.02142236583135204,0.0747626153048826,0.10194532736512296,0.11867315017142444,-0.09356110168352805,7.0,-0.049467579502510906,0.04396082080279795,0.07036449914995035,0.08661291659435189,0.17597471022128564
LO_n2_m3_touch,20260129,6442,1233,1473,202512,-12.74,64.25,0.02667921594481215,-0.01645856623774289,0.05256188525434524,0.009424103071790091,0.170471823219996,10.0,0.009129143877379509,-0.033271240319149076,0.034569374395296615,-0.007831009801231859,0.07826086956521738
LO_n2_m3_touch,20251211,6443,1200,1474,202510,-59.36,-61.27,0.09138588921864477,0.19910709386879666,0.31816737269264905,0.22462001075962235,0.6498352922733801,10.0,0.06699737772772552,0.17231140462033223,0.2887111185542659,0.19725420046331799,0.45999999999999996
LO_n2_m3_touch,20211122,6446,215,1475,202110,10.64,5.13,-0.0023494131702994636,0.041503359877159696,0.068911343031822,0.12372730934114617,0.46632709877442236,10.0,0.0201963628032531,0.06504015897042903,0.0930675315749141,0.149122276783884,0.13259668508287303
LO_n2_m3_touch,20220218,6446,271,1475,202201,107.92,107.92,-0.014221792346795548,-0.03339413998348695,-0.07014113962047819,-0.05096879198378701,-0.10369274798468764,4.0,-0.014221792346795548,-0.03339413998348695,-0.07014113962047819,-0.05096879198378701,0.0016103059581320522
LO_n2_m3_touch,20260616,6449,1320,1476,202605,12.27,22.08,0.05499450570717257,0.026545215665631172,0.01587673190005301,-0.0997439223304345,-0.085378133856984,4.0,0.05122666818678989,0.022878982752539523,0.012248600714695579,-0.10295912260782591,0.15412186379928317
LO_n2_m3_touch,20260410,6451,1274,1477,202602,-45.36,-18.89,0.09092655172318254,0.09322323920049436,0.04728948965425528,0.1598271760425416,-0.07673163412059081,10.0,0.06624495553035015,0.06848968175251935,0.023595157309136194,0.1335867421954251,0.22685185185185186
LO_n2_m3_touch,20220823,6461,398,1480,202207,-85.81,33.59,0.014108845018888205,-0.020019818034632042,-0.020019818034632042,-0.0029554865078719184,-0.020019818034632042,2.0,0.04359620713701018,0.008475180935283877,0.008475180935283877,0.026035694036147028,0.025798525798525818
LO_n2_m3_touch,20260105,6461,1215,1480,202511,-84.07,213.17,-0.060900513928142774,-0.09320369035321896,-0.09551106009786714,-0.07474473239603252,-0.060900513928142774,1.0,-0.06955580873064837,-0.10156126002738286,-0.10384736369143521,-0.08327243071496304,0.009302325581395321
LO_n2_m3_touch,20220808,6465,387,1483,202206,-41.32,12.91,0.000777831762314829,-0.06378847996428605,0.02875656684384187,-0.014287640973892124,-0.06378847996428605,2.0,0.020704823987670595,-0.04514710014056622,0.04924065777657316,0.005339375024415283,0.10845986984815625
LO_n2_m3_touch,20230413,6465,549,1483,202303,178.04,39.99,0.039123489734923744,0.02891598983575938,0.012583989997096756,0.012583989997096756,-0.05886850929705323,6.0,0.012052136294935734,0.002110563246851882,-0.013795953630082236,-0.013795953630082236,0.08230452674897126
LO_n2_m3_touch,20250107,6477,974,1488,202411,-29.45,-41.65,0.018509759850062757,-0.03040881235948467,-0.05424093728208457,-0.04671500309600041,-0.03040881235948467,2.0,0.015941008879444718,-0.03285418735983903,-0.0566262060405156,-0.0491192527729335,0.09481668773704177
LO_n2_m3_touch,20260518,6485,1299,1490,202604,-18.69,-15.81,-0.017017759710479807,0.028915989835759603,-0.039984634483599346,0.07025636442737482,0.06106961451812687,10.0,-0.08873749398053066,-0.04615513388616288,-0.11002867402771443,-0.00783100980123197,0.09722222222222232
LO_n2_m3_touch,20260527,6488,1306,1492,202604,-10.13,-10.27,-0.011031554930905463,0.08285110220618219,0.013505957729924356,0.013505957729924356,-0.1347859666116119,7.0,-0.016320156241435346,0.07706045460080158,0.008086139774149403,0.008086139774149403,0.11827956989247301
LO_n2_m3_touch,20260714,6488,1338,1492,202606,-1.62,-7.6,-0.030752405614404843,-0.09932225170707065,-0.18478802344289624,-0.20779803891023374,-0.09932225170707065,2.0,-0.07062651551001464,-0.1363754502127923,-0.21832522501011886,-0.2403886259170912,0.05610561056105601
LO_n2_m3_touch,20211221,6492,236,1494,202111,0.0,-2.99,-0.0789992496045191,-0.05806741436825813,-0.12086292007704091,-0.12504928712429308,-0.0789992496045191,1.0,-0.03842652932277979,-0.01657258680738849,-0.08213441435356261,-0.08650520285664087,-0.025316455696202556
LO_n2_m3_touch,20221206,6492,471,1494,202210,66.0,66.6,-0.05457453365558096,-0.019893854666870325,-0.041003833181737726,-0.05608238926378584,-0.05457453365558096,1.0,-0.08246319047990025,-0.04880554036991258,-0.06929280565425289,-0.08392656657163877,0.03039513677811545
LO_n2_m3_touch,20240716,6492,857,1494,202406,0.0,0.0,0.021656530117262873,0.07889704878257642,0.007780040743853522,-0.06160240612319312,-0.06160240612319312,5.0,0.01632614822099887,0.0732680207019718,0.002522057922581311,-0.06649839356950682,0.1276223776223775
LO_n2_m3_touch,20251021,6492,1164,1494,202509,95.23,10.66,-0.07512929402014057,-0.06551525341743925,-0.08089771838176141,-0.14435038635958952,-0.07512929402014057,1.0,-0.07333342857163594,-0.06370071992892945,-0.07911305375725997,-0.1426889307991227,0.015503875968992276
LO_n2_m3_touch,20211222,6499,237,1498,202111,-95.97,-88.29,0.09104493767562127,0.10468299939656656,0.07058784509420346,0.05126725765619766,0.00012452620265279712,10.0,0.07868882286615775,0.09217243315198487,0.05846340743741729,0.0393616261991625,0.15693012600229106
LO_n2_m3_touch,20250617,6499,1077,1498,202505,70.22,95.34,0.017987514107286273,-0.022584452034670854,-0.07053313929334726,-0.052091336501548735,-0.011519370359591496,10.0,0.029468576296466154,-0.011560968411001848,-0.060050430338009164,-0.041400637289160214,0.09293680297397766
LO_n2_m3_touch,20251015,6499,1160,1498,202509,58.4,41.35,-0.03090470724771477,-0.027059091006634284,-0.050132788453117305,-0.04940895264723755,-0.11953452171424472,6.0,-0.0195035861565116,-0.015612727371418389,-0.03895788008197765,-0.03822552856073469,0.023255813953488413
LO_n2_m3_touch,20260318,6499,1259,1498,202602,32.3,23.75,-0.040228364583232534,-0.13337075958148437,-0.20302507236278555,-0.2143641465364856,-0.040228364583232534,1.0,-0.05942379729156799,-0.15070334438985478,-0.2189645709155299,-0.23007686360575597,0.09387755102040818
LO_n2_m3_touch,20211019,6506,191,1501,202109,37.77,20.48,-0.056591451627239775,-0.14987229685960257,-0.2049927963150897,-0.2261929884133539,-0.14987229685960257,2.0,-0.04018434643814828,-0.1350874672397695,-0.1911665840770912,-0.21273547516836877,0.0
LO_n2_m3_touch,20240912,6517,897,1509,202407,-25.17,-15.34,-0.01335072601930598,0.08462423685150422,0.1301618956506132,0.1039432436147627,0.11498267605091028,10.0,-0.02420793948814426,0.07268889449275329,0.11772545113176203,0.09179531246081774,0.17385257301808066
LO_n2_m3_touch,20260904,6538,1376,1520,202607,63.36,-6.5,0.008705140035414116,0.061620819512681946,0.1542232585979002,0.21706062797715564,0.2832052273237402,10.0,0.024066132015649,0.07778763402302746,0.17180026253593939,0.2355945461697011,0.2333333333333334
LO_n2_m3_touch,20240705,6541,850,1521,202405,157.69,-58.92,-0.003427892980823022,-0.0019601873740201503,0.06995738735932266,0.009781457480403155,0.014184574300811548,10.0,-0.03206502249286847,-0.03063949233453689,0.03921148542370978,-0.019235251067884374,0.08579881656804744
LO_n2_m3_touch,20240830,6541,888,1521,202407,88.36,-44.87,-0.015832372625415814,-0.019833054037507458,-0.05183850533424195,-0.06384054957051732,-0.05183850533424195,3.0,-0.0024240943233097,-0.006479280931751319,-0.03892077379928616,-0.05108633362461157,0.008064516129032251
LO_n2_m3_touch,20260323,6547,1262,1524,202602,-25.17,-10.57,0.04678379699870039,0.028578861398722788,-0.053343348801175416,0.06498873259867755,0.08319366819865492,10.0,-0.047584024433569794,-0.0641477805303774,-0.138684682966011,-0.031020268336762524,0.09908256880733934
LO_n2_m3_touch,20250417,6550,1036,1526,202503,-19.3,-66.66,-0.06329387260737429,-0.03987621942255859,-0.07561895323096146,-0.0867115257921901,-0.06329387260737429,1.0,-0.05389155263354617,-0.030238841449384712,-0.06634034799363109,-0.07754426381770763,-0.006211180124223614
LO_n2_m3_touch,20211208,6556,227,1528,202110,41.31,24.06,-0.06272834933989513,-0.07076210634555313,-0.06272834933989513,-0.11226985087478636,-0.06272834933989513,1.0,-0.009246372126765046,-0.017738546079964168,-0.009246372126765046,-0.06161477817149319,-0.031039136302294157
LO_n2_m3_touch,20250415,6560,1034,1530,202503,661.56,271.29,0.07365146765470554,0.0017551640171136196,0.1008122934733513,0.022525207290195803,0.1822947709292888,10.0,0.07365146765470554,0.0017551640171136196,0.1008122934733513,0.022525207290195803,0.11111111111111116
LO_n2_m3_touch,20251016,6560,1161,1530,202509,73.16,137.07,-0.015463078956607146,-0.06670697185698304,-0.053623424733482805,-0.074339041012358,-0.06670697185698304,2.0,0.00553153552131036,-0.04680510032531382,-0.03344255500277149,-0.05459991843013001,-0.004395604395604491
LO_n2_m3_touch,20230718,6569,614,1533,202306,14.93,-11.69,0.08953136774163784,0.07562245666408507,0.1266217972817787,0.09880397512667294,0.01303235681509718,10.0,0.07446872210465671,0.060752100120341934,0.11104638072949613,0.08361313676086635,0.1448598130841121
LO_n2_m3_touch,20240820,6570,880,1534,202407,-13.51,-8.45,-0.028302171909872276,-0.0037367773795037307,-0.02284319534756818,-0.05559705472139265,-0.078797705111185,4.0,-0.09432779356215026,-0.07143158609602474,-0.08923974745856689,-0.11976802408006737,0.0729023383768912
LO_n2_m3_touch,20260527,6570,1306,1534,202604,9.7,15.29,0.012661292922322653,0.019492060496840935,0.0331535956458775,0.01095360102869325,-0.011246393588490888,4.0,0.01440726066874043,0.021249805428732005,0.034934894948714934,0.012696624478742757,0.03716216216216206
LO_n2_m3_touch,20250820,6573,1123,1535,202507,-1.78,-11.46,-0.07667538871298307,-0.08477472740848324,-0.09287406610398352,-0.10502307414723355,-0.10502307414723355,5.0,-0.05743945931117034,-0.06570753422949338,-0.07397560914781665,-0.08637772152530099,0.004081632653061273
LO_n2_m3_touch,20251030,6573,1170,1535,202509,0.79,-11.94,-0.050702509377721916,-0.13644550853070192,-0.20381500786518614,-0.038453509498724836,-0.13644550853070192,2.0,-0.05652642036313471,-0.14174338884646454,-0.2086995783690807,-0.04435256772265905,0.015432098765432167
LO_n2_m3_touch,20250605,6574,1069,1536,202504,-3.08,13.4,-0.02349683596226515,-0.0454289925877116,-0.05691726510580264,-0.050650934641389256,-0.122713734982142,4.0,0.003980525796372314,-0.018568769435417853,-0.03038030503302236,-0.02393764925251074,0.05263157894736836
LO_n2_m3_touch,20260317,6574,1258,1536,202602,39.75,45.93,0.08803072838222392,0.17909937965650702,0.2797542047491355,0.17430629274733422,0.04489294619966877,10.0,0.08279981141884796,0.17343063263892766,0.27360154030322614,0.16866058941681827,0.4154589371980677
LO_n2_m3_touch,20240315,6577,774,1538,202402,29.53,14.57,0.026234878274262297,0.09862489043468736,0.12843254250074487,0.20082255466116994,0.18378961062342292,10.0,0.0004716595728164741,0.07104434925222658,0.10010369206139558,0.1706763817408059,0.23175965665236054
LO_n2_m3_touch,20260224,6588,1244,1545,202601,634.3,634.3,-0.0745688342540638,0.014414931683045529,0.023313308276756484,-0.17067130146614184,-0.0745688342540638,1.0,-0.06619389157763012,0.023595157309136194,0.032574062197813,-0.16316606437533776,0.10313901345291487
LO_n2_m3_touch,20211224,6593,239,1550,202111,0.23,12.65,-0.024058072725043456,-0.06578480595770209,-0.05419404672640793,-0.08433002072777229,-0.024058072725043456,1.0,-0.024058072725043456,-0.06578480595770209,-0.05419404672640793,-0.08433002072777229,0.07476635514018692
LO_n2_m3_touch,20230517,6593,572,1550,202304,15.57,-3.85,-0.017526472246170988,-0.0676196948783564,-0.03530148672855937,-0.04822876998847825,-0.0676196948783564,2.0,-0.017526472246170988,-0.0676196948783564,-0.03530148672855937,-0.04822876998847825,0.016286644951140072
LO_n2_m3_touch,20240926,6593,906,1550,202408,-15.77,1.89,0.0072546005760592,-0.0356813674208466,-0.0380022305558142,-0.09254251422755944,-0.0356813674208466,2.0,-0.010111858054562384,-0.05230755074117677,-0.05458839899450707,-0.10818833294777386,0.07134502923976593
LO_n2_m3_touch,20240621,6598,840,1554,202405,23.32,5.72,-0.09051175898446273,-0.10675262043116873,-0.08460599118566059,-0.09641752678326487,-0.09051175898446273,1.0,-0.08506572161311199,-0.10140383372716355,-0.07912458993527505,-0.09100685329094893,-0.005952380952381042
LO_n2_m3_touch,20241016,6609,917,1559,202409,106.05,-0.45,0.0011887082914843194,0.014718285430558309,0.00569856733784202,0.06432673494049657,-0.052929600264812304,10.0,-0.007831009801231859,0.00557667925550831,-0.0033617801156520244,0.054738205796888595,0.11363636363636354
LO_n2_m3_touch,20260330,6609,1267,1559,202602,-28.05,-18.6,-0.08136824083949346,-0.06736114921315794,-0.10588065118558077,-0.11288419699874852,-0.08136824083949346,1.0,-0.08674035639013977,-0.07281517758033251,-0.11110941930730256,-0.11807200871220624,0.05529411764705894
LO_n2_m3_touch,20250716,6617,1098,1565,202506,-29.18,7.61,0.08944045982609827,0.09916760678883141,0.055395445456532855,-0.007831009801231748,-0.012694583282598426,4.0,0.058313589545352595,0.06776281802343598,0.025241289872060424,-0.03617869523548234,0.15686274509803932
LO_n2_m3_touch,20260707,6617,1334,1565,202605,68.48,25.96,0.04555924976103354,-0.02117857469179829,-0.06567045766035295,-0.03452613958236461,-0.06567045766035295,3.0,0.06465622235940849,-0.0033005577911918715,-0.048605077891592297,-0.016891913821311944,0.07623318385650224
LO_n2_m3_touch,20250613,6637,1075,1570,202505,955.87,114.73,0.01426182196432757,-0.011847888304060916,-0.04699557520381481,0.01426182196432757,0.01426182196432757,10.0,0.012212808182581414,-0.01384415519637594,-0.04892083666804947,0.012212808182581414,0.022267206477732726
LO_n2_m3_touch,20260115,6641,1223,1572,202512,-6.39,-3.08,-0.10631837279890355,-0.08260845207724188,-0.10996605290992867,-0.13185213357607783,-0.10631837279890355,1.0,-0.08787466191858073,-0.06367541825519618,-0.09159762248217862,-0.11393538586376417,-0.020220588235294157
LO_n2_m3_touch,20260128,6657,1232,1580,202512,86.83,-0.96,0.025241289872060424,-0.061114159274869406,-0.10337320885740964,-0.11807200871220613,-0.061114159274869406,2.0,0.025241289872060424,-0.061114159274869406,-0.10337320885740964,-0.11807200871220613,0.07777777777777772
LO_n2_m3_touch,20250513,6658,1053,1581,202504,76.53,73.69,-0.006534056872867455,0.0920343656828273,0.0609074954020814,0.11408256546502193,0.03962542344601405,10.0,-0.0026227736322095296,0.09633371357921616,0.06508429656508175,0.11846871729756137,0.16078431372549007
LO_n2_m3_touch,20260429,6658,1287,1581,202603,60.86,27.31,0.012486443922975043,-0.02814846352543876,0.06328007823349191,0.10391498568190571,0.3070895229239745,10.0,-0.011138239768561098,-0.05082499937651197,0.03847020974137716,0.07815696934932803,0.13993174061433455
LO_n2_m3_touch,20260623,6693,1324,1601,202605,115.16,78.42,0.05299964710313221,0.023633123080335938,-0.07285688442313842,-0.016221445236316523,-0.07285688442313842,3.0,0.0994896977478621,0.06882663844812109,-0.03192341353674277,0.02721248654132946,0.10782241014799165
LO_n2_m3_touch,20240530,6695,825,1602,202404,-34.2,-18.63,0.021556224041044736,0.02295561612877184,0.01595865569013455,-0.06800486957351282,-0.07920000627533252,4.0,-0.005105270817169161,-0.003742401325138145,-0.010556748785294445,-0.09232891830717094,0.056417489421720646
LO_n2_m3_touch,20211214,6698,231,1604,202111,59.65,38.84,0.08948194019694156,0.19737238476013386,0.19737238476013386,0.14236941302203587,0.13390741737002076,10.0,0.03225662616639502,0.13448009788384407,0.13448009788384407,0.08236617112592892,0.24733475479744138
LO_n2_m3_touch,20250221,6680,1000,1594,202501,38.25,38.25,-0.0445780094382231,-0.049171384392847184,-0.06295150925671888,-0.08591838402983876,-0.0445780094382231,1.0,-0.053343348801175194,-0.05789458270116965,-0.07154828440115268,-0.09430445390112463,0.04166666666666674
LO_n2_m3_touch,20260313,6683,1256,1595,202602,46.93,46.8,-0.007831009801231859,0.018509759850062757,0.05363078605178928,0.12826296673045756,-0.034171779452526585,7.0,-0.02508612267425392,0.0007965466352790607,0.03530677238132318,0.10864100209166683,0.13716814159292046
LO_n2_m3_touch,20260505,6683,1290,1595,202603,45.33,46.31,-0.07358879862532175,-0.07745690385026838,-0.14514874528683142,-0.08325906168768804,-0.07358879862532175,1.0,-0.01808068945204555,-0.022180561312371117,-0.09392831886806718,-0.028330369102859243,-0.013645224171540016
LO_n2_m3_touch,20250512,6684,1052,1596,202503,-0.41,-12.38,-0.019191723429462182,0.020570774269343284,0.009210060641113182,0.12092374465204347,0.07737434241049423,10.0,-0.03394072006962068,0.0052238453329620516,-0.005966030496347141,0.10406774849186218,0.1927480916030535
LO_n2_m3_touch,20260309,6715,1252,1609,202601,26.26,26.26,0.08989869801277961,0.1982512001544008,0.2917317902373684,0.31297737889258803,0.3066037022960222,10.0,0.04086440076067066,0.14434214820471403,0.23361706756820233,0.25390682196899506,0.36616702355460395
LO_n2_m3_touch,20260512,6716,1295,1610,202603,46.68,68.33,-0.05252330665703231,-0.062454928180543434,-0.0862908198369704,-0.098208765665184,-0.05252330665703231,1.0,-0.0628423597528468,-0.0726658151013494,-0.09624210793775578,-0.10803025435595914,0.026026026026025884
LO_n2_m3_touch,20260811,6716,1358,1610,202606,60.57,53.76,0.03489397063794941,0.11559671146751427,0.17256335205308937,0.30548551341943164,0.21054111244347284,10.0,0.029965904111102226,0.11028434617481175,0.16697971704331294,0.29926891573648207,0.3301435406698565
LO_n2_m3_touch,20250808,6727,1115,1616,202506,51.9,-10.91,0.0884554322855684,0.14706457094709902,0.26009648122290807,0.46104209949101294,0.4652284665382651,10.0,-0.00783100980123197,0.04559347428639415,0.1486264078839583,0.33179606761296165,0.5021097046413503
LO_n2_m3_touch,20260526,6727,1305,1616,202604,51.14,133.04,-0.04136053020733477,-0.11908805478511852,-0.10689550191017194,-0.18309895737858728,-0.11908805478511852,2.0,-0.07817681708268076,-0.1529192373192203,-0.14119493610564526,-0.21447181869048781,0.05069124423963123
LO_n2_m3_touch,20250819,6733,1122,1620,202507,55.43,41.04,-0.038395457366596886,-0.06073101520282509,-0.051326569798097355,0.00510010263026861,-0.038395457366596886,1.0,-0.038395457366596886,-0.06073101520282509,-0.051326569798097355,0.00510010263026861,0.013033175355450233
LO_n2_m3_touch,20260730,6733,1350,1620,202606,63.57,14.15,0.0413987492544321,0.012996965183856624,0.03193148789757361,0.04897255833991898,-0.01729827115809035,7.0,0.03941513258918561,0.011067447154935017,0.029965904111102226,0.046974515371652314,0.08206106870229024
LO_n2_m3_touch,20260423,6735,1283,1621,202603,299.59,45.66,0.09093694397421093,0.1986838026383304,0.3019412088581117,0.09093694397421093,0.13583146841759408,10.0,-0.00783100980123197,0.09016098923074511,0.18406998830305632,-0.00783100980123197,0.32579185520361986
LO_n2_m3_touch,20260409,6739,1273,1622,202602,90.86,94.75,-0.011160435942838554,0.0054866947651945885,-0.014489862084445138,0.0487692346060804,0.02213382547322751,10.0,-0.024257648711807578,-0.007831009801231859,-0.027542976493922566,0.03487825136626488,0.12080536912751683
LO_n2_m3_touch,20260428,6743,1286,1625,202603,-6.42,-7.11,-0.0029594762978010225,-0.03543636632067404,-0.04842712232982316,-0.053298655833253994,-0.04842712232982316,3.0,0.015319599970072595,-0.017752699703219688,-0.030981619572536534,-0.03594246452353034,0.03764320785597386
LO_n2_m3_touch,20251107,6751,1176,1627,202509,-29.92,12.7,-0.07794895963860071,0.009698477658110383,-0.01834870227683716,0.08507527373328161,-0.07794895963860071,1.0,-0.10020536406111724,-0.014673554561223323,-0.04204373360118929,0.05888380160868523,0.09363957597173145
LO_n2_m3_touch,20250122,6770,985,1638,202412,2.13,1.59,0.029468576296466154,-0.07248362570390865,-0.07745690385026816,-0.12470304624068573,-0.07248362570390865,2.0,0.053225543441769,-0.05107940168169123,-0.056167447785274494,-0.10450388576931713,0.03759398496240607
LO_n2_m3_touch,20240812,6754,874,1630,202406,47.7,41.91,0.07285363489091679,0.033772010118157336,0.08167851790412084,0.122020840250195,0.03503270769147204,10.0,0.043678381531707666,0.0056595450716807605,0.05226328008719783,0.09150853062658038,0.14993646759847512
LO_n2_m3_touch,20220823,6767,398,1636,202207,63.29,55.68,-0.022280072765291647,-0.007831009801231859,-0.041545490050704736,-0.08970903326423707,-0.10536218480863513,4.0,-0.006607620170900441,0.008073055393076567,-0.026181854256203008,-0.07511743946945904,0.01941747572815533
LO_n2_m3_touch,20260327,6821,1266,1658,202602,-15.67,-7.85,0.0826888801811243,-0.025580007836988106,0.04719088410961203,-0.07705210214068092,0.26017886053868566,10.0,0.07119129915265221,-0.03592783076261297,0.03607027295092591,-0.08685331875511615,0.10196779964221836
LO_n2_m3_touch,20241028,6791,925,1647,202409,18.07,14.38,-0.024647433363923055,-0.044827141639152246,-0.05155371106422857,0.01234869847399711,-0.06500684991438133,10.0,0.013130306893108123,-0.00783100980123197,-0.014818115366012075,0.05155938749939848,0.08135593220338988
LO_n2_m3_touch,20260622,6834,1323,1663,202605,58.66,30.2,-0.007831009801231859,0.09005113272958831,0.11674626251072096,-0.030076951285509135,0.13899220399499845,10.0,-0.012260335650333576,0.08518483302990254,0.1117607881245124,-0.03440696489584183,0.17488789237668168
LO_n2_m3_touch,20260603,6855,1311,1672,202604,14.99,-13.84,-0.03394072006962057,-0.0302107614598508,-0.03394072006962057,-0.056320471728239396,-0.07497026477708857,8.0,0.0037959705526597887,0.007671630670623708,0.0037959705526597887,-0.019457990155123728,-0.003759398496240629
LO_n2_m3_touch,20260224,6861,1244,1675,202601,45.48,45.48,0.0884554322855684,0.19311460846687312,0.3082397022663079,0.512325095819852,0.7111775305643309,10.0,0.08616394716496711,0.19060278823852173,0.30548551341943164,0.5091412535128628,0.5611814345991561
LO_n2_m3_touch,20260303,6861,1248,1675,202601,45.48,45.48,0.04267941151797805,0.10040560731136106,0.0859740583630153,0.07515039665175616,0.13648447968222555,10.0,0.12445818889193694,0.1867119294534283,0.17114849431305568,0.15947591795777605,0.1272727272727272
LO_n2_m3_touch,20240625,6869,842,1679,202405,59.43,4.32,0.09138588921864477,0.09392991227043646,0.17533864992777137,0.37886049407110844,0.2974517564137735,10.0,0.035621646703823506,0.03803568317632666,0.11528485029642543,0.30840776809667236,0.4076923076923078
LO_n2_m3_touch,20260910,6872,1380,1681,202607,32.05,317.75,-0.0783028259274996,-0.16546533534683072,-0.15062916353077438,-0.221100979657042,-0.0783028259274996,1.0,-0.04064593749263079,-0.13136956111002795,-0.11592724219642847,-0.18927825703602608,-0.03925233644859816
LO_n2_m3_touch,20260410,6894,1274,1691,202602,55.41,53.55,-0.021841098237928347,-0.07533416317804154,-0.0982597624380902,-0.11226985087478658,-0.021841098237928347,1.0,-0.06043676390548236,-0.11181912837940111,-0.1338401417253665,-0.147297427659012,0.042362002567394086
LO_n2_m3_touch,20250813,6895,1118,1692,202507,178.06,98.33,0.06168401498976461,0.10802736485042885,0.13330555568351854,0.12698600797524606,0.1880749691552126,10.0,0.050531871975166176,0.0963884219423361,0.12140108556079254,0.11514791965617843,0.16560509554140124
LO_n2_m3_touch,20260519,6902,1300,1695,202604,21.14,25.2,-1.8655547698309682e-05,0.019512230086135673,0.011699875832602125,0.1015419497482386,0.10544812687500538,10.0,-0.015522242283392829,0.0037058389220097077,-0.0039853935601513735,0.08446377998470012,0.1692913385826771
LO_n2_m3_touch,20260624,6909,1325,1701,202605,51.31,-1.1,-0.040684287622383186,-0.09653485991834032,-0.08832154046305252,-0.004545682019116759,-0.09653485991834032,2.0,-0.048560442896419476,-0.10395247190587442,-0.09580658528683694,-0.012718541772654413,0.008278145695364225
LO_n2_m3_touch,20240605,6922,829,1709,202404,35.62,21.61,-0.04099543287194285,-0.07968725978777236,-0.05205024056217977,-0.05481394248473903,-0.07968725978777236,2.0,-0.06698471653394977,-0.10462798445477028,-0.07773993593989847,-0.08042874079138562,0.027855153203342642
LO_n2_m3_touch,20250415,6933,1034,1716,202503,61.79,54.71,0.07237426784956691,0.06643313617172963,-0.03753666819041657,-0.1147713800022967,-0.09100685329094904,4.0,0.029232774315388843,0.023530653682062308,-0.07625645740114695,-0.15038402563438824,0.0988023952095809
LO_n2_m3_touch,20250715,6933,1097,1716,202506,158.75,40.51,-0.04880554036991269,0.04485052950135748,0.14728685592305912,0.2672836954456239,-0.04880554036991269,1.0,-0.06263104123662899,0.029663748549302982,0.13061117487766594,0.2488638742908913,0.26530612244897966
LO_n2_m3_touch,20250721,6933,1101,1716,202506,158.75,40.51,-0.0032269773641147026,-0.02854915576825967,0.003679071291561309,-0.03315318820537683,-0.02854915576825967,2.0,-0.010117113465284322,-0.03526425376986153,-0.0032588024731270426,-0.03983646109796646,0.044083526682134666
LO_n2_m3_touch,20260714,6933,1338,1716,202606,26.6,16.4,0.05398637276566953,-0.0016492715445418638,-0.048012308469718046,0.08180419492077506,-0.048012308469718046,3.0,0.031492761151768134,-0.0229555370908473,-0.0683291189596934,0.05871691027307557,0.07361963190184051
LO_n2_m3_touch,20250807,6949,1114,1723,202506,58.08,76.19,0.08673760154243104,0.1540576299565639,0.26625767731345196,0.1396319095821068,0.1396319095821068,10.0,0.0677628180234362,0.13390741737002054,0.24414841628099482,0.11973357465289536,0.3376413570274637
LO_n2_m3_touch,20261001,6957,1393,1728,202608,-31.15,8.5,-0.02591742368506378,0.059347098910143004,0.043844458438287104,0.15753048856522933,0.15753048856522933,5.0,-0.0025394418535051866,0.08477142928398651,0.06889672544080616,0.18531122029079494,0.171875
LO_n2_m3_touch,20260930,7547,1392,1745,202608,-2.25,27.51,-0.01854888469535454,-0.01854888469535454,-0.024673384634853024,-0.05835813430209513,-0.06295150925671911,4.0,-0.02307170089491506,-0.02307170089491506,-0.029167977332388184,-0.06269749773849098,0.04938271604938271
LO_n2_m3_touch,20260416,7556,1278,1746,202603,12.1,10.79,-0.024367159637878055,0.07301238940014931,0.08219913930939704,0.17222928842002605,0.12262083891008757,10.0,-0.02074027175549098,0.07700128304104203,0.0862221844369413,0.1765870181167548,0.21296296296296302
LO_n2_m3_touch,20260617,7610,1321,1748,202605,462.17,435.16,0.09115021962477332,0.180704665295921,0.13828413839906162,0.06051317242148602,0.1759912734184923,10.0,0.003000529393077711,0.08532022726983146,0.04632668617031643,-0.025161472512127525,0.20902612826603328
LO_n2_m3_touch,20260908,7610,1378,1748,202607,721.99,509.7,-0.024647433363923055,-0.022245087140681186,-0.05107324181958006,-0.20482340010704048,-0.05107324181958006,3.0,-0.024647433363923055,-0.022245087140681186,-0.05107324181958006,-0.20482340010704048,0.02421307506053272
LO_n2_m3_touch,20260114,6969,1222,1735,202512,107.04,80.02,-0.06434696493913628,-0.11835109984868963,-0.11332745939198696,-0.23263892023867427,-0.06434696493913628,1.0,-0.06906058224422906,-0.12279265602073663,-0.1177943235764104,-0.2365047191291597,0.005063291139240533
LO_n2_m3_touch,20230308,7402,526,1744,202301,-64.2,-64.2,0.08981655338177497,0.19618264899183635,0.12643438957540276,0.12469068308999187,0.32521692891223863,10.0,0.016566588318409847,0.11578348733828658,0.05072322568590848,0.04909671914459901,0.23022847100175747
LO_n2_m3_touch,20260401,7721,1269,1765,202602,30.2,15.56,0.001200437443750202,0.07990304915002455,0.052808707415077594,0.0837736693978739,0.12893090562278542,10.0,-0.012919055904815457,0.06467364717483193,0.037961405131018866,0.06848968175251935,0.1378413524057216
LO_n2_m3_touch,20260603,7709,1311,1756,202604,62.9,26.63,-0.04298660394213327,-0.12892250073100286,-0.08595455233656801,-0.09376690659010156,-0.04298660394213327,1.0,-0.039203942297635797,-0.125479506662746,-0.08234172448019084,-0.0901849576042918,0.023622047244094446
LO_n2_m3_touch,20260723,7709,1345,1756,202606,-57.89,6.57,-0.03361925988847769,-0.07162299685915541,-0.11777039175212145,-0.14220136551898577,-0.03361925988847769,1.0,-0.028302171909872276,-0.06651500784600084,-0.11291630862558566,-0.13748170315595398,0.012311901504788114
LO_n2_m3_touch,20260807,7711,1356,1757,202606,140.78,44.46,0.07154250941466955,0.07683407736239634,0.18398832830386325,0.24881003566351612,0.2210293039379505,10.0,0.045067466919378685,0.05022829391651129,0.15473504060844934,0.2179551713233252,0.33066666666666666
LO_n2_m3_touch,20260115,7715,1223,1761,202512,-60.36,-27.75,-0.105485437970402,-0.06512160766047848,-0.0638195486182227,-0.09637102467461278,-0.105485437970402,1.0,-0.09838611604953218,-0.05770193788000599,-0.056389545035827604,-0.08919936614028434,-0.002624671916010568
LO_n2_m3_touch,20260506,7749,1291,1778,202603,109.2,71.31,-0.027096427086644947,-0.009757551529773312,0.030699824769593986,-0.05984763647184699,-0.05984763647184699,5.0,-0.03273100376374927,-0.015492546405083352,0.024730520765136932,-0.06529253433011806,0.08737864077669899
LO_n2_m3_touch,20240311,8040,770,1831,202401,-33.67,-33.67,0.09064730188102788,0.06110380837634999,0.07710653402471723,0.05617989279223701,0.0881853440889715,10.0,0.07860334394614554,0.04938609760900392,0.0652121060416222,0.04451655655281361,0.18734491315136492
LO_n2_m3_touch,20260903,8040,1375,1831,202607,42.52,32.03,-0.0038463953827629904,0.0957689650789606,0.04928179686348977,0.06256384492505274,0.039984363220395336,10.0,-0.0038463953827629904,0.0957689650789606,0.04928179686348977,0.06256384492505274,0.12182061579651937
LO_n2_m3_touch,20260506,8042,1291,1832,202603,20.54,31.16,0.09100083010213833,0.07944905660693902,0.14105851524800128,0.36054221165678424,0.4953129024341074,10.0,0.06214564441933601,0.05089939641960184,0.11087938575151735,0.32455809774646593,0.3712807244501941
LO_n2_m3_touch,20260616,8042,1320,1832,202605,33.35,31.98,0.0076313640719956055,0.005054301759791047,-0.018139259050050316,-0.010408072113436528,-0.08514287916736973,4.0,0.023583311788174965,0.0209654516557245,-0.0025952895363308137,0.005258290861020809,0.036363636363636376
LO_n2_m3_touch,20260414,8043,1276,1833,202603,170.47,80.76,-0.0008274639880642143,0.09838943503181263,0.1275708759200116,0.023684946358023096,0.021350431086967214,10.0,-0.05106518926240744,0.04316315058887232,0.07087736819218993,-0.02778524647562053,0.18823529411764706
LO_n2_m3_touch,20241029,8044,926,1834,202409,-14.48,-8.54,0.03926223245199956,0.034981028610796994,0.05424644589620975,0.20515888129861137,0.1623468428865824,10.0,-0.01994294050559131,-0.023980250740377573,-0.005812354683838561,0.13650283109238348,0.21467098166127285
LO_n2_m3_touch,20241030,8044,927,1834,202409,-14.48,-8.54,-0.011918214704213281,0.006474207359203676,0.04632445516327355,0.21185625373402583,0.032019238002838124,10.0,0.01742037489099557,0.03635891341016606,0.07739241353503568,0.24783926020757052,0.27291452111225545
LO_n2_m3_touch,20240205,8054,753,1841,202312,179.13,23.94,-0.015919343960460908,0.08114066595028802,-0.02670378950609964,-0.16959769298581373,-0.015919343960460908,1.0,0.058893805329094606,0.163332646402649,0.04728948965425528,-0.1064676930373668,0.08967391304347827
LO_n2_m3_touch,20250425,8059,1042,1842,202503,97.24,200.46,-0.03149742608120243,-0.02603594540120935,-0.03513841320119804,-0.07154828440115268,-0.047881868121182114,4.0,-0.013394574232252987,-0.00783100980123208,-0.017103617186267184,-0.05419404672640804,0.025688073394495303
LO_n2_m3_touch,20250912,8059,1140,1842,202507,1543.37,1118.57,0.08539292216375283,0.02213382547322751,-0.03779584507569156,-0.05610768885452766,-0.05777240192533095,4.0,0.055292302788901626,-0.006212463324561823,-0.06448013648468531,-0.08228414772805626,0.1023489932885906
LO_n2_m3_touch,20260505,8064,1290,1843,202603,27.24,29.94,-0.10704790882110882,-0.14276599246826438,-0.17848407611542005,-0.05942379729156799,-0.10704790882110882,1.0,-0.12455677335402826,-0.15957450241986704,-0.19459223148570592,-0.07786646793290974,0.020000000000000018
LO_n2_m3_touch,20221108,8033,451,1827,202209,-32.28,-12.75,-0.05569881195994464,-0.00492993088252236,-0.013633167638651744,0.044388410735545,0.3199909080129808,10.0,-0.00015168325170566987,0.05360360259497665,0.04438841073554567,0.10582302313175407,0.05263157894736836
LO_n2_m3_touch,20230609,8034,589,1828,202304,-81.01,-45.64,0.014925159698739865,0.02857886139872301,0.05133503089869462,-0.00783100980123197,0.01037392579874541,10.0,-0.0033617801156518023,0.010045908941088255,0.032392057368988425,-0.025707928543552083,0.07110091743119273
LO_n2_m3_touch,20251013,8067,1158,1845,202509,-7.48,3.62,-0.07528725842664385,-0.04999116519211433,-0.09496199760905566,-0.13431147597387927,-0.13431147597387927,5.0,-0.11777406006650082,-0.09364021976436865,-0.136544824745937,-0.17408635410480922,0.08498583569405094
LO_n2_m3_touch,20240828,8080,886,1854,202407,-2.03,-29.74,0.08634096214983744,0.19228443059479083,0.2528235554204783,0.3049544684648202,0.1906027882385215,10.0,0.08634096214983744,0.19228443059479083,0.2528235554204783,0.3049544684648202,0.3152542372881355
LO_n2_m3_touch,20260115,8080,1223,1854,202512,229.71,25.24,-0.1065284486168161,-0.054582428187561205,-0.14912418536880523,-0.17717503640060273,-0.1065284486168161,1.0,-0.1065284486168161,-0.054582428187561205,-0.14912418536880523,-0.17717503640060273,0.0
LO_n2_m3_touch,20260605,8085,1313,1858,202604,-0.76,8.33,-0.0685760500174829,-0.08207494784331648,-0.1360705391466508,-0.13944526360310916,-0.0685760500174829,1.0,0.03335336337683015,0.01837722767571659,-0.0415273151287372,-0.04527134905401564,-0.017006802721088454
LO_n2_m3_touch,20230113,8087,498,1860,202212,2194.28,295.09,-0.0226395021922583,-0.019348726105363423,-0.0226395021922583,-0.03909338262673201,-0.03086644240949521,4.0,0.023174271142479608,0.02661930235844756,0.023174271142479608,0.005949115062639843,0.0
LO_n2_m3_touch,20260224,8087,1244,1860,202601,883.39,883.39,0.09109060082870468,0.012839177494575527,0.03941513258918539,0.09404348472810553,0.005456967746072738,10.0,-0.007831009801231859,-0.0789879197884239,-0.05482142205692464,-0.005145843386621052,0.20833333333333326
LO_n2_m3_touch,20260226,8087,1246,1860,202601,883.39,883.39,0.018202578862875685,0.1194443125566278,0.07171606667243013,0.028326752232250785,-0.05700556616676855,6.0,0.03633081468832744,0.1393750718306328,0.09079706489211703,0.04663524040255784,0.15160349854227406
LO_n2_m3_touch,20240410,8096,790,1866,202402,117.02,140.95,-0.02375667577552998,-0.020571542580670288,-0.04127490834725778,-0.0922370394650115,-0.1097552720367394,4.0,-0.04968813907524261,-0.046587610980871275,-0.0667410435942839,-0.11634949310422216,0.0658105939004816
LO_n2_m3_touch,20251223,8131,1208,1881,202511,46.62,8.44,-0.035107133243122424,-0.024878586952413295,-0.041926164103595176,0.10297824168144842,0.14730194227452031,10.0,-0.04169343267490999,-0.031534705812806485,-0.04846591724964566,0.09544937996348613,0.1116838487972509
LO_n2_m3_touch,20260601,8150,1309,1883,202604,32.22,27.09,-0.0814285217502485,-0.1075137158587608,-0.07677045137372862,-0.18763252633490535,-0.0814285217502485,1.0,-0.06384820637704758,-0.09043263865031603,-0.05910098632824978,-0.1720848234896405,0.032863849765258246
LO_n2_m3_touch,20260320,8155,1261,1884,202602,28.38,37.97,-0.04390988217209624,-0.09802819072839275,-0.03308622046083676,-0.011438897038318241,-0.09802819072839275,2.0,-0.00783100980123197,-0.06399151868040753,0.0034010919746034762,0.02586529552627348,0.045454545454545414
LO_n2_m3_touch,20241122,8171,943,1887,202410,-4.94,20.72,0.03655865481467435,0.007765358847599879,0.10854189473235998,0.03535893414937963,-0.04022346776419039,10.0,0.03530677238132318,0.006548250926286414,0.1072030760189151,0.03410850065403004,0.11729141475211602
LO_n2_m3_touch,20260319,8240,1260,1898,202602,-26.53,-17.77,-0.06776068035015093,-0.08274309798738055,-0.0927313764122003,-0.15599047310272585,-0.06776068035015093,1.0,-0.05507715219164944,-0.07026341224571209,-0.0803875856150873,-0.14450735028779682,-0.0134228187919464
LO_n2_m3_touch,20260623,8255,1324,1900,202605,-11.62,-7.0,-0.02523748331349096,-0.06751034755754881,-0.12967632438704557,-0.0849168210698078,-0.02523748331349096,1.0,-0.0027429636976484817,-0.04599135557810763,-0.1095919318729005,-0.06379951694064967,0.012531328320801949
LO_n2_m3_touch,20260623,8261,1324,1901,202605,1.15,6.5,-0.05934747660001416,-0.025003165400825922,-0.06888756304423305,0.03223735326448751,-0.05934747660001416,1.0,-0.019760897458932614,0.01602876551416932,-0.029702470507016465,0.07567820380267243,0.0807692307692307
LO_n2_m3_touch,20260421,8271,1281,1902,202603,292.7,243.65,0.0906984742138881,0.01737420703984527,-0.0834466603244638,0.031122507134978328,-0.0834466603244638,3.0,0.03568517397941573,-0.03394072006962068,-0.12967632438704568,-0.020885864935426213,0.18244803695150114
LO_n2_m3_touch,20260123,8277,1229,1904,202512,-34.77,-16.98,-0.049171384392847406,-0.09326778395723723,-0.07213825916596706,-0.07673163412059092,-0.049171384392847406,1.0,0.011719118084458024,-0.03520118884119805,-0.012718541772654413,-0.017606073744076856,-0.0185185185185186
LO_n2_m3_touch,20260604,8277,1312,1904,202604,-58.95,-53.69,-0.09464579644362425,-0.11945002119859338,-0.06984157168865501,-0.18394100556151338,-0.18394100556151338,5.0,-0.012340868847590003,-0.03940002312573809,0.014718285430558087,-0.10975382424892366,-0.04999999999999993
LO_n2_m3_touch,20240716,8291,857,1908,202406,28.33,-66.18,-0.05702947212513765,-0.09802819072839264,-0.12672729375067093,-0.09392831886806696,-0.12672729375067093,3.0,-0.05311673134557404,-0.09428556911315789,-0.12310375555046638,-0.09016868533639932,-0.004132231404958553
LO_n2_m3_touch,20260724,8291,1346,1908,202606,59.85,189.77,0.09026830212079884,0.09275182900490098,-0.01652335389558901,-0.0065892463591809,-0.01900688077969115,4.0,0.09026830212079884,0.09275182900490098,-0.01652335389558901,-0.0065892463591809,0.20775969962453056
LO_n2_m3_touch,20240529,8374,824,1916,202404,-12.48,-12.28,0.09065635319643994,0.19826291647167382,0.31681252007998273,0.20373443663821122,0.243858917859485,10.0,0.040907116033093605,0.14360530975542218,0.2567473875851065,0.14882725180909984,0.34191176470588247
LO_n2_m3_touch,20241007,8404,911,1921,202408,25.36,35.21,-0.03297042678261963,-0.0011271652728618298,-0.026266582254249604,-0.027942543386342278,0.17317279246475947,10.0,-0.024733377607003115,0.007381121223962284,-0.017972430484694657,-0.019662667265271883,0.02533783783783794
LO_n2_m3_touch,20211116,8427,211,1935,202110,,,-0.005160299195044127,-0.006495654498138048,-0.0038249438919504275,-0.002489588588856395,-0.013172431013607544,8.0,-0.006497449330534755,-0.00783100980123208,-0.005163888859837651,-0.003830328389140214,0.008075370121130687
LO_n2_m3_touch,20240419,8438,797,1943,202403,7.46,-6.88,-0.10650721727331669,-0.1186727770986421,-0.10650721727331669,0.004334550024093442,-0.10650721727331669,1.0,-0.11375175334947885,-0.12581867350054488,-0.11375175334947885,-0.0038087030842097747,0.06267029972752036
LO_n2_m3_touch,20260105,8438,1215,1943,202511,17.99,11.75,-0.015864766806889974,-0.004818350924110204,0.04237997148413086,0.04237997148413086,0.259291410636898,10.0,0.01495366429519085,0.026346001343402037,0.0750223505493961,0.0750223505493961,0.06275303643724706
LO_n2_m3_touch,20211228,8440,241,1944,202111,21.84,24.7,0.02046614499944588,-0.021979587201570894,-0.0007567211010625075,-0.04673959765216407,0.016929000649361203,10.0,0.011451426404044396,-0.030619343498376805,-0.009583958547166205,-0.05516062594145599,0.089126559714795
LO_n2_m3_touch,20220322,8440,292,1944,202202,6.45,9.76,-0.03690092925928501,0.022502819198475743,-0.07860994413388278,-0.1443332402999159,-0.16961143113300559,4.0,-0.006527239774689497,0.05474995147280337,-0.04955165065058864,-0.11734769203079354,0.04713375796178343
LO_n2_m3_touch,20220419,8440,310,1944,202203,14.49,11.6,0.009197062112934695,-0.023723876921120657,-0.09524177896061992,-0.0407519488352871,-0.023723876921120657,2.0,0.025625851496168472,-0.007831009801231859,-0.08051315675765325,-0.02513628288609404,0.05949656750572063
LO_n2_m3_touch,20240628,8440,845,1944,202405,7.59,5.75,0.09084547036176849,0.19892924173706317,0.22294785759823976,0.15889821530176862,0.09084547036176849,1.0,0.07501411462888385,0.1815292746104613,0.20519931016192317,0.14207921535802548,0.15438596491228074
LO_n2_m3_touch,20250721,8472,1101,1957,202506,123.6,32.56,-0.03313222266604576,-0.11807200871220624,-0.07108404196326634,-0.07108404196326634,-0.11807200871220624,2.0,-0.11235717432050019,-0.19033701134281134,-0.14719922916025618,-0.14719922916025618,0.08925318761384338
LO_n2_m3_touch,20260115,8476,1223,1959,202512,167.51,-20.3,-0.10604571792191797,-0.025870445986663992,-0.06996684555105381,-0.15815964467983323,-0.10604571792191797,1.0,-0.10964311945945548,-0.029790484433397824,-0.07370943369772964,-0.16154733222639328,0.010101010101010166
LO_n2_m3_touch,20231227,8477,726,1960,202311,-27.92,-44.58,-0.02973319501533278,0.020641830977099263,0.03378314210555988,-0.0516353802294337,-0.0976299691790452,7.0,-0.031870346568162455,0.018393721217237813,0.031506086726472704,-0.05372428908355387,0.050772626931567366
LO_n2_m3_touch,20250704,8478,1090,1961,202505,-0.92,-23.69,-0.054272962533940206,-0.033162984019072694,-0.02894098831609926,-0.1070479088211087,-0.054272962533940206,1.0,-0.054272962533940206,-0.033162984019072694,-0.02894098831609926,-0.1070479088211087,0.012765957446808418
LO_n2_m3_touch,20220822,8480,397,1962,202207,,,-0.006645622716167754,-0.006645622716167754,-0.005460235631103316,-0.004274848546039212,-0.003089461460974996,10.0,-0.007831009801231859,-0.007831009801231859,-0.006647037259228439,-0.005463064717225241,0.0035842293906809264
LO_n2_m3_touch,20240604,8455,828,1951,202404,-34.42,-14.24,-0.036946578362369475,-0.07614061296390096,-0.13773123876630755,-0.13773123876630755,-0.07614061296390096,2.0,-0.036946578362369475,-0.07614061296390096,-0.13773123876630755,-0.13773123876630755,0.0
LO_n2_m3_touch,20260520,8455,1301,1951,202604,-6.69,7.69,-0.027151597239237768,-0.08852287498349132,-0.06692927725866138,-0.09647841098737597,-0.07488481326254603,10.0,-0.09263177819428914,-0.14987229685960257,-0.12973211436625154,-0.15729236409399505,0.07216494845360821
LO_n2_m3_touch,20250711,8499,1095,1968,202505,-5.44,13.78,-0.0016428456211979858,0.006608039952180622,0.06023879617914085,0.20050385092657597,0.10561866683272303,10.0,-0.09223101841927461,-0.0847287954310042,-0.035964346007246295,0.09157344479335161,0.22661122661122657
LO_n2_m3_touch,20250813,8935,1118,1985,202507,-2.68,-3.32,-0.08737198369902355,-0.02248329446661468,-0.05806741436825824,-0.15854022350231067,-0.08737198369902355,1.0,-0.0554897822561945,0.011665760748525544,-0.025161472512127525,-0.12914424877750041,0.0042194092827005925
LO_n2_m3_touch,20240710,8937,853,1987,202405,8.83,-37.87,0.008078405493500584,0.012417336937518453,0.0803939295604661,0.05002140945234057,0.15126314314609224,10.0,0.006611042457847605,0.010943658135571521,0.0788213037532457,0.04849299400917828,0.12099125364431496
LO_n2_m3_touch,20220825,9928,400,2017,202207,16.39,10.68,-0.07004096256289116,-0.0014505018256771862,0.01131051412543238,-0.014211517776786753,-0.07004096256289116,1.0,-0.07892592151929656,-0.010990783655367986,0.0016483117611767462,-0.02362987907191294,0.04662379421221852
LO_n2_m3_touch,20221103,9928,448,2017,202209,-1.63,7.61,-0.06688868778925383,-0.09051175898446273,-0.0975986803430251,-0.024367159637878166,0.034690518350143806,10.0,-0.012829342245558206,-0.037821004467189834,-0.04531850313367902,0.032155649753378146,0.01904761904761898
LO_n2_m3_touch,20240522,9955,819,2037,202404,77.04,23.26,-0.07502970634855877,-0.09347640736155038,-0.08161781385319866,-0.09611165036340652,-0.07502970634855877,1.0,-0.03263523455620121,-0.05192740936562168,-0.039525296988137115,-0.054683434338396175,-0.03452855245683928
LO_n2_m3_touch,20260504,9960,1289,2039,202603,4.39,2.82,-0.021844696103474393,-0.024647433363922944,-0.033055645145268375,-0.020443327473250172,-0.05968164911952922,10.0,0.012476542629736853,0.009575463711027021,0.0008722269548975259,0.013927082089091769,-0.007062146892655385
LO_n2_m5_close,20250904,1256,1134,27,202507,12.59,-8.55,0.049965242055006964,0.037121630531398386,0.046754339174104986,0.16876864864838725,0.10133968814944172,10.0,0.023467696514186676,0.010948213988019262,0.020337825882644767,0.1392729098812353,0.1779935275080906
LO_n2_m5_close,20241218,1213,961,10,202411,53187.09,57.87,-0.10585968248554123,-0.04941893154609034,-0.04941893154609034,0.012962951071197493,-0.10585968248554123,1.0,-0.017622151151877596,0.04438841073554545,0.04438841073554545,0.11292640019006561,0.03592814371257491
LO_n2_m5_close,20250625,1225,1083,17,202505,-0.82,-3.48,-0.09114290974158645,-0.1769794127104366,-0.17445480968194083,-0.19591393542415347,-0.09114290974158645,1.0,-0.07346086518402983,-0.16096733902776028,-0.15839361920882689,-0.1802702376697597,-0.007633587786259444
LO_n2_m5_close,20260331,1309,1268,40,202602,-43.0,-28.24,0.015843304498522004,0.11699719287019672,0.14067150716995047,0.009386673325861628,-0.0272009033192121,6.0,0.06432673494049679,0.17030842252991052,0.19511264728487987,0.05756194637095957,0.17136659436008683
LO_n2_m5_close,20260604,1312,1312,42,202604,-5.45,19.97,0.0061432013283282405,-0.046260090407522325,-0.039272984842742,-0.11555757768806474,-0.046260090407522325,2.0,0.0061432013283282405,-0.046260090407522325,-0.039272984842742,-0.11555757768806474,0.01760563380281699
LO_n2_m5_close,20260828,1312,1371,42,202607,-5.01,13.27,0.09033411997108431,0.09734591495482126,0.06929873501987371,0.023722067625584042,0.006192580166241912,10.0,0.08649491532329878,0.09348202088807911,0.06553359862895869,0.02011741245788845,0.16607773851590113
LO_n2_m5_close,20220831,1410,404,62,202207,-25.55,-16.89,-0.01998452749854418,-0.04871102387400972,-0.06086454157132182,-0.09401049892762825,-0.04871102387400972,2.0,-0.022162339659658636,-0.05082499937651208,-0.062951509256719,-0.09602380893001139,0.027839643652561197
LO_n2_m5_close,20230414,1529,550,127,202303,513.9,297.63,0.09138588921864499,0.13487822851502917,0.14846958454514958,0.04925268552527262,0.14167390653008938,10.0,0.06228226550614768,0.10461480908796172,0.1178437289572789,0.021272613911265337,0.23287671232876717
LO_n2_m5_close,20260527,1591,1306,154,202604,510.66,743.74,-0.09194968505721435,-0.1329305781306418,-0.0951850187209059,-0.06714546030224522,-0.09194968505721435,1.0,-0.06344586351192516,-0.10571315233205214,-0.06678275473456674,-0.037863030805006304,-0.023913043478260954
LO_n2_m5_close,20260728,1591,1348,154,202606,126.96,417.23,-0.04599135557810763,-0.11515698229869487,-0.0769966365218191,-0.13185213357607806,-0.04599135557810763,1.0,-0.04599135557810763,-0.11515698229869487,-0.0769966365218191,-0.13185213357607806,0.03485576923076916
LO_n2_m5_close,20260805,1595,1354,157,202606,27.89,4.55,-0.0173558321071402,-0.041167887871910724,-0.006243539416913801,0.0413805721126268,-0.041167887871910724,2.0,-0.0173558321071402,-0.041167887871910724,-0.006243539416913801,0.0413805721126268,0.0895999999999999
LO_n2_m5_close,20250618,1616,1078,170,202505,41.31,19.13,-0.007831009801231859,-0.02833507618880693,-0.04542179817845271,-0.05453471657293052,-0.1023775381439389,6.0,-0.021314620087058866,-0.041540035515799434,-0.05839454837308311,-0.06738362189696767,0.027554535017221715
LO_n2_m5_close,20260702,1617,1331,171,202605,37.88,23.29,0.09005113272958831,0.18793327526040837,0.09894950932329905,0.04555924976103354,-0.041199922027647884,10.0,0.09005113272958831,0.18793327526040837,0.09894950932329905,0.04555924976103354,0.20852017937219713
LO_n2_m5_close,20240430,1725,804,192,202403,-2.0,1.0,-0.10664458809338573,-0.12479402084092406,-0.1358853408533086,-0.13185213357607806,-0.12479402084092406,2.0,-0.10024388401626572,-0.11852335364121735,-0.12969414063424334,-0.12563203627314312,-0.004065040650406582
LO_n2_m5_close,20260610,1714,1316,184,202604,71.71,47.62,0.09062850831009617,0.15121898099399056,0.264826117276292,0.45795824895620485,0.4011546808150541,10.0,0.02417444149550274,0.0810730215785862,0.1877578592343676,0.36912208324919615,0.4694656488549618
LO_n2_m5_close,20260318,1735,1259,200,202602,-44.45,-13.66,5.58661144975936e-05,-0.0866997689585266,-0.14664002591807057,-0.16714590329896728,-0.0866997689585266,2.0,5.58661144975936e-05,-0.0866997689585266,-0.14664002591807057,-0.16714590329896728,0.07631160572337059
LO_n2_m5_close,20260415,1785,1277,214,202603,95.58,76.61,0.006342832915893215,0.10555973193576995,0.08784242853936353,0.10910319261505141,0.2331243163898975,10.0,0.020927511653804798,0.12158233674643348,0.10360826083703545,0.1251771519283129,0.15357142857142847
LO_n2_m5_close,20260109,1789,1219,217,202511,-2.12,-4.83,0.0027690862479001765,0.02396927834616447,0.028209316765817283,0.11301008515887445,0.08120979701147801,10.0,0.013598126056192816,0.0350272619136176,0.03931308908510278,0.12502963251480192,0.13888888888888884
LO_n2_m5_close,20260515,2066,1298,269,202604,8.61,4.49,-0.051963732594257905,-0.056867368460149614,-0.10426918183043687,-0.05359827788288851,-0.10426918183043687,3.0,-0.022991486731264055,-0.028044979041274676,-0.07689540470471168,-0.024675984167934262,-0.014827018121911117
LO_n2_m5_close,20260807,2070,1356,272,202606,33.17,16.42,-0.012850414473401073,-0.012850414473401073,0.06076752071841307,0.012246608887444888,0.15111680481745782,10.0,-0.004456285344773492,-0.004456285344773492,0.06978765269731113,0.02085414807866459,0.08263069139966284
LO_n2_m5_close,20260225,2103,1245,277,202601,11.57,11.57,-0.022141139467560356,-0.09846183102131179,-0.06268650685549082,-0.08892174457709268,-0.09846183102131179,2.0,-0.012647364122585159,-0.08970903326423707,-0.053586375854087875,-0.08007632462153047,0.028846153846153744
LO_n2_m5_close,20261005,2033,1395,258,202608,9.66,-5.04,0.027186719264606918,0.03496843683479356,0.015514142909327289,,0.015514142909327289,3.0,0.015242687645251163,0.022933920127412133,0.0037058389220097077,,0.0960784313725489
LO_n2_m5_close,20240418,2061,796,264,202403,9.8,5.82,-0.10338826910316246,-0.10338826910316246,-0.1664153975789039,-0.20911119428827707,-0.10338826910316246,1.0,-0.08654170213432832,-0.08654170213432832,-0.15075305640606484,-0.19425107059014446,0.05122950819672134
LO_n2_m5_close,20260318,2243,1259,303,202602,739.37,301.17,-0.046549799662647384,-0.05622949712800118,-0.08042874079138573,0.00426861203046025,-0.08042874079138573,3.0,0.018006724318527567,0.007671630670623708,-0.01816610344913583,0.07226596597002266,0.017073170731707332
LO_n2_m5_close,20220822,2305,397,312,202207,29.91,-21.05,-0.051531764671324476,0.0423439309755409,0.14593090548242693,0.07633340698561297,-0.051531764671324476,1.0,-0.043731861420266305,0.05091583830264246,0.15535467937619707,0.08518483302990254,0.23817292006525292
LO_n2_m5_close,20260617,2305,1321,312,202605,97.83,66.25,0.09106165098655361,0.19968145873707255,0.20292384105798367,0.2256205173043606,0.2191357526625386,10.0,0.09106165098655361,0.19968145873707255,0.20292384105798367,0.2256205173043606,0.30718954248366015
LO_n2_m5_close,20240709,2312,852,314,202405,-3.53,-9.38,-0.009937525703989425,0.08906872172561164,0.16069026241936557,0.11013388075318642,0.006914601518070329,10.0,0.00934940561346509,0.11028434617481175,0.18330111168727514,0.13175986544318352,0.22080679405520165
LO_n2_m5_close,20260923,2221,1389,292,202608,81.31,29.09,0.026597567145728584,0.1267534273550679,0.2362988994590327,0.17683135745973755,0.20187032251207238,9.0,0.02984629362403779,0.1303191027580901,0.2402112377484602,0.1805555073251166,0.24921135646687698
LO_n2_m5_close,20260325,2231,1264,296,202602,-16.65,-5.82,0.08756985464095757,0.19251080552736544,0.31176188608010214,0.1543504597504899,0.16389054619470866,10.0,0.05707724189401464,0.15907592312940189,0.2749835154423421,0.12198549358926103,0.3221153846153846
LO_n2_m5_close,20260911,2338,1381,329,202607,4.41,-3.89,-0.002636407758306536,-0.04211538328454012,0.0534652943052889,0.03892040858509738,-0.021336975112838164,10.0,0.03306098762561538,-0.007831009801231859,0.09117066817955632,0.07610519544334937,0.1413612565445026
LO_n2_m5_close,20250916,2340,1142,330,202508,-3.34,4.02,0.023833957971069353,0.12586552079292845,0.020315628218591453,-0.02190432881114346,-0.05356929658344467,10.0,0.04231471533516795,0.1461880031177103,0.038732877825425005,-0.004249172291489134,0.19148936170212782
LO_n2_m5_close,20231215,2356,718,342,202311,0.0,-6.02,-0.04370488857907995,-0.07650386346168392,0.004468605779744506,0.03726758066234859,-0.04370488857907995,1.0,-0.025585612783736278,-0.05900604192727377,0.02350064252083439,0.05692107166437199,0.06404958677685957
LO_n2_m5_close,20230505,2358,564,344,202303,,,-0.03126807256183273,-0.054705135322433596,-0.04689278106890005,-0.03126807256183273,-0.054705135322433596,2.0,-0.03883629074494355,-0.062090251452727174,-0.054338931216799335,-0.03883629074494355,0.03149606299212593
LO_n2_m5_close,20240709,2349,852,336,202405,4.39,7.58,-0.10704790882110882,-0.10704790882110882,-0.09877983390278555,-0.09051175898446273,-0.10704790882110882,1.0,-0.00783100980123197,-0.00783100980123197,0.0013557401080159792,0.010542490017263706,-0.03888888888888886
LO_n2_m5_close,20240408,2374,788,356,202402,20.56,35.82,0.037197003838461695,-6.755917369838382e-05,0.09930460885872905,0.16917566450652965,0.2033348472676766,10.0,0.0011614583878805096,-0.03480841436857007,0.06111124631529874,0.1285547577336439,0.28638497652582173
LO_n2_m5_close,20260226,2413,1246,381,202601,12.15,12.15,-0.021805220930791958,-0.09516982936098273,-0.17552154335595316,-0.142332791923248,-0.09516982936098273,2.0,0.03659446737184724,-0.04115011768104149,-0.12629894892944293,-0.09112877950075537,0.05457746478873249
LO_n2_m5_close,20260414,2426,1276,391,202603,-14.1,-9.85,-0.07535101669566602,-0.0022043425600289934,0.020302326404782356,0.001546768934105991,-0.07535101669566602,1.0,-0.05934747660001405,0.01506519766489367,0.037961405131018866,0.018881232242581092,0.07939508506616266
LO_n2_m5_close,20230522,2427,575,392,202304,-2.09,5.88,-0.028079356539982392,-0.03617869523548234,-0.007831009801231859,0.004317998242018284,0.1744041108475214,10.0,-0.03399368094237598,-0.04204373360118929,-0.013868549295342092,-0.0017934703071217362,0.04081632653061229
LO_n2_m5_close,20250213,2438,994,401,202501,-10.16,-10.16,-0.08583938249499257,-0.09559042908171256,-0.07608833590827246,-0.08096385920163252,-0.08583938249499257,1.0,-0.05806741436825802,-0.06811469528166325,-0.0480201334548529,-0.05304377391155546,-0.029484029484029506
LO_n2_m5_close,20260617,2464,1321,421,202605,30.83,15.16,0.02803051996498862,0.03400744159269209,0.02803051996498862,0.01308821589573017,-0.07058868689211795,6.0,0.01579206139397682,0.02169782919277896,0.01579206139397682,0.0010276418969714651,0.12349397590361444
LO_n2_m5_close,20240219,2465,756,422,202401,67.99,67.99,-0.02389852381254809,-0.03594915932103504,-0.0399660378238641,0.012253382712913208,0.26129984988831234,10.0,0.021597731433477207,0.008985413761459116,0.004781307870786122,0.05943468444953193,0.04048582995951411
LO_n2_m5_close,20250326,2468,1022,425,202502,40.49,47.06,0.007967859469449223,-0.09156501693584129,-0.1816185717787232,-0.17845879792458685,-0.09156501693584129,2.0,0.009575463711027243,-0.09011615731372946,-0.18031333824089035,-0.17714852487502497,0.04458598726114649
LO_n2_m5_close,20260526,2489,1305,440,202604,14.27,10.74,-0.027021899360202273,-0.07883730116942245,-0.05005096683096688,-0.08267547908121653,-0.027021899360202273,1.0,-0.05267480596840779,-0.10312407665648093,-0.07509670405199587,-0.10686105967041226,0.029013539651837617
LO_n2_m5_close,20260605,2491,1313,441,202604,0.72,-13.64,-0.10647605349534583,-0.11076496843856798,-0.15508375618519887,-0.10504641518093827,-0.10647605349534583,1.0,-0.00783100980123208,-0.01259342095418603,-0.06180500286804491,-0.0062435394169139125,-0.09365994236311248
LO_n2_m5_close,20260415,2472,1277,427,202603,9.31,9.24,-0.021497249335650337,0.008568477640070071,0.00036873391941893985,0.005835229733186287,-0.05976272003202143,6.0,-0.002257026710227761,0.028399880290296053,0.02003890565378974,0.02561288874479395,0.0826446280991735
LO_n2_m5_close,20260525,2478,1304,431,202604,11.58,9.67,-0.016099084719555123,-0.007831009801231859,0.05004551462702955,0.19060278823852173,0.2567473875851063,10.0,-0.016099084719555123,-0.007831009801231859,0.05004551462702955,0.19060278823852173,0.27083333333333326
LO_n2_m5_close,20220512,2482,326,434,202203,-10.22,-32.74,0.08806636471612106,0.19502882090855334,0.2319124264921506,0.48640930501897217,0.43846061776029566,10.0,0.04532090038798775,0.14808126008714595,0.1835158668799588,0.4280146537503695,0.4981412639405205
LO_n2_m5_close,20220304,2936,280,584,202201,,,-0.009112881881592205,-0.01039475396195233,-0.01039475396195233,-0.007831009801231859,-0.006549137720871845,10.0,-0.00783100980123197,-0.00911454018958735,-0.00911454018958735,-0.006547479412876256,0.02067183462532296
LO_n2_m5_close,20211223,2939,238,587,202111,-29.15,-39.06,-0.010441980828070796,-0.020885864935426213,-0.03263523455620132,-0.09529853920033382,-0.0548284882843314,4.0,-0.023293383674459545,-0.03360163292327789,-0.04519841332819874,-0.1070479088211087,0.03421052631578947
LO_n2_m5_close,20240704,3018,849,606,202405,38.04,-31.69,0.01327896871363543,0.04705493433742336,0.04705493433742336,0.07027591070377759,0.1357168440998664,10.0,0.11531877118362677,0.15249606355641432,0.15249606355641432,0.1780554520627058,0.0957446808510638
LO_n2_m5_close,20260327,3026,1266,613,202602,-2.29,10.18,-0.03411363205815299,-0.09653485991834032,-0.06696690987930431,-0.0012603542370017706,0.5079654519908428,10.0,-0.03090470724771488,-0.0935333146024544,-0.06386713217126205,0.0020577176758320714,0.0066225165562914245
LO_n2_m5_close,20260616,3026,1320,613,202605,21.34,12.26,0.09077719658662109,0.09808150817090633,0.09906171929179086,-0.024689934719882345,-0.05532153224752412,6.0,0.07106435568445324,0.07823666163769727,0.07919915809977063,-0.04231602023699288,0.1165644171779141
LO_n2_m5_close,20230919,3036,658,623,202308,11.6,-2.3,0.09029559362501982,0.12300446143377064,0.0466837698800191,0.035780813943768974,0.21567958689189726,10.0,0.035667004382847756,0.06673701451433334,-0.005759675792466279,-0.016116345836294732,0.13736263736263732
LO_n2_m5_close,20211012,3046,186,632,202108,7.31,39.17,-0.04118122795917378,-0.04951878249865915,-0.053687559768402005,-0.0870377779263437,-0.04118122795917378,1.0,-0.012126113654906345,-0.020716321362254986,-0.025011425215929473,-0.05937225604532392,-0.008403361344537785
LO_n2_m5_close,20240605,3048,829,634,202404,14.4,4.93,-0.013557814939464174,-0.07512097017546282,-0.12809391770411283,0.05230044415020885,-0.07512097017546282,2.0,-0.023422236790069717,-0.08436976047370837,-0.13681297852707175,0.04177743970870651,0.06060606060606055
LO_n2_m5_close,20260303,3054,1248,639,202601,121.86,121.86,0.09072882366222168,0.07627338142091511,0.18271800156144513,0.4297746507765028,1.294472923029204,10.0,0.12040851954418708,0.10555973193577017,0.214900804325022,0.46868008345069345,0.44105960264900657
LO_n2_m5_close,20260413,3054,1275,639,202603,1091.19,643.65,-0.027069743683202585,-0.08478594532911432,0.005910942971604216,0.01415611463530575,-0.027069743683202585,1.0,-0.05456844540951855,-0.11065336813946236,-0.02251991813526477,-0.014507786316701576,0.08587257617728539
LO_n2_m5_close,20250918,3060,1144,645,202508,-6.35,10.24,-0.0660757480922527,0.026312457472814854,0.04037153223271628,0.008236504210084261,-0.0660757480922527,1.0,-0.07357714770596946,0.018068983918816395,0.0320151343834576,0.00013821903570621075,0.13765182186234837
LO_n2_m5_close,20211222,3064,237,647,202111,-45.11,-30.62,0.04467932672739372,-0.052050240562179884,-0.0492865386396204,-0.0050673078786726,,,0.04467932672739372,-0.052050240562179884,-0.0492865386396204,-0.0050673078786726,0.058495821727019504
LO_n2_m5_close,20240524,3064,821,647,202404,6.92,54.48,-0.10567624662267727,-0.18431821266608184,-0.18431821266608184,-0.2227247542221632,-0.18431821266608184,2.0,-0.10567624662267727,-0.18431821266608184,-0.18431821266608184,-0.2227247542221632,0.0
LO_n2_m5_close,20250512,3064,1052,647,202503,25.06,-35.5,-0.04936366520490121,-0.055516651190629984,-0.05859314418349437,-0.09858755309073153,-0.04936366520490121,1.0,0.020233670453974284,0.013630216276278695,0.0103284891874309,-0.03259396296759065,-0.03875968992248058
LO_n2_m5_close,20250815,3071,1120,650,202507,-16.51,-7.25,0.03922838894337355,0.013737881290045717,-0.03528232573558521,-0.011752626363282448,-0.03528232573558521,3.0,0.023053628025967,-0.0020401402086320797,-0.050297386813630496,-0.02713390844323127,0.09090909090909083
LO_n2_m5_close,20240924,3085,904,655,202408,22.56,-32.75,-0.01013837954588015,-0.023982598013770118,-0.017060488779825023,-0.03321207699236328,-0.017060488779825023,10.0,-0.0541322293438411,-0.06736114921315817,-0.06074668927849958,-0.07618042912603606,0.04651162790697683
LO_n2_m5_close,20240607,3122,831,668,202404,2.7,6.18,0.014600636933696842,-0.02508612267425403,-0.06132185970760018,0.01977717079560337,-0.04234123554727598,10.0,0.00585407971875096,-0.033490552651200156,-0.06941391264115537,0.010985988288744863,0.0678260869565217
LO_n2_m5_close,20250630,3122,1086,668,202505,-20.58,-0.48,-0.06629504041953038,0.02655959644482575,0.02655959644482575,-0.006111479488929206,-0.00095288855202047,10.0,-0.06467402486470308,0.028341817966431426,0.028341817966431426,-0.0043859785852640165,0.10571923743500866
LO_n2_m5_close,20230714,3191,612,692,202306,20.04,-6.42,0.012925663633888806,0.021228333007937028,0.017076998320912917,0.18313038580187846,0.42805913233630233,10.0,-0.00783100980123197,0.00030152290531537673,-0.0037647434479581854,0.1588859106829874,0.2343096234309625
LO_n2_m5_close,20250829,3219,1130,702,202507,23.47,39.2,-0.08132500907521467,-0.09418645894816169,-0.04457800943822321,-0.04457800943822321,-0.08132500907521467,1.0,-0.08555853437901562,-0.09836071489770937,-0.0489808757541762,-0.0489808757541762,0.004629629629629539
LO_n2_m5_close,20260526,3189,1305,691,202604,26.75,28.26,0.0007221711487575,-0.02921396217620542,0.03921148542370956,0.05916890764035143,0.017828533048736217,10.0,-0.04062998468383594,-0.06932908770611435,-0.003731137940906515,0.015401597407278977,0.11781609195402298
LO_n2_m5_close,20260805,3189,1354,691,202606,32.26,29.79,0.02212578338109794,-0.013822368437698018,0.0017551640171136196,0.02811714201756388,0.017332696471925146,10.0,0.037157044901408476,0.0006802437911594961,0.016486857605600758,0.04323651175311638,0.04347826086956519
LO_n2_m5_close,20260526,3236,1305,713,202604,38.29,24.96,-0.029992860097768026,-0.08795462241178531,-0.0623832566850131,-0.0623832566850131,-0.08795462241178531,2.0,-0.08054697813827527,-0.13548793199293008,-0.11124927588058242,-0.11124927588058242,0.06529209621993126
LO_n2_m5_close,20221103,3272,448,722,202209,134.59,42.45,0.03709002715658638,0.025371495776286057,0.0019344330156849665,0.03904311571996999,0.09372959549470505,10.0,0.009275352098746747,-0.0021288891679056565,-0.024937371701210798,0.011176058976522407,0.09842519685039375
LO_n2_m5_close,20260616,3285,1320,725,202605,216.75,71.32,0.007267213962662389,0.10432722387341142,0.09354277832777269,-0.04665501376553138,0.08707211100038936,10.0,0.020579115468776887,0.11892185678803813,0.10799488553034253,-0.03405574081970142,0.16304347826086962
LO_n2_m5_close,20250429,3287,1044,726,202503,6.72,-2.78,-0.04979911242352253,-0.025048692928325567,-0.12189816051822688,-0.09929995141391645,-0.04979911242352253,1.0,-0.05695886076909351,-0.032394935285162796,-0.12851464370054388,-0.10608671173695494,0.05314533622559647
LO_n2_m5_close,20211202,3294,223,731,202110,-15.05,10.18,0.0028211112591844945,0.10173366396304928,0.10629885870322764,0.10021193238298953,0.04238613234073019,10.0,-0.009334296150017907,0.08837931652107289,0.09288917556743082,0.08687603017228662,0.22546012269938664
LO_n2_m5_close,20230718,3305,614,735,202306,-26.4,-39.53,-0.02501142521592925,-0.04362354191518458,0.050868742865650685,0.04084683387374399,-0.04362354191518458,2.0,-0.06157349677033208,-0.0794876590933653,0.011461165008188612,0.0018150776034784322,0.13708513708513714
LO_n2_m5_close,20260602,3346,1310,751,202604,-15.07,-16.68,0.0029534357444069848,0.10217033476428372,0.15177878427422198,0.0698169981273673,0.0676601090182396,10.0,0.01620832696569874,0.11673646253649905,0.1670005303218991,0.08395554876341182,0.17391304347826098
LO_n2_m5_close,20240305,3372,766,759,202401,61.95,61.95,-0.046460540157331476,-0.07695753780688386,-0.15828286487235665,-0.12981900039944116,-0.07695753780688386,2.0,-0.028544349888888876,-0.059614360020374346,-0.14246772037100208,-0.11346904424828241,-0.008196721311475419
LO_n2_m5_close,20211116,3419,211,772,202110,29.61,18.44,0.03904311571996999,0.056620912790420475,0.07419870986087096,0.09372959549470505,0.18161858084695814,10.0,0.07941493412217726,0.09767571308289069,0.11593649204360412,0.13622624644439707,0.19291338582677175
LO_n2_m5_close,20260318,3437,1259,777,202602,-32.46,-24.28,0.09138588921864477,0.05831358954535237,-0.023264749648768457,0.000988270111645928,-0.023264749648768457,3.0,0.09138588921864477,0.05831358954535237,-0.023264749648768457,0.000988270111645928,0.18666666666666654
LO_n2_m5_close,20260916,3467,1384,788,202608,49.8,26.48,0.018497496921920042,0.07254022124838921,0.07254022124838921,0.19863991134348402,0.01434036428142238,10.0,0.0017090766429872506,0.05486098683220697,0.05486098683220697,0.17888211060705284,0.24022346368715097
LO_n2_m5_close,20260604,3511,1312,804,202604,-9.98,-1.81,-0.06295150925671888,-0.10521055883925912,-0.08867440900261303,-0.13460815854885222,-0.06295150925671888,1.0,-0.05946805761826801,-0.10188420403940501,-0.08528658152678625,-0.1313910885062829,0.020370370370370372
LO_n2_m5_close,20230717,3518,613,808,202306,-4.58,-33.15,-0.10704790882110882,-0.1424010567477315,-0.14696275325439245,-0.13897978436773573,-0.10704790882110882,1.0,-0.1453593846802692,-0.1791957308806671,-0.18356171103555718,-0.17592124576449952,0.10000000000000009
LO_n2_m5_close,20240529,3537,824,823,202404,-7.22,2.59,-0.04326561659404515,-0.021696725502767467,0.0014128006664584358,-0.10026911447813569,-0.04326561659404515,1.0,-0.040285135648855275,-0.018649051750439627,0.004532466712148242,-0.09746621452323889,0.02329192546583858
LO_n2_m5_close,20240605,3540,829,824,202404,-15.04,-3.85,-0.019572654655655275,-0.04012053315089614,-0.07534546771416595,-0.047948296387178235,-0.04012053315089614,2.0,-0.04408333828926381,-0.06411751982212366,-0.09846183102131167,-0.07174958897749861,0.035502958579881616
LO_n2_m5_close,20260622,3550,1323,830,202605,36.57,25.39,-0.03270432710426496,-0.0050673078786726,-0.08936021651672932,-0.15845276458071045,-0.03270432710426496,1.0,-0.042043733601189404,-0.014673554561223545,-0.09815260063311959,-0.16657804823303468,0.07242339832869082
LO_n2_m5_close,20260409,3555,1273,833,202602,4102.22,3938.88,0.08998846810568883,0.19898731491625776,0.23252542162720213,0.3219603728563867,0.27444805501588254,10.0,0.08998846810568883,0.19898731491625776,0.23252542162720213,0.3219603728563867,0.3323943661971831
LO_n2_m5_close,20240506,3564,807,838,202403,-8.75,-16.58,-0.029213962176205532,-0.009256539959563437,0.08910504096531446,-0.05202244470951045,-0.05202244470951045,5.0,-0.029213962176205532,-0.009256539959563437,0.08910504096531446,-0.05202244470951045,0.1451149425287357
LO_n2_m5_close,20260707,3564,1334,838,202605,16.62,11.36,0.09138588921864499,0.05247730136771289,0.0194050016944205,0.009677854731687585,-0.023394444941604586,6.0,0.06834319290116864,0.030256091549968556,-0.0021179445985518575,-0.011639719936351933,0.20196078431372544
LO_n2_m5_close,20260526,3581,1305,844,202604,47.69,20.29,-0.1070479088211087,-0.14956943697248448,-0.16197154934996905,-0.21512345953918888,-0.1070479088211087,1.0,-0.10545049899789061,-0.14804809428370536,-0.1604723929087346,-0.21371938701600313,-0.0017857142857142794
LO_n2_m5_close,20220614,3663,348,875,202205,63.08,2.45,0.02417444149550252,-0.012195389523513733,-0.029652908412641565,-0.04420084082024833,-0.03983646109796635,4.0,0.02117977938586635,-0.01508370709800666,-0.03249018061026565,-0.04699557520381503,0.06451612903225801
LO_n2_m5_close,20260106,3623,1216,861,202511,9.58,10.23,-0.06168228722978342,-0.10084685263236637,-0.011094723584780475,0.04112469695199672,-0.06168228722978342,1.0,-0.06168228722978342,-0.10084685263236637,-0.011094723584780475,0.04112469695199672,0.12335526315789469
LO_n2_m5_close,20251028,3628,1168,864,202509,71.43,21.1,-0.045676631076855045,-0.05999659588384754,-0.05283661348035129,-0.0006710273977356129,-0.1070479088211087,10.0,-0.02042998110534322,-0.035128780960139716,-0.027779381032741468,0.025766247009731735,0.12371134020618557
LO_n2_m5_close,20260828,3629,1371,865,202607,972.81,4456.31,0.0047920053412460195,0.009841211398237348,0.0047920053412460195,-0.00025720071574497627,0.007316608369741795,10.0,0.0047920053412460195,0.009841211398237348,0.0047920053412460195,-0.00025720071574497627,0.01781170483460559
LO_n2_m5_close,20251013,3631,1158,867,202509,-37.62,-12.48,-0.03889021297267148,-0.030262656536160448,-0.02508612267425403,-0.0803024838679246,-0.0803024838679246,5.0,-0.01490529850140132,-0.006062437626189521,-0.0007567211010625075,-0.057351030702418315,0.03826086956521735
LO_n2_m5_close,20260108,3669,1218,879,202511,0.08,-7.58,-0.0002955491161780177,0.014775372253929886,0.026078563281510814,0.02482265316733523,-0.024157841285515236,9.0,0.011224732648168034,0.026469326607688304,0.037902772077328395,0.036632389247368335,0.1240506329113924
LO_n2_m5_close,20260225,3684,1245,886,202601,30.66,30.66,0.014718285430558309,0.05380373049899445,-0.0003145780573020618,-0.09351833168203472,-0.060446032008742434,4.0,0.004069068042231727,0.04274432103348791,-0.010806029262097838,-0.10303163254893988,0.10151515151515156
LO_n2_m5_close,20211022,3685,194,887,202109,27.81,61.92,-0.00044880005272918133,0.02169782919277896,-0.025548313197638728,-0.062459361940152336,-0.062459361940152336,5.0,-0.026524048747005757,-0.004955157655728182,-0.05096879198378712,-0.08691694380258308,0.09672619047619047
LO_n2_m5_close,20211116,3685,211,887,202110,90.76,65.63,-0.01266496346846091,-0.05496205805671528,-0.07913182639286076,-0.021124382386111806,-0.05496205805671528,2.0,-0.0210119988014571,-0.062951509256719,-0.08691694380258308,-0.029399900892509545,0.11571254567600486
LO_n2_m5_close,20220808,3685,387,887,202206,82.27,19.72,-0.028330369102859354,-0.04472985654416117,-0.0734289595664398,-0.05976272003202132,-0.026963745149417462,10.0,-0.01613367917528019,-0.032739017923376745,-0.06179836073254574,-0.04796057844246515,0.03581267217630857
LO_n2_m5_close,20240701,3686,846,888,202405,157.83,244.22,0.09120903200114072,0.0346147223997848,0.06998616590063245,0.0381518667498697,0.09651474852626762,10.0,0.11913759954778769,0.06109480670252143,0.09737155223081295,0.06472248125535085,0.12299465240641716
LO_n2_m5_close,20251028,3693,1168,892,202509,-15.47,-5.96,0.014340364281422158,0.026811762202914924,0.05452597980623253,-0.011988142441729521,-0.06880228852853054,10.0,-0.03164306556600227,-0.01973703768361723,0.006720802055016684,-0.05677801331770449,0.07821229050279332
LO_n2_m5_close,20260109,3693,1219,892,202511,-40.54,-11.78,0.09023220434632062,0.055621658176596256,0.07004271908064807,0.031105854639708053,-0.04532576815176681,8.0,0.0654541997020861,0.03163025685440091,0.045723566374269664,0.00767163067062393,0.14534883720930236
LO_n2_m5_close,20230718,3706,614,899,202306,-29.13,-21.67,0.005949115062640065,-0.07870022338685811,-0.02948549173017323,-0.049171384392847295,-0.07870022338685811,2.0,-0.03244588932906389,-0.11386433699804688,-0.06652803021375442,-0.08546255292747151,0.08730158730158721
LO_n2_m5_close,20241112,3706,935,899,202409,32.74,36.94,-0.009391023936764387,0.08888986660179254,0.0670496687043356,0.14193034720990294,0.29949177489870094,10.0,-0.027735634604602155,0.0687252394425002,0.04728948965425528,0.12078348892823798,0.15094339622641506
LO_n2_m5_close,20250428,3709,1043,902,202503,101.89,57.9,-0.0395722262059397,-0.06107434054461269,-0.03445267517292239,-0.04981132827197443,-0.06926562219744048,6.0,-0.009942007652718687,-0.03210748509332939,-0.004664513024001837,-0.020496996910152387,0.0010319917440659854
LO_n2_m5_close,20220119,3710,256,903,202112,-7.14,-5.51,-0.05743945931117023,-0.1495694369724846,-0.14602597629320313,-0.2168951898788294,-0.1495694369724846,2.0,-0.007831009801231859,-0.10480993365524693,-0.10107997504547706,-0.17567914724087308,-0.03928571428571437
LO_n2_m5_close,20260422,3712,1282,905,202603,107.41,-19.22,-0.040437502436872164,-0.07537303026077247,-0.04509557281339238,-0.03810846724861228,-0.040437502436872164,1.0,-0.040437502436872164,-0.07537303026077247,-0.04509557281339238,-0.03810846724861228,0.032863849765258246
LO_n2_m5_close,20220711,4148,367,940,202205,58.95,61.39,-0.051204517569484076,-0.058433435530859446,-0.058433435530859446,-0.07289127145361018,-0.051204517569484076,1.0,-0.06146176602819242,-0.06861253352512042,-0.06861253352512042,-0.08291406851897665,0.012750455373406355
LO_n2_m5_close,20240522,4111,819,919,202404,7.46,2.99,-0.09089632060857056,-0.08166684162997717,-0.09243456710500275,-0.109355278565757,-0.09089632060857056,1.0,-0.09089632060857056,-0.08166684162997717,-0.09243456710500275,-0.109355278565757,0.0
LO_n2_m5_close,20220429,4116,318,922,202203,77.7,85.48,0.09008040370522541,0.056355361275223226,0.16188210694329408,0.2619693296387837,-0.011094723584780586,10.0,0.08060144367300603,0.047169662481525876,0.15177878427422198,0.25099568329409894,0.3771929824561402
LO_n2_m5_close,20220824,4128,399,929,202207,-17.83,-2.17,0.0007098997270214014,0.07188414579579949,0.04626141721103938,0.11458869343706635,0.0903894497736819,10.0,-0.002153361788649666,0.06881723836862985,0.04326782231200932,0.1113995984629974,0.16499282639885227
LO_n2_m5_close,20250613,4128,1075,929,202505,10.41,10.35,-0.09123575853948218,-0.12946293504451356,-0.15031412222907603,-0.18506610087001352,-0.09123575853948218,1.0,-0.06503714977665642,-0.10436637100976076,-0.12581867350054488,-0.1615725109851851,-0.024518388791593626
LO_n2_m5_close,20250918,4130,1144,931,202508,,,-0.012080127532275942,-0.0184538041288419,-0.02907659845645172,-0.022702921859885872,-0.02907659845645172,3.0,-0.016293005453246967,-0.0226395021922583,-0.033216996757277184,-0.026870500018265853,0.004282655246252487
LO_n2_m5_close,20261002,4174,1394,957,202608,-23.43,-20.51,0.09138588921864477,0.2000520167166051,0.2307620092703766,,0.2685589231827106,4.0,0.018626829937401723,0.1200485489354981,0.14871120865235143,,0.2928571428571427
LO_n2_m5_close,20251216,4157,1203,945,202511,30.75,-75.78,-0.05490472101504207,-0.11284159635511615,-0.10197843222885228,-0.1200837057726254,-0.05490472101504207,1.0,-0.06175323752942585,-0.11927028043949928,-0.10848583489386054,-0.12645991080325847,0.007299270072992803
LO_n2_m5_close,20260828,4188,1371,961,202607,56.54,-3.69,-0.08769600591630289,-0.10612638963516541,-0.10919812025497588,-0.11226985087478636,-0.1368436958332696,4.0,0.009158185236418204,-0.01122884880876196,-0.01462668781629195,-0.018024526823822162,-0.05882352941176472
LO_n2_m5_close,20220223,4192,274,963,202201,122.26,122.26,-0.10619782523097532,-0.07462329188315642,-0.07462329188315642,-0.07098007649686966,-0.10619782523097532,1.0,-0.06619389157763023,-0.033206175790970294,-0.033206175790970294,-0.029399900892509545,-0.04039167686658507
LO_n2_m5_close,20240506,4303,807,968,202403,28.49,-8.44,-0.0777260761210764,-0.0726118029757219,-0.1254592921443849,-0.1834210544584023,-0.0777260761210764,1.0,-0.05830978298678313,-0.05308784093310548,-0.10704790882110882,-0.1662299187627897,-0.003436426116838587
LO_n2_m5_close,20231122,4419,701,979,202310,61.3,74.65,-0.06546091974998303,-0.0514428335462328,-0.09661222242498357,-0.003158314399981932,-0.06546091974998303,1.0,-0.06251748957596714,-0.048455251919606646,-0.09376690659010156,-1.8655547698309682e-05,0.0047095761381474865
LO_n2_m5_close,20220721,4432,375,984,202206,176.59,40.02,0.007551455163090193,-0.01744505040393307,-0.08474333462284178,0.10561466931064278,-0.08474333462284178,3.0,0.011471888840767441,-0.013621879393831637,-0.08118202464082946,0.10991667191496446,0.11434108527131781
LO_n2_m5_close,20260224,4523,1244,996,202601,342.69,342.69,0.008242420084167756,0.017009745476204152,0.024315849969567482,-0.05020641586274055,-0.05020641586274055,5.0,0.005281355708003144,0.014022932714159664,0.021307580219290134,-0.05299582433304062,0.0898379970544918
LO_n2_m5_close,20260702,4542,1331,1010,202605,57.55,20.22,0.017474044146451817,-0.08374617164428322,-0.14911756100913298,-0.22925023184346494,-0.08374617164428322,2.0,-0.003701274150040512,-0.10281492977863738,-0.16682583237210624,-0.2452908097447456,0.05632306057385761
LO_n2_m5_close,20250509,4545,1051,1012,202503,12.77,11.43,-0.05181879754403451,-0.06648139345830184,-0.03104678666548888,-0.06159386148687951,-0.05181879754403451,1.0,-0.05646674461489709,-0.07105746505899646,-0.035796557319089484,-0.06619389157763012,0.004926108374384119
LO_n2_m5_close,20250806,4577,1113,1033,202506,12.45,29.06,0.040567477525537354,0.06476672118892202,0.10199632682489823,0.13922593246087445,0.3048976775409691,10.0,0.01579206139397682,0.03941513258918561,0.07575831904335306,0.11210150549752029,0.1782363977485928
LO_n2_m5_close,20240705,4534,850,1004,202405,14.9,14.84,-0.10263463654180627,-0.10263463654180627,-0.07321282134645557,-0.08465463836686982,-0.10263463654180627,1.0,-0.06408801440013112,-0.06408801440013112,-0.03340237552800429,-0.04533567953383144,-0.02471169686985175
LO_n2_m5_close,20260127,4534,1231,1004,202512,21.52,-2.7,0.018331661339912264,0.004244069186988275,-0.04003122043648599,-0.0903440495540706,-0.04003122043648599,3.0,0.024566344980768706,0.0103925022636433,-0.0341538605616073,-0.08477472740848324,0.06896551724137945
LO_n2_m5_close,20230619,4538,595,1007,202305,1.41,-8.29,-0.07992633434854712,-0.0970918878121938,-0.14000577147131,-0.17605343374496774,-0.07992633434854712,1.0,-0.07512595000601785,-0.09238106287904002,-0.13551884506159517,-0.17175458209494143,-0.00519031141868509
LO_n2_m5_close,20260116,4556,1224,1019,202512,0.9,-3.03,-0.07003596216479113,-0.09180769549203671,-0.07625645740114706,-0.12291017167381635,-0.07003596216479113,1.0,-0.05971940390037522,-0.08173266200304197,-0.06600890621542288,-0.11318017357828036,-0.01097178683385569
LO_n2_m5_close,20260616,4556,1320,1019,202605,1.56,7.7,0.09063989749669088,0.14733526836519206,0.1697150200238109,0.0652761789502565,0.09362386438450665,10.0,0.08411888166711412,0.14047526676061706,0.16272120824489433,0.05890681465160008,0.2616541353383459
LO_n2_m5_close,20240530,4562,825,1024,202404,-16.63,-11.86,0.09062850831009639,0.19918643853540674,0.18782572490717664,-0.005306406772736305,-0.010355612829727301,6.0,0.08100127053182304,0.18860093403383305,0.17734050413245983,-0.014086804190883817,0.2951653944020356
LO_n2_m5_close,20260526,4760,1305,1070,202604,63.09,54.91,-0.029154489995137145,0.0674283320596103,0.1740457330291365,0.008475180935283655,-0.01535694398731613,10.0,-0.04007650198269186,0.0554197633239395,0.16083771853255868,-0.002870164850238277,0.2895069532237673
LO_n2_m5_close,20260106,4720,1216,1050,202511,5.57,-1.83,0.008171715847135053,-0.00783100980123208,-0.061173428629122895,-0.08784463804306819,-0.061173428629122895,3.0,0.0001063421203582049,-0.015768361722822033,-0.06868404120008975,-0.09514188093872344,0.051075268817204256
LO_n2_m5_close,20250514,4721,1054,1051,202504,91.24,14.11,0.02864579130901701,0.04177743970870673,0.024268575175787177,-0.08370275611054945,-0.07786646793290963,4.0,0.030160733564258413,0.043311721652312896,0.025777070868240326,-0.08235327563354011,0.07058823529411762
LO_n2_m5_close,20260818,4905,1363,1085,202607,35.44,33.65,0.03941513258918583,0.040567477525537354,0.0325010629710758,0.038262787652834085,0.047637620949925186,10.0,0.03941513258918583,0.040567477525537354,0.0325010629710758,0.038262787652834085,0.09059233449477366
LO_n2_m5_close,20260421,4908,1281,1088,202603,5.96,25.03,-0.05380957276166265,-0.14818662304886254,-0.15060654741520096,-0.12882722811815495,-0.14818662304886254,2.0,0.005020920123622652,-0.0952241332902426,-0.09779451927521354,-0.07466104541047547,0.024390243902439046
LO_n2_m5_close,20230825,4944,641,1107,202307,,,-0.08953904428818926,-0.11288419699874852,-0.10412976473228874,-0.04868502704471056,0.27814711090311883,10.0,-0.02348036295894118,-0.04851932801127601,-0.039129716116650504,0.020337825882644767,-0.032352941176470584
LO_n2_m5_close,20240911,4950,896,1111,202407,-86.08,-74.95,0.08944045982609827,0.17698478249069538,0.2937105460434919,0.40070916263355505,0.3569370013012563,10.0,0.05831358954535237,0.14335664584810393,0.2567473875851063,0.36068890084402483,0.519607843137255
LO_n2_m5_close,20260421,4919,1281,1094,202603,-6.05,-4.5,0.05739809336062485,0.009334543662414818,-0.004397899108502634,0.023066986433331937,-0.0661938915776299,4.0,0.032392057368988425,-0.014534854329601887,-0.027942543386342167,-0.0011271652728618298,0.11418685121107264
LO_n2_m5_close,20221223,4943,484,1106,202211,-41.22,-45.97,0.029609329451551814,0.0717297111109334,0.12321017758351105,0.3057318314408317,0.404012721979389,10.0,0.05447912001801436,0.09761690220056929,0.15034085820147003,0.337271247659209,0.3160377358490565
LO_n2_m5_close,20260416,4956,1278,1115,202603,12.59,15.27,0.09083772955555158,0.19937334284801356,0.1664837630624192,0.0853561329246193,0.03602176324622741,10.0,0.04245844271148291,0.14618043851895712,0.11474953069851046,0.037219958074741655,0.3281767955801105
LO_n2_m5_close,20260317,4960,1258,1117,202602,-21.4,-7.75,0.02441922506182559,-0.017316372996248885,-0.04387538994229623,-0.07422855216635038,-0.07802269744435697,10.0,0.018576529861853208,-0.022921032465852087,-0.049328572128937154,-0.07950861745817728,0.05162523900573612
LO_n2_m5_close,20260806,4971,1355,1122,202606,-6.26,15.65,-0.04813787502805689,0.0376434022495451,-0.038836290744943436,0.02110725241289879,0.19887086315684477,10.0,-0.08438112227147765,-0.001866065972381592,-0.07543370652820214,-0.01777258284931582,0.11458333333333326
LO_n2_m5_close,20261006,5013,1396,1138,202608,23.34,13.43,0.09045476086496529,0.09666228322283033,,,0.09666228322283033,2.0,-0.007831009801231859,-0.0021829889841610273,,,0.12408759124087587
LO_n2_m5_close,20260413,5228,1275,1159,202603,82.11,48.16,-0.007831009801231859,0.0290401351048033,0.13127376416244685,0.22847950982381238,0.012280523783878117,10.0,-0.007831009801231859,0.0290401351048033,0.13127376416244685,0.22847950982381238,0.3547297297297296
LO_n2_m5_close,20250704,5245,1090,1165,202505,-19.16,-1.69,0.08969788904628406,0.00529788042824153,0.10470233502282467,0.2566223505353018,0.2434934603058283,10.0,0.05000033388977099,-0.0313249931757017,0.0644581698125215,0.21084375853037285,0.30434782608695654
LO_n2_m5_close,20211216,5251,233,1166,202111,7.42,-4.27,-0.06098291999045169,-0.11919691686435907,-0.10654170015264008,0.07822446383845705,-0.06098291999045169,1.0,-0.05858134178070862,-0.11694422355710676,-0.1042566405622376,0.08098207116285217,0.08673469387755106
LO_n2_m5_close,20260319,5289,1260,1181,202602,403.21,355.51,-0.10444671671197348,-0.19363044616804248,-0.2731526049330374,-0.3192308651520064,-0.10444671671197348,1.0,-0.0838592849122487,-0.1750932150454687,-0.25644346941425655,-0.30358099998308696,-0.022471910112359605
LO_n2_m5_close,20231214,5314,717,1191,202311,4098.18,406.64,0.06773152918741587,0.17450468210615755,0.2911338183712444,0.35519771012248946,0.2615658683322084,10.0,0.048633892079998686,0.15349728128799867,0.26804036796135233,0.3309584014861522,0.4304635761589406
LO_n2_m5_close,20240116,5314,739,1191,202312,334.14,360.64,-0.02867489614994556,-0.01616856434071745,-0.02867489614994556,0.025519208356709733,0.2673082900017878,10.0,-0.03676927201536262,-0.024367159637878055,-0.03676927201536262,0.01697321495373738,0.04201680672268915
LO_n2_m5_close,20240328,5314,783,1191,202402,1274.63,2334.81,0.08051280439454889,0.08594934680659683,0.10225897404274109,0.1321599573090051,0.10361810964575291,10.0,0.0955199266778064,0.10103197662335517,0.11756812646000125,0.14788440116051893,0.17808219178082196
LO_n2_m5_close,20260528,5321,1307,1193,202604,-22.08,-23.1,0.05696369976276938,0.16225510280427113,0.22704981236827226,0.022541510306893553,-0.07768780604992087,6.0,0.04417784855596163,0.1481955652703486,0.21220646786381736,0.010172056553181097,0.346938775510204
LO_n2_m5_close,20260723,5328,1345,1195,202606,63.53,22.25,-0.09520111490828742,-0.004869311323026482,-0.09223941643008227,-0.13666489360316147,-0.09520111490828742,1.0,-0.078700223386858,0.013278968713635653,-0.07568451217044847,-0.12092018041659292,0.04477611940298498
LO_n2_m5_close,20230109,5340,494,1196,202211,-2.14,-6.73,0.012037205271584472,-0.0065892463591809,0.0021030977351761404,0.028180130018247596,0.10516946342541122,10.0,0.03668939360512291,0.017609220716685137,0.026513301397956157,0.053225543441769,0.050062578222778376
LO_n2_m5_close,20230505,5356,564,1204,202303,-16.26,-17.54,-0.011471996921227468,0.01583540647873871,0.0012714579987567198,0.004912445118752329,-0.009651503361229552,10.0,-0.016883646573118583,0.010274263742541256,-0.0042099550924772355,-0.0005889003837226126,0.034862385321100975
LO_n2_m5_close,20260623,5425,1324,1215,202605,11.8,1.37,-0.01893737909450166,-0.05966073316982412,-0.15221381061373906,-0.10778833344065986,-0.05966073316982412,2.0,0.03513693859320277,-0.007831009801231859,-0.105485437970402,-0.05861131244920026,0.011194029850746245
LO_n2_m5_close,20241030,5438,927,1219,202409,30.21,2.79,0.03154077552411594,-0.034078866684797315,0.06172581094021612,0.09322323920049436,-0.034078866684797315,2.0,0.07268889449275329,0.004451687463952192,0.1040780097260019,0.13683186909982625,0.17592592592592604
LO_n2_m5_close,20260922,5465,1388,1228,202608,-4.36,-31.37,-3.093912356877393e-05,0.0670496687043356,0.08264981005966199,0.05612956975560701,0.021809258773888507,10.0,0.011097492396518804,0.07892462527179234,0.09469837710325124,0.06788299898977113,0.16194968553459121
LO_n2_m5_close,20231130,5478,707,1234,202310,-13.24,3.6,0.08888986660179254,0.18249071473375178,0.1637705451073599,0.18249071473375178,0.15441046029416405,10.0,0.08888986660179254,0.18249071473375178,0.1637705451073599,0.18249071473375178,0.21069182389937113
LO_n2_m5_close,20240814,6108,876,1301,202407,-2.86,-5.87,-0.00783100980123197,-0.00783100980123197,-0.017582056387952183,-0.024895341327991982,-0.017582056387952183,3.0,-0.00783100980123197,-0.00783100980123197,-0.017582056387952183,-0.024895341327991982,0.019656019656019597
LO_n2_m5_close,20220720,6133,374,1322,202206,65.35,41.62,0.09019766288307762,0.1466384138225285,0.14366784798361,0.2476376523457564,0.44072443187545685,10.0,0.07729591539333702,0.1330687284518477,0.13013331723824173,0.23287270971444562,0.2574850299401199
LO_n2_m5_close,20241029,6133,926,1322,202409,8.05,17.74,-0.0880655829731245,0.0019536942441207295,-0.04109900355543128,-0.0880655829731245,-0.0880655829731245,1.0,-0.11765124154079021,-0.030552437057692172,-0.07220838702786958,-0.11765124154079021,0.07100591715976323
LO_n2_m5_close,20230502,6148,561,1334,202303,82.48,59.38,0.09058789807371292,0.10920769145545939,0.10521773573079929,0.06398819324264671,-0.027780788424531577,10.0,0.09058789807371292,0.10920769145545939,0.10521773573079929,0.06398819324264671,0.20643431635388754
LO_n2_m5_close,20260508,6150,1293,1335,202603,-41.07,-6.59,-0.06520608539805794,-0.06940426166124036,0.02295561612877184,-0.04281581199441842,-0.06520608539805794,1.0,0.024372311364415644,0.019771836912180207,0.12098227486135893,0.04890817510967116,0.05359661495063461
LO_n2_m5_close,20260811,6152,1358,1337,202606,26.28,28.09,0.07931896906757863,0.0290401351048033,-0.05475792149982239,-0.07486945508493248,-0.05475792149982239,3.0,0.07207521759732649,0.02213382547322751,-0.06110182806693765,-0.08107838491657726,0.11486486486486491
LO_n2_m5_close,20250619,6141,1079,1328,202505,-33.74,-33.71,-0.029717090467381135,-0.04430781091148073,-0.06254621146660522,-0.09172765235480418,-0.029717090467381135,1.0,-0.022529809656028355,-0.03722860951082496,-0.05560210932932075,-0.08499970903891385,0.018382352941176405
LO_n2_m5_close,20260306,6141,1251,1328,202601,19.84,19.84,-0.07139615402009425,-0.016122115568909523,0.000460095966446028,0.10548076902369719,0.43436129780824717,10.0,-0.013701832228443345,0.04500639204367296,0.06261885932530808,0.1741644854423292,0.11420612813370479
LO_n2_m5_close,20260318,6141,1259,1328,202602,-18.95,-1.33,0.07993778548558228,-0.00973902709007568,-0.1070479088211087,-0.12231204713185895,-0.1070479088211087,3.0,0.11201514545050051,0.01967466517457539,-0.08052457938015167,-0.09624210793775578,0.09807692307692317
LO_n2_m5_close,20251022,6155,1165,1340,202509,9.31,11.89,-0.030714643842060463,0.03957080356905496,0.0019762619305514484,-0.07157827605782507,-0.07157827605782507,5.0,-0.02751039473079442,0.043007401266804024,0.005288580151809663,-0.06850911333404919,0.054365733113673764
LO_n2_m5_close,20250902,6168,1132,1350,202507,-1.03,5.03,-0.0401623821906012,-0.10482512696933965,-0.11492868084101748,-0.1452393424560512,-0.10482512696933965,2.0,-0.020207338161299826,-0.08621442274832802,-0.09652802971505114,-0.12746885061522073,0.006109979633401208
LO_n2_m5_close,20260922,6168,1388,1350,202608,18.51,9.29,-0.07096903645024433,-0.00783100980123197,0.019228144476916453,0.059816875894138644,-0.07096903645024433,1.0,-0.06029051962783327,0.0035732314654206565,0.030943410505386737,0.07199867906533552,0.06818181818181812
LO_n2_m5_close,20250828,6179,1129,1360,202507,49.2,55.69,0.01204294531831196,-0.03382002803448181,-0.06898164093829007,-0.07509670405199598,-0.06898164093829007,3.0,-0.01967780371405281,-0.06410328088713213,-0.09816281338649269,-0.10408621034290333,0.046224961479198745
LO_n2_m5_close,20260527,6182,1306,1362,202604,3.0,6.94,-0.0023311816959172837,0.09446579295762092,0.06696665243104771,0.06586668680998464,-0.13652698746559555,10.0,-0.0023311816959172837,0.09446579295762092,0.06696665243104771,0.06586668680998464,0.1252771618625277
LO_n2_m5_close,20260617,6182,1321,1362,202605,11.93,7.95,0.044388410735545225,0.013927082089091991,-0.003479391423167111,0.08790459451619315,0.2924306582852374,10.0,-0.0036796751142078588,-0.032739017923376745,-0.04934435667147319,0.03783367175603347,0.11842105263157898
LO_n2_m5_close,20230517,6198,572,1377,202304,9315.37,5374.69,0.03976930157262193,0.01894416534656096,0.010019106963963464,-0.05543132117508587,0.004069068042231727,10.0,0.08703154255319578,0.0652598092259502,0.05592906637141626,-0.012496381228498832,0.08995502248875553
LO_n2_m5_close,20260817,6214,1362,1391,202607,31.81,36.2,-0.005004317521463353,0.009129143877379509,0.017609220716685137,0.01478252843691652,0.03739606667506523,10.0,-0.002161472714381718,0.012012370002743467,0.020516675633018622,0.017681907089593496,0.03418803418803429
LO_n2_m5_close,20260916,6221,1384,1398,202608,21.47,-27.95,-0.023173829237295607,0.07399736052443973,0.056949783373257956,0.07740687595467599,-0.023173829237295607,1.0,-0.039674271310989884,0.05585551321828364,0.039095901897358454,0.05920743548246854,0.12371134020618557
LO_n2_m5_close,20260825,6225,1368,1402,202607,112.91,36.92,0.028193280311885394,-0.009332021889278508,-0.10689780761230394,-0.13691804937323493,-0.10689780761230394,3.0,-0.01502064016499105,-0.05096879198378712,-0.1444339867126564,-0.17319250816769327,0.05900151285930422
LO_n2_m5_close,20261002,6225,1394,1402,202608,139.2,42.96,0.005242959322909968,0.02122225491908325,-0.002020356857168837,,0.04010687698728832,4.0,-0.01917008397493214,-0.003578856986094392,-0.026257005333494732,,0.07613469985358723
LO_n2_m5_close,20260831,6226,1372,1403,202607,21.5,6.37,0.06752359704930733,0.07223325997746599,0.004728091340524543,0.017287192482281055,-0.07062651551001475,6.0,0.028467855693845134,0.033005213880729745,-0.03203025346461641,-0.01993063163292408,0.12499999999999978
LO_n2_m5_close,20260918,6226,1386,1403,202608,13.05,7.14,-0.03388358722439444,-0.040396731580184864,-0.07296245335913798,-0.011087581979127403,-0.08381769395212224,10.0,-0.025352757972512574,-0.03192341353674266,-0.06477669135789399,-0.0023554634977067668,-0.00328227571115991
LO_n2_m5_close,20260515,6241,1298,1416,202604,-9.16,-13.11,-0.03079788457435162,-0.035391259528975705,-0.01701775971048003,-0.02161113466510378,-0.03079788457435162,1.0,-0.06122126936349748,-0.06567045766035307,-0.04787370447293127,-0.05232289276978652,0.04629629629629628
LO_n2_m5_close,20250417,6228,1036,1405,202503,120.05,108.1,0.007066422484034884,-0.06543441463759692,-0.1587916569586021,-0.05252330665703231,-0.06543441463759692,2.0,0.016221571779344357,-0.056938363861575025,-0.15114430838549842,-0.043909882172096126,0.03503503503503502
LO_n2_m5_close,20260415,6229,1277,1406,202603,84.76,44.55,-0.027516902463905812,-0.007831009801231859,0.003980525796372536,0.057132435985592256,-0.027516902463905812,1.0,-0.021693650382851426,-0.001889878123395028,0.009992385232278966,0.06346257033281133,0.09126984126984139
LO_n2_m5_close,20240314,6230,773,1407,202402,-45.8,-40.86,0.0890298150994393,0.15185845827825317,0.08117623470208768,0.060233353642483056,-0.00783100980123197,10.0,0.12158233674643348,0.18628901002026632,0.11349400258720443,0.09192511149592675,0.1899736147757256
LO_n2_m5_close,20221019,6247,437,1422,202209,,,0.0019601315494137683,-0.007831009801231859,-0.007831009801231859,-0.007831009801231859,-0.001303582234134737,10.0,-0.0013249836359940925,-0.011084022883850797,-0.011084022883850797,-0.011084022883850797,0.009868421052631637
LO_n2_m5_close,20260508,6261,1293,1427,202603,2.48,6.94,-0.0037141260244735186,-0.00783100980123197,-0.02018166113150699,-0.05723361512233249,-0.02018166113150699,3.0,-0.011914009760897626,-0.015997009720563393,-0.028246009599560473,-0.06499300923655205,0.053941908713692976
LO_n2_m5_close,20260513,6263,1296,1428,202604,13.4,1.99,-0.042043733601189404,-0.09994218926265608,-0.09467869329343181,-0.10783743321649242,-0.042043733601189404,1.0,-0.042043733601189404,-0.09994218926265608,-0.09467869329343181,-0.10783743321649242,0.0
LO_n2_m5_close,20260526,6274,1305,1436,202604,97.96,68.62,0.023566743053159422,-0.03294921208474488,0.06124404647842918,-0.0015514592303536023,-0.03294921208474488,2.0,-0.01388082071707808,-0.06832911895969329,0.022418044777998913,-0.03808006438046263,0.14873417721518978
LO_n2_m5_close,20260723,6274,1345,1436,202606,107.71,85.17,-0.07100281816594756,-0.06728682943861142,-0.16018654762201656,-0.24937027707808557,-0.07100281816594756,1.0,-0.056873583461247046,-0.0531010777950921,-0.1474137194489673,-0.23795385543668757,-0.0037453183520599342
LO_n2_m5_close,20260806,6274,1355,1436,202606,107.71,85.17,-0.06619389157763012,-0.05322436229398597,0.04080472501243326,0.037562342691522144,0.021350431086967214,10.0,-0.07225756760634683,-0.0593722560453237,0.03404625277209283,0.030824924881836857,0.09477124183006547
LO_n2_m5_close,20230510,6276,567,1438,202303,-20.16,-24.98,-0.04172498151609649,0.05379439331670399,0.08152582471977521,0.09076963518746539,0.1400699576818143,10.0,-0.032712990746655346,0.06370468541686103,0.09169691398046265,0.1010276568349966,0.14285714285714257
LO_n2_m5_close,20240314,6419,773,1464,202402,297.52,321.11,0.00364863140767957,-0.06358926710165835,-0.1324671143551268,-0.15870629426120997,-0.1324671143551268,3.0,0.043311721652312896,-0.02658334466753154,-0.09818316870249433,-0.1254592921443849,0.03140495867768589
LO_n2_m5_close,20251223,6419,1208,1464,202511,-27.5,-37.02,0.027603596991581103,0.10437857837600961,0.02169782919277896,0.01579206139397682,-0.020823698958596704,6.0,0.017909223435056854,0.09395991254227387,0.012059170426809596,0.006209117418562116,0.13095238095238093
LO_n2_m5_close,20260313,6419,1256,1464,202602,37.57,12.97,0.09113846553031602,0.13938608475444547,0.13814896631280127,0.05773626760591877,0.12206642657142486,10.0,-0.004444767513864245,0.03957638222191706,0.03844763479279467,-0.03492094810017443,0.20947630922693272
LO_n2_m5_close,20260415,6419,1277,1464,202603,174.21,56.77,0.0881853440889715,0.02417444149550252,0.036176485731777897,0.20020442362754198,0.17620033515499123,10.0,0.058313589545352595,-0.00394015101613876,0.007732425339140869,0.16725763552796247,0.25806451612903225
LO_n2_m5_close,20260623,6435,1324,1470,202605,22.19,9.04,-0.01879420306309687,-0.03112779548269462,-0.09005495926521823,-0.0037198123280326456,-0.03112779548269462,2.0,-0.009214788030240006,-0.02166879209131234,-0.08117125593865837,0.0060067724888484,0.04143646408839774
LO_n2_m5_close,20211122,6446,215,1475,202110,10.64,5.13,-0.0023494131702994636,0.041503359877159696,0.068911343031822,0.12372730934114617,0.46632709877442236,10.0,0.0201963628032531,0.06504015897042903,0.0930675315749141,0.149122276783884,0.13259668508287303
LO_n2_m5_close,20260616,6449,1320,1476,202605,12.27,22.08,0.05499450570717257,0.026545215665631172,0.01587673190005301,-0.0997439223304345,-0.085378133856984,4.0,0.05122666818678989,0.022878982752539523,0.012248600714695579,-0.10295912260782591,0.15412186379928317
LO_n2_m5_close,20220808,6465,387,1483,202206,-41.32,12.91,0.000777831762314829,-0.06378847996428605,0.02875656684384187,-0.014287640973892124,-0.06378847996428605,2.0,0.020704823987670595,-0.04514710014056622,0.04924065777657316,0.005339375024415283,0.10845986984815625
LO_n2_m5_close,20250107,6477,974,1488,202411,-29.45,-41.65,0.018509759850062757,-0.03040881235948467,-0.05424093728208457,-0.04671500309600041,-0.03040881235948467,2.0,0.015941008879444718,-0.03285418735983903,-0.0566262060405156,-0.0491192527729335,0.09481668773704177
LO_n2_m5_close,20260527,6488,1306,1492,202604,-10.13,-10.27,-0.011031554930905463,0.08285110220618219,0.013505957729924356,0.013505957729924356,-0.1347859666116119,7.0,-0.016320156241435346,0.07706045460080158,0.008086139774149403,0.008086139774149403,0.11827956989247301
LO_n2_m5_close,20260714,6488,1338,1492,202606,-1.62,-7.6,-0.030752405614404843,-0.09932225170707065,-0.18478802344289624,-0.20779803891023374,-0.09932225170707065,2.0,-0.07062651551001464,-0.1363754502127923,-0.21832522501011886,-0.2403886259170912,0.05610561056105601
LO_n2_m5_close,20211221,6492,236,1494,202111,0.0,-2.99,-0.0789992496045191,-0.05806741436825813,-0.12086292007704091,-0.12504928712429308,-0.0789992496045191,1.0,-0.03842652932277979,-0.01657258680738849,-0.08213441435356261,-0.08650520285664087,-0.025316455696202556
LO_n2_m5_close,20251021,6492,1164,1494,202509,95.23,10.66,-0.07512929402014057,-0.06551525341743925,-0.08089771838176141,-0.14435038635958952,-0.07512929402014057,1.0,-0.07333342857163594,-0.06370071992892945,-0.07911305375725997,-0.1426889307991227,0.015503875968992276
LO_n2_m5_close,20211019,6506,191,1501,202109,37.77,20.48,-0.056591451627239775,-0.14987229685960257,-0.2049927963150897,-0.2261929884133539,-0.14987229685960257,2.0,-0.04018434643814828,-0.1350874672397695,-0.1911665840770912,-0.21273547516836877,0.0
LO_n2_m5_close,20240830,6541,888,1521,202407,88.36,-44.87,-0.015832372625415814,-0.019833054037507458,-0.05183850533424195,-0.06384054957051732,-0.05183850533424195,3.0,-0.0024240943233097,-0.006479280931751319,-0.03892077379928616,-0.05108633362461157,0.008064516129032251
LO_n2_m5_close,20250415,6560,1034,1530,202503,661.56,271.29,0.07365146765470554,0.0017551640171136196,0.1008122934733513,0.022525207290195803,0.1822947709292888,10.0,0.07365146765470554,0.0017551640171136196,0.1008122934733513,0.022525207290195803,0.11111111111111116
LO_n2_m5_close,20230718,6569,614,1533,202306,14.93,-11.69,0.08953136774163784,0.07562245666408507,0.1266217972817787,0.09880397512667294,0.01303235681509718,10.0,0.07446872210465671,0.060752100120341934,0.11104638072949613,0.08361313676086635,0.1448598130841121
LO_n2_m5_close,20260527,6570,1306,1534,202604,9.7,15.29,0.012661292922322653,0.019492060496840935,0.0331535956458775,0.01095360102869325,-0.011246393588490888,4.0,0.01440726066874043,0.021249805428732005,0.034934894948714934,0.012696624478742757,0.03716216216216206
LO_n2_m5_close,20240315,6577,774,1538,202402,29.53,14.57,0.026234878274262297,0.09862489043468736,0.12843254250074487,0.20082255466116994,0.18378961062342292,10.0,0.0004716595728164741,0.07104434925222658,0.10010369206139558,0.1706763817408059,0.23175965665236054
LO_n2_m5_close,20230517,6593,572,1550,202304,15.57,-3.85,-0.017526472246170988,-0.0676196948783564,-0.03530148672855937,-0.04822876998847825,-0.0676196948783564,2.0,-0.017526472246170988,-0.0676196948783564,-0.03530148672855937,-0.04822876998847825,0.016286644951140072
LO_n2_m5_close,20240926,6593,906,1550,202408,-15.77,1.89,0.0072546005760592,-0.0356813674208466,-0.0380022305558142,-0.09254251422755944,-0.0356813674208466,2.0,-0.010111858054562384,-0.05230755074117677,-0.05458839899450707,-0.10818833294777386,0.07134502923976593
LO_n2_m5_close,20241016,6609,917,1559,202409,106.05,-0.45,0.0011887082914843194,0.014718285430558309,0.00569856733784202,0.06432673494049657,-0.052929600264812304,10.0,-0.007831009801231859,0.00557667925550831,-0.0033617801156520244,0.054738205796888595,0.11363636363636354
LO_n2_m5_close,20260330,6609,1267,1559,202602,-28.05,-18.6,-0.08136824083949346,-0.06736114921315794,-0.10588065118558077,-0.11288419699874852,-0.08136824083949346,1.0,-0.08674035639013977,-0.07281517758033251,-0.11110941930730256,-0.11807200871220624,0.05529411764705894
LO_n2_m5_close,20260115,6641,1223,1572,202512,-6.39,-3.08,-0.10631837279890355,-0.08260845207724188,-0.10996605290992867,-0.13185213357607783,-0.10631837279890355,1.0,-0.08787466191858073,-0.06367541825519618,-0.09159762248217862,-0.11393538586376417,-0.020220588235294157
LO_n2_m5_close,20250513,6658,1053,1581,202504,76.53,73.69,-0.006534056872867455,0.0920343656828273,0.0609074954020814,0.11408256546502193,0.03962542344601405,10.0,-0.0026227736322095296,0.09633371357921616,0.06508429656508175,0.11846871729756137,0.16078431372549007
LO_n2_m5_close,20240530,6695,825,1602,202404,-34.2,-18.63,0.021556224041044736,0.02295561612877184,0.01595865569013455,-0.06800486957351282,-0.07920000627533252,4.0,-0.005105270817169161,-0.003742401325138145,-0.010556748785294445,-0.09232891830717094,0.056417489421720646
LO_n2_m5_close,20250221,6680,1000,1594,202501,38.25,38.25,-0.0445780094382231,-0.049171384392847184,-0.06295150925671888,-0.08591838402983876,-0.0445780094382231,1.0,-0.053343348801175194,-0.05789458270116965,-0.07154828440115268,-0.09430445390112463,0.04166666666666674
LO_n2_m5_close,20260313,6683,1256,1595,202602,46.93,46.8,-0.007831009801231859,0.018509759850062757,0.05363078605178928,0.12826296673045756,-0.034171779452526585,7.0,-0.02508612267425392,0.0007965466352790607,0.03530677238132318,0.10864100209166683,0.13716814159292046
LO_n2_m5_close,20260811,6716,1358,1610,202606,60.57,53.76,0.03489397063794941,0.11559671146751427,0.17256335205308937,0.30548551341943164,0.21054111244347284,10.0,0.029965904111102226,0.11028434617481175,0.16697971704331294,0.29926891573648207,0.3301435406698565
LO_n2_m5_close,20260526,6727,1305,1616,202604,51.14,133.04,-0.04136053020733477,-0.11908805478511852,-0.10689550191017194,-0.18309895737858728,-0.11908805478511852,2.0,-0.07817681708268076,-0.1529192373192203,-0.14119493610564526,-0.21447181869048781,0.05069124423963123
LO_n2_m5_close,20260409,6739,1273,1622,202602,90.86,94.75,-0.011160435942838554,0.0054866947651945885,-0.014489862084445138,0.0487692346060804,0.02213382547322751,10.0,-0.024257648711807578,-0.007831009801231859,-0.027542976493922566,0.03487825136626488,0.12080536912751683
LO_n2_m5_close,20240625,6869,842,1679,202405,59.43,4.32,0.09138588921864477,0.09392991227043646,0.17533864992777137,0.37886049407110844,0.2974517564137735,10.0,0.035621646703823506,0.03803568317632666,0.11528485029642543,0.30840776809667236,0.4076923076923078
LO_n2_m5_close,20260410,6894,1274,1691,202602,55.41,53.55,-0.021841098237928347,-0.07533416317804154,-0.0982597624380902,-0.11226985087478658,-0.021841098237928347,1.0,-0.06043676390548236,-0.11181912837940111,-0.1338401417253665,-0.147297427659012,0.042362002567394086
LO_n2_m5_close,20260519,6902,1300,1695,202604,21.14,25.2,-1.8655547698309682e-05,0.019512230086135673,0.011699875832602125,0.1015419497482386,0.10544812687500538,10.0,-0.015522242283392829,0.0037058389220097077,-0.0039853935601513735,0.08446377998470012,0.1692913385826771
LO_n2_m5_close,20260624,6909,1325,1701,202605,51.31,-1.1,-0.040684287622383186,-0.09653485991834032,-0.08832154046305252,-0.004545682019116759,-0.09653485991834032,2.0,-0.048560442896419476,-0.10395247190587442,-0.09580658528683694,-0.012718541772654413,0.008278145695364225
LO_n2_m5_close,20240605,6922,829,1709,202404,35.62,21.61,-0.04099543287194285,-0.07968725978777236,-0.05205024056217977,-0.05481394248473903,-0.07968725978777236,2.0,-0.06698471653394977,-0.10462798445477028,-0.07773993593989847,-0.08042874079138562,0.027855153203342642
LO_n2_m5_close,20250715,6933,1097,1716,202506,158.75,40.51,-0.04880554036991269,0.04485052950135748,0.14728685592305912,0.2672836954456239,-0.04880554036991269,1.0,-0.06263104123662899,0.029663748549302982,0.13061117487766594,0.2488638742908913,0.26530612244897966
LO_n2_m5_close,20261001,6957,1393,1728,202608,-31.15,8.5,-0.02591742368506378,0.059347098910143004,0.043844458438287104,0.15753048856522933,0.15753048856522933,5.0,-0.0025394418535051866,0.08477142928398651,0.06889672544080616,0.18531122029079494,0.171875
LO_n2_m5_close,20260416,7556,1278,1746,202603,12.1,10.79,-0.024367159637878055,0.07301238940014931,0.08219913930939704,0.17222928842002605,0.12262083891008757,10.0,-0.02074027175549098,0.07700128304104203,0.0862221844369413,0.1765870181167548,0.21296296296296302
LO_n2_m5_close,20260908,7610,1378,1748,202607,721.99,509.7,-0.024647433363923055,-0.022245087140681186,-0.05107324181958006,-0.20482340010704048,-0.05107324181958006,3.0,-0.024647433363923055,-0.022245087140681186,-0.05107324181958006,-0.20482340010704048,0.02421307506053272
LO_n2_m5_close,20260401,7721,1269,1765,202602,30.2,15.56,0.001200437443750202,0.07990304915002455,0.052808707415077594,0.0837736693978739,0.12893090562278542,10.0,-0.012919055904815457,0.06467364717483193,0.037961405131018866,0.06848968175251935,0.1378413524057216
LO_n2_m5_close,20260603,7709,1311,1756,202604,62.9,26.63,-0.04298660394213327,-0.12892250073100286,-0.08595455233656801,-0.09376690659010156,-0.04298660394213327,1.0,-0.039203942297635797,-0.125479506662746,-0.08234172448019084,-0.0901849576042918,0.023622047244094446
LO_n2_m5_close,20260807,7711,1356,1757,202606,140.78,44.46,0.07154250941466955,0.07683407736239634,0.18398832830386325,0.24881003566351612,0.2210293039379505,10.0,0.045067466919378685,0.05022829391651129,0.15473504060844934,0.2179551713233252,0.33066666666666666
LO_n2_m5_close,20260115,7715,1223,1761,202512,-60.36,-27.75,-0.105485437970402,-0.06512160766047848,-0.0638195486182227,-0.09637102467461278,-0.105485437970402,1.0,-0.09838611604953218,-0.05770193788000599,-0.056389545035827604,-0.08919936614028434,-0.002624671916010568
LO_n2_m5_close,20260903,8040,1375,1831,202607,42.52,32.03,-0.0038463953827629904,0.0957689650789606,0.04928179686348977,0.06256384492505274,0.039984363220395336,10.0,-0.0038463953827629904,0.0957689650789606,0.04928179686348977,0.06256384492505274,0.12182061579651937
LO_n2_m5_close,20260506,8042,1291,1832,202603,20.54,31.16,0.09100083010213833,0.07944905660693902,0.14105851524800128,0.36054221165678424,0.4953129024341074,10.0,0.06214564441933601,0.05089939641960184,0.11087938575151735,0.32455809774646593,0.3712807244501941
LO_n2_m5_close,20260616,8042,1320,1832,202605,33.35,31.98,0.0076313640719956055,0.005054301759791047,-0.018139259050050316,-0.010408072113436528,-0.08514287916736973,4.0,0.023583311788174965,0.0209654516557245,-0.0025952895363308137,0.005258290861020809,0.036363636363636376
LO_n2_m5_close,20260414,8043,1276,1833,202603,170.47,80.76,-0.0008274639880642143,0.09838943503181263,0.1275708759200116,0.023684946358023096,0.021350431086967214,10.0,-0.05106518926240744,0.04316315058887232,0.07087736819218993,-0.02778524647562053,0.18823529411764706
LO_n2_m5_close,20240205,8054,753,1841,202312,179.13,23.94,-0.015919343960460908,0.08114066595028802,-0.02670378950609964,-0.16959769298581373,-0.015919343960460908,1.0,0.058893805329094606,0.163332646402649,0.04728948965425528,-0.1064676930373668,0.08967391304347827
LO_n2_m5_close,20250912,8059,1140,1842,202507,1543.37,1118.57,0.08539292216375283,0.02213382547322751,-0.03779584507569156,-0.05610768885452766,-0.05777240192533095,4.0,0.055292302788901626,-0.006212463324561823,-0.06448013648468531,-0.08228414772805626,0.1023489932885906
LO_n2_m5_close,20221108,8033,451,1827,202209,-32.28,-12.75,-0.05569881195994464,-0.00492993088252236,-0.013633167638651744,0.044388410735545,0.3199909080129808,10.0,-0.00015168325170566987,0.05360360259497665,0.04438841073554567,0.10582302313175407,0.05263157894736836
LO_n2_m5_close,20260226,8087,1246,1860,202601,883.39,883.39,0.018202578862875685,0.1194443125566278,0.07171606667243013,0.028326752232250785,-0.05700556616676855,6.0,0.03633081468832744,0.1393750718306328,0.09079706489211703,0.04663524040255784,0.15160349854227406
LO_n2_m5_close,20240410,8096,790,1866,202402,117.02,140.95,-0.02375667577552998,-0.020571542580670288,-0.04127490834725778,-0.0922370394650115,-0.1097552720367394,4.0,-0.04968813907524261,-0.046587610980871275,-0.0667410435942839,-0.11634949310422216,0.0658105939004816
LO_n2_m5_close,20260601,8150,1309,1883,202604,32.22,27.09,-0.0814285217502485,-0.1075137158587608,-0.07677045137372862,-0.18763252633490535,-0.0814285217502485,1.0,-0.06384820637704758,-0.09043263865031603,-0.05910098632824978,-0.1720848234896405,0.032863849765258246
LO_n2_m5_close,20241122,8171,943,1887,202410,-4.94,20.72,0.03655865481467435,0.007765358847599879,0.10854189473235998,0.03535893414937963,-0.04022346776419039,10.0,0.03530677238132318,0.006548250926286414,0.1072030760189151,0.03410850065403004,0.11729141475211602
LO_n2_m5_close,20260123,8277,1229,1904,202512,-34.77,-16.98,-0.049171384392847406,-0.09326778395723723,-0.07213825916596706,-0.07673163412059092,-0.049171384392847406,1.0,0.011719118084458024,-0.03520118884119805,-0.012718541772654413,-0.017606073744076856,-0.0185185185185186
LO_n2_m5_close,20260604,8277,1312,1904,202604,-58.95,-53.69,-0.09464579644362425,-0.11945002119859338,-0.06984157168865501,-0.18394100556151338,-0.18394100556151338,5.0,-0.012340868847590003,-0.03940002312573809,0.014718285430558087,-0.10975382424892366,-0.04999999999999993
LO_n2_m5_close,20240716,8291,857,1908,202406,28.33,-66.18,-0.05702947212513765,-0.09802819072839264,-0.12672729375067093,-0.09392831886806696,-0.12672729375067093,3.0,-0.05311673134557404,-0.09428556911315789,-0.12310375555046638,-0.09016868533639932,-0.004132231404958553
LO_n2_m5_close,20241007,8404,911,1921,202408,25.36,35.21,-0.03297042678261963,-0.0011271652728618298,-0.026266582254249604,-0.027942543386342278,0.17317279246475947,10.0,-0.024733377607003115,0.007381121223962284,-0.017972430484694657,-0.019662667265271883,0.02533783783783794
LO_n2_m5_close,20211116,8427,211,1935,202110,,,-0.005160299195044127,-0.006495654498138048,-0.0038249438919504275,-0.002489588588856395,-0.013172431013607544,8.0,-0.006497449330534755,-0.00783100980123208,-0.005163888859837651,-0.003830328389140214,0.008075370121130687
LO_n2_m5_close,20240419,8438,797,1943,202403,7.46,-6.88,-0.10650721727331669,-0.1186727770986421,-0.10650721727331669,0.004334550024093442,-0.10650721727331669,1.0,-0.11375175334947885,-0.12581867350054488,-0.11375175334947885,-0.0038087030842097747,0.06267029972752036
LO_n2_m5_close,20220322,8440,292,1944,202202,6.45,9.76,-0.03690092925928501,0.022502819198475743,-0.07860994413388278,-0.1443332402999159,-0.16961143113300559,4.0,-0.006527239774689497,0.05474995147280337,-0.04955165065058864,-0.11734769203079354,0.04713375796178343
LO_n2_m5_close,20240628,8440,845,1944,202405,7.59,5.75,0.09084547036176849,0.19892924173706317,0.22294785759823976,0.15889821530176862,0.09084547036176849,1.0,0.07501411462888385,0.1815292746104613,0.20519931016192317,0.14207921535802548,0.15438596491228074
LO_n2_m5_close,20260115,8476,1223,1959,202512,167.51,-20.3,-0.10604571792191797,-0.025870445986663992,-0.06996684555105381,-0.15815964467983323,-0.10604571792191797,1.0,-0.10964311945945548,-0.029790484433397824,-0.07370943369772964,-0.16154733222639328,0.010101010101010166
LO_n2_m5_close,20250704,8478,1090,1961,202505,-0.92,-23.69,-0.054272962533940206,-0.033162984019072694,-0.02894098831609926,-0.1070479088211087,-0.054272962533940206,1.0,-0.054272962533940206,-0.033162984019072694,-0.02894098831609926,-0.1070479088211087,0.012765957446808418
LO_n2_m5_close,20220822,8480,397,1962,202207,,,-0.006645622716167754,-0.006645622716167754,-0.005460235631103316,-0.004274848546039212,-0.003089461460974996,10.0,-0.007831009801231859,-0.007831009801231859,-0.006647037259228439,-0.005463064717225241,0.0035842293906809264
LO_n2_m5_close,20240604,8455,828,1951,202404,-34.42,-14.24,-0.036946578362369475,-0.07614061296390096,-0.13773123876630755,-0.13773123876630755,-0.07614061296390096,2.0,-0.036946578362369475,-0.07614061296390096,-0.13773123876630755,-0.13773123876630755,0.0
LO_n2_m5_close,20250813,8935,1118,1985,202507,-2.68,-3.32,-0.08737198369902355,-0.02248329446661468,-0.05806741436825824,-0.15854022350231067,-0.08737198369902355,1.0,-0.0554897822561945,0.011665760748525544,-0.025161472512127525,-0.12914424877750041,0.0042194092827005925
LO_n2_m5_close,20221103,9928,448,2017,202209,-1.63,7.61,-0.06688868778925383,-0.09051175898446273,-0.0975986803430251,-0.024367159637878166,0.034690518350143806,10.0,-0.012829342245558206,-0.037821004467189834,-0.04531850313367902,0.032155649753378146,0.01904761904761898
LO_n2_m5_close,20240522,9955,819,2037,202404,77.04,23.26,-0.07502970634855877,-0.09347640736155038,-0.08161781385319866,-0.09611165036340652,-0.07502970634855877,1.0,-0.03263523455620121,-0.05192740936562168,-0.039525296988137115,-0.054683434338396175,-0.03452855245683928
LO_n2_m5_close,20260504,9960,1289,2039,202603,4.39,2.82,-0.021844696103474393,-0.024647433363922944,-0.033055645145268375,-0.020443327473250172,-0.05968164911952922,10.0,0.012476542629736853,0.009575463711027021,0.0008722269548975259,0.013927082089091769,-0.007062146892655385
LO_n2_m5_touch,20250904,1256,1134,27,202507,12.59,-8.55,0.049965242055006964,0.037121630531398386,0.046754339174104986,0.16876864864838725,0.10133968814944172,10.0,0.023467696514186676,0.010948213988019262,0.020337825882644767,0.1392729098812353,0.1779935275080906
LO_n2_m5_touch,20241218,1213,961,10,202411,53187.09,57.87,-0.10585968248554123,-0.04941893154609034,-0.04941893154609034,0.012962951071197493,-0.10585968248554123,1.0,-0.017622151151877596,0.04438841073554545,0.04438841073554545,0.11292640019006561,0.03592814371257491
LO_n2_m5_touch,20250625,1225,1083,17,202505,-0.82,-3.48,-0.09114290974158645,-0.1769794127104366,-0.17445480968194083,-0.19591393542415347,-0.09114290974158645,1.0,-0.07346086518402983,-0.16096733902776028,-0.15839361920882689,-0.1802702376697597,-0.007633587786259444
LO_n2_m5_touch,20260331,1309,1268,40,202602,-43.0,-28.24,0.015843304498522004,0.11699719287019672,0.14067150716995047,0.009386673325861628,-0.0272009033192121,6.0,0.06432673494049679,0.17030842252991052,0.19511264728487987,0.05756194637095957,0.17136659436008683
LO_n2_m5_touch,20260604,1312,1312,42,202604,-5.45,19.97,0.0061432013283282405,-0.046260090407522325,-0.039272984842742,-0.11555757768806474,-0.046260090407522325,2.0,0.0061432013283282405,-0.046260090407522325,-0.039272984842742,-0.11555757768806474,0.01760563380281699
LO_n2_m5_touch,20260828,1312,1371,42,202607,-5.01,13.27,0.09033411997108431,0.09734591495482126,0.06929873501987371,0.023722067625584042,0.006192580166241912,10.0,0.08649491532329878,0.09348202088807911,0.06553359862895869,0.02011741245788845,0.16607773851590113
LO_n2_m5_touch,20220831,1410,404,62,202207,-25.55,-16.89,-0.01998452749854418,-0.04871102387400972,-0.06086454157132182,-0.09401049892762825,-0.04871102387400972,2.0,-0.022162339659658636,-0.05082499937651208,-0.062951509256719,-0.09602380893001139,0.027839643652561197
LO_n2_m5_touch,20230919,1435,658,72,202308,-33.27,-35.89,-0.09191312761468695,-0.12813311682663664,-0.04146385692661414,0.1590396547823938,-0.09191312761468695,1.0,-0.16386238761160243,-0.19721260576954414,-0.11741029803446934,0.06720698105413714,0.1681877444589308
LO_n2_m5_touch,20260408,1449,1272,85,202602,22.19,16.56,0.08839942737523732,0.045261645192682165,-0.004512718864112308,-0.024422464486830053,-0.05428708292090645,10.0,0.020161218762369648,-0.020272000273943713,-0.06692571454661311,-0.0855872002556809,0.1404682274247493
LO_n2_m5_touch,20240412,1453,792,88,202402,101.75,101.75,0.058313589545352595,-0.04623755135731322,-0.06970821564158525,-0.04837124811042881,-0.10384736369143532,6.0,0.02953100238198547,-0.0721766974501058,-0.09500903822873863,-0.07425236479361785,0.09892473118279566
LO_n2_m5_touch,20230414,1529,550,127,202303,513.9,297.63,0.09138588921864499,0.13487822851502917,0.14846958454514958,0.04925268552527262,0.14167390653008938,10.0,0.06228226550614768,0.10461480908796172,0.1178437289572789,0.021272613911265337,0.23287671232876717
LO_n2_m5_touch,20260527,1591,1306,154,202604,510.66,743.74,-0.09194968505721435,-0.1329305781306418,-0.0951850187209059,-0.06714546030224522,-0.09194968505721435,1.0,-0.06344586351192516,-0.10571315233205214,-0.06678275473456674,-0.037863030805006304,-0.023913043478260954
LO_n2_m5_touch,20260728,1591,1348,154,202606,126.96,417.23,-0.04599135557810763,-0.11515698229869487,-0.0769966365218191,-0.13185213357607806,-0.04599135557810763,1.0,-0.04599135557810763,-0.11515698229869487,-0.0769966365218191,-0.13185213357607806,0.03485576923076916
LO_n2_m5_touch,20260805,1595,1354,157,202606,27.89,4.55,-0.0173558321071402,-0.041167887871910724,-0.006243539416913801,0.0413805721126268,-0.041167887871910724,2.0,-0.0173558321071402,-0.041167887871910724,-0.006243539416913801,0.0413805721126268,0.0895999999999999
LO_n2_m5_touch,20250618,1616,1078,170,202505,41.31,19.13,-0.007831009801231859,-0.02833507618880693,-0.04542179817845271,-0.05453471657293052,-0.1023775381439389,6.0,-0.021314620087058866,-0.041540035515799434,-0.05839454837308311,-0.06738362189696767,0.027554535017221715
LO_n2_m5_touch,20260702,1617,1331,171,202605,37.88,23.29,0.09005113272958831,0.18793327526040837,0.09894950932329905,0.04555924976103354,-0.041199922027647884,10.0,0.09005113272958831,0.18793327526040837,0.09894950932329905,0.04555924976103354,0.20852017937219713
LO_n2_m5_touch,20240430,1725,804,192,202403,-2.0,1.0,-0.10664458809338573,-0.12479402084092406,-0.1358853408533086,-0.13185213357607806,-0.12479402084092406,2.0,-0.10024388401626572,-0.11852335364121735,-0.12969414063424334,-0.12563203627314312,-0.004065040650406582
LO_n2_m5_touch,20260610,1714,1316,184,202604,71.71,47.62,0.09062850831009617,0.15121898099399056,0.264826117276292,0.45795824895620485,0.4011546808150541,10.0,0.02417444149550274,0.0810730215785862,0.1877578592343676,0.36912208324919615,0.4694656488549618
LO_n2_m5_touch,20260318,1735,1259,200,202602,-44.45,-13.66,5.58661144975936e-05,-0.0866997689585266,-0.14664002591807057,-0.16714590329896728,-0.0866997689585266,2.0,5.58661144975936e-05,-0.0866997689585266,-0.14664002591807057,-0.16714590329896728,0.07631160572337059
LO_n2_m5_touch,20260415,1785,1277,214,202603,95.58,76.61,0.006342832915893215,0.10555973193576995,0.08784242853936353,0.10910319261505141,0.2331243163898975,10.0,0.020927511653804798,0.12158233674643348,0.10360826083703545,0.1251771519283129,0.15357142857142847
LO_n2_m5_touch,20260109,1789,1219,217,202511,-2.12,-4.83,0.0027690862479001765,0.02396927834616447,0.028209316765817283,0.11301008515887445,0.08120979701147801,10.0,0.013598126056192816,0.0350272619136176,0.03931308908510278,0.12502963251480192,0.13888888888888884
LO_n2_m5_touch,20250926,1795,1150,218,202508,-12.48,0.35,0.009677854731687585,-0.005885580408685365,0.027186719264606918,0.08165874225591185,0.09722217739628469,10.0,-0.03570092525625346,-0.05056488016559835,-0.01897897598324072,0.03304486619946645,0.0980392156862746
LO_n2_m5_touch,20221124,1810,463,226,202210,-16.19,-1.66,0.06245889141175964,0.16789374323124728,0.15167299679748014,0.1219349616689065,0.15167299679748014,10.0,0.023418407212902448,0.12497901250883947,0.10935430400177215,0.08070900507214884,0.2561307901907357
LO_n2_m5_touch,20230424,1905,556,232,202303,-3.85,-1.11,-0.0013883540207205725,0.07162841149174293,0.03941513258918539,0.10598924232113749,0.10813679424797473,10.0,-0.01419106743071119,0.0578895857033872,0.026089297555990765,0.09180989306061016,0.1428571428571428
LO_n2_m5_touch,20260515,2066,1298,269,202604,8.61,4.49,-0.051963732594257905,-0.056867368460149614,-0.10426918183043687,-0.05359827788288851,-0.10426918183043687,3.0,-0.022991486731264055,-0.028044979041274676,-0.07689540470471168,-0.024675984167934262,-0.014827018121911117
LO_n2_m5_touch,20240708,2070,851,272,202405,41.44,23.39,-0.10567466454401697,-0.12627332870039287,-0.15287993656904486,-0.11940710731493431,-0.10567466454401697,1.0,-0.10412470729019385,-0.12475907103782868,-0.1514117908785234,-0.11788094978861707,0.03114186851211076
LO_n2_m5_touch,20260807,2070,1356,272,202606,33.17,16.42,-0.012850414473401073,-0.012850414473401073,0.06076752071841307,0.012246608887444888,0.15111680481745782,10.0,-0.004456285344773492,-0.004456285344773492,0.06978765269731113,0.02085414807866459,0.08263069139966284
LO_n2_m5_touch,20260225,2103,1245,277,202601,11.57,11.57,-0.022141139467560356,-0.09846183102131179,-0.06268650685549082,-0.08892174457709268,-0.09846183102131179,2.0,-0.012647364122585159,-0.08970903326423707,-0.053586375854087875,-0.08007632462153047,0.028846153846153744
LO_n2_m5_touch,20261005,2033,1395,258,202608,9.66,-5.04,0.027186719264606918,0.03496843683479356,0.015514142909327289,,0.015514142909327289,3.0,0.015242687645251163,0.022933920127412133,0.0037058389220097077,,0.0960784313725489
LO_n2_m5_touch,20240418,2061,796,264,202403,9.8,5.82,-0.10338826910316246,-0.10338826910316246,-0.1664153975789039,-0.20911119428827707,-0.10338826910316246,1.0,-0.08654170213432832,-0.08654170213432832,-0.15075305640606484,-0.19425107059014446,0.05122950819672134
LO_n2_m5_touch,20260318,2243,1259,303,202602,739.37,301.17,-0.046549799662647384,-0.05622949712800118,-0.08042874079138573,0.00426861203046025,-0.08042874079138573,3.0,0.018006724318527567,0.007671630670623708,-0.01816610344913583,0.07226596597002266,0.017073170731707332
LO_n2_m5_touch,20220822,2305,397,312,202207,29.91,-21.05,-0.051531764671324476,0.0423439309755409,0.14593090548242693,0.07633340698561297,-0.051531764671324476,1.0,-0.043731861420266305,0.05091583830264246,0.15535467937619707,0.08518483302990254,0.23817292006525292
LO_n2_m5_touch,20260617,2305,1321,312,202605,97.83,66.25,0.09106165098655361,0.19968145873707255,0.20292384105798367,0.2256205173043606,0.2191357526625386,10.0,0.09106165098655361,0.19968145873707255,0.20292384105798367,0.2256205173043606,0.30718954248366015
LO_n2_m5_touch,20240709,2312,852,314,202405,-3.53,-9.38,-0.009937525703989425,0.08906872172561164,0.16069026241936557,0.11013388075318642,0.006914601518070329,10.0,0.00934940561346509,0.11028434617481175,0.18330111168727514,0.13175986544318352,0.22080679405520165
LO_n2_m5_touch,20260923,2221,1389,292,202608,81.31,29.09,0.026597567145728584,0.1267534273550679,0.2362988994590327,0.17683135745973755,0.20187032251207238,9.0,0.02984629362403779,0.1303191027580901,0.2402112377484602,0.1805555073251166,0.24921135646687698
LO_n2_m5_touch,20260325,2231,1264,296,202602,-16.65,-5.82,0.08756985464095757,0.19251080552736544,0.31176188608010214,0.1543504597504899,0.16389054619470866,10.0,0.05707724189401464,0.15907592312940189,0.2749835154423421,0.12198549358926103,0.3221153846153846
LO_n2_m5_touch,20260911,2338,1381,329,202607,4.41,-3.89,-0.002636407758306536,-0.04211538328454012,0.0534652943052889,0.03892040858509738,-0.021336975112838164,10.0,0.03306098762561538,-0.007831009801231859,0.09117066817955632,0.07610519544334937,0.1413612565445026
LO_n2_m5_touch,20250916,2340,1142,330,202508,-3.34,4.02,0.023833957971069353,0.12586552079292845,0.020315628218591453,-0.02190432881114346,-0.05356929658344467,10.0,0.04231471533516795,0.1461880031177103,0.038732877825425005,-0.004249172291489134,0.19148936170212782
LO_n2_m5_touch,20260602,2353,1310,339,202604,68.39,29.65,0.011989052282644908,-0.08827714414167231,-0.10459954821074735,-0.13841024235383104,-0.08827714414167231,2.0,-0.02136058694030607,-0.11832255643700373,-0.13410706309925702,-0.16680354118535268,0.03877790834312589
LO_n2_m5_touch,20231215,2356,718,342,202311,0.0,-6.02,-0.04370488857907995,-0.07650386346168392,0.004468605779744506,0.03726758066234859,-0.04370488857907995,1.0,-0.025585612783736278,-0.05900604192727377,0.02350064252083439,0.05692107166437199,0.06404958677685957
LO_n2_m5_touch,20230505,2358,564,344,202303,,,-0.03126807256183273,-0.054705135322433596,-0.04689278106890005,-0.03126807256183273,-0.054705135322433596,2.0,-0.03883629074494355,-0.062090251452727174,-0.054338931216799335,-0.03883629074494355,0.03149606299212593
LO_n2_m5_touch,20220103,2359,244,345,202111,9.12,10.99,0.011067447154935017,0.001618218676851635,-0.03617869523548234,-0.009720855496848646,-0.09665375749521699,9.0,-0.05212426829224848,-0.06098291999045169,-0.09641752678326476,-0.07161330202829563,0.08190476190476192
LO_n2_m5_touch,20240425,2359,801,345,202403,-28.2,-16.74,-0.03968964710119238,-0.10340692170111321,-0.07154828440115268,-0.16530370274103634,-0.10340692170111321,2.0,-0.08180852222833301,-0.14273117952123981,-0.11226985087478636,-0.2019131894629207,0.09174311926605494
LO_n2_m5_touch,20240409,2363,789,348,202402,-12.37,24.78,0.04315000550542414,0.14707284439976154,0.20393628454949342,0.23530921704589702,0.26472134126127544,10.0,0.055667805571489204,0.16083771853255868,0.21838351996408734,0.2501329276504478,0.26877470355731226
LO_n2_m5_touch,20240709,2349,852,336,202405,4.39,7.58,-0.10704790882110882,-0.10704790882110882,-0.09877983390278555,-0.09051175898446273,-0.10704790882110882,1.0,-0.00783100980123197,-0.00783100980123197,0.0013557401080159792,0.010542490017263706,-0.03888888888888886
LO_n2_m5_touch,20240408,2374,788,356,202402,20.56,35.82,0.037197003838461695,-6.755917369838382e-05,0.09930460885872905,0.16917566450652965,0.2033348472676766,10.0,0.0011614583878805096,-0.03480841436857007,0.06111124631529874,0.1285547577336439,0.28638497652582173
LO_n2_m5_touch,20260226,2413,1246,381,202601,12.15,12.15,-0.021805220930791958,-0.09516982936098273,-0.17552154335595316,-0.142332791923248,-0.09516982936098273,2.0,0.03659446737184724,-0.04115011768104149,-0.12629894892944293,-0.09112877950075537,0.05457746478873249
LO_n2_m5_touch,20250808,2406,1115,377,202506,-41.85,-42.27,0.0890298150994393,0.15185845827825317,0.11259055629149461,0.22254068185441866,0.2303942622517705,10.0,0.03185574980671868,0.09138588921864499,0.054179552086191185,0.15835729605706184,0.2321899736147759
LO_n2_m5_touch,20251211,2424,1200,389,202510,124.18,88.97,0.02822671434432711,-0.05086764829754431,-0.12298309658866224,-0.08343591526772665,-0.05086764829754431,2.0,0.011623284124234079,-0.06619389157763012,-0.13714484589403564,-0.09823625804310365,0.0762016412661195
LO_n2_m5_touch,20260414,2426,1276,391,202603,-14.1,-9.85,-0.07535101669566602,-0.0022043425600289934,0.020302326404782356,0.001546768934105991,-0.07535101669566602,1.0,-0.05934747660001405,0.01506519766489367,0.037961405131018866,0.018881232242581092,0.07939508506616266
LO_n2_m5_touch,20230522,2427,575,392,202304,-2.09,5.88,-0.028079356539982392,-0.03617869523548234,-0.007831009801231859,0.004317998242018284,0.1744041108475214,10.0,-0.03399368094237598,-0.04204373360118929,-0.013868549295342092,-0.0017934703071217362,0.04081632653061229
LO_n2_m5_touch,20260424,2429,1284,394,202603,30.01,-7.63,-0.10558164922968183,-0.10884000387729698,-0.13653601838202467,-0.15445696894390692,-0.10558164922968183,1.0,-0.0906497902852692,-0.09396254150463079,-0.12212092686920362,-0.14034105857569157,-0.016420361247947435
LO_n2_m5_touch,20260127,2431,1231,396,202512,-10.08,-7.1,-0.05280184221817297,-0.13993283002599688,-0.11463673679146746,-0.13993283002599688,-0.05280184221817297,1.0,-0.05280184221817297,-0.13993283002599688,-0.11463673679146746,-0.13993283002599688,0.0
LO_n2_m5_touch,20250213,2438,994,401,202501,-10.16,-10.16,-0.08583938249499257,-0.09559042908171256,-0.07608833590827246,-0.08096385920163252,-0.08583938249499257,1.0,-0.05806741436825802,-0.06811469528166325,-0.0480201334548529,-0.05304377391155546,-0.029484029484029506
LO_n2_m5_touch,20251112,2451,1179,410,202509,88.61,36.15,0.09062850831009617,-0.010355612829727523,0.0047920053412460195,0.03256263865469755,-0.07599529157061291,10.0,0.020516675633018622,-0.07397560914781642,-0.05980176643069124,-0.03381638811596155,0.0992366412213741
LO_n2_m5_touch,20260617,2464,1321,421,202605,30.83,15.16,0.02803051996498862,0.03400744159269209,0.02803051996498862,0.01308821589573017,-0.07058868689211795,6.0,0.01579206139397682,0.02169782919277896,0.01579206139397682,0.0010276418969714651,0.12349397590361444
LO_n2_m5_touch,20240219,2465,756,422,202401,67.99,67.99,-0.02389852381254809,-0.03594915932103504,-0.0399660378238641,0.012253382712913208,0.26129984988831234,10.0,0.021597731433477207,0.008985413761459116,0.004781307870786122,0.05943468444953193,0.04048582995951411
LO_n2_m5_touch,20241224,2466,965,423,202411,29.14,3.22,0.09008040370522541,0.06886626411215957,0.1390361104584541,0.14229982424200283,0.4001332131423405,10.0,0.055364467281492136,0.03482593722960692,0.10276107509353527,0.10592084894767151,0.18092105263157898
LO_n2_m5_touch,20250326,2468,1022,425,202502,40.49,47.06,0.007967859469449223,-0.09156501693584129,-0.1816185717787232,-0.17845879792458685,-0.09156501693584129,2.0,0.009575463711027243,-0.09011615731372946,-0.18031333824089035,-0.17714852487502497,0.04458598726114649
LO_n2_m5_touch,20260115,2485,1223,437,202512,128.98,-0.05,-0.03769108884962147,0.013885411324869645,0.00031264812105624706,-0.0607647862961046,0.10753747743118303,10.0,-0.07684013904077869,-0.027361895435065953,-0.04038248585762194,-0.098975142759124,0.050615595075239384
LO_n2_m5_touch,20260526,2489,1305,440,202604,14.27,10.74,-0.027021899360202273,-0.07883730116942245,-0.05005096683096688,-0.08267547908121653,-0.027021899360202273,1.0,-0.05267480596840779,-0.10312407665648093,-0.07509670405199587,-0.10686105967041226,0.029013539651837617
LO_n2_m5_touch,20260605,2491,1313,441,202604,0.72,-13.64,-0.10647605349534583,-0.11076496843856798,-0.15508375618519887,-0.10504641518093827,-0.10647605349534583,1.0,-0.00783100980123208,-0.01259342095418603,-0.06180500286804491,-0.0062435394169139125,-0.09365994236311248
LO_n2_m5_touch,20260415,2472,1277,427,202603,9.31,9.24,-0.021497249335650337,0.008568477640070071,0.00036873391941893985,0.005835229733186287,-0.05976272003202143,6.0,-0.002257026710227761,0.028399880290296053,0.02003890565378974,0.02561288874479395,0.0826446280991735
LO_n2_m5_touch,20260525,2478,1304,431,202604,11.58,9.67,-0.016099084719555123,-0.007831009801231859,0.05004551462702955,0.19060278823852173,0.2567473875851063,10.0,-0.016099084719555123,-0.007831009801231859,0.05004551462702955,0.19060278823852173,0.27083333333333326
LO_n2_m5_touch,20260623,2481,1324,433,202605,13.66,11.27,-0.00013977731907099944,-0.01552224228339305,-0.1026895437478842,-0.06423338133707923,-0.1026895437478842,3.0,0.03738848841158049,0.02142866551294076,-0.06901033091268416,-0.029110773666084833,0.054263565891472965
LO_n2_m5_touch,20220512,2482,326,434,202203,-10.22,-32.74,0.08806636471612106,0.19502882090855334,0.2319124264921506,0.48640930501897217,0.43846061776029566,10.0,0.04532090038798775,0.14808126008714595,0.1835158668799588,0.4280146537503695,0.4981412639405205
LO_n2_m5_touch,20260616,2493,1320,443,202605,24.9,4.92,-0.011799685762027057,0.08543287527745225,0.06360515749307938,0.05169912961069412,0.258070279572038,10.0,0.006313965619117123,0.10532879356156033,0.08310097504386915,0.07097671039785558,0.1459999999999999
LO_n2_m5_touch,20250819,2498,1122,447,202507,-36.58,-2.71,-0.04457800943822332,0.049914275342611614,0.06741284659832192,0.030665846961330345,0.23539913065313978,10.0,-0.03949597757353296,0.05549892574337045,0.07309057450575995,0.03614811210474178,0.1358024691358024
LO_n2_m5_touch,20230224,2739,520,523,202301,48.43,48.43,0.0013557401080159792,0.10057263912789272,0.1483437386559816,0.18509073829297296,0.03994008972685714,10.0,-0.030946057959984508,0.06507029593021874,0.11130039224772426,0.1468620047996514,0.20370370370370372
LO_n2_m5_touch,20220519,2929,331,583,202204,-16.94,-15.4,0.08927489136715816,0.13149484839689296,0.09771888277310503,0.1990467796444686,0.26659871089204445,10.0,0.03635465372988733,0.07652343875817769,0.04438841073554545,0.14079349480344172,0.25106382978723407
LO_n2_m5_touch,20220304,2936,280,584,202201,,,-0.009112881881592205,-0.01039475396195233,-0.01039475396195233,-0.007831009801231859,-0.006549137720871845,10.0,-0.00783100980123197,-0.00911454018958735,-0.00911454018958735,-0.006547479412876256,0.02067183462532296
LO_n2_m5_touch,20211223,2939,238,587,202111,-29.15,-39.06,-0.010441980828070796,-0.020885864935426213,-0.03263523455620132,-0.09529853920033382,-0.0548284882843314,4.0,-0.023293383674459545,-0.03360163292327789,-0.04519841332819874,-0.1070479088211087,0.03421052631578947
LO_n2_m5_touch,20240704,3018,849,606,202405,38.04,-31.69,0.01327896871363543,0.04705493433742336,0.04705493433742336,0.07027591070377759,0.1357168440998664,10.0,0.11531877118362677,0.15249606355641432,0.15249606355641432,0.1780554520627058,0.0957446808510638
LO_n2_m5_touch,20260602,3021,1310,608,202604,7.17,4.51,0.09029559362502004,-0.018733965737482094,-0.11686056916373389,-0.23679308446248604,-0.11686056916373389,3.0,-0.007831009801231859,-0.1070479088211087,-0.19634311793899784,-0.3054817068608623,0.098901098901099
LO_n2_m5_touch,20260327,3026,1266,613,202602,-2.29,10.18,-0.03411363205815299,-0.09653485991834032,-0.06696690987930431,-0.0012603542370017706,0.5079654519908428,10.0,-0.03090470724771488,-0.0935333146024544,-0.06386713217126205,0.0020577176758320714,0.0066225165562914245
LO_n2_m5_touch,20260616,3026,1320,613,202605,21.34,12.26,0.09077719658662109,0.09808150817090633,0.09906171929179086,-0.024689934719882345,-0.05532153224752412,6.0,0.07106435568445324,0.07823666163769727,0.07919915809977063,-0.04231602023699288,0.1165644171779141
LO_n2_m5_touch,20230919,3036,658,623,202308,11.6,-2.3,0.09029559362501982,0.12300446143377064,0.0466837698800191,0.035780813943768974,0.21567958689189726,10.0,0.035667004382847756,0.06673701451433334,-0.005759675792466279,-0.016116345836294732,0.13736263736263732
LO_n2_m5_touch,20250623,3040,1081,626,202505,-0.76,-0.36,0.015052624239596302,0.036301712991793744,0.03793625828042435,0.1541851192078323,0.029632768214181038,10.0,-0.029705601711125906,-0.00939348065193868,-0.00783100980123197,0.10329191710103025,0.15321252059308077
LO_n2_m5_touch,20211012,3046,186,632,202108,7.31,39.17,-0.04118122795917378,-0.04951878249865915,-0.053687559768402005,-0.0870377779263437,-0.04118122795917378,1.0,-0.012126113654906345,-0.020716321362254986,-0.025011425215929473,-0.05937225604532392,-0.008403361344537785
LO_n2_m5_touch,20220711,3046,367,632,202205,65.25,34.17,-0.0737558596483261,-0.037497192232424426,-0.04738591970948869,-0.07870022338685834,-0.0737558596483261,1.0,-0.045207238884062195,-0.00783100980123197,-0.018024526823822162,-0.05030399739535729,-0.0033222591362126463
LO_n2_m5_touch,20240605,3048,829,634,202404,14.4,4.93,-0.013557814939464174,-0.07512097017546282,-0.12809391770411283,0.05230044415020885,-0.07512097017546282,2.0,-0.023422236790069717,-0.08436976047370837,-0.13681297852707175,0.04177743970870651,0.06060606060606055
LO_n2_m5_touch,20260522,3048,1303,634,202604,22.18,18.56,-0.023812255280943773,-0.027807566650871474,-0.06776068035015081,-0.04112527121729814,-0.06776068035015081,3.0,-0.0805817069333794,-0.08434467402642132,-0.12197434495684245,-0.09688789766989514,0.09932885906040267
LO_n2_m5_touch,20260303,3054,1248,639,202601,121.86,121.86,0.09072882366222168,0.07627338142091511,0.18271800156144513,0.4297746507765028,1.294472923029204,10.0,0.12040851954418708,0.10555973193577017,0.214900804325022,0.46868008345069345,0.44105960264900657
LO_n2_m5_touch,20260413,3054,1275,639,202603,1091.19,643.65,-0.027069743683202585,-0.08478594532911432,0.005910942971604216,0.01415611463530575,-0.027069743683202585,1.0,-0.05456844540951855,-0.11065336813946236,-0.02251991813526477,-0.014507786316701576,0.08587257617728539
LO_n2_m5_touch,20250515,3057,1055,642,202504,-17.95,-7.44,0.08961415887900426,0.03203292284068304,0.0098862935951749,0.09847281057720769,-0.007831009801231859,10.0,0.01697321495373716,-0.03676927201536273,-0.05743945931117034,0.025241289872060202,0.12053571428571441
LO_n2_m5_touch,20250918,3060,1144,645,202508,-6.35,10.24,-0.0660757480922527,0.026312457472814854,0.04037153223271628,0.008236504210084261,-0.0660757480922527,1.0,-0.07357714770596946,0.018068983918816395,0.0320151343834576,0.00013821903570621075,0.13765182186234837
LO_n2_m5_touch,20211222,3064,237,647,202111,-45.11,-30.62,0.04467932672739372,-0.052050240562179884,-0.0492865386396204,-0.0050673078786726,,,0.04467932672739372,-0.052050240562179884,-0.0492865386396204,-0.0050673078786726,0.058495821727019504
LO_n2_m5_touch,20240524,3064,821,647,202404,6.92,54.48,-0.10567624662267727,-0.18431821266608184,-0.18431821266608184,-0.2227247542221632,-0.18431821266608184,2.0,-0.10567624662267727,-0.18431821266608184,-0.18431821266608184,-0.2227247542221632,0.0
LO_n2_m5_touch,20250512,3064,1052,647,202503,25.06,-35.5,-0.04936366520490121,-0.055516651190629984,-0.05859314418349437,-0.09858755309073153,-0.04936366520490121,1.0,0.020233670453974284,0.013630216276278695,0.0103284891874309,-0.03259396296759065,-0.03875968992248058
LO_n2_m5_touch,20220805,3066,386,648,202206,-50.42,-32.85,-0.026391994311752986,-0.007831009801231859,-0.021329907627065436,-0.0365161676811282,0.11872115731595789,10.0,-0.024733377607003115,-0.006140773020654855,-0.01966266726527177,-0.0348747982904658,0.08843537414965996
LO_n2_m5_touch,20250815,3071,1120,650,202507,-16.51,-7.25,0.03922838894337355,0.013737881290045717,-0.03528232573558521,-0.011752626363282448,-0.03528232573558521,3.0,0.023053628025967,-0.0020401402086320797,-0.050297386813630496,-0.02713390844323127,0.09090909090909083
LO_n2_m5_touch,20260806,3081,1355,653,202606,128.13,110.95,-0.03707388530182709,0.05900984848584301,0.036033303449660936,0.11331804584409144,0.16135991273792638,10.0,-0.054979536194974976,0.03931751659251126,0.01676822136072098,0.09261585077674273,0.19789473684210535
LO_n2_m5_touch,20240924,3085,904,655,202408,22.56,-32.75,-0.01013837954588015,-0.023982598013770118,-0.017060488779825023,-0.03321207699236328,-0.017060488779825023,10.0,-0.0541322293438411,-0.06736114921315817,-0.06074668927849958,-0.07618042912603606,0.04651162790697683
LO_n2_m5_touch,20240607,3122,831,668,202404,2.7,6.18,0.014600636933696842,-0.02508612267425403,-0.06132185970760018,0.01977717079560337,-0.04234123554727598,10.0,0.00585407971875096,-0.033490552651200156,-0.06941391264115537,0.010985988288744863,0.0678260869565217
LO_n2_m5_touch,20250630,3122,1086,668,202505,-20.58,-0.48,-0.06629504041953038,0.02655959644482575,0.02655959644482575,-0.006111479488929206,-0.00095288855202047,10.0,-0.06467402486470308,0.028341817966431426,0.028341817966431426,-0.0043859785852640165,0.10571923743500866
LO_n2_m5_touch,20240613,3095,834,663,202405,51.21,55.33,-0.10498089009152811,-0.14218722722398192,-0.05640594994638015,-0.07604262787739724,-0.10498089009152811,1.0,-0.08593793030624153,-0.12393589163300267,-0.03632948079630305,-0.05638396038542692,0.04583333333333339
LO_n2_m5_touch,20250825,3095,1126,663,202507,0.79,-1.34,-0.0012385248165225349,-0.050682162201843184,-0.09023707211009979,-0.07705210214068092,-0.050682162201843184,2.0,-0.07783066248396708,-0.12348260988575088,-0.16000416780717797,-0.1478303151667023,0.08471760797342176
LO_n2_m5_touch,20230714,3191,612,692,202306,20.04,-6.42,0.012925663633888806,0.021228333007937028,0.017076998320912917,0.18313038580187846,0.42805913233630233,10.0,-0.00783100980123197,0.00030152290531537673,-0.0037647434479581854,0.1588859106829874,0.2343096234309625
LO_n2_m5_touch,20250829,3219,1130,702,202507,23.47,39.2,-0.08132500907521467,-0.09418645894816169,-0.04457800943822321,-0.04457800943822321,-0.08132500907521467,1.0,-0.08555853437901562,-0.09836071489770937,-0.0489808757541762,-0.0489808757541762,0.004629629629629539
LO_n2_m5_touch,20260313,3167,1256,684,202602,123.01,121.23,-0.06753900280935243,-0.15900656656647327,-0.1132727846879128,-0.12343584732759294,-0.15900656656647327,2.0,-0.006477436826881622,-0.1039346909801031,-0.055206063903492364,-0.0660346476982947,-0.02688860435339313
LO_n2_m5_touch,20240308,3171,769,687,202401,19.9,19.9,-0.00940089744395145,0.0015883160550853592,-0.08318561665177149,-0.09103505486536922,-0.08318561665177149,3.0,-0.00940089744395145,0.0015883160550853592,-0.08318561665177149,-0.09103505486536922,0.10126582278481
LO_n2_m5_touch,20260526,3189,1305,691,202604,26.75,28.26,0.0007221711487575,-0.02921396217620542,0.03921148542370956,0.05916890764035143,0.017828533048736217,10.0,-0.04062998468383594,-0.06932908770611435,-0.003731137940906515,0.015401597407278977,0.11781609195402298
LO_n2_m5_touch,20260805,3189,1354,691,202606,32.26,29.79,0.02212578338109794,-0.013822368437698018,0.0017551640171136196,0.02811714201756388,0.017332696471925146,10.0,0.037157044901408476,0.0006802437911594961,0.016486857605600758,0.04323651175311638,0.04347826086956519
LO_n2_m5_touch,20260421,3229,1281,708,202603,73.03,45.78,0.06571251373102194,0.030946484424865472,-0.00515669985460443,0.013563469771787462,0.14193034720990294,10.0,0.048751571867928556,0.014538848067971122,-0.02098974972429246,-0.0025675138320077062,0.15902964959568733
LO_n2_m5_touch,20260526,3236,1305,713,202604,38.29,24.96,-0.029992860097768026,-0.08795462241178531,-0.0623832566850131,-0.0623832566850131,-0.08795462241178531,2.0,-0.08054697813827527,-0.13548793199293008,-0.11124927588058242,-0.11124927588058242,0.06529209621993126
LO_n2_m5_touch,20221103,3272,448,722,202209,134.59,42.45,0.03709002715658638,0.025371495776286057,0.0019344330156849665,0.03904311571996999,0.09372959549470505,10.0,0.009275352098746747,-0.0021288891679056565,-0.024937371701210798,0.011176058976522407,0.09842519685039375
LO_n2_m5_touch,20260616,3285,1320,725,202605,216.75,71.32,0.007267213962662389,0.10432722387341142,0.09354277832777269,-0.04665501376553138,0.08707211100038936,10.0,0.020579115468776887,0.11892185678803813,0.10799488553034253,-0.03405574081970142,0.16304347826086962
LO_n2_m5_touch,20250429,3287,1044,726,202503,6.72,-2.78,-0.04979911242352253,-0.025048692928325567,-0.12189816051822688,-0.09929995141391645,-0.04979911242352253,1.0,-0.05695886076909351,-0.032394935285162796,-0.12851464370054388,-0.10608671173695494,0.05314533622559647
LO_n2_m5_touch,20211202,3294,223,731,202110,-15.05,10.18,0.0028211112591844945,0.10173366396304928,0.10629885870322764,0.10021193238298953,0.04238613234073019,10.0,-0.009334296150017907,0.08837931652107289,0.09288917556743082,0.08687603017228662,0.22546012269938664
LO_n2_m5_touch,20230718,3305,614,735,202306,-26.4,-39.53,-0.02501142521592925,-0.04362354191518458,0.050868742865650685,0.04084683387374399,-0.04362354191518458,2.0,-0.06157349677033208,-0.0794876590933653,0.011461165008188612,0.0018150776034784322,0.13708513708513714
LO_n2_m5_touch,20240530,3312,825,740,202404,34.85,24.89,-0.06603086676819858,0.026811762202914924,-0.034159516524383426,-0.07157371028886206,-0.02168811860289055,10.0,-0.11427562994176199,-0.026228845381076837,-0.0840506143463029,-0.11953215439314624,0.0600558659217878
LO_n2_m5_touch,20260604,3312,1312,740,202604,20.8,4.82,-0.0850900705134311,-0.1759033524032091,-0.15557202063684084,-0.2165660159359456,-0.0850900705134311,1.0,-0.07113166659616021,-0.16333044931920804,-0.1426889307991227,-0.20461348635937882,-0.015027322404371657
LO_n2_m5_touch,20220728,3321,380,743,202206,-9.53,-4.32,0.037081989755090916,0.012583989997096756,-0.02008000968022905,-0.08132500907521478,-0.08132500907521478,5.0,0.06784289623087747,0.042618260886841064,0.008985413761458894,-0.05407617459863223,0.04526748971193406
LO_n2_m5_touch,20260602,3346,1310,751,202604,-15.07,-16.68,0.0029534357444069848,0.10217033476428372,0.15177878427422198,0.0698169981273673,0.0676601090182396,10.0,0.01620832696569874,0.11673646253649905,0.1670005303218991,0.08395554876341182,0.17391304347826098
LO_n2_m5_touch,20250207,3349,990,752,202412,61.52,17.18,-0.014401665365462168,-0.03630385057956298,-0.08010822100776471,-0.027542976493922677,-0.08010822100776471,3.0,-0.06984157168865501,-0.09051175898446273,-0.13185213357607806,-0.08224368406613969,0.0860927152317883
LO_n2_m5_touch,20240305,3372,766,759,202401,61.95,61.95,-0.046460540157331476,-0.07695753780688386,-0.15828286487235665,-0.12981900039944116,-0.07695753780688386,2.0,-0.028544349888888876,-0.059614360020374346,-0.14246772037100208,-0.11346904424828241,-0.008196721311475419
LO_n2_m5_touch,20211116,3419,211,772,202110,29.61,18.44,0.03904311571996999,0.056620912790420475,0.07419870986087096,0.09372959549470505,0.18161858084695814,10.0,0.07941493412217726,0.09767571308289069,0.11593649204360412,0.13622624644439707,0.19291338582677175
LO_n2_m5_touch,20260318,3437,1259,777,202602,-32.46,-24.28,0.09138588921864477,0.05831358954535237,-0.023264749648768457,0.000988270111645928,-0.023264749648768457,3.0,0.09138588921864477,0.05831358954535237,-0.023264749648768457,0.000988270111645928,0.18666666666666654
LO_n2_m5_touch,20260409,3455,1273,785,202602,-40.43,-25.98,0.04339510654055245,0.02452232683568445,-0.007831009801231859,0.0029534357444069848,0.1539356733833499,10.0,-0.04958069503236817,-0.066771741892248,-0.09624210793775578,-0.08641865258925319,0.09782608695652173
LO_n2_m5_touch,20260916,3467,1384,788,202608,49.8,26.48,0.018497496921920042,0.07254022124838921,0.07254022124838921,0.19863991134348402,0.01434036428142238,10.0,0.0017090766429872506,0.05486098683220697,0.05486098683220697,0.17888211060705284,0.24022346368715097
LO_n2_m5_touch,20240704,3492,849,797,202405,6.56,15.74,0.009800426211993285,0.11078046883319259,0.006594710573224916,-0.01584529889815256,-0.05912246002152355,6.0,-0.029399900892509545,0.0676601090182396,-0.03248117104840642,-0.054050062139683885,0.11954765751211638
LO_n2_m5_touch,20260312,3498,1255,799,202601,28.17,28.17,-0.017280238279315574,0.012417336937518453,-0.003781340453481996,0.013767226720101888,0.016467006285268537,10.0,-0.017280238279315574,0.012417336937518453,-0.003781340453481996,0.013767226720101888,0.05170068027210872
LO_n2_m5_touch,20260604,3511,1312,804,202604,-9.98,-1.81,-0.06295150925671888,-0.10521055883925912,-0.08867440900261303,-0.13460815854885222,-0.06295150925671888,1.0,-0.05946805761826801,-0.10188420403940501,-0.08528658152678625,-0.1313910885062829,0.020370370370370372
LO_n2_m5_touch,20240219,3516,756,807,202401,167.35,167.35,-0.06971265160157092,0.023109811098937394,0.12418315937282443,-0.009893731194576705,-0.06971265160157092,1.0,-0.051974121653295735,0.042618260886841064,0.1456188552083233,0.008985413761458894,0.158004158004158
LO_n2_m5_touch,20230717,3518,613,808,202306,-4.58,-33.15,-0.10704790882110882,-0.1424010567477315,-0.14696275325439245,-0.13897978436773573,-0.10704790882110882,1.0,-0.1453593846802692,-0.1791957308806671,-0.18356171103555718,-0.17592124576449952,0.10000000000000009
LO_n2_m5_touch,20240712,3535,855,821,202405,520.0,3.21,-0.00256052379751992,0.029062392224751488,0.038285742731247296,-0.09742927186433437,-0.021007224810511538,10.0,-0.043220476967557375,-0.012886647967849885,-0.0040392811762686165,-0.13422196396668007,0.09827357237715817
LO_n2_m5_touch,20240529,3537,824,823,202404,-7.22,2.59,-0.04326561659404515,-0.021696725502767467,0.0014128006664584358,-0.10026911447813569,-0.04326561659404515,1.0,-0.040285135648855275,-0.018649051750439627,0.004532466712148242,-0.09746621452323889,0.02329192546583858
LO_n2_m5_touch,20260525,3537,1304,823,202604,-6.08,2.66,-0.1061424090908103,-0.1307202589132045,-0.04405099901318177,0.023214695237582017,-0.1061424090908103,1.0,-0.09909491165920015,-0.12386654216350557,-0.036513950385164695,0.0312820909950402,0.10430247718383301
LO_n2_m5_touch,20240605,3540,829,824,202404,-15.04,-3.85,-0.019572654655655275,-0.04012053315089614,-0.07534546771416595,-0.047948296387178235,-0.04012053315089614,2.0,-0.04408333828926381,-0.06411751982212366,-0.09846183102131167,-0.07174958897749861,0.035502958579881616
LO_n2_m5_touch,20240827,3550,885,830,202407,-4.94,-10.28,0.09071399148261872,0.11982956004375644,0.10415194620314394,0.12206921916384394,-0.04590521484271948,10.0,0.10316506444474904,0.13261300251000918,0.116756420474869,0.13487822851502917,0.182844243792325
LO_n2_m5_touch,20260622,3550,1323,830,202605,36.57,25.39,-0.03270432710426496,-0.0050673078786726,-0.08936021651672932,-0.15845276458071045,-0.03270432710426496,1.0,-0.042043733601189404,-0.014673554561223545,-0.09815260063311959,-0.16657804823303468,0.07242339832869082
LO_n2_m5_touch,20250814,3555,1119,833,202507,1270.04,210.1,-0.00783100980123197,-0.027608464755360274,0.03831638509173407,0.026779536368492396,-0.04079343472477914,10.0,0.05714288867196182,0.03607027295092591,0.10631232535437851,0.09401996618377417,0.15116279069767424
LO_n2_m5_touch,20260409,3555,1273,833,202602,4102.22,3938.88,0.08998846810568883,0.19898731491625776,0.23252542162720213,0.3219603728563867,0.27444805501588254,10.0,0.08998846810568883,0.19898731491625776,0.23252542162720213,0.3219603728563867,0.3323943661971831
LO_n2_m5_touch,20240506,3564,807,838,202403,-8.75,-16.58,-0.029213962176205532,-0.009256539959563437,0.08910504096531446,-0.05202244470951045,-0.05202244470951045,5.0,-0.029213962176205532,-0.009256539959563437,0.08910504096531446,-0.05202244470951045,0.1451149425287357
LO_n2_m5_touch,20260707,3564,1334,838,202605,16.62,11.36,0.09138588921864499,0.05247730136771289,0.0194050016944205,0.009677854731687585,-0.023394444941604586,6.0,0.06834319290116864,0.030256091549968556,-0.0021179445985518575,-0.011639719936351933,0.20196078431372544
LO_n2_m5_touch,20260526,3581,1305,844,202604,47.69,20.29,-0.1070479088211087,-0.14956943697248448,-0.16197154934996905,-0.21512345953918888,-0.1070479088211087,1.0,-0.10545049899789061,-0.14804809428370536,-0.1604723929087346,-0.21371938701600313,-0.0017857142857142794
LO_n2_m5_touch,20220614,3663,348,875,202205,63.08,2.45,0.02417444149550252,-0.012195389523513733,-0.029652908412641565,-0.04420084082024833,-0.03983646109796635,4.0,0.02117977938586635,-0.01508370709800666,-0.03249018061026565,-0.04699557520381503,0.06451612903225801
LO_n2_m5_touch,20260312,3663,1255,875,202601,157.9,157.9,0.011301725546953856,-0.005097761894348296,-0.018764001428766552,0.018134845314162984,-0.006464385847789855,10.0,-0.006488426593926455,-0.022599425081592628,-0.03602525715464766,0.0002244894426011168,0.0881542699724518
LO_n2_m5_touch,20260106,3623,1216,861,202511,9.58,10.23,-0.06168228722978342,-0.10084685263236637,-0.011094723584780475,0.04112469695199672,-0.06168228722978342,1.0,-0.06168228722978342,-0.10084685263236637,-0.011094723584780475,0.04112469695199672,0.12335526315789469
LO_n2_m5_touch,20251028,3628,1168,864,202509,71.43,21.1,-0.045676631076855045,-0.05999659588384754,-0.05283661348035129,-0.0006710273977356129,-0.1070479088211087,10.0,-0.02042998110534322,-0.035128780960139716,-0.027779381032741468,0.025766247009731735,0.12371134020618557
LO_n2_m5_touch,20260828,3629,1371,865,202607,972.81,4456.31,0.0047920053412460195,0.009841211398237348,0.0047920053412460195,-0.00025720071574497627,0.007316608369741795,10.0,0.0047920053412460195,0.009841211398237348,0.0047920053412460195,-0.00025720071574497627,0.01781170483460559
LO_n2_m5_touch,20251013,3631,1158,867,202509,-37.62,-12.48,-0.03889021297267148,-0.030262656536160448,-0.02508612267425403,-0.0803024838679246,-0.0803024838679246,5.0,-0.01490529850140132,-0.006062437626189521,-0.0007567211010625075,-0.057351030702418315,0.03826086956521735
LO_n2_m5_touch,20260108,3669,1218,879,202511,0.08,-7.58,-0.0002955491161780177,0.014775372253929886,0.026078563281510814,0.02482265316733523,-0.024157841285515236,9.0,0.011224732648168034,0.026469326607688304,0.037902772077328395,0.036632389247368335,0.1240506329113924
LO_n2_m5_touch,20260623,3675,1324,882,202605,24.41,14.47,-0.08021146363166942,-0.14145646302665515,-0.19936082609100525,-0.15815964467983312,-0.08021146363166942,1.0,-0.02899101196186904,-0.09364657411937183,-0.15477546925010155,-0.11127990925323616,-0.012345679012345734
LO_n2_m5_touch,20260225,3684,1245,886,202601,30.66,30.66,0.014718285430558309,0.05380373049899445,-0.0003145780573020618,-0.09351833168203472,-0.060446032008742434,4.0,0.004069068042231727,0.04274432103348791,-0.010806029262097838,-0.10303163254893988,0.10151515151515156
LO_n2_m5_touch,20211022,3685,194,887,202109,27.81,61.92,-0.00044880005272918133,0.02169782919277896,-0.025548313197638728,-0.062459361940152336,-0.062459361940152336,5.0,-0.026524048747005757,-0.004955157655728182,-0.05096879198378712,-0.08691694380258308,0.09672619047619047
LO_n2_m5_touch,20211116,3685,211,887,202110,90.76,65.63,-0.01266496346846091,-0.05496205805671528,-0.07913182639286076,-0.021124382386111806,-0.05496205805671528,2.0,-0.0210119988014571,-0.062951509256719,-0.08691694380258308,-0.029399900892509545,0.11571254567600486
LO_n2_m5_touch,20220808,3685,387,887,202206,82.27,19.72,-0.028330369102859354,-0.04472985654416117,-0.0734289595664398,-0.05976272003202132,-0.026963745149417462,10.0,-0.01613367917528019,-0.032739017923376745,-0.06179836073254574,-0.04796057844246515,0.03581267217630857
LO_n2_m5_touch,20240701,3686,846,888,202405,157.83,244.22,0.09120903200114072,0.0346147223997848,0.06998616590063245,0.0381518667498697,0.09651474852626762,10.0,0.11913759954778769,0.06109480670252143,0.09737155223081295,0.06472248125535085,0.12299465240641716
LO_n2_m5_touch,20250819,3691,1122,891,202507,-12.48,-39.74,-0.1070479088211087,-0.14754460229860933,-0.15361910632023457,-0.17487987039592245,-0.1070479088211087,1.0,-0.09877131889257107,-0.1396433679223863,-0.14577417527685876,-0.1672320010175118,0.0
LO_n2_m5_touch,20251028,3693,1168,892,202509,-15.47,-5.96,0.014340364281422158,0.026811762202914924,0.05452597980623253,-0.011988142441729521,-0.06880228852853054,10.0,-0.03164306556600227,-0.01973703768361723,0.006720802055016684,-0.05677801331770449,0.07821229050279332
LO_n2_m5_touch,20260109,3693,1219,892,202511,-40.54,-11.78,0.09023220434632062,0.055621658176596256,0.07004271908064807,0.031105854639708053,-0.04532576815176681,8.0,0.0654541997020861,0.03163025685440091,0.045723566374269664,0.00767163067062393,0.14534883720930236
LO_n2_m5_touch,20230718,3706,614,899,202306,-29.13,-21.67,0.005949115062640065,-0.07870022338685811,-0.02948549173017323,-0.049171384392847295,-0.07870022338685811,2.0,-0.03244588932906389,-0.11386433699804688,-0.06652803021375442,-0.08546255292747151,0.08730158730158721
LO_n2_m5_touch,20241112,3706,935,899,202409,32.74,36.94,-0.009391023936764387,0.08888986660179254,0.0670496687043356,0.14193034720990294,0.29949177489870094,10.0,-0.027735634604602155,0.0687252394425002,0.04728948965425528,0.12078348892823798,0.15094339622641506
LO_n2_m5_touch,20250428,3709,1043,902,202503,101.89,57.9,-0.0395722262059397,-0.06107434054461269,-0.03445267517292239,-0.04981132827197443,-0.06926562219744048,6.0,-0.009942007652718687,-0.03210748509332939,-0.004664513024001837,-0.020496996910152387,0.0010319917440659854
LO_n2_m5_touch,20220119,3710,256,903,202112,-7.14,-5.51,-0.05743945931117023,-0.1495694369724846,-0.14602597629320313,-0.2168951898788294,-0.1495694369724846,2.0,-0.007831009801231859,-0.10480993365524693,-0.10107997504547706,-0.17567914724087308,-0.03928571428571437
LO_n2_m5_touch,20260422,3712,1282,905,202603,107.41,-19.22,-0.040437502436872164,-0.07537303026077247,-0.04509557281339238,-0.03810846724861228,-0.040437502436872164,1.0,-0.040437502436872164,-0.07537303026077247,-0.04509557281339238,-0.03810846724861228,0.032863849765258246
LO_n2_m5_touch,20260416,3714,1278,907,202603,-6.5,-6.85,0.01697321495373738,0.010445787386640148,-0.03916266212329844,-0.08616014060639787,-0.1305466480626586,6.0,0.005071057691599989,-0.00137997605481599,-0.05040783252757719,-0.09685527550177175,0.05921052631578938
LO_n2_m5_touch,20220711,4148,367,940,202205,58.95,61.39,-0.051204517569484076,-0.058433435530859446,-0.058433435530859446,-0.07289127145361018,-0.051204517569484076,1.0,-0.06146176602819242,-0.06861253352512042,-0.06861253352512042,-0.08291406851897665,0.012750455373406355
LO_n2_m5_touch,20240522,4111,819,919,202404,7.46,2.99,-0.09089632060857056,-0.08166684162997717,-0.09243456710500275,-0.109355278565757,-0.09089632060857056,1.0,-0.09089632060857056,-0.08166684162997717,-0.09243456710500275,-0.109355278565757,0.0
LO_n2_m5_touch,20220429,4116,318,922,202203,77.7,85.48,0.09008040370522541,0.056355361275223226,0.16188210694329408,0.2619693296387837,-0.011094723584780586,10.0,0.08060144367300603,0.047169662481525876,0.15177878427422198,0.25099568329409894,0.3771929824561402
LO_n2_m5_touch,20240320,4127,777,928,202402,-8.26,4.17,0.07345512433553458,0.1786489449831148,0.29579660888610193,0.5659534664582964,0.5157473247855877,10.0,0.048197356704110295,0.15091602863057108,0.2653072769123115,0.5291075025416307,0.5783132530120483
LO_n2_m5_touch,20260522,4127,1303,928,202604,66.79,69.33,0.08996625155381333,0.07419249972235442,0.05210924715831222,0.08838887637066772,0.0868115011875219,10.0,-0.00783100980123197,-0.022189461178927616,-0.04229129310770119,-0.009266854939001368,0.18918918918918926
LO_n2_m5_touch,20220824,4128,399,929,202207,-17.83,-2.17,0.0007098997270214014,0.07188414579579949,0.04626141721103938,0.11458869343706635,0.0903894497736819,10.0,-0.002153361788649666,0.06881723836862985,0.04326782231200932,0.1113995984629974,0.16499282639885227
LO_n2_m5_touch,20250613,4128,1075,929,202505,10.41,10.35,-0.09123575853948218,-0.12946293504451356,-0.15031412222907603,-0.18506610087001352,-0.09123575853948218,1.0,-0.06503714977665642,-0.10436637100976076,-0.12581867350054488,-0.1615725109851851,-0.024518388791593626
LO_n2_m5_touch,20250918,4130,1144,931,202508,,,-0.012080127532275942,-0.0184538041288419,-0.02907659845645172,-0.022702921859885872,-0.02907659845645172,3.0,-0.016293005453246967,-0.0226395021922583,-0.033216996757277184,-0.026870500018265853,0.004282655246252487
LO_n2_m5_touch,20261002,4174,1394,957,202608,-23.43,-20.51,0.09138588921864477,0.2000520167166051,0.2307620092703766,,0.2685589231827106,4.0,0.018626829937401723,0.1200485489354981,0.14871120865235143,,0.2928571428571427
LO_n2_m5_touch,20250206,4154,989,943,202412,-82.91,-85.19,-0.0605549658021326,-0.029399900892509545,0.011341337835459209,0.10480653256432859,0.016134424744632003,10.0,-0.022788331261514694,0.00961919856909832,0.05199827603990004,0.14922086553173908,0.12077294685990347
LO_n2_m5_touch,20260327,4154,1266,943,202602,44.34,-9.69,-0.011149300738351409,-0.04765050104666735,-0.031059046361069265,-0.06092366479514577,-0.04765050104666735,2.0,-0.00783100980123197,-0.044454697358904616,-0.027807566650871585,-0.05777240192533095,-0.0033444816053510573
LO_n2_m5_touch,20251216,4157,1203,945,202511,30.75,-75.78,-0.05490472101504207,-0.11284159635511615,-0.10197843222885228,-0.1200837057726254,-0.05490472101504207,1.0,-0.06175323752942585,-0.11927028043949928,-0.10848583489386054,-0.12645991080325847,0.007299270072992803
LO_n2_m5_touch,20220927,4304,422,969,202208,55.19,-2.11,-0.10704790882110882,-0.19563442580314172,-0.27359056074733057,-0.2913078641437371,-0.10704790882110882,1.0,-0.019503586156511488,-0.11677505578384173,-0.20237394905589234,-0.22182824298135828,-0.08571428571428563
LO_n2_m5_touch,20260828,4188,1371,961,202607,56.54,-3.69,-0.08769600591630289,-0.10612638963516541,-0.10919812025497588,-0.11226985087478636,-0.1368436958332696,4.0,0.009158185236418204,-0.01122884880876196,-0.01462668781629195,-0.018024526823822162,-0.05882352941176472
LO_n2_m5_touch,20220223,4192,274,963,202201,122.26,122.26,-0.10619782523097532,-0.07462329188315642,-0.07462329188315642,-0.07098007649686966,-0.10619782523097532,1.0,-0.06619389157763023,-0.033206175790970294,-0.033206175790970294,-0.029399900892509545,-0.04039167686658507
LO_n2_m5_touch,20240410,4192,790,963,202402,-14.41,13.12,-0.038221771663176196,-0.07040022539935242,-0.10883560069534082,-0.14280174630574893,-0.10883560069534082,3.0,0.046641013190072966,0.011623284124234301,-0.03020344781551787,-0.06716660627390325,0.04144144144144146
LO_n2_m5_touch,20240403,4198,787,965,202402,38.67,28.46,0.09099832320684831,0.15300888509427124,0.038676911614335285,0.021236441083497537,-0.07953072198356492,7.0,-0.0025158187823099976,0.05417955208619096,-0.050352537952607634,-0.06629811100937355,0.208984375
LO_n2_m5_touch,20240506,4303,807,968,202403,28.49,-8.44,-0.0777260761210764,-0.0726118029757219,-0.1254592921443849,-0.1834210544584023,-0.0777260761210764,1.0,-0.05830978298678313,-0.05308784093310548,-0.10704790882110882,-0.1662299187627897,-0.003436426116838587
LO_n2_m5_touch,20231122,4419,701,979,202310,61.3,74.65,-0.06546091974998303,-0.0514428335462328,-0.09661222242498357,-0.003158314399981932,-0.06546091974998303,1.0,-0.06251748957596714,-0.048455251919606646,-0.09376690659010156,-1.8655547698309682e-05,0.0047095761381474865
LO_n2_m5_touch,20220721,4432,375,984,202206,176.59,40.02,0.007551455163090193,-0.01744505040393307,-0.08474333462284178,0.10561466931064278,-0.08474333462284178,3.0,0.011471888840767441,-0.013621879393831637,-0.08118202464082946,0.10991667191496446,0.11434108527131781
LO_n2_m5_touch,20240709,4510,852,994,202405,-30.06,-10.49,0.09138588921864499,0.12763821770667683,0.12954623499552076,0.1657985634835526,0.10855804481823905,10.0,0.0470860929772976,0.08186692473703316,0.08369749482965072,0.11847832658938606,0.25384615384615383
LO_n2_m5_touch,20260224,4523,1244,996,202601,342.69,342.69,0.008242420084167756,0.017009745476204152,0.024315849969567482,-0.05020641586274055,-0.05020641586274055,5.0,0.005281355708003144,0.014022932714159664,0.021307580219290134,-0.05299582433304062,0.0898379970544918
LO_n2_m5_touch,20240117,4529,740,1000,202312,177.96,70.49,-0.07225756760634672,-0.03360163292327778,-0.04004428870378929,-0.01749499347199912,0.22410459829718143,10.0,-0.04112527121729803,-0.0011721575180186905,-0.00783100980123197,0.01547497319001434,0.009740259740259827
LO_n2_m5_touch,20260702,4542,1331,1010,202605,57.55,20.22,0.017474044146451817,-0.08374617164428322,-0.14911756100913298,-0.22925023184346494,-0.08374617164428322,2.0,-0.003701274150040512,-0.10281492977863738,-0.16682583237210624,-0.2452908097447456,0.05632306057385761
LO_n2_m5_touch,20250509,4545,1051,1012,202503,12.77,11.43,-0.05181879754403451,-0.06648139345830184,-0.03104678666548888,-0.06159386148687951,-0.05181879754403451,1.0,-0.05646674461489709,-0.07105746505899646,-0.035796557319089484,-0.06619389157763012,0.004926108374384119
LO_n2_m5_touch,20250806,4577,1113,1033,202506,12.45,29.06,0.040567477525537354,0.06476672118892202,0.10199632682489823,0.13922593246087445,0.3048976775409691,10.0,0.01579206139397682,0.03941513258918561,0.07575831904335306,0.11210150549752029,0.1782363977485928
LO_n2_m5_touch,20230613,4533,591,1003,202305,100.66,49.5,0.0902454650919795,0.1974453329985133,0.1472666714252422,0.1677943057052167,0.35026216597165694,10.0,0.037761000689302104,0.13980026226335496,0.09203720365422385,0.11157663672159579,0.21609195402298842
LO_n2_m5_touch,20240705,4534,850,1004,202405,14.9,14.84,-0.10263463654180627,-0.10263463654180627,-0.07321282134645557,-0.08465463836686982,-0.10263463654180627,1.0,-0.06408801440013112,-0.06408801440013112,-0.03340237552800429,-0.04533567953383144,-0.02471169686985175
LO_n2_m5_touch,20260127,4534,1231,1004,202512,21.52,-2.7,0.018331661339912264,0.004244069186988275,-0.04003122043648599,-0.0903440495540706,-0.04003122043648599,3.0,0.024566344980768706,0.0103925022636433,-0.0341538605616073,-0.08477472740848324,0.06896551724137945
LO_n2_m5_touch,20230619,4538,595,1007,202305,1.41,-8.29,-0.07992633434854712,-0.0970918878121938,-0.14000577147131,-0.17605343374496774,-0.07992633434854712,1.0,-0.07512595000601785,-0.09238106287904002,-0.13551884506159517,-0.17175458209494143,-0.00519031141868509
LO_n2_m5_touch,20260116,4556,1224,1019,202512,0.9,-3.03,-0.07003596216479113,-0.09180769549203671,-0.07625645740114706,-0.12291017167381635,-0.07003596216479113,1.0,-0.05971940390037522,-0.08173266200304197,-0.06600890621542288,-0.11318017357828036,-0.01097178683385569
LO_n2_m5_touch,20260616,4556,1320,1019,202605,1.56,7.7,0.09063989749669088,0.14733526836519206,0.1697150200238109,0.0652761789502565,0.09362386438450665,10.0,0.08411888166711412,0.14047526676061706,0.16272120824489433,0.05890681465160008,0.2616541353383459
LO_n2_m5_touch,20240530,4562,825,1024,202404,-16.63,-11.86,0.09062850831009639,0.19918643853540674,0.18782572490717664,-0.005306406772736305,-0.010355612829727301,6.0,0.08100127053182304,0.18860093403383305,0.17734050413245983,-0.014086804190883817,0.2951653944020356
LO_n2_m5_touch,20240904,4569,891,1029,202407,26.57,19.49,0.08839942737523732,0.19458473736306514,0.31404321109937183,0.5164589582636692,0.6458723048113346,10.0,-0.00783100980123197,0.08896596485230623,0.1978625613375371,0.3823817942708445,0.528428093645485
LO_n2_m5_touch,20260526,4760,1305,1070,202604,63.09,54.91,-0.029154489995137145,0.0674283320596103,0.1740457330291365,0.008475180935283655,-0.01535694398731613,10.0,-0.04007650198269186,0.0554197633239395,0.16083771853255868,-0.002870164850238277,0.2895069532237673
LO_n2_m5_touch,20251021,4764,1164,1072,202509,-6.86,6.23,0.05720191560675447,0.16225510280427113,0.27731335544917024,0.2673082900017878,0.17893021188324187,10.0,0.04144890693049508,0.14493673206712154,0.2582805405500932,0.248424557203748,0.3613445378151261
LO_n2_m5_touch,20260106,4720,1216,1050,202511,5.57,-1.83,0.008171715847135053,-0.00783100980123208,-0.061173428629122895,-0.08784463804306819,-0.061173428629122895,3.0,0.0001063421203582049,-0.015768361722822033,-0.06868404120008975,-0.09514188093872344,0.051075268817204256
LO_n2_m5_touch,20250514,4721,1054,1051,202504,91.24,14.11,0.02864579130901701,0.04177743970870673,0.024268575175787177,-0.08370275611054945,-0.07786646793290963,4.0,0.030160733564258413,0.043311721652312896,0.025777070868240326,-0.08235327563354011,0.07058823529411762
LO_n2_m5_touch,20220824,4743,399,1062,202207,-46.88,3079.22,0.06376881423373071,0.16196285862453652,0.16196285862453652,0.21105988081993954,0.13741434752683523,10.0,0.044388410735545225,0.14079349480344172,0.14079349480344172,0.1889960368373902,0.2391752577319588
LO_n2_m5_touch,20250613,4743,1075,1062,202505,3.1,-3.19,-0.019503586156511488,-0.0674908445059943,-0.11807200871220602,-0.13104153799585005,-0.11807200871220602,3.0,-0.019503586156511488,-0.0674908445059943,-0.11807200871220602,-0.13104153799585005,0.020915032679738488
LO_n2_m5_touch,20211105,4903,204,1083,202109,62.78,-18.55,-0.00022818229013021885,-0.026838078578986013,-0.004029596045681094,-0.1332776637344094,-0.06865362989004531,4.0,0.011397071404170678,-0.015522242283392829,0.007551455163090193,-0.12319949703364674,0.02298850574712641
LO_n2_m5_touch,20260818,4905,1363,1085,202607,35.44,33.65,0.03941513258918583,0.040567477525537354,0.0325010629710758,0.038262787652834085,0.047637620949925186,10.0,0.03941513258918583,0.040567477525537354,0.0325010629710758,0.038262787652834085,0.09059233449477366
LO_n2_m5_touch,20260421,4908,1281,1088,202603,5.96,25.03,-0.05380957276166265,-0.14818662304886254,-0.15060654741520096,-0.12882722811815495,-0.14818662304886254,2.0,0.005020920123622652,-0.0952241332902426,-0.09779451927521354,-0.07466104541047547,0.024390243902439046
LO_n2_m5_touch,20220617,4911,351,1090,202205,160.04,5.13,-0.008823178791430575,0.08940155123824733,0.19655580217971425,0.09535456517943985,0.01994972192433342,10.0,-0.008823178791430575,0.08940155123824733,0.19655580217971425,0.09535456517943985,0.20599999999999996
LO_n2_m5_touch,20230825,4944,641,1107,202307,,,-0.08953904428818926,-0.11288419699874852,-0.10412976473228874,-0.04868502704471056,0.27814711090311883,10.0,-0.02348036295894118,-0.04851932801127601,-0.039129716116650504,0.020337825882644767,-0.032352941176470584
LO_n2_m5_touch,20240911,4950,896,1111,202407,-86.08,-74.95,0.08944045982609827,0.17698478249069538,0.2937105460434919,0.40070916263355505,0.3569370013012563,10.0,0.05831358954535237,0.14335664584810393,0.2567473875851063,0.36068890084402483,0.519607843137255
LO_n2_m5_touch,20260520,4916,1301,1093,202604,50.22,30.08,0.09039261659219444,0.08487443533413686,0.12019079538570576,0.09701443410186372,0.3740271332563583,10.0,0.0563178473236885,0.050972109229945106,0.08518483302990254,0.06273273303618043,0.16796440489432696
LO_n2_m5_touch,20260421,4919,1281,1094,202603,-6.05,-4.5,0.05739809336062485,0.009334543662414818,-0.004397899108502634,0.023066986433331937,-0.0661938915776299,4.0,0.032392057368988425,-0.014534854329601887,-0.027942543386342167,-0.0011271652728618298,0.11418685121107264
LO_n2_m5_touch,20221223,4943,484,1106,202211,-41.22,-45.97,0.029609329451551814,0.0717297111109334,0.12321017758351105,0.3057318314408317,0.404012721979389,10.0,0.05447912001801436,0.09761690220056929,0.15034085820147003,0.337271247659209,0.3160377358490565
LO_n2_m5_touch,20260416,4956,1278,1115,202603,12.59,15.27,0.09083772955555158,0.19937334284801356,0.1664837630624192,0.0853561329246193,0.03602176324622741,10.0,0.04245844271148291,0.14618043851895712,0.11474953069851046,0.037219958074741655,0.3281767955801105
LO_n2_m5_touch,20260317,4960,1258,1117,202602,-21.4,-7.75,0.02441922506182559,-0.017316372996248885,-0.04387538994229623,-0.07422855216635038,-0.07802269744435697,10.0,0.018576529861853208,-0.022921032465852087,-0.049328572128937154,-0.07950861745817728,0.05162523900573612
LO_n2_m5_touch,20260806,4971,1355,1122,202606,-6.26,15.65,-0.04813787502805689,0.0376434022495451,-0.038836290744943436,0.02110725241289879,0.19887086315684477,10.0,-0.08438112227147765,-0.001866065972381592,-0.07543370652820214,-0.01777258284931582,0.11458333333333326
LO_n2_m5_touch,20260312,4973,1255,1124,202601,79.61,79.61,0.09122350476853058,0.2000210863451548,0.31856173492864115,0.594615300123061,0.04088432523307728,10.0,0.11122926902262043,0.22202147292814955,0.3427353667356663,0.6238499139586504,0.607201309328969
LO_n2_m5_touch,20260319,4973,1260,1124,202602,42.52,60.78,-0.10684583774367507,-0.19575711181444067,-0.27557518740069575,-0.3523621968254478,-0.10684583774367507,1.0,-0.10684583774367507,-0.19575711181444067,-0.27557518740069575,-0.3523621968254478,0.0
LO_n2_m5_touch,20251008,4989,1156,1130,202508,-18.17,-26.05,0.0912463436504034,0.1624145834536903,0.04659176181304647,-0.00922646548364936,-0.05806741436825802,10.0,0.059940096086662065,0.12906662409231373,0.016566588318409847,-0.037650296391905425,0.20675105485232081
LO_n2_m5_touch,20261006,5013,1396,1138,202608,23.34,13.43,0.09045476086496529,0.09666228322283033,,,0.09666228322283033,2.0,-0.007831009801231859,-0.0021829889841610273,,,0.12408759124087587
LO_n2_m5_touch,20221006,5215,429,1153,202208,-40.23,-29.28,-0.001719085836968559,-0.01598024175358337,-0.0200548577297589,-0.09237929130687661,-0.11784564115797436,4.0,0.013895318451295768,-0.0005889003837227236,-0.00472724862229934,-0.07818292985703612,0.05954825462012314
LO_n2_m5_touch,20260617,5227,1321,1158,202605,-97.07,-79.15,-0.03445017783095494,0.040567477525537354,0.030887780060183445,-0.05539786114858325,-0.05539786114858325,5.0,-0.039137312890027975,0.035516179090947286,0.02588347044824091,-0.05998330842456101,0.13902439024390256
LO_n2_m5_touch,20260413,5228,1275,1159,202603,82.11,48.16,-0.007831009801231859,0.0290401351048033,0.13127376416244685,0.22847950982381238,0.012280523783878117,10.0,-0.007831009801231859,0.0290401351048033,0.13127376416244685,0.22847950982381238,0.3547297297297296
LO_n2_m5_touch,20211203,5245,224,1165,202110,6.54,6.94,0.09111480479509315,0.19954857421572347,0.2903618561055017,0.2646088358681018,0.28765101186998576,10.0,0.02396927834616447,0.1257302004178329,0.21095497265285545,0.18678675366083408,0.3387978142076502
LO_n2_m5_touch,20250704,5245,1090,1165,202505,-19.16,-1.69,0.08969788904628406,0.00529788042824153,0.10470233502282467,0.2566223505353018,0.2434934603058283,10.0,0.05000033388977099,-0.0313249931757017,0.0644581698125215,0.21084375853037285,0.30434782608695654
LO_n2_m5_touch,20211216,5251,233,1166,202111,7.42,-4.27,-0.06098291999045169,-0.11919691686435907,-0.10654170015264008,0.07822446383845705,-0.06098291999045169,1.0,-0.05858134178070862,-0.11694422355710676,-0.1042566405622376,0.08098207116285217,0.08673469387755106
LO_n2_m5_touch,20260319,5289,1260,1181,202602,403.21,355.51,-0.10444671671197348,-0.19363044616804248,-0.2731526049330374,-0.3192308651520064,-0.10444671671197348,1.0,-0.0838592849122487,-0.1750932150454687,-0.25644346941425655,-0.30358099998308696,-0.022471910112359605
LO_n2_m5_touch,20231214,5314,717,1191,202311,4098.18,406.64,0.06773152918741587,0.17450468210615755,0.2911338183712444,0.35519771012248946,0.2615658683322084,10.0,0.048633892079998686,0.15349728128799867,0.26804036796135233,0.3309584014861522,0.4304635761589406
LO_n2_m5_touch,20240116,5314,739,1191,202312,334.14,360.64,-0.02867489614994556,-0.01616856434071745,-0.02867489614994556,0.025519208356709733,0.2673082900017878,10.0,-0.03676927201536262,-0.024367159637878055,-0.03676927201536262,0.01697321495373738,0.04201680672268915
LO_n2_m5_touch,20240328,5314,783,1191,202402,1274.63,2334.81,0.08051280439454889,0.08594934680659683,0.10225897404274109,0.1321599573090051,0.10361810964575291,10.0,0.0955199266778064,0.10103197662335517,0.11756812646000125,0.14788440116051893,0.17808219178082196
LO_n2_m5_touch,20260528,5321,1307,1193,202604,-22.08,-23.1,0.05696369976276938,0.16225510280427113,0.22704981236827226,0.022541510306893553,-0.07768780604992087,6.0,0.04417784855596163,0.1481955652703486,0.21220646786381736,0.010172056553181097,0.346938775510204
LO_n2_m5_touch,20260723,5328,1345,1195,202606,63.53,22.25,-0.09520111490828742,-0.004869311323026482,-0.09223941643008227,-0.13666489360316147,-0.09520111490828742,1.0,-0.078700223386858,0.013278968713635653,-0.07568451217044847,-0.12092018041659292,0.04477611940298498
LO_n2_m5_touch,20230109,5340,494,1196,202211,-2.14,-6.73,0.012037205271584472,-0.0065892463591809,0.0021030977351761404,0.028180130018247596,0.10516946342541122,10.0,0.03668939360512291,0.017609220716685137,0.026513301397956157,0.053225543441769,0.050062578222778376
LO_n2_m5_touch,20211102,5351,201,1201,202109,106.01,57.23,0.07508004787554534,0.03638822095971617,0.04744302864995298,0.11239002383009522,0.24366586515165922,10.0,0.07209371440922419,0.033509364790383245,0.04453346468148078,0.10930005154167821,0.1615598885793874
LO_n2_m5_touch,20230505,5356,564,1204,202303,-16.26,-17.54,-0.011471996921227468,0.01583540647873871,0.0012714579987567198,0.004912445118752329,-0.009651503361229552,10.0,-0.016883646573118583,0.010274263742541256,-0.0042099550924772355,-0.0005889003837226126,0.034862385321100975
LO_n2_m5_touch,20260623,5425,1324,1215,202605,11.8,1.37,-0.01893737909450166,-0.05966073316982412,-0.15221381061373906,-0.10778833344065986,-0.05966073316982412,2.0,0.03513693859320277,-0.007831009801231859,-0.105485437970402,-0.05861131244920026,0.011194029850746245
LO_n2_m5_touch,20260605,5426,1313,1216,202604,23.63,9.12,0.08989515116993219,0.1942468145798193,0.07498777068280571,0.0733313950731247,0.3135058584768331,10.0,0.18699490100143512,0.3006433489696576,0.1707594084345465,0.168955464816003,0.20367278797996646
LO_n2_m5_touch,20241030,5438,927,1219,202409,30.21,2.79,0.03154077552411594,-0.034078866684797315,0.06172581094021612,0.09322323920049436,-0.034078866684797315,2.0,0.07268889449275329,0.004451687463952192,0.1040780097260019,0.13683186909982625,0.17592592592592604
LO_n2_m5_touch,20250903,5438,1133,1219,202507,48.57,30.31,0.05384912280437537,0.023890201253080612,-0.03074077334045744,0.052086833301358215,0.0291770697621323,10.0,0.012486443922974821,-0.016296615519651336,-0.06878337097385245,0.010793322779291126,0.09946714031971582
LO_n2_m5_touch,20260922,5465,1388,1228,202608,-4.36,-31.37,-3.093912356877393e-05,0.0670496687043356,0.08264981005966199,0.05612956975560701,0.021809258773888507,10.0,0.011097492396518804,0.07892462527179234,0.09469837710325124,0.06788299898977113,0.16194968553459121
LO_n2_m5_touch,20231130,5478,707,1234,202310,-13.24,3.6,0.08888986660179254,0.18249071473375178,0.1637705451073599,0.18249071473375178,0.15441046029416405,10.0,0.08888986660179254,0.18249071473375178,0.1637705451073599,0.18249071473375178,0.21069182389937113
LO_n2_m5_touch,20260624,5489,1325,1240,202605,15.68,12.88,0.08673760154243082,0.0017861371150726946,-0.0783567538541331,-0.012639583259384302,-0.0783567538541331,3.0,-0.010749153890051932,-0.08807997224377928,-0.1610335744642769,-0.10121162064346889,0.09854604200323114
LO_n2_m5_touch,20220328,5603,296,1268,202202,25.16,13.05,0.04776466637369903,0.0712859139861699,0.05845614256118581,0.17820067586103705,0.2273814663234761,10.0,0.03438894722850283,0.05760992359485706,0.04494393648593653,0.16315981616919406,0.20043103448275867
LO_n2_m5_touch,20240814,6108,876,1301,202407,-2.86,-5.87,-0.00783100980123197,-0.00783100980123197,-0.017582056387952183,-0.024895341327991982,-0.017582056387952183,3.0,-0.00783100980123197,-0.00783100980123197,-0.017582056387952183,-0.024895341327991982,0.019656019656019597
LO_n2_m5_touch,20230621,6125,597,1316,202305,30.77,19.47,0.02029346551148903,-0.081267139784448,-0.029705601711125906,0.07497994528622431,-0.081267139784448,2.0,0.007599301088329069,-0.09269771969381713,-0.04177769375826579,0.06160538920179248,0.08346456692913384
LO_n2_m5_touch,20220720,6133,374,1322,202206,65.35,41.62,0.09019766288307762,0.1466384138225285,0.14366784798361,0.2476376523457564,0.44072443187545685,10.0,0.07729591539333702,0.1330687284518477,0.13013331723824173,0.23287270971444562,0.2574850299401199
LO_n2_m5_touch,20241029,6133,926,1322,202409,8.05,17.74,-0.0880655829731245,0.0019536942441207295,-0.04109900355543128,-0.0880655829731245,-0.0880655829731245,1.0,-0.11765124154079021,-0.030552437057692172,-0.07220838702786958,-0.11765124154079021,0.07100591715976323
LO_n2_m5_touch,20211208,6134,227,1323,202110,-22.76,14.55,-0.0027516463701802163,0.0006345959171876192,0.09375625881980221,-0.031534705812806596,-0.031534705812806596,5.0,-0.0543891015743132,-0.051178198693411,0.037121630531398386,-0.08168177606198157,0.10921501706484649
LO_n2_m5_touch,20260108,6116,1218,1308,202511,10.71,16.83,-0.10577043801827779,-0.0929957299899673,-0.1492044453145327,-0.15772091733340632,-0.10577043801827779,1.0,-0.10577043801827779,-0.0929957299899673,-0.1492044453145327,-0.15772091733340632,0.0
LO_n2_m5_touch,20250819,6118,1122,1310,202507,7.56,12.14,-0.0705414651636822,0.02128455875990598,0.03472251348043098,0.0011276266791182543,-0.0705414651636822,1.0,-0.042441555970956446,0.05216060355962382,0.06600482202751357,0.0313942758577892,0.12415349887133176
LO_n2_m5_touch,20230502,6148,561,1334,202303,82.48,59.38,0.09058789807371292,0.10920769145545939,0.10521773573079929,0.06398819324264671,-0.027780788424531577,10.0,0.09058789807371292,0.10920769145545939,0.10521773573079929,0.06398819324264671,0.20643431635388754
LO_n2_m5_touch,20260508,6150,1293,1335,202603,-41.07,-6.59,-0.06520608539805794,-0.06940426166124036,0.02295561612877184,-0.04281581199441842,-0.06520608539805794,1.0,0.024372311364415644,0.019771836912180207,0.12098227486135893,0.04890817510967116,0.05359661495063461
LO_n2_m5_touch,20260811,6152,1358,1337,202606,26.28,28.09,0.07931896906757863,0.0290401351048033,-0.05475792149982239,-0.07486945508493248,-0.05475792149982239,3.0,0.07207521759732649,0.02213382547322751,-0.06110182806693765,-0.08107838491657726,0.11486486486486491
LO_n2_m5_touch,20250619,6141,1079,1328,202505,-33.74,-33.71,-0.029717090467381135,-0.04430781091148073,-0.06254621146660522,-0.09172765235480418,-0.029717090467381135,1.0,-0.022529809656028355,-0.03722860951082496,-0.05560210932932075,-0.08499970903891385,0.018382352941176405
LO_n2_m5_touch,20260306,6141,1251,1328,202601,19.84,19.84,-0.07139615402009425,-0.016122115568909523,0.000460095966446028,0.10548076902369719,0.43436129780824717,10.0,-0.013701832228443345,0.04500639204367296,0.06261885932530808,0.1741644854423292,0.11420612813370479
LO_n2_m5_touch,20260318,6141,1259,1328,202602,-18.95,-1.33,0.07993778548558228,-0.00973902709007568,-0.1070479088211087,-0.12231204713185895,-0.1070479088211087,3.0,0.11201514545050051,0.01967466517457539,-0.08052457938015167,-0.09624210793775578,0.09807692307692317
LO_n2_m5_touch,20251022,6155,1165,1340,202509,9.31,11.89,-0.030714643842060463,0.03957080356905496,0.0019762619305514484,-0.07157827605782507,-0.07157827605782507,5.0,-0.02751039473079442,0.043007401266804024,0.005288580151809663,-0.06850911333404919,0.054365733113673764
LO_n2_m5_touch,20230323,6160,537,1343,202302,59.57,47.34,0.02306069868481031,0.033963654621060435,0.013974902071268502,0.02306069868481031,0.043049451234602465,10.0,-0.020015541259813308,-0.00957165715245789,-0.028718778015942803,-0.020015541259813308,0.05311355311355315
LO_n2_m5_touch,20250902,6168,1132,1350,202507,-1.03,5.03,-0.0401623821906012,-0.10482512696933965,-0.11492868084101748,-0.1452393424560512,-0.10482512696933965,2.0,-0.020207338161299826,-0.08621442274832802,-0.09652802971505114,-0.12746885061522073,0.006109979633401208
LO_n2_m5_touch,20260922,6168,1388,1350,202608,18.51,9.29,-0.07096903645024433,-0.00783100980123197,0.019228144476916453,0.059816875894138644,-0.07096903645024433,1.0,-0.06029051962783327,0.0035732314654206565,0.030943410505386737,0.07199867906533552,0.06818181818181812
LO_n2_m5_touch,20250828,6179,1129,1360,202507,49.2,55.69,0.01204294531831196,-0.03382002803448181,-0.06898164093829007,-0.07509670405199598,-0.06898164093829007,3.0,-0.01967780371405281,-0.06410328088713213,-0.09816281338649269,-0.10408621034290333,0.046224961479198745
LO_n2_m5_touch,20260527,6182,1306,1362,202604,3.0,6.94,-0.0023311816959172837,0.09446579295762092,0.06696665243104771,0.06586668680998464,-0.13652698746559555,10.0,-0.0023311816959172837,0.09446579295762092,0.06696665243104771,0.06586668680998464,0.1252771618625277
LO_n2_m5_touch,20260617,6182,1321,1362,202605,11.93,7.95,0.044388410735545225,0.013927082089091991,-0.003479391423167111,0.08790459451619315,0.2924306582852374,10.0,-0.0036796751142078588,-0.032739017923376745,-0.04934435667147319,0.03783367175603347,0.11842105263157898
LO_n2_m5_touch,20230517,6198,572,1377,202304,9315.37,5374.69,0.03976930157262193,0.01894416534656096,0.010019106963963464,-0.05543132117508587,0.004069068042231727,10.0,0.08703154255319578,0.0652598092259502,0.05592906637141626,-0.012496381228498832,0.08995502248875553
LO_n2_m5_touch,20251230,6205,1212,1383,202511,-25.43,-2.86,0.05152952807390809,0.03456937439529639,0.005737113141657257,-0.001046948329787356,0.1278502196276594,10.0,-0.02047010521777659,-0.036268974488457784,-0.06312705224861548,-0.06944659995688784,0.08547008547008539
LO_n2_m5_touch,20260416,6208,1278,1386,202603,-18.39,-10.69,-0.013094505770456122,-0.019673875731986423,-0.013094505770456122,0.16586435718316772,0.05269919384484689,10.0,-0.013094505770456122,-0.019673875731986423,-0.013094505770456122,0.16586435718316772,0.2015915119363394
LO_n2_m5_touch,20260514,6208,1297,1386,202604,1.87,-7.54,-0.05245487825993256,-0.10182596676743105,-0.017325449898827783,-0.031567110045221614,-0.10182596676743105,2.0,-0.0658635356430467,-0.11453597667166548,-0.03123122183422178,-0.04527134905401564,0.038277511961722466
LO_n2_m5_touch,20260817,6214,1362,1391,202607,31.81,36.2,-0.005004317521463353,0.009129143877379509,0.017609220716685137,0.01478252843691652,0.03739606667506523,10.0,-0.002161472714381718,0.012012370002743467,0.020516675633018622,0.017681907089593496,0.03418803418803429
LO_n2_m5_touch,20260302,6217,1247,1394,202601,55.74,55.74,-0.046361844372057814,-0.11379080487100324,-0.027096427086644947,-0.03769240659362183,-0.11379080487100324,2.0,-0.0226395021922583,-0.09174580001704813,-0.002894845670889823,-0.013754406757642279,0.07766990291262132
LO_n2_m5_touch,20240709,6218,852,1395,202405,56.47,11.45,0.00425223906451766,-0.010516176215842887,-0.08301566941034022,-0.11389508317836694,-0.1957824100972294,9.0,-0.026059836392810287,-0.04038248585762194,-0.11069367413942444,-0.1406410321113033,0.08254397834912042
LO_n2_m5_touch,20260916,6221,1384,1398,202608,21.47,-27.95,-0.023173829237295607,0.07399736052443973,0.056949783373257956,0.07740687595467599,-0.023173829237295607,1.0,-0.039674271310989884,0.05585551321828364,0.039095901897358454,0.05920743548246854,0.12371134020618557
LO_n2_m5_touch,20260825,6225,1368,1402,202607,112.91,36.92,0.028193280311885394,-0.009332021889278508,-0.10689780761230394,-0.13691804937323493,-0.10689780761230394,3.0,-0.01502064016499105,-0.05096879198378712,-0.1444339867126564,-0.17319250816769327,0.05900151285930422
LO_n2_m5_touch,20261002,6225,1394,1402,202608,139.2,42.96,0.005242959322909968,0.02122225491908325,-0.002020356857168837,,0.04010687698728832,4.0,-0.01917008397493214,-0.003578856986094392,-0.026257005333494732,,0.07613469985358723
LO_n2_m5_touch,20260626,6226,1327,1403,202605,-2.13,0.86,0.09002675361563295,0.19875760185659375,0.31836153492165087,0.3047701788915307,0.39447312869032336,10.0,0.02806140844885263,0.13061117487766594,0.24341591794936046,0.23059719714575877,0.5863013698630137
LO_n2_m5_touch,20260831,6226,1372,1403,202607,21.5,6.37,0.06752359704930733,0.07223325997746599,0.004728091340524543,0.017287192482281055,-0.07062651551001475,6.0,0.028467855693845134,0.033005213880729745,-0.03203025346461641,-0.01993063163292408,0.12499999999999978
LO_n2_m5_touch,20260918,6226,1386,1403,202608,13.05,7.14,-0.03388358722439444,-0.040396731580184864,-0.07296245335913798,-0.011087581979127403,-0.08381769395212224,10.0,-0.025352757972512574,-0.03192341353674266,-0.06477669135789399,-0.0023554634977067668,-0.00328227571115991
LO_n2_m5_touch,20260526,6239,1305,1414,202604,32.49,36.19,-0.012182628179296717,0.037135713438770646,0.09950891019103247,0.0066743847923171895,-0.10356661411865697,9.0,-0.015062562207928565,0.03411199415760802,0.09630334485519843,0.003739474049482494,0.13157894736842102
LO_n2_m5_touch,20260515,6241,1298,1416,202604,-9.16,-13.11,-0.03079788457435162,-0.035391259528975705,-0.01701775971048003,-0.02161113466510378,-0.03079788457435162,1.0,-0.06122126936349748,-0.06567045766035307,-0.04787370447293127,-0.05232289276978652,0.04629629629629628
LO_n2_m5_touch,20250417,6228,1036,1405,202503,120.05,108.1,0.007066422484034884,-0.06543441463759692,-0.1587916569586021,-0.05252330665703231,-0.06543441463759692,2.0,0.016221571779344357,-0.056938363861575025,-0.15114430838549842,-0.043909882172096126,0.03503503503503502
LO_n2_m5_touch,20260415,6229,1277,1406,202603,84.76,44.55,-0.027516902463905812,-0.007831009801231859,0.003980525796372536,0.057132435985592256,-0.027516902463905812,1.0,-0.021693650382851426,-0.001889878123395028,0.009992385232278966,0.06346257033281133,0.09126984126984139
LO_n2_m5_touch,20240314,6230,773,1407,202402,-45.8,-40.86,0.0890298150994393,0.15185845827825317,0.08117623470208768,0.060233353642483056,-0.00783100980123197,10.0,0.12158233674643348,0.18628901002026632,0.11349400258720443,0.09192511149592675,0.1899736147757256
LO_n2_m5_touch,20240419,6230,797,1407,202403,-37.19,-39.58,-0.045761011438609334,-0.08568732895163822,0.0041468854526769405,0.21376005239607854,-0.08568732895163822,2.0,-0.05148644536997771,-0.09117320497792847,-0.0018779958600393387,0.20647749208170185,0.2233400402414487
LO_n2_m5_touch,20230728,6231,622,1408,202306,-5.05,-12.33,0.08981101780563083,0.004767961502879503,-0.0235797239313712,-0.029879209583426825,-0.0865745804519279,6.0,-0.00783100980123197,-0.08525460152194508,-0.11106246542884957,-0.11679754629705053,0.11428571428571432
LO_n2_m5_touch,20221019,6247,437,1422,202209,,,0.0019601315494137683,-0.007831009801231859,-0.007831009801231859,-0.007831009801231859,-0.001303582234134737,10.0,-0.0013249836359940925,-0.011084022883850797,-0.011084022883850797,-0.011084022883850797,0.009868421052631637
LO_n2_m5_touch,20260508,6261,1293,1427,202603,2.48,6.94,-0.0037141260244735186,-0.00783100980123197,-0.02018166113150699,-0.05723361512233249,-0.02018166113150699,3.0,-0.011914009760897626,-0.015997009720563393,-0.028246009599560473,-0.06499300923655205,0.053941908713692976
LO_n2_m5_touch,20260513,6263,1296,1428,202604,13.4,1.99,-0.042043733601189404,-0.09994218926265608,-0.09467869329343181,-0.10783743321649242,-0.042043733601189404,1.0,-0.042043733601189404,-0.09994218926265608,-0.09467869329343181,-0.10783743321649242,0.0
LO_n2_m5_touch,20260526,6274,1305,1436,202604,97.96,68.62,0.023566743053159422,-0.03294921208474488,0.06124404647842918,-0.0015514592303536023,-0.03294921208474488,2.0,-0.01388082071707808,-0.06832911895969329,0.022418044777998913,-0.03808006438046263,0.14873417721518978
LO_n2_m5_touch,20260723,6274,1345,1436,202606,107.71,85.17,-0.07100281816594756,-0.06728682943861142,-0.16018654762201656,-0.24937027707808557,-0.07100281816594756,1.0,-0.056873583461247046,-0.0531010777950921,-0.1474137194489673,-0.23795385543668757,-0.0037453183520599342
LO_n2_m5_touch,20260804,6274,1353,1436,202606,107.71,85.17,0.0884241907404395,0.1328496679135187,0.0662114521538999,0.18838151437986772,0.1439560372067885,10.0,-0.00783100980123197,0.032665683676268875,-0.02807935653998228,0.08328655052314482,0.1977611940298507
LO_n2_m5_touch,20260806,6274,1355,1436,202606,107.71,85.17,-0.06619389157763012,-0.05322436229398597,0.04080472501243326,0.037562342691522144,0.021350431086967214,10.0,-0.07225756760634683,-0.0593722560453237,0.03404625277209283,0.030824924881836857,0.09477124183006547
LO_n2_m5_touch,20230510,6276,567,1438,202303,-20.16,-24.98,-0.04172498151609649,0.05379439331670399,0.08152582471977521,0.09076963518746539,0.1400699576818143,10.0,-0.032712990746655346,0.06370468541686103,0.09169691398046265,0.1010276568349966,0.14285714285714257
LO_n2_m5_touch,20260505,6405,1290,1455,202603,-76.0,-61.11,-0.10155381343564329,-0.01267874102370159,0.040646302423463565,-0.05954014284090714,-0.10155381343564329,1.0,-0.0805900690824749,0.01035875501907868,0.06492804948001107,-0.0375960795071949,0.09446254071661242
LO_n2_m5_touch,20240314,6419,773,1464,202402,297.52,321.11,0.00364863140767957,-0.06358926710165835,-0.1324671143551268,-0.15870629426120997,-0.1324671143551268,3.0,0.043311721652312896,-0.02658334466753154,-0.09818316870249433,-0.1254592921443849,0.03140495867768589
LO_n2_m5_touch,20240607,6419,831,1464,202404,211.66,268.99,-0.09385722282424647,-0.07665198021964359,-0.05371165674683975,-0.15981065280855766,-0.15981065280855766,5.0,-0.06688868778925383,-0.049171384392847295,-0.025548313197638617,-0.13480501747547902,0.0
LO_n2_m5_touch,20251223,6419,1208,1464,202511,-27.5,-37.02,0.027603596991581103,0.10437857837600961,0.02169782919277896,0.01579206139397682,-0.020823698958596704,6.0,0.017909223435056854,0.09395991254227387,0.012059170426809596,0.006209117418562116,0.13095238095238093
LO_n2_m5_touch,20260313,6419,1256,1464,202602,37.57,12.97,0.09113846553031602,0.13938608475444547,0.13814896631280127,0.05773626760591877,0.12206642657142486,10.0,-0.004444767513864245,0.03957638222191706,0.03844763479279467,-0.03492094810017443,0.20947630922693272
LO_n2_m5_touch,20260415,6419,1277,1464,202603,174.21,56.77,0.0881853440889715,0.02417444149550252,0.036176485731777897,0.20020442362754198,0.17620033515499123,10.0,0.058313589545352595,-0.00394015101613876,0.007732425339140869,0.16725763552796247,0.25806451612903225
LO_n2_m5_touch,20260623,6435,1324,1470,202605,22.19,9.04,-0.01879420306309687,-0.03112779548269462,-0.09005495926521823,-0.0037198123280326456,-0.03112779548269462,2.0,-0.009214788030240006,-0.02166879209131234,-0.08117125593865837,0.0060067724888484,0.04143646408839774
LO_n2_m5_touch,20211122,6446,215,1475,202110,10.64,5.13,-0.0023494131702994636,0.041503359877159696,0.068911343031822,0.12372730934114617,0.46632709877442236,10.0,0.0201963628032531,0.06504015897042903,0.0930675315749141,0.149122276783884,0.13259668508287303
LO_n2_m5_touch,20260616,6449,1320,1476,202605,12.27,22.08,0.05499450570717257,0.026545215665631172,0.01587673190005301,-0.0997439223304345,-0.085378133856984,4.0,0.05122666818678989,0.022878982752539523,0.012248600714695579,-0.10295912260782591,0.15412186379928317
LO_n2_m5_touch,20260410,6451,1274,1477,202602,-45.36,-18.89,0.09092655172318254,0.09322323920049436,0.04728948965425528,0.1598271760425416,-0.07673163412059081,10.0,0.06624495553035015,0.06848968175251935,0.023595157309136194,0.1335867421954251,0.22685185185185186
LO_n2_m5_touch,20260105,6461,1215,1480,202511,-84.07,213.17,-0.060900513928142774,-0.09320369035321896,-0.09551106009786714,-0.07474473239603252,-0.060900513928142774,1.0,-0.06955580873064837,-0.10156126002738286,-0.10384736369143521,-0.08327243071496304,0.009302325581395321
LO_n2_m5_touch,20220808,6465,387,1483,202206,-41.32,12.91,0.000777831762314829,-0.06378847996428605,0.02875656684384187,-0.014287640973892124,-0.06378847996428605,2.0,0.020704823987670595,-0.04514710014056622,0.04924065777657316,0.005339375024415283,0.10845986984815625
LO_n2_m5_touch,20230413,6465,549,1483,202303,178.04,39.99,0.039123489734923744,0.02891598983575938,0.012583989997096756,0.012583989997096756,-0.05886850929705323,6.0,0.012052136294935734,0.002110563246851882,-0.013795953630082236,-0.013795953630082236,0.08230452674897126
LO_n2_m5_touch,20250107,6477,974,1488,202411,-29.45,-41.65,0.018509759850062757,-0.03040881235948467,-0.05424093728208457,-0.04671500309600041,-0.03040881235948467,2.0,0.015941008879444718,-0.03285418735983903,-0.0566262060405156,-0.0491192527729335,0.09481668773704177
LO_n2_m5_touch,20260527,6488,1306,1492,202604,-10.13,-10.27,-0.011031554930905463,0.08285110220618219,0.013505957729924356,0.013505957729924356,-0.1347859666116119,7.0,-0.016320156241435346,0.07706045460080158,0.008086139774149403,0.008086139774149403,0.11827956989247301
LO_n2_m5_touch,20260714,6488,1338,1492,202606,-1.62,-7.6,-0.030752405614404843,-0.09932225170707065,-0.18478802344289624,-0.20779803891023374,-0.09932225170707065,2.0,-0.07062651551001464,-0.1363754502127923,-0.21832522501011886,-0.2403886259170912,0.05610561056105601
LO_n2_m5_touch,20211221,6492,236,1494,202111,0.0,-2.99,-0.0789992496045191,-0.05806741436825813,-0.12086292007704091,-0.12504928712429308,-0.0789992496045191,1.0,-0.03842652932277979,-0.01657258680738849,-0.08213441435356261,-0.08650520285664087,-0.025316455696202556
LO_n2_m5_touch,20240716,6492,857,1494,202406,0.0,0.0,0.021656530117262873,0.07889704878257642,0.007780040743853522,-0.06160240612319312,-0.06160240612319312,5.0,0.01632614822099887,0.0732680207019718,0.002522057922581311,-0.06649839356950682,0.1276223776223775
LO_n2_m5_touch,20251021,6492,1164,1494,202509,95.23,10.66,-0.07512929402014057,-0.06551525341743925,-0.08089771838176141,-0.14435038635958952,-0.07512929402014057,1.0,-0.07333342857163594,-0.06370071992892945,-0.07911305375725997,-0.1426889307991227,0.015503875968992276
LO_n2_m5_touch,20250617,6499,1077,1498,202505,70.22,95.34,0.017987514107286273,-0.022584452034670854,-0.07053313929334726,-0.052091336501548735,-0.011519370359591496,10.0,0.029468576296466154,-0.011560968411001848,-0.060050430338009164,-0.041400637289160214,0.09293680297397766
LO_n2_m5_touch,20260318,6499,1259,1498,202602,32.3,23.75,-0.040228364583232534,-0.13337075958148437,-0.20302507236278555,-0.2143641465364856,-0.040228364583232534,1.0,-0.05942379729156799,-0.15070334438985478,-0.2189645709155299,-0.23007686360575597,0.09387755102040818
LO_n2_m5_touch,20211019,6506,191,1501,202109,37.77,20.48,-0.056591451627239775,-0.14987229685960257,-0.2049927963150897,-0.2261929884133539,-0.14987229685960257,2.0,-0.04018434643814828,-0.1350874672397695,-0.1911665840770912,-0.21273547516836877,0.0
LO_n2_m5_touch,20260904,6538,1376,1520,202607,63.36,-6.5,0.008705140035414116,0.061620819512681946,0.1542232585979002,0.21706062797715564,0.2832052273237402,10.0,0.024066132015649,0.07778763402302746,0.17180026253593939,0.2355945461697011,0.2333333333333334
LO_n2_m5_touch,20240830,6541,888,1521,202407,88.36,-44.87,-0.015832372625415814,-0.019833054037507458,-0.05183850533424195,-0.06384054957051732,-0.05183850533424195,3.0,-0.0024240943233097,-0.006479280931751319,-0.03892077379928616,-0.05108633362461157,0.008064516129032251
LO_n2_m5_touch,20260323,6547,1262,1524,202602,-25.17,-10.57,0.04678379699870039,0.028578861398722788,-0.053343348801175416,0.06498873259867755,0.08319366819865492,10.0,-0.047584024433569794,-0.0641477805303774,-0.138684682966011,-0.031020268336762524,0.09908256880733934
LO_n2_m5_touch,20250417,6550,1036,1526,202503,-19.3,-66.66,-0.06329387260737429,-0.03987621942255859,-0.07561895323096146,-0.0867115257921901,-0.06329387260737429,1.0,-0.05389155263354617,-0.030238841449384712,-0.06634034799363109,-0.07754426381770763,-0.006211180124223614
LO_n2_m5_touch,20211208,6556,227,1528,202110,41.31,24.06,-0.06272834933989513,-0.07076210634555313,-0.06272834933989513,-0.11226985087478636,-0.06272834933989513,1.0,-0.009246372126765046,-0.017738546079964168,-0.009246372126765046,-0.06161477817149319,-0.031039136302294157
LO_n2_m5_touch,20250415,6560,1034,1530,202503,661.56,271.29,0.07365146765470554,0.0017551640171136196,0.1008122934733513,0.022525207290195803,0.1822947709292888,10.0,0.07365146765470554,0.0017551640171136196,0.1008122934733513,0.022525207290195803,0.11111111111111116
LO_n2_m5_touch,20230718,6569,614,1533,202306,14.93,-11.69,0.08953136774163784,0.07562245666408507,0.1266217972817787,0.09880397512667294,0.01303235681509718,10.0,0.07446872210465671,0.060752100120341934,0.11104638072949613,0.08361313676086635,0.1448598130841121
LO_n2_m5_touch,20240820,6570,880,1534,202407,-13.51,-8.45,-0.028302171909872276,-0.0037367773795037307,-0.02284319534756818,-0.05559705472139265,-0.078797705111185,4.0,-0.09432779356215026,-0.07143158609602474,-0.08923974745856689,-0.11976802408006737,0.0729023383768912
LO_n2_m5_touch,20260527,6570,1306,1534,202604,9.7,15.29,0.012661292922322653,0.019492060496840935,0.0331535956458775,0.01095360102869325,-0.011246393588490888,4.0,0.01440726066874043,0.021249805428732005,0.034934894948714934,0.012696624478742757,0.03716216216216206
LO_n2_m5_touch,20240315,6577,774,1538,202402,29.53,14.57,0.026234878274262297,0.09862489043468736,0.12843254250074487,0.20082255466116994,0.18378961062342292,10.0,0.0004716595728164741,0.07104434925222658,0.10010369206139558,0.1706763817408059,0.23175965665236054
LO_n2_m5_touch,20211224,6593,239,1550,202111,0.23,12.65,-0.024058072725043456,-0.06578480595770209,-0.05419404672640793,-0.08433002072777229,-0.024058072725043456,1.0,-0.024058072725043456,-0.06578480595770209,-0.05419404672640793,-0.08433002072777229,0.07476635514018692
LO_n2_m5_touch,20230517,6593,572,1550,202304,15.57,-3.85,-0.017526472246170988,-0.0676196948783564,-0.03530148672855937,-0.04822876998847825,-0.0676196948783564,2.0,-0.017526472246170988,-0.0676196948783564,-0.03530148672855937,-0.04822876998847825,0.016286644951140072
LO_n2_m5_touch,20240926,6593,906,1550,202408,-15.77,1.89,0.0072546005760592,-0.0356813674208466,-0.0380022305558142,-0.09254251422755944,-0.0356813674208466,2.0,-0.010111858054562384,-0.05230755074117677,-0.05458839899450707,-0.10818833294777386,0.07134502923976593
LO_n2_m5_touch,20241016,6609,917,1559,202409,106.05,-0.45,0.0011887082914843194,0.014718285430558309,0.00569856733784202,0.06432673494049657,-0.052929600264812304,10.0,-0.007831009801231859,0.00557667925550831,-0.0033617801156520244,0.054738205796888595,0.11363636363636354
LO_n2_m5_touch,20260330,6609,1267,1559,202602,-28.05,-18.6,-0.08136824083949346,-0.06736114921315794,-0.10588065118558077,-0.11288419699874852,-0.08136824083949346,1.0,-0.08674035639013977,-0.07281517758033251,-0.11110941930730256,-0.11807200871220624,0.05529411764705894
LO_n2_m5_touch,20260707,6617,1334,1565,202605,68.48,25.96,0.04555924976103354,-0.02117857469179829,-0.06567045766035295,-0.03452613958236461,-0.06567045766035295,3.0,0.06465622235940849,-0.0033005577911918715,-0.048605077891592297,-0.016891913821311944,0.07623318385650224
LO_n2_m5_touch,20260115,6641,1223,1572,202512,-6.39,-3.08,-0.10631837279890355,-0.08260845207724188,-0.10996605290992867,-0.13185213357607783,-0.10631837279890355,1.0,-0.08787466191858073,-0.06367541825519618,-0.09159762248217862,-0.11393538586376417,-0.020220588235294157
LO_n2_m5_touch,20250513,6658,1053,1581,202504,76.53,73.69,-0.006534056872867455,0.0920343656828273,0.0609074954020814,0.11408256546502193,0.03962542344601405,10.0,-0.0026227736322095296,0.09633371357921616,0.06508429656508175,0.11846871729756137,0.16078431372549007
LO_n2_m5_touch,20260429,6658,1287,1581,202603,60.86,27.31,0.012486443922975043,-0.02814846352543876,0.06328007823349191,0.10391498568190571,0.3070895229239745,10.0,-0.011138239768561098,-0.05082499937651197,0.03847020974137716,0.07815696934932803,0.13993174061433455
LO_n2_m5_touch,20240530,6695,825,1602,202404,-34.2,-18.63,0.021556224041044736,0.02295561612877184,0.01595865569013455,-0.06800486957351282,-0.07920000627533252,4.0,-0.005105270817169161,-0.003742401325138145,-0.010556748785294445,-0.09232891830717094,0.056417489421720646
LO_n2_m5_touch,20250221,6680,1000,1594,202501,38.25,38.25,-0.0445780094382231,-0.049171384392847184,-0.06295150925671888,-0.08591838402983876,-0.0445780094382231,1.0,-0.053343348801175194,-0.05789458270116965,-0.07154828440115268,-0.09430445390112463,0.04166666666666674
LO_n2_m5_touch,20260313,6683,1256,1595,202602,46.93,46.8,-0.007831009801231859,0.018509759850062757,0.05363078605178928,0.12826296673045756,-0.034171779452526585,7.0,-0.02508612267425392,0.0007965466352790607,0.03530677238132318,0.10864100209166683,0.13716814159292046
LO_n2_m5_touch,20260505,6683,1290,1595,202603,45.33,46.31,-0.07358879862532175,-0.07745690385026838,-0.14514874528683142,-0.08325906168768804,-0.07358879862532175,1.0,-0.01808068945204555,-0.022180561312371117,-0.09392831886806718,-0.028330369102859243,-0.013645224171540016
LO_n2_m5_touch,20260309,6715,1252,1609,202601,26.26,26.26,0.08989869801277961,0.1982512001544008,0.2917317902373684,0.31297737889258803,0.3066037022960222,10.0,0.04086440076067066,0.14434214820471403,0.23361706756820233,0.25390682196899506,0.36616702355460395
LO_n2_m5_touch,20260811,6716,1358,1610,202606,60.57,53.76,0.03489397063794941,0.11559671146751427,0.17256335205308937,0.30548551341943164,0.21054111244347284,10.0,0.029965904111102226,0.11028434617481175,0.16697971704331294,0.29926891573648207,0.3301435406698565
LO_n2_m5_touch,20260526,6727,1305,1616,202604,51.14,133.04,-0.04136053020733477,-0.11908805478511852,-0.10689550191017194,-0.18309895737858728,-0.11908805478511852,2.0,-0.07817681708268076,-0.1529192373192203,-0.14119493610564526,-0.21447181869048781,0.05069124423963123
LO_n2_m5_touch,20260423,6735,1283,1621,202603,299.59,45.66,0.09093694397421093,0.1986838026383304,0.3019412088581117,0.09093694397421093,0.13583146841759408,10.0,-0.00783100980123197,0.09016098923074511,0.18406998830305632,-0.00783100980123197,0.32579185520361986
LO_n2_m5_touch,20260409,6739,1273,1622,202602,90.86,94.75,-0.011160435942838554,0.0054866947651945885,-0.014489862084445138,0.0487692346060804,0.02213382547322751,10.0,-0.024257648711807578,-0.007831009801231859,-0.027542976493922566,0.03487825136626488,0.12080536912751683
LO_n2_m5_touch,20260428,6743,1286,1625,202603,-6.42,-7.11,-0.0029594762978010225,-0.03543636632067404,-0.04842712232982316,-0.053298655833253994,-0.04842712232982316,3.0,0.015319599970072595,-0.017752699703219688,-0.030981619572536534,-0.03594246452353034,0.03764320785597386
LO_n2_m5_touch,20241028,6791,925,1647,202409,18.07,14.38,-0.024647433363923055,-0.044827141639152246,-0.05155371106422857,0.01234869847399711,-0.06500684991438133,10.0,0.013130306893108123,-0.00783100980123197,-0.014818115366012075,0.05155938749939848,0.08135593220338988
LO_n2_m5_touch,20260622,6834,1323,1663,202605,58.66,30.2,-0.007831009801231859,0.09005113272958831,0.11674626251072096,-0.030076951285509135,0.13899220399499845,10.0,-0.012260335650333576,0.08518483302990254,0.1117607881245124,-0.03440696489584183,0.17488789237668168
LO_n2_m5_touch,20260303,6861,1248,1675,202601,45.48,45.48,0.04267941151797805,0.10040560731136106,0.0859740583630153,0.07515039665175616,0.13648447968222555,10.0,0.12445818889193694,0.1867119294534283,0.17114849431305568,0.15947591795777605,0.1272727272727272
LO_n2_m5_touch,20240625,6869,842,1679,202405,59.43,4.32,0.09138588921864477,0.09392991227043646,0.17533864992777137,0.37886049407110844,0.2974517564137735,10.0,0.035621646703823506,0.03803568317632666,0.11528485029642543,0.30840776809667236,0.4076923076923078
LO_n2_m5_touch,20260410,6894,1274,1691,202602,55.41,53.55,-0.021841098237928347,-0.07533416317804154,-0.0982597624380902,-0.11226985087478658,-0.021841098237928347,1.0,-0.06043676390548236,-0.11181912837940111,-0.1338401417253665,-0.147297427659012,0.042362002567394086
LO_n2_m5_touch,20260519,6902,1300,1695,202604,21.14,25.2,-1.8655547698309682e-05,0.019512230086135673,0.011699875832602125,0.1015419497482386,0.10544812687500538,10.0,-0.015522242283392829,0.0037058389220097077,-0.0039853935601513735,0.08446377998470012,0.1692913385826771
LO_n2_m5_touch,20260624,6909,1325,1701,202605,51.31,-1.1,-0.040684287622383186,-0.09653485991834032,-0.08832154046305252,-0.004545682019116759,-0.09653485991834032,2.0,-0.048560442896419476,-0.10395247190587442,-0.09580658528683694,-0.012718541772654413,0.008278145695364225
LO_n2_m5_touch,20240605,6922,829,1709,202404,35.62,21.61,-0.04099543287194285,-0.07968725978777236,-0.05205024056217977,-0.05481394248473903,-0.07968725978777236,2.0,-0.06698471653394977,-0.10462798445477028,-0.07773993593989847,-0.08042874079138562,0.027855153203342642
LO_n2_m5_touch,20250415,6933,1034,1716,202503,61.79,54.71,0.07237426784956691,0.06643313617172963,-0.03753666819041657,-0.1147713800022967,-0.09100685329094904,4.0,0.029232774315388843,0.023530653682062308,-0.07625645740114695,-0.15038402563438824,0.0988023952095809
LO_n2_m5_touch,20250715,6933,1097,1716,202506,158.75,40.51,-0.04880554036991269,0.04485052950135748,0.14728685592305912,0.2672836954456239,-0.04880554036991269,1.0,-0.06263104123662899,0.029663748549302982,0.13061117487766594,0.2488638742908913,0.26530612244897966
LO_n2_m5_touch,20250721,6933,1101,1716,202506,158.75,40.51,-0.0032269773641147026,-0.02854915576825967,0.003679071291561309,-0.03315318820537683,-0.02854915576825967,2.0,-0.010117113465284322,-0.03526425376986153,-0.0032588024731270426,-0.03983646109796646,0.044083526682134666
LO_n2_m5_touch,20250807,6949,1114,1723,202506,58.08,76.19,0.08673760154243104,0.1540576299565639,0.26625767731345196,0.1396319095821068,0.1396319095821068,10.0,0.0677628180234362,0.13390741737002054,0.24414841628099482,0.11973357465289536,0.3376413570274637
LO_n2_m5_touch,20261001,6957,1393,1728,202608,-31.15,8.5,-0.02591742368506378,0.059347098910143004,0.043844458438287104,0.15753048856522933,0.15753048856522933,5.0,-0.0025394418535051866,0.08477142928398651,0.06889672544080616,0.18531122029079494,0.171875
LO_n2_m5_touch,20260416,7556,1278,1746,202603,12.1,10.79,-0.024367159637878055,0.07301238940014931,0.08219913930939704,0.17222928842002605,0.12262083891008757,10.0,-0.02074027175549098,0.07700128304104203,0.0862221844369413,0.1765870181167548,0.21296296296296302
LO_n2_m5_touch,20260908,7610,1378,1748,202607,721.99,509.7,-0.024647433363923055,-0.022245087140681186,-0.05107324181958006,-0.20482340010704048,-0.05107324181958006,3.0,-0.024647433363923055,-0.022245087140681186,-0.05107324181958006,-0.20482340010704048,0.02421307506053272
LO_n2_m5_touch,20260114,6969,1222,1735,202512,107.04,80.02,-0.06434696493913628,-0.11835109984868963,-0.11332745939198696,-0.23263892023867427,-0.06434696493913628,1.0,-0.06906058224422906,-0.12279265602073663,-0.1177943235764104,-0.2365047191291597,0.005063291139240533
LO_n2_m5_touch,20230308,7402,526,1744,202301,-64.2,-64.2,0.08981655338177497,0.19618264899183635,0.12643438957540276,0.12469068308999187,0.32521692891223863,10.0,0.016566588318409847,0.11578348733828658,0.05072322568590848,0.04909671914459901,0.23022847100175747
LO_n2_m5_touch,20260401,7721,1269,1765,202602,30.2,15.56,0.001200437443750202,0.07990304915002455,0.052808707415077594,0.0837736693978739,0.12893090562278542,10.0,-0.012919055904815457,0.06467364717483193,0.037961405131018866,0.06848968175251935,0.1378413524057216
LO_n2_m5_touch,20260603,7709,1311,1756,202604,62.9,26.63,-0.04298660394213327,-0.12892250073100286,-0.08595455233656801,-0.09376690659010156,-0.04298660394213327,1.0,-0.039203942297635797,-0.125479506662746,-0.08234172448019084,-0.0901849576042918,0.023622047244094446
LO_n2_m5_touch,20260807,7711,1356,1757,202606,140.78,44.46,0.07154250941466955,0.07683407736239634,0.18398832830386325,0.24881003566351612,0.2210293039379505,10.0,0.045067466919378685,0.05022829391651129,0.15473504060844934,0.2179551713233252,0.33066666666666666
LO_n2_m5_touch,20260115,7715,1223,1761,202512,-60.36,-27.75,-0.105485437970402,-0.06512160766047848,-0.0638195486182227,-0.09637102467461278,-0.105485437970402,1.0,-0.09838611604953218,-0.05770193788000599,-0.056389545035827604,-0.08919936614028434,-0.002624671916010568
LO_n2_m5_touch,20260903,8040,1375,1831,202607,42.52,32.03,-0.0038463953827629904,0.0957689650789606,0.04928179686348977,0.06256384492505274,0.039984363220395336,10.0,-0.0038463953827629904,0.0957689650789606,0.04928179686348977,0.06256384492505274,0.12182061579651937
LO_n2_m5_touch,20260506,8042,1291,1832,202603,20.54,31.16,0.09100083010213833,0.07944905660693902,0.14105851524800128,0.36054221165678424,0.4953129024341074,10.0,0.06214564441933601,0.05089939641960184,0.11087938575151735,0.32455809774646593,0.3712807244501941
LO_n2_m5_touch,20260616,8042,1320,1832,202605,33.35,31.98,0.0076313640719956055,0.005054301759791047,-0.018139259050050316,-0.010408072113436528,-0.08514287916736973,4.0,0.023583311788174965,0.0209654516557245,-0.0025952895363308137,0.005258290861020809,0.036363636363636376
LO_n2_m5_touch,20260414,8043,1276,1833,202603,170.47,80.76,-0.0008274639880642143,0.09838943503181263,0.1275708759200116,0.023684946358023096,0.021350431086967214,10.0,-0.05106518926240744,0.04316315058887232,0.07087736819218993,-0.02778524647562053,0.18823529411764706
LO_n2_m5_touch,20241029,8044,926,1834,202409,-14.48,-8.54,0.03926223245199956,0.034981028610796994,0.05424644589620975,0.20515888129861137,0.1623468428865824,10.0,-0.01994294050559131,-0.023980250740377573,-0.005812354683838561,0.13650283109238348,0.21467098166127285
LO_n2_m5_touch,20240205,8054,753,1841,202312,179.13,23.94,-0.015919343960460908,0.08114066595028802,-0.02670378950609964,-0.16959769298581373,-0.015919343960460908,1.0,0.058893805329094606,0.163332646402649,0.04728948965425528,-0.1064676930373668,0.08967391304347827
LO_n2_m5_touch,20250912,8059,1140,1842,202507,1543.37,1118.57,0.08539292216375283,0.02213382547322751,-0.03779584507569156,-0.05610768885452766,-0.05777240192533095,4.0,0.055292302788901626,-0.006212463324561823,-0.06448013648468531,-0.08228414772805626,0.1023489932885906
LO_n2_m5_touch,20260505,8064,1290,1843,202603,27.24,29.94,-0.10704790882110882,-0.14276599246826438,-0.17848407611542005,-0.05942379729156799,-0.10704790882110882,1.0,-0.12455677335402826,-0.15957450241986704,-0.19459223148570592,-0.07786646793290974,0.020000000000000018
LO_n2_m5_touch,20221108,8033,451,1827,202209,-32.28,-12.75,-0.05569881195994464,-0.00492993088252236,-0.013633167638651744,0.044388410735545,0.3199909080129808,10.0,-0.00015168325170566987,0.05360360259497665,0.04438841073554567,0.10582302313175407,0.05263157894736836
LO_n2_m5_touch,20230609,8034,589,1828,202304,-81.01,-45.64,0.014925159698739865,0.02857886139872301,0.05133503089869462,-0.00783100980123197,0.01037392579874541,10.0,-0.0033617801156518023,0.010045908941088255,0.032392057368988425,-0.025707928543552083,0.07110091743119273
LO_n2_m5_touch,20260115,8080,1223,1854,202512,229.71,25.24,-0.1065284486168161,-0.054582428187561205,-0.14912418536880523,-0.17717503640060273,-0.1065284486168161,1.0,-0.1065284486168161,-0.054582428187561205,-0.14912418536880523,-0.17717503640060273,0.0
LO_n2_m5_touch,20260226,8087,1246,1860,202601,883.39,883.39,0.018202578862875685,0.1194443125566278,0.07171606667243013,0.028326752232250785,-0.05700556616676855,6.0,0.03633081468832744,0.1393750718306328,0.09079706489211703,0.04663524040255784,0.15160349854227406
LO_n2_m5_touch,20240410,8096,790,1866,202402,117.02,140.95,-0.02375667577552998,-0.020571542580670288,-0.04127490834725778,-0.0922370394650115,-0.1097552720367394,4.0,-0.04968813907524261,-0.046587610980871275,-0.0667410435942839,-0.11634949310422216,0.0658105939004816
LO_n2_m5_touch,20260601,8150,1309,1883,202604,32.22,27.09,-0.0814285217502485,-0.1075137158587608,-0.07677045137372862,-0.18763252633490535,-0.0814285217502485,1.0,-0.06384820637704758,-0.09043263865031603,-0.05910098632824978,-0.1720848234896405,0.032863849765258246
LO_n2_m5_touch,20241122,8171,943,1887,202410,-4.94,20.72,0.03655865481467435,0.007765358847599879,0.10854189473235998,0.03535893414937963,-0.04022346776419039,10.0,0.03530677238132318,0.006548250926286414,0.1072030760189151,0.03410850065403004,0.11729141475211602
LO_n2_m5_touch,20260623,8261,1324,1901,202605,1.15,6.5,-0.05934747660001416,-0.025003165400825922,-0.06888756304423305,0.03223735326448751,-0.05934747660001416,1.0,-0.019760897458932614,0.01602876551416932,-0.029702470507016465,0.07567820380267243,0.0807692307692307
LO_n2_m5_touch,20260123,8277,1229,1904,202512,-34.77,-16.98,-0.049171384392847406,-0.09326778395723723,-0.07213825916596706,-0.07673163412059092,-0.049171384392847406,1.0,0.011719118084458024,-0.03520118884119805,-0.012718541772654413,-0.017606073744076856,-0.0185185185185186
LO_n2_m5_touch,20260604,8277,1312,1904,202604,-58.95,-53.69,-0.09464579644362425,-0.11945002119859338,-0.06984157168865501,-0.18394100556151338,-0.18394100556151338,5.0,-0.012340868847590003,-0.03940002312573809,0.014718285430558087,-0.10975382424892366,-0.04999999999999993
LO_n2_m5_touch,20240716,8291,857,1908,202406,28.33,-66.18,-0.05702947212513765,-0.09802819072839264,-0.12672729375067093,-0.09392831886806696,-0.12672729375067093,3.0,-0.05311673134557404,-0.09428556911315789,-0.12310375555046638,-0.09016868533639932,-0.004132231404958553
LO_n2_m5_touch,20240529,8374,824,1916,202404,-12.48,-12.28,0.09065635319643994,0.19826291647167382,0.31681252007998273,0.20373443663821122,0.243858917859485,10.0,0.040907116033093605,0.14360530975542218,0.2567473875851065,0.14882725180909984,0.34191176470588247
LO_n2_m5_touch,20241007,8404,911,1921,202408,25.36,35.21,-0.03297042678261963,-0.0011271652728618298,-0.026266582254249604,-0.027942543386342278,0.17317279246475947,10.0,-0.024733377607003115,0.007381121223962284,-0.017972430484694657,-0.019662667265271883,0.02533783783783794
LO_n2_m5_touch,20211116,8427,211,1935,202110,,,-0.005160299195044127,-0.006495654498138048,-0.0038249438919504275,-0.002489588588856395,-0.013172431013607544,8.0,-0.006497449330534755,-0.00783100980123208,-0.005163888859837651,-0.003830328389140214,0.008075370121130687
LO_n2_m5_touch,20240419,8438,797,1943,202403,7.46,-6.88,-0.10650721727331669,-0.1186727770986421,-0.10650721727331669,0.004334550024093442,-0.10650721727331669,1.0,-0.11375175334947885,-0.12581867350054488,-0.11375175334947885,-0.0038087030842097747,0.06267029972752036
LO_n2_m5_touch,20211228,8440,241,1944,202111,21.84,24.7,0.02046614499944588,-0.021979587201570894,-0.0007567211010625075,-0.04673959765216407,0.016929000649361203,10.0,0.011451426404044396,-0.030619343498376805,-0.009583958547166205,-0.05516062594145599,0.089126559714795
LO_n2_m5_touch,20220322,8440,292,1944,202202,6.45,9.76,-0.03690092925928501,0.022502819198475743,-0.07860994413388278,-0.1443332402999159,-0.16961143113300559,4.0,-0.006527239774689497,0.05474995147280337,-0.04955165065058864,-0.11734769203079354,0.04713375796178343
LO_n2_m5_touch,20240628,8440,845,1944,202405,7.59,5.75,0.09084547036176849,0.19892924173706317,0.22294785759823976,0.15889821530176862,0.09084547036176849,1.0,0.07501411462888385,0.1815292746104613,0.20519931016192317,0.14207921535802548,0.15438596491228074
LO_n2_m5_touch,20260115,8476,1223,1959,202512,167.51,-20.3,-0.10604571792191797,-0.025870445986663992,-0.06996684555105381,-0.15815964467983323,-0.10604571792191797,1.0,-0.10964311945945548,-0.029790484433397824,-0.07370943369772964,-0.16154733222639328,0.010101010101010166
LO_n2_m5_touch,20250704,8478,1090,1961,202505,-0.92,-23.69,-0.054272962533940206,-0.033162984019072694,-0.02894098831609926,-0.1070479088211087,-0.054272962533940206,1.0,-0.054272962533940206,-0.033162984019072694,-0.02894098831609926,-0.1070479088211087,0.012765957446808418
LO_n2_m5_touch,20220822,8480,397,1962,202207,,,-0.006645622716167754,-0.006645622716167754,-0.005460235631103316,-0.004274848546039212,-0.003089461460974996,10.0,-0.007831009801231859,-0.007831009801231859,-0.006647037259228439,-0.005463064717225241,0.0035842293906809264
LO_n2_m5_touch,20240604,8455,828,1951,202404,-34.42,-14.24,-0.036946578362369475,-0.07614061296390096,-0.13773123876630755,-0.13773123876630755,-0.07614061296390096,2.0,-0.036946578362369475,-0.07614061296390096,-0.13773123876630755,-0.13773123876630755,0.0
LO_n2_m5_touch,20260520,8455,1301,1951,202604,-6.69,7.69,-0.027151597239237768,-0.08852287498349132,-0.06692927725866138,-0.09647841098737597,-0.07488481326254603,10.0,-0.09263177819428914,-0.14987229685960257,-0.12973211436625154,-0.15729236409399505,0.07216494845360821
LO_n2_m5_touch,20250813,8935,1118,1985,202507,-2.68,-3.32,-0.08737198369902355,-0.02248329446661468,-0.05806741436825824,-0.15854022350231067,-0.08737198369902355,1.0,-0.0554897822561945,0.011665760748525544,-0.025161472512127525,-0.12914424877750041,0.0042194092827005925
LO_n2_m5_touch,20240710,8937,853,1987,202405,8.83,-37.87,0.008078405493500584,0.012417336937518453,0.0803939295604661,0.05002140945234057,0.15126314314609224,10.0,0.006611042457847605,0.010943658135571521,0.0788213037532457,0.04849299400917828,0.12099125364431496
LO_n2_m5_touch,20220825,9928,400,2017,202207,16.39,10.68,-0.07004096256289116,-0.0014505018256771862,0.01131051412543238,-0.014211517776786753,-0.07004096256289116,1.0,-0.07892592151929656,-0.010990783655367986,0.0016483117611767462,-0.02362987907191294,0.04662379421221852
LO_n2_m5_touch,20221103,9928,448,2017,202209,-1.63,7.61,-0.06688868778925383,-0.09051175898446273,-0.0975986803430251,-0.024367159637878166,0.034690518350143806,10.0,-0.012829342245558206,-0.037821004467189834,-0.04531850313367902,0.032155649753378146,0.01904761904761898
LO_n2_m5_touch,20240522,9955,819,2037,202404,77.04,23.26,-0.07502970634855877,-0.09347640736155038,-0.08161781385319866,-0.09611165036340652,-0.07502970634855877,1.0,-0.03263523455620121,-0.05192740936562168,-0.039525296988137115,-0.054683434338396175,-0.03452855245683928
LO_n2_m5_touch,20260504,9960,1289,2039,202603,4.39,2.82,-0.021844696103474393,-0.024647433363922944,-0.033055645145268375,-0.020443327473250172,-0.05968164911952922,10.0,0.012476542629736853,0.009575463711027021,0.0008722269548975259,0.013927082089091769,-0.007062146892655385
LO_n3_m3_close,20211122,1236,215,25,202110,5.95,6.41,-0.10593311220290791,-0.047963688056463005,-0.09701473925730097,-0.11262189191211325,-0.10593311220290791,1.0,-0.09577326120521368,-0.03714509360255913,-0.08675354311249761,-0.10253804977475078,-0.011235955056179803
LO_n3_m3_close,20250904,1256,1134,27,202507,12.59,-8.55,0.049965242055006964,0.037121630531398386,0.046754339174104986,0.16876864864838725,0.10133968814944172,10.0,0.023467696514186676,0.010948213988019262,0.020337825882644767,0.1392729098812353,0.1779935275080906
LO_n3_m3_close,20241218,1213,961,10,202411,53187.09,57.87,-0.10585968248554123,-0.04941893154609034,-0.04941893154609034,0.012962951071197493,-0.10585968248554123,1.0,-0.017622151151877596,0.04438841073554545,0.04438841073554545,0.11292640019006561,0.03592814371257491
LO_n3_m3_close,20260604,1409,1312,61,202604,25.05,2.33,-0.049625674223524374,-0.09868897593665038,-0.09505465729123364,-0.10414045390477533,-0.049625674223524374,1.0,-0.005930302923456532,-0.057249388623392905,-0.05344797486784214,-0.062951509256719,-0.0073260073260073
LO_n3_m3_close,20260410,1449,1274,85,202602,22.19,16.56,-0.05507715219164944,-0.08657458045192779,-0.07397560914781642,-0.09287406610398341,-0.05507715219164944,1.0,-0.06984157168865501,-0.10084685263236648,-0.0884447402548818,-0.1070479088211087,0.019047619047619202
LO_n3_m3_close,20260529,1563,1308,141,202604,5.74,-0.56,0.03976930157262193,0.03828179184218916,0.008531597233530253,-0.02865614602729305,-0.1000566130880739,6.0,0.05720445754411441,0.055692004815152796,0.025442950235921913,-0.012368367988116469,0.08695652173913038
LO_n3_m3_close,20260728,1591,1348,154,202606,126.96,417.23,-0.04599135557810763,-0.11515698229869487,-0.0769966365218191,-0.13185213357607806,-0.04599135557810763,1.0,-0.04599135557810763,-0.11515698229869487,-0.0769966365218191,-0.13185213357607806,0.03485576923076916
LO_n3_m3_close,20260805,1595,1354,157,202606,27.89,4.55,-0.0173558321071402,-0.041167887871910724,-0.006243539416913801,0.0413805721126268,-0.041167887871910724,2.0,-0.0173558321071402,-0.041167887871910724,-0.006243539416913801,0.0413805721126268,0.0895999999999999
LO_n3_m3_close,20260702,1617,1331,171,202605,37.88,23.29,0.09005113272958831,0.18793327526040837,0.09894950932329905,0.04555924976103354,-0.041199922027647884,10.0,0.09005113272958831,0.18793327526040837,0.09894950932329905,0.04555924976103354,0.20852017937219713
LO_n3_m3_close,20240923,1721,903,188,202408,11.1,12.44,-0.019412748986431527,-0.013621879393831637,-0.056088256406230275,-0.023273328714831343,-0.08697289423342935,9.0,-0.021316801901021032,-0.015537176715397005,-0.057921094743305535,-0.025169885358103494,0.031128404669260812
LO_n3_m3_close,20260415,1785,1277,214,202603,95.58,76.61,0.006342832915893215,0.10555973193576995,0.08784242853936353,0.10910319261505141,0.2331243163898975,10.0,0.020927511653804798,0.12158233674643348,0.10360826083703545,0.1251771519283129,0.15357142857142847
LO_n3_m3_close,20260109,1789,1219,217,202511,-2.12,-4.83,0.0027690862479001765,0.02396927834616447,0.028209316765817283,0.11301008515887445,0.08120979701147801,10.0,0.013598126056192816,0.0350272619136176,0.03931308908510278,0.12502963251480192,0.13888888888888884
LO_n3_m3_close,20250903,2243,1133,303,202507,-0.93,-11.66,0.00629239219448019,-0.060793767285151845,-0.053732066287295877,-0.14200332876049593,-0.060793767285151845,2.0,0.013505957729924578,-0.054061106118737046,-0.04694878360835164,-0.1358528149881696,0.039145907473309594
LO_n3_m3_close,20260313,2243,1256,303,202602,739.37,301.17,0.09074988345569679,0.19887086315684477,0.3038118140432531,0.24021123774845998,0.32607201574643074,10.0,0.009833719994591483,0.10993385550425971,0.20708986938129037,0.14820743672854442,0.32692307692307687
LO_n3_m3_close,20260923,2221,1389,292,202608,81.31,29.09,0.026597567145728584,0.1267534273550679,0.2362988994590327,0.17683135745973755,0.20187032251207238,9.0,0.02984629362403779,0.1303191027580901,0.2402112377484602,0.1805555073251166,0.24921135646687698
LO_n3_m3_close,20240326,2359,781,345,202402,10.01,-6.78,0.036297022761410336,0.04056747752553713,0.03202656799728376,0.24697279112499393,0.5017765920512198,10.0,0.024537623921564666,0.028759619624538102,0.02031562821859123,0.23282274526825653,0.25681492109038717
LO_n3_m3_close,20240426,2359,802,345,202403,-28.2,-16.74,-0.07366212763432545,-0.0407465687177786,-0.07836435033668931,-0.13196968914363694,-0.07366212763432545,1.0,-0.0992751563633304,-0.06726970506659591,-0.10384736369143532,-0.15597052723183136,0.028436018957346043
LO_n3_m3_close,20240516,2362,815,347,202404,9.47,3.0,0.013348295408265765,-0.01597689642026945,-0.027381137686921964,0.0035732314654206565,-0.02086442839169189,10.0,0.013348295408265765,-0.01597689642026945,-0.027381137686921964,0.0035732314654206565,0.05254515599343179
LO_n3_m3_close,20240709,2349,852,336,202405,4.39,7.58,-0.10704790882110882,-0.10704790882110882,-0.09877983390278555,-0.09051175898446273,-0.10704790882110882,1.0,-0.00783100980123197,-0.00783100980123197,0.0013557401080159792,0.010542490017263706,-0.03888888888888886
LO_n3_m3_close,20260414,2426,1276,391,202603,-14.1,-9.85,-0.07535101669566602,-0.0022043425600289934,0.020302326404782356,0.001546768934105991,-0.07535101669566602,1.0,-0.05934747660001405,0.01506519766489367,0.037961405131018866,0.018881232242581092,0.07939508506616266
LO_n3_m3_close,20250213,2438,994,401,202501,-10.16,-10.16,-0.08583938249499257,-0.09559042908171256,-0.07608833590827246,-0.08096385920163252,-0.08583938249499257,1.0,-0.05806741436825802,-0.06811469528166325,-0.0480201334548529,-0.05304377391155546,-0.029484029484029506
LO_n3_m3_close,20240219,2465,756,422,202401,67.99,67.99,-0.02389852381254809,-0.03594915932103504,-0.0399660378238641,0.012253382712913208,0.26129984988831234,10.0,0.021597731433477207,0.008985413761459116,0.004781307870786122,0.05943468444953193,0.04048582995951411
LO_n3_m3_close,20260605,2491,1313,441,202604,0.72,-13.64,-0.10647605349534583,-0.11076496843856798,-0.15508375618519887,-0.10504641518093827,-0.10647605349534583,1.0,-0.00783100980123208,-0.01259342095418603,-0.06180500286804491,-0.0062435394169139125,-0.09365994236311248
LO_n3_m3_close,20220304,2936,280,584,202201,,,-0.009112881881592205,-0.01039475396195233,-0.01039475396195233,-0.007831009801231859,-0.006549137720871845,10.0,-0.00783100980123197,-0.00911454018958735,-0.00911454018958735,-0.006547479412876256,0.02067183462532296
LO_n3_m3_close,20211223,2939,238,587,202111,-29.15,-39.06,-0.010441980828070796,-0.020885864935426213,-0.03263523455620132,-0.09529853920033382,-0.0548284882843314,4.0,-0.023293383674459545,-0.03360163292327789,-0.04519841332819874,-0.1070479088211087,0.03421052631578947
LO_n3_m3_close,20230710,3018,608,606,202305,-67.58,-61.79,0.033509364790383245,-0.06570753422949338,-0.07397560914781665,-0.04090330947452425,-0.06570753422949338,2.0,0.12746476158950903,0.019228144476916453,0.010208426384200164,0.04628729875506443,0.04166666666666674
LO_n3_m3_close,20240704,3018,849,606,202405,38.04,-31.69,0.01327896871363543,0.04705493433742336,0.04705493433742336,0.07027591070377759,0.1357168440998664,10.0,0.11531877118362677,0.15249606355641432,0.15249606355641432,0.1780554520627058,0.0957446808510638
LO_n3_m3_close,20240605,3048,829,634,202404,14.4,4.93,-0.013557814939464174,-0.07512097017546282,-0.12809391770411283,0.05230044415020885,-0.07512097017546282,2.0,-0.023422236790069717,-0.08436976047370837,-0.13681297852707175,0.04177743970870651,0.06060606060606055
LO_n3_m3_close,20250815,3071,1120,650,202507,-16.51,-7.25,0.03922838894337355,0.013737881290045717,-0.03528232573558521,-0.011752626363282448,-0.03528232573558521,3.0,0.023053628025967,-0.0020401402086320797,-0.050297386813630496,-0.02713390844323127,0.09090909090909083
LO_n3_m3_close,20230628,3073,600,651,202305,-73.8,-46.43,0.000516565837459737,-0.03406624752283405,-0.04837637718916232,0.03986942241986258,-0.03406624752283405,2.0,-0.018361105216077145,-0.05229141266391246,-0.06633153988370633,0.02024924463835598,0.08173076923076916
LO_n3_m3_close,20240709,3073,852,651,202405,-33.18,-13.4,-0.061420384271844486,0.031978239805508846,0.13456361379210957,0.175903988383725,-0.061420384271844486,1.0,0.03435304590449806,0.13728214182647935,0.2503354111178353,0.2958941912800237,0.382716049382716
LO_n3_m3_close,20240924,3085,904,655,202408,22.56,-32.75,-0.01013837954588015,-0.023982598013770118,-0.017060488779825023,-0.03321207699236328,-0.017060488779825023,10.0,-0.0541322293438411,-0.06736114921315817,-0.06074668927849958,-0.07618042912603606,0.04651162790697683
LO_n3_m3_close,20250630,3122,1086,668,202505,-20.58,-0.48,-0.06629504041953038,0.02655959644482575,0.02655959644482575,-0.006111479488929206,-0.00095288855202047,10.0,-0.06467402486470308,0.028341817966431426,0.028341817966431426,-0.0043859785852640165,0.10571923743500866
LO_n3_m3_close,20250415,3093,1034,661,202503,390.95,175.51,-0.036506414142236765,-0.0059193161784983905,0.011285926426104709,-0.046064882255905104,0.0017274583124362586,10.0,-0.017577267072339642,0.01361075619520502,0.031154019283199164,-0.027323524343447314,0.05587668593448947
LO_n3_m3_close,20230714,3191,612,692,202306,20.04,-6.42,0.012925663633888806,0.021228333007937028,0.017076998320912917,0.18313038580187846,0.42805913233630233,10.0,-0.00783100980123197,0.00030152290531537673,-0.0037647434479581854,0.1588859106829874,0.2343096234309625
LO_n3_m3_close,20260806,3167,1355,684,202606,139.66,127.28,-0.0275336564151083,-0.07819760485078997,-0.10634424287061317,-0.05145829873195806,-0.10634424287061317,3.0,-0.054360314169174195,-0.10362663644111292,-0.130996815481079,-0.07762496635314542,0.04397163120567371
LO_n3_m3_close,20260526,3189,1305,691,202604,26.75,28.26,0.0007221711487575,-0.02921396217620542,0.03921148542370956,0.05916890764035143,0.017828533048736217,10.0,-0.04062998468383594,-0.06932908770611435,-0.003731137940906515,0.015401597407278977,0.11781609195402298
LO_n3_m3_close,20260805,3189,1354,691,202606,32.26,29.79,0.02212578338109794,-0.013822368437698018,0.0017551640171136196,0.02811714201756388,0.017332696471925146,10.0,0.037157044901408476,0.0006802437911594961,0.016486857605600758,0.04323651175311638,0.04347826086956519
LO_n3_m3_close,20260616,3285,1320,725,202605,216.75,71.32,0.007267213962662389,0.10432722387341142,0.09354277832777269,-0.04665501376553138,0.08707211100038936,10.0,0.020579115468776887,0.11892185678803813,0.10799488553034253,-0.03405574081970142,0.16304347826086962
LO_n3_m3_close,20211217,3308,234,737,202111,37.69,6.22,-0.06984157168865501,-0.11531598373943197,-0.028501197097039688,-0.00783100980123208,-0.11531598373943197,2.0,-0.06984157168865501,-0.11531598373943197,-0.028501197097039688,-0.00783100980123208,0.07499999999999996
LO_n3_m3_close,20260602,3346,1310,751,202604,-15.07,-16.68,0.0029534357444069848,0.10217033476428372,0.15177878427422198,0.0698169981273673,0.0676601090182396,10.0,0.01620832696569874,0.11673646253649905,0.1670005303218991,0.08395554876341182,0.17391304347826098
LO_n3_m3_close,20240305,3372,766,759,202401,61.95,61.95,-0.046460540157331476,-0.07695753780688386,-0.15828286487235665,-0.12981900039944116,-0.07695753780688386,2.0,-0.028544349888888876,-0.059614360020374346,-0.14246772037100208,-0.11346904424828241,-0.008196721311475419
LO_n3_m3_close,20240605,3379,829,763,202404,203.7,30.84,-0.05537244058158963,-0.10911492755068952,-0.15252232087188566,-0.00783100980123208,-0.05537244058158963,1.0,-0.02699307184369737,-0.08235013996637541,-0.12706161806546157,0.02197664226482532,0.03333333333333344
LO_n3_m3_close,20211116,3419,211,772,202110,29.61,18.44,0.03904311571996999,0.056620912790420475,0.07419870986087096,0.09372959549470505,0.18161858084695814,10.0,0.07941493412217726,0.09767571308289069,0.11593649204360412,0.13622624644439707,0.19291338582677175
LO_n3_m3_close,20260318,3437,1259,777,202602,-32.46,-24.28,0.09138588921864477,0.05831358954535237,-0.023264749648768457,0.000988270111645928,-0.023264749648768457,3.0,0.09138588921864477,0.05831358954535237,-0.023264749648768457,0.000988270111645928,0.18666666666666654
LO_n3_m3_close,20230718,3483,614,791,202306,-2.03,-2.43,0.043150005505423916,0.0823661711259287,0.18824981830129128,0.15687688580488768,0.17743047253734745,10.0,-0.036799447471269064,-0.0005889003837227236,0.09717957675265221,0.06821113908261522,0.3162055335968379
LO_n3_m3_close,20260423,3581,1283,844,202603,39.67,13.63,0.03324605030253869,-0.033109200634321545,-0.05838739146741112,0.1343588136348972,0.48509371144401614,10.0,-0.05959634842029815,-0.11998924347587536,-0.14299606063990467,0.032430920235819505,0.1433121019108281
LO_n3_m3_close,20260828,3629,1371,865,202607,972.81,4456.31,0.0047920053412460195,0.009841211398237348,0.0047920053412460195,-0.00025720071574497627,0.007316608369741795,10.0,0.0047920053412460195,0.009841211398237348,0.0047920053412460195,-0.00025720071574497627,0.01781170483460559
LO_n3_m3_close,20250825,3685,1126,887,202507,16.99,-4.64,0.04134354656430461,0.04423616752698356,0.14837052218341396,0.24671963491448712,0.47523669096609855,10.0,0.0205166756330184,0.023351444176443747,0.1254031117397456,0.22178524221619722,0.2565597667638486
LO_n3_m3_close,20230718,3706,614,899,202306,-29.13,-21.67,0.005949115062640065,-0.07870022338685811,-0.02948549173017323,-0.049171384392847295,-0.07870022338685811,2.0,-0.03244588932906389,-0.11386433699804688,-0.06652803021375442,-0.08546255292747151,0.08730158730158721
LO_n3_m3_close,20251110,4304,1177,969,202509,-3.13,-5.15,-0.03983646109796635,-0.1358528149881697,-0.2222675334893528,-0.06064000444084372,-0.1358528149881697,2.0,-0.0855585343790155,-0.17700268094111393,-0.2593024128470025,-0.10537143280080341,0.04999999999999982
LO_n3_m3_close,20260824,4304,1367,969,202607,-23.03,4.52,-0.06367541825519629,-0.020861371773823523,-0.0822902210731844,-0.05809097740979974,-0.06367541825519629,1.0,-0.06367541825519629,-0.020861371773823523,-0.0822902210731844,-0.05809097740979974,0.03752345215759845
LO_n3_m3_close,20231122,4419,701,979,202310,61.3,74.65,-0.06546091974998303,-0.0514428335462328,-0.09661222242498357,-0.003158314399981932,-0.06546091974998303,1.0,-0.06251748957596714,-0.048455251919606646,-0.09376690659010156,-1.8655547698309682e-05,0.0047095761381474865
LO_n3_m3_close,20231201,4420,708,980,202310,-27.61,-30.01,-0.007831009801231859,-0.04049500947855755,-0.02008000968022905,-0.03437050953905907,-0.04049500947855755,2.0,-0.03945392582350338,-0.07107684184577501,-0.05131251933185532,-0.06514754509159904,0.03292181069958855
LO_n3_m3_close,20260616,4556,1320,1019,202605,1.56,7.7,0.09063989749669088,0.14733526836519206,0.1697150200238109,0.0652761789502565,0.09362386438450665,10.0,0.08411888166711412,0.14047526676061706,0.16272120824489433,0.05890681465160008,0.2616541353383459
LO_n3_m3_close,20240530,4562,825,1024,202404,-16.63,-11.86,0.09062850831009639,0.19918643853540674,0.18782572490717664,-0.005306406772736305,-0.010355612829727301,6.0,0.08100127053182304,0.18860093403383305,0.17734050413245983,-0.014086804190883817,0.2951653944020356
LO_n3_m3_close,20260526,4760,1305,1070,202604,63.09,54.91,-0.029154489995137145,0.0674283320596103,0.1740457330291365,0.008475180935283655,-0.01535694398731613,10.0,-0.04007650198269186,0.0554197633239395,0.16083771853255868,-0.002870164850238277,0.2895069532237673
LO_n3_m3_close,20260324,4905,1263,1085,202602,21.69,30.74,-0.05945971291112262,-0.05160317113353052,-0.02354409335641605,-0.10323187424342117,-0.05945971291112262,1.0,-0.02183810142756748,-0.013667297978871562,0.015514142909327289,-0.06736114921315794,0.015837104072398134
LO_n3_m3_close,20260818,4905,1363,1085,202607,35.44,33.65,0.03941513258918583,0.040567477525537354,0.0325010629710758,0.038262787652834085,0.047637620949925186,10.0,0.03941513258918583,0.040567477525537354,0.0325010629710758,0.038262787652834085,0.09059233449477366
LO_n3_m3_close,20230825,4944,641,1107,202307,,,-0.08953904428818926,-0.11288419699874852,-0.10412976473228874,-0.04868502704471056,0.27814711090311883,10.0,-0.02348036295894118,-0.04851932801127601,-0.039129716116650504,0.020337825882644767,-0.032352941176470584
LO_n3_m3_close,20250411,4946,1032,1109,202502,817.36,1007.25,-0.007831009801231859,0.08756985464095735,0.1543504597504899,0.2354411945263506,0.41193279374440084,10.0,-0.007831009801231859,0.08756985464095735,0.1543504597504899,0.2354411945263506,0.2451923076923077
LO_n3_m3_close,20240911,4950,896,1111,202407,-86.08,-74.95,0.08944045982609827,0.17698478249069538,0.2937105460434919,0.40070916263355505,0.3569370013012563,10.0,0.05831358954535237,0.14335664584810393,0.2567473875851063,0.36068890084402483,0.519607843137255
LO_n3_m3_close,20240618,4924,837,1096,202405,93.91,13.66,-0.10572059244626086,-0.11069802885194024,-0.07087853760650475,-0.011149300738351409,-0.12397119260041878,10.0,-0.038167112019539706,-0.04352054182277032,-0.0006931033969242995,0.06354805424184495,-0.0033444816053510573
LO_n3_m3_close,20221223,4943,484,1106,202211,-41.22,-45.97,0.029609329451551814,0.0717297111109334,0.12321017758351105,0.3057318314408317,0.404012721979389,10.0,0.05447912001801436,0.09761690220056929,0.15034085820147003,0.337271247659209,0.3160377358490565
LO_n3_m3_close,20230106,4943,493,1106,202211,-41.22,-45.97,-0.10615406288399254,-0.19553865659559333,-0.11509252225515276,-0.14190790036863288,-0.10615406288399254,1.0,-0.007831009801231859,-0.1070479088211086,-0.017752699703219577,-0.04751776940918262,-0.06906906906906896
LO_n3_m3_close,20240307,4943,768,1106,202401,37.17,37.17,0.08952168861075593,0.01702499830395654,0.1185203647334756,0.035667004382847756,0.1392337048211325,10.0,-0.00783100980123197,-0.07384985895894458,0.018576529861853208,-0.05687358346124716,0.1858037578288101
LO_n3_m3_close,20260317,4960,1258,1117,202602,-21.4,-7.75,0.02441922506182559,-0.017316372996248885,-0.04387538994229623,-0.07422855216635038,-0.07802269744435697,10.0,0.018576529861853208,-0.022921032465852087,-0.049328572128937154,-0.07950861745817728,0.05162523900573612
LO_n3_m3_close,20260806,4971,1355,1122,202606,-6.26,15.65,-0.04813787502805689,0.0376434022495451,-0.038836290744943436,0.02110725241289879,0.19887086315684477,10.0,-0.08438112227147765,-0.001866065972381592,-0.07543370652820214,-0.01777258284931582,0.11458333333333326
LO_n3_m3_close,20261006,5013,1396,1138,202608,23.34,13.43,0.09045476086496529,0.09666228322283033,,,0.09666228322283033,2.0,-0.007831009801231859,-0.0021829889841610273,,,0.12408759124087587
LO_n3_m3_close,20240923,5210,903,1149,202408,-34.6,-4.36,-0.028047619319388706,-0.03737836217392254,-0.08247695263750288,-0.074701333592058,-0.08247695263750288,3.0,0.014902813214779043,0.0051597462079171486,-0.04193174432524849,-0.03381252181953032,0.021943573667711602
LO_n3_m3_close,20240116,5314,739,1191,202312,334.14,360.64,-0.02867489614994556,-0.01616856434071745,-0.02867489614994556,0.025519208356709733,0.2673082900017878,10.0,-0.03676927201536262,-0.024367159637878055,-0.03676927201536262,0.01697321495373738,0.04201680672268915
LO_n3_m3_close,20240306,5314,767,1191,202401,49674.73,49674.73,-0.06339247325236297,-0.055455121330772905,-0.10307923286031373,-0.043549093448387644,-0.10307923286031373,3.0,-0.04427803393098262,-0.03617869523548245,-0.08477472740848335,-0.024029687192232085,-0.0040000000000000036
LO_n3_m3_close,20240328,5314,783,1191,202402,1274.63,2334.81,0.08051280439454889,0.08594934680659683,0.10225897404274109,0.1321599573090051,0.10361810964575291,10.0,0.0955199266778064,0.10103197662335517,0.11756812646000125,0.14788440116051893,0.17808219178082196
LO_n3_m3_close,20260120,5328,1226,1195,202512,2.7,1.98,-0.08165310728625941,-0.07574733948745727,-0.145140111123383,-0.1539987628215863,-0.08165310728625941,1.0,-0.08165310728625941,-0.07574733948745727,-0.145140111123383,-0.1539987628215863,0.0
LO_n3_m3_close,20240705,5345,850,1198,202405,-12.62,-24.1,-0.10645021665833854,-0.14828866805226237,-0.2215059579916293,-0.19311558026003806,-0.14828866805226237,2.0,-0.10645021665833854,-0.14828866805226237,-0.2215059579916293,-0.19311558026003806,0.0
LO_n3_m3_close,20260306,6141,1251,1328,202601,19.84,19.84,-0.07139615402009425,-0.016122115568909523,0.000460095966446028,0.10548076902369719,0.43436129780824717,10.0,-0.013701832228443345,0.04500639204367296,0.06261885932530808,0.1741644854423292,0.11420612813370479
LO_n3_m3_close,20260616,6173,1320,1355,202605,25.62,14.59,0.038838960121009736,0.09242299966136147,0.05612413416628459,0.05439561676175697,-0.014745079419341889,4.0,0.05725809061960918,0.11179220178301685,0.0748497393819989,0.07309057450575995,0.10801393728222997
LO_n3_m3_close,20260617,6182,1321,1362,202605,11.93,7.95,0.044388410735545225,0.013927082089091991,-0.003479391423167111,0.08790459451619315,0.2924306582852374,10.0,-0.0036796751142078588,-0.032739017923376745,-0.04934435667147319,0.03783367175603347,0.11842105263157898
LO_n3_m3_close,20230517,6198,572,1377,202304,9315.37,5374.69,0.03976930157262193,0.01894416534656096,0.010019106963963464,-0.05543132117508587,0.004069068042231727,10.0,0.08703154255319578,0.0652598092259502,0.05592906637141626,-0.012496381228498832,0.08995502248875553
LO_n3_m3_close,20251231,6205,1213,1383,202511,-25.43,-2.86,-0.023833735449599325,-0.05103836905182346,-0.041436733662803316,-0.0382361885331296,-0.05743945931117034,4.0,0.003686706502899595,-0.02428489023570568,-0.01441256197502161,-0.011121785888126623,-0.003225806451612967
LO_n3_m3_close,20260916,6221,1384,1398,202608,21.47,-27.95,-0.023173829237295607,0.07399736052443973,0.056949783373257956,0.07740687595467599,-0.023173829237295607,1.0,-0.039674271310989884,0.05585551321828364,0.039095901897358454,0.05920743548246854,0.12371134020618557
LO_n3_m3_close,20260825,6225,1368,1402,202607,112.91,36.92,0.028193280311885394,-0.009332021889278508,-0.10689780761230394,-0.13691804937323493,-0.10689780761230394,3.0,-0.01502064016499105,-0.05096879198378712,-0.1444339867126564,-0.17319250816769327,0.05900151285930422
LO_n3_m3_close,20260831,6226,1372,1403,202607,21.5,6.37,0.06752359704930733,0.07223325997746599,0.004728091340524543,0.017287192482281055,-0.07062651551001475,6.0,0.028467855693845134,0.033005213880729745,-0.03203025346461641,-0.01993063163292408,0.12499999999999978
LO_n3_m3_close,20220419,6242,310,1417,202203,16.53,8.24,-0.03847152273384069,-0.06619389157763,-0.007831009801231748,-0.054521315222350375,0.12932176237330384,10.0,0.05457962022740048,0.02417444149550252,0.0881853440889715,0.03697662201419627,0.09117647058823541
LO_n3_m3_close,20260717,6243,1341,1418,202606,-56.18,-52.12,-0.10685562800905468,-0.019367858524473314,-0.03667313160933561,0.0037058389220097077,-0.10685562800905468,1.0,-0.07827500810534449,0.012012370002743467,-0.005846671820834426,0.03582442576751377,0.06395348837209291
LO_n3_m3_close,20250417,6228,1036,1405,202503,120.05,108.1,0.007066422484034884,-0.06543441463759692,-0.1587916569586021,-0.05252330665703231,-0.06543441463759692,2.0,0.016221571779344357,-0.056938363861575025,-0.15114430838549842,-0.043909882172096126,0.03503503503503502
LO_n3_m3_close,20221019,6247,437,1422,202209,,,0.0019601315494137683,-0.007831009801231859,-0.007831009801231859,-0.007831009801231859,-0.001303582234134737,10.0,-0.0013249836359940925,-0.011084022883850797,-0.011084022883850797,-0.011084022883850797,0.009868421052631637
LO_n3_m3_close,20251114,6265,1181,1430,202510,146.68,35.1,-0.05292960026481219,-0.12176429097238217,-0.11701707092358427,-0.22857674207033574,-0.05292960026481219,1.0,-0.0793594718853291,-0.14627319448012976,-0.14165845499083318,-0.2501048329893032,0.028708133971292016
LO_n3_m3_close,20260526,6274,1305,1436,202604,97.96,68.62,0.023566743053159422,-0.03294921208474488,0.06124404647842918,-0.0015514592303536023,-0.03294921208474488,2.0,-0.01388082071707808,-0.06832911895969329,0.022418044777998913,-0.03808006438046263,0.14873417721518978
LO_n3_m3_close,20260806,6274,1355,1436,202606,107.71,85.17,-0.06619389157763012,-0.05322436229398597,0.04080472501243326,0.037562342691522144,0.021350431086967214,10.0,-0.07225756760634683,-0.0593722560453237,0.03404625277209283,0.030824924881836857,0.09477124183006547
LO_n3_m3_close,20230510,6276,567,1438,202303,-20.16,-24.98,-0.04172498151609649,0.05379439331670399,0.08152582471977521,0.09076963518746539,0.1400699576818143,10.0,-0.032712990746655346,0.06370468541686103,0.09169691398046265,0.1010276568349966,0.14285714285714257
LO_n3_m3_close,20250818,6418,1121,1463,202507,-18.45,-6.11,-0.05743945931117045,-0.121221751538234,-0.06452638066973304,-0.06736114921315806,-0.121221751538234,2.0,-0.08868456010748527,-0.1503525222054749,-0.09553655589615084,-0.09827735421161699,0.04142857142857159
LO_n3_m3_close,20211122,6446,215,1475,202110,10.64,5.13,-0.0023494131702994636,0.041503359877159696,0.068911343031822,0.12372730934114617,0.46632709877442236,10.0,0.0201963628032531,0.06504015897042903,0.0930675315749141,0.149122276783884,0.13259668508287303
LO_n3_m3_close,20250107,6477,974,1488,202411,-29.45,-41.65,0.018509759850062757,-0.03040881235948467,-0.05424093728208457,-0.04671500309600041,-0.03040881235948467,2.0,0.015941008879444718,-0.03285418735983903,-0.0566262060405156,-0.0491192527729335,0.09481668773704177
LO_n3_m3_close,20251015,6499,1160,1498,202509,58.4,41.35,-0.03090470724771477,-0.027059091006634284,-0.050132788453117305,-0.04940895264723755,-0.11953452171424472,6.0,-0.0195035861565116,-0.015612727371418389,-0.03895788008197765,-0.03822552856073469,0.023255813953488413
LO_n3_m3_close,20240705,6541,850,1521,202405,157.69,-58.92,-0.003427892980823022,-0.0019601873740201503,0.06995738735932266,0.009781457480403155,0.014184574300811548,10.0,-0.03206502249286847,-0.03063949233453689,0.03921148542370978,-0.019235251067884374,0.08579881656804744
LO_n3_m3_close,20250415,6560,1034,1530,202503,661.56,271.29,0.07365146765470554,0.0017551640171136196,0.1008122934733513,0.022525207290195803,0.1822947709292888,10.0,0.07365146765470554,0.0017551640171136196,0.1008122934733513,0.022525207290195803,0.11111111111111116
LO_n3_m3_close,20230718,6569,614,1533,202306,14.93,-11.69,0.08953136774163784,0.07562245666408507,0.1266217972817787,0.09880397512667294,0.01303235681509718,10.0,0.07446872210465671,0.060752100120341934,0.11104638072949613,0.08361313676086635,0.1448598130841121
LO_n3_m3_close,20260527,6570,1306,1534,202604,9.7,15.29,0.012661292922322653,0.019492060496840935,0.0331535956458775,0.01095360102869325,-0.011246393588490888,4.0,0.01440726066874043,0.021249805428732005,0.034934894948714934,0.012696624478742757,0.03716216216216206
LO_n3_m3_close,20250716,6617,1098,1565,202506,-29.18,7.61,0.08944045982609827,0.09916760678883141,0.055395445456532855,-0.007831009801231748,-0.012694583282598426,4.0,0.058313589545352595,0.06776281802343598,0.025241289872060424,-0.03617869523548234,0.15686274509803932
LO_n3_m3_close,20260313,6683,1256,1595,202602,46.93,46.8,-0.007831009801231859,0.018509759850062757,0.05363078605178928,0.12826296673045756,-0.034171779452526585,7.0,-0.02508612267425392,0.0007965466352790607,0.03530677238132318,0.10864100209166683,0.13716814159292046
LO_n3_m3_close,20260910,6872,1380,1681,202607,32.05,317.75,-0.0783028259274996,-0.16546533534683072,-0.15062916353077438,-0.221100979657042,-0.0783028259274996,1.0,-0.04064593749263079,-0.13136956111002795,-0.11592724219642847,-0.18927825703602608,-0.03925233644859816
LO_n3_m3_close,20250715,6933,1097,1716,202506,158.75,40.51,-0.04880554036991269,0.04485052950135748,0.14728685592305912,0.2672836954456239,-0.04880554036991269,1.0,-0.06263104123662899,0.029663748549302982,0.13061117487766594,0.2488638742908913,0.26530612244897966
LO_n3_m3_close,20260416,7556,1278,1746,202603,12.1,10.79,-0.024367159637878055,0.07301238940014931,0.08219913930939704,0.17222928842002605,0.12262083891008757,10.0,-0.02074027175549098,0.07700128304104203,0.0862221844369413,0.1765870181167548,0.21296296296296302
LO_n3_m3_close,20260401,7721,1269,1765,202602,30.2,15.56,0.001200437443750202,0.07990304915002455,0.052808707415077594,0.0837736693978739,0.12893090562278542,10.0,-0.012919055904815457,0.06467364717483193,0.037961405131018866,0.06848968175251935,0.1378413524057216
LO_n3_m3_close,20260603,7709,1311,1756,202604,62.9,26.63,-0.04298660394213327,-0.12892250073100286,-0.08595455233656801,-0.09376690659010156,-0.04298660394213327,1.0,-0.039203942297635797,-0.125479506662746,-0.08234172448019084,-0.0901849576042918,0.023622047244094446
LO_n3_m3_close,20241030,8044,927,1834,202409,-14.48,-8.54,-0.011918214704213281,0.006474207359203676,0.04632445516327355,0.21185625373402583,0.032019238002838124,10.0,0.01742037489099557,0.03635891341016606,0.07739241353503568,0.24783926020757052,0.27291452111225545
LO_n3_m3_close,20221108,8033,451,1827,202209,-32.28,-12.75,-0.05569881195994464,-0.00492993088252236,-0.013633167638651744,0.044388410735545,0.3199909080129808,10.0,-0.00015168325170566987,0.05360360259497665,0.04438841073554567,0.10582302313175407,0.05263157894736836
LO_n3_m3_close,20260605,8085,1313,1858,202604,-0.76,8.33,-0.0685760500174829,-0.08207494784331648,-0.1360705391466508,-0.13944526360310916,-0.0685760500174829,1.0,0.03335336337683015,0.01837722767571659,-0.0415273151287372,-0.04527134905401564,-0.017006802721088454
LO_n3_m3_close,20260226,8087,1246,1860,202601,883.39,883.39,0.018202578862875685,0.1194443125566278,0.07171606667243013,0.028326752232250785,-0.05700556616676855,6.0,0.03633081468832744,0.1393750718306328,0.09079706489211703,0.04663524040255784,0.15160349854227406
LO_n3_m3_close,20260601,8150,1309,1883,202604,32.22,27.09,-0.0814285217502485,-0.1075137158587608,-0.07677045137372862,-0.18763252633490535,-0.0814285217502485,1.0,-0.06384820637704758,-0.09043263865031603,-0.05910098632824978,-0.1720848234896405,0.032863849765258246
LO_n3_m3_close,20260604,8277,1312,1904,202604,-58.95,-53.69,-0.09464579644362425,-0.11945002119859338,-0.06984157168865501,-0.18394100556151338,-0.18394100556151338,5.0,-0.012340868847590003,-0.03940002312573809,0.014718285430558087,-0.10975382424892366,-0.04999999999999993
LO_n3_m3_close,20260724,8291,1346,1908,202606,59.85,189.77,0.09026830212079884,0.09275182900490098,-0.01652335389558901,-0.0065892463591809,-0.01900688077969115,4.0,0.09026830212079884,0.09275182900490098,-0.01652335389558901,-0.0065892463591809,0.20775969962453056
LO_n3_m3_close,20241007,8404,911,1921,202408,25.36,35.21,-0.03297042678261963,-0.0011271652728618298,-0.026266582254249604,-0.027942543386342278,0.17317279246475947,10.0,-0.024733377607003115,0.007381121223962284,-0.017972430484694657,-0.019662667265271883,0.02533783783783794
LO_n3_m3_close,20211116,8427,211,1935,202110,,,-0.005160299195044127,-0.006495654498138048,-0.0038249438919504275,-0.002489588588856395,-0.013172431013607544,8.0,-0.006497449330534755,-0.00783100980123208,-0.005163888859837651,-0.003830328389140214,0.008075370121130687
LO_n3_m3_close,20260105,8438,1215,1943,202511,17.99,11.75,-0.015864766806889974,-0.004818350924110204,0.04237997148413086,0.04237997148413086,0.259291410636898,10.0,0.01495366429519085,0.026346001343402037,0.0750223505493961,0.0750223505493961,0.06275303643724706
LO_n3_m3_close,20220322,8440,292,1944,202202,6.45,9.76,-0.03690092925928501,0.022502819198475743,-0.07860994413388278,-0.1443332402999159,-0.16961143113300559,4.0,-0.006527239774689497,0.05474995147280337,-0.04955165065058864,-0.11734769203079354,0.04713375796178343
LO_n3_m3_close,20220419,8440,310,1944,202203,14.49,11.6,0.009197062112934695,-0.023723876921120657,-0.09524177896061992,-0.0407519488352871,-0.023723876921120657,2.0,0.025625851496168472,-0.007831009801231859,-0.08051315675765325,-0.02513628288609404,0.05949656750572063
LO_n3_m3_close,20260115,8476,1223,1959,202512,167.51,-20.3,-0.10604571792191797,-0.025870445986663992,-0.06996684555105381,-0.15815964467983323,-0.10604571792191797,1.0,-0.10964311945945548,-0.029790484433397824,-0.07370943369772964,-0.16154733222639328,0.010101010101010166
LO_n3_m3_close,20240604,8455,828,1951,202404,-34.42,-14.24,-0.036946578362369475,-0.07614061296390096,-0.13773123876630755,-0.13773123876630755,-0.07614061296390096,2.0,-0.036946578362369475,-0.07614061296390096,-0.13773123876630755,-0.13773123876630755,0.0
LO_n3_m3_close,20221103,9928,448,2017,202209,-1.63,7.61,-0.06688868778925383,-0.09051175898446273,-0.0975986803430251,-0.024367159637878166,0.034690518350143806,10.0,-0.012829342245558206,-0.037821004467189834,-0.04531850313367902,0.032155649753378146,0.01904761904761898
LO_n3_m3_touch,20211122,1236,215,25,202110,5.95,6.41,-0.10593311220290791,-0.047963688056463005,-0.09701473925730097,-0.11262189191211325,-0.10593311220290791,1.0,-0.09577326120521368,-0.03714509360255913,-0.08675354311249761,-0.10253804977475078,-0.011235955056179803
LO_n3_m3_touch,20250904,1256,1134,27,202507,12.59,-8.55,0.049965242055006964,0.037121630531398386,0.046754339174104986,0.16876864864838725,0.10133968814944172,10.0,0.023467696514186676,0.010948213988019262,0.020337825882644767,0.1392729098812353,0.1779935275080906
LO_n3_m3_touch,20241218,1213,961,10,202411,53187.09,57.87,-0.10585968248554123,-0.04941893154609034,-0.04941893154609034,0.012962951071197493,-0.10585968248554123,1.0,-0.017622151151877596,0.04438841073554545,0.04438841073554545,0.11292640019006561,0.03592814371257491
LO_n3_m3_touch,20260604,1409,1312,61,202604,25.05,2.33,-0.049625674223524374,-0.09868897593665038,-0.09505465729123364,-0.10414045390477533,-0.049625674223524374,1.0,-0.005930302923456532,-0.057249388623392905,-0.05344797486784214,-0.062951509256719,-0.0073260073260073
LO_n3_m3_touch,20260410,1449,1274,85,202602,22.19,16.56,-0.05507715219164944,-0.08657458045192779,-0.07397560914781642,-0.09287406610398341,-0.05507715219164944,1.0,-0.06984157168865501,-0.10084685263236648,-0.0884447402548818,-0.1070479088211087,0.019047619047619202
LO_n3_m3_touch,20260529,1563,1308,141,202604,5.74,-0.56,0.03976930157262193,0.03828179184218916,0.008531597233530253,-0.02865614602729305,-0.1000566130880739,6.0,0.05720445754411441,0.055692004815152796,0.025442950235921913,-0.012368367988116469,0.08695652173913038
LO_n3_m3_touch,20260728,1591,1348,154,202606,126.96,417.23,-0.04599135557810763,-0.11515698229869487,-0.0769966365218191,-0.13185213357607806,-0.04599135557810763,1.0,-0.04599135557810763,-0.11515698229869487,-0.0769966365218191,-0.13185213357607806,0.03485576923076916
LO_n3_m3_touch,20260805,1595,1354,157,202606,27.89,4.55,-0.0173558321071402,-0.041167887871910724,-0.006243539416913801,0.0413805721126268,-0.041167887871910724,2.0,-0.0173558321071402,-0.041167887871910724,-0.006243539416913801,0.0413805721126268,0.0895999999999999
LO_n3_m3_touch,20260702,1617,1331,171,202605,37.88,23.29,0.09005113272958831,0.18793327526040837,0.09894950932329905,0.04555924976103354,-0.041199922027647884,10.0,0.09005113272958831,0.18793327526040837,0.09894950932329905,0.04555924976103354,0.20852017937219713
LO_n3_m3_touch,20211014,1721,188,188,202109,12.01,-5.05,0.06280885357861576,0.16876864864838703,0.1238160083157569,0.07886336798312654,0.07244156222132214,10.0,0.10575062544037817,0.215991624351352,0.16922271572245395,0.12245380709355591,0.21035598705501624
LO_n3_m3_touch,20240923,1721,903,188,202408,11.1,12.44,-0.019412748986431527,-0.013621879393831637,-0.056088256406230275,-0.023273328714831343,-0.08697289423342935,9.0,-0.021316801901021032,-0.015537176715397005,-0.057921094743305535,-0.025169885358103494,0.031128404669260812
LO_n3_m3_touch,20260415,1785,1277,214,202603,95.58,76.61,0.006342832915893215,0.10555973193576995,0.08784242853936353,0.10910319261505141,0.2331243163898975,10.0,0.020927511653804798,0.12158233674643348,0.10360826083703545,0.1251771519283129,0.15357142857142847
LO_n3_m3_touch,20260109,1789,1219,217,202511,-2.12,-4.83,0.0027690862479001765,0.02396927834616447,0.028209316765817283,0.11301008515887445,0.08120979701147801,10.0,0.013598126056192816,0.0350272619136176,0.03931308908510278,0.12502963251480192,0.13888888888888884
LO_n3_m3_touch,20250903,2243,1133,303,202507,-0.93,-11.66,0.00629239219448019,-0.060793767285151845,-0.053732066287295877,-0.14200332876049593,-0.060793767285151845,2.0,0.013505957729924578,-0.054061106118737046,-0.04694878360835164,-0.1358528149881696,0.039145907473309594
LO_n3_m3_touch,20260313,2243,1256,303,202602,739.37,301.17,0.09074988345569679,0.19887086315684477,0.3038118140432531,0.24021123774845998,0.32607201574643074,10.0,0.009833719994591483,0.10993385550425971,0.20708986938129037,0.14820743672854442,0.32692307692307687
LO_n3_m3_touch,20260923,2221,1389,292,202608,81.31,29.09,0.026597567145728584,0.1267534273550679,0.2362988994590327,0.17683135745973755,0.20187032251207238,9.0,0.02984629362403779,0.1303191027580901,0.2402112377484602,0.1805555073251166,0.24921135646687698
LO_n3_m3_touch,20260318,2337,1259,328,202602,59.97,55.58,0.08550893004325144,0.10625113889758109,0.026739338289317516,-0.018202114228396793,-0.11499908888193511,6.0,0.11663463413051312,0.13797160166166966,0.05617989279223701,0.00994979647473171,0.18466898954703836
LO_n3_m3_touch,20240325,2359,780,345,202402,10.01,-6.78,0.05578898651685704,0.10274660284687509,0.10729088829816713,0.2072651682265927,0.5223356261828427,10.0,-0.010669833807523177,0.033331938289989926,0.03759017429942668,0.13127136650703597,0.21679389312977104
LO_n3_m3_touch,20240326,2359,781,345,202402,10.01,-6.78,0.036297022761410336,0.04056747752553713,0.03202656799728376,0.24697279112499393,0.5017765920512198,10.0,0.024537623921564666,0.028759619624538102,0.02031562821859123,0.23282274526825653,0.25681492109038717
LO_n3_m3_touch,20240426,2359,802,345,202403,-28.2,-16.74,-0.07366212763432545,-0.0407465687177786,-0.07836435033668931,-0.13196968914363694,-0.07366212763432545,1.0,-0.0992751563633304,-0.06726970506659591,-0.10384736369143532,-0.15597052723183136,0.028436018957346043
LO_n3_m3_touch,20240516,2362,815,347,202404,9.47,3.0,0.013348295408265765,-0.01597689642026945,-0.027381137686921964,0.0035732314654206565,-0.02086442839169189,10.0,0.013348295408265765,-0.01597689642026945,-0.027381137686921964,0.0035732314654206565,0.05254515599343179
LO_n3_m3_touch,20240709,2349,852,336,202405,4.39,7.58,-0.10704790882110882,-0.10704790882110882,-0.09877983390278555,-0.09051175898446273,-0.10704790882110882,1.0,-0.00783100980123197,-0.00783100980123197,0.0013557401080159792,0.010542490017263706,-0.03888888888888886
LO_n3_m3_touch,20260414,2426,1276,391,202603,-14.1,-9.85,-0.07535101669566602,-0.0022043425600289934,0.020302326404782356,0.001546768934105991,-0.07535101669566602,1.0,-0.05934747660001405,0.01506519766489367,0.037961405131018866,0.018881232242581092,0.07939508506616266
LO_n3_m3_touch,20250213,2438,994,401,202501,-10.16,-10.16,-0.08583938249499257,-0.09559042908171256,-0.07608833590827246,-0.08096385920163252,-0.08583938249499257,1.0,-0.05806741436825802,-0.06811469528166325,-0.0480201334548529,-0.05304377391155546,-0.029484029484029506
LO_n3_m3_touch,20251112,2451,1179,410,202509,88.61,36.15,0.09062850831009617,-0.010355612829727523,0.0047920053412460195,0.03256263865469755,-0.07599529157061291,10.0,0.020516675633018622,-0.07397560914781642,-0.05980176643069124,-0.03381638811596155,0.0992366412213741
LO_n3_m3_touch,20240219,2465,756,422,202401,67.99,67.99,-0.02389852381254809,-0.03594915932103504,-0.0399660378238641,0.012253382712913208,0.26129984988831234,10.0,0.021597731433477207,0.008985413761459116,0.004781307870786122,0.05943468444953193,0.04048582995951411
LO_n3_m3_touch,20241224,2466,965,423,202411,29.14,3.22,0.09008040370522541,0.06886626411215957,0.1390361104584541,0.14229982424200283,0.4001332131423405,10.0,0.055364467281492136,0.03482593722960692,0.10276107509353527,0.10592084894767151,0.18092105263157898
LO_n3_m3_touch,20260115,2485,1223,437,202512,128.98,-0.05,-0.03769108884962147,0.013885411324869645,0.00031264812105624706,-0.0607647862961046,0.10753747743118303,10.0,-0.07684013904077869,-0.027361895435065953,-0.04038248585762194,-0.098975142759124,0.050615595075239384
LO_n3_m3_touch,20260226,2489,1246,440,202601,9.34,9.34,0.09113534149384717,0.009707330934604519,0.03977305791032504,0.09364081874182384,-0.1130610542162529,7.0,0.05259341103913151,-0.02595833605334108,0.0030453859500334524,0.05501038787274615,0.20959595959595956
LO_n3_m3_touch,20260605,2491,1313,441,202604,0.72,-13.64,-0.10647605349534583,-0.11076496843856798,-0.15508375618519887,-0.10504641518093827,-0.10647605349534583,1.0,-0.00783100980123208,-0.01259342095418603,-0.06180500286804491,-0.0062435394169139125,-0.09365994236311248
LO_n3_m3_touch,20220519,2929,331,583,202204,-16.94,-15.4,0.08927489136715816,0.13149484839689296,0.09771888277310503,0.1990467796444686,0.26659871089204445,10.0,0.03635465372988733,0.07652343875817769,0.04438841073554545,0.14079349480344172,0.25106382978723407
LO_n3_m3_touch,20220304,2936,280,584,202201,,,-0.009112881881592205,-0.01039475396195233,-0.01039475396195233,-0.007831009801231859,-0.006549137720871845,10.0,-0.00783100980123197,-0.00911454018958735,-0.00911454018958735,-0.006547479412876256,0.02067183462532296
LO_n3_m3_touch,20211223,2939,238,587,202111,-29.15,-39.06,-0.010441980828070796,-0.020885864935426213,-0.03263523455620132,-0.09529853920033382,-0.0548284882843314,4.0,-0.023293383674459545,-0.03360163292327789,-0.04519841332819874,-0.1070479088211087,0.03421052631578947
LO_n3_m3_touch,20230710,3018,608,606,202305,-67.58,-61.79,0.033509364790383245,-0.06570753422949338,-0.07397560914781665,-0.04090330947452425,-0.06570753422949338,2.0,0.12746476158950903,0.019228144476916453,0.010208426384200164,0.04628729875506443,0.04166666666666674
LO_n3_m3_touch,20240704,3018,849,606,202405,38.04,-31.69,0.01327896871363543,0.04705493433742336,0.04705493433742336,0.07027591070377759,0.1357168440998664,10.0,0.11531877118362677,0.15249606355641432,0.15249606355641432,0.1780554520627058,0.0957446808510638
LO_n3_m3_touch,20260602,3021,1310,608,202604,7.17,4.51,0.09029559362502004,-0.018733965737482094,-0.11686056916373389,-0.23679308446248604,-0.11686056916373389,3.0,-0.007831009801231859,-0.1070479088211087,-0.19634311793899784,-0.3054817068608623,0.098901098901099
LO_n3_m3_touch,20211123,3046,216,632,202110,112.12,56.87,-0.00783100980123197,0.09084519767085264,0.08138309558448831,0.11517631732150346,0.17059720097020836,10.0,-0.015875623235275915,0.0820005068789269,0.07261512453920882,0.10613434718105896,0.15258855585831044
LO_n3_m3_touch,20240605,3048,829,634,202404,14.4,4.93,-0.013557814939464174,-0.07512097017546282,-0.12809391770411283,0.05230044415020885,-0.07512097017546282,2.0,-0.023422236790069717,-0.08436976047370837,-0.13681297852707175,0.04177743970870651,0.06060606060606055
LO_n3_m3_touch,20250815,3071,1120,650,202507,-16.51,-7.25,0.03922838894337355,0.013737881290045717,-0.03528232573558521,-0.011752626363282448,-0.03528232573558521,3.0,0.023053628025967,-0.0020401402086320797,-0.050297386813630496,-0.02713390844323127,0.09090909090909083
LO_n3_m3_touch,20230628,3073,600,651,202305,-73.8,-46.43,0.000516565837459737,-0.03406624752283405,-0.04837637718916232,0.03986942241986258,-0.03406624752283405,2.0,-0.018361105216077145,-0.05229141266391246,-0.06633153988370633,0.02024924463835598,0.08173076923076916
LO_n3_m3_touch,20240709,3073,852,651,202405,-33.18,-13.4,-0.061420384271844486,0.031978239805508846,0.13456361379210957,0.175903988383725,-0.061420384271844486,1.0,0.03435304590449806,0.13728214182647935,0.2503354111178353,0.2958941912800237,0.382716049382716
LO_n3_m3_touch,20260806,3081,1355,653,202606,128.13,110.95,-0.03707388530182709,0.05900984848584301,0.036033303449660936,0.11331804584409144,0.16135991273792638,10.0,-0.054979536194974976,0.03931751659251126,0.01676822136072098,0.09261585077674273,0.19789473684210535
LO_n3_m3_touch,20240924,3085,904,655,202408,22.56,-32.75,-0.01013837954588015,-0.023982598013770118,-0.017060488779825023,-0.03321207699236328,-0.017060488779825023,10.0,-0.0541322293438411,-0.06736114921315817,-0.06074668927849958,-0.07618042912603606,0.04651162790697683
LO_n3_m3_touch,20250630,3122,1086,668,202505,-20.58,-0.48,-0.06629504041953038,0.02655959644482575,0.02655959644482575,-0.006111479488929206,-0.00095288855202047,10.0,-0.06467402486470308,0.028341817966431426,0.028341817966431426,-0.0043859785852640165,0.10571923743500866
LO_n3_m3_touch,20250415,3093,1034,661,202503,390.95,175.51,-0.036506414142236765,-0.0059193161784983905,0.011285926426104709,-0.046064882255905104,0.0017274583124362586,10.0,-0.017577267072339642,0.01361075619520502,0.031154019283199164,-0.027323524343447314,0.05587668593448947
LO_n3_m3_touch,20230714,3191,612,692,202306,20.04,-6.42,0.012925663633888806,0.021228333007937028,0.017076998320912917,0.18313038580187846,0.42805913233630233,10.0,-0.00783100980123197,0.00030152290531537673,-0.0037647434479581854,0.1588859106829874,0.2343096234309625
LO_n3_m3_touch,20260806,3167,1355,684,202606,139.66,127.28,-0.0275336564151083,-0.07819760485078997,-0.10634424287061317,-0.05145829873195806,-0.10634424287061317,3.0,-0.054360314169174195,-0.10362663644111292,-0.130996815481079,-0.07762496635314542,0.04397163120567371
LO_n3_m3_touch,20260526,3189,1305,691,202604,26.75,28.26,0.0007221711487575,-0.02921396217620542,0.03921148542370956,0.05916890764035143,0.017828533048736217,10.0,-0.04062998468383594,-0.06932908770611435,-0.003731137940906515,0.015401597407278977,0.11781609195402298
LO_n3_m3_touch,20260805,3189,1354,691,202606,32.26,29.79,0.02212578338109794,-0.013822368437698018,0.0017551640171136196,0.02811714201756388,0.017332696471925146,10.0,0.037157044901408476,0.0006802437911594961,0.016486857605600758,0.04323651175311638,0.04347826086956519
LO_n3_m3_touch,20260421,3229,1281,708,202603,73.03,45.78,0.06571251373102194,0.030946484424865472,-0.00515669985460443,0.013563469771787462,0.14193034720990294,10.0,0.048751571867928556,0.014538848067971122,-0.02098974972429246,-0.0025675138320077062,0.15902964959568733
LO_n3_m3_touch,20260616,3285,1320,725,202605,216.75,71.32,0.007267213962662389,0.10432722387341142,0.09354277832777269,-0.04665501376553138,0.08707211100038936,10.0,0.020579115468776887,0.11892185678803813,0.10799488553034253,-0.03405574081970142,0.16304347826086962
LO_n3_m3_touch,20211217,3308,234,737,202111,37.69,6.22,-0.06984157168865501,-0.11531598373943197,-0.028501197097039688,-0.00783100980123208,-0.11531598373943197,2.0,-0.06984157168865501,-0.11531598373943197,-0.028501197097039688,-0.00783100980123208,0.07499999999999996
LO_n3_m3_touch,20260602,3346,1310,751,202604,-15.07,-16.68,0.0029534357444069848,0.10217033476428372,0.15177878427422198,0.0698169981273673,0.0676601090182396,10.0,0.01620832696569874,0.11673646253649905,0.1670005303218991,0.08395554876341182,0.17391304347826098
LO_n3_m3_touch,20240305,3372,766,759,202401,61.95,61.95,-0.046460540157331476,-0.07695753780688386,-0.15828286487235665,-0.12981900039944116,-0.07695753780688386,2.0,-0.028544349888888876,-0.059614360020374346,-0.14246772037100208,-0.11346904424828241,-0.008196721311475419
LO_n3_m3_touch,20240605,3379,829,763,202404,203.7,30.84,-0.05537244058158963,-0.10911492755068952,-0.15252232087188566,-0.00783100980123208,-0.05537244058158963,1.0,-0.02699307184369737,-0.08235013996637541,-0.12706161806546157,0.02197664226482532,0.03333333333333344
LO_n3_m3_touch,20211116,3419,211,772,202110,29.61,18.44,0.03904311571996999,0.056620912790420475,0.07419870986087096,0.09372959549470505,0.18161858084695814,10.0,0.07941493412217726,0.09767571308289069,0.11593649204360412,0.13622624644439707,0.19291338582677175
LO_n3_m3_touch,20260318,3437,1259,777,202602,-32.46,-24.28,0.09138588921864477,0.05831358954535237,-0.023264749648768457,0.000988270111645928,-0.023264749648768457,3.0,0.09138588921864477,0.05831358954535237,-0.023264749648768457,0.000988270111645928,0.18666666666666654
LO_n3_m3_touch,20230718,3483,614,791,202306,-2.03,-2.43,0.043150005505423916,0.0823661711259287,0.18824981830129128,0.15687688580488768,0.17743047253734745,10.0,-0.036799447471269064,-0.0005889003837227236,0.09717957675265221,0.06821113908261522,0.3162055335968379
LO_n3_m3_touch,20250814,3555,1119,833,202507,1270.04,210.1,-0.00783100980123197,-0.027608464755360274,0.03831638509173407,0.026779536368492396,-0.04079343472477914,10.0,0.05714288867196182,0.03607027295092591,0.10631232535437851,0.09401996618377417,0.15116279069767424
LO_n3_m3_touch,20260423,3581,1283,844,202603,39.67,13.63,0.03324605030253869,-0.033109200634321545,-0.05838739146741112,0.1343588136348972,0.48509371144401614,10.0,-0.05959634842029815,-0.11998924347587536,-0.14299606063990467,0.032430920235819505,0.1433121019108281
LO_n3_m3_touch,20260828,3629,1371,865,202607,972.81,4456.31,0.0047920053412460195,0.009841211398237348,0.0047920053412460195,-0.00025720071574497627,0.007316608369741795,10.0,0.0047920053412460195,0.009841211398237348,0.0047920053412460195,-0.00025720071574497627,0.01781170483460559
LO_n3_m3_touch,20250825,3685,1126,887,202507,16.99,-4.64,0.04134354656430461,0.04423616752698356,0.14837052218341396,0.24671963491448712,0.47523669096609855,10.0,0.0205166756330184,0.023351444176443747,0.1254031117397456,0.22178524221619722,0.2565597667638486
LO_n3_m3_touch,20230718,3706,614,899,202306,-29.13,-21.67,0.005949115062640065,-0.07870022338685811,-0.02948549173017323,-0.049171384392847295,-0.07870022338685811,2.0,-0.03244588932906389,-0.11386433699804688,-0.06652803021375442,-0.08546255292747151,0.08730158730158721
LO_n3_m3_touch,20240327,4127,782,928,202402,-8.26,4.17,-0.10629052791256,-0.10629052791256,-0.07599529157061291,-0.039641007960276364,-0.10629052791256,1.0,-0.06786671302981984,-0.06786671302981984,-0.03626897448845767,0.0016483117611767462,-0.032061068702290085
LO_n3_m3_touch,20260522,4127,1303,928,202604,66.79,69.33,0.08996625155381333,0.07419249972235442,0.05210924715831222,0.08838887637066772,0.0868115011875219,10.0,-0.00783100980123197,-0.022189461178927616,-0.04229129310770119,-0.009266854939001368,0.18918918918918926
LO_n3_m3_touch,20251110,4304,1177,969,202509,-3.13,-5.15,-0.03983646109796635,-0.1358528149881697,-0.2222675334893528,-0.06064000444084372,-0.1358528149881697,2.0,-0.0855585343790155,-0.17700268094111393,-0.2593024128470025,-0.10537143280080341,0.04999999999999982
LO_n3_m3_touch,20260824,4304,1367,969,202607,-23.03,4.52,-0.06367541825519629,-0.020861371773823523,-0.0822902210731844,-0.05809097740979974,-0.06367541825519629,1.0,-0.06367541825519629,-0.020861371773823523,-0.0822902210731844,-0.05809097740979974,0.03752345215759845
LO_n3_m3_touch,20240403,4198,787,965,202402,38.67,28.46,0.09099832320684831,0.15300888509427124,0.038676911614335285,0.021236441083497537,-0.07953072198356492,7.0,-0.0025158187823099976,0.05417955208619096,-0.050352537952607634,-0.06629811100937355,0.208984375
LO_n3_m3_touch,20231122,4419,701,979,202310,61.3,74.65,-0.06546091974998303,-0.0514428335462328,-0.09661222242498357,-0.003158314399981932,-0.06546091974998303,1.0,-0.06251748957596714,-0.048455251919606646,-0.09376690659010156,-1.8655547698309682e-05,0.0047095761381474865
LO_n3_m3_touch,20231201,4420,708,980,202310,-27.61,-30.01,-0.007831009801231859,-0.04049500947855755,-0.02008000968022905,-0.03437050953905907,-0.04049500947855755,2.0,-0.03945392582350338,-0.07107684184577501,-0.05131251933185532,-0.06514754509159904,0.03292181069958855
LO_n3_m3_touch,20240709,4510,852,994,202405,-30.06,-10.49,0.09138588921864499,0.12763821770667683,0.12954623499552076,0.1657985634835526,0.10855804481823905,10.0,0.0470860929772976,0.08186692473703316,0.08369749482965072,0.11847832658938606,0.25384615384615383
LO_n3_m3_touch,20230904,4542,647,1010,202307,77.64,28.14,0.09122611965500571,0.19986942292958898,0.21424868365710736,0.02891598983575938,0.1072030760189151,10.0,0.10908579428111076,0.2195072203588786,0.23412182086917133,0.04575585873650834,0.28019323671497576
LO_n3_m3_touch,20260616,4556,1320,1019,202605,1.56,7.7,0.09063989749669088,0.14733526836519206,0.1697150200238109,0.0652761789502565,0.09362386438450665,10.0,0.08411888166711412,0.14047526676061706,0.16272120824489433,0.05890681465160008,0.2616541353383459
LO_n3_m3_touch,20240509,4562,810,1024,202403,15.37,-10.24,0.09044096637083654,0.11311911471823688,0.09611050345768657,0.13390741737002076,0.13390741737002076,10.0,0.029642998821383326,0.05105671803430645,0.03499642862461427,0.07068596064615273,0.21523809523809523
LO_n3_m3_touch,20240510,4562,811,1024,202403,15.37,-10.24,0.01280335394640253,-0.002672418864323345,0.06782832394009519,-0.00095288855202047,0.09190174831233566,10.0,-0.014523549364124033,-0.029581763380631454,0.039016767139013586,-0.027908628489908494,0.10571923743500866
LO_n3_m3_touch,20240530,4562,825,1024,202404,-16.63,-11.86,0.09062850831009639,0.19918643853540674,0.18782572490717664,-0.005306406772736305,-0.010355612829727301,6.0,0.08100127053182304,0.18860093403383305,0.17734050413245983,-0.014086804190883817,0.2951653944020356
LO_n3_m3_touch,20240904,4569,891,1029,202407,26.57,19.49,0.08839942737523732,0.19458473736306514,0.31404321109937183,0.5164589582636692,0.6458723048113346,10.0,-0.00783100980123197,0.08896596485230623,0.1978625613375371,0.3823817942708445,0.528428093645485
LO_n3_m3_touch,20260526,4760,1305,1070,202604,63.09,54.91,-0.029154489995137145,0.0674283320596103,0.1740457330291365,0.008475180935283655,-0.01535694398731613,10.0,-0.04007650198269186,0.0554197633239395,0.16083771853255868,-0.002870164850238277,0.2895069532237673
LO_n3_m3_touch,20260324,4905,1263,1085,202602,21.69,30.74,-0.05945971291112262,-0.05160317113353052,-0.02354409335641605,-0.10323187424342117,-0.05945971291112262,1.0,-0.02183810142756748,-0.013667297978871562,0.015514142909327289,-0.06736114921315794,0.015837104072398134
LO_n3_m3_touch,20260818,4905,1363,1085,202607,35.44,33.65,0.03941513258918583,0.040567477525537354,0.0325010629710758,0.038262787652834085,0.047637620949925186,10.0,0.03941513258918583,0.040567477525537354,0.0325010629710758,0.038262787652834085,0.09059233449477366
LO_n3_m3_touch,20220617,4911,351,1090,202205,160.04,5.13,-0.008823178791430575,0.08940155123824733,0.19655580217971425,0.09535456517943985,0.01994972192433342,10.0,-0.008823178791430575,0.08940155123824733,0.19655580217971425,0.09535456517943985,0.20599999999999996
LO_n3_m3_touch,20230825,4944,641,1107,202307,,,-0.08953904428818926,-0.11288419699874852,-0.10412976473228874,-0.04868502704471056,0.27814711090311883,10.0,-0.02348036295894118,-0.04851932801127601,-0.039129716116650504,0.020337825882644767,-0.032352941176470584
LO_n3_m3_touch,20250311,4946,1011,1109,202501,1498.79,1498.79,0.03530677238132318,-0.06822390485680907,-0.16120979089476128,-0.03179644434709594,-0.05767911365662903,10.0,0.020516675633018622,-0.08153499193028324,-0.17319250816769327,-0.045627923713566054,0.09178743961352653
LO_n3_m3_touch,20250411,4946,1032,1109,202502,817.36,1007.25,-0.007831009801231859,0.08756985464095735,0.1543504597504899,0.2354411945263506,0.41193279374440084,10.0,-0.007831009801231859,0.08756985464095735,0.1543504597504899,0.2354411945263506,0.2451923076923077
LO_n3_m3_touch,20240911,4950,896,1111,202407,-86.08,-74.95,0.08944045982609827,0.17698478249069538,0.2937105460434919,0.40070916263355505,0.3569370013012563,10.0,0.05831358954535237,0.14335664584810393,0.2567473875851063,0.36068890084402483,0.519607843137255
LO_n3_m3_touch,20240618,4924,837,1096,202405,93.91,13.66,-0.10572059244626086,-0.11069802885194024,-0.07087853760650475,-0.011149300738351409,-0.12397119260041878,10.0,-0.038167112019539706,-0.04352054182277032,-0.0006931033969242995,0.06354805424184495,-0.0033444816053510573
LO_n3_m3_touch,20221223,4943,484,1106,202211,-41.22,-45.97,0.029609329451551814,0.0717297111109334,0.12321017758351105,0.3057318314408317,0.404012721979389,10.0,0.05447912001801436,0.09761690220056929,0.15034085820147003,0.337271247659209,0.3160377358490565
LO_n3_m3_touch,20230106,4943,493,1106,202211,-41.22,-45.97,-0.10615406288399254,-0.19553865659559333,-0.11509252225515276,-0.14190790036863288,-0.10615406288399254,1.0,-0.007831009801231859,-0.1070479088211086,-0.017752699703219577,-0.04751776940918262,-0.06906906906906896
LO_n3_m3_touch,20240307,4943,768,1106,202401,37.17,37.17,0.08952168861075593,0.01702499830395654,0.1185203647334756,0.035667004382847756,0.1392337048211325,10.0,-0.00783100980123197,-0.07384985895894458,0.018576529861853208,-0.05687358346124716,0.1858037578288101
LO_n3_m3_touch,20260317,4960,1258,1117,202602,-21.4,-7.75,0.02441922506182559,-0.017316372996248885,-0.04387538994229623,-0.07422855216635038,-0.07802269744435697,10.0,0.018576529861853208,-0.022921032465852087,-0.049328572128937154,-0.07950861745817728,0.05162523900573612
LO_n3_m3_touch,20260806,4971,1355,1122,202606,-6.26,15.65,-0.04813787502805689,0.0376434022495451,-0.038836290744943436,0.02110725241289879,0.19887086315684477,10.0,-0.08438112227147765,-0.001866065972381592,-0.07543370652820214,-0.01777258284931582,0.11458333333333326
LO_n3_m3_touch,20260319,4973,1260,1124,202602,42.52,60.78,-0.10684583774367507,-0.19575711181444067,-0.27557518740069575,-0.3523621968254478,-0.10684583774367507,1.0,-0.10684583774367507,-0.19575711181444067,-0.27557518740069575,-0.3523621968254478,0.0
LO_n3_m3_touch,20251008,4989,1156,1130,202508,-18.17,-26.05,0.0912463436504034,0.1624145834536903,0.04659176181304647,-0.00922646548364936,-0.05806741436825802,10.0,0.059940096086662065,0.12906662409231373,0.016566588318409847,-0.037650296391905425,0.20675105485232081
LO_n3_m3_touch,20261006,5013,1396,1138,202608,23.34,13.43,0.09045476086496529,0.09666228322283033,,,0.09666228322283033,2.0,-0.007831009801231859,-0.0021829889841610273,,,0.12408759124087587
LO_n3_m3_touch,20240923,5210,903,1149,202408,-34.6,-4.36,-0.028047619319388706,-0.03737836217392254,-0.08247695263750288,-0.074701333592058,-0.08247695263750288,3.0,0.014902813214779043,0.0051597462079171486,-0.04193174432524849,-0.03381252181953032,0.021943573667711602
LO_n3_m3_touch,20260617,5227,1321,1158,202605,-97.07,-79.15,-0.03445017783095494,0.040567477525537354,0.030887780060183445,-0.05539786114858325,-0.05539786114858325,5.0,-0.039137312890027975,0.035516179090947286,0.02588347044824091,-0.05998330842456101,0.13902439024390256
LO_n3_m3_touch,20211203,5245,224,1165,202110,6.54,6.94,0.09111480479509315,0.19954857421572347,0.2903618561055017,0.2646088358681018,0.28765101186998576,10.0,0.02396927834616447,0.1257302004178329,0.21095497265285545,0.18678675366083408,0.3387978142076502
LO_n3_m3_touch,20260427,5276,1285,1173,202603,11.67,4.5,-0.10615406288399276,-0.12403098162631288,-0.17766173785327344,-0.00783100980123197,-0.10615406288399276,1.0,-0.08975322000113017,-0.10795815560110755,-0.1625729624010399,0.01037392579874541,0.0
LO_n3_m3_touch,20240116,5314,739,1191,202312,334.14,360.64,-0.02867489614994556,-0.01616856434071745,-0.02867489614994556,0.025519208356709733,0.2673082900017878,10.0,-0.03676927201536262,-0.024367159637878055,-0.03676927201536262,0.01697321495373738,0.04201680672268915
LO_n3_m3_touch,20240306,5314,767,1191,202401,49674.73,49674.73,-0.06339247325236297,-0.055455121330772905,-0.10307923286031373,-0.043549093448387644,-0.10307923286031373,3.0,-0.04427803393098262,-0.03617869523548245,-0.08477472740848335,-0.024029687192232085,-0.0040000000000000036
LO_n3_m3_touch,20240328,5314,783,1191,202402,1274.63,2334.81,0.08051280439454889,0.08594934680659683,0.10225897404274109,0.1321599573090051,0.10361810964575291,10.0,0.0955199266778064,0.10103197662335517,0.11756812646000125,0.14788440116051893,0.17808219178082196
LO_n3_m3_touch,20260120,5328,1226,1195,202512,2.7,1.98,-0.08165310728625941,-0.07574733948745727,-0.145140111123383,-0.1539987628215863,-0.08165310728625941,1.0,-0.08165310728625941,-0.07574733948745727,-0.145140111123383,-0.1539987628215863,0.0
LO_n3_m3_touch,20240705,5345,850,1198,202405,-12.62,-24.1,-0.10645021665833854,-0.14828866805226237,-0.2215059579916293,-0.19311558026003806,-0.14828866805226237,2.0,-0.10645021665833854,-0.14828866805226237,-0.2215059579916293,-0.19311558026003806,0.0
LO_n3_m3_touch,20260605,5426,1313,1216,202604,23.63,9.12,0.08989515116993219,0.1942468145798193,0.07498777068280571,0.0733313950731247,0.3135058584768331,10.0,0.18699490100143512,0.3006433489696576,0.1707594084345465,0.168955464816003,0.20367278797996646
LO_n3_m3_touch,20260616,5468,1320,1229,202605,34.63,49.82,0.0318557498067189,0.13390741737002076,0.24729815910702269,0.23595908493332263,0.17170433128235474,10.0,0.0013387590545792527,0.10037226269734001,0.21040948896707357,0.19940576634010054,0.3828571428571428
LO_n3_m3_touch,20260306,6141,1251,1328,202601,19.84,19.84,-0.07139615402009425,-0.016122115568909523,0.000460095966446028,0.10548076902369719,0.43436129780824717,10.0,-0.013701832228443345,0.04500639204367296,0.06261885932530808,0.1741644854423292,0.11420612813370479
LO_n3_m3_touch,20260616,6173,1320,1355,202605,25.62,14.59,0.038838960121009736,0.09242299966136147,0.05612413416628459,0.05439561676175697,-0.014745079419341889,4.0,0.05725809061960918,0.11179220178301685,0.0748497393819989,0.07309057450575995,0.10801393728222997
LO_n3_m3_touch,20260617,6182,1321,1362,202605,11.93,7.95,0.044388410735545225,0.013927082089091991,-0.003479391423167111,0.08790459451619315,0.2924306582852374,10.0,-0.0036796751142078588,-0.032739017923376745,-0.04934435667147319,0.03783367175603347,0.11842105263157898
LO_n3_m3_touch,20230517,6198,572,1377,202304,9315.37,5374.69,0.03976930157262193,0.01894416534656096,0.010019106963963464,-0.05543132117508587,0.004069068042231727,10.0,0.08703154255319578,0.0652598092259502,0.05592906637141626,-0.012496381228498832,0.08995502248875553
LO_n3_m3_touch,20251231,6205,1213,1383,202511,-25.43,-2.86,-0.023833735449599325,-0.05103836905182346,-0.041436733662803316,-0.0382361885331296,-0.05743945931117034,4.0,0.003686706502899595,-0.02428489023570568,-0.01441256197502161,-0.011121785888126623,-0.003225806451612967
LO_n3_m3_touch,20260916,6221,1384,1398,202608,21.47,-27.95,-0.023173829237295607,0.07399736052443973,0.056949783373257956,0.07740687595467599,-0.023173829237295607,1.0,-0.039674271310989884,0.05585551321828364,0.039095901897358454,0.05920743548246854,0.12371134020618557
LO_n3_m3_touch,20260825,6225,1368,1402,202607,112.91,36.92,0.028193280311885394,-0.009332021889278508,-0.10689780761230394,-0.13691804937323493,-0.10689780761230394,3.0,-0.01502064016499105,-0.05096879198378712,-0.1444339867126564,-0.17319250816769327,0.05900151285930422
LO_n3_m3_touch,20260319,6226,1260,1403,202602,-11.05,-5.39,0.00571395934823915,-0.08910082469805947,-0.08571458241069152,-0.1568256704454155,-0.10603203613489842,4.0,-0.011160435942838665,-0.10438436790782357,-0.10105494176621688,-0.17097289073995559,0.07167235494880542
LO_n3_m3_touch,20260831,6226,1372,1403,202607,21.5,6.37,0.06752359704930733,0.07223325997746599,0.004728091340524543,0.017287192482281055,-0.07062651551001475,6.0,0.028467855693845134,0.033005213880729745,-0.03203025346461641,-0.01993063163292408,0.12499999999999978
LO_n3_m3_touch,20260526,6239,1305,1414,202604,32.49,36.19,-0.012182628179296717,0.037135713438770646,0.09950891019103247,0.0066743847923171895,-0.10356661411865697,9.0,-0.015062562207928565,0.03411199415760802,0.09630334485519843,0.003739474049482494,0.13157894736842102
LO_n3_m3_touch,20220419,6242,310,1417,202203,16.53,8.24,-0.03847152273384069,-0.06619389157763,-0.007831009801231748,-0.054521315222350375,0.12932176237330384,10.0,0.05457962022740048,0.02417444149550252,0.0881853440889715,0.03697662201419627,0.09117647058823541
LO_n3_m3_touch,20260717,6243,1341,1418,202606,-56.18,-52.12,-0.10685562800905468,-0.019367858524473314,-0.03667313160933561,0.0037058389220097077,-0.10685562800905468,1.0,-0.07827500810534449,0.012012370002743467,-0.005846671820834426,0.03582442576751377,0.06395348837209291
LO_n3_m3_touch,20250417,6228,1036,1405,202503,120.05,108.1,0.007066422484034884,-0.06543441463759692,-0.1587916569586021,-0.05252330665703231,-0.06543441463759692,2.0,0.016221571779344357,-0.056938363861575025,-0.15114430838549842,-0.043909882172096126,0.03503503503503502
LO_n3_m3_touch,20221019,6247,437,1422,202209,,,0.0019601315494137683,-0.007831009801231859,-0.007831009801231859,-0.007831009801231859,-0.001303582234134737,10.0,-0.0013249836359940925,-0.011084022883850797,-0.011084022883850797,-0.011084022883850797,0.009868421052631637
LO_n3_m3_touch,20251114,6265,1181,1430,202510,146.68,35.1,-0.05292960026481219,-0.12176429097238217,-0.11701707092358427,-0.22857674207033574,-0.05292960026481219,1.0,-0.0793594718853291,-0.14627319448012976,-0.14165845499083318,-0.2501048329893032,0.028708133971292016
LO_n3_m3_touch,20260526,6274,1305,1436,202604,97.96,68.62,0.023566743053159422,-0.03294921208474488,0.06124404647842918,-0.0015514592303536023,-0.03294921208474488,2.0,-0.01388082071707808,-0.06832911895969329,0.022418044777998913,-0.03808006438046263,0.14873417721518978
LO_n3_m3_touch,20260806,6274,1355,1436,202606,107.71,85.17,-0.06619389157763012,-0.05322436229398597,0.04080472501243326,0.037562342691522144,0.021350431086967214,10.0,-0.07225756760634683,-0.0593722560453237,0.03404625277209283,0.030824924881836857,0.09477124183006547
LO_n3_m3_touch,20230510,6276,567,1438,202303,-20.16,-24.98,-0.04172498151609649,0.05379439331670399,0.08152582471977521,0.09076963518746539,0.1400699576818143,10.0,-0.032712990746655346,0.06370468541686103,0.09169691398046265,0.1010276568349966,0.14285714285714257
LO_n3_m3_touch,20250214,6276,995,1438,202501,78.24,78.24,-0.0609622944917364,-0.08059776926866213,-0.05518715485146419,-0.07597765755644414,-0.0609622944917364,1.0,-0.06205419880046692,-0.0816668416299775,-0.05628577443884619,-0.07705210214068081,0.047729918509895164
LO_n3_m3_touch,20260505,6405,1290,1455,202603,-76.0,-61.11,-0.10155381343564329,-0.01267874102370159,0.040646302423463565,-0.05954014284090714,-0.10155381343564329,1.0,-0.0805900690824749,0.01035875501907868,0.06492804948001107,-0.0375960795071949,0.09446254071661242
LO_n3_m3_touch,20250818,6418,1121,1463,202507,-18.45,-6.11,-0.05743945931117045,-0.121221751538234,-0.06452638066973304,-0.06736114921315806,-0.121221751538234,2.0,-0.08868456010748527,-0.1503525222054749,-0.09553655589615084,-0.09827735421161699,0.04142857142857159
LO_n3_m3_touch,20211122,6446,215,1475,202110,10.64,5.13,-0.0023494131702994636,0.041503359877159696,0.068911343031822,0.12372730934114617,0.46632709877442236,10.0,0.0201963628032531,0.06504015897042903,0.0930675315749141,0.149122276783884,0.13259668508287303
LO_n3_m3_touch,20260410,6451,1274,1477,202602,-45.36,-18.89,0.09092655172318254,0.09322323920049436,0.04728948965425528,0.1598271760425416,-0.07673163412059081,10.0,0.06624495553035015,0.06848968175251935,0.023595157309136194,0.1335867421954251,0.22685185185185186
LO_n3_m3_touch,20250107,6477,974,1488,202411,-29.45,-41.65,0.018509759850062757,-0.03040881235948467,-0.05424093728208457,-0.04671500309600041,-0.03040881235948467,2.0,0.015941008879444718,-0.03285418735983903,-0.0566262060405156,-0.0491192527729335,0.09481668773704177
LO_n3_m3_touch,20251015,6499,1160,1498,202509,58.4,41.35,-0.03090470724771477,-0.027059091006634284,-0.050132788453117305,-0.04940895264723755,-0.11953452171424472,6.0,-0.0195035861565116,-0.015612727371418389,-0.03895788008197765,-0.03822552856073469,0.023255813953488413
LO_n3_m3_touch,20260904,6538,1376,1520,202607,63.36,-6.5,0.008705140035414116,0.061620819512681946,0.1542232585979002,0.21706062797715564,0.2832052273237402,10.0,0.024066132015649,0.07778763402302746,0.17180026253593939,0.2355945461697011,0.2333333333333334
LO_n3_m3_touch,20240705,6541,850,1521,202405,157.69,-58.92,-0.003427892980823022,-0.0019601873740201503,0.06995738735932266,0.009781457480403155,0.014184574300811548,10.0,-0.03206502249286847,-0.03063949233453689,0.03921148542370978,-0.019235251067884374,0.08579881656804744
LO_n3_m3_touch,20260323,6547,1262,1524,202602,-25.17,-10.57,0.04678379699870039,0.028578861398722788,-0.053343348801175416,0.06498873259867755,0.08319366819865492,10.0,-0.047584024433569794,-0.0641477805303774,-0.138684682966011,-0.031020268336762524,0.09908256880733934
LO_n3_m3_touch,20211208,6556,227,1528,202110,41.31,24.06,-0.06272834933989513,-0.07076210634555313,-0.06272834933989513,-0.11226985087478636,-0.06272834933989513,1.0,-0.009246372126765046,-0.017738546079964168,-0.009246372126765046,-0.06161477817149319,-0.031039136302294157
LO_n3_m3_touch,20250415,6560,1034,1530,202503,661.56,271.29,0.07365146765470554,0.0017551640171136196,0.1008122934733513,0.022525207290195803,0.1822947709292888,10.0,0.07365146765470554,0.0017551640171136196,0.1008122934733513,0.022525207290195803,0.11111111111111116
LO_n3_m3_touch,20230718,6569,614,1533,202306,14.93,-11.69,0.08953136774163784,0.07562245666408507,0.1266217972817787,0.09880397512667294,0.01303235681509718,10.0,0.07446872210465671,0.060752100120341934,0.11104638072949613,0.08361313676086635,0.1448598130841121
LO_n3_m3_touch,20240820,6570,880,1534,202407,-13.51,-8.45,-0.028302171909872276,-0.0037367773795037307,-0.02284319534756818,-0.05559705472139265,-0.078797705111185,4.0,-0.09432779356215026,-0.07143158609602474,-0.08923974745856689,-0.11976802408006737,0.0729023383768912
LO_n3_m3_touch,20260527,6570,1306,1534,202604,9.7,15.29,0.012661292922322653,0.019492060496840935,0.0331535956458775,0.01095360102869325,-0.011246393588490888,4.0,0.01440726066874043,0.021249805428732005,0.034934894948714934,0.012696624478742757,0.03716216216216206
LO_n3_m3_touch,20250820,6573,1123,1535,202507,-1.78,-11.46,-0.07667538871298307,-0.08477472740848324,-0.09287406610398352,-0.10502307414723355,-0.10502307414723355,5.0,-0.05743945931117034,-0.06570753422949338,-0.07397560914781665,-0.08637772152530099,0.004081632653061273
LO_n3_m3_touch,20260224,6588,1244,1545,202601,634.3,634.3,-0.0745688342540638,0.014414931683045529,0.023313308276756484,-0.17067130146614184,-0.0745688342540638,1.0,-0.06619389157763012,0.023595157309136194,0.032574062197813,-0.16316606437533776,0.10313901345291487
LO_n3_m3_touch,20211224,6593,239,1550,202111,0.23,12.65,-0.024058072725043456,-0.06578480595770209,-0.05419404672640793,-0.08433002072777229,-0.024058072725043456,1.0,-0.024058072725043456,-0.06578480595770209,-0.05419404672640793,-0.08433002072777229,0.07476635514018692
LO_n3_m3_touch,20250716,6617,1098,1565,202506,-29.18,7.61,0.08944045982609827,0.09916760678883141,0.055395445456532855,-0.007831009801231748,-0.012694583282598426,4.0,0.058313589545352595,0.06776281802343598,0.025241289872060424,-0.03617869523548234,0.15686274509803932
LO_n3_m3_touch,20260707,6617,1334,1565,202605,68.48,25.96,0.04555924976103354,-0.02117857469179829,-0.06567045766035295,-0.03452613958236461,-0.06567045766035295,3.0,0.06465622235940849,-0.0033005577911918715,-0.048605077891592297,-0.016891913821311944,0.07623318385650224
LO_n3_m3_touch,20260313,6683,1256,1595,202602,46.93,46.8,-0.007831009801231859,0.018509759850062757,0.05363078605178928,0.12826296673045756,-0.034171779452526585,7.0,-0.02508612267425392,0.0007965466352790607,0.03530677238132318,0.10864100209166683,0.13716814159292046
LO_n3_m3_touch,20260423,6735,1283,1621,202603,299.59,45.66,0.09093694397421093,0.1986838026383304,0.3019412088581117,0.09093694397421093,0.13583146841759408,10.0,-0.00783100980123197,0.09016098923074511,0.18406998830305632,-0.00783100980123197,0.32579185520361986
LO_n3_m3_touch,20260327,6821,1266,1658,202602,-15.67,-7.85,0.0826888801811243,-0.025580007836988106,0.04719088410961203,-0.07705210214068092,0.26017886053868566,10.0,0.07119129915265221,-0.03592783076261297,0.03607027295092591,-0.08685331875511615,0.10196779964221836
LO_n3_m3_touch,20241028,6791,925,1647,202409,18.07,14.38,-0.024647433363923055,-0.044827141639152246,-0.05155371106422857,0.01234869847399711,-0.06500684991438133,10.0,0.013130306893108123,-0.00783100980123197,-0.014818115366012075,0.05155938749939848,0.08135593220338988
LO_n3_m3_touch,20260910,6872,1380,1681,202607,32.05,317.75,-0.0783028259274996,-0.16546533534683072,-0.15062916353077438,-0.221100979657042,-0.0783028259274996,1.0,-0.04064593749263079,-0.13136956111002795,-0.11592724219642847,-0.18927825703602608,-0.03925233644859816
LO_n3_m3_touch,20250715,6933,1097,1716,202506,158.75,40.51,-0.04880554036991269,0.04485052950135748,0.14728685592305912,0.2672836954456239,-0.04880554036991269,1.0,-0.06263104123662899,0.029663748549302982,0.13061117487766594,0.2488638742908913,0.26530612244897966
LO_n3_m3_touch,20250807,6949,1114,1723,202506,58.08,76.19,0.08673760154243104,0.1540576299565639,0.26625767731345196,0.1396319095821068,0.1396319095821068,10.0,0.0677628180234362,0.13390741737002054,0.24414841628099482,0.11973357465289536,0.3376413570274637
LO_n3_m3_touch,20260416,7556,1278,1746,202603,12.1,10.79,-0.024367159637878055,0.07301238940014931,0.08219913930939704,0.17222928842002605,0.12262083891008757,10.0,-0.02074027175549098,0.07700128304104203,0.0862221844369413,0.1765870181167548,0.21296296296296302
LO_n3_m3_touch,20230308,7402,526,1744,202301,-64.2,-64.2,0.08981655338177497,0.19618264899183635,0.12643438957540276,0.12469068308999187,0.32521692891223863,10.0,0.016566588318409847,0.11578348733828658,0.05072322568590848,0.04909671914459901,0.23022847100175747
LO_n3_m3_touch,20260401,7721,1269,1765,202602,30.2,15.56,0.001200437443750202,0.07990304915002455,0.052808707415077594,0.0837736693978739,0.12893090562278542,10.0,-0.012919055904815457,0.06467364717483193,0.037961405131018866,0.06848968175251935,0.1378413524057216
LO_n3_m3_touch,20260603,7709,1311,1756,202604,62.9,26.63,-0.04298660394213327,-0.12892250073100286,-0.08595455233656801,-0.09376690659010156,-0.04298660394213327,1.0,-0.039203942297635797,-0.125479506662746,-0.08234172448019084,-0.0901849576042918,0.023622047244094446
LO_n3_m3_touch,20241029,8044,926,1834,202409,-14.48,-8.54,0.03926223245199956,0.034981028610796994,0.05424644589620975,0.20515888129861137,0.1623468428865824,10.0,-0.01994294050559131,-0.023980250740377573,-0.005812354683838561,0.13650283109238348,0.21467098166127285
LO_n3_m3_touch,20241030,8044,927,1834,202409,-14.48,-8.54,-0.011918214704213281,0.006474207359203676,0.04632445516327355,0.21185625373402583,0.032019238002838124,10.0,0.01742037489099557,0.03635891341016606,0.07739241353503568,0.24783926020757052,0.27291452111225545
LO_n3_m3_touch,20221108,8033,451,1827,202209,-32.28,-12.75,-0.05569881195994464,-0.00492993088252236,-0.013633167638651744,0.044388410735545,0.3199909080129808,10.0,-0.00015168325170566987,0.05360360259497665,0.04438841073554567,0.10582302313175407,0.05263157894736836
LO_n3_m3_touch,20240828,8080,886,1854,202407,-2.03,-29.74,0.08634096214983744,0.19228443059479083,0.2528235554204783,0.3049544684648202,0.1906027882385215,10.0,0.08634096214983744,0.19228443059479083,0.2528235554204783,0.3049544684648202,0.3152542372881355
LO_n3_m3_touch,20260115,8080,1223,1854,202512,229.71,25.24,-0.1065284486168161,-0.054582428187561205,-0.14912418536880523,-0.17717503640060273,-0.1065284486168161,1.0,-0.1065284486168161,-0.054582428187561205,-0.14912418536880523,-0.17717503640060273,0.0
LO_n3_m3_touch,20260605,8085,1313,1858,202604,-0.76,8.33,-0.0685760500174829,-0.08207494784331648,-0.1360705391466508,-0.13944526360310916,-0.0685760500174829,1.0,0.03335336337683015,0.01837722767571659,-0.0415273151287372,-0.04527134905401564,-0.017006802721088454
LO_n3_m3_touch,20260226,8087,1246,1860,202601,883.39,883.39,0.018202578862875685,0.1194443125566278,0.07171606667243013,0.028326752232250785,-0.05700556616676855,6.0,0.03633081468832744,0.1393750718306328,0.09079706489211703,0.04663524040255784,0.15160349854227406
LO_n3_m3_touch,20260601,8150,1309,1883,202604,32.22,27.09,-0.0814285217502485,-0.1075137158587608,-0.07677045137372862,-0.18763252633490535,-0.0814285217502485,1.0,-0.06384820637704758,-0.09043263865031603,-0.05910098632824978,-0.1720848234896405,0.032863849765258246
LO_n3_m3_touch,20260604,8277,1312,1904,202604,-58.95,-53.69,-0.09464579644362425,-0.11945002119859338,-0.06984157168865501,-0.18394100556151338,-0.18394100556151338,5.0,-0.012340868847590003,-0.03940002312573809,0.014718285430558087,-0.10975382424892366,-0.04999999999999993
LO_n3_m3_touch,20260724,8291,1346,1908,202606,59.85,189.77,0.09026830212079884,0.09275182900490098,-0.01652335389558901,-0.0065892463591809,-0.01900688077969115,4.0,0.09026830212079884,0.09275182900490098,-0.01652335389558901,-0.0065892463591809,0.20775969962453056
LO_n3_m3_touch,20240529,8374,824,1916,202404,-12.48,-12.28,0.09065635319643994,0.19826291647167382,0.31681252007998273,0.20373443663821122,0.243858917859485,10.0,0.040907116033093605,0.14360530975542218,0.2567473875851065,0.14882725180909984,0.34191176470588247
LO_n3_m3_touch,20241007,8404,911,1921,202408,25.36,35.21,-0.03297042678261963,-0.0011271652728618298,-0.026266582254249604,-0.027942543386342278,0.17317279246475947,10.0,-0.024733377607003115,0.007381121223962284,-0.017972430484694657,-0.019662667265271883,0.02533783783783794
LO_n3_m3_touch,20211116,8427,211,1935,202110,,,-0.005160299195044127,-0.006495654498138048,-0.0038249438919504275,-0.002489588588856395,-0.013172431013607544,8.0,-0.006497449330534755,-0.00783100980123208,-0.005163888859837651,-0.003830328389140214,0.008075370121130687
LO_n3_m3_touch,20260105,8438,1215,1943,202511,17.99,11.75,-0.015864766806889974,-0.004818350924110204,0.04237997148413086,0.04237997148413086,0.259291410636898,10.0,0.01495366429519085,0.026346001343402037,0.0750223505493961,0.0750223505493961,0.06275303643724706
LO_n3_m3_touch,20220322,8440,292,1944,202202,6.45,9.76,-0.03690092925928501,0.022502819198475743,-0.07860994413388278,-0.1443332402999159,-0.16961143113300559,4.0,-0.006527239774689497,0.05474995147280337,-0.04955165065058864,-0.11734769203079354,0.04713375796178343
LO_n3_m3_touch,20220419,8440,310,1944,202203,14.49,11.6,0.009197062112934695,-0.023723876921120657,-0.09524177896061992,-0.0407519488352871,-0.023723876921120657,2.0,0.025625851496168472,-0.007831009801231859,-0.08051315675765325,-0.02513628288609404,0.05949656750572063
LO_n3_m3_touch,20250721,8472,1101,1957,202506,123.6,32.56,-0.03313222266604576,-0.11807200871220624,-0.07108404196326634,-0.07108404196326634,-0.11807200871220624,2.0,-0.11235717432050019,-0.19033701134281134,-0.14719922916025618,-0.14719922916025618,0.08925318761384338
LO_n3_m3_touch,20260115,8476,1223,1959,202512,167.51,-20.3,-0.10604571792191797,-0.025870445986663992,-0.06996684555105381,-0.15815964467983323,-0.10604571792191797,1.0,-0.10964311945945548,-0.029790484433397824,-0.07370943369772964,-0.16154733222639328,0.010101010101010166
LO_n3_m3_touch,20240604,8455,828,1951,202404,-34.42,-14.24,-0.036946578362369475,-0.07614061296390096,-0.13773123876630755,-0.13773123876630755,-0.07614061296390096,2.0,-0.036946578362369475,-0.07614061296390096,-0.13773123876630755,-0.13773123876630755,0.0
LO_n3_m3_touch,20260520,8455,1301,1951,202604,-6.69,7.69,-0.027151597239237768,-0.08852287498349132,-0.06692927725866138,-0.09647841098737597,-0.07488481326254603,10.0,-0.09263177819428914,-0.14987229685960257,-0.12973211436625154,-0.15729236409399505,0.07216494845360821
LO_n3_m3_touch,20220825,9928,400,2017,202207,16.39,10.68,-0.07004096256289116,-0.0014505018256771862,0.01131051412543238,-0.014211517776786753,-0.07004096256289116,1.0,-0.07892592151929656,-0.010990783655367986,0.0016483117611767462,-0.02362987907191294,0.04662379421221852
LO_n3_m3_touch,20221103,9928,448,2017,202209,-1.63,7.61,-0.06688868778925383,-0.09051175898446273,-0.0975986803430251,-0.024367159637878166,0.034690518350143806,10.0,-0.012829342245558206,-0.037821004467189834,-0.04531850313367902,0.032155649753378146,0.01904761904761898
LO_n3_m5_close,20250904,1256,1134,27,202507,12.59,-8.55,0.049965242055006964,0.037121630531398386,0.046754339174104986,0.16876864864838725,0.10133968814944172,10.0,0.023467696514186676,0.010948213988019262,0.020337825882644767,0.1392729098812353,0.1779935275080906
LO_n3_m5_close,20241218,1213,961,10,202411,53187.09,57.87,-0.10585968248554123,-0.04941893154609034,-0.04941893154609034,0.012962951071197493,-0.10585968248554123,1.0,-0.017622151151877596,0.04438841073554545,0.04438841073554545,0.11292640019006561,0.03592814371257491
LO_n3_m5_close,20260728,1591,1348,154,202606,126.96,417.23,-0.04599135557810763,-0.11515698229869487,-0.0769966365218191,-0.13185213357607806,-0.04599135557810763,1.0,-0.04599135557810763,-0.11515698229869487,-0.0769966365218191,-0.13185213357607806,0.03485576923076916
LO_n3_m5_close,20260805,1595,1354,157,202606,27.89,4.55,-0.0173558321071402,-0.041167887871910724,-0.006243539416913801,0.0413805721126268,-0.041167887871910724,2.0,-0.0173558321071402,-0.041167887871910724,-0.006243539416913801,0.0413805721126268,0.0895999999999999
LO_n3_m5_close,20260702,1617,1331,171,202605,37.88,23.29,0.09005113272958831,0.18793327526040837,0.09894950932329905,0.04555924976103354,-0.041199922027647884,10.0,0.09005113272958831,0.18793327526040837,0.09894950932329905,0.04555924976103354,0.20852017937219713
LO_n3_m5_close,20260415,1785,1277,214,202603,95.58,76.61,0.006342832915893215,0.10555973193576995,0.08784242853936353,0.10910319261505141,0.2331243163898975,10.0,0.020927511653804798,0.12158233674643348,0.10360826083703545,0.1251771519283129,0.15357142857142847
LO_n3_m5_close,20260109,1789,1219,217,202511,-2.12,-4.83,0.0027690862479001765,0.02396927834616447,0.028209316765817283,0.11301008515887445,0.08120979701147801,10.0,0.013598126056192816,0.0350272619136176,0.03931308908510278,0.12502963251480192,0.13888888888888884
LO_n3_m5_close,20260923,2221,1389,292,202608,81.31,29.09,0.026597567145728584,0.1267534273550679,0.2362988994590327,0.17683135745973755,0.20187032251207238,9.0,0.02984629362403779,0.1303191027580901,0.2402112377484602,0.1805555073251166,0.24921135646687698
LO_n3_m5_close,20240709,2349,852,336,202405,4.39,7.58,-0.10704790882110882,-0.10704790882110882,-0.09877983390278555,-0.09051175898446273,-0.10704790882110882,1.0,-0.00783100980123197,-0.00783100980123197,0.0013557401080159792,0.010542490017263706,-0.03888888888888886
LO_n3_m5_close,20260414,2426,1276,391,202603,-14.1,-9.85,-0.07535101669566602,-0.0022043425600289934,0.020302326404782356,0.001546768934105991,-0.07535101669566602,1.0,-0.05934747660001405,0.01506519766489367,0.037961405131018866,0.018881232242581092,0.07939508506616266
LO_n3_m5_close,20250213,2438,994,401,202501,-10.16,-10.16,-0.08583938249499257,-0.09559042908171256,-0.07608833590827246,-0.08096385920163252,-0.08583938249499257,1.0,-0.05806741436825802,-0.06811469528166325,-0.0480201334548529,-0.05304377391155546,-0.029484029484029506
LO_n3_m5_close,20240219,2465,756,422,202401,67.99,67.99,-0.02389852381254809,-0.03594915932103504,-0.0399660378238641,0.012253382712913208,0.26129984988831234,10.0,0.021597731433477207,0.008985413761459116,0.004781307870786122,0.05943468444953193,0.04048582995951411
LO_n3_m5_close,20260605,2491,1313,441,202604,0.72,-13.64,-0.10647605349534583,-0.11076496843856798,-0.15508375618519887,-0.10504641518093827,-0.10647605349534583,1.0,-0.00783100980123208,-0.01259342095418603,-0.06180500286804491,-0.0062435394169139125,-0.09365994236311248
LO_n3_m5_close,20220304,2936,280,584,202201,,,-0.009112881881592205,-0.01039475396195233,-0.01039475396195233,-0.007831009801231859,-0.006549137720871845,10.0,-0.00783100980123197,-0.00911454018958735,-0.00911454018958735,-0.006547479412876256,0.02067183462532296
LO_n3_m5_close,20211223,2939,238,587,202111,-29.15,-39.06,-0.010441980828070796,-0.020885864935426213,-0.03263523455620132,-0.09529853920033382,-0.0548284882843314,4.0,-0.023293383674459545,-0.03360163292327789,-0.04519841332819874,-0.1070479088211087,0.03421052631578947
LO_n3_m5_close,20240704,3018,849,606,202405,38.04,-31.69,0.01327896871363543,0.04705493433742336,0.04705493433742336,0.07027591070377759,0.1357168440998664,10.0,0.11531877118362677,0.15249606355641432,0.15249606355641432,0.1780554520627058,0.0957446808510638
LO_n3_m5_close,20240605,3048,829,634,202404,14.4,4.93,-0.013557814939464174,-0.07512097017546282,-0.12809391770411283,0.05230044415020885,-0.07512097017546282,2.0,-0.023422236790069717,-0.08436976047370837,-0.13681297852707175,0.04177743970870651,0.06060606060606055
LO_n3_m5_close,20250815,3071,1120,650,202507,-16.51,-7.25,0.03922838894337355,0.013737881290045717,-0.03528232573558521,-0.011752626363282448,-0.03528232573558521,3.0,0.023053628025967,-0.0020401402086320797,-0.050297386813630496,-0.02713390844323127,0.09090909090909083
LO_n3_m5_close,20240924,3085,904,655,202408,22.56,-32.75,-0.01013837954588015,-0.023982598013770118,-0.017060488779825023,-0.03321207699236328,-0.017060488779825023,10.0,-0.0541322293438411,-0.06736114921315817,-0.06074668927849958,-0.07618042912603606,0.04651162790697683
LO_n3_m5_close,20250630,3122,1086,668,202505,-20.58,-0.48,-0.06629504041953038,0.02655959644482575,0.02655959644482575,-0.006111479488929206,-0.00095288855202047,10.0,-0.06467402486470308,0.028341817966431426,0.028341817966431426,-0.0043859785852640165,0.10571923743500866
LO_n3_m5_close,20230714,3191,612,692,202306,20.04,-6.42,0.012925663633888806,0.021228333007937028,0.017076998320912917,0.18313038580187846,0.42805913233630233,10.0,-0.00783100980123197,0.00030152290531537673,-0.0037647434479581854,0.1588859106829874,0.2343096234309625
LO_n3_m5_close,20260526,3189,1305,691,202604,26.75,28.26,0.0007221711487575,-0.02921396217620542,0.03921148542370956,0.05916890764035143,0.017828533048736217,10.0,-0.04062998468383594,-0.06932908770611435,-0.003731137940906515,0.015401597407278977,0.11781609195402298
LO_n3_m5_close,20260805,3189,1354,691,202606,32.26,29.79,0.02212578338109794,-0.013822368437698018,0.0017551640171136196,0.02811714201756388,0.017332696471925146,10.0,0.037157044901408476,0.0006802437911594961,0.016486857605600758,0.04323651175311638,0.04347826086956519
LO_n3_m5_close,20260616,3285,1320,725,202605,216.75,71.32,0.007267213962662389,0.10432722387341142,0.09354277832777269,-0.04665501376553138,0.08707211100038936,10.0,0.020579115468776887,0.11892185678803813,0.10799488553034253,-0.03405574081970142,0.16304347826086962
LO_n3_m5_close,20260602,3346,1310,751,202604,-15.07,-16.68,0.0029534357444069848,0.10217033476428372,0.15177878427422198,0.0698169981273673,0.0676601090182396,10.0,0.01620832696569874,0.11673646253649905,0.1670005303218991,0.08395554876341182,0.17391304347826098
LO_n3_m5_close,20240305,3372,766,759,202401,61.95,61.95,-0.046460540157331476,-0.07695753780688386,-0.15828286487235665,-0.12981900039944116,-0.07695753780688386,2.0,-0.028544349888888876,-0.059614360020374346,-0.14246772037100208,-0.11346904424828241,-0.008196721311475419
LO_n3_m5_close,20211116,3419,211,772,202110,29.61,18.44,0.03904311571996999,0.056620912790420475,0.07419870986087096,0.09372959549470505,0.18161858084695814,10.0,0.07941493412217726,0.09767571308289069,0.11593649204360412,0.13622624644439707,0.19291338582677175
LO_n3_m5_close,20260318,3437,1259,777,202602,-32.46,-24.28,0.09138588921864477,0.05831358954535237,-0.023264749648768457,0.000988270111645928,-0.023264749648768457,3.0,0.09138588921864477,0.05831358954535237,-0.023264749648768457,0.000988270111645928,0.18666666666666654
LO_n3_m5_close,20260828,3629,1371,865,202607,972.81,4456.31,0.0047920053412460195,0.009841211398237348,0.0047920053412460195,-0.00025720071574497627,0.007316608369741795,10.0,0.0047920053412460195,0.009841211398237348,0.0047920053412460195,-0.00025720071574497627,0.01781170483460559
LO_n3_m5_close,20230718,3706,614,899,202306,-29.13,-21.67,0.005949115062640065,-0.07870022338685811,-0.02948549173017323,-0.049171384392847295,-0.07870022338685811,2.0,-0.03244588932906389,-0.11386433699804688,-0.06652803021375442,-0.08546255292747151,0.08730158730158721
LO_n3_m5_close,20231122,4419,701,979,202310,61.3,74.65,-0.06546091974998303,-0.0514428335462328,-0.09661222242498357,-0.003158314399981932,-0.06546091974998303,1.0,-0.06251748957596714,-0.048455251919606646,-0.09376690659010156,-1.8655547698309682e-05,0.0047095761381474865
LO_n3_m5_close,20260616,4556,1320,1019,202605,1.56,7.7,0.09063989749669088,0.14733526836519206,0.1697150200238109,0.0652761789502565,0.09362386438450665,10.0,0.08411888166711412,0.14047526676061706,0.16272120824489433,0.05890681465160008,0.2616541353383459
LO_n3_m5_close,20240530,4562,825,1024,202404,-16.63,-11.86,0.09062850831009639,0.19918643853540674,0.18782572490717664,-0.005306406772736305,-0.010355612829727301,6.0,0.08100127053182304,0.18860093403383305,0.17734050413245983,-0.014086804190883817,0.2951653944020356
LO_n3_m5_close,20260526,4760,1305,1070,202604,63.09,54.91,-0.029154489995137145,0.0674283320596103,0.1740457330291365,0.008475180935283655,-0.01535694398731613,10.0,-0.04007650198269186,0.0554197633239395,0.16083771853255868,-0.002870164850238277,0.2895069532237673
LO_n3_m5_close,20260818,4905,1363,1085,202607,35.44,33.65,0.03941513258918583,0.040567477525537354,0.0325010629710758,0.038262787652834085,0.047637620949925186,10.0,0.03941513258918583,0.040567477525537354,0.0325010629710758,0.038262787652834085,0.09059233449477366
LO_n3_m5_close,20230825,4944,641,1107,202307,,,-0.08953904428818926,-0.11288419699874852,-0.10412976473228874,-0.04868502704471056,0.27814711090311883,10.0,-0.02348036295894118,-0.04851932801127601,-0.039129716116650504,0.020337825882644767,-0.032352941176470584
LO_n3_m5_close,20240911,4950,896,1111,202407,-86.08,-74.95,0.08944045982609827,0.17698478249069538,0.2937105460434919,0.40070916263355505,0.3569370013012563,10.0,0.05831358954535237,0.14335664584810393,0.2567473875851063,0.36068890084402483,0.519607843137255
LO_n3_m5_close,20221223,4943,484,1106,202211,-41.22,-45.97,0.029609329451551814,0.0717297111109334,0.12321017758351105,0.3057318314408317,0.404012721979389,10.0,0.05447912001801436,0.09761690220056929,0.15034085820147003,0.337271247659209,0.3160377358490565
LO_n3_m5_close,20260317,4960,1258,1117,202602,-21.4,-7.75,0.02441922506182559,-0.017316372996248885,-0.04387538994229623,-0.07422855216635038,-0.07802269744435697,10.0,0.018576529861853208,-0.022921032465852087,-0.049328572128937154,-0.07950861745817728,0.05162523900573612
LO_n3_m5_close,20260806,4971,1355,1122,202606,-6.26,15.65,-0.04813787502805689,0.0376434022495451,-0.038836290744943436,0.02110725241289879,0.19887086315684477,10.0,-0.08438112227147765,-0.001866065972381592,-0.07543370652820214,-0.01777258284931582,0.11458333333333326
LO_n3_m5_close,20261006,5013,1396,1138,202608,23.34,13.43,0.09045476086496529,0.09666228322283033,,,0.09666228322283033,2.0,-0.007831009801231859,-0.0021829889841610273,,,0.12408759124087587
LO_n3_m5_close,20240116,5314,739,1191,202312,334.14,360.64,-0.02867489614994556,-0.01616856434071745,-0.02867489614994556,0.025519208356709733,0.2673082900017878,10.0,-0.03676927201536262,-0.024367159637878055,-0.03676927201536262,0.01697321495373738,0.04201680672268915
LO_n3_m5_close,20240328,5314,783,1191,202402,1274.63,2334.81,0.08051280439454889,0.08594934680659683,0.10225897404274109,0.1321599573090051,0.10361810964575291,10.0,0.0955199266778064,0.10103197662335517,0.11756812646000125,0.14788440116051893,0.17808219178082196
LO_n3_m5_close,20260306,6141,1251,1328,202601,19.84,19.84,-0.07139615402009425,-0.016122115568909523,0.000460095966446028,0.10548076902369719,0.43436129780824717,10.0,-0.013701832228443345,0.04500639204367296,0.06261885932530808,0.1741644854423292,0.11420612813370479
LO_n3_m5_close,20260617,6182,1321,1362,202605,11.93,7.95,0.044388410735545225,0.013927082089091991,-0.003479391423167111,0.08790459451619315,0.2924306582852374,10.0,-0.0036796751142078588,-0.032739017923376745,-0.04934435667147319,0.03783367175603347,0.11842105263157898
LO_n3_m5_close,20230517,6198,572,1377,202304,9315.37,5374.69,0.03976930157262193,0.01894416534656096,0.010019106963963464,-0.05543132117508587,0.004069068042231727,10.0,0.08703154255319578,0.0652598092259502,0.05592906637141626,-0.012496381228498832,0.08995502248875553
LO_n3_m5_close,20260916,6221,1384,1398,202608,21.47,-27.95,-0.023173829237295607,0.07399736052443973,0.056949783373257956,0.07740687595467599,-0.023173829237295607,1.0,-0.039674271310989884,0.05585551321828364,0.039095901897358454,0.05920743548246854,0.12371134020618557
LO_n3_m5_close,20260825,6225,1368,1402,202607,112.91,36.92,0.028193280311885394,-0.009332021889278508,-0.10689780761230394,-0.13691804937323493,-0.10689780761230394,3.0,-0.01502064016499105,-0.05096879198378712,-0.1444339867126564,-0.17319250816769327,0.05900151285930422
LO_n3_m5_close,20260831,6226,1372,1403,202607,21.5,6.37,0.06752359704930733,0.07223325997746599,0.004728091340524543,0.017287192482281055,-0.07062651551001475,6.0,0.028467855693845134,0.033005213880729745,-0.03203025346461641,-0.01993063163292408,0.12499999999999978
LO_n3_m5_close,20250417,6228,1036,1405,202503,120.05,108.1,0.007066422484034884,-0.06543441463759692,-0.1587916569586021,-0.05252330665703231,-0.06543441463759692,2.0,0.016221571779344357,-0.056938363861575025,-0.15114430838549842,-0.043909882172096126,0.03503503503503502
LO_n3_m5_close,20221019,6247,437,1422,202209,,,0.0019601315494137683,-0.007831009801231859,-0.007831009801231859,-0.007831009801231859,-0.001303582234134737,10.0,-0.0013249836359940925,-0.011084022883850797,-0.011084022883850797,-0.011084022883850797,0.009868421052631637
LO_n3_m5_close,20260526,6274,1305,1436,202604,97.96,68.62,0.023566743053159422,-0.03294921208474488,0.06124404647842918,-0.0015514592303536023,-0.03294921208474488,2.0,-0.01388082071707808,-0.06832911895969329,0.022418044777998913,-0.03808006438046263,0.14873417721518978
LO_n3_m5_close,20260806,6274,1355,1436,202606,107.71,85.17,-0.06619389157763012,-0.05322436229398597,0.04080472501243326,0.037562342691522144,0.021350431086967214,10.0,-0.07225756760634683,-0.0593722560453237,0.03404625277209283,0.030824924881836857,0.09477124183006547
LO_n3_m5_close,20230510,6276,567,1438,202303,-20.16,-24.98,-0.04172498151609649,0.05379439331670399,0.08152582471977521,0.09076963518746539,0.1400699576818143,10.0,-0.032712990746655346,0.06370468541686103,0.09169691398046265,0.1010276568349966,0.14285714285714257
LO_n3_m5_close,20211122,6446,215,1475,202110,10.64,5.13,-0.0023494131702994636,0.041503359877159696,0.068911343031822,0.12372730934114617,0.46632709877442236,10.0,0.0201963628032531,0.06504015897042903,0.0930675315749141,0.149122276783884,0.13259668508287303
LO_n3_m5_close,20250107,6477,974,1488,202411,-29.45,-41.65,0.018509759850062757,-0.03040881235948467,-0.05424093728208457,-0.04671500309600041,-0.03040881235948467,2.0,0.015941008879444718,-0.03285418735983903,-0.0566262060405156,-0.0491192527729335,0.09481668773704177
LO_n3_m5_close,20250415,6560,1034,1530,202503,661.56,271.29,0.07365146765470554,0.0017551640171136196,0.1008122934733513,0.022525207290195803,0.1822947709292888,10.0,0.07365146765470554,0.0017551640171136196,0.1008122934733513,0.022525207290195803,0.11111111111111116
LO_n3_m5_close,20230718,6569,614,1533,202306,14.93,-11.69,0.08953136774163784,0.07562245666408507,0.1266217972817787,0.09880397512667294,0.01303235681509718,10.0,0.07446872210465671,0.060752100120341934,0.11104638072949613,0.08361313676086635,0.1448598130841121
LO_n3_m5_close,20260527,6570,1306,1534,202604,9.7,15.29,0.012661292922322653,0.019492060496840935,0.0331535956458775,0.01095360102869325,-0.011246393588490888,4.0,0.01440726066874043,0.021249805428732005,0.034934894948714934,0.012696624478742757,0.03716216216216206
LO_n3_m5_close,20260313,6683,1256,1595,202602,46.93,46.8,-0.007831009801231859,0.018509759850062757,0.05363078605178928,0.12826296673045756,-0.034171779452526585,7.0,-0.02508612267425392,0.0007965466352790607,0.03530677238132318,0.10864100209166683,0.13716814159292046
LO_n3_m5_close,20250715,6933,1097,1716,202506,158.75,40.51,-0.04880554036991269,0.04485052950135748,0.14728685592305912,0.2672836954456239,-0.04880554036991269,1.0,-0.06263104123662899,0.029663748549302982,0.13061117487766594,0.2488638742908913,0.26530612244897966
LO_n3_m5_close,20260416,7556,1278,1746,202603,12.1,10.79,-0.024367159637878055,0.07301238940014931,0.08219913930939704,0.17222928842002605,0.12262083891008757,10.0,-0.02074027175549098,0.07700128304104203,0.0862221844369413,0.1765870181167548,0.21296296296296302
LO_n3_m5_close,20260401,7721,1269,1765,202602,30.2,15.56,0.001200437443750202,0.07990304915002455,0.052808707415077594,0.0837736693978739,0.12893090562278542,10.0,-0.012919055904815457,0.06467364717483193,0.037961405131018866,0.06848968175251935,0.1378413524057216
LO_n3_m5_close,20260603,7709,1311,1756,202604,62.9,26.63,-0.04298660394213327,-0.12892250073100286,-0.08595455233656801,-0.09376690659010156,-0.04298660394213327,1.0,-0.039203942297635797,-0.125479506662746,-0.08234172448019084,-0.0901849576042918,0.023622047244094446
LO_n3_m5_close,20221108,8033,451,1827,202209,-32.28,-12.75,-0.05569881195994464,-0.00492993088252236,-0.013633167638651744,0.044388410735545,0.3199909080129808,10.0,-0.00015168325170566987,0.05360360259497665,0.04438841073554567,0.10582302313175407,0.05263157894736836
LO_n3_m5_close,20260226,8087,1246,1860,202601,883.39,883.39,0.018202578862875685,0.1194443125566278,0.07171606667243013,0.028326752232250785,-0.05700556616676855,6.0,0.03633081468832744,0.1393750718306328,0.09079706489211703,0.04663524040255784,0.15160349854227406
LO_n3_m5_close,20260601,8150,1309,1883,202604,32.22,27.09,-0.0814285217502485,-0.1075137158587608,-0.07677045137372862,-0.18763252633490535,-0.0814285217502485,1.0,-0.06384820637704758,-0.09043263865031603,-0.05910098632824978,-0.1720848234896405,0.032863849765258246
LO_n3_m5_close,20260604,8277,1312,1904,202604,-58.95,-53.69,-0.09464579644362425,-0.11945002119859338,-0.06984157168865501,-0.18394100556151338,-0.18394100556151338,5.0,-0.012340868847590003,-0.03940002312573809,0.014718285430558087,-0.10975382424892366,-0.04999999999999993
LO_n3_m5_close,20241007,8404,911,1921,202408,25.36,35.21,-0.03297042678261963,-0.0011271652728618298,-0.026266582254249604,-0.027942543386342278,0.17317279246475947,10.0,-0.024733377607003115,0.007381121223962284,-0.017972430484694657,-0.019662667265271883,0.02533783783783794
LO_n3_m5_close,20211116,8427,211,1935,202110,,,-0.005160299195044127,-0.006495654498138048,-0.0038249438919504275,-0.002489588588856395,-0.013172431013607544,8.0,-0.006497449330534755,-0.00783100980123208,-0.005163888859837651,-0.003830328389140214,0.008075370121130687
LO_n3_m5_close,20220322,8440,292,1944,202202,6.45,9.76,-0.03690092925928501,0.022502819198475743,-0.07860994413388278,-0.1443332402999159,-0.16961143113300559,4.0,-0.006527239774689497,0.05474995147280337,-0.04955165065058864,-0.11734769203079354,0.04713375796178343
LO_n3_m5_close,20260115,8476,1223,1959,202512,167.51,-20.3,-0.10604571792191797,-0.025870445986663992,-0.06996684555105381,-0.15815964467983323,-0.10604571792191797,1.0,-0.10964311945945548,-0.029790484433397824,-0.07370943369772964,-0.16154733222639328,0.010101010101010166
LO_n3_m5_close,20240604,8455,828,1951,202404,-34.42,-14.24,-0.036946578362369475,-0.07614061296390096,-0.13773123876630755,-0.13773123876630755,-0.07614061296390096,2.0,-0.036946578362369475,-0.07614061296390096,-0.13773123876630755,-0.13773123876630755,0.0
LO_n3_m5_close,20221103,9928,448,2017,202209,-1.63,7.61,-0.06688868778925383,-0.09051175898446273,-0.0975986803430251,-0.024367159637878166,0.034690518350143806,10.0,-0.012829342245558206,-0.037821004467189834,-0.04531850313367902,0.032155649753378146,0.01904761904761898
LO_n3_m5_touch,20250904,1256,1134,27,202507,12.59,-8.55,0.049965242055006964,0.037121630531398386,0.046754339174104986,0.16876864864838725,0.10133968814944172,10.0,0.023467696514186676,0.010948213988019262,0.020337825882644767,0.1392729098812353,0.1779935275080906
LO_n3_m5_touch,20241218,1213,961,10,202411,53187.09,57.87,-0.10585968248554123,-0.04941893154609034,-0.04941893154609034,0.012962951071197493,-0.10585968248554123,1.0,-0.017622151151877596,0.04438841073554545,0.04438841073554545,0.11292640019006561,0.03592814371257491
LO_n3_m5_touch,20260728,1591,1348,154,202606,126.96,417.23,-0.04599135557810763,-0.11515698229869487,-0.0769966365218191,-0.13185213357607806,-0.04599135557810763,1.0,-0.04599135557810763,-0.11515698229869487,-0.0769966365218191,-0.13185213357607806,0.03485576923076916
LO_n3_m5_touch,20260805,1595,1354,157,202606,27.89,4.55,-0.0173558321071402,-0.041167887871910724,-0.006243539416913801,0.0413805721126268,-0.041167887871910724,2.0,-0.0173558321071402,-0.041167887871910724,-0.006243539416913801,0.0413805721126268,0.0895999999999999
LO_n3_m5_touch,20260702,1617,1331,171,202605,37.88,23.29,0.09005113272958831,0.18793327526040837,0.09894950932329905,0.04555924976103354,-0.041199922027647884,10.0,0.09005113272958831,0.18793327526040837,0.09894950932329905,0.04555924976103354,0.20852017937219713
LO_n3_m5_touch,20260415,1785,1277,214,202603,95.58,76.61,0.006342832915893215,0.10555973193576995,0.08784242853936353,0.10910319261505141,0.2331243163898975,10.0,0.020927511653804798,0.12158233674643348,0.10360826083703545,0.1251771519283129,0.15357142857142847
LO_n3_m5_touch,20260109,1789,1219,217,202511,-2.12,-4.83,0.0027690862479001765,0.02396927834616447,0.028209316765817283,0.11301008515887445,0.08120979701147801,10.0,0.013598126056192816,0.0350272619136176,0.03931308908510278,0.12502963251480192,0.13888888888888884
LO_n3_m5_touch,20260923,2221,1389,292,202608,81.31,29.09,0.026597567145728584,0.1267534273550679,0.2362988994590327,0.17683135745973755,0.20187032251207238,9.0,0.02984629362403779,0.1303191027580901,0.2402112377484602,0.1805555073251166,0.24921135646687698
LO_n3_m5_touch,20240709,2349,852,336,202405,4.39,7.58,-0.10704790882110882,-0.10704790882110882,-0.09877983390278555,-0.09051175898446273,-0.10704790882110882,1.0,-0.00783100980123197,-0.00783100980123197,0.0013557401080159792,0.010542490017263706,-0.03888888888888886
LO_n3_m5_touch,20260414,2426,1276,391,202603,-14.1,-9.85,-0.07535101669566602,-0.0022043425600289934,0.020302326404782356,0.001546768934105991,-0.07535101669566602,1.0,-0.05934747660001405,0.01506519766489367,0.037961405131018866,0.018881232242581092,0.07939508506616266
LO_n3_m5_touch,20250213,2438,994,401,202501,-10.16,-10.16,-0.08583938249499257,-0.09559042908171256,-0.07608833590827246,-0.08096385920163252,-0.08583938249499257,1.0,-0.05806741436825802,-0.06811469528166325,-0.0480201334548529,-0.05304377391155546,-0.029484029484029506
LO_n3_m5_touch,20251112,2451,1179,410,202509,88.61,36.15,0.09062850831009617,-0.010355612829727523,0.0047920053412460195,0.03256263865469755,-0.07599529157061291,10.0,0.020516675633018622,-0.07397560914781642,-0.05980176643069124,-0.03381638811596155,0.0992366412213741
LO_n3_m5_touch,20240219,2465,756,422,202401,67.99,67.99,-0.02389852381254809,-0.03594915932103504,-0.0399660378238641,0.012253382712913208,0.26129984988831234,10.0,0.021597731433477207,0.008985413761459116,0.004781307870786122,0.05943468444953193,0.04048582995951411
LO_n3_m5_touch,20241224,2466,965,423,202411,29.14,3.22,0.09008040370522541,0.06886626411215957,0.1390361104584541,0.14229982424200283,0.4001332131423405,10.0,0.055364467281492136,0.03482593722960692,0.10276107509353527,0.10592084894767151,0.18092105263157898
LO_n3_m5_touch,20260115,2485,1223,437,202512,128.98,-0.05,-0.03769108884962147,0.013885411324869645,0.00031264812105624706,-0.0607647862961046,0.10753747743118303,10.0,-0.07684013904077869,-0.027361895435065953,-0.04038248585762194,-0.098975142759124,0.050615595075239384
LO_n3_m5_touch,20260605,2491,1313,441,202604,0.72,-13.64,-0.10647605349534583,-0.11076496843856798,-0.15508375618519887,-0.10504641518093827,-0.10647605349534583,1.0,-0.00783100980123208,-0.01259342095418603,-0.06180500286804491,-0.0062435394169139125,-0.09365994236311248
LO_n3_m5_touch,20220519,2929,331,583,202204,-16.94,-15.4,0.08927489136715816,0.13149484839689296,0.09771888277310503,0.1990467796444686,0.26659871089204445,10.0,0.03635465372988733,0.07652343875817769,0.04438841073554545,0.14079349480344172,0.25106382978723407
LO_n3_m5_touch,20220304,2936,280,584,202201,,,-0.009112881881592205,-0.01039475396195233,-0.01039475396195233,-0.007831009801231859,-0.006549137720871845,10.0,-0.00783100980123197,-0.00911454018958735,-0.00911454018958735,-0.006547479412876256,0.02067183462532296
LO_n3_m5_touch,20211223,2939,238,587,202111,-29.15,-39.06,-0.010441980828070796,-0.020885864935426213,-0.03263523455620132,-0.09529853920033382,-0.0548284882843314,4.0,-0.023293383674459545,-0.03360163292327789,-0.04519841332819874,-0.1070479088211087,0.03421052631578947
LO_n3_m5_touch,20240704,3018,849,606,202405,38.04,-31.69,0.01327896871363543,0.04705493433742336,0.04705493433742336,0.07027591070377759,0.1357168440998664,10.0,0.11531877118362677,0.15249606355641432,0.15249606355641432,0.1780554520627058,0.0957446808510638
LO_n3_m5_touch,20260602,3021,1310,608,202604,7.17,4.51,0.09029559362502004,-0.018733965737482094,-0.11686056916373389,-0.23679308446248604,-0.11686056916373389,3.0,-0.007831009801231859,-0.1070479088211087,-0.19634311793899784,-0.3054817068608623,0.098901098901099
LO_n3_m5_touch,20240605,3048,829,634,202404,14.4,4.93,-0.013557814939464174,-0.07512097017546282,-0.12809391770411283,0.05230044415020885,-0.07512097017546282,2.0,-0.023422236790069717,-0.08436976047370837,-0.13681297852707175,0.04177743970870651,0.06060606060606055
LO_n3_m5_touch,20250815,3071,1120,650,202507,-16.51,-7.25,0.03922838894337355,0.013737881290045717,-0.03528232573558521,-0.011752626363282448,-0.03528232573558521,3.0,0.023053628025967,-0.0020401402086320797,-0.050297386813630496,-0.02713390844323127,0.09090909090909083
LO_n3_m5_touch,20260806,3081,1355,653,202606,128.13,110.95,-0.03707388530182709,0.05900984848584301,0.036033303449660936,0.11331804584409144,0.16135991273792638,10.0,-0.054979536194974976,0.03931751659251126,0.01676822136072098,0.09261585077674273,0.19789473684210535
LO_n3_m5_touch,20240924,3085,904,655,202408,22.56,-32.75,-0.01013837954588015,-0.023982598013770118,-0.017060488779825023,-0.03321207699236328,-0.017060488779825023,10.0,-0.0541322293438411,-0.06736114921315817,-0.06074668927849958,-0.07618042912603606,0.04651162790697683
LO_n3_m5_touch,20250630,3122,1086,668,202505,-20.58,-0.48,-0.06629504041953038,0.02655959644482575,0.02655959644482575,-0.006111479488929206,-0.00095288855202047,10.0,-0.06467402486470308,0.028341817966431426,0.028341817966431426,-0.0043859785852640165,0.10571923743500866
LO_n3_m5_touch,20230714,3191,612,692,202306,20.04,-6.42,0.012925663633888806,0.021228333007937028,0.017076998320912917,0.18313038580187846,0.42805913233630233,10.0,-0.00783100980123197,0.00030152290531537673,-0.0037647434479581854,0.1588859106829874,0.2343096234309625
LO_n3_m5_touch,20260526,3189,1305,691,202604,26.75,28.26,0.0007221711487575,-0.02921396217620542,0.03921148542370956,0.05916890764035143,0.017828533048736217,10.0,-0.04062998468383594,-0.06932908770611435,-0.003731137940906515,0.015401597407278977,0.11781609195402298
LO_n3_m5_touch,20260805,3189,1354,691,202606,32.26,29.79,0.02212578338109794,-0.013822368437698018,0.0017551640171136196,0.02811714201756388,0.017332696471925146,10.0,0.037157044901408476,0.0006802437911594961,0.016486857605600758,0.04323651175311638,0.04347826086956519
LO_n3_m5_touch,20260421,3229,1281,708,202603,73.03,45.78,0.06571251373102194,0.030946484424865472,-0.00515669985460443,0.013563469771787462,0.14193034720990294,10.0,0.048751571867928556,0.014538848067971122,-0.02098974972429246,-0.0025675138320077062,0.15902964959568733
LO_n3_m5_touch,20260616,3285,1320,725,202605,216.75,71.32,0.007267213962662389,0.10432722387341142,0.09354277832777269,-0.04665501376553138,0.08707211100038936,10.0,0.020579115468776887,0.11892185678803813,0.10799488553034253,-0.03405574081970142,0.16304347826086962
LO_n3_m5_touch,20260602,3346,1310,751,202604,-15.07,-16.68,0.0029534357444069848,0.10217033476428372,0.15177878427422198,0.0698169981273673,0.0676601090182396,10.0,0.01620832696569874,0.11673646253649905,0.1670005303218991,0.08395554876341182,0.17391304347826098
LO_n3_m5_touch,20240305,3372,766,759,202401,61.95,61.95,-0.046460540157331476,-0.07695753780688386,-0.15828286487235665,-0.12981900039944116,-0.07695753780688386,2.0,-0.028544349888888876,-0.059614360020374346,-0.14246772037100208,-0.11346904424828241,-0.008196721311475419
LO_n3_m5_touch,20211116,3419,211,772,202110,29.61,18.44,0.03904311571996999,0.056620912790420475,0.07419870986087096,0.09372959549470505,0.18161858084695814,10.0,0.07941493412217726,0.09767571308289069,0.11593649204360412,0.13622624644439707,0.19291338582677175
LO_n3_m5_touch,20260318,3437,1259,777,202602,-32.46,-24.28,0.09138588921864477,0.05831358954535237,-0.023264749648768457,0.000988270111645928,-0.023264749648768457,3.0,0.09138588921864477,0.05831358954535237,-0.023264749648768457,0.000988270111645928,0.18666666666666654
LO_n3_m5_touch,20250814,3555,1119,833,202507,1270.04,210.1,-0.00783100980123197,-0.027608464755360274,0.03831638509173407,0.026779536368492396,-0.04079343472477914,10.0,0.05714288867196182,0.03607027295092591,0.10631232535437851,0.09401996618377417,0.15116279069767424
LO_n3_m5_touch,20260828,3629,1371,865,202607,972.81,4456.31,0.0047920053412460195,0.009841211398237348,0.0047920053412460195,-0.00025720071574497627,0.007316608369741795,10.0,0.0047920053412460195,0.009841211398237348,0.0047920053412460195,-0.00025720071574497627,0.01781170483460559
LO_n3_m5_touch,20230718,3706,614,899,202306,-29.13,-21.67,0.005949115062640065,-0.07870022338685811,-0.02948549173017323,-0.049171384392847295,-0.07870022338685811,2.0,-0.03244588932906389,-0.11386433699804688,-0.06652803021375442,-0.08546255292747151,0.08730158730158721
LO_n3_m5_touch,20260522,4127,1303,928,202604,66.79,69.33,0.08996625155381333,0.07419249972235442,0.05210924715831222,0.08838887637066772,0.0868115011875219,10.0,-0.00783100980123197,-0.022189461178927616,-0.04229129310770119,-0.009266854939001368,0.18918918918918926
LO_n3_m5_touch,20240403,4198,787,965,202402,38.67,28.46,0.09099832320684831,0.15300888509427124,0.038676911614335285,0.021236441083497537,-0.07953072198356492,7.0,-0.0025158187823099976,0.05417955208619096,-0.050352537952607634,-0.06629811100937355,0.208984375
LO_n3_m5_touch,20231122,4419,701,979,202310,61.3,74.65,-0.06546091974998303,-0.0514428335462328,-0.09661222242498357,-0.003158314399981932,-0.06546091974998303,1.0,-0.06251748957596714,-0.048455251919606646,-0.09376690659010156,-1.8655547698309682e-05,0.0047095761381474865
LO_n3_m5_touch,20240709,4510,852,994,202405,-30.06,-10.49,0.09138588921864499,0.12763821770667683,0.12954623499552076,0.1657985634835526,0.10855804481823905,10.0,0.0470860929772976,0.08186692473703316,0.08369749482965072,0.11847832658938606,0.25384615384615383
LO_n3_m5_touch,20260616,4556,1320,1019,202605,1.56,7.7,0.09063989749669088,0.14733526836519206,0.1697150200238109,0.0652761789502565,0.09362386438450665,10.0,0.08411888166711412,0.14047526676061706,0.16272120824489433,0.05890681465160008,0.2616541353383459
LO_n3_m5_touch,20240530,4562,825,1024,202404,-16.63,-11.86,0.09062850831009639,0.19918643853540674,0.18782572490717664,-0.005306406772736305,-0.010355612829727301,6.0,0.08100127053182304,0.18860093403383305,0.17734050413245983,-0.014086804190883817,0.2951653944020356
LO_n3_m5_touch,20240904,4569,891,1029,202407,26.57,19.49,0.08839942737523732,0.19458473736306514,0.31404321109937183,0.5164589582636692,0.6458723048113346,10.0,-0.00783100980123197,0.08896596485230623,0.1978625613375371,0.3823817942708445,0.528428093645485
LO_n3_m5_touch,20260526,4760,1305,1070,202604,63.09,54.91,-0.029154489995137145,0.0674283320596103,0.1740457330291365,0.008475180935283655,-0.01535694398731613,10.0,-0.04007650198269186,0.0554197633239395,0.16083771853255868,-0.002870164850238277,0.2895069532237673
LO_n3_m5_touch,20260818,4905,1363,1085,202607,35.44,33.65,0.03941513258918583,0.040567477525537354,0.0325010629710758,0.038262787652834085,0.047637620949925186,10.0,0.03941513258918583,0.040567477525537354,0.0325010629710758,0.038262787652834085,0.09059233449477366
LO_n3_m5_touch,20220617,4911,351,1090,202205,160.04,5.13,-0.008823178791430575,0.08940155123824733,0.19655580217971425,0.09535456517943985,0.01994972192433342,10.0,-0.008823178791430575,0.08940155123824733,0.19655580217971425,0.09535456517943985,0.20599999999999996
LO_n3_m5_touch,20230825,4944,641,1107,202307,,,-0.08953904428818926,-0.11288419699874852,-0.10412976473228874,-0.04868502704471056,0.27814711090311883,10.0,-0.02348036295894118,-0.04851932801127601,-0.039129716116650504,0.020337825882644767,-0.032352941176470584
LO_n3_m5_touch,20240911,4950,896,1111,202407,-86.08,-74.95,0.08944045982609827,0.17698478249069538,0.2937105460434919,0.40070916263355505,0.3569370013012563,10.0,0.05831358954535237,0.14335664584810393,0.2567473875851063,0.36068890084402483,0.519607843137255
LO_n3_m5_touch,20221223,4943,484,1106,202211,-41.22,-45.97,0.029609329451551814,0.0717297111109334,0.12321017758351105,0.3057318314408317,0.404012721979389,10.0,0.05447912001801436,0.09761690220056929,0.15034085820147003,0.337271247659209,0.3160377358490565
LO_n3_m5_touch,20260317,4960,1258,1117,202602,-21.4,-7.75,0.02441922506182559,-0.017316372996248885,-0.04387538994229623,-0.07422855216635038,-0.07802269744435697,10.0,0.018576529861853208,-0.022921032465852087,-0.049328572128937154,-0.07950861745817728,0.05162523900573612
LO_n3_m5_touch,20260806,4971,1355,1122,202606,-6.26,15.65,-0.04813787502805689,0.0376434022495451,-0.038836290744943436,0.02110725241289879,0.19887086315684477,10.0,-0.08438112227147765,-0.001866065972381592,-0.07543370652820214,-0.01777258284931582,0.11458333333333326
LO_n3_m5_touch,20260319,4973,1260,1124,202602,42.52,60.78,-0.10684583774367507,-0.19575711181444067,-0.27557518740069575,-0.3523621968254478,-0.10684583774367507,1.0,-0.10684583774367507,-0.19575711181444067,-0.27557518740069575,-0.3523621968254478,0.0
LO_n3_m5_touch,20251008,4989,1156,1130,202508,-18.17,-26.05,0.0912463436504034,0.1624145834536903,0.04659176181304647,-0.00922646548364936,-0.05806741436825802,10.0,0.059940096086662065,0.12906662409231373,0.016566588318409847,-0.037650296391905425,0.20675105485232081
LO_n3_m5_touch,20261006,5013,1396,1138,202608,23.34,13.43,0.09045476086496529,0.09666228322283033,,,0.09666228322283033,2.0,-0.007831009801231859,-0.0021829889841610273,,,0.12408759124087587
LO_n3_m5_touch,20260617,5227,1321,1158,202605,-97.07,-79.15,-0.03445017783095494,0.040567477525537354,0.030887780060183445,-0.05539786114858325,-0.05539786114858325,5.0,-0.039137312890027975,0.035516179090947286,0.02588347044824091,-0.05998330842456101,0.13902439024390256
LO_n3_m5_touch,20211203,5245,224,1165,202110,6.54,6.94,0.09111480479509315,0.19954857421572347,0.2903618561055017,0.2646088358681018,0.28765101186998576,10.0,0.02396927834616447,0.1257302004178329,0.21095497265285545,0.18678675366083408,0.3387978142076502
LO_n3_m5_touch,20240116,5314,739,1191,202312,334.14,360.64,-0.02867489614994556,-0.01616856434071745,-0.02867489614994556,0.025519208356709733,0.2673082900017878,10.0,-0.03676927201536262,-0.024367159637878055,-0.03676927201536262,0.01697321495373738,0.04201680672268915
LO_n3_m5_touch,20240328,5314,783,1191,202402,1274.63,2334.81,0.08051280439454889,0.08594934680659683,0.10225897404274109,0.1321599573090051,0.10361810964575291,10.0,0.0955199266778064,0.10103197662335517,0.11756812646000125,0.14788440116051893,0.17808219178082196
LO_n3_m5_touch,20260605,5426,1313,1216,202604,23.63,9.12,0.08989515116993219,0.1942468145798193,0.07498777068280571,0.0733313950731247,0.3135058584768331,10.0,0.18699490100143512,0.3006433489696576,0.1707594084345465,0.168955464816003,0.20367278797996646
LO_n3_m5_touch,20260306,6141,1251,1328,202601,19.84,19.84,-0.07139615402009425,-0.016122115568909523,0.000460095966446028,0.10548076902369719,0.43436129780824717,10.0,-0.013701832228443345,0.04500639204367296,0.06261885932530808,0.1741644854423292,0.11420612813370479
LO_n3_m5_touch,20260617,6182,1321,1362,202605,11.93,7.95,0.044388410735545225,0.013927082089091991,-0.003479391423167111,0.08790459451619315,0.2924306582852374,10.0,-0.0036796751142078588,-0.032739017923376745,-0.04934435667147319,0.03783367175603347,0.11842105263157898
LO_n3_m5_touch,20230517,6198,572,1377,202304,9315.37,5374.69,0.03976930157262193,0.01894416534656096,0.010019106963963464,-0.05543132117508587,0.004069068042231727,10.0,0.08703154255319578,0.0652598092259502,0.05592906637141626,-0.012496381228498832,0.08995502248875553
LO_n3_m5_touch,20260916,6221,1384,1398,202608,21.47,-27.95,-0.023173829237295607,0.07399736052443973,0.056949783373257956,0.07740687595467599,-0.023173829237295607,1.0,-0.039674271310989884,0.05585551321828364,0.039095901897358454,0.05920743548246854,0.12371134020618557
LO_n3_m5_touch,20260825,6225,1368,1402,202607,112.91,36.92,0.028193280311885394,-0.009332021889278508,-0.10689780761230394,-0.13691804937323493,-0.10689780761230394,3.0,-0.01502064016499105,-0.05096879198378712,-0.1444339867126564,-0.17319250816769327,0.05900151285930422
LO_n3_m5_touch,20260831,6226,1372,1403,202607,21.5,6.37,0.06752359704930733,0.07223325997746599,0.004728091340524543,0.017287192482281055,-0.07062651551001475,6.0,0.028467855693845134,0.033005213880729745,-0.03203025346461641,-0.01993063163292408,0.12499999999999978
LO_n3_m5_touch,20260526,6239,1305,1414,202604,32.49,36.19,-0.012182628179296717,0.037135713438770646,0.09950891019103247,0.0066743847923171895,-0.10356661411865697,9.0,-0.015062562207928565,0.03411199415760802,0.09630334485519843,0.003739474049482494,0.13157894736842102
LO_n3_m5_touch,20250417,6228,1036,1405,202503,120.05,108.1,0.007066422484034884,-0.06543441463759692,-0.1587916569586021,-0.05252330665703231,-0.06543441463759692,2.0,0.016221571779344357,-0.056938363861575025,-0.15114430838549842,-0.043909882172096126,0.03503503503503502
LO_n3_m5_touch,20221019,6247,437,1422,202209,,,0.0019601315494137683,-0.007831009801231859,-0.007831009801231859,-0.007831009801231859,-0.001303582234134737,10.0,-0.0013249836359940925,-0.011084022883850797,-0.011084022883850797,-0.011084022883850797,0.009868421052631637
LO_n3_m5_touch,20260526,6274,1305,1436,202604,97.96,68.62,0.023566743053159422,-0.03294921208474488,0.06124404647842918,-0.0015514592303536023,-0.03294921208474488,2.0,-0.01388082071707808,-0.06832911895969329,0.022418044777998913,-0.03808006438046263,0.14873417721518978
LO_n3_m5_touch,20260806,6274,1355,1436,202606,107.71,85.17,-0.06619389157763012,-0.05322436229398597,0.04080472501243326,0.037562342691522144,0.021350431086967214,10.0,-0.07225756760634683,-0.0593722560453237,0.03404625277209283,0.030824924881836857,0.09477124183006547
LO_n3_m5_touch,20230510,6276,567,1438,202303,-20.16,-24.98,-0.04172498151609649,0.05379439331670399,0.08152582471977521,0.09076963518746539,0.1400699576818143,10.0,-0.032712990746655346,0.06370468541686103,0.09169691398046265,0.1010276568349966,0.14285714285714257
LO_n3_m5_touch,20260505,6405,1290,1455,202603,-76.0,-61.11,-0.10155381343564329,-0.01267874102370159,0.040646302423463565,-0.05954014284090714,-0.10155381343564329,1.0,-0.0805900690824749,0.01035875501907868,0.06492804948001107,-0.0375960795071949,0.09446254071661242
LO_n3_m5_touch,20211122,6446,215,1475,202110,10.64,5.13,-0.0023494131702994636,0.041503359877159696,0.068911343031822,0.12372730934114617,0.46632709877442236,10.0,0.0201963628032531,0.06504015897042903,0.0930675315749141,0.149122276783884,0.13259668508287303
LO_n3_m5_touch,20260410,6451,1274,1477,202602,-45.36,-18.89,0.09092655172318254,0.09322323920049436,0.04728948965425528,0.1598271760425416,-0.07673163412059081,10.0,0.06624495553035015,0.06848968175251935,0.023595157309136194,0.1335867421954251,0.22685185185185186
LO_n3_m5_touch,20250107,6477,974,1488,202411,-29.45,-41.65,0.018509759850062757,-0.03040881235948467,-0.05424093728208457,-0.04671500309600041,-0.03040881235948467,2.0,0.015941008879444718,-0.03285418735983903,-0.0566262060405156,-0.0491192527729335,0.09481668773704177
LO_n3_m5_touch,20260904,6538,1376,1520,202607,63.36,-6.5,0.008705140035414116,0.061620819512681946,0.1542232585979002,0.21706062797715564,0.2832052273237402,10.0,0.024066132015649,0.07778763402302746,0.17180026253593939,0.2355945461697011,0.2333333333333334
LO_n3_m5_touch,20260323,6547,1262,1524,202602,-25.17,-10.57,0.04678379699870039,0.028578861398722788,-0.053343348801175416,0.06498873259867755,0.08319366819865492,10.0,-0.047584024433569794,-0.0641477805303774,-0.138684682966011,-0.031020268336762524,0.09908256880733934
LO_n3_m5_touch,20211208,6556,227,1528,202110,41.31,24.06,-0.06272834933989513,-0.07076210634555313,-0.06272834933989513,-0.11226985087478636,-0.06272834933989513,1.0,-0.009246372126765046,-0.017738546079964168,-0.009246372126765046,-0.06161477817149319,-0.031039136302294157
LO_n3_m5_touch,20250415,6560,1034,1530,202503,661.56,271.29,0.07365146765470554,0.0017551640171136196,0.1008122934733513,0.022525207290195803,0.1822947709292888,10.0,0.07365146765470554,0.0017551640171136196,0.1008122934733513,0.022525207290195803,0.11111111111111116
LO_n3_m5_touch,20230718,6569,614,1533,202306,14.93,-11.69,0.08953136774163784,0.07562245666408507,0.1266217972817787,0.09880397512667294,0.01303235681509718,10.0,0.07446872210465671,0.060752100120341934,0.11104638072949613,0.08361313676086635,0.1448598130841121
LO_n3_m5_touch,20240820,6570,880,1534,202407,-13.51,-8.45,-0.028302171909872276,-0.0037367773795037307,-0.02284319534756818,-0.05559705472139265,-0.078797705111185,4.0,-0.09432779356215026,-0.07143158609602474,-0.08923974745856689,-0.11976802408006737,0.0729023383768912
LO_n3_m5_touch,20260527,6570,1306,1534,202604,9.7,15.29,0.012661292922322653,0.019492060496840935,0.0331535956458775,0.01095360102869325,-0.011246393588490888,4.0,0.01440726066874043,0.021249805428732005,0.034934894948714934,0.012696624478742757,0.03716216216216206
LO_n3_m5_touch,20211224,6593,239,1550,202111,0.23,12.65,-0.024058072725043456,-0.06578480595770209,-0.05419404672640793,-0.08433002072777229,-0.024058072725043456,1.0,-0.024058072725043456,-0.06578480595770209,-0.05419404672640793,-0.08433002072777229,0.07476635514018692
LO_n3_m5_touch,20260707,6617,1334,1565,202605,68.48,25.96,0.04555924976103354,-0.02117857469179829,-0.06567045766035295,-0.03452613958236461,-0.06567045766035295,3.0,0.06465622235940849,-0.0033005577911918715,-0.048605077891592297,-0.016891913821311944,0.07623318385650224
LO_n3_m5_touch,20260313,6683,1256,1595,202602,46.93,46.8,-0.007831009801231859,0.018509759850062757,0.05363078605178928,0.12826296673045756,-0.034171779452526585,7.0,-0.02508612267425392,0.0007965466352790607,0.03530677238132318,0.10864100209166683,0.13716814159292046
LO_n3_m5_touch,20260423,6735,1283,1621,202603,299.59,45.66,0.09093694397421093,0.1986838026383304,0.3019412088581117,0.09093694397421093,0.13583146841759408,10.0,-0.00783100980123197,0.09016098923074511,0.18406998830305632,-0.00783100980123197,0.32579185520361986
LO_n3_m5_touch,20241028,6791,925,1647,202409,18.07,14.38,-0.024647433363923055,-0.044827141639152246,-0.05155371106422857,0.01234869847399711,-0.06500684991438133,10.0,0.013130306893108123,-0.00783100980123197,-0.014818115366012075,0.05155938749939848,0.08135593220338988
LO_n3_m5_touch,20250715,6933,1097,1716,202506,158.75,40.51,-0.04880554036991269,0.04485052950135748,0.14728685592305912,0.2672836954456239,-0.04880554036991269,1.0,-0.06263104123662899,0.029663748549302982,0.13061117487766594,0.2488638742908913,0.26530612244897966
LO_n3_m5_touch,20250807,6949,1114,1723,202506,58.08,76.19,0.08673760154243104,0.1540576299565639,0.26625767731345196,0.1396319095821068,0.1396319095821068,10.0,0.0677628180234362,0.13390741737002054,0.24414841628099482,0.11973357465289536,0.3376413570274637
LO_n3_m5_touch,20260416,7556,1278,1746,202603,12.1,10.79,-0.024367159637878055,0.07301238940014931,0.08219913930939704,0.17222928842002605,0.12262083891008757,10.0,-0.02074027175549098,0.07700128304104203,0.0862221844369413,0.1765870181167548,0.21296296296296302
LO_n3_m5_touch,20230308,7402,526,1744,202301,-64.2,-64.2,0.08981655338177497,0.19618264899183635,0.12643438957540276,0.12469068308999187,0.32521692891223863,10.0,0.016566588318409847,0.11578348733828658,0.05072322568590848,0.04909671914459901,0.23022847100175747
LO_n3_m5_touch,20260401,7721,1269,1765,202602,30.2,15.56,0.001200437443750202,0.07990304915002455,0.052808707415077594,0.0837736693978739,0.12893090562278542,10.0,-0.012919055904815457,0.06467364717483193,0.037961405131018866,0.06848968175251935,0.1378413524057216
LO_n3_m5_touch,20260603,7709,1311,1756,202604,62.9,26.63,-0.04298660394213327,-0.12892250073100286,-0.08595455233656801,-0.09376690659010156,-0.04298660394213327,1.0,-0.039203942297635797,-0.125479506662746,-0.08234172448019084,-0.0901849576042918,0.023622047244094446
LO_n3_m5_touch,20241029,8044,926,1834,202409,-14.48,-8.54,0.03926223245199956,0.034981028610796994,0.05424644589620975,0.20515888129861137,0.1623468428865824,10.0,-0.01994294050559131,-0.023980250740377573,-0.005812354683838561,0.13650283109238348,0.21467098166127285
LO_n3_m5_touch,20221108,8033,451,1827,202209,-32.28,-12.75,-0.05569881195994464,-0.00492993088252236,-0.013633167638651744,0.044388410735545,0.3199909080129808,10.0,-0.00015168325170566987,0.05360360259497665,0.04438841073554567,0.10582302313175407,0.05263157894736836
LO_n3_m5_touch,20260115,8080,1223,1854,202512,229.71,25.24,-0.1065284486168161,-0.054582428187561205,-0.14912418536880523,-0.17717503640060273,-0.1065284486168161,1.0,-0.1065284486168161,-0.054582428187561205,-0.14912418536880523,-0.17717503640060273,0.0
LO_n3_m5_touch,20260226,8087,1246,1860,202601,883.39,883.39,0.018202578862875685,0.1194443125566278,0.07171606667243013,0.028326752232250785,-0.05700556616676855,6.0,0.03633081468832744,0.1393750718306328,0.09079706489211703,0.04663524040255784,0.15160349854227406
LO_n3_m5_touch,20260601,8150,1309,1883,202604,32.22,27.09,-0.0814285217502485,-0.1075137158587608,-0.07677045137372862,-0.18763252633490535,-0.0814285217502485,1.0,-0.06384820637704758,-0.09043263865031603,-0.05910098632824978,-0.1720848234896405,0.032863849765258246
LO_n3_m5_touch,20260604,8277,1312,1904,202604,-58.95,-53.69,-0.09464579644362425,-0.11945002119859338,-0.06984157168865501,-0.18394100556151338,-0.18394100556151338,5.0,-0.012340868847590003,-0.03940002312573809,0.014718285430558087,-0.10975382424892366,-0.04999999999999993
LO_n3_m5_touch,20240529,8374,824,1916,202404,-12.48,-12.28,0.09065635319643994,0.19826291647167382,0.31681252007998273,0.20373443663821122,0.243858917859485,10.0,0.040907116033093605,0.14360530975542218,0.2567473875851065,0.14882725180909984,0.34191176470588247
LO_n3_m5_touch,20241007,8404,911,1921,202408,25.36,35.21,-0.03297042678261963,-0.0011271652728618298,-0.026266582254249604,-0.027942543386342278,0.17317279246475947,10.0,-0.024733377607003115,0.007381121223962284,-0.017972430484694657,-0.019662667265271883,0.02533783783783794
LO_n3_m5_touch,20211116,8427,211,1935,202110,,,-0.005160299195044127,-0.006495654498138048,-0.0038249438919504275,-0.002489588588856395,-0.013172431013607544,8.0,-0.006497449330534755,-0.00783100980123208,-0.005163888859837651,-0.003830328389140214,0.008075370121130687
LO_n3_m5_touch,20220322,8440,292,1944,202202,6.45,9.76,-0.03690092925928501,0.022502819198475743,-0.07860994413388278,-0.1443332402999159,-0.16961143113300559,4.0,-0.006527239774689497,0.05474995147280337,-0.04955165065058864,-0.11734769203079354,0.04713375796178343
LO_n3_m5_touch,20260115,8476,1223,1959,202512,167.51,-20.3,-0.10604571792191797,-0.025870445986663992,-0.06996684555105381,-0.15815964467983323,-0.10604571792191797,1.0,-0.10964311945945548,-0.029790484433397824,-0.07370943369772964,-0.16154733222639328,0.010101010101010166
LO_n3_m5_touch,20240604,8455,828,1951,202404,-34.42,-14.24,-0.036946578362369475,-0.07614061296390096,-0.13773123876630755,-0.13773123876630755,-0.07614061296390096,2.0,-0.036946578362369475,-0.07614061296390096,-0.13773123876630755,-0.13773123876630755,0.0
LO_n3_m5_touch,20260520,8455,1301,1951,202604,-6.69,7.69,-0.027151597239237768,-0.08852287498349132,-0.06692927725866138,-0.09647841098737597,-0.07488481326254603,10.0,-0.09263177819428914,-0.14987229685960257,-0.12973211436625154,-0.15729236409399505,0.07216494845360821
LO_n3_m5_touch,20220825,9928,400,2017,202207,16.39,10.68,-0.07004096256289116,-0.0014505018256771862,0.01131051412543238,-0.014211517776786753,-0.07004096256289116,1.0,-0.07892592151929656,-0.010990783655367986,0.0016483117611767462,-0.02362987907191294,0.04662379421221852
LO_n3_m5_touch,20221103,9928,448,2017,202209,-1.63,7.61,-0.06688868778925383,-0.09051175898446273,-0.0975986803430251,-0.024367159637878166,0.034690518350143806,10.0,-0.012829342245558206,-0.037821004467189834,-0.04531850313367902,0.032155649753378146,0.01904761904761898
