trigger,inst,exit,date,taiex,ret,days,open
T1_dd8,0050,H20,20211001,16570.89,0.007637103631711106,20.0,False
T1_dd8,0050,H20,20220308,16825.25,0.006428605035210255,20.0,False
T1_dd8,0050,H20,20220412,16990.91,-0.08518151578374467,20.0,False
T1_dd8,0050,H20,20220613,16070.98,-0.10211134206726491,20.0,False
T1_dd8,0050,H20,20220818,15396.76,-0.07574855717153928,20.0,False
T1_dd8,0050,H20,20220923,14118.38,-0.09460562301158237,20.0,False
T1_dd8,0050,H20,20240722,22256.99,-0.016472655878085662,20.0,False
T1_dd8,0050,H20,20240930,22224.54,0.03074434789273872,20.0,False
T1_dd8,0050,H20,20250328,21602.89,-0.04069374997198605,20.0,False
T1_dd8,0050,H20,20250519,21523.83,0.03669013669555743,20.0,False
T1_dd8,0050,H20,20260309,32110.42,0.03661397790200649,20.0,False
T1_dd8,0050,H20,20260717,42671.27,0.05997180398525215,20.0,False
T1_dd8,0050,H60,20211001,16570.89,0.06288036589222146,60.0,False
T1_dd8,0050,H60,20220308,16825.25,-0.03972751667222085,60.0,False
T1_dd8,0050,H60,20220412,16990.91,-0.157325737709742,60.0,False
T1_dd8,0050,H60,20220613,16070.98,-0.05624647525244264,60.0,False
T1_dd8,0050,H60,20220818,15396.76,-0.09006852197853188,60.0,False
T1_dd8,0050,H60,20220923,14118.38,0.02981723508368228,60.0,False
T1_dd8,0050,H60,20240722,22256.99,0.062382364573204674,60.0,False
T1_dd8,0050,H60,20240930,22224.54,0.0690499478405977,60.0,False
T1_dd8,0050,H60,20250328,21602.89,0.10470384885068729,60.0,False
T1_dd8,0050,H60,20250519,21523.83,0.16817552322659846,60.0,False
T1_dd8,0050,H60,20260309,32110.42,0.37256579671766343,60.0,False
T1_dd8,0050,H60,20260717,42671.27,0.14514810966263814,56.0,True
T1_dd8,0050,H120,20211001,16570.89,0.018070090940320416,120.0,False
T1_dd8,0050,H120,20220308,16825.25,-0.11143747807648163,120.0,False
T1_dd8,0050,H120,20220412,16990.91,-0.22558241771491117,120.0,False
T1_dd8,0050,H120,20220613,16070.98,-0.02007473737013199,120.0,False
T1_dd8,0050,H120,20220818,15396.76,-0.008087476208659794,120.0,False
T1_dd8,0050,H120,20220923,14118.38,0.13280750507357286,120.0,False
T1_dd8,0050,H120,20240722,22256.99,0.07870862262481881,120.0,False
T1_dd8,0050,H120,20240930,22224.54,-0.17297784811326244,120.0,False
T1_dd8,0050,H120,20250328,21602.89,0.31233065461513854,120.0,False
T1_dd8,0050,H120,20250519,21523.83,0.39895337823843824,120.0,False
T1_dd8,0050,H120,20260309,32110.42,0.40064552585364366,120.0,False
T1_dd8,0050,H120,20260717,42671.27,0.14514810966263814,56.0,True
T1_dd8,0050,S10,20211001,16570.89,-0.08994695752543613,171.0,False
T1_dd8,0050,S10,20220308,16825.25,-0.10952457876638544,73.0,False
T1_dd8,0050,S10,20220412,16990.91,-0.10042849052068215,47.0,False
T1_dd8,0050,S10,20220613,16070.98,-0.11425044064229051,17.0,False
T1_dd8,0050,S10,20220818,15396.76,-0.11789016788926032,26.0,False
T1_dd8,0050,S10,20220923,14118.38,-0.11067499582831397,21.0,False
T1_dd8,0050,S10,20240722,22256.99,-0.09640788208898254,8.0,False
T1_dd8,0050,S10,20240930,22224.54,-0.17297784811326244,120.0,False
T1_dd8,0050,S10,20250328,21602.89,-0.12842297807999936,5.0,False
T1_dd8,0050,S10,20250519,21523.83,0.03669013669555743,21.0,False
T1_dd8,0050,S10,20260309,32110.42,0.511776555839214,145.0,True
T1_dd8,0050,S10,20260717,42671.27,0.14514810966263814,56.0,True
T1_dd8,0050,S15,20211001,16570.89,-0.16258559987348875,181.0,False
T1_dd8,0050,S15,20220308,16825.25,-0.1650620260241077,79.0,False
T1_dd8,0050,S15,20220412,16990.91,-0.1725727124466796,56.0,False
T1_dd8,0050,S15,20220613,16070.98,-0.15736292433253807,78.0,False
T1_dd8,0050,S15,20220818,15396.76,-0.14448438824510346,31.0,False
T1_dd8,0050,S15,20220923,14118.38,0.1993644065001925,250.0,False
T1_dd8,0050,S15,20240722,22256.99,-0.16495906116606662,168.0,False
T1_dd8,0050,S15,20240930,22224.54,-0.16586720791846898,121.0,False
T1_dd8,0050,S15,20250328,21602.89,-0.08098632705091058,6.0,False
T1_dd8,0050,S15,20250519,21523.83,0.03669013669555743,21.0,False
T1_dd8,0050,S15,20260309,32110.42,0.511776555839214,145.0,True
T1_dd8,0050,S15,20260717,42671.27,0.14514810966263814,56.0,True
T1_dd8,0050,S20,20211001,16570.89,-0.17570875815242726,241.0,False
T1_dd8,0050,S20,20220308,16825.25,-0.18843860610245788,141.0,False
T1_dd8,0050,S20,20220412,16990.91,-0.19573900844636394,118.0,False
T1_dd8,0050,S20,20220613,16070.98,-0.2038107241132322,94.0,False
T1_dd8,0050,S20,20220818,15396.76,-0.20749223339587064,46.0,False
T1_dd8,0050,S20,20220923,14118.38,0.1993644065001925,250.0,False
T1_dd8,0050,S20,20240722,22256.99,-0.11951093138035074,169.0,False
T1_dd8,0050,S20,20240930,22224.54,-0.12046850513632645,122.0,False
T1_dd8,0050,S20,20250328,21602.89,0.08595680505810499,54.0,False
T1_dd8,0050,S20,20250519,21523.83,0.03669013669555743,21.0,False
T1_dd8,0050,S20,20260309,32110.42,0.511776555839214,145.0,True
T1_dd8,0050,S20,20260717,42671.27,0.14514810966263814,56.0,True
T1_dd8,0050,TP10,20211001,16570.89,0.10560182204034962,65.0,False
T1_dd8,0050,TP10,20220308,16825.25,-0.08130106299651119,250.0,False
T1_dd8,0050,TP10,20220412,16990.91,-0.0899514898181849,250.0,False
T1_dd8,0050,TP10,20220613,16070.98,0.09571005606548444,250.0,False
T1_dd8,0050,TP10,20220818,15396.76,0.06539873257973694,250.0,False
T1_dd8,0050,TP10,20220923,14118.38,0.13233804485597078,81.0,False
T1_dd8,0050,TP10,20240722,22256.99,0.10694085215698168,112.0,False
T1_dd8,0050,TP10,20240930,22224.54,0.09332814499064912,66.0,False
T1_dd8,0050,TP10,20250328,21602.89,0.8818732873375366,250.0,False
T1_dd8,0050,TP10,20250519,21523.83,1.300230981193522,250.0,False
T1_dd8,0050,TP10,20260309,32110.42,0.10785667877925698,25.0,False
T1_dd8,0050,TP10,20260717,42671.27,0.1292086840387996,46.0,False
T1_dd8,0050,TP20,20211001,16570.89,-0.22005837969895703,250.0,False
T1_dd8,0050,TP20,20220308,16825.25,-0.08130106299651119,250.0,False
T1_dd8,0050,TP20,20220412,16990.91,-0.0899514898181849,250.0,False
T1_dd8,0050,TP20,20220613,16070.98,0.09571005606548444,250.0,False
T1_dd8,0050,TP20,20220818,15396.76,0.06539873257973694,250.0,False
T1_dd8,0050,TP20,20220923,14118.38,0.2337414518579981,171.0,False
T1_dd8,0050,TP20,20240722,22256.99,0.13048364418467662,250.0,False
T1_dd8,0050,TP20,20240930,22224.54,0.36281700714985,250.0,False
T1_dd8,0050,TP20,20250328,21602.89,0.8818732873375366,250.0,False
T1_dd8,0050,TP20,20250519,21523.83,1.300230981193522,250.0,False
T1_dd8,0050,TP20,20260309,32110.42,0.20981870939256875,33.0,False
T1_dd8,0050,TP20,20260717,42671.27,0.14514810966263814,56.0,True
T1_dd8,2330,H20,20211001,16570.89,0.026739338289317516,20.0,False
T1_dd8,2330,H20,20220308,16825.25,-0.002917070633205565,20.0,False
T1_dd8,2330,H20,20220412,16990.91,-0.09227092386070157,20.0,False
T1_dd8,2330,H20,20220613,16070.98,-0.09885243399082577,20.0,False
T1_dd8,2330,H20,20220818,15396.76,-0.09248128409316436,20.0,False
T1_dd8,2330,H20,20220923,14118.38,-0.14892953436674516,20.0,False
T1_dd8,2330,H20,20240722,22256.99,-0.012982458348473669,20.0,False
T1_dd8,2330,H20,20240930,22224.54,0.05680874860882246,20.0,False
T1_dd8,2330,H20,20250328,21602.89,-0.028321456337945583,20.0,False
T1_dd8,2330,H20,20250519,21523.83,0.04565486929171625,20.0,False
T1_dd8,2330,H20,20260309,32110.42,0.035334416899044374,20.0,False
T1_dd8,2330,H20,20260717,42671.27,0.03962055059957881,20.0,False
T1_dd8,2330,H60,20211001,16570.89,0.0592505149553022,60.0,False
T1_dd8,2330,H60,20220308,16825.25,-0.0591898285516137,60.0,False
T1_dd8,2330,H60,20220412,16990.91,-0.16870120821206092,60.0,False
T1_dd8,2330,H60,20220613,16070.98,-0.038841515293708384,60.0,False
T1_dd8,2330,H60,20220818,15396.76,-0.10594024810025704,60.0,False
T1_dd8,2330,H60,20220923,14118.38,0.0474361828340204,60.0,False
T1_dd8,2330,H60,20240722,22256.99,0.09698936432485117,60.0,False
T1_dd8,2330,H60,20240930,22224.54,0.12266771597780202,60.0,False
T1_dd8,2330,H60,20250328,21602.89,0.15884307457238434,60.0,False
T1_dd8,2330,H60,20250519,21523.83,0.19144328856796533,60.0,False
T1_dd8,2330,H60,20260309,32110.42,0.2748719426597488,60.0,False
T1_dd8,2330,H60,20260717,42671.27,0.1032561398019114,56.0,True
T1_dd8,2330,H120,20211001,16570.89,0.008654241068323909,120.0,False
T1_dd8,2330,H120,20220308,16825.25,-0.12038211075409266,120.0,False
T1_dd8,2330,H120,20220412,16990.91,-0.25552511042046655,120.0,False
T1_dd8,2330,H120,20220613,16070.98,0.001327752623441647,120.0,False
T1_dd8,2330,H120,20220818,15396.76,-0.006038856670468773,120.0,False
T1_dd8,2330,H120,20220923,14118.38,0.20710581243978576,120.0,False
T1_dd8,2330,H120,20240722,22256.99,0.16873119228100952,120.0,False
T1_dd8,2330,H120,20240930,22224.54,-0.17527907866977532,120.0,False
T1_dd8,2330,H120,20250328,21602.89,0.39727267746068673,120.0,False
T1_dd8,2330,H120,20250519,21523.83,0.5041061273352072,120.0,False
T1_dd8,2330,H120,20260309,32110.42,0.2782787965698976,120.0,False
T1_dd8,2330,H120,20260717,42671.27,0.1032561398019114,56.0,True
T1_dd8,2330,S10,20211001,16570.89,-0.11524619338816589,146.0,False
T1_dd8,2330,S10,20220308,16825.25,-0.10842849173022073,44.0,False
T1_dd8,2330,S10,20220412,16990.91,-0.10810340774685212,21.0,False
T1_dd8,2330,S10,20220613,16070.98,-0.1283660005631787,14.0,False
T1_dd8,2330,S10,20220818,15396.76,-0.09536534780896988,21.0,False
T1_dd8,2330,S10,20220923,14118.38,-0.1030165224049513,12.0,False
T1_dd8,2330,S10,20240722,22256.99,-0.10570853219882592,8.0,False
T1_dd8,2330,S10,20240930,22224.54,-0.17527907866977532,120.0,False
T1_dd8,2330,S10,20250328,21602.89,-0.12753835535782243,5.0,False
T1_dd8,2330,S10,20250519,21523.83,1.3777884244232412,250.0,False
T1_dd8,2330,S10,20260309,32110.42,0.36501871947923914,145.0,True
T1_dd8,2330,S10,20260717,42671.27,0.1032561398019114,56.0,True
T1_dd8,2330,S15,20211001,16570.89,-0.14114485279850053,175.0,False
T1_dd8,2330,S15,20220308,16825.25,-0.16635209089558722,78.0,False
T1_dd8,2330,S15,20220412,16990.91,-0.16604812696167404,55.0,False
T1_dd8,2330,S15,20220613,16070.98,-0.17182675005353687,78.0,False
T1_dd8,2330,S15,20220818,15396.76,-0.14823984926540634,28.0,False
T1_dd8,2330,S15,20220923,14118.38,-0.17020629600757653,21.0,False
T1_dd8,2330,S15,20240722,22256.99,-0.10570853219882592,8.0,False
T1_dd8,2330,S15,20240930,22224.54,-0.1628616996786052,121.0,False
T1_dd8,2330,S15,20250328,21602.89,1.172719635952161,250.0,False
T1_dd8,2330,S15,20250519,21523.83,1.3777884244232412,250.0,False
T1_dd8,2330,S15,20260309,32110.42,0.36501871947923914,145.0,True
T1_dd8,2330,S15,20260717,42671.27,0.1032561398019114,56.0,True
T1_dd8,2330,S20,20211001,16570.89,-0.2227317053927188,181.0,False
T1_dd8,2330,S20,20220308,16825.25,-0.2167422614353025,79.0,False
T1_dd8,2330,S20,20220412,16990.91,-0.20495998530068393,57.0,False
T1_dd8,2330,S20,20220613,16070.98,-0.21437328499702302,84.0,False
T1_dd8,2330,S20,20220818,15396.76,-0.2366844698834455,36.0,False
T1_dd8,2330,S20,20220923,14118.38,0.24011338287901696,250.0,False
T1_dd8,2330,S20,20240722,22256.99,0.20014738655734,250.0,False
T1_dd8,2330,S20,20240930,22224.54,0.5180703606110975,250.0,False
T1_dd8,2330,S20,20250328,21602.89,1.172719635952161,250.0,False
T1_dd8,2330,S20,20250519,21523.83,1.3777884244232412,250.0,False
T1_dd8,2330,S20,20260309,32110.42,0.36501871947923914,145.0,True
T1_dd8,2330,S20,20260717,42671.27,0.1032561398019114,56.0,True
T1_dd8,2330,TP10,20211001,16570.89,0.1617026139427824,65.0,False
T1_dd8,2330,TP10,20220308,16825.25,-0.07214058433390369,250.0,False
T1_dd8,2330,TP10,20220412,16990.91,-0.09158943001742759,250.0,False
T1_dd8,2330,TP10,20220613,16070.98,0.1486132922603478,232.0,False
T1_dd8,2330,TP10,20220818,15396.76,0.1529341259687702,195.0,False
T1_dd8,2330,TP10,20220923,14118.38,0.10751143488327486,41.0,False
T1_dd8,2330,TP10,20240722,22256.99,0.07629145179041985,55.0,False
T1_dd8,2330,TP10,20240930,22224.54,0.06706902772152934,8.0,False
T1_dd8,2330,TP10,20250328,21602.89,0.14854345061053054,48.0,False
T1_dd8,2330,TP10,20250519,21523.83,0.10095392487925903,37.0,False
T1_dd8,2330,TP10,20260309,32110.42,0.10719567462725554,25.0,False
T1_dd8,2330,TP10,20260717,42671.27,0.11407237646663604,54.0,False
T1_dd8,2330,TP20,20211001,16570.89,-0.280016257476395,250.0,False
T1_dd8,2330,TP20,20220308,16825.25,-0.07214058433390369,250.0,False
T1_dd8,2330,TP20,20220412,16990.91,-0.09158943001742759,250.0,False
T1_dd8,2330,TP20,20220613,16070.98,0.1580129471411411,250.0,False
T1_dd8,2330,TP20,20220818,15396.76,0.06066592417889405,250.0,False
T1_dd8,2330,TP20,20220923,14118.38,0.2096198498534816,81.0,False
T1_dd8,2330,TP20,20240722,22256.99,0.20014738655734,248.0,False
T1_dd8,2330,TP20,20240930,22224.54,0.22623505629501972,206.0,False
T1_dd8,2330,TP20,20250328,21602.89,0.21299462011314985,73.0,False
T1_dd8,2330,TP20,20250519,21523.83,0.19144328856796533,61.0,False
T1_dd8,2330,TP20,20260309,32110.42,0.19502610073951376,33.0,False
T1_dd8,2330,TP20,20260717,42671.27,0.1032561398019114,56.0,True
T1_dd8,2454,H20,20211001,16570.89,0.033323981944681114,20.0,False
T1_dd8,2454,H20,20220308,16825.25,-0.1304471568906781,20.0,False
T1_dd8,2454,H20,20220412,16990.91,-0.03237229224431093,20.0,False
T1_dd8,2454,H20,20220613,16070.98,-0.21257457772252708,20.0,False
T1_dd8,2454,H20,20220818,15396.76,-0.1422904307268852,20.0,False
T1_dd8,2454,H20,20220923,14118.38,0.023336602456321076,20.0,False
T1_dd8,2454,H20,20240722,22256.99,-0.027595332315151544,20.0,False
T1_dd8,2454,H20,20240930,22224.54,0.06689301456520247,20.0,False
T1_dd8,2454,H20,20250328,21602.89,-0.04276653762513216,20.0,False
T1_dd8,2454,H20,20250519,21523.83,-0.056320471728239396,20.0,False
T1_dd8,2454,H20,20260309,32110.42,-0.08238706108784455,20.0,False
T1_dd8,2454,H20,20260717,42671.27,0.24353818294659302,20.0,False
T1_dd8,2454,H60,20211001,16570.89,0.290264606088084,60.0,False
T1_dd8,2454,H60,20220308,16825.25,-0.08037889682915411,60.0,False
T1_dd8,2454,H60,20220412,16990.91,-0.16483034312021094,60.0,False
T1_dd8,2454,H60,20220613,16070.98,-0.20630526703560448,60.0,False
T1_dd8,2454,H60,20220818,15396.76,-0.0035849228246324083,60.0,False
T1_dd8,2454,H60,20220923,14118.38,0.12549710930052216,60.0,False
T1_dd8,2454,H60,20240722,22256.99,0.011933312712687716,60.0,False
T1_dd8,2454,H60,20240930,22224.54,0.18728172048890235,60.0,False
T1_dd8,2454,H60,20250328,21602.89,-0.10215693492576283,60.0,False
T1_dd8,2454,H60,20250519,21523.83,0.04213514555596487,60.0,False
T1_dd8,2454,H60,20260309,32110.42,1.5004952585356235,60.0,False
T1_dd8,2454,H60,20260717,42671.27,0.38696648704388137,56.0,True
T1_dd8,2454,H120,20211001,16570.89,-0.04564911032450325,120.0,False
T1_dd8,2454,H120,20220308,16825.25,-0.26639380137022184,120.0,False
T1_dd8,2454,H120,20220412,16990.91,-0.30231211740657615,120.0,False
T1_dd8,2454,H120,20220613,16070.98,-0.05960339696161687,120.0,False
T1_dd8,2454,H120,20220818,15396.76,0.026137686011564742,120.0,False
T1_dd8,2454,H120,20220923,14118.38,0.34020732707477586,120.0,False
T1_dd8,2454,H120,20240722,22256.99,0.17031598031557627,120.0,False
T1_dd8,2454,H120,20240930,22224.54,0.06378700152736405,120.0,False
T1_dd8,2454,H120,20250328,21602.89,0.06870546693952395,120.0,False
T1_dd8,2454,H120,20250519,21523.83,-0.049146765003681536,120.0,False
T1_dd8,2454,H120,20260309,32110.42,1.4894794287617987,120.0,False
T1_dd8,2454,H120,20260717,42671.27,0.38696648704388137,56.0,True
T1_dd8,2454,S10,20211001,16570.89,-0.1659567706325945,175.0,False
T1_dd8,2454,S10,20220308,16825.25,-0.1304471568906781,20.0,False
T1_dd8,2454,S10,20220412,16990.91,-0.1237142984738212,50.0,False
T1_dd8,2454,S10,20220613,16070.98,-0.14486602230376355,8.0,False
T1_dd8,2454,S10,20220818,15396.76,-0.12813680747155332,11.0,False
T1_dd8,2454,S10,20220923,14118.38,0.5145641249854211,250.0,False
T1_dd8,2454,S10,20240722,22256.99,-0.21337996394599668,7.0,False
T1_dd8,2454,S10,20240930,22224.54,0.14956110617218576,250.0,False
T1_dd8,2454,S10,20250328,21602.89,-0.12661180440249276,5.0,False
T1_dd8,2454,S10,20250519,21523.83,-0.125215023803387,126.0,False
T1_dd8,2454,S10,20260309,32110.42,-0.1254001675993518,15.0,False
T1_dd8,2454,S10,20260717,42671.27,0.38696648704388137,56.0,True
T1_dd8,2454,S15,20211001,16570.89,-0.1659567706325945,175.0,False
T1_dd8,2454,S15,20220308,16825.25,-0.14679597650260423,34.0,False
T1_dd8,2454,S15,20220412,16990.91,-0.1237142984738212,50.0,False
T1_dd8,2454,S15,20220613,16070.98,-0.14486602230376355,8.0,False
T1_dd8,2454,S15,20220818,15396.76,-0.1635208656098831,24.0,False
T1_dd8,2454,S15,20220923,14118.38,0.5145641249854211,250.0,False
T1_dd8,2454,S15,20240722,22256.99,-0.1382755383931018,8.0,False
T1_dd8,2454,S15,20240930,22224.54,0.14956110617218576,250.0,False
T1_dd8,2454,S15,20250328,21602.89,-0.09167627657859256,6.0,False
T1_dd8,2454,S15,20250519,21523.83,2.4584108437579992,250.0,False
T1_dd8,2454,S15,20260309,32110.42,-0.13973786976985425,17.0,False
T1_dd8,2454,S15,20260717,42671.27,0.38696648704388137,56.0,True
T1_dd8,2454,S20,20211001,16570.89,-0.1659567706325945,175.0,False
T1_dd8,2454,S20,20220308,16825.25,-0.23381404676032358,73.0,False
T1_dd8,2454,S20,20220412,16990.91,-0.11985966928822234,51.0,False
T1_dd8,2454,S20,20220613,16070.98,-0.14486602230376355,8.0,False
T1_dd8,2454,S20,20220818,15396.76,-0.2102278223524785,28.0,False
T1_dd8,2454,S20,20220923,14118.38,0.5145641249854211,250.0,False
T1_dd8,2454,S20,20240722,22256.99,-0.1382755383931018,8.0,False
T1_dd8,2454,S20,20240930,22224.54,0.14956110617218576,250.0,False
T1_dd8,2454,S20,20250328,21602.89,0.19473317825363745,250.0,False
T1_dd8,2454,S20,20250519,21523.83,2.4584108437579992,250.0,False
T1_dd8,2454,S20,20260309,32110.42,1.7058304799288146,145.0,True
T1_dd8,2454,S20,20260717,42671.27,0.38696648704388137,56.0,True
T1_dd8,2454,TP10,20211001,16570.89,0.12342004495600434,29.0,False
T1_dd8,2454,TP10,20220308,16825.25,-0.13495134311649448,250.0,False
T1_dd8,2454,TP10,20220412,16990.91,-0.14812694998261522,250.0,False
T1_dd8,2454,TP10,20220613,16070.98,-0.04485837154455374,250.0,False
T1_dd8,2454,TP10,20220818,15396.76,0.11813623717122224,126.0,False
T1_dd8,2454,TP10,20220923,14118.38,0.1220340412719052,32.0,False
T1_dd8,2454,TP10,20240722,22256.99,0.13447211229899003,97.0,False
T1_dd8,2454,TP10,20240930,22224.54,0.08764968800032324,12.0,False
T1_dd8,2454,TP10,20250328,21602.89,0.2637299271497444,205.0,False
T1_dd8,2454,TP10,20250519,21523.83,0.1562375337555233,80.0,False
T1_dd8,2454,TP10,20260309,32110.42,0.12407585016739064,27.0,False
T1_dd8,2454,TP10,20260717,42671.27,0.16812742512224577,3.0,False
T1_dd8,2454,TP20,20211001,16570.89,0.2402112377484602,33.0,False
T1_dd8,2454,TP20,20220308,16825.25,-0.13495134311649448,250.0,False
T1_dd8,2454,TP20,20220412,16990.91,-0.14812694998261522,250.0,False
T1_dd8,2454,TP20,20220613,16070.98,-0.04485837154455374,250.0,False
T1_dd8,2454,TP20,20220818,15396.76,0.10794089318508626,250.0,False
T1_dd8,2454,TP20,20220923,14118.38,0.22073148008748955,34.0,False
T1_dd8,2454,TP20,20240722,22256.99,0.23488513785022858,127.0,False
T1_dd8,2454,TP20,20240930,22224.54,0.2714585675625869,66.0,False
T1_dd8,2454,TP20,20250328,21602.89,0.2746241506596563,206.0,False
T1_dd8,2454,TP20,20250519,21523.83,0.3492454861298022,172.0,False
T1_dd8,2454,TP20,20260309,32110.42,0.215837144058606,29.0,False
T1_dd8,2454,TP20,20260717,42671.27,0.3012052330475645,19.0,False
T1_dd8,TOP10,H20,20211001,16570.89,0.11285767808880938,20.0,False
T1_dd8,TOP10,H20,20220308,16825.25,-0.02700634030617951,20.0,False
T1_dd8,TOP10,H20,20220412,16990.91,-0.05255961582774808,20.0,False
T1_dd8,TOP10,H20,20220613,16070.98,-0.16253054630298136,20.0,False
T1_dd8,TOP10,H20,20220818,15396.76,-0.1171428614466603,20.0,False
T1_dd8,TOP10,H20,20220923,14118.38,-0.13236007362879276,20.0,False
T1_dd8,TOP10,H20,20240722,22256.99,-0.05318418069546251,20.0,False
T1_dd8,TOP10,H20,20240930,22224.54,0.021322603862723187,20.0,False
T1_dd8,TOP10,H20,20250328,21602.89,-0.059942271058365595,20.0,False
T1_dd8,TOP10,H20,20250519,21523.83,0.061975463401999255,20.0,False
T1_dd8,TOP10,H20,20260309,32110.42,0.15365845918706833,20.0,False
T1_dd8,TOP10,H20,20260717,42671.27,0.09866489391792392,20.0,False
T1_dd8,TOP10,H60,20211001,16570.89,0.2762166575317612,60.0,False
T1_dd8,TOP10,H60,20220308,16825.25,-0.048750128152754445,60.0,False
T1_dd8,TOP10,H60,20220412,16990.91,-0.21827396132235627,60.0,False
T1_dd8,TOP10,H60,20220613,16070.98,-0.10198654746835589,60.0,False
T1_dd8,TOP10,H60,20220818,15396.76,-0.12550817038538525,60.0,False
T1_dd8,TOP10,H60,20220923,14118.38,0.025583567926635565,60.0,False
T1_dd8,TOP10,H60,20240722,22256.99,-0.007508681400112005,60.0,False
T1_dd8,TOP10,H60,20240930,22224.54,0.06318318557160024,60.0,False
T1_dd8,TOP10,H60,20250328,21602.89,0.13426445318369762,60.0,False
T1_dd8,TOP10,H60,20250519,21523.83,0.2324678552532169,60.0,False
T1_dd8,TOP10,H60,20260309,32110.42,0.6714886564134978,60.0,False
T1_dd8,TOP10,H60,20260717,42671.27,0.18869189799260866,56.0,True
T1_dd8,TOP10,H120,20211001,16570.89,0.33677465369371584,120.0,False
T1_dd8,TOP10,H120,20220308,16825.25,-0.2267107627270947,120.0,False
T1_dd8,TOP10,H120,20220412,16990.91,-0.3358405630850197,120.0,False
T1_dd8,TOP10,H120,20220613,16070.98,-0.1200648380789355,120.0,False
T1_dd8,TOP10,H120,20220818,15396.76,-0.09085625042904728,120.0,False
T1_dd8,TOP10,H120,20220923,14118.38,0.16725372824226709,120.0,False
T1_dd8,TOP10,H120,20240722,22256.99,-0.03301520628621716,120.0,False
T1_dd8,TOP10,H120,20240930,22224.54,-0.26668566547829003,120.0,False
T1_dd8,TOP10,H120,20250328,21602.89,0.41434234714244067,120.0,False
T1_dd8,TOP10,H120,20250519,21523.83,0.6894538865139775,120.0,False
T1_dd8,TOP10,H120,20260309,32110.42,0.6663657091428176,120.0,False
T1_dd8,TOP10,H120,20260717,42671.27,0.18869189799260866,56.0,True
T1_dd8,TOP10,S10,20211001,16570.89,-0.10016665968577336,86.3,False
T1_dd8,TOP10,S10,20220308,16825.25,-0.116965393100396,44.1,False
T1_dd8,TOP10,S10,20220412,16990.91,-0.11566628536231913,50.1,False
T1_dd8,TOP10,S10,20220613,16070.98,-0.12902045121568087,21.2,False
T1_dd8,TOP10,S10,20220818,15396.76,-0.11867138220606561,17.7,False
T1_dd8,TOP10,S10,20220923,14118.38,-0.04698672249811858,34.7,False
T1_dd8,TOP10,S10,20240722,22256.99,-0.10562804567715382,47.1,False
T1_dd8,TOP10,S10,20240930,22224.54,-0.03221866172497232,93.3,False
T1_dd8,TOP10,S10,20250328,21602.89,-0.19681872123335953,4.6,False
T1_dd8,TOP10,S10,20250519,21523.83,1.4162591714560802,190.7,False
T1_dd8,TOP10,S10,20260309,32110.42,0.39685288165308474,88.2,True
T1_dd8,TOP10,S10,20260717,42671.27,-0.08215065981501155,17.0,True
T1_dd8,TOP10,S15,20211001,16570.89,-0.12400467453724266,109.5,False
T1_dd8,TOP10,S15,20220308,16825.25,-0.1583254825954438,62.1,False
T1_dd8,TOP10,S15,20220412,16990.91,-0.1571681413135135,61.6,False
T1_dd8,TOP10,S15,20220613,16070.98,-0.143766982262333,47.1,False
T1_dd8,TOP10,S15,20220818,15396.76,-0.16980512919477808,22.4,False
T1_dd8,TOP10,S15,20220923,14118.38,0.07276833943184702,101.5,False
T1_dd8,TOP10,S15,20240722,22256.99,-0.1253855063367553,47.9,False
T1_dd8,TOP10,S15,20240930,22224.54,-0.04636039986138231,116.4,False
T1_dd8,TOP10,S15,20250328,21602.89,-0.08214396100647195,29.6,False
T1_dd8,TOP10,S15,20250519,21523.83,1.8215301102507304,227.2,False
T1_dd8,TOP10,S15,20260309,32110.42,0.4286863057874518,101.7,True
T1_dd8,TOP10,S15,20260717,42671.27,0.019314609370314918,27.0,True
T1_dd8,TOP10,S20,20211001,16570.89,-0.15880612159884702,146.8,False
T1_dd8,TOP10,S20,20220308,16825.25,-0.2155647473847461,82.6,False
T1_dd8,TOP10,S20,20220412,16990.91,-0.1886768184718934,72.1,False
T1_dd8,TOP10,S20,20220613,16070.98,-0.16023789772031508,49.4,False
T1_dd8,TOP10,S20,20220818,15396.76,-0.21948294410645022,52.4,False
T1_dd8,TOP10,S20,20220923,14118.38,0.22331893631485072,174.7,False
T1_dd8,TOP10,S20,20240722,22256.99,-0.11719325104218374,102.0,False
T1_dd8,TOP10,S20,20240930,22224.54,-0.01802492771451263,155.4,False
T1_dd8,TOP10,S20,20250328,21602.89,-0.05250042788463698,54.4,False
T1_dd8,TOP10,S20,20250519,21523.83,1.8157038219438,227.9,False
T1_dd8,TOP10,S20,20260309,32110.42,0.6329480327307062,128.5,True
T1_dd8,TOP10,S20,20260717,42671.27,0.05116300210164874,32.2,True
T1_dd8,TOP10,TP10,20211001,16570.89,0.08117209407084575,52.3,False
T1_dd8,TOP10,TP10,20220308,16825.25,-0.08960172878910921,142.2,False
T1_dd8,TOP10,TP10,20220412,16990.91,-0.17979126334298745,182.8,False
T1_dd8,TOP10,TP10,20220613,16070.98,-0.011952603745439539,194.4,False
T1_dd8,TOP10,TP10,20220818,15396.76,-0.01890934553472621,150.4,False
T1_dd8,TOP10,TP10,20220923,14118.38,0.11762490557795795,96.2,False
T1_dd8,TOP10,TP10,20240722,22256.99,0.03156166826414554,100.6,False
T1_dd8,TOP10,TP10,20240930,22224.54,0.04536272986118424,60.1,False
T1_dd8,TOP10,TP10,20250328,21602.89,0.14098869994626723,68.8,False
T1_dd8,TOP10,TP10,20250519,21523.83,0.11762891928847034,66.7,False
T1_dd8,TOP10,TP10,20260309,32110.42,0.15232611633579957,8.7,False
T1_dd8,TOP10,TP10,20260717,42671.27,0.09427683173608982,22.9,True
T1_dd8,TOP10,TP20,20211001,16570.89,0.03846792163495076,101.8,False
T1_dd8,TOP10,TP20,20220308,16825.25,-0.22745741948529594,227.4,False
T1_dd8,TOP10,TP20,20220412,16990.91,-0.23441264785177882,214.3,False
T1_dd8,TOP10,TP20,20220613,16070.98,0.01097364305622468,203.4,False
T1_dd8,TOP10,TP20,20220818,15396.76,-0.011761316783032716,206.1,False
T1_dd8,TOP10,TP20,20220923,14118.38,0.15145537272429585,128.5,False
T1_dd8,TOP10,TP20,20240722,22256.99,0.0812750118410038,200.3,False
T1_dd8,TOP10,TP20,20240930,22224.54,0.10771154949262418,162.2,False
T1_dd8,TOP10,TP20,20250328,21602.89,0.2354731434083312,87.0,False
T1_dd8,TOP10,TP20,20250519,21523.83,0.22411207197637503,97.6,False
T1_dd8,TOP10,TP20,20260309,32110.42,0.253116740430308,23.0,False
T1_dd8,TOP10,TP20,20260717,42671.27,0.14125922197275953,41.2,True
T1_dd10,0050,H20,20220427,16303.35,-0.03276183641007391,20.0,False
T1_dd10,0050,H20,20220616,15838.61,-0.06030936961339817,20.0,False
T1_dd10,0050,H20,20220823,15095.89,-0.07798437274457903,20.0,False
T1_dd10,0050,H20,20220926,13778.19,-0.1086125537963758,20.0,False
T1_dd10,0050,H20,20240802,21638.09,0.08296153205614121,20.0,False
T1_dd10,0050,H20,20240904,21092.75,0.07310380513543335,20.0,False
T1_dd10,0050,H20,20250331,20695.9,-0.016975424457441712,20.0,False
T1_dd10,0050,H20,20260331,31722.99,0.22367508791181412,20.0,False
T1_dd10,0050,H20,20260717,42671.27,0.05997180398525215,20.0,False
T1_dd10,0050,H60,20220427,16303.35,-0.0795760003098489,60.0,False
T1_dd10,0050,H60,20220616,15838.61,-0.03960231231779132,60.0,False
T1_dd10,0050,H60,20220823,15095.89,-0.04040221402492872,60.0,False
T1_dd10,0050,H60,20220926,13778.19,0.01978037211524586,60.0,False
T1_dd10,0050,H60,20240802,21638.09,0.13743705717056498,60.0,False
T1_dd10,0050,H60,20240904,21092.75,0.12361631374838788,60.0,False
T1_dd10,0050,H60,20250331,20695.9,0.10584696127706406,60.0,False
T1_dd10,0050,H60,20260331,31722.99,0.41351008803651146,60.0,False
T1_dd10,0050,H60,20260717,42671.27,0.14514810966263814,56.0,True
T1_dd10,0050,H120,20220427,16303.35,-0.20224643878961968,120.0,False
T1_dd10,0050,H120,20220616,15838.61,-0.02710797986745883,120.0,False
T1_dd10,0050,H120,20220823,15095.89,0.007244877033310448,120.0,False
T1_dd10,0050,H120,20220926,13778.19,0.14249284388569539,120.0,False
T1_dd10,0050,H120,20240802,21638.09,0.1951074472102079,120.0,False
T1_dd10,0050,H120,20240904,21092.75,0.05971148779456481,120.0,False
T1_dd10,0050,H120,20250331,20695.9,0.31233065461513854,120.0,False
T1_dd10,0050,H120,20260331,31722.99,0.5013026206580888,120.0,False
T1_dd10,0050,H120,20260717,42671.27,0.14514810966263814,56.0,True
T1_dd10,0050,S10,20220427,16303.35,-0.1332642311769694,45.0,False
T1_dd10,0050,S10,20220616,15838.61,-0.10253804977475067,14.0,False
T1_dd10,0050,S10,20220823,15095.89,-0.11097315650960549,25.0,False
T1_dd10,0050,S10,20220926,13778.19,-0.1086125537963758,20.0,False
T1_dd10,0050,S10,20240802,21638.09,-0.029427891356558655,162.0,False
T1_dd10,0050,S10,20240904,21092.75,-0.11254254866188285,138.0,False
T1_dd10,0050,S10,20250331,20695.9,-0.12842297807999936,4.0,False
T1_dd10,0050,S10,20260331,31722.99,0.5299178745092847,129.0,True
T1_dd10,0050,S10,20260717,42671.27,0.14514810966263814,56.0,True
T1_dd10,0050,S15,20220427,16303.35,-0.14684688592778772,105.0,False
T1_dd10,0050,S15,20220616,15838.61,-0.12914502821183915,76.0,False
T1_dd10,0050,S15,20220823,15095.89,-0.16150028101046865,33.0,False
T1_dd10,0050,S15,20220926,13778.19,0.20787491482305076,250.0,False
T1_dd10,0050,S15,20240802,21638.09,0.1468810717458482,210.0,False
T1_dd10,0050,S15,20240904,21092.75,-0.064241585736595,139.0,False
T1_dd10,0050,S15,20250331,20695.9,-0.08098632705091058,5.0,False
T1_dd10,0050,S15,20260331,31722.99,0.5299178745092847,129.0,True
T1_dd10,0050,S15,20260717,42671.27,0.14514810966263814,56.0,True
T1_dd10,0050,S20,20220427,16303.35,-0.20541212752458127,115.0,False
T1_dd10,0050,S20,20220616,15838.61,-0.19328260145687848,91.0,False
T1_dd10,0050,S20,20220823,15095.89,0.09690107548138105,250.0,False
T1_dd10,0050,S20,20220926,13778.19,0.20787491482305076,250.0,False
T1_dd10,0050,S20,20240802,21638.09,0.1468810717458482,210.0,False
T1_dd10,0050,S20,20240904,21092.75,0.1057433069507987,187.0,False
T1_dd10,0050,S20,20250331,20695.9,0.08595680505810499,53.0,False
T1_dd10,0050,S20,20260331,31722.99,0.5299178745092847,129.0,True
T1_dd10,0050,S20,20260717,42671.27,0.14514810966263814,56.0,True
T1_dd10,0050,TP10,20220427,16303.35,-0.0386255553168785,250.0,False
T1_dd10,0050,TP10,20220616,15838.61,0.10508854801936862,250.0,False
T1_dd10,0050,TP10,20220823,15095.89,0.12210238950552776,193.0,False
T1_dd10,0050,TP10,20220926,13778.19,0.13496406072994116,80.0,False
T1_dd10,0050,TP10,20240802,21638.09,0.09248730693953755,10.0,False
T1_dd10,0050,TP10,20240904,21092.75,0.10266510278960572,23.0,False
T1_dd10,0050,TP10,20250331,20695.9,0.9087238367226254,250.0,False
T1_dd10,0050,TP10,20260331,31722.99,0.1125521610095519,8.0,False
T1_dd10,0050,TP10,20260717,42671.27,0.1292086840387996,46.0,False
T1_dd10,0050,TP20,20220427,16303.35,-0.0386255553168785,250.0,False
T1_dd10,0050,TP20,20220616,15838.61,0.10508854801936862,250.0,False
T1_dd10,0050,TP20,20220823,15095.89,0.09690107548138105,250.0,False
T1_dd10,0050,TP20,20220926,13778.19,0.23660263333262255,170.0,False
T1_dd10,0050,TP20,20240802,21638.09,0.22019222647007197,105.0,False
T1_dd10,0050,TP20,20240904,21092.75,0.3163153526627047,250.0,False
T1_dd10,0050,TP20,20250331,20695.9,0.9087238367226254,250.0,False
T1_dd10,0050,TP20,20260331,31722.99,0.22433653390527986,17.0,False
T1_dd10,0050,TP20,20260717,42671.27,0.14514810966263814,56.0,True
T1_dd10,2330,H20,20220427,16303.35,-0.01906311157706697,20.0,False
T1_dd10,2330,H20,20220616,15838.61,-0.04457800943822343,20.0,False
T1_dd10,2330,H20,20220823,15095.89,-0.08527112480365029,20.0,False
T1_dd10,2330,H20,20220926,13778.19,-0.18129485329923478,20.0,False
T1_dd10,2330,H20,20240802,21638.09,0.10629171442350915,20.0,False
T1_dd10,2330,H20,20240904,21092.75,0.09879215935265706,20.0,False
T1_dd10,2330,H20,20250331,20695.9,0.0017809610403061171,20.0,False
T1_dd10,2330,H20,20260331,31722.99,0.1862890100202661,20.0,False
T1_dd10,2330,H20,20260717,42671.27,0.03962055059957881,20.0,False
T1_dd10,2330,H60,20220427,16303.35,-0.058907028164597364,60.0,False
T1_dd10,2330,H60,20220616,15838.61,-0.03663271221941444,60.0,False
T1_dd10,2330,H60,20220823,15095.89,-0.026863112209943973,60.0,False
T1_dd10,2330,H60,20220926,13778.19,0.02232701265855619,60.0,False
T1_dd10,2330,H60,20240802,21638.09,0.2048152854329175,60.0,False
T1_dd10,2330,H60,20240904,21092.75,0.17570761050734318,60.0,False
T1_dd10,2330,H60,20250331,20695.9,0.1529790858948803,60.0,False
T1_dd10,2330,H60,20260331,31722.99,0.31921832202930456,60.0,False
T1_dd10,2330,H60,20260717,42671.27,0.1032561398019114,56.0,True
T1_dd10,2330,H120,20220427,16303.35,-0.2352152997451178,120.0,False
T1_dd10,2330,H120,20220616,15838.61,-0.025088307735039894,120.0,False
T1_dd10,2330,H120,20220823,15095.89,0.019560661380819466,120.0,False
T1_dd10,2330,H120,20220926,13778.19,0.19767864778600064,120.0,False
T1_dd10,2330,H120,20240802,21638.09,0.3151243763657863,120.0,False
T1_dd10,2330,H120,20240904,21092.75,0.080953938898229,120.0,False
T1_dd10,2330,H120,20250331,20695.9,0.36758356656885294,120.0,False
T1_dd10,2330,H120,20260331,31722.99,0.3420861999255489,120.0,False
T1_dd10,2330,H120,20260717,42671.27,0.1032561398019114,56.0,True
T1_dd10,2330,S10,20220427,16303.35,-0.11254932755921532,44.0,False
T1_dd10,2330,S10,20220616,15838.61,-0.10714722503634377,12.0,False
T1_dd10,2330,S10,20220823,15095.89,-0.1110102489974868,23.0,False
T1_dd10,2330,S10,20220926,13778.19,-0.12273699530309379,10.0,False
T1_dd10,2330,S10,20240802,21638.09,0.4038934240593324,250.0,False
T1_dd10,2330,S10,20240904,21092.75,-0.10349319878855301,138.0,False
T1_dd10,2330,S10,20250331,20695.9,-0.1359906210217402,4.0,False
T1_dd10,2330,S10,20260331,31722.99,0.38275547871117155,129.0,True
T1_dd10,2330,S10,20260717,42671.27,0.1032561398019114,56.0,True
T1_dd10,2330,S15,20220427,16303.35,-0.153957418319973,46.0,False
T1_dd10,2330,S15,20220616,15838.61,-0.16393331308834846,75.0,False
T1_dd10,2330,S15,20220823,15095.89,-0.1713981942214884,27.0,False
T1_dd10,2330,S15,20220926,13778.19,-0.18129485329923478,20.0,False
T1_dd10,2330,S15,20240802,21638.09,0.4038934240593324,250.0,False
T1_dd10,2330,S15,20240904,21092.75,0.4134348976531197,250.0,False
T1_dd10,2330,S15,20250331,20695.9,-0.07831879597251135,5.0,False
T1_dd10,2330,S15,20260331,31722.99,0.38275547871117155,129.0,True
T1_dd10,2330,S15,20260717,42671.27,0.1032561398019114,56.0,True
T1_dd10,2330,S20,20220427,16303.35,-0.20776634391913806,109.0,False
T1_dd10,2330,S20,20220616,15838.61,-0.19989317058992495,82.0,False
T1_dd10,2330,S20,20220823,15095.89,-0.2139667457728336,33.0,False
T1_dd10,2330,S20,20220926,13778.19,0.23031408293705358,250.0,False
T1_dd10,2330,S20,20240802,21638.09,0.4038934240593324,250.0,False
T1_dd10,2330,S20,20240904,21092.75,0.4134348976531197,250.0,False
T1_dd10,2330,S20,20250331,20695.9,1.1841896360096396,250.0,False
T1_dd10,2330,S20,20260331,31722.99,0.38275547871117155,129.0,True
T1_dd10,2330,S20,20260717,42671.27,0.1032561398019114,56.0,True
T1_dd10,2330,TP10,20220427,16303.35,-0.02757134606072542,250.0,False
T1_dd10,2330,TP10,20220616,15838.61,0.15956088881749375,229.0,False
T1_dd10,2330,TP10,20220823,15095.89,0.14920766659590878,181.0,False
T1_dd10,2330,TP10,20220926,13778.19,0.09160686226768688,42.0,False
T1_dd10,2330,TP10,20240802,21638.09,0.10046912645285899,6.0,False
T1_dd10,2330,TP10,20240904,21092.75,0.10978008094618374,14.0,False
T1_dd10,2330,TP10,20250331,20695.9,0.13741654958201077,47.0,False
T1_dd10,2330,TP10,20260331,31722.99,0.11349400258720443,8.0,False
T1_dd10,2330,TP10,20260717,42671.27,0.11407237646663604,54.0,False
T1_dd10,2330,TP20,20220427,16303.35,-0.02757134606072542,250.0,False
T1_dd10,2330,TP20,20220616,15838.61,0.17310933499625958,250.0,False
T1_dd10,2330,TP20,20220823,15095.89,0.11838259575242782,250.0,False
T1_dd10,2330,TP20,20220926,13778.19,0.19345566477748855,80.0,False
T1_dd10,2330,TP20,20240802,21638.09,0.22236113910427102,46.0,False
T1_dd10,2330,TP20,20240904,21092.75,0.18669553210086964,42.0,False
T1_dd10,2330,TP20,20250331,20695.9,0.2119687135453161,73.0,False
T1_dd10,2330,TP20,20260331,31722.99,0.21055401249795325,17.0,False
T1_dd10,2330,TP20,20260717,42671.27,0.1032561398019114,56.0,True
T1_dd10,2454,H20,20220427,16303.35,0.00048657454773981534,20.0,False
T1_dd10,2454,H20,20220616,15838.61,-0.1680099191820036,20.0,False
T1_dd10,2454,H20,20220823,15095.89,-0.127474917442848,20.0,False
T1_dd10,2454,H20,20220926,13778.19,-0.01130620766532564,20.0,False
T1_dd10,2454,H20,20240802,21638.09,0.2364719073833894,20.0,False
T1_dd10,2454,H20,20240904,21092.75,0.09847281057720769,20.0,False
T1_dd10,2454,H20,20250331,20695.9,-0.03597764782105517,20.0,False
T1_dd10,2454,H20,20260331,31722.99,0.8371129044325574,20.0,False
T1_dd10,2454,H20,20260717,42671.27,0.24353818294659302,20.0,False
T1_dd10,2454,H60,20220427,16303.35,-0.09203863309036575,60.0,False
T1_dd10,2454,H60,20220616,15838.61,-0.18346484328388601,60.0,False
T1_dd10,2454,H60,20220823,15095.89,0.06804073650808551,60.0,False
T1_dd10,2454,H60,20220926,13778.19,0.12770170689842453,60.0,False
T1_dd10,2454,H60,20240802,21638.09,0.28134387176423803,60.0,False
T1_dd10,2454,H60,20240904,21092.75,0.17377135001193533,60.0,False
T1_dd10,2454,H60,20250331,20695.9,-0.09227092386070168,60.0,False
T1_dd10,2454,H60,20260331,31722.99,1.6532519124992864,60.0,False
T1_dd10,2454,H60,20260717,42671.27,0.38696648704388137,56.0,True
T1_dd10,2454,H120,20220427,16303.35,-0.2357447487163511,120.0,False
T1_dd10,2454,H120,20220616,15838.61,-0.048234257392415936,120.0,False
T1_dd10,2454,H120,20220823,15095.89,0.05636816015280588,120.0,False
T1_dd10,2454,H120,20220926,13778.19,0.35532716699656586,120.0,False
T1_dd10,2454,H120,20240802,21638.09,0.5575686914593336,120.0,False
T1_dd10,2454,H120,20240904,21092.75,0.24355080882516367,120.0,False
T1_dd10,2454,H120,20250331,20695.9,0.022470691419445243,120.0,False
T1_dd10,2454,H120,20260331,31722.99,2.3613415959894293,120.0,False
T1_dd10,2454,H120,20260717,42671.27,0.38696648704388137,56.0,True
T1_dd10,2454,S10,20220427,16303.35,-0.10902208311889128,39.0,False
T1_dd10,2454,S10,20220616,15838.61,-0.12164514687635686,5.0,False
T1_dd10,2454,S10,20220823,15095.89,-0.11580234108756848,17.0,False
T1_dd10,2454,S10,20220926,13778.19,0.5718139706816823,250.0,False
T1_dd10,2454,S10,20240802,21638.09,0.4221513318243806,250.0,False
T1_dd10,2454,S10,20240904,21092.75,0.38331651638939523,250.0,False
T1_dd10,2454,S10,20250331,20695.9,-0.12041756188052477,4.0,False
T1_dd10,2454,S10,20260331,31722.99,2.0200559550173223,129.0,True
T1_dd10,2454,S10,20260717,42671.27,0.38696648704388137,56.0,True
T1_dd10,2454,S15,20220427,16303.35,-0.10902208311889128,39.0,False
T1_dd10,2454,S15,20220616,15838.61,-0.12164514687635686,5.0,False
T1_dd10,2454,S15,20220823,15095.89,-0.16686986264191683,23.0,False
T1_dd10,2454,S15,20220926,13778.19,0.5718139706816823,250.0,False
T1_dd10,2454,S15,20240802,21638.09,0.4221513318243806,250.0,False
T1_dd10,2454,S15,20240904,21092.75,0.38331651638939523,250.0,False
T1_dd10,2454,S15,20250331,20695.9,-0.08523426435574566,5.0,False
T1_dd10,2454,S15,20260331,31722.99,2.0200559550173223,129.0,True
T1_dd10,2454,S15,20260717,42671.27,0.38696648704388137,56.0,True
T1_dd10,2454,S20,20220427,16303.35,-0.1586660139715046,42.0,False
T1_dd10,2454,S20,20220616,15838.61,-0.1177814158508863,6.0,False
T1_dd10,2454,S20,20220823,15095.89,-0.21793738419626518,26.0,False
T1_dd10,2454,S20,20220926,13778.19,0.5718139706816823,250.0,False
T1_dd10,2454,S20,20240802,21638.09,0.4221513318243806,250.0,False
T1_dd10,2454,S20,20240904,21092.75,0.38331651638939523,250.0,False
T1_dd10,2454,S20,20250331,20695.9,0.20320646320579128,250.0,False
T1_dd10,2454,S20,20260331,31722.99,2.0200559550173223,129.0,True
T1_dd10,2454,S20,20260717,42671.27,0.38696648704388137,56.0,True
T1_dd10,2454,TP10,20220427,16303.35,0.10148581307096771,28.0,False
T1_dd10,2454,TP10,20220616,15838.61,0.0038939495696024284,250.0,False
T1_dd10,2454,TP10,20220823,15095.89,0.08700867308541516,107.0,False
T1_dd10,2454,TP10,20220926,13778.19,0.1259641079663778,31.0,False
T1_dd10,2454,TP10,20240802,21638.09,0.11681333570112584,3.0,False
T1_dd10,2454,TP10,20240904,21092.75,0.13390741737002054,15.0,False
T1_dd10,2454,TP10,20250331,20695.9,0.2726925507465512,204.0,False
T1_dd10,2454,TP10,20260331,31722.99,0.15539679181211397,8.0,False
T1_dd10,2454,TP10,20260717,42671.27,0.16812742512224577,3.0,False
T1_dd10,2454,TP20,20220427,16303.35,-0.11555417928370892,250.0,False
T1_dd10,2454,TP20,20220616,15838.61,0.0038939495696024284,250.0,False
T1_dd10,2454,TP20,20220823,15095.89,0.16477367953760602,250.0,False
T1_dd10,2454,TP20,20220926,13778.19,0.22500724709304998,33.0,False
T1_dd10,2454,TP20,20240802,21638.09,0.2364719073833894,10.0,False
T1_dd10,2454,TP20,20240904,21092.75,0.16934202416283384,64.0,False
T1_dd10,2454,TP20,20250331,20695.9,0.28366403825298714,205.0,False
T1_dd10,2454,TP20,20260331,31722.99,0.23541042005394974,10.0,False
T1_dd10,2454,TP20,20260717,42671.27,0.3012052330475645,19.0,False
T1_dd10,TOP10,H20,20220427,16303.35,-0.016296177704644088,20.0,False
T1_dd10,TOP10,H20,20220616,15838.61,-0.09110079593598822,20.0,False
T1_dd10,TOP10,H20,20220823,15095.89,-0.12035933506873508,20.0,False
T1_dd10,TOP10,H20,20220926,13778.19,-0.12383479161015391,20.0,False
T1_dd10,TOP10,H20,20240802,21638.09,0.1201948793999161,20.0,False
T1_dd10,TOP10,H20,20240904,21092.75,0.04068085233821158,20.0,False
T1_dd10,TOP10,H20,20250331,20695.9,-0.04535315076076211,20.0,False
T1_dd10,TOP10,H20,20260331,31722.99,0.16919137218297045,20.0,False
T1_dd10,TOP10,H20,20260717,42671.27,0.09866489391792392,20.0,False
T1_dd10,TOP10,H60,20220427,16303.35,-0.1500235157460501,60.0,False
T1_dd10,TOP10,H60,20220616,15838.61,-0.038889275376115834,60.0,False
T1_dd10,TOP10,H60,20220823,15095.89,-0.08573399410959628,60.0,False
T1_dd10,TOP10,H60,20220926,13778.19,0.027379926209059657,60.0,False
T1_dd10,TOP10,H60,20240802,21638.09,0.13204542287852372,60.0,False
T1_dd10,TOP10,H60,20240904,21092.75,0.12825933236598783,60.0,False
T1_dd10,TOP10,H60,20250331,20695.9,0.14344085092635173,60.0,False
T1_dd10,TOP10,H60,20260331,31722.99,0.7466985982583465,60.0,False
T1_dd10,TOP10,H60,20260717,42671.27,0.18869189799260866,56.0,True
T1_dd10,TOP10,H120,20220427,16303.35,-0.33108145673166556,120.0,False
T1_dd10,TOP10,H120,20220616,15838.61,-0.07264645833946204,120.0,False
T1_dd10,TOP10,H120,20220823,15095.89,-0.07602927302328868,120.0,False
T1_dd10,TOP10,H120,20220926,13778.19,0.2024754047871819,120.0,False
T1_dd10,TOP10,H120,20240802,21638.09,0.14920611098234363,120.0,False
T1_dd10,TOP10,H120,20240904,21092.75,0.034013890201075835,120.0,False
T1_dd10,TOP10,H120,20250331,20695.9,0.4233169457463468,120.0,False
T1_dd10,TOP10,H120,20260331,31722.99,0.7130567016974572,120.0,False
T1_dd10,TOP10,H120,20260717,42671.27,0.18869189799260866,56.0,True
T1_dd10,TOP10,S10,20220427,16303.35,-0.12339652652627683,26.9,False
T1_dd10,TOP10,S10,20220616,15838.61,-0.10556028239655087,27.1,False
T1_dd10,TOP10,S10,20220823,15095.89,-0.12340108167126625,16.8,False
T1_dd10,TOP10,S10,20220926,13778.19,-0.018620684945765787,53.5,False
T1_dd10,TOP10,S10,20240802,21638.09,-0.03148241814836315,143.1,False
T1_dd10,TOP10,S10,20240904,21092.75,-0.03416638637179033,109.3,False
T1_dd10,TOP10,S10,20250331,20695.9,-0.19447590466096137,3.6,False
T1_dd10,TOP10,S10,20260331,31722.99,0.5422123987038829,101.1,True
T1_dd10,TOP10,S10,20260717,42671.27,-0.08215065981501155,17.0,True
T1_dd10,TOP10,S15,20220427,16303.35,-0.1654434800169867,34.0,False
T1_dd10,TOP10,S15,20220616,15838.61,-0.1316893522876948,51.3,False
T1_dd10,TOP10,S15,20220823,15095.89,-0.16737904589553326,21.0,False
T1_dd10,TOP10,S15,20220926,13778.19,0.22821571596504006,126.5,False
T1_dd10,TOP10,S15,20240802,21638.09,0.04971474462678014,182.5,False
T1_dd10,TOP10,S15,20240904,21092.75,-0.022321769859428874,128.6,False
T1_dd10,TOP10,S15,20250331,20695.9,-0.2161571775241896,4.2,False
T1_dd10,TOP10,S15,20260331,31722.99,0.6755873019032343,117.6,True
T1_dd10,TOP10,S15,20260717,42671.27,0.019314609370314918,27.0,True
T1_dd10,TOP10,S20,20220427,16303.35,-0.20172184280133237,53.8,False
T1_dd10,TOP10,S20,20220616,15838.61,-0.10808586559913114,78.5,False
T1_dd10,TOP10,S20,20220823,15095.89,-0.2040163715915801,51.6,False
T1_dd10,TOP10,S20,20220926,13778.19,0.25365263974836677,174.9,False
T1_dd10,TOP10,S20,20240802,21638.09,0.1309571615434372,193.7,False
T1_dd10,TOP10,S20,20240904,21092.75,-0.07024049765619274,138.4,False
T1_dd10,TOP10,S20,20250331,20695.9,-0.050648129028471656,53.6,False
T1_dd10,TOP10,S20,20260331,31722.99,0.6720693603498394,123.4,True
T1_dd10,TOP10,S20,20260717,42671.27,0.05116300210164874,32.2,True
T1_dd10,TOP10,TP10,20220427,16303.35,-0.15331448753383417,165.7,False
T1_dd10,TOP10,TP10,20220616,15838.61,0.04442718008292629,169.8,False
T1_dd10,TOP10,TP10,20220823,15095.89,0.003847480224293709,130.6,False
T1_dd10,TOP10,TP10,20220926,13778.19,0.10835233394770113,86.3,False
T1_dd10,TOP10,TP10,20240802,21638.09,0.10134120133818825,40.6,False
T1_dd10,TOP10,TP10,20240904,21092.75,0.012441102978786223,66.5,False
T1_dd10,TOP10,TP10,20250331,20695.9,0.14637793318750209,74.0,False
T1_dd10,TOP10,TP10,20260331,31722.99,0.13539955034644408,16.1,False
T1_dd10,TOP10,TP10,20260717,42671.27,0.09427683173608982,22.9,True
T1_dd10,TOP10,TP20,20220427,16303.35,-0.1994824138750522,228.6,False
T1_dd10,TOP10,TP20,20220616,15838.61,0.06664670595699053,200.4,False
T1_dd10,TOP10,TP20,20220823,15095.89,0.018589794836116624,191.8,False
T1_dd10,TOP10,TP20,20220926,13778.19,0.14737202721846682,102.1,False
T1_dd10,TOP10,TP20,20240802,21638.09,0.16316986220723392,87.2,False
T1_dd10,TOP10,TP20,20240904,21092.75,0.08733303945405595,101.4,False
T1_dd10,TOP10,TP20,20250331,20695.9,0.2483375944932725,86.9,False
T1_dd10,TOP10,TP20,20260331,31722.99,0.23038876446521073,31.6,True
T1_dd10,TOP10,TP20,20260717,42671.27,0.14125922197275953,41.2,True
T1_dd15,0050,H20,20220630,14825.73,0.02966335702445888,20.0,False
T1_dd15,0050,H20,20221011,13106.03,0.013415636901231709,20.0,False
T1_dd15,0050,H20,20240805,19830.88,0.07341654050195445,20.0,False
T1_dd15,0050,H20,20250407,19232.35,0.1273454531491296,20.0,False
T1_dd15,0050,H20,20260729,40039.18,0.13132759589045806,20.0,False
T1_dd15,0050,H60,20220630,14825.73,-0.05835695534072982,60.0,False
T1_dd15,0050,H60,20221011,13106.03,0.09939043983678242,60.0,False
T1_dd15,0050,H60,20240805,19830.88,0.1359830847135326,60.0,False
T1_dd15,0050,H60,20250407,19232.35,0.29540040406872725,60.0,False
T1_dd15,0050,H60,20260729,40039.18,0.22109020795876222,48.0,True
T1_dd15,0050,H120,20220630,14825.73,-0.022625937449910594,120.0,False
T1_dd15,0050,H120,20221011,13106.03,0.21609063609689416,120.0,False
T1_dd15,0050,H120,20240805,19830.88,0.18835981674889668,120.0,False
T1_dd15,0050,H120,20250407,19232.35,0.5424361953220229,120.0,False
T1_dd15,0050,H120,20260729,40039.18,0.22109020795876222,48.0,True
T1_dd15,0050,S10,20220630,14825.73,-0.10672455272952164,65.0,False
T1_dd15,0050,S10,20221011,13106.03,0.2492288862269616,250.0,False
T1_dd15,0050,S10,20240805,19830.88,-0.033198793153439654,161.0,False
T1_dd15,0050,S10,20250407,19232.35,0.24683929469634314,50.0,False
T1_dd15,0050,S10,20260729,40039.18,0.22109020795876222,48.0,True
T1_dd15,0050,S15,20220630,14825.73,-0.15596363835955296,81.0,False
T1_dd15,0050,S15,20221011,13106.03,0.2492288862269616,250.0,False
T1_dd15,0050,S15,20240805,19830.88,0.14242516800027238,209.0,False
T1_dd15,0050,S15,20250407,19232.35,0.24683929469634314,50.0,False
T1_dd15,0050,S15,20260729,40039.18,0.22109020795876222,48.0,True
T1_dd15,0050,S20,20220630,14825.73,0.17002238592445051,250.0,False
T1_dd15,0050,S20,20221011,13106.03,0.2492288862269616,250.0,False
T1_dd15,0050,S20,20240805,19830.88,0.14242516800027238,209.0,False
T1_dd15,0050,S20,20250407,19232.35,0.24683929469634314,50.0,False
T1_dd15,0050,S20,20260729,40039.18,0.22109020795876222,48.0,True
T1_dd15,0050,TP10,20220630,14825.73,0.1397247765402685,227.0,False
T1_dd15,0050,TP10,20221011,13106.03,0.1364485445503818,25.0,False
T1_dd15,0050,TP10,20240805,19830.88,0.11315074393489999,35.0,False
T1_dd15,0050,TP10,20250407,19232.35,0.09683231952198468,15.0,False
T1_dd15,0050,TP10,20260729,40039.18,0.08352502141621354,2.0,False
T1_dd15,0050,TP20,20220630,14825.73,0.17002238592445051,250.0,False
T1_dd15,0050,TP20,20221011,13106.03,0.2186167903056535,70.0,False
T1_dd15,0050,TP20,20240805,19830.88,0.21545149157942323,104.0,False
T1_dd15,0050,TP20,20250407,19232.35,0.20018325600102327,26.0,False
T1_dd15,0050,TP20,20260729,40039.18,0.18975296469231284,40.0,False
T1_dd15,2330,H20,20220630,14825.73,0.06897528530429309,20.0,False
T1_dd15,2330,H20,20221011,13106.03,0.008413570642828327,20.0,False
T1_dd15,2330,H20,20240805,19830.88,0.08361313676086657,20.0,False
T1_dd15,2330,H20,20250407,19232.35,0.151513570807855,20.0,False
T1_dd15,2330,H20,20260729,40039.18,0.09341072389251992,20.0,False
T1_dd15,2330,H60,20220630,14825.73,-0.062431562606035884,60.0,False
T1_dd15,2330,H60,20221011,13106.03,0.1537202736053802,60.0,False
T1_dd15,2330,H60,20240805,19830.88,0.18260670874290996,60.0,False
T1_dd15,2330,H60,20250407,19232.35,0.38144193718299424,60.0,False
T1_dd15,2330,H60,20260729,40039.18,0.15078871725369436,48.0,True
T1_dd15,2330,H120,20220630,14825.73,-0.010205806761959368,120.0,False
T1_dd15,2330,H120,20221011,13106.03,0.30906469819994875,120.0,False
T1_dd15,2330,H120,20240805,19830.88,0.2793567161955348,120.0,False
T1_dd15,2330,H120,20250407,19232.35,0.656843454304086,120.0,False
T1_dd15,2330,H120,20260729,40039.18,0.15078871725369436,48.0,True
T1_dd15,2330,S10,20220630,14825.73,-0.11428354164926857,65.0,False
T1_dd15,2330,S10,20221011,13106.03,0.35316637310346266,250.0,False
T1_dd15,2330,S10,20240805,19830.88,0.3663863839718815,250.0,False
T1_dd15,2330,S10,20250407,19232.35,1.596477182211098,250.0,False
T1_dd15,2330,S10,20260729,40039.18,0.15078871725369436,48.0,True
T1_dd15,2330,S15,20220630,14825.73,-0.15237887319123555,72.0,False
T1_dd15,2330,S15,20221011,13106.03,0.35316637310346266,250.0,False
T1_dd15,2330,S15,20240805,19830.88,0.3663863839718815,250.0,False
T1_dd15,2330,S15,20250407,19232.35,1.596477182211098,250.0,False
T1_dd15,2330,S15,20260729,40039.18,0.15078871725369436,48.0,True
T1_dd15,2330,S20,20220630,14825.73,-0.2158710924278472,81.0,False
T1_dd15,2330,S20,20221011,13106.03,0.35316637310346266,250.0,False
T1_dd15,2330,S20,20240805,19830.88,0.3663863839718815,250.0,False
T1_dd15,2330,S20,20250407,19232.35,1.596477182211098,250.0,False
T1_dd15,2330,S20,20260729,40039.18,0.15078871725369436,48.0,True
T1_dd15,2330,TP10,20220630,14825.73,0.10685236234263407,32.0,False
T1_dd15,2330,TP10,20221011,13106.03,0.12462479997341469,23.0,False
T1_dd15,2330,TP10,20240805,19830.88,0.10761722523341732,9.0,False
T1_dd15,2330,TP10,20250407,19232.35,0.11416718472760023,4.0,False
T1_dd15,2330,TP10,20260729,40039.18,0.09566054019682557,11.0,False
T1_dd15,2330,TP20,20220630,14825.73,0.22842134456911567,219.0,False
T1_dd15,2330,TP20,20221011,13106.03,0.22834019819318518,25.0,False
T1_dd15,2330,TP20,20240805,19830.88,0.1998291365401368,45.0,False
T1_dd15,2330,TP20,20250407,19232.35,0.23243074064840696,24.0,False
T1_dd15,2330,TP20,20260729,40039.18,0.15078871725369436,48.0,True
T1_dd15,2454,H20,20220630,14825.73,0.04999479024102782,20.0,False
T1_dd15,2454,H20,20221011,13106.03,0.11863936417383547,20.0,False
T1_dd15,2454,H20,20240805,19830.88,0.11505230549861567,20.0,False
T1_dd15,2454,H20,20250407,19232.35,0.015886177215471697,20.0,False
T1_dd15,2454,H20,20260729,40039.18,0.26347752169986194,20.0,False
T1_dd15,2454,H60,20220630,14825.73,-0.12804780462592913,60.0,False
T1_dd15,2454,H60,20221011,13106.03,0.1364520929027182,60.0,False
T1_dd15,2454,H60,20240805,19830.88,0.1696671122985478,60.0,False
T1_dd15,2454,H60,20250407,19232.35,0.04798421884215731,60.0,False
T1_dd15,2454,H60,20260729,40039.18,0.4795779217908498,48.0,True
T1_dd15,2454,H120,20220630,14825.73,-0.010874472961351023,120.0,False
T1_dd15,2454,H120,20221011,13106.03,0.25045355676756764,120.0,False
T1_dd15,2454,H120,20240805,19830.88,0.4171708300072594,120.0,False
T1_dd15,2454,H120,20250407,19232.35,0.07216847004620708,120.0,False
T1_dd15,2454,H120,20260729,40039.18,0.4795779217908498,48.0,True
T1_dd15,2454,S10,20220630,14825.73,-0.12804780462592913,60.0,False
T1_dd15,2454,S10,20221011,13106.03,0.6073764823933976,250.0,False
T1_dd15,2454,S10,20240805,19830.88,0.3218921866708202,250.0,False
T1_dd15,2454,S10,20250407,19232.35,0.5860137557112195,250.0,False
T1_dd15,2454,S10,20260729,40039.18,0.4795779217908498,48.0,True
T1_dd15,2454,S15,20220630,14825.73,-0.15087377832682114,63.0,False
T1_dd15,2454,S15,20221011,13106.03,0.6073764823933976,250.0,False
T1_dd15,2454,S15,20240805,19830.88,0.3218921866708202,250.0,False
T1_dd15,2454,S15,20250407,19232.35,0.5860137557112195,250.0,False
T1_dd15,2454,S15,20260729,40039.18,0.4795779217908498,48.0,True
T1_dd15,2454,S20,20220630,14825.73,0.16593326974978484,250.0,False
T1_dd15,2454,S20,20221011,13106.03,0.6073764823933976,250.0,False
T1_dd15,2454,S20,20240805,19830.88,0.3218921866708202,250.0,False
T1_dd15,2454,S20,20250407,19232.35,0.5860137557112195,250.0,False
T1_dd15,2454,S20,20260729,40039.18,0.4795779217908498,48.0,True
T1_dd15,2454,TP10,20220630,14825.73,0.11390751660352483,96.0,False
T1_dd15,2454,TP10,20221011,13106.03,0.12576445566538852,19.0,False
T1_dd15,2454,TP10,20240805,19830.88,0.1287060071985986,9.0,False
T1_dd15,2454,TP10,20250407,19232.35,0.11470778978507012,4.0,False
T1_dd15,2454,TP10,20260729,40039.18,0.23350739322009018,2.0,False
T1_dd15,2454,TP20,20220630,14825.73,0.2021679482469736,161.0,False
T1_dd15,2454,TP20,20221011,13106.03,0.2557973753862324,23.0,False
T1_dd15,2454,TP20,20240805,19830.88,0.1924232817985192,51.0,False
T1_dd15,2454,TP20,20250407,19232.35,0.22533539433852257,109.0,False
T1_dd15,2454,TP20,20260729,40039.18,0.2918702749964881,3.0,False
T1_dd15,TOP10,H20,20220630,14825.73,0.03663492096359259,20.0,False
T1_dd15,TOP10,H20,20221011,13106.03,0.06718105951068809,20.0,False
T1_dd15,TOP10,H20,20240805,19830.88,0.0792545853445346,20.0,False
T1_dd15,TOP10,H20,20250407,19232.35,0.1337582432565213,20.0,False
T1_dd15,TOP10,H20,20260729,40039.18,0.31853088809543784,20.0,False
T1_dd15,TOP10,H60,20220630,14825.73,-0.09917126343895107,60.0,False
T1_dd15,TOP10,H60,20221011,13106.03,0.14074802844614226,60.0,False
T1_dd15,TOP10,H60,20240805,19830.88,0.09821917315930738,60.0,False
T1_dd15,TOP10,H60,20250407,19232.35,0.3381932973541037,60.0,False
T1_dd15,TOP10,H60,20260729,40039.18,0.4751406990079975,48.0,True
T1_dd15,TOP10,H120,20220630,14825.73,-0.1007573236603871,120.0,False
T1_dd15,TOP10,H120,20221011,13106.03,0.3899339067906435,120.0,False
T1_dd15,TOP10,H120,20240805,19830.88,0.09593919821770168,120.0,False
T1_dd15,TOP10,H120,20250407,19232.35,0.5833955734957537,120.0,False
T1_dd15,TOP10,H120,20260729,40039.18,0.4751406990079975,48.0,True
T1_dd15,TOP10,S10,20220630,14825.73,-0.07342319751884227,79.4,False
T1_dd15,TOP10,S10,20221011,13106.03,0.25208242779529505,121.9,False
T1_dd15,TOP10,S10,20240805,19830.88,-0.03926219172064781,140.6,False
T1_dd15,TOP10,S10,20250407,19232.35,1.6796073601730304,225.2,False
T1_dd15,TOP10,S10,20260729,40039.18,0.4751406990079975,48.0,True
T1_dd15,TOP10,S15,20220630,14825.73,-0.06277247247607821,112.8,False
T1_dd15,TOP10,S15,20221011,13106.03,0.3009999972134676,163.1,False
T1_dd15,TOP10,S15,20240805,19830.88,0.04353772131259267,174.2,False
T1_dd15,TOP10,S15,20250407,19232.35,1.7511185299816905,250.0,False
T1_dd15,TOP10,S15,20260729,40039.18,0.4751406990079975,48.0,True
T1_dd15,TOP10,S20,20220630,14825.73,-0.06313280177565936,135.3,False
T1_dd15,TOP10,S20,20221011,13106.03,0.4794811373014646,192.0,False
T1_dd15,TOP10,S20,20240805,19830.88,-0.006614381728009988,179.2,False
T1_dd15,TOP10,S20,20250407,19232.35,1.7511185299816905,250.0,False
T1_dd15,TOP10,S20,20260729,40039.18,0.4751406990079975,48.0,True
T1_dd15,TOP10,TP10,20220630,14825.73,0.11292282704387768,49.7,False
T1_dd15,TOP10,TP10,20221011,13106.03,0.09888482799257778,57.2,False
T1_dd15,TOP10,TP10,20240805,19830.88,0.10159689652583463,15.4,False
T1_dd15,TOP10,TP10,20250407,19232.35,0.1381150590582416,10.8,False
T1_dd15,TOP10,TP10,20260729,40039.18,0.1680675492751817,3.3,False
T1_dd15,TOP10,TP20,20220630,14825.73,0.1587862528616838,180.9,False
T1_dd15,TOP10,TP20,20221011,13106.03,0.16993484428287536,71.5,False
T1_dd15,TOP10,TP20,20240805,19830.88,0.15081674888723512,122.4,False
T1_dd15,TOP10,TP20,20250407,19232.35,0.24328756589643258,40.0,False
T1_dd15,TOP10,TP20,20260729,40039.18,0.24542013778550853,10.3,True
T2_ma60_5,0050,H20,20211004,16408.35,0.025241289872060424,20.0,False
T2_ma60_5,0050,H20,20220308,16825.25,0.006428605035210255,20.0,False
T2_ma60_5,0050,H20,20220425,16620.9,-0.05409399547138638,20.0,False
T2_ma60_5,0050,H20,20220526,15968.83,-0.0425948850115796,20.0,False
T2_ma60_5,0050,H20,20220926,13778.19,-0.1086125537963758,20.0,False
T2_ma60_5,0050,H20,20240805,19830.88,0.07341654050195445,20.0,False
T2_ma60_5,0050,H20,20240904,21092.75,0.07310380513543335,20.0,False
T2_ma60_5,0050,H20,20250328,21602.89,-0.04069374997198605,20.0,False
T2_ma60_5,0050,H20,20260728,41603.36,0.0653408136120861,20.0,False
T2_ma60_5,0050,H60,20211004,16408.35,0.09326499715462733,60.0,False
T2_ma60_5,0050,H60,20220308,16825.25,-0.03972751667222085,60.0,False
T2_ma60_5,0050,H60,20220425,16620.9,-0.10359223256534389,60.0,False
T2_ma60_5,0050,H60,20220526,15968.83,-0.02581443319197274,60.0,False
T2_ma60_5,0050,H60,20220926,13778.19,0.01978037211524586,60.0,False
T2_ma60_5,0050,H60,20240805,19830.88,0.1359830847135326,60.0,False
T2_ma60_5,0050,H60,20240904,21092.75,0.12361631374838788,60.0,False
T2_ma60_5,0050,H60,20250328,21602.89,0.10470384885068729,60.0,False
T2_ma60_5,0050,H60,20260728,41603.36,0.17637777641411456,49.0,True
T2_ma60_5,0050,H120,20211004,16408.35,0.037742058636039966,120.0,False
T2_ma60_5,0050,H120,20220308,16825.25,-0.11143747807648163,120.0,False
T2_ma60_5,0050,H120,20220425,16620.9,-0.22360523089173412,120.0,False
T2_ma60_5,0050,H120,20220526,15968.83,-0.06640549847564059,120.0,False
T2_ma60_5,0050,H120,20220926,13778.19,0.14249284388569539,120.0,False
T2_ma60_5,0050,H120,20240805,19830.88,0.18835981674889668,120.0,False
T2_ma60_5,0050,H120,20240904,21092.75,0.05971148779456481,120.0,False
T2_ma60_5,0050,H120,20250328,21602.89,0.31233065461513854,120.0,False
T2_ma60_5,0050,H120,20260728,41603.36,0.17637777641411456,49.0,True
T2_ma60_5,0050,S10,20211004,16408.35,-0.08861513503207874,174.0,False
T2_ma60_5,0050,S10,20220308,16825.25,-0.10952457876638544,73.0,False
T2_ma60_5,0050,S10,20220425,16620.9,-0.1156505301234102,46.0,False
T2_ma60_5,0050,S10,20220526,15968.83,-0.11092388111467633,25.0,False
T2_ma60_5,0050,S10,20220926,13778.19,-0.1086125537963758,20.0,False
T2_ma60_5,0050,S10,20240805,19830.88,-0.033198793153439654,161.0,False
T2_ma60_5,0050,S10,20240904,21092.75,-0.11254254866188285,138.0,False
T2_ma60_5,0050,S10,20250328,21602.89,-0.12842297807999936,5.0,False
T2_ma60_5,0050,S10,20260728,41603.36,0.17637777641411456,49.0,True
T2_ma60_5,0050,S15,20211004,16408.35,-0.1454566689618101,180.0,False
T2_ma60_5,0050,S15,20220308,16825.25,-0.1650620260241077,79.0,False
T2_ma60_5,0050,S15,20220425,16620.9,-0.16306053196720482,50.0,False
T2_ma60_5,0050,S15,20220526,15968.83,-0.13581622011071248,87.0,False
T2_ma60_5,0050,S15,20220926,13778.19,0.20787491482305076,250.0,False
T2_ma60_5,0050,S15,20240805,19830.88,0.14242516800027238,209.0,False
T2_ma60_5,0050,S15,20240904,21092.75,-0.064241585736595,139.0,False
T2_ma60_5,0050,S15,20250328,21602.89,-0.08098632705091058,6.0,False
T2_ma60_5,0050,S15,20260728,41603.36,0.17637777641411456,49.0,True
T2_ma60_5,0050,S20,20211004,16408.35,-0.16938215951449054,242.0,False
T2_ma60_5,0050,S20,20220308,16825.25,-0.18843860610245788,141.0,False
T2_ma60_5,0050,S20,20220425,16620.9,-0.20379726029417466,111.0,False
T2_ma60_5,0050,S20,20220526,15968.83,-0.17397182147736023,97.0,False
T2_ma60_5,0050,S20,20220926,13778.19,0.20787491482305076,250.0,False
T2_ma60_5,0050,S20,20240805,19830.88,0.14242516800027238,209.0,False
T2_ma60_5,0050,S20,20240904,21092.75,0.1057433069507987,187.0,False
T2_ma60_5,0050,S20,20250328,21602.89,0.08595680505810499,54.0,False
T2_ma60_5,0050,S20,20260728,41603.36,0.17637777641411456,49.0,True
T2_ma60_5,0050,TP10,20211004,16408.35,0.09326499715462733,60.0,False
T2_ma60_5,0050,TP10,20220308,16825.25,-0.08130106299651119,250.0,False
T2_ma60_5,0050,TP10,20220425,16620.9,-0.05879101157030353,250.0,False
T2_ma60_5,0050,TP10,20220526,15968.83,0.054222010164758805,250.0,False
T2_ma60_5,0050,TP10,20220926,13778.19,0.13496406072994116,80.0,False
T2_ma60_5,0050,TP10,20240805,19830.88,0.11315074393489999,35.0,False
T2_ma60_5,0050,TP10,20240904,21092.75,0.10266510278960572,23.0,False
T2_ma60_5,0050,TP10,20250328,21602.89,0.8818732873375366,250.0,False
T2_ma60_5,0050,TP10,20260728,41603.36,0.0960422779813106,12.0,False
T2_ma60_5,0050,TP20,20211004,16408.35,-0.2165896553805059,250.0,False
T2_ma60_5,0050,TP20,20220308,16825.25,-0.08130106299651119,250.0,False
T2_ma60_5,0050,TP20,20220425,16620.9,-0.05879101157030353,250.0,False
T2_ma60_5,0050,TP20,20220526,15968.83,0.054222010164758805,250.0,False
T2_ma60_5,0050,TP20,20220926,13778.19,0.23660263333262255,170.0,False
T2_ma60_5,0050,TP20,20240805,19830.88,0.21545149157942323,104.0,False
T2_ma60_5,0050,TP20,20240904,21092.75,0.3163153526627047,250.0,False
T2_ma60_5,0050,TP20,20250328,21602.89,0.8818732873375366,250.0,False
T2_ma60_5,0050,TP20,20260728,41603.36,0.1886583621618041,48.0,False
T2_ma60_5,2330,H20,20211004,16408.35,0.05395887393000809,20.0,False
T2_ma60_5,2330,H20,20220308,16825.25,-0.002917070633205565,20.0,False
T2_ma60_5,2330,H20,20220425,16620.9,-0.05834143112044199,20.0,False
T2_ma60_5,2330,H20,20220526,15968.83,-0.055746105205760954,20.0,False
T2_ma60_5,2330,H20,20220926,13778.19,-0.18129485329923478,20.0,False
T2_ma60_5,2330,H20,20240805,19830.88,0.08361313676086657,20.0,False
T2_ma60_5,2330,H20,20240904,21092.75,0.09879215935265706,20.0,False
T2_ma60_5,2330,H20,20250328,21602.89,-0.028321456337945583,20.0,False
T2_ma60_5,2330,H20,20260728,41603.36,0.042655465363749645,20.0,False
T2_ma60_5,2330,H60,20211004,16408.35,0.09073573386725164,60.0,False
T2_ma60_5,2330,H60,20220308,16825.25,-0.0591898285516137,60.0,False
T2_ma60_5,2330,H60,20220425,16620.9,-0.10038356205057952,60.0,False
T2_ma60_5,2330,H60,20220526,15968.83,-0.027190039838999702,60.0,False
T2_ma60_5,2330,H60,20220926,13778.19,0.02232701265855619,60.0,False
T2_ma60_5,2330,H60,20240805,19830.88,0.18260670874290996,60.0,False
T2_ma60_5,2330,H60,20240904,21092.75,0.17570761050734318,60.0,False
T2_ma60_5,2330,H60,20250328,21602.89,0.15884307457238434,60.0,False
T2_ma60_5,2330,H60,20260728,41603.36,0.12278279714353824,49.0,True
T2_ma60_5,2330,H120,20211004,16408.35,0.017714976563888873,120.0,False
T2_ma60_5,2330,H120,20220308,16825.25,-0.12038211075409266,120.0,False
T2_ma60_5,2330,H120,20220425,16620.9,-0.27032242819966223,120.0,False
T2_ma60_5,2330,H120,20220526,15968.83,-0.058921328258939476,120.0,False
T2_ma60_5,2330,H120,20220926,13778.19,0.19767864778600064,120.0,False
T2_ma60_5,2330,H120,20240805,19830.88,0.2793567161955348,120.0,False
T2_ma60_5,2330,H120,20240904,21092.75,0.080953938898229,120.0,False
T2_ma60_5,2330,H120,20250328,21602.89,0.39727267746068673,120.0,False
T2_ma60_5,2330,H120,20260728,41603.36,0.12278279714353824,49.0,True
T2_ma60_5,2330,S10,20211004,16408.35,-0.0963546530334648,145.0,False
T2_ma60_5,2330,S10,20220308,16825.25,-0.10842849173022073,44.0,False
T2_ma60_5,2330,S10,20220425,16620.9,-0.10763853332436513,40.0,False
T2_ma60_5,2330,S10,20220526,15968.83,-0.15664420283498404,25.0,False
T2_ma60_5,2330,S10,20220926,13778.19,-0.12273699530309379,10.0,False
T2_ma60_5,2330,S10,20240805,19830.88,0.3663863839718815,250.0,False
T2_ma60_5,2330,S10,20240904,21092.75,-0.10349319878855301,138.0,False
T2_ma60_5,2330,S10,20250328,21602.89,-0.12753835535782243,5.0,False
T2_ma60_5,2330,S10,20260728,41603.36,0.12278279714353824,49.0,True
T2_ma60_5,2330,S15,20211004,16408.35,-0.15506266509961508,179.0,False
T2_ma60_5,2330,S15,20220308,16825.25,-0.16635209089558722,78.0,False
T2_ma60_5,2330,S15,20220425,16620.9,-0.19651193142823942,47.0,False
T2_ma60_5,2330,S15,20220526,15968.83,-0.14426990784272076,26.0,False
T2_ma60_5,2330,S15,20220926,13778.19,-0.18129485329923478,20.0,False
T2_ma60_5,2330,S15,20240805,19830.88,0.3663863839718815,250.0,False
T2_ma60_5,2330,S15,20240904,21092.75,0.4134348976531197,250.0,False
T2_ma60_5,2330,S15,20250328,21602.89,1.172719635952161,250.0,False
T2_ma60_5,2330,S15,20260728,41603.36,0.12278279714353824,49.0,True
T2_ma60_5,2330,S20,20211004,16408.35,-0.19448710066230546,181.0,False
T2_ma60_5,2330,S20,20220308,16825.25,-0.2167422614353025,79.0,False
T2_ma60_5,2330,S20,20220425,16620.9,-0.1983256742466859,50.0,False
T2_ma60_5,2330,S20,20220526,15968.83,-0.17763318512149429,90.0,False
T2_ma60_5,2330,S20,20220926,13778.19,0.23031408293705358,250.0,False
T2_ma60_5,2330,S20,20240805,19830.88,0.3663863839718815,250.0,False
T2_ma60_5,2330,S20,20240904,21092.75,0.4134348976531197,250.0,False
T2_ma60_5,2330,S20,20250328,21602.89,1.172719635952161,250.0,False
T2_ma60_5,2330,S20,20260728,41603.36,0.12278279714353824,49.0,True
T2_ma60_5,2330,TP10,20211004,16408.35,0.14394235503150776,63.0,False
T2_ma60_5,2330,TP10,20220308,16825.25,-0.07214058433390369,250.0,False
T2_ma60_5,2330,TP10,20220425,16620.9,-0.06108776673873273,250.0,False
T2_ma60_5,2330,TP10,20220526,15968.83,0.08617919274720687,250.0,False
T2_ma60_5,2330,TP10,20220926,13778.19,0.09160686226768688,42.0,False
T2_ma60_5,2330,TP10,20240805,19830.88,0.10761722523341732,9.0,False
T2_ma60_5,2330,TP10,20240904,21092.75,0.10978008094618374,14.0,False
T2_ma60_5,2330,TP10,20250328,21602.89,0.14854345061053054,48.0,False
T2_ma60_5,2330,TP10,20260728,41603.36,0.09196130859449969,41.0,False
T2_ma60_5,2330,TP20,20211004,16408.35,0.20246963831218978,73.0,False
T2_ma60_5,2330,TP20,20220308,16825.25,-0.07214058433390369,250.0,False
T2_ma60_5,2330,TP20,20220425,16620.9,-0.06108776673873273,250.0,False
T2_ma60_5,2330,TP20,20220526,15968.83,0.08617919274720687,250.0,False
T2_ma60_5,2330,TP20,20220926,13778.19,0.19345566477748855,80.0,False
T2_ma60_5,2330,TP20,20240805,19830.88,0.1998291365401368,45.0,False
T2_ma60_5,2330,TP20,20240904,21092.75,0.18669553210086964,42.0,False
T2_ma60_5,2330,TP20,20250328,21602.89,0.21299462011314985,73.0,False
T2_ma60_5,2330,TP20,20260728,41603.36,0.12278279714353824,49.0,True
T2_ma60_5,2454,H20,20211004,16408.35,0.06271311564868043,20.0,False
T2_ma60_5,2454,H20,20220308,16825.25,-0.1304471568906781,20.0,False
T2_ma60_5,2454,H20,20220425,16620.9,-0.00783100980123197,20.0,False
T2_ma60_5,2454,H20,20220526,15968.83,-0.11254258815403873,20.0,False
T2_ma60_5,2454,H20,20220926,13778.19,-0.01130620766532564,20.0,False
T2_ma60_5,2454,H20,20240805,19830.88,0.11505230549861567,20.0,False
T2_ma60_5,2454,H20,20240904,21092.75,0.09847281057720769,20.0,False
T2_ma60_5,2454,H20,20250328,21602.89,-0.04276653762513216,20.0,False
T2_ma60_5,2454,H20,20260728,41603.36,0.11637717449212825,20.0,False
T2_ma60_5,2454,H60,20211004,16408.35,0.3426140004983329,60.0,False
T2_ma60_5,2454,H60,20220308,16825.25,-0.08037889682915411,60.0,False
T2_ma60_5,2454,H60,20220425,16620.9,-0.10819243633109088,60.0,False
T2_ma60_5,2454,H60,20220526,15968.83,-0.11642926295044442,60.0,False
T2_ma60_5,2454,H60,20220926,13778.19,0.12770170689842453,60.0,False
T2_ma60_5,2454,H60,20240805,19830.88,0.1696671122985478,60.0,False
T2_ma60_5,2454,H60,20240904,21092.75,0.17377135001193533,60.0,False
T2_ma60_5,2454,H60,20250328,21602.89,-0.10215693492576283,60.0,False
T2_ma60_5,2454,H60,20260728,41603.36,0.40370213092978036,49.0,True
T2_ma60_5,2454,H120,20211004,16408.35,-0.02376032845121201,120.0,False
T2_ma60_5,2454,H120,20220308,16825.25,-0.26639380137022184,120.0,False
T2_ma60_5,2454,H120,20220425,16620.9,-0.25617225232901564,120.0,False
T2_ma60_5,2454,H120,20220526,15968.83,-0.05165134967701668,120.0,False
T2_ma60_5,2454,H120,20220926,13778.19,0.35532716699656586,120.0,False
T2_ma60_5,2454,H120,20240805,19830.88,0.4171708300072594,120.0,False
T2_ma60_5,2454,H120,20240904,21092.75,0.24355080882516367,120.0,False
T2_ma60_5,2454,H120,20250328,21602.89,0.06870546693952395,120.0,False
T2_ma60_5,2454,H120,20260728,41603.36,0.40370213092978036,49.0,True
T2_ma60_5,2454,S10,20211004,16408.35,-0.14682733876636944,174.0,False
T2_ma60_5,2454,S10,20220308,16825.25,-0.1304471568906781,20.0,False
T2_ma60_5,2454,S10,20220425,16620.9,-0.1068828804373041,41.0,False
T2_ma60_5,2454,S10,20220526,15968.83,-0.11642926295044442,19.0,False
T2_ma60_5,2454,S10,20220926,13778.19,0.5718139706816823,250.0,False
T2_ma60_5,2454,S10,20240805,19830.88,0.3218921866708202,250.0,False
T2_ma60_5,2454,S10,20240904,21092.75,0.38331651638939523,250.0,False
T2_ma60_5,2454,S10,20250328,21602.89,-0.12661180440249276,5.0,False
T2_ma60_5,2454,S10,20260728,41603.36,0.40370213092978036,49.0,True
T2_ma60_5,2454,S15,20211004,16408.35,-0.14682733876636944,174.0,False
T2_ma60_5,2454,S15,20220308,16825.25,-0.14679597650260423,34.0,False
T2_ma60_5,2454,S15,20220425,16620.9,-0.1068828804373041,41.0,False
T2_ma60_5,2454,S15,20220526,15968.83,-0.11642926295044442,19.0,False
T2_ma60_5,2454,S15,20220926,13778.19,0.5718139706816823,250.0,False
T2_ma60_5,2454,S15,20240805,19830.88,0.3218921866708202,250.0,False
T2_ma60_5,2454,S15,20240904,21092.75,0.38331651638939523,250.0,False
T2_ma60_5,2454,S15,20250328,21602.89,-0.09167627657859256,6.0,False
T2_ma60_5,2454,S15,20260728,41603.36,0.40370213092978036,49.0,True
T2_ma60_5,2454,S20,20211004,16408.35,-0.14682733876636944,174.0,False
T2_ma60_5,2454,S20,20220308,16825.25,-0.23381404676032358,73.0,False
T2_ma60_5,2454,S20,20220425,16620.9,-0.1566460044012079,44.0,False
T2_ma60_5,2454,S20,20220526,15968.83,-0.11254258815403873,20.0,False
T2_ma60_5,2454,S20,20220926,13778.19,0.5718139706816823,250.0,False
T2_ma60_5,2454,S20,20240805,19830.88,0.3218921866708202,250.0,False
T2_ma60_5,2454,S20,20240904,21092.75,0.38331651638939523,250.0,False
T2_ma60_5,2454,S20,20250328,21602.89,0.19473317825363745,250.0,False
T2_ma60_5,2454,S20,20260728,41603.36,0.40370213092978036,49.0,True
T2_ma60_5,2454,TP10,20211004,16408.35,0.13780847499858728,24.0,False
T2_ma60_5,2454,TP10,20220308,16825.25,-0.13495134311649448,250.0,False
T2_ma60_5,2454,TP10,20220425,16620.9,0.1041304368718583,30.0,False
T2_ma60_5,2454,TP10,20220526,15968.83,0.09232856759413077,8.0,False
T2_ma60_5,2454,TP10,20220926,13778.19,0.1259641079663778,31.0,False
T2_ma60_5,2454,TP10,20240805,19830.88,0.1287060071985986,9.0,False
T2_ma60_5,2454,TP10,20240904,21092.75,0.13390741737002054,15.0,False
T2_ma60_5,2454,TP10,20250328,21602.89,0.2637299271497444,205.0,False
T2_ma60_5,2454,TP10,20260728,41603.36,0.2256205173043606,4.0,False
T2_ma60_5,2454,TP20,20211004,16408.35,0.2686564496234247,32.0,False
T2_ma60_5,2454,TP20,20220308,16825.25,-0.13495134311649448,250.0,False
T2_ma60_5,2454,TP20,20220425,16620.9,-0.10819243633109088,250.0,False
T2_ma60_5,2454,TP20,20220526,15968.83,-0.016671276509365618,250.0,False
T2_ma60_5,2454,TP20,20220926,13778.19,0.22500724709304998,33.0,False
T2_ma60_5,2454,TP20,20240805,19830.88,0.1924232817985192,51.0,False
T2_ma60_5,2454,TP20,20240904,21092.75,0.16934202416283384,64.0,False
T2_ma60_5,2454,TP20,20250328,21602.89,0.2746241506596563,206.0,False
T2_ma60_5,2454,TP20,20260728,41603.36,0.22711700145247327,6.0,False
T2_ma60_5,TOP10,H20,20211004,16408.35,0.11631581360536447,20.0,False
T2_ma60_5,TOP10,H20,20220308,16825.25,-0.02700634030617951,20.0,False
T2_ma60_5,TOP10,H20,20220425,16620.9,-0.018488109682931752,20.0,False
T2_ma60_5,TOP10,H20,20220526,15968.83,-0.13844149329144434,20.0,False
T2_ma60_5,TOP10,H20,20220926,13778.19,-0.12383479161015391,20.0,False
T2_ma60_5,TOP10,H20,20240805,19830.88,0.0792545853445346,20.0,False
T2_ma60_5,TOP10,H20,20240904,21092.75,0.04068085233821158,20.0,False
T2_ma60_5,TOP10,H20,20250328,21602.89,-0.059942271058365595,20.0,False
T2_ma60_5,TOP10,H20,20260728,41603.36,0.1464045234043125,20.0,False
T2_ma60_5,TOP10,H60,20211004,16408.35,0.2998787700655674,60.0,False
T2_ma60_5,TOP10,H60,20220308,16825.25,-0.048750128152754445,60.0,False
T2_ma60_5,TOP10,H60,20220425,16620.9,-0.15644216351533508,60.0,False
T2_ma60_5,TOP10,H60,20220526,15968.83,-0.1132468675644859,60.0,False
T2_ma60_5,TOP10,H60,20220926,13778.19,0.027379926209059657,60.0,False
T2_ma60_5,TOP10,H60,20240805,19830.88,0.09821917315930738,60.0,False
T2_ma60_5,TOP10,H60,20240904,21092.75,0.12825933236598783,60.0,False
T2_ma60_5,TOP10,H60,20250328,21602.89,0.13426445318369762,60.0,False
T2_ma60_5,TOP10,H60,20260728,41603.36,0.32617275896519415,49.0,True
T2_ma60_5,TOP10,H120,20211004,16408.35,0.2887535433212124,120.0,False
T2_ma60_5,TOP10,H120,20220308,16825.25,-0.2267107627270947,120.0,False
T2_ma60_5,TOP10,H120,20220425,16620.9,-0.3103616558891555,120.0,False
T2_ma60_5,TOP10,H120,20220526,15968.83,-0.18173977692155283,120.0,False
T2_ma60_5,TOP10,H120,20220926,13778.19,0.2024754047871819,120.0,False
T2_ma60_5,TOP10,H120,20240805,19830.88,0.09593919821770168,120.0,False
T2_ma60_5,TOP10,H120,20240904,21092.75,0.034013890201075835,120.0,False
T2_ma60_5,TOP10,H120,20250328,21602.89,0.41434234714244067,120.0,False
T2_ma60_5,TOP10,H120,20260728,41603.36,0.32617275896519415,49.0,True
T2_ma60_5,TOP10,S10,20211004,16408.35,-0.07144761660574353,169.1,False
T2_ma60_5,TOP10,S10,20220308,16825.25,-0.116965393100396,44.1,False
T2_ma60_5,TOP10,S10,20220425,16620.9,-0.10777568457897498,51.4,False
T2_ma60_5,TOP10,S10,20220526,15968.83,-0.12436789695934924,17.5,False
T2_ma60_5,TOP10,S10,20220926,13778.19,-0.018620684945765787,53.5,False
T2_ma60_5,TOP10,S10,20240805,19830.88,-0.03926219172064781,140.6,False
T2_ma60_5,TOP10,S10,20240904,21092.75,-0.03416638637179033,109.3,False
T2_ma60_5,TOP10,S10,20250328,21602.89,-0.19681872123335953,4.6,False
T2_ma60_5,TOP10,S10,20260728,41603.36,0.040128441903422615,20.6,True
T2_ma60_5,TOP10,S15,20211004,16408.35,-0.11882619730026955,187.3,False
T2_ma60_5,TOP10,S15,20220308,16825.25,-0.1583254825954438,62.1,False
T2_ma60_5,TOP10,S15,20220425,16620.9,-0.14002160727512963,55.8,False
T2_ma60_5,TOP10,S15,20220526,15968.83,-0.16549280464271746,26.3,False
T2_ma60_5,TOP10,S15,20220926,13778.19,0.22821571596504006,126.5,False
T2_ma60_5,TOP10,S15,20240805,19830.88,0.04353772131259267,174.2,False
T2_ma60_5,TOP10,S15,20240904,21092.75,-0.022321769859428874,128.6,False
T2_ma60_5,TOP10,S15,20250328,21602.89,-0.08214396100647195,29.6,False
T2_ma60_5,TOP10,S15,20260728,41603.36,0.24629290144992302,39.6,True
T2_ma60_5,TOP10,S20,20211004,16408.35,-0.15385869545800474,206.6,False
T2_ma60_5,TOP10,S20,20220308,16825.25,-0.2155647473847461,82.6,False
T2_ma60_5,TOP10,S20,20220425,16620.9,-0.16767557036461173,62.1,False
T2_ma60_5,TOP10,S20,20220526,15968.83,-0.21351369963135342,35.7,False
T2_ma60_5,TOP10,S20,20220926,13778.19,0.25365263974836677,174.9,False
T2_ma60_5,TOP10,S20,20240805,19830.88,-0.006614381728009988,179.2,False
T2_ma60_5,TOP10,S20,20240904,21092.75,-0.07024049765619274,138.4,False
T2_ma60_5,TOP10,S20,20250328,21602.89,-0.05250042788463698,54.4,False
T2_ma60_5,TOP10,S20,20260728,41603.36,0.32617275896519415,49.0,True
T2_ma60_5,TOP10,TP10,20211004,16408.35,0.12396659722794645,28.9,False
T2_ma60_5,TOP10,TP10,20220308,16825.25,-0.08960172878910921,142.2,False
T2_ma60_5,TOP10,TP10,20220425,16620.9,-0.1411361252379526,141.2,False
T2_ma60_5,TOP10,TP10,20220526,15968.83,-0.05249373375738259,165.0,False
T2_ma60_5,TOP10,TP10,20220926,13778.19,0.10835233394770113,86.3,False
T2_ma60_5,TOP10,TP10,20240805,19830.88,0.10159689652583463,15.4,False
T2_ma60_5,TOP10,TP10,20240904,21092.75,0.012441102978786223,66.5,False
T2_ma60_5,TOP10,TP10,20250328,21602.89,0.14098869994626723,68.8,False
T2_ma60_5,TOP10,TP10,20260728,41603.36,0.14486422875560953,9.2,False
T2_ma60_5,TOP10,TP20,20211004,16408.35,0.1282300147279078,70.5,False
T2_ma60_5,TOP10,TP20,20220308,16825.25,-0.22745741948529594,227.4,False
T2_ma60_5,TOP10,TP20,20220425,16620.9,-0.17020429340317106,190.5,False
T2_ma60_5,TOP10,TP20,20220526,15968.83,-0.0652260420632647,219.2,False
T2_ma60_5,TOP10,TP20,20220926,13778.19,0.14737202721846682,102.1,False
T2_ma60_5,TOP10,TP20,20240805,19830.88,0.15081674888723512,122.4,False
T2_ma60_5,TOP10,TP20,20240904,21092.75,0.08733303945405595,101.4,False
T2_ma60_5,TOP10,TP20,20250328,21602.89,0.2354731434083312,87.0,False
T2_ma60_5,TOP10,TP20,20260728,41603.36,0.21013973702184208,19.1,True
T2_ma60_8,0050,H20,20220512,15616.68,0.008420734509968053,20.0,False
T2_ma60_8,0050,H20,20220623,15176.44,-0.009537638383153912,20.0,False
T2_ma60_8,0050,H20,20220928,13466.07,-0.08099706497324066,20.0,False
T2_ma60_8,0050,H20,20240805,19830.88,0.07341654050195445,20.0,False
T2_ma60_8,0050,H20,20250331,20695.9,-0.016975424457441712,20.0,False
T2_ma60_8,0050,H20,20260729,40039.18,0.13132759589045806,20.0,False
T2_ma60_8,0050,H60,20220512,15616.68,-0.01771284219309488,60.0,False
T2_ma60_8,0050,H60,20220623,15176.44,-0.040542678004950594,60.0,False
T2_ma60_8,0050,H60,20220928,13466.07,0.03178118567405952,60.0,False
T2_ma60_8,0050,H60,20240805,19830.88,0.1359830847135326,60.0,False
T2_ma60_8,0050,H60,20250331,20695.9,0.10584696127706406,60.0,False
T2_ma60_8,0050,H60,20260729,40039.18,0.22109020795876222,48.0,True
T2_ma60_8,0050,H120,20220512,15616.68,-0.17785041245741384,120.0,False
T2_ma60_8,0050,H120,20220623,15176.44,-0.027376154329941005,120.0,False
T2_ma60_8,0050,H120,20220928,13466.07,0.15174026894548698,120.0,False
T2_ma60_8,0050,H120,20240805,19830.88,0.18835981674889668,120.0,False
T2_ma60_8,0050,H120,20250331,20695.9,0.31233065461513854,120.0,False
T2_ma60_8,0050,H120,20260729,40039.18,0.22109020795876222,48.0,True
T2_ma60_8,0050,S10,20220512,15616.68,-0.1106232925695727,38.0,False
T2_ma60_8,0050,S10,20220623,15176.44,-0.09575713212595838,68.0,False
T2_ma60_8,0050,S10,20220928,13466.07,0.22125929468669336,250.0,False
T2_ma60_8,0050,S10,20240805,19830.88,-0.033198793153439654,161.0,False
T2_ma60_8,0050,S10,20250331,20695.9,-0.12842297807999936,4.0,False
T2_ma60_8,0050,S10,20260729,40039.18,0.22109020795876222,48.0,True
T2_ma60_8,0050,S15,20220512,15616.68,-0.1539123220570775,99.0,False
T2_ma60_8,0050,S15,20220623,15176.44,-0.1471490471155117,76.0,False
T2_ma60_8,0050,S15,20220928,13466.07,0.22125929468669336,250.0,False
T2_ma60_8,0050,S15,20240805,19830.88,0.14242516800027238,209.0,False
T2_ma60_8,0050,S15,20250331,20695.9,-0.08098632705091058,5.0,False
T2_ma60_8,0050,S15,20260729,40039.18,0.22109020795876222,48.0,True
T2_ma60_8,0050,S20,20220512,15616.68,-0.20055032576807763,115.0,False
T2_ma60_8,0050,S20,20220623,15176.44,0.12654181286756416,250.0,False
T2_ma60_8,0050,S20,20220928,13466.07,0.22125929468669336,250.0,False
T2_ma60_8,0050,S20,20240805,19830.88,0.14242516800027238,209.0,False
T2_ma60_8,0050,S20,20250331,20695.9,0.08595680505810499,53.0,False
T2_ma60_8,0050,S20,20260729,40039.18,0.22109020795876222,48.0,True
T2_ma60_8,0050,TP10,20220512,15616.68,0.026766123718251045,250.0,False
T2_ma60_8,0050,TP10,20220623,15176.44,0.14130758836390123,236.0,False
T2_ma60_8,0050,TP10,20220928,13466.07,0.09329659511804111,45.0,False
T2_ma60_8,0050,TP10,20240805,19830.88,0.11315074393489999,35.0,False
T2_ma60_8,0050,TP10,20250331,20695.9,0.9087238367226254,250.0,False
T2_ma60_8,0050,TP10,20260729,40039.18,0.08352502141621354,2.0,False
T2_ma60_8,0050,TP20,20220512,15616.68,0.026766123718251045,250.0,False
T2_ma60_8,0050,TP20,20220623,15176.44,0.12654181286756416,250.0,False
T2_ma60_8,0050,TP20,20220928,13466.07,0.2189290889377562,164.0,False
T2_ma60_8,0050,TP20,20240805,19830.88,0.21545149157942323,104.0,False
T2_ma60_8,0050,TP20,20250331,20695.9,0.9087238367226254,250.0,False
T2_ma60_8,0050,TP20,20260729,40039.18,0.18975296469231284,40.0,False
T2_ma60_8,2330,H20,20220512,15616.68,0.013695339098544146,20.0,False
T2_ma60_8,2330,H20,20220623,15176.44,0.02358598580261062,20.0,False
T2_ma60_8,2330,H20,20220928,13466.07,-0.15004936392678891,20.0,False
T2_ma60_8,2330,H20,20240805,19830.88,0.08361313676086657,20.0,False
T2_ma60_8,2330,H20,20250331,20695.9,0.0017809610403061171,20.0,False
T2_ma60_8,2330,H20,20260729,40039.18,0.09341072389251992,20.0,False
T2_ma60_8,2330,H60,20220512,15616.68,0.0034612634599973102,60.0,False
T2_ma60_8,2330,H60,20220623,15176.44,-0.03778914493228247,60.0,False
T2_ma60_8,2330,H60,20220928,13466.07,0.030542050852826685,60.0,False
T2_ma60_8,2330,H60,20240805,19830.88,0.18260670874290996,60.0,False
T2_ma60_8,2330,H60,20250331,20695.9,0.1529790858948803,60.0,False
T2_ma60_8,2330,H60,20260729,40039.18,0.15078871725369436,48.0,True
T2_ma60_8,2330,H120,20220512,15616.68,-0.22624673660915862,120.0,False
T2_ma60_8,2330,H120,20220623,15176.44,-0.035750562612223646,120.0,False
T2_ma60_8,2330,H120,20220928,13466.07,0.20031159585944924,120.0,False
T2_ma60_8,2330,H120,20240805,19830.88,0.2793567161955348,120.0,False
T2_ma60_8,2330,H120,20250331,20695.9,0.36758356656885294,120.0,False
T2_ma60_8,2330,H120,20260729,40039.18,0.15078871725369436,48.0,True
T2_ma60_8,2330,S10,20220512,15616.68,-0.1283660005631787,35.0,False
T2_ma60_8,2330,S10,20220623,15176.44,-0.08890712748856744,7.0,False
T2_ma60_8,2330,S10,20220928,13466.07,-0.1030165224049513,9.0,False
T2_ma60_8,2330,S10,20240805,19830.88,0.3663863839718815,250.0,False
T2_ma60_8,2330,S10,20250331,20695.9,-0.1359906210217402,4.0,False
T2_ma60_8,2330,S10,20260729,40039.18,0.15078871725369436,48.0,True
T2_ma60_8,2330,S15,20220512,15616.68,-0.17182675005353687,99.0,False
T2_ma60_8,2330,S15,20220623,15176.44,-0.19068281893668648,76.0,False
T2_ma60_8,2330,S15,20220928,13466.07,-0.17020629600757653,18.0,False
T2_ma60_8,2330,S15,20240805,19830.88,0.3663863839718815,250.0,False
T2_ma60_8,2330,S15,20250331,20695.9,-0.07831879597251135,5.0,False
T2_ma60_8,2330,S15,20260729,40039.18,0.15078871725369436,48.0,True
T2_ma60_8,2330,S20,20220512,15616.68,-0.21437328499702302,105.0,False
T2_ma60_8,2330,S20,20220623,15176.44,-0.19475998357680413,84.0,False
T2_ma60_8,2330,S20,20220928,13466.07,0.24926551116594742,250.0,False
T2_ma60_8,2330,S20,20240805,19830.88,0.3663863839718815,250.0,False
T2_ma60_8,2330,S20,20250331,20695.9,1.1841896360096396,250.0,False
T2_ma60_8,2330,S20,20260729,40039.18,0.15078871725369436,48.0,True
T2_ma60_8,2330,TP10,20220512,15616.68,0.07631744498880155,13.0,False
T2_ma60_8,2330,TP10,20220623,15176.44,0.10102006943228137,146.0,False
T2_ma60_8,2330,TP10,20220928,13466.07,0.10751143488327486,38.0,False
T2_ma60_8,2330,TP10,20240805,19830.88,0.10761722523341732,9.0,False
T2_ma60_8,2330,TP10,20250331,20695.9,0.13741654958201077,47.0,False
T2_ma60_8,2330,TP10,20260729,40039.18,0.09566054019682557,11.0,False
T2_ma60_8,2330,TP20,20220512,15616.68,0.054563074949830925,250.0,False
T2_ma60_8,2330,TP20,20220623,15176.44,0.21623213525484464,236.0,False
T2_ma60_8,2330,TP20,20220928,13466.07,0.2096198498534816,78.0,False
T2_ma60_8,2330,TP20,20240805,19830.88,0.1998291365401368,45.0,False
T2_ma60_8,2330,TP20,20250331,20695.9,0.2119687135453161,73.0,False
T2_ma60_8,2330,TP20,20260729,40039.18,0.15078871725369436,48.0,True
T2_ma60_8,2454,H20,20220512,15616.68,0.07693914459601547,20.0,False
T2_ma60_8,2454,H20,20220623,15176.44,0.04454154686615164,20.0,False
T2_ma60_8,2454,H20,20220928,13466.07,0.03484292526108068,20.0,False
T2_ma60_8,2454,H20,20240805,19830.88,0.11505230549861567,20.0,False
T2_ma60_8,2454,H20,20250331,20695.9,-0.03597764782105517,20.0,False
T2_ma60_8,2454,H20,20260729,40039.18,0.26347752169986194,20.0,False
T2_ma60_8,2454,H60,20220512,15616.68,-0.06403944351265223,60.0,False
T2_ma60_8,2454,H60,20220623,15176.44,-0.11839529609904187,60.0,False
T2_ma60_8,2454,H60,20220928,13466.07,0.15753048856522955,60.0,False
T2_ma60_8,2454,H60,20240805,19830.88,0.1696671122985478,60.0,False
T2_ma60_8,2454,H60,20250331,20695.9,-0.09227092386070168,60.0,False
T2_ma60_8,2454,H60,20260729,40039.18,0.4795779217908498,48.0,True
T2_ma60_8,2454,H120,20220512,15616.68,-0.21893894654982893,120.0,False
T2_ma60_8,2454,H120,20220623,15176.44,0.04308675362539094,120.0,False
T2_ma60_8,2454,H120,20220928,13466.07,0.37623440575958167,120.0,False
T2_ma60_8,2454,H120,20240805,19830.88,0.4171708300072594,120.0,False
T2_ma60_8,2454,H120,20250331,20695.9,0.022470691419445243,120.0,False
T2_ma60_8,2454,H120,20260729,40039.18,0.4795779217908498,48.0,True
T2_ma60_8,2454,S10,20220512,15616.68,-0.10473338075123262,29.0,False
T2_ma60_8,2454,S10,20220623,15176.44,-0.11403091637676,6.0,False
T2_ma60_8,2454,S10,20220928,13466.07,0.6497761311890333,250.0,False
T2_ma60_8,2454,S10,20240805,19830.88,0.3218921866708202,250.0,False
T2_ma60_8,2454,S10,20250331,20695.9,-0.12041756188052477,4.0,False
T2_ma60_8,2454,S10,20260729,40039.18,0.4795779217908498,48.0,True
T2_ma60_8,2454,S15,20220512,15616.68,-0.10473338075123262,29.0,False
T2_ma60_8,2454,S15,20220623,15176.44,-0.1693130595256649,66.0,False
T2_ma60_8,2454,S15,20220928,13466.07,0.6497761311890333,250.0,False
T2_ma60_8,2454,S15,20240805,19830.88,0.3218921866708202,250.0,False
T2_ma60_8,2454,S15,20250331,20695.9,-0.08523426435574566,5.0,False
T2_ma60_8,2454,S15,20260729,40039.18,0.4795779217908498,48.0,True
T2_ma60_8,2454,S20,20220512,15616.68,-0.15461627155981483,32.0,False
T2_ma60_8,2454,S20,20220623,15176.44,-0.1882253716555533,68.0,False
T2_ma60_8,2454,S20,20220928,13466.07,0.6497761311890333,250.0,False
T2_ma60_8,2454,S20,20240805,19830.88,0.3218921866708202,250.0,False
T2_ma60_8,2454,S20,20250331,20695.9,0.20320646320579128,250.0,False
T2_ma60_8,2454,S20,20260729,40039.18,0.4795779217908498,48.0,True
T2_ma60_8,2454,TP10,20220512,15616.68,0.10678779051053922,18.0,False
T2_ma60_8,2454,TP10,20220623,15176.44,0.08382096436668918,150.0,False
T2_ma60_8,2454,TP10,20220928,13466.07,0.12374695664089863,27.0,False
T2_ma60_8,2454,TP10,20240805,19830.88,0.1287060071985986,9.0,False
T2_ma60_8,2454,TP10,20250331,20695.9,0.2726925507465512,204.0,False
T2_ma60_8,2454,TP10,20260729,40039.18,0.23350739322009018,2.0,False
T2_ma60_8,2454,TP20,20220512,15616.68,-0.06403944351265223,250.0,False
T2_ma60_8,2454,TP20,20220623,15176.44,0.11464588251738972,250.0,False
T2_ma60_8,2454,TP20,20220928,13466.07,0.2535468424554328,31.0,False
T2_ma60_8,2454,TP20,20240805,19830.88,0.1924232817985192,51.0,False
T2_ma60_8,2454,TP20,20250331,20695.9,0.28366403825298714,205.0,False
T2_ma60_8,2454,TP20,20260729,40039.18,0.2918702749964881,3.0,False
T2_ma60_8,TOP10,H20,20220512,15616.68,-0.01796886552914493,20.0,False
T2_ma60_8,TOP10,H20,20220623,15176.44,0.03189229136993482,20.0,False
T2_ma60_8,TOP10,H20,20220928,13466.07,-0.08244786685222008,20.0,False
T2_ma60_8,TOP10,H20,20240805,19830.88,0.0792545853445346,20.0,False
T2_ma60_8,TOP10,H20,20250331,20695.9,-0.04535315076076211,20.0,False
T2_ma60_8,TOP10,H20,20260729,40039.18,0.31853088809543784,20.0,False
T2_ma60_8,TOP10,H60,20220512,15616.68,-0.13017993725373675,60.0,False
T2_ma60_8,TOP10,H60,20220623,15176.44,-0.039510491477128686,60.0,False
T2_ma60_8,TOP10,H60,20220928,13466.07,0.04802102080278765,60.0,False
T2_ma60_8,TOP10,H60,20240805,19830.88,0.09821917315930738,60.0,False
T2_ma60_8,TOP10,H60,20250331,20695.9,0.14344085092635173,60.0,False
T2_ma60_8,TOP10,H60,20260729,40039.18,0.4751406990079975,48.0,True
T2_ma60_8,TOP10,H120,20220512,15616.68,-0.2879588671740373,120.0,False
T2_ma60_8,TOP10,H120,20220623,15176.44,-0.07364773280373771,120.0,False
T2_ma60_8,TOP10,H120,20220928,13466.07,0.2442160011998932,120.0,False
T2_ma60_8,TOP10,H120,20240805,19830.88,0.09593919821770168,120.0,False
T2_ma60_8,TOP10,H120,20250331,20695.9,0.4233169457463468,120.0,False
T2_ma60_8,TOP10,H120,20260729,40039.18,0.4751406990079975,48.0,True
T2_ma60_8,TOP10,S10,20220512,15616.68,-0.10876294255874538,33.5,False
T2_ma60_8,TOP10,S10,20220623,15176.44,-0.08983459242845704,17.6,False
T2_ma60_8,TOP10,S10,20220928,13466.07,0.11260016238146582,100.5,False
T2_ma60_8,TOP10,S10,20240805,19830.88,-0.03926219172064781,140.6,False
T2_ma60_8,TOP10,S10,20250331,20695.9,-0.19447590466096137,3.6,False
T2_ma60_8,TOP10,S10,20260729,40039.18,0.4751406990079975,48.0,True
T2_ma60_8,TOP10,S15,20220512,15616.68,-0.17069538831786796,47.7,False
T2_ma60_8,TOP10,S15,20220623,15176.44,-0.13535020158402214,33.6,False
T2_ma60_8,TOP10,S15,20220928,13466.07,0.2614077332026586,150.2,False
T2_ma60_8,TOP10,S15,20240805,19830.88,0.04353772131259267,174.2,False
T2_ma60_8,TOP10,S15,20250331,20695.9,-0.2161571775241896,4.2,False
T2_ma60_8,TOP10,S15,20260729,40039.18,0.4751406990079975,48.0,True
T2_ma60_8,TOP10,S20,20220512,15616.68,-0.1550459198274065,79.2,False
T2_ma60_8,TOP10,S20,20220623,15176.44,-0.08768812952563107,107.5,False
T2_ma60_8,TOP10,S20,20220928,13466.07,0.28326506573797366,174.3,False
T2_ma60_8,TOP10,S20,20240805,19830.88,-0.006614381728009988,179.2,False
T2_ma60_8,TOP10,S20,20250331,20695.9,-0.050648129028471656,53.6,False
T2_ma60_8,TOP10,S20,20260729,40039.18,0.4751406990079975,48.0,True
T2_ma60_8,TOP10,TP10,20220512,15616.68,-0.09131801247001277,115.2,False
T2_ma60_8,TOP10,TP10,20220623,15176.44,0.0508760913790444,118.4,False
T2_ma60_8,TOP10,TP10,20220928,13466.07,0.11627010000101903,56.6,False
T2_ma60_8,TOP10,TP10,20240805,19830.88,0.10159689652583463,15.4,False
T2_ma60_8,TOP10,TP10,20250331,20695.9,0.14637793318750209,74.0,False
T2_ma60_8,TOP10,TP10,20260729,40039.18,0.1680675492751817,3.3,False
T2_ma60_8,TOP10,TP20,20220512,15616.68,-0.1568581744592667,210.3,False
T2_ma60_8,TOP10,TP20,20220623,15176.44,0.1152696112014513,192.3,False
T2_ma60_8,TOP10,TP20,20220928,13466.07,0.16352532909423415,99.0,False
T2_ma60_8,TOP10,TP20,20240805,19830.88,0.15081674888723512,122.4,False
T2_ma60_8,TOP10,TP20,20250331,20695.9,0.2483375944932725,86.9,False
T2_ma60_8,TOP10,TP20,20260729,40039.18,0.24542013778550853,10.3,True
T2_ma60_10,0050,H20,20220701,14343.08,0.0699341432119458,20.0,False
T2_ma60_10,0050,H20,20221011,13106.03,0.013415636901231709,20.0,False
T2_ma60_10,0050,H20,20240805,19830.88,0.07341654050195445,20.0,False
T2_ma60_10,0050,H20,20250407,19232.35,0.1273454531491296,20.0,False
T2_ma60_10,0050,H60,20220701,14343.08,-0.023379334138460717,60.0,False
T2_ma60_10,0050,H60,20221011,13106.03,0.09939043983678242,60.0,False
T2_ma60_10,0050,H60,20240805,19830.88,0.1359830847135326,60.0,False
T2_ma60_10,0050,H60,20250407,19232.35,0.29540040406872725,60.0,False
T2_ma60_10,0050,H120,20220701,14343.08,0.0037993485849585618,120.0,False
T2_ma60_10,0050,H120,20221011,13106.03,0.21609063609689416,120.0,False
T2_ma60_10,0050,H120,20240805,19830.88,0.18835981674889668,120.0,False
T2_ma60_10,0050,H120,20250407,19232.35,0.5424361953220229,120.0,False
T2_ma60_10,0050,S10,20220701,14343.08,-0.07818967763069007,72.0,False
T2_ma60_10,0050,S10,20221011,13106.03,0.2492288862269616,250.0,False
T2_ma60_10,0050,S10,20240805,19830.88,-0.033198793153439654,161.0,False
T2_ma60_10,0050,S10,20250407,19232.35,0.24683929469634314,50.0,False
T2_ma60_10,0050,S15,20220701,14343.08,0.2176869534650241,250.0,False
T2_ma60_10,0050,S15,20221011,13106.03,0.2492288862269616,250.0,False
T2_ma60_10,0050,S15,20240805,19830.88,0.14242516800027238,209.0,False
T2_ma60_10,0050,S15,20250407,19232.35,0.24683929469634314,50.0,False
T2_ma60_10,0050,S20,20220701,14343.08,0.2176869534650241,250.0,False
T2_ma60_10,0050,S20,20221011,13106.03,0.2492288862269616,250.0,False
T2_ma60_10,0050,S20,20240805,19830.88,0.14242516800027238,209.0,False
T2_ma60_10,0050,S20,20250407,19232.35,0.24683929469634314,50.0,False
T2_ma60_10,0050,TP10,20220701,14343.08,0.1347786367399424,213.0,False
T2_ma60_10,0050,TP10,20221011,13106.03,0.1364485445503818,25.0,False
T2_ma60_10,0050,TP10,20240805,19830.88,0.11315074393489999,35.0,False
T2_ma60_10,0050,TP10,20250407,19232.35,0.09683231952198468,15.0,False
T2_ma60_10,0050,TP20,20220701,14343.08,0.2176869534650241,250.0,False
T2_ma60_10,0050,TP20,20221011,13106.03,0.2186167903056535,70.0,False
T2_ma60_10,0050,TP20,20240805,19830.88,0.21545149157942323,104.0,False
T2_ma60_10,0050,TP20,20250407,19232.35,0.20018325600102327,26.0,False
T2_ma60_10,2330,H20,20220701,14343.08,0.13326751476428145,20.0,False
T2_ma60_10,2330,H20,20221011,13106.03,0.008413570642828327,20.0,False
T2_ma60_10,2330,H20,20240805,19830.88,0.08361313676086657,20.0,False
T2_ma60_10,2330,H20,20250407,19232.35,0.151513570807855,20.0,False
T2_ma60_10,2330,H60,20220701,14343.08,0.01140143229179813,60.0,False
T2_ma60_10,2330,H60,20221011,13106.03,0.1537202736053802,60.0,False
T2_ma60_10,2330,H60,20240805,19830.88,0.18260670874290996,60.0,False
T2_ma60_10,2330,H60,20250407,19232.35,0.38144193718299424,60.0,False
T2_ma60_10,2330,H120,20220701,14343.08,0.04214404510497172,120.0,False
T2_ma60_10,2330,H120,20221011,13106.03,0.30906469819994875,120.0,False
T2_ma60_10,2330,H120,20240805,19830.88,0.2793567161955348,120.0,False
T2_ma60_10,2330,H120,20250407,19232.35,0.656843454304086,120.0,False
T2_ma60_10,2330,S10,20220701,14343.08,-0.09784794291121335,71.0,False
T2_ma60_10,2330,S10,20221011,13106.03,0.35316637310346266,250.0,False
T2_ma60_10,2330,S10,20240805,19830.88,0.3663863839718815,250.0,False
T2_ma60_10,2330,S10,20250407,19232.35,1.596477182211098,250.0,False
T2_ma60_10,2330,S15,20220701,14343.08,-0.16542487602647826,80.0,False
T2_ma60_10,2330,S15,20221011,13106.03,0.35316637310346266,250.0,False
T2_ma60_10,2330,S15,20240805,19830.88,0.3663863839718815,250.0,False
T2_ma60_10,2330,S15,20250407,19232.35,1.596477182211098,250.0,False
T2_ma60_10,2330,S20,20220701,14343.08,0.34790012441610774,250.0,False
T2_ma60_10,2330,S20,20221011,13106.03,0.35316637310346266,250.0,False
T2_ma60_10,2330,S20,20240805,19830.88,0.3663863839718815,250.0,False
T2_ma60_10,2330,S20,20250407,19232.35,1.596477182211098,250.0,False
T2_ma60_10,2330,TP10,20220701,14343.08,0.10975109400336236,10.0,False
T2_ma60_10,2330,TP10,20221011,13106.03,0.12462479997341469,23.0,False
T2_ma60_10,2330,TP10,20240805,19830.88,0.10761722523341732,9.0,False
T2_ma60_10,2330,TP10,20250407,19232.35,0.11416718472760023,4.0,False
T2_ma60_10,2330,TP20,20220701,14343.08,0.2165898961334125,140.0,False
T2_ma60_10,2330,TP20,20221011,13106.03,0.22834019819318518,25.0,False
T2_ma60_10,2330,TP20,20240805,19830.88,0.1998291365401368,45.0,False
T2_ma60_10,2330,TP20,20250407,19232.35,0.23243074064840696,24.0,False
T2_ma60_10,2454,H20,20220701,14343.08,0.11435728948433055,20.0,False
T2_ma60_10,2454,H20,20221011,13106.03,0.11863936417383547,20.0,False
T2_ma60_10,2454,H20,20240805,19830.88,0.11505230549861567,20.0,False
T2_ma60_10,2454,H20,20250407,19232.35,0.015886177215471697,20.0,False
T2_ma60_10,2454,H60,20220701,14343.08,-0.06973974810591688,60.0,False
T2_ma60_10,2454,H60,20221011,13106.03,0.1364520929027182,60.0,False
T2_ma60_10,2454,H60,20240805,19830.88,0.1696671122985478,60.0,False
T2_ma60_10,2454,H60,20250407,19232.35,0.04798421884215731,60.0,False
T2_ma60_10,2454,H120,20220701,14343.08,0.05733608315106786,120.0,False
T2_ma60_10,2454,H120,20221011,13106.03,0.25045355676756764,120.0,False
T2_ma60_10,2454,H120,20240805,19830.88,0.4171708300072594,120.0,False
T2_ma60_10,2454,H120,20250407,19232.35,0.07216847004620708,120.0,False
T2_ma60_10,2454,S10,20220701,14343.08,-0.09091905331541439,62.0,False
T2_ma60_10,2454,S10,20221011,13106.03,0.6073764823933976,250.0,False
T2_ma60_10,2454,S10,20240805,19830.88,0.3218921866708202,250.0,False
T2_ma60_10,2454,S10,20250407,19232.35,0.5860137557112195,250.0,False
T2_ma60_10,2454,S15,20220701,14343.08,0.23743392804352315,250.0,False
T2_ma60_10,2454,S15,20221011,13106.03,0.6073764823933976,250.0,False
T2_ma60_10,2454,S15,20240805,19830.88,0.3218921866708202,250.0,False
T2_ma60_10,2454,S15,20250407,19232.35,0.5860137557112195,250.0,False
T2_ma60_10,2454,S20,20220701,14343.08,0.23743392804352315,250.0,False
T2_ma60_10,2454,S20,20221011,13106.03,0.6073764823933976,250.0,False
T2_ma60_10,2454,S20,20240805,19830.88,0.3218921866708202,250.0,False
T2_ma60_10,2454,S20,20250407,19232.35,0.5860137557112195,250.0,False
T2_ma60_10,2454,TP10,20220701,14343.08,0.10946975751290822,13.0,False
T2_ma60_10,2454,TP10,20221011,13106.03,0.12576445566538852,19.0,False
T2_ma60_10,2454,TP10,20240805,19830.88,0.1287060071985986,9.0,False
T2_ma60_10,2454,TP10,20250407,19232.35,0.11470778978507012,4.0,False
T2_ma60_10,2454,TP20,20220701,14343.08,0.22188299285562585,106.0,False
T2_ma60_10,2454,TP20,20221011,13106.03,0.2557973753862324,23.0,False
T2_ma60_10,2454,TP20,20240805,19830.88,0.1924232817985192,51.0,False
T2_ma60_10,2454,TP20,20250407,19232.35,0.22533539433852257,109.0,False
T2_ma60_10,TOP10,H20,20220701,14343.08,0.10363355942954719,20.0,False
T2_ma60_10,TOP10,H20,20221011,13106.03,0.06718105951068809,20.0,False
T2_ma60_10,TOP10,H20,20240805,19830.88,0.0792545853445346,20.0,False
T2_ma60_10,TOP10,H20,20250407,19232.35,0.1337582432565213,20.0,False
T2_ma60_10,TOP10,H60,20220701,14343.08,-0.05417627135826093,60.0,False
T2_ma60_10,TOP10,H60,20221011,13106.03,0.14074802844614226,60.0,False
T2_ma60_10,TOP10,H60,20240805,19830.88,0.09821917315930738,60.0,False
T2_ma60_10,TOP10,H60,20250407,19232.35,0.3381932973541037,60.0,False
T2_ma60_10,TOP10,H120,20220701,14343.08,-0.0606452743847388,120.0,False
T2_ma60_10,TOP10,H120,20221011,13106.03,0.3899339067906435,120.0,False
T2_ma60_10,TOP10,H120,20240805,19830.88,0.09593919821770168,120.0,False
T2_ma60_10,TOP10,H120,20250407,19232.35,0.5833955734957537,120.0,False
T2_ma60_10,TOP10,S10,20220701,14343.08,-0.006181334323224641,112.3,False
T2_ma60_10,TOP10,S10,20221011,13106.03,0.25208242779529505,121.9,False
T2_ma60_10,TOP10,S10,20240805,19830.88,-0.03926219172064781,140.6,False
T2_ma60_10,TOP10,S10,20250407,19232.35,1.6796073601730304,225.2,False
T2_ma60_10,TOP10,S15,20220701,14343.08,-0.008765574671725751,139.6,False
T2_ma60_10,TOP10,S15,20221011,13106.03,0.3009999972134676,163.1,False
T2_ma60_10,TOP10,S15,20240805,19830.88,0.04353772131259267,174.2,False
T2_ma60_10,TOP10,S15,20250407,19232.35,1.7511185299816905,250.0,False
T2_ma60_10,TOP10,S20,20220701,14343.08,0.026956507210171787,157.7,False
T2_ma60_10,TOP10,S20,20221011,13106.03,0.4794811373014646,192.0,False
T2_ma60_10,TOP10,S20,20240805,19830.88,-0.006614381728009988,179.2,False
T2_ma60_10,TOP10,S20,20250407,19232.35,1.7511185299816905,250.0,False
T2_ma60_10,TOP10,TP10,20220701,14343.08,0.12947355160949908,13.4,False
T2_ma60_10,TOP10,TP10,20221011,13106.03,0.09888482799257778,57.2,False
T2_ma60_10,TOP10,TP10,20240805,19830.88,0.10159689652583463,15.4,False
T2_ma60_10,TOP10,TP10,20250407,19232.35,0.1381150590582416,10.8,False
T2_ma60_10,TOP10,TP20,20220701,14343.08,0.18700902296334992,129.0,False
T2_ma60_10,TOP10,TP20,20221011,13106.03,0.16993484428287536,71.5,False
T2_ma60_10,TOP10,TP20,20240805,19830.88,0.15081674888723512,122.4,False
T2_ma60_10,TOP10,TP20,20250407,19232.35,0.24328756589643258,40.0,False
T3_bias50,0050,H20,20211004,16408.35,0.025241289872060424,20.0,False
T3_bias50,0050,H20,20220427,16303.35,-0.03276183641007391,20.0,False
T3_bias50,0050,H20,20220620,15367.58,-0.05045483748899482,20.0,False
T3_bias50,0050,H20,20220928,13466.07,-0.08099706497324066,20.0,False
T3_bias50,0050,H20,20240805,19830.88,0.07341654050195445,20.0,False
T3_bias50,0050,H20,20250331,20695.9,-0.016975424457441712,20.0,False
T3_bias50,0050,H20,20250505,20532.99,0.046754339174104986,20.0,False
T3_bias50,0050,H20,20260716,45624.98,0.03894965335381184,20.0,False
T3_bias50,0050,H60,20211004,16408.35,0.09326499715462733,60.0,False
T3_bias50,0050,H60,20220427,16303.35,-0.0795760003098489,60.0,False
T3_bias50,0050,H60,20220620,15367.58,-0.05795453600816913,60.0,False
T3_bias50,0050,H60,20220928,13466.07,0.03178118567405952,60.0,False
T3_bias50,0050,H60,20240805,19830.88,0.1359830847135326,60.0,False
T3_bias50,0050,H60,20250331,20695.9,0.10584696127706406,60.0,False
T3_bias50,0050,H60,20250505,20532.99,0.19470500233529497,60.0,False
T3_bias50,0050,H60,20260716,45624.98,0.11510049162484304,57.0,True
T3_bias50,0050,H120,20211004,16408.35,0.037742058636039966,120.0,False
T3_bias50,0050,H120,20220427,16303.35,-0.20224643878961968,120.0,False
T3_bias50,0050,H120,20220620,15367.58,-0.049621537653530834,120.0,False
T3_bias50,0050,H120,20220928,13466.07,0.15174026894548698,120.0,False
T3_bias50,0050,H120,20240805,19830.88,0.18835981674889668,120.0,False
T3_bias50,0050,H120,20250331,20695.9,0.31233065461513854,120.0,False
T3_bias50,0050,H120,20250505,20532.99,0.4945571436694487,120.0,False
T3_bias50,0050,H120,20260716,45624.98,0.11510049162484304,57.0,True
T3_bias50,0050,S10,20211004,16408.35,-0.08861513503207874,174.0,False
T3_bias50,0050,S10,20220427,16303.35,-0.1332642311769694,45.0,False
T3_bias50,0050,S10,20220620,15367.58,-0.10216704442120572,12.0,False
T3_bias50,0050,S10,20220928,13466.07,0.22125929468669336,250.0,False
T3_bias50,0050,S10,20240805,19830.88,-0.033198793153439654,161.0,False
T3_bias50,0050,S10,20250331,20695.9,-0.12842297807999936,4.0,False
T3_bias50,0050,S10,20250505,20532.99,0.10927979616408989,31.0,False
T3_bias50,0050,S10,20260716,45624.98,0.11510049162484304,57.0,True
T3_bias50,0050,S15,20211004,16408.35,-0.1454566689618101,180.0,False
T3_bias50,0050,S15,20220427,16303.35,-0.14684688592778772,105.0,False
T3_bias50,0050,S15,20220620,15367.58,-0.12878502202259245,74.0,False
T3_bias50,0050,S15,20220928,13466.07,0.22125929468669336,250.0,False
T3_bias50,0050,S15,20240805,19830.88,0.14242516800027238,209.0,False
T3_bias50,0050,S15,20250331,20695.9,-0.08098632705091058,5.0,False
T3_bias50,0050,S15,20250505,20532.99,0.10927979616408989,31.0,False
T3_bias50,0050,S15,20260716,45624.98,0.11510049162484304,57.0,True
T3_bias50,0050,S20,20211004,16408.35,-0.16938215951449054,242.0,False
T3_bias50,0050,S20,20220427,16303.35,-0.20541212752458127,115.0,False
T3_bias50,0050,S20,20220620,15367.58,-0.19294910935330534,89.0,False
T3_bias50,0050,S20,20220928,13466.07,0.22125929468669336,250.0,False
T3_bias50,0050,S20,20240805,19830.88,0.14242516800027238,209.0,False
T3_bias50,0050,S20,20250331,20695.9,0.08595680505810499,53.0,False
T3_bias50,0050,S20,20250505,20532.99,0.10927979616408989,31.0,False
T3_bias50,0050,S20,20260716,45624.98,0.11510049162484304,57.0,True
T3_bias50,0050,TP10,20211004,16408.35,0.09326499715462733,60.0,False
T3_bias50,0050,TP10,20220427,16303.35,-0.0386255553168785,250.0,False
T3_bias50,0050,TP10,20220620,15367.58,0.10426729780506294,250.0,False
T3_bias50,0050,TP10,20220928,13466.07,0.09329659511804111,45.0,False
T3_bias50,0050,TP10,20240805,19830.88,0.11315074393489999,35.0,False
T3_bias50,0050,TP10,20250331,20695.9,0.9087238367226254,250.0,False
T3_bias50,0050,TP10,20260716,45624.98,0.12819649565871472,55.0,False
T3_bias50,0050,TP20,20211004,16408.35,-0.2165896553805059,250.0,False
T3_bias50,0050,TP20,20220427,16303.35,-0.0386255553168785,250.0,False
T3_bias50,0050,TP20,20220620,15367.58,0.10426729780506294,250.0,False
T3_bias50,0050,TP20,20220928,13466.07,0.2189290889377562,164.0,False
T3_bias50,0050,TP20,20240805,19830.88,0.21545149157942323,104.0,False
T3_bias50,0050,TP20,20250331,20695.9,0.9087238367226254,250.0,False
T3_bias50,0050,TP20,20250505,20532.99,1.3289283917162487,250.0,False
T3_bias50,0050,TP20,20260716,45624.98,0.11510049162484304,57.0,True
T3_bias50,2330,H20,20211004,16408.35,0.05395887393000809,20.0,False
T3_bias50,2330,H20,20220427,16303.35,-0.01906311157706697,20.0,False
T3_bias50,2330,H20,20220620,15367.58,-0.03456610235149815,20.0,False
T3_bias50,2330,H20,20220928,13466.07,-0.15004936392678891,20.0,False
T3_bias50,2330,H20,20240805,19830.88,0.08361313676086657,20.0,False
T3_bias50,2330,H20,20250331,20695.9,0.0017809610403061171,20.0,False
T3_bias50,2330,H20,20250505,20532.99,0.05499191752576427,20.0,False
T3_bias50,2330,H20,20260716,45624.98,0.01723431205642112,20.0,False
T3_bias50,2330,H60,20211004,16408.35,0.09073573386725164,60.0,False
T3_bias50,2330,H60,20220427,16303.35,-0.058907028164597364,60.0,False
T3_bias50,2330,H60,20220620,15367.58,-0.052389497385008865,60.0,False
T3_bias50,2330,H60,20220928,13466.07,0.030542050852826685,60.0,False
T3_bias50,2330,H60,20240805,19830.88,0.18260670874290996,60.0,False
T3_bias50,2330,H60,20250331,20695.9,0.1529790858948803,60.0,False
T3_bias50,2330,H60,20250505,20532.99,0.25092434895480387,60.0,False
T3_bias50,2330,H60,20260716,45624.98,0.06841647222921932,57.0,True
T3_bias50,2330,H120,20211004,16408.35,0.017714976563888873,120.0,False
T3_bias50,2330,H120,20220427,16303.35,-0.2352152997451178,120.0,False
T3_bias50,2330,H120,20220620,15367.58,-0.05390045570328539,120.0,False
T3_bias50,2330,H120,20220928,13466.07,0.20031159585944924,120.0,False
T3_bias50,2330,H120,20240805,19830.88,0.2793567161955348,120.0,False
T3_bias50,2330,H120,20250331,20695.9,0.36758356656885294,120.0,False
T3_bias50,2330,H120,20250505,20532.99,0.6163377207877858,120.0,False
T3_bias50,2330,H120,20260716,45624.98,0.06841647222921932,57.0,True
T3_bias50,2330,S10,20211004,16408.35,-0.0963546530334648,145.0,False
T3_bias50,2330,S10,20220427,16303.35,-0.11254932755921532,44.0,False
T3_bias50,2330,S10,20220620,15367.58,-0.10982043693743271,10.0,False
T3_bias50,2330,S10,20220928,13466.07,-0.1030165224049513,9.0,False
T3_bias50,2330,S10,20240805,19830.88,0.3663863839718815,250.0,False
T3_bias50,2330,S10,20250331,20695.9,-0.1359906210217402,4.0,False
T3_bias50,2330,S10,20250505,20532.99,1.5394958753564025,250.0,False
T3_bias50,2330,S10,20260716,45624.98,0.06841647222921932,57.0,True
T3_bias50,2330,S15,20211004,16408.35,-0.15506266509961508,179.0,False
T3_bias50,2330,S15,20220427,16303.35,-0.153957418319973,46.0,False
T3_bias50,2330,S15,20220620,15367.58,-0.1664365067617367,73.0,False
T3_bias50,2330,S15,20220928,13466.07,-0.17020629600757653,18.0,False
T3_bias50,2330,S15,20240805,19830.88,0.3663863839718815,250.0,False
T3_bias50,2330,S15,20250331,20695.9,-0.07831879597251135,5.0,False
T3_bias50,2330,S15,20250505,20532.99,1.5394958753564025,250.0,False
T3_bias50,2330,S15,20260716,45624.98,0.06841647222921932,57.0,True
T3_bias50,2330,S20,20211004,16408.35,-0.19448710066230546,181.0,False
T3_bias50,2330,S20,20220427,16303.35,-0.20776634391913806,109.0,False
T3_bias50,2330,S20,20220620,15367.58,-0.20228870001929644,80.0,False
T3_bias50,2330,S20,20220928,13466.07,0.24926551116594742,250.0,False
T3_bias50,2330,S20,20240805,19830.88,0.3663863839718815,250.0,False
T3_bias50,2330,S20,20250331,20695.9,1.1841896360096396,250.0,False
T3_bias50,2330,S20,20250505,20532.99,1.5394958753564025,250.0,False
T3_bias50,2330,S20,20260716,45624.98,0.06841647222921932,57.0,True
T3_bias50,2330,TP10,20211004,16408.35,0.14394235503150776,63.0,False
T3_bias50,2330,TP10,20220427,16303.35,-0.02757134606072542,250.0,False
T3_bias50,2330,TP10,20220620,15367.58,0.15608914962941745,227.0,False
T3_bias50,2330,TP10,20220928,13466.07,0.10751143488327486,38.0,False
T3_bias50,2330,TP10,20240805,19830.88,0.10761722523341732,9.0,False
T3_bias50,2330,TP10,20250331,20695.9,0.13741654958201077,47.0,False
T3_bias50,2330,TP10,20250505,20532.99,0.15355892419398254,25.0,False
T3_bias50,2330,TP10,20260716,45624.98,0.06841647222921932,57.0,True
T3_bias50,2330,TP20,20211004,16408.35,0.20246963831218978,73.0,False
T3_bias50,2330,TP20,20220427,16303.35,-0.02757134606072542,250.0,False
T3_bias50,2330,TP20,20220620,15367.58,0.16959703159806727,250.0,False
T3_bias50,2330,TP20,20220928,13466.07,0.2096198498534816,78.0,False
T3_bias50,2330,TP20,20240805,19830.88,0.1998291365401368,45.0,False
T3_bias50,2330,TP20,20250331,20695.9,0.2119687135453161,73.0,False
T3_bias50,2330,TP20,20250505,20532.99,0.19109753226566095,47.0,False
T3_bias50,2330,TP20,20260716,45624.98,0.06841647222921932,57.0,True
T3_bias50,2454,H20,20211004,16408.35,0.06271311564868043,20.0,False
T3_bias50,2454,H20,20220427,16303.35,0.00048657454773981534,20.0,False
T3_bias50,2454,H20,20220620,15367.58,-0.16633458865605444,20.0,False
T3_bias50,2454,H20,20220928,13466.07,0.03484292526108068,20.0,False
T3_bias50,2454,H20,20240805,19830.88,0.11505230549861567,20.0,False
T3_bias50,2454,H20,20250331,20695.9,-0.03597764782105517,20.0,False
T3_bias50,2454,H20,20250505,20532.99,-0.01932331470700921,20.0,False
T3_bias50,2454,H20,20260716,45624.98,0.2580817166785532,20.0,False
T3_bias50,2454,H60,20211004,16408.35,0.3426140004983329,60.0,False
T3_bias50,2454,H60,20220427,16303.35,-0.09203863309036575,60.0,False
T3_bias50,2454,H60,20220620,15367.58,-0.23601786771975797,60.0,False
T3_bias50,2454,H60,20220928,13466.07,0.15753048856522955,60.0,False
T3_bias50,2454,H60,20240805,19830.88,0.1696671122985478,60.0,False
T3_bias50,2454,H60,20250331,20695.9,-0.09227092386070168,60.0,False
T3_bias50,2454,H60,20250505,20532.99,0.06639475241641146,60.0,False
T3_bias50,2454,H60,20260716,45624.98,0.34100073891418514,57.0,True
T3_bias50,2454,H120,20211004,16408.35,-0.02376032845121201,120.0,False
T3_bias50,2454,H120,20220427,16303.35,-0.2357447487163511,120.0,False
T3_bias50,2454,H120,20220620,15367.58,-0.08271465377960996,120.0,False
T3_bias50,2454,H120,20220928,13466.07,0.37623440575958167,120.0,False
T3_bias50,2454,H120,20240805,19830.88,0.4171708300072594,120.0,False
T3_bias50,2454,H120,20250331,20695.9,0.022470691419445243,120.0,False
T3_bias50,2454,H120,20250505,20532.99,0.03905129722624712,120.0,False
T3_bias50,2454,H120,20260716,45624.98,0.34100073891418514,57.0,True
T3_bias50,2454,S10,20211004,16408.35,-0.14682733876636944,174.0,False
T3_bias50,2454,S10,20220427,16303.35,-0.10902208311889128,39.0,False
T3_bias50,2454,S10,20220620,15367.58,-0.13592733961007453,3.0,False
T3_bias50,2454,S10,20220928,13466.07,0.6497761311890333,250.0,False
T3_bias50,2454,S10,20240805,19830.88,0.3218921866708202,250.0,False
T3_bias50,2454,S10,20250331,20695.9,-0.12041756188052477,4.0,False
T3_bias50,2454,S10,20250505,20532.99,-0.07813493930302884,137.0,False
T3_bias50,2454,S10,20260716,45624.98,0.34100073891418514,57.0,True
T3_bias50,2454,S15,20211004,16408.35,-0.14682733876636944,174.0,False
T3_bias50,2454,S15,20220427,16303.35,-0.10902208311889128,39.0,False
T3_bias50,2454,S15,20220620,15367.58,-0.13592733961007453,3.0,False
T3_bias50,2454,S15,20220928,13466.07,0.6497761311890333,250.0,False
T3_bias50,2454,S15,20240805,19830.88,0.3218921866708202,250.0,False
T3_bias50,2454,S15,20250331,20695.9,-0.08523426435574566,5.0,False
T3_bias50,2454,S15,20250505,20532.99,1.7276219325845568,250.0,False
T3_bias50,2454,S15,20260716,45624.98,0.34100073891418514,57.0,True
T3_bias50,2454,S20,20211004,16408.35,-0.14682733876636944,174.0,False
T3_bias50,2454,S20,20220427,16303.35,-0.1586660139715046,42.0,False
T3_bias50,2454,S20,20220620,15367.58,-0.13212643347932707,4.0,False
T3_bias50,2454,S20,20220928,13466.07,0.6497761311890333,250.0,False
T3_bias50,2454,S20,20240805,19830.88,0.3218921866708202,250.0,False
T3_bias50,2454,S20,20250331,20695.9,0.20320646320579128,250.0,False
T3_bias50,2454,S20,20250505,20532.99,1.7276219325845568,250.0,False
T3_bias50,2454,S20,20260716,45624.98,0.34100073891418514,57.0,True
T3_bias50,2454,TP10,20211004,16408.35,0.13780847499858728,24.0,False
T3_bias50,2454,TP10,20220427,16303.35,0.10148581307096771,28.0,False
T3_bias50,2454,TP10,20220620,15367.58,-0.029263116854190807,250.0,False
T3_bias50,2454,TP10,20220928,13466.07,0.12374695664089863,27.0,False
T3_bias50,2454,TP10,20240805,19830.88,0.1287060071985986,9.0,False
T3_bias50,2454,TP10,20250331,20695.9,0.2726925507465512,204.0,False
T3_bias50,2454,TP10,20250505,20532.99,0.12498787068104944,54.0,False
T3_bias50,2454,TP10,20260716,45624.98,0.12941426838188286,4.0,False
T3_bias50,2454,TP20,20211004,16408.35,0.2686564496234247,32.0,False
T3_bias50,2454,TP20,20220427,16303.35,-0.11555417928370892,250.0,False
T3_bias50,2454,TP20,20220620,15367.58,-0.029263116854190807,250.0,False
T3_bias50,2454,TP20,20220928,13466.07,0.2535468424554328,31.0,False
T3_bias50,2454,TP20,20240805,19830.88,0.1924232817985192,51.0,False
T3_bias50,2454,TP20,20250331,20695.9,0.28366403825298714,205.0,False
T3_bias50,2454,TP20,20250505,20532.99,0.3857115803495268,182.0,False
T3_bias50,2454,TP20,20260716,45624.98,0.2580817166785532,20.0,False
T3_bias50,TOP10,H20,20211004,16408.35,0.11631581360536447,20.0,False
T3_bias50,TOP10,H20,20220427,16303.35,-0.016296177704644088,20.0,False
T3_bias50,TOP10,H20,20220620,15367.58,-0.06683934666242815,20.0,False
T3_bias50,TOP10,H20,20220928,13466.07,-0.08244786685222008,20.0,False
T3_bias50,TOP10,H20,20240805,19830.88,0.0792545853445346,20.0,False
T3_bias50,TOP10,H20,20250331,20695.9,-0.04535315076076211,20.0,False
T3_bias50,TOP10,H20,20250505,20532.99,0.12774557800003822,20.0,False
T3_bias50,TOP10,H20,20260716,45624.98,0.06713888520410283,20.0,False
T3_bias50,TOP10,H60,20211004,16408.35,0.2998787700655674,60.0,False
T3_bias50,TOP10,H60,20220427,16303.35,-0.1500235157460501,60.0,False
T3_bias50,TOP10,H60,20220620,15367.58,-0.05641310657429585,60.0,False
T3_bias50,TOP10,H60,20220928,13466.07,0.04802102080278765,60.0,False
T3_bias50,TOP10,H60,20240805,19830.88,0.09821917315930738,60.0,False
T3_bias50,TOP10,H60,20250331,20695.9,0.14344085092635173,60.0,False
T3_bias50,TOP10,H60,20250505,20532.99,0.28146654514754643,60.0,False
T3_bias50,TOP10,H60,20260716,45624.98,0.1416678740714576,57.0,True
T3_bias50,TOP10,H120,20211004,16408.35,0.2887535433212124,120.0,False
T3_bias50,TOP10,H120,20220427,16303.35,-0.33108145673166556,120.0,False
T3_bias50,TOP10,H120,20220620,15367.58,-0.09890542030058146,120.0,False
T3_bias50,TOP10,H120,20220928,13466.07,0.2442160011998932,120.0,False
T3_bias50,TOP10,H120,20240805,19830.88,0.09593919821770168,120.0,False
T3_bias50,TOP10,H120,20250331,20695.9,0.4233169457463468,120.0,False
T3_bias50,TOP10,H120,20250505,20532.99,0.5490098455291215,120.0,False
T3_bias50,TOP10,H120,20260716,45624.98,0.1416678740714576,57.0,True
T3_bias50,TOP10,S10,20211004,16408.35,-0.07144761660574353,169.1,False
T3_bias50,TOP10,S10,20220427,16303.35,-0.12339652652627683,26.9,False
T3_bias50,TOP10,S10,20220620,15367.58,-0.12428618815783495,27.3,False
T3_bias50,TOP10,S10,20220928,13466.07,0.11260016238146582,100.5,False
T3_bias50,TOP10,S10,20240805,19830.88,-0.03926219172064781,140.6,False
T3_bias50,TOP10,S10,20250331,20695.9,-0.19447590466096137,3.6,False
T3_bias50,TOP10,S10,20250505,20532.99,1.1587456681961763,222.0,False
T3_bias50,TOP10,S10,20260716,45624.98,-0.09219519844097217,16.7,True
T3_bias50,TOP10,S15,20211004,16408.35,-0.11882619730026955,187.3,False
T3_bias50,TOP10,S15,20220427,16303.35,-0.1654434800169867,34.0,False
T3_bias50,TOP10,S15,20220620,15367.58,-0.11469809983985513,50.5,False
T3_bias50,TOP10,S15,20220928,13466.07,0.2614077332026586,150.2,False
T3_bias50,TOP10,S15,20240805,19830.88,0.04353772131259267,174.2,False
T3_bias50,TOP10,S15,20250331,20695.9,-0.2161571775241896,4.2,False
T3_bias50,TOP10,S15,20250505,20532.99,1.3509435471836357,250.0,False
T3_bias50,TOP10,S15,20260716,45624.98,-0.03914457139954832,23.1,True
T3_bias50,TOP10,S20,20211004,16408.35,-0.15385869545800474,206.6,False
T3_bias50,TOP10,S20,20220427,16303.35,-0.20172184280133237,53.8,False
T3_bias50,TOP10,S20,20220620,15367.58,-0.09757341343986438,79.0,False
T3_bias50,TOP10,S20,20220928,13466.07,0.28326506573797366,174.3,False
T3_bias50,TOP10,S20,20240805,19830.88,-0.006614381728009988,179.2,False
T3_bias50,TOP10,S20,20250331,20695.9,-0.050648129028471656,53.6,False
T3_bias50,TOP10,S20,20250505,20532.99,1.3509435471836357,250.0,False
T3_bias50,TOP10,S20,20260716,45624.98,0.016736684356980593,32.9,True
T3_bias50,TOP10,TP10,20211004,16408.35,0.12396659722794645,28.9,False
T3_bias50,TOP10,TP10,20220427,16303.35,-0.15331448753383417,165.7,False
T3_bias50,TOP10,TP10,20220620,15367.58,0.031219769951269648,167.6,False
T3_bias50,TOP10,TP10,20220928,13466.07,0.11627010000101903,56.6,False
T3_bias50,TOP10,TP10,20240805,19830.88,0.10159689652583463,15.4,False
T3_bias50,TOP10,TP10,20250331,20695.9,0.14637793318750209,74.0,False
T3_bias50,TOP10,TP10,20250505,20532.99,0.13650845408325318,12.9,False
T3_bias50,TOP10,TP10,20260716,45624.98,0.07016702261254751,36.5,True
T3_bias50,TOP10,TP20,20211004,16408.35,0.1282300147279078,70.5,False
T3_bias50,TOP10,TP20,20220427,16303.35,-0.1994824138750522,228.6,False
T3_bias50,TOP10,TP20,20220620,15367.58,0.06507946213238214,194.2,False
T3_bias50,TOP10,TP20,20220928,13466.07,0.16352532909423415,99.0,False
T3_bias50,TOP10,TP20,20240805,19830.88,0.15081674888723512,122.4,False
T3_bias50,TOP10,TP20,20250331,20695.9,0.2483375944932725,86.9,False
T3_bias50,TOP10,TP20,20250505,20532.99,0.25946479045734944,57.0,False
T3_bias50,TOP10,TP20,20260716,45624.98,0.08851264243038454,45.1,True
T3_bias100,0050,H20,20220701,14343.08,0.0699341432119458,20.0,False
T3_bias100,0050,H20,20221013,12810.73,0.05847610698846473,20.0,False
T3_bias100,0050,H20,20240805,19830.88,0.07341654050195445,20.0,False
T3_bias100,0050,H20,20250407,19232.35,0.1273454531491296,20.0,False
T3_bias100,0050,H20,20260717,42671.27,0.05997180398525215,20.0,False
T3_bias100,0050,H60,20220701,14343.08,-0.023379334138460717,60.0,False
T3_bias100,0050,H60,20221013,12810.73,0.11161931088608901,60.0,False
T3_bias100,0050,H60,20240805,19830.88,0.1359830847135326,60.0,False
T3_bias100,0050,H60,20250407,19232.35,0.29540040406872725,60.0,False
T3_bias100,0050,H60,20260717,42671.27,0.14514810966263814,56.0,True
T3_bias100,0050,H120,20220701,14343.08,0.0037993485849585618,120.0,False
T3_bias100,0050,H120,20221013,12810.73,0.18499994662183172,120.0,False
T3_bias100,0050,H120,20240805,19830.88,0.18835981674889668,120.0,False
T3_bias100,0050,H120,20250407,19232.35,0.5424361953220229,120.0,False
T3_bias100,0050,H120,20260717,42671.27,0.14514810966263814,56.0,True
T3_bias100,0050,S10,20220701,14343.08,-0.07818967763069007,72.0,False
T3_bias100,0050,S10,20221013,12810.73,0.23821823978510515,250.0,False
T3_bias100,0050,S10,20240805,19830.88,-0.033198793153439654,161.0,False
T3_bias100,0050,S10,20250407,19232.35,0.24683929469634314,50.0,False
T3_bias100,0050,S10,20260717,42671.27,0.14514810966263814,56.0,True
T3_bias100,0050,S15,20220701,14343.08,0.2176869534650241,250.0,False
T3_bias100,0050,S15,20221013,12810.73,0.23821823978510515,250.0,False
T3_bias100,0050,S15,20240805,19830.88,0.14242516800027238,209.0,False
T3_bias100,0050,S15,20250407,19232.35,0.24683929469634314,50.0,False
T3_bias100,0050,S15,20260717,42671.27,0.14514810966263814,56.0,True
T3_bias100,0050,S20,20220701,14343.08,0.2176869534650241,250.0,False
T3_bias100,0050,S20,20221013,12810.73,0.23821823978510515,250.0,False
T3_bias100,0050,S20,20240805,19830.88,0.14242516800027238,209.0,False
T3_bias100,0050,S20,20250407,19232.35,0.24683929469634314,50.0,False
T3_bias100,0050,S20,20260717,42671.27,0.14514810966263814,56.0,True
T3_bias100,0050,TP10,20220701,14343.08,0.1347786367399424,213.0,False
T3_bias100,0050,TP10,20221013,12810.73,0.12137035747280911,23.0,False
T3_bias100,0050,TP10,20240805,19830.88,0.11315074393489999,35.0,False
T3_bias100,0050,TP10,20250407,19232.35,0.09683231952198468,15.0,False
T3_bias100,0050,TP10,20260717,42671.27,0.1292086840387996,46.0,False
T3_bias100,0050,TP20,20220701,14343.08,0.2176869534650241,250.0,False
T3_bias100,0050,TP20,20221013,12810.73,0.21391454355244455,105.0,False
T3_bias100,0050,TP20,20240805,19830.88,0.21545149157942323,104.0,False
T3_bias100,0050,TP20,20250407,19232.35,0.20018325600102327,26.0,False
T3_bias100,0050,TP20,20260717,42671.27,0.14514810966263814,56.0,True
T3_bias100,2330,H20,20220701,14343.08,0.13326751476428145,20.0,False
T3_bias100,2330,H20,20221013,12810.73,0.05679760958445379,20.0,False
T3_bias100,2330,H20,20240805,19830.88,0.08361313676086657,20.0,False
T3_bias100,2330,H20,20250407,19232.35,0.151513570807855,20.0,False
T3_bias100,2330,H20,20260717,42671.27,0.03962055059957881,20.0,False
T3_bias100,2330,H60,20220701,14343.08,0.01140143229179813,60.0,False
T3_bias100,2330,H60,20221013,12810.73,0.12667760960805463,60.0,False
T3_bias100,2330,H60,20240805,19830.88,0.18260670874290996,60.0,False
T3_bias100,2330,H60,20250407,19232.35,0.38144193718299424,60.0,False
T3_bias100,2330,H60,20260717,42671.27,0.1032561398019114,56.0,True
T3_bias100,2330,H120,20220701,14343.08,0.04214404510497172,120.0,False
T3_bias100,2330,H120,20221013,12810.73,0.23927384630929205,120.0,False
T3_bias100,2330,H120,20240805,19830.88,0.2793567161955348,120.0,False
T3_bias100,2330,H120,20250407,19232.35,0.656843454304086,120.0,False
T3_bias100,2330,H120,20260717,42671.27,0.1032561398019114,56.0,True
T3_bias100,2330,S10,20220701,14343.08,-0.09784794291121335,71.0,False
T3_bias100,2330,S10,20221013,12810.73,-0.11315172287420128,8.0,False
T3_bias100,2330,S10,20240805,19830.88,0.3663863839718815,250.0,False
T3_bias100,2330,S10,20250407,19232.35,1.596477182211098,250.0,False
T3_bias100,2330,S10,20260717,42671.27,0.1032561398019114,56.0,True
T3_bias100,2330,S15,20220701,14343.08,-0.16542487602647826,80.0,False
T3_bias100,2330,S15,20221013,12810.73,0.2984816606269052,250.0,False
T3_bias100,2330,S15,20240805,19830.88,0.3663863839718815,250.0,False
T3_bias100,2330,S15,20250407,19232.35,1.596477182211098,250.0,False
T3_bias100,2330,S15,20260717,42671.27,0.1032561398019114,56.0,True
T3_bias100,2330,S20,20220701,14343.08,0.34790012441610774,250.0,False
T3_bias100,2330,S20,20221013,12810.73,0.2984816606269052,250.0,False
T3_bias100,2330,S20,20240805,19830.88,0.3663863839718815,250.0,False
T3_bias100,2330,S20,20250407,19232.35,1.596477182211098,250.0,False
T3_bias100,2330,S20,20260717,42671.27,0.1032561398019114,56.0,True
T3_bias100,2330,TP10,20220701,14343.08,0.10975109400336236,10.0,False
T3_bias100,2330,TP10,20221013,12810.73,0.1764802380764643,23.0,False
T3_bias100,2330,TP10,20240805,19830.88,0.10761722523341732,9.0,False
T3_bias100,2330,TP10,20250407,19232.35,0.11416718472760023,4.0,False
T3_bias100,2330,TP10,20260717,42671.27,0.11407237646663604,54.0,False
T3_bias100,2330,TP20,20220701,14343.08,0.2165898961334125,140.0,False
T3_bias100,2330,TP20,20221013,12810.73,0.16331514894234322,31.0,False
T3_bias100,2330,TP20,20240805,19830.88,0.1998291365401368,45.0,False
T3_bias100,2330,TP20,20250407,19232.35,0.23243074064840696,24.0,False
T3_bias100,2330,TP20,20260717,42671.27,0.1032561398019114,56.0,True
T3_bias100,2454,H20,20220701,14343.08,0.11435728948433055,20.0,False
T3_bias100,2454,H20,20221013,12810.73,0.23226682412587207,20.0,False
T3_bias100,2454,H20,20240805,19830.88,0.11505230549861567,20.0,False
T3_bias100,2454,H20,20250407,19232.35,0.015886177215471697,20.0,False
T3_bias100,2454,H20,20260717,42671.27,0.24353818294659302,20.0,False
T3_bias100,2454,H60,20220701,14343.08,-0.06973974810591688,60.0,False
T3_bias100,2454,H60,20221013,12810.73,0.18460034239034417,60.0,False
T3_bias100,2454,H60,20240805,19830.88,0.1696671122985478,60.0,False
T3_bias100,2454,H60,20250407,19232.35,0.04798421884215731,60.0,False
T3_bias100,2454,H60,20260717,42671.27,0.38696648704388137,56.0,True
T3_bias100,2454,H120,20220701,14343.08,0.05733608315106786,120.0,False
T3_bias100,2454,H120,20221013,12810.73,0.16694608989570403,120.0,False
T3_bias100,2454,H120,20240805,19830.88,0.4171708300072594,120.0,False
T3_bias100,2454,H120,20250407,19232.35,0.07216847004620708,120.0,False
T3_bias100,2454,H120,20260717,42671.27,0.38696648704388137,56.0,True
T3_bias100,2454,S10,20220701,14343.08,-0.09091905331541439,62.0,False
T3_bias100,2454,S10,20221013,12810.73,0.6008947576963677,250.0,False
T3_bias100,2454,S10,20240805,19830.88,0.3218921866708202,250.0,False
T3_bias100,2454,S10,20250407,19232.35,0.5860137557112195,250.0,False
T3_bias100,2454,S10,20260717,42671.27,0.38696648704388137,56.0,True
T3_bias100,2454,S15,20220701,14343.08,0.23743392804352315,250.0,False
T3_bias100,2454,S15,20221013,12810.73,0.6008947576963677,250.0,False
T3_bias100,2454,S15,20240805,19830.88,0.3218921866708202,250.0,False
T3_bias100,2454,S15,20250407,19232.35,0.5860137557112195,250.0,False
T3_bias100,2454,S15,20260717,42671.27,0.38696648704388137,56.0,True
T3_bias100,2454,S20,20220701,14343.08,0.23743392804352315,250.0,False
T3_bias100,2454,S20,20221013,12810.73,0.6008947576963677,250.0,False
T3_bias100,2454,S20,20240805,19830.88,0.3218921866708202,250.0,False
T3_bias100,2454,S20,20250407,19232.35,0.5860137557112195,250.0,False
T3_bias100,2454,S20,20260717,42671.27,0.38696648704388137,56.0,True
T3_bias100,2454,TP10,20220701,14343.08,0.10946975751290822,13.0,False
T3_bias100,2454,TP10,20221013,12810.73,0.11574875766124793,17.0,False
T3_bias100,2454,TP10,20240805,19830.88,0.1287060071985986,9.0,False
T3_bias100,2454,TP10,20250407,19232.35,0.11470778978507012,4.0,False
T3_bias100,2454,TP10,20260717,42671.27,0.16812742512224577,3.0,False
T3_bias100,2454,TP20,20220701,14343.08,0.22188299285562585,106.0,False
T3_bias100,2454,TP20,20221013,12810.73,0.24462480087212013,21.0,False
T3_bias100,2454,TP20,20240805,19830.88,0.1924232817985192,51.0,False
T3_bias100,2454,TP20,20250407,19232.35,0.22533539433852257,109.0,False
T3_bias100,2454,TP20,20260717,42671.27,0.3012052330475645,19.0,False
T3_bias100,TOP10,H20,20220701,14343.08,0.10363355942954719,20.0,False
T3_bias100,TOP10,H20,20221013,12810.73,0.15870630481106723,20.0,False
T3_bias100,TOP10,H20,20240805,19830.88,0.0792545853445346,20.0,False
T3_bias100,TOP10,H20,20250407,19232.35,0.1337582432565213,20.0,False
T3_bias100,TOP10,H20,20260717,42671.27,0.09866489391792392,20.0,False
T3_bias100,TOP10,H60,20220701,14343.08,-0.05417627135826093,60.0,False
T3_bias100,TOP10,H60,20221013,12810.73,0.1658116963660795,60.0,False
T3_bias100,TOP10,H60,20240805,19830.88,0.09821917315930738,60.0,False
T3_bias100,TOP10,H60,20250407,19232.35,0.3381932973541037,60.0,False
T3_bias100,TOP10,H60,20260717,42671.27,0.18869189799260866,56.0,True
T3_bias100,TOP10,H120,20220701,14343.08,-0.0606452743847388,120.0,False
T3_bias100,TOP10,H120,20221013,12810.73,0.3808994135177651,120.0,False
T3_bias100,TOP10,H120,20240805,19830.88,0.09593919821770168,120.0,False
T3_bias100,TOP10,H120,20250407,19232.35,0.5833955734957537,120.0,False
T3_bias100,TOP10,H120,20260717,42671.27,0.18869189799260866,56.0,True
T3_bias100,TOP10,S10,20220701,14343.08,-0.006181334323224641,112.3,False
T3_bias100,TOP10,S10,20221013,12810.73,0.2815304830731833,120.0,False
T3_bias100,TOP10,S10,20240805,19830.88,-0.03926219172064781,140.6,False
T3_bias100,TOP10,S10,20250407,19232.35,1.6796073601730304,225.2,False
T3_bias100,TOP10,S10,20260717,42671.27,-0.08215065981501155,17.0,True
T3_bias100,TOP10,S15,20220701,14343.08,-0.008765574671725751,139.6,False
T3_bias100,TOP10,S15,20221013,12810.73,0.3029350560864688,163.4,False
T3_bias100,TOP10,S15,20240805,19830.88,0.04353772131259267,174.2,False
T3_bias100,TOP10,S15,20250407,19232.35,1.7511185299816905,250.0,False
T3_bias100,TOP10,S15,20260717,42671.27,0.019314609370314918,27.0,True
T3_bias100,TOP10,S20,20220701,14343.08,0.026956507210171787,157.7,False
T3_bias100,TOP10,S20,20221013,12810.73,0.8045677165749217,213.0,False
T3_bias100,TOP10,S20,20240805,19830.88,-0.006614381728009988,179.2,False
T3_bias100,TOP10,S20,20250407,19232.35,1.7511185299816905,250.0,False
T3_bias100,TOP10,S20,20260717,42671.27,0.05116300210164874,32.2,True
T3_bias100,TOP10,TP10,20220701,14343.08,0.12947355160949908,13.4,False
T3_bias100,TOP10,TP10,20221013,12810.73,0.12101791359018337,35.1,False
T3_bias100,TOP10,TP10,20240805,19830.88,0.10159689652583463,15.4,False
T3_bias100,TOP10,TP10,20250407,19232.35,0.1381150590582416,10.8,False
T3_bias100,TOP10,TP10,20260717,42671.27,0.09427683173608982,22.9,True
T3_bias100,TOP10,TP20,20220701,14343.08,0.18700902296334992,129.0,False
T3_bias100,TOP10,TP20,20221013,12810.73,0.1518081223853567,69.0,False
T3_bias100,TOP10,TP20,20240805,19830.88,0.15081674888723512,122.4,False
T3_bias100,TOP10,TP20,20250407,19232.35,0.24328756589643258,40.0,False
T3_bias100,TOP10,TP20,20260717,42671.27,0.14125922197275953,41.2,True
T3_bias200,0050,H20,20250408,18459.95,0.11936180172916755,20.0,False
T3_bias200,0050,H20,20260729,40039.18,0.13132759589045806,20.0,False
T3_bias200,0050,H60,20250408,18459.95,0.28565892073711807,60.0,False
T3_bias200,0050,H60,20260729,40039.18,0.22109020795876222,48.0,True
T3_bias200,0050,H120,20250408,18459.95,0.5174935674460495,120.0,False
T3_bias200,0050,H120,20260729,40039.18,0.22109020795876222,48.0,True
T3_bias200,0050,S10,20250408,18459.95,0.2362105007087678,49.0,False
T3_bias200,0050,S10,20260729,40039.18,0.22109020795876222,48.0,True
T3_bias200,0050,S15,20250408,18459.95,0.2362105007087678,49.0,False
T3_bias200,0050,S15,20260729,40039.18,0.22109020795876222,48.0,True
T3_bias200,0050,S20,20250408,18459.95,0.2362105007087678,49.0,False
T3_bias200,0050,S20,20260729,40039.18,0.22109020795876222,48.0,True
T3_bias200,0050,TP10,20250408,18459.95,0.0920364918351686,15.0,False
T3_bias200,0050,TP10,20260729,40039.18,0.08352502141621354,2.0,False
T3_bias200,0050,TP20,20250408,18459.95,0.18832567908068865,27.0,False
T3_bias200,0050,TP20,20260729,40039.18,0.18975296469231284,40.0,False
T3_bias200,2330,H20,20250408,18459.95,0.14424433603887588,20.0,False
T3_bias200,2330,H20,20260729,40039.18,0.09341072389251992,20.0,False
T3_bias200,2330,H60,20250408,18459.95,0.3486345359151366,60.0,False
T3_bias200,2330,H60,20260729,40039.18,0.15078871725369436,48.0,True
T3_bias200,2330,H120,20250408,18459.95,0.6199016231554739,120.0,False
T3_bias200,2330,H120,20260729,40039.18,0.15078871725369436,48.0,True
T3_bias200,2330,S10,20250408,18459.95,1.5268445305827418,250.0,False
T3_bias200,2330,S10,20260729,40039.18,0.15078871725369436,48.0,True
T3_bias200,2330,S15,20250408,18459.95,1.5268445305827418,250.0,False
T3_bias200,2330,S15,20260729,40039.18,0.15078871725369436,48.0,True
T3_bias200,2330,S20,20250408,18459.95,1.5268445305827418,250.0,False
T3_bias200,2330,S20,20260729,40039.18,0.15078871725369436,48.0,True
T3_bias200,2330,TP10,20250408,18459.95,0.10009342918207031,14.0,False
T3_bias200,2330,TP10,20260729,40039.18,0.09566054019682557,11.0,False
T3_bias200,2330,TP20,20250408,18459.95,0.22641407935570856,25.0,False
T3_bias200,2330,TP20,20260729,40039.18,0.15078871725369436,48.0,True
T3_bias200,2454,H20,20250408,18459.95,0.01994972192433342,20.0,False
T3_bias200,2454,H20,20260729,40039.18,0.26347752169986194,20.0,False
T3_bias200,2454,H60,20250408,18459.95,0.044082492981237564,60.0,False
T3_bias200,2454,H60,20260729,40039.18,0.4795779217908498,48.0,True
T3_bias200,2454,H120,20250408,18459.95,0.0885976380308251,120.0,False
T3_bias200,2454,H120,20260729,40039.18,0.4795779217908498,48.0,True
T3_bias200,2454,S10,20250408,18459.95,0.6171094865485836,250.0,False
T3_bias200,2454,S10,20260729,40039.18,0.4795779217908498,48.0,True
T3_bias200,2454,S15,20250408,18459.95,0.6171094865485836,250.0,False
T3_bias200,2454,S15,20260729,40039.18,0.4795779217908498,48.0,True
T3_bias200,2454,S20,20250408,18459.95,0.6171094865485836,250.0,False
T3_bias200,2454,S20,20260729,40039.18,0.4795779217908498,48.0,True
T3_bias200,2454,TP10,20250408,18459.95,0.11916662094421038,3.0,False
T3_bias200,2454,TP10,20260729,40039.18,0.23350739322009018,2.0,False
T3_bias200,2454,TP20,20250408,18459.95,0.2302367359158768,108.0,False
T3_bias200,2454,TP20,20260729,40039.18,0.2918702749964881,3.0,False
T3_bias200,TOP10,H20,20250408,18459.95,0.184304103209383,20.0,False
T3_bias200,TOP10,H20,20260729,40039.18,0.31853088809543784,20.0,False
T3_bias200,TOP10,H60,20250408,18459.95,0.39810284287089426,60.0,False
T3_bias200,TOP10,H60,20260729,40039.18,0.4751406990079975,48.0,True
T3_bias200,TOP10,H120,20250408,18459.95,0.6540424103622524,120.0,False
T3_bias200,TOP10,H120,20260729,40039.18,0.4751406990079975,48.0,True
T3_bias200,TOP10,S10,20250408,18459.95,2.1068868824916818,250.0,False
T3_bias200,TOP10,S10,20260729,40039.18,0.4751406990079975,48.0,True
T3_bias200,TOP10,S15,20250408,18459.95,2.1068868824916818,250.0,False
T3_bias200,TOP10,S15,20260729,40039.18,0.4751406990079975,48.0,True
T3_bias200,TOP10,S20,20250408,18459.95,2.1068868824916818,250.0,False
T3_bias200,TOP10,S20,20260729,40039.18,0.4751406990079975,48.0,True
T3_bias200,TOP10,TP10,20250408,18459.95,0.1589929769254949,5.7,False
T3_bias200,TOP10,TP10,20260729,40039.18,0.1680675492751817,3.3,False
T3_bias200,TOP10,TP20,20250408,18459.95,0.21739490308711992,22.5,False
T3_bias200,TOP10,TP20,20260729,40039.18,0.24542013778550853,10.3,True
T4_c1_20,0050,H20,20211007,16713.86,0.010820158094137389,20.0,False
T4_c1_20,0050,H20,20220513,15832.54,-0.01466246902900803,20.0,False
T4_c1_20,0050,H20,20220621,15728.64,-0.040571470069074134,20.0,False
T4_c1_20,0050,H20,20220929,13534.26,-0.05057207472266978,20.0,False
T4_c1_20,0050,H20,20250407,19232.35,0.1273454531491296,20.0,False
T4_c1_20,0050,H20,20260731,43119.75,0.027186719264606696,20.0,False
T4_c1_20,0050,H60,20211007,16713.86,0.0803049012337489,60.0,False
T4_c1_20,0050,H60,20220513,15832.54,-0.03335329058220304,60.0,False
T4_c1_20,0050,H60,20220621,15728.64,-0.06003333494035301,60.0,False
T4_c1_20,0050,H60,20220929,13534.26,0.06420449287534846,60.0,False
T4_c1_20,0050,H60,20250407,19232.35,0.29540040406872725,60.0,False
T4_c1_20,0050,H60,20260731,43119.75,0.11813554336616083,46.0,True
T4_c1_20,0050,H120,20211007,16713.86,-0.012231050135537047,120.0,False
T4_c1_20,0050,H120,20220513,15832.54,-0.19582178312793075,120.0,False
T4_c1_20,0050,H120,20220621,15728.64,-0.05589251262731498,120.0,False
T4_c1_20,0050,H120,20220929,13534.26,0.19078947765094156,120.0,False
T4_c1_20,0050,H120,20250407,19232.35,0.5424361953220229,120.0,False
T4_c1_20,0050,H120,20260731,43119.75,0.11813554336616083,46.0,True
T4_c1_20,0050,S10,20211007,16713.86,-0.08735082271319783,142.0,False
T4_c1_20,0050,S10,20220513,15832.54,-0.09543442813388947,35.0,False
T4_c1_20,0050,S10,20220621,15728.64,-0.1077001152238688,11.0,False
T4_c1_20,0050,S10,20220929,13534.26,0.26248576685819236,250.0,False
T4_c1_20,0050,S10,20250407,19232.35,0.24683929469634314,50.0,False
T4_c1_20,0050,S10,20260731,43119.75,0.11813554336616083,46.0,True
T4_c1_20,0050,S15,20211007,16713.86,-0.16845027868012497,177.0,False
T4_c1_20,0050,S15,20220513,15832.54,-0.1566334030163985,97.0,False
T4_c1_20,0050,S15,20220621,15728.64,-0.13415405434373506,73.0,False
T4_c1_20,0050,S15,20220929,13534.26,0.26248576685819236,250.0,False
T4_c1_20,0050,S15,20250407,19232.35,0.24683929469634314,50.0,False
T4_c1_20,0050,S15,20260731,43119.75,0.11813554336616083,46.0,True
T4_c1_20,0050,S20,20211007,16713.86,-0.1814815313168593,237.0,False
T4_c1_20,0050,S20,20220513,15832.54,-0.19500535854227385,113.0,False
T4_c1_20,0050,S20,20220621,15728.64,-0.19792271796452165,88.0,False
T4_c1_20,0050,S20,20220929,13534.26,0.26248576685819236,250.0,False
T4_c1_20,0050,S20,20250407,19232.35,0.24683929469634314,50.0,False
T4_c1_20,0050,S20,20260731,43119.75,0.11813554336616083,46.0,True
T4_c1_20,0050,TP10,20211007,16713.86,0.09785894160586128,61.0,False
T4_c1_20,0050,TP10,20220513,15832.54,0.026807658755684916,250.0,False
T4_c1_20,0050,TP10,20220621,15728.64,0.10720031702945709,250.0,False
T4_c1_20,0050,TP10,20220929,13534.26,0.10454437437423358,32.0,False
T4_c1_20,0050,TP10,20250407,19232.35,0.09683231952198468,15.0,False
T4_c1_20,0050,TP10,20260731,43119.75,0.08944045982609827,38.0,False
T4_c1_20,0050,TP20,20211007,16713.86,-0.24108607657810832,250.0,False
T4_c1_20,0050,TP20,20220513,15832.54,0.026807658755684916,250.0,False
T4_c1_20,0050,TP20,20220621,15728.64,0.10720031702945709,250.0,False
T4_c1_20,0050,TP20,20220929,13534.26,0.2516793313535053,155.0,False
T4_c1_20,0050,TP20,20250407,19232.35,0.20018325600102327,26.0,False
T4_c1_20,0050,TP20,20260731,43119.75,0.11813554336616083,46.0,True
T4_c1_20,2330,H20,20211007,16713.86,0.02285462907089486,20.0,False
T4_c1_20,2330,H20,20220513,15832.54,-0.03449198074707205,20.0,False
T4_c1_20,2330,H20,20220621,15728.64,-0.005850632575286174,20.0,False
T4_c1_20,2330,H20,20220929,13534.26,-0.09781571209252182,20.0,False
T4_c1_20,2330,H20,20250407,19232.35,0.151513570807855,20.0,False
T4_c1_20,2330,H20,20260731,43119.75,-0.005755342457719803,20.0,False
T4_c1_20,2330,H60,20211007,16713.86,0.10463162118162783,60.0,False
T4_c1_20,2330,H60,20220513,15832.54,-0.029247245827673574,60.0,False
T4_c1_20,2330,H60,20220621,15728.64,-0.051908667188976576,60.0,False
T4_c1_20,2330,H60,20220929,13534.26,0.0672262622133255,60.0,False
T4_c1_20,2330,H60,20250407,19232.35,0.38144193718299424,60.0,False
T4_c1_20,2330,H60,20260731,43119.75,0.06171092951648349,46.0,True
T4_c1_20,2330,H120,20211007,16713.86,-0.04651656368457813,120.0,False
T4_c1_20,2330,H120,20220513,15832.54,-0.2585929662729295,120.0,False
T4_c1_20,2330,H120,20220621,15728.64,-0.04792509016035884,120.0,False
T4_c1_20,2330,H120,20220929,13534.26,0.26443918384189535,120.0,False
T4_c1_20,2330,H120,20250407,19232.35,0.656843454304086,120.0,False
T4_c1_20,2330,H120,20260731,43119.75,0.06171092951648349,46.0,True
T4_c1_20,2330,S10,20211007,16713.86,-0.1291288469754449,139.0,False
T4_c1_20,2330,S10,20220513,15832.54,-0.15178802741944664,34.0,False
T4_c1_20,2330,S10,20220621,15728.64,-0.10982043693743271,9.0,False
T4_c1_20,2330,S10,20220929,13534.26,-0.1340433195084958,17.0,False
T4_c1_20,2330,S10,20250407,19232.35,1.596477182211098,250.0,False
T4_c1_20,2330,S10,20260731,43119.75,0.06171092951648349,46.0,True
T4_c1_20,2330,S15,20211007,16713.86,-0.14862432592735764,170.0,False
T4_c1_20,2330,S15,20220513,15832.54,-0.1393424792890322,35.0,False
T4_c1_20,2330,S15,20220621,15728.64,-0.1664365067617367,72.0,False
T4_c1_20,2330,S15,20220929,13534.26,0.3132603398766187,250.0,False
T4_c1_20,2330,S15,20250407,19232.35,1.596477182211098,250.0,False
T4_c1_20,2330,S15,20260731,43119.75,0.06171092951648349,46.0,True
T4_c1_20,2330,S20,20211007,16713.86,-0.23341580566223463,177.0,False
T4_c1_20,2330,S20,20220513,15832.54,-0.2354841756113064,104.0,False
T4_c1_20,2330,S20,20220621,15728.64,-0.20228870001929644,79.0,False
T4_c1_20,2330,S20,20220929,13534.26,0.3132603398766187,250.0,False
T4_c1_20,2330,S20,20250407,19232.35,1.596477182211098,250.0,False
T4_c1_20,2330,S20,20260731,43119.75,0.06171092951648349,46.0,True
T4_c1_20,2330,TP10,20211007,16713.86,0.14573419313257197,61.0,False
T4_c1_20,2330,TP10,20220513,15832.54,0.05543494162723106,250.0,False
T4_c1_20,2330,TP10,20220621,15728.64,0.15608914962941745,226.0,False
T4_c1_20,2330,TP10,20220929,13534.26,0.14876574483555838,32.0,False
T4_c1_20,2330,TP10,20250407,19232.35,0.11416718472760023,4.0,False
T4_c1_20,2330,TP10,20260731,43119.75,0.06171092951648349,46.0,True
T4_c1_20,2330,TP20,20211007,16713.86,-0.3038362168847294,250.0,False
T4_c1_20,2330,TP20,20220513,15832.54,0.05543494162723106,250.0,False
T4_c1_20,2330,TP20,20220621,15728.64,0.18376170153091587,250.0,False
T4_c1_20,2330,TP20,20220929,13534.26,0.26233590926994665,77.0,False
T4_c1_20,2330,TP20,20250407,19232.35,0.23243074064840696,24.0,False
T4_c1_20,2330,TP20,20260731,43119.75,0.06171092951648349,46.0,True
T4_c1_20,2454,H20,20211007,16713.86,0.02239829566728324,20.0,False
T4_c1_20,2454,H20,20220513,15832.54,0.0167102726418471,20.0,False
T4_c1_20,2454,H20,20220621,15728.64,-0.12525372585297556,20.0,False
T4_c1_20,2454,H20,20220929,13534.26,0.08287100609380493,20.0,False
T4_c1_20,2454,H20,20250407,19232.35,0.015886177215471697,20.0,False
T4_c1_20,2454,H20,20260731,43119.75,-0.014174801298666662,20.0,False
T4_c1_20,2454,H60,20211007,16713.86,0.2577550311007233,60.0,False
T4_c1_20,2454,H60,20220513,15832.54,-0.09801677056982772,60.0,False
T4_c1_20,2454,H60,20220621,15728.64,-0.21401474484730587,60.0,False
T4_c1_20,2454,H60,20220929,13534.26,0.2235516838085554,60.0,False
T4_c1_20,2454,H60,20250407,19232.35,0.04798421884215731,60.0,False
T4_c1_20,2454,H60,20260731,43119.75,0.19009528491872696,46.0,True
T4_c1_20,2454,H120,20211007,16713.86,-0.09312083594454279,120.0,False
T4_c1_20,2454,H120,20220513,15832.54,-0.2457775560177904,120.0,False
T4_c1_20,2454,H120,20220621,15728.64,-0.08151641214562444,120.0,False
T4_c1_20,2454,H120,20220929,13534.26,0.3864451001098457,120.0,False
T4_c1_20,2454,H120,20250407,19232.35,0.07216847004620708,120.0,False
T4_c1_20,2454,H120,20260731,43119.75,0.19009528491872696,46.0,True
T4_c1_20,2454,S10,20211007,16713.86,-0.0985189262067776,132.0,False
T4_c1_20,2454,S10,20220513,15832.54,-0.1237142984738212,28.0,False
T4_c1_20,2454,S10,20220621,15728.64,-0.12268094269371965,2.0,False
T4_c1_20,2454,S10,20220929,13534.26,0.7318374051956977,250.0,False
T4_c1_20,2454,S10,20250407,19232.35,0.5860137557112195,250.0,False
T4_c1_20,2454,S10,20260731,43119.75,0.19009528491872696,46.0,True
T4_c1_20,2454,S15,20211007,16713.86,-0.19046076104926468,171.0,False
T4_c1_20,2454,S15,20220513,15832.54,-0.1237142984738212,28.0,False
T4_c1_20,2454,S15,20220621,15728.64,-0.12268094269371965,2.0,False
T4_c1_20,2454,S15,20220929,13534.26,0.7318374051956977,250.0,False
T4_c1_20,2454,S15,20250407,19232.35,0.5860137557112195,250.0,False
T4_c1_20,2454,S15,20260731,43119.75,0.19009528491872696,46.0,True
T4_c1_20,2454,S20,20211007,16713.86,-0.19046076104926468,171.0,False
T4_c1_20,2454,S20,20220513,15832.54,-0.11985966928822234,29.0,False
T4_c1_20,2454,S20,20220621,15728.64,-0.11882176795483568,3.0,False
T4_c1_20,2454,S20,20220929,13534.26,0.7318374051956977,250.0,False
T4_c1_20,2454,S20,20250407,19232.35,0.5860137557112195,250.0,False
T4_c1_20,2454,S20,20260731,43119.75,0.19009528491872696,46.0,True
T4_c1_20,2454,TP10,20211007,16713.86,0.10660850375814723,26.0,False
T4_c1_20,2454,TP10,20220513,15832.54,-0.09030751219862965,250.0,False
T4_c1_20,2454,TP10,20220621,15728.64,-0.008684320730135031,250.0,False
T4_c1_20,2454,TP10,20220929,13534.26,0.1161901139736139,4.0,False
T4_c1_20,2454,TP10,20250407,19232.35,0.11470778978507012,4.0,False
T4_c1_20,2454,TP10,20260731,43119.75,0.12919488654335498,22.0,False
T4_c1_20,2454,TP20,20211007,16713.86,0.21457030900284435,55.0,False
T4_c1_20,2454,TP20,20220513,15832.54,-0.09030751219862965,250.0,False
T4_c1_20,2454,TP20,20220621,15728.64,-0.008684320730135031,250.0,False
T4_c1_20,2454,TP20,20220929,13534.26,0.19948788367313752,28.0,False
T4_c1_20,2454,TP20,20250407,19232.35,0.22533539433852257,109.0,False
T4_c1_20,2454,TP20,20260731,43119.75,0.21800796750743912,26.0,False
T4_c1_20,TOP10,H20,20211007,16713.86,0.12132438659891162,20.0,False
T4_c1_20,TOP10,H20,20220513,15832.54,-0.05138773713052254,20.0,False
T4_c1_20,TOP10,H20,20220621,15728.64,-0.06873259864526572,20.0,False
T4_c1_20,TOP10,H20,20220929,13534.26,-0.012230798933197095,20.0,False
T4_c1_20,TOP10,H20,20250407,19232.35,0.1337582432565213,20.0,False
T4_c1_20,TOP10,H20,20260731,43119.75,0.1241977682406531,20.0,False
T4_c1_20,TOP10,H60,20211007,16713.86,0.2744221260094711,60.0,False
T4_c1_20,TOP10,H60,20220513,15832.54,-0.1748736292613725,60.0,False
T4_c1_20,TOP10,H60,20220621,15728.64,-0.07580578453849636,60.0,False
T4_c1_20,TOP10,H60,20220929,13534.26,0.11829361684698556,60.0,False
T4_c1_20,TOP10,H60,20250407,19232.35,0.3381932973541037,60.0,False
T4_c1_20,TOP10,H60,20260731,43119.75,0.2792863958028642,46.0,True
T4_c1_20,TOP10,H120,20211007,16713.86,0.2114264263063527,120.0,False
T4_c1_20,TOP10,H120,20220513,15832.54,-0.34218968210611794,120.0,False
T4_c1_20,TOP10,H120,20220621,15728.64,-0.1225743353770844,120.0,False
T4_c1_20,TOP10,H120,20220929,13534.26,0.32354320649691937,120.0,False
T4_c1_20,TOP10,H120,20250407,19232.35,0.5833955734957537,120.0,False
T4_c1_20,TOP10,H120,20260731,43119.75,0.2792863958028642,46.0,True
T4_c1_20,TOP10,S10,20211007,16713.86,-0.09261590042063497,98.5,False
T4_c1_20,TOP10,S10,20220513,15832.54,-0.11360260806417188,23.5,False
T4_c1_20,TOP10,S10,20220621,15728.64,-0.11820594378571611,5.8,False
T4_c1_20,TOP10,S10,20220929,13534.26,0.34581072194361584,148.0,False
T4_c1_20,TOP10,S10,20250407,19232.35,1.6796073601730304,225.2,False
T4_c1_20,TOP10,S10,20260731,43119.75,0.2792863958028642,46.0,True
T4_c1_20,TOP10,S15,20211007,16713.86,-0.10566789534992464,150.0,False
T4_c1_20,TOP10,S15,20220513,15832.54,-0.15561153972235955,38.4,False
T4_c1_20,TOP10,S15,20220621,15728.64,-0.11021106069618711,42.1,False
T4_c1_20,TOP10,S15,20220929,13534.26,0.3734082972833314,173.7,False
T4_c1_20,TOP10,S15,20250407,19232.35,1.7511185299816905,250.0,False
T4_c1_20,TOP10,S15,20260731,43119.75,0.2792863958028642,46.0,True
T4_c1_20,TOP10,S20,20211007,16713.86,-0.15609825346992756,173.4,False
T4_c1_20,TOP10,S20,20220513,15832.54,-0.15775837767190914,70.4,False
T4_c1_20,TOP10,S20,20220621,15728.64,-0.10069976859122569,69.6,False
T4_c1_20,TOP10,S20,20220929,13534.26,0.4386323189702187,198.8,False
T4_c1_20,TOP10,S20,20250407,19232.35,1.7511185299816905,250.0,False
T4_c1_20,TOP10,S20,20260731,43119.75,0.2792863958028642,46.0,True
T4_c1_20,TOP10,TP10,20211007,16713.86,0.07717638234404804,44.7,False
T4_c1_20,TOP10,TP10,20220513,15832.54,-0.17272128106785067,186.1,False
T4_c1_20,TOP10,TP10,20220621,15728.64,0.04358976084672149,191.0,False
T4_c1_20,TOP10,TP10,20220929,13534.26,0.12749690518710458,35.4,False
T4_c1_20,TOP10,TP10,20250407,19232.35,0.1381150590582416,10.8,False
T4_c1_20,TOP10,TP10,20260731,43119.75,0.13909938849858217,12.1,True
T4_c1_20,TOP10,TP20,20211007,16713.86,0.10403804263887526,71.9,False
T4_c1_20,TOP10,TP20,20220513,15832.54,-0.17901633362506653,210.0,False
T4_c1_20,TOP10,TP20,20220621,15728.64,0.04049726218621782,197.1,False
T4_c1_20,TOP10,TP20,20220929,13534.26,0.18177176850475743,95.3,False
T4_c1_20,TOP10,TP20,20250407,19232.35,0.24328756589643258,40.0,False
T4_c1_20,TOP10,TP20,20260731,43119.75,0.21146268501467694,23.3,True
T4_c1_50,0050,H20,20220621,15728.64,-0.040571470069074134,20.0,False
T4_c1_50,0050,H20,20220929,13534.26,-0.05057207472266978,20.0,False
T4_c1_50,0050,H20,20250410,19000.03,0.10731737856841828,20.0,False
T4_c1_50,0050,H20,20260731,43119.75,0.027186719264606696,20.0,False
T4_c1_50,0050,H60,20220621,15728.64,-0.06003333494035301,60.0,False
T4_c1_50,0050,H60,20220929,13534.26,0.06420449287534846,60.0,False
T4_c1_50,0050,H60,20250410,19000.03,0.22284606286326758,60.0,False
T4_c1_50,0050,H60,20260731,43119.75,0.11813554336616083,46.0,True
T4_c1_50,0050,H120,20220621,15728.64,-0.05589251262731498,120.0,False
T4_c1_50,0050,H120,20220929,13534.26,0.19078947765094156,120.0,False
T4_c1_50,0050,H120,20250410,19000.03,0.47165512900173345,120.0,False
T4_c1_50,0050,H120,20260731,43119.75,0.11813554336616083,46.0,True
T4_c1_50,0050,S10,20220621,15728.64,-0.1077001152238688,11.0,False
T4_c1_50,0050,S10,20220929,13534.26,0.26248576685819236,250.0,False
T4_c1_50,0050,S10,20250410,19000.03,0.1988686890816349,47.0,False
T4_c1_50,0050,S10,20260731,43119.75,0.11813554336616083,46.0,True
T4_c1_50,0050,S15,20220621,15728.64,-0.13415405434373506,73.0,False
T4_c1_50,0050,S15,20220929,13534.26,0.26248576685819236,250.0,False
T4_c1_50,0050,S15,20250410,19000.03,0.1988686890816349,47.0,False
T4_c1_50,0050,S15,20260731,43119.75,0.11813554336616083,46.0,True
T4_c1_50,0050,S20,20220621,15728.64,-0.19792271796452165,88.0,False
T4_c1_50,0050,S20,20220929,13534.26,0.26248576685819236,250.0,False
T4_c1_50,0050,S20,20250410,19000.03,0.1988686890816349,47.0,False
T4_c1_50,0050,S20,20260731,43119.75,0.11813554336616083,46.0,True
T4_c1_50,0050,TP10,20220621,15728.64,0.10720031702945709,250.0,False
T4_c1_50,0050,TP10,20220929,13534.26,0.10454437437423358,32.0,False
T4_c1_50,0050,TP10,20250410,19000.03,0.10163882790909318,15.0,False
T4_c1_50,0050,TP10,20260731,43119.75,0.08944045982609827,38.0,False
T4_c1_50,0050,TP20,20220621,15728.64,0.10720031702945709,250.0,False
T4_c1_50,0050,TP20,20220929,13534.26,0.2516793313535053,155.0,False
T4_c1_50,0050,TP20,20250410,19000.03,1.210286297124826,250.0,False
T4_c1_50,0050,TP20,20260731,43119.75,0.11813554336616083,46.0,True
T4_c1_50,2330,H20,20220621,15728.64,-0.005850632575286174,20.0,False
T4_c1_50,2330,H20,20220929,13534.26,-0.09781571209252182,20.0,False
T4_c1_50,2330,H20,20250410,19000.03,0.1161901139736139,20.0,False
T4_c1_50,2330,H20,20260731,43119.75,-0.005755342457719803,20.0,False
T4_c1_50,2330,H60,20220621,15728.64,-0.051908667188976576,60.0,False
T4_c1_50,2330,H60,20220929,13534.26,0.0672262622133255,60.0,False
T4_c1_50,2330,H60,20250410,19000.03,0.2572354110926809,60.0,False
T4_c1_50,2330,H60,20260731,43119.75,0.06171092951648349,46.0,True
T4_c1_50,2330,H120,20220621,15728.64,-0.04792509016035884,120.0,False
T4_c1_50,2330,H120,20220929,13534.26,0.26443918384189535,120.0,False
T4_c1_50,2330,H120,20250410,19000.03,0.5630968668091343,120.0,False
T4_c1_50,2330,H120,20260731,43119.75,0.06171092951648349,46.0,True
T4_c1_50,2330,S10,20220621,15728.64,-0.10982043693743271,9.0,False
T4_c1_50,2330,S10,20220929,13534.26,-0.1340433195084958,17.0,False
T4_c1_50,2330,S10,20250410,19000.03,1.428446083290003,250.0,False
T4_c1_50,2330,S10,20260731,43119.75,0.06171092951648349,46.0,True
T4_c1_50,2330,S15,20220621,15728.64,-0.1664365067617367,72.0,False
T4_c1_50,2330,S15,20220929,13534.26,0.3132603398766187,250.0,False
T4_c1_50,2330,S15,20250410,19000.03,1.428446083290003,250.0,False
T4_c1_50,2330,S15,20260731,43119.75,0.06171092951648349,46.0,True
T4_c1_50,2330,S20,20220621,15728.64,-0.20228870001929644,79.0,False
T4_c1_50,2330,S20,20220929,13534.26,0.3132603398766187,250.0,False
T4_c1_50,2330,S20,20250410,19000.03,1.428446083290003,250.0,False
T4_c1_50,2330,S20,20260731,43119.75,0.06171092951648349,46.0,True
T4_c1_50,2330,TP10,20220621,15728.64,0.15608914962941745,226.0,False
T4_c1_50,2330,TP10,20220929,13534.26,0.14876574483555838,32.0,False
T4_c1_50,2330,TP10,20250410,19000.03,0.11853013517691302,15.0,False
T4_c1_50,2330,TP10,20260731,43119.75,0.06171092951648349,46.0,True
T4_c1_50,2330,TP20,20220621,15728.64,0.18376170153091587,250.0,False
T4_c1_50,2330,TP20,20220929,13534.26,0.26233590926994665,77.0,False
T4_c1_50,2330,TP20,20250410,19000.03,0.24606129075670768,41.0,False
T4_c1_50,2330,TP20,20260731,43119.75,0.06171092951648349,46.0,True
T4_c1_50,2454,H20,20220621,15728.64,-0.12525372585297556,20.0,False
T4_c1_50,2454,H20,20220929,13534.26,0.08287100609380493,20.0,False
T4_c1_50,2454,H20,20250410,19000.03,0.023174271142479608,20.0,False
T4_c1_50,2454,H20,20260731,43119.75,-0.014174801298666662,20.0,False
T4_c1_50,2454,H60,20220621,15728.64,-0.21401474484730587,60.0,False
T4_c1_50,2454,H60,20220929,13534.26,0.2235516838085554,60.0,False
T4_c1_50,2454,H60,20250410,19000.03,0.011707842036082772,60.0,False
T4_c1_50,2454,H60,20260731,43119.75,0.19009528491872696,46.0,True
T4_c1_50,2454,H120,20220621,15728.64,-0.08151641214562444,120.0,False
T4_c1_50,2454,H120,20220929,13534.26,0.3864451001098457,120.0,False
T4_c1_50,2454,H120,20250410,19000.03,0.03146776082584979,120.0,False
T4_c1_50,2454,H120,20260731,43119.75,0.19009528491872696,46.0,True
T4_c1_50,2454,S10,20220621,15728.64,-0.12268094269371965,2.0,False
T4_c1_50,2454,S10,20220929,13534.26,0.7318374051956977,250.0,False
T4_c1_50,2454,S10,20250410,19000.03,-0.08709175191275342,155.0,False
T4_c1_50,2454,S10,20260731,43119.75,0.19009528491872696,46.0,True
T4_c1_50,2454,S15,20220621,15728.64,-0.12268094269371965,2.0,False
T4_c1_50,2454,S15,20220929,13534.26,0.7318374051956977,250.0,False
T4_c1_50,2454,S15,20250410,19000.03,0.7081234611582214,250.0,False
T4_c1_50,2454,S15,20260731,43119.75,0.19009528491872696,46.0,True
T4_c1_50,2454,S20,20220621,15728.64,-0.11882176795483568,3.0,False
T4_c1_50,2454,S20,20220929,13534.26,0.7318374051956977,250.0,False
T4_c1_50,2454,S20,20250410,19000.03,0.7081234611582214,250.0,False
T4_c1_50,2454,S20,20260731,43119.75,0.19009528491872696,46.0,True
T4_c1_50,2454,TP10,20220621,15728.64,-0.008684320730135031,250.0,False
T4_c1_50,2454,TP10,20220929,13534.26,0.1161901139736139,4.0,False
T4_c1_50,2454,TP10,20250410,19000.03,0.11445941974287255,64.0,False
T4_c1_50,2454,TP10,20260731,43119.75,0.12919488654335498,22.0,False
T4_c1_50,2454,TP20,20220621,15728.64,-0.008684320730135031,250.0,False
T4_c1_50,2454,TP20,20220929,13534.26,0.19948788367313752,28.0,False
T4_c1_50,2454,TP20,20250410,19000.03,0.40195038793174787,198.0,False
T4_c1_50,2454,TP20,20260731,43119.75,0.21800796750743912,26.0,False
T4_c1_50,TOP10,H20,20220621,15728.64,-0.06873259864526572,20.0,False
T4_c1_50,TOP10,H20,20220929,13534.26,-0.012230798933197095,20.0,False
T4_c1_50,TOP10,H20,20250410,19000.03,0.2349805239761163,20.0,False
T4_c1_50,TOP10,H20,20260731,43119.75,0.1241977682406531,20.0,False
T4_c1_50,TOP10,H60,20220621,15728.64,-0.07580578453849636,60.0,False
T4_c1_50,TOP10,H60,20220929,13534.26,0.11829361684698556,60.0,False
T4_c1_50,TOP10,H60,20250410,19000.03,0.34897500025675804,60.0,False
T4_c1_50,TOP10,H60,20260731,43119.75,0.2792863958028642,46.0,True
T4_c1_50,TOP10,H120,20220621,15728.64,-0.1225743353770844,120.0,False
T4_c1_50,TOP10,H120,20220929,13534.26,0.32354320649691937,120.0,False
T4_c1_50,TOP10,H120,20250410,19000.03,0.6782230437408803,120.0,False
T4_c1_50,TOP10,H120,20260731,43119.75,0.2792863958028642,46.0,True
T4_c1_50,TOP10,S10,20220621,15728.64,-0.11820594378571611,5.8,False
T4_c1_50,TOP10,S10,20220929,13534.26,0.34581072194361584,148.0,False
T4_c1_50,TOP10,S10,20250410,19000.03,2.054810849860261,240.5,False
T4_c1_50,TOP10,S10,20260731,43119.75,0.2792863958028642,46.0,True
T4_c1_50,TOP10,S15,20220621,15728.64,-0.11021106069618711,42.1,False
T4_c1_50,TOP10,S15,20220929,13534.26,0.3734082972833314,173.7,False
T4_c1_50,TOP10,S15,20250410,19000.03,2.1343323711673587,250.0,False
T4_c1_50,TOP10,S15,20260731,43119.75,0.2792863958028642,46.0,True
T4_c1_50,TOP10,S20,20220621,15728.64,-0.10069976859122569,69.6,False
T4_c1_50,TOP10,S20,20220929,13534.26,0.4386323189702187,198.8,False
T4_c1_50,TOP10,S20,20250410,19000.03,2.1343323711673587,250.0,False
T4_c1_50,TOP10,S20,20260731,43119.75,0.2792863958028642,46.0,True
T4_c1_50,TOP10,TP10,20220621,15728.64,0.04358976084672149,191.0,False
T4_c1_50,TOP10,TP10,20220929,13534.26,0.12749690518710458,35.4,False
T4_c1_50,TOP10,TP10,20250410,19000.03,0.16389041831820284,9.3,False
T4_c1_50,TOP10,TP10,20260731,43119.75,0.13909938849858217,12.1,True
T4_c1_50,TOP10,TP20,20220621,15728.64,0.04049726218621782,197.1,False
T4_c1_50,TOP10,TP20,20220929,13534.26,0.18177176850475743,95.3,False
T4_c1_50,TOP10,TP20,20250410,19000.03,0.24165469329464004,30.5,False
T4_c1_50,TOP10,TP20,20260731,43119.75,0.21146268501467694,23.3,True
T4_c1_100,0050,H20,20221014,13128.12,0.08994652450049778,20.0,False
T4_c1_100,0050,H20,20250410,19000.03,0.10731737856841828,20.0,False
T4_c1_100,0050,H60,20221014,13128.12,0.15099544185639968,60.0,False
T4_c1_100,0050,H60,20250410,19000.03,0.22284606286326758,60.0,False
T4_c1_100,0050,H120,20221014,13128.12,0.21243068221024597,120.0,False
T4_c1_100,0050,H120,20250410,19000.03,0.47165512900173345,120.0,False
T4_c1_100,0050,S10,20221014,13128.12,0.2605173176401643,250.0,False
T4_c1_100,0050,S10,20250410,19000.03,0.1988686890816349,47.0,False
T4_c1_100,0050,S15,20221014,13128.12,0.2605173176401643,250.0,False
T4_c1_100,0050,S15,20250410,19000.03,0.1988686890816349,47.0,False
T4_c1_100,0050,S20,20221014,13128.12,0.2605173176401643,250.0,False
T4_c1_100,0050,S20,20250410,19000.03,0.1988686890816349,47.0,False
T4_c1_100,0050,TP10,20221014,13128.12,0.10384383902054029,21.0,False
T4_c1_100,0050,TP10,20250410,19000.03,0.10163882790909318,15.0,False
T4_c1_100,0050,TP20,20221014,13128.12,0.22410330912143706,67.0,False
T4_c1_100,0050,TP20,20250410,19000.03,1.210286297124826,250.0,False
T4_c1_100,2330,H20,20221014,13128.12,0.1161901139736139,20.0,False
T4_c1_100,2330,H20,20250410,19000.03,0.1161901139736139,20.0,False
T4_c1_100,2330,H60,20221014,13128.12,0.21242427576235978,60.0,False
T4_c1_100,2330,H60,20250410,19000.03,0.2572354110926809,60.0,False
T4_c1_100,2330,H120,20221014,13128.12,0.3042631095385977,120.0,False
T4_c1_100,2330,H120,20250410,19000.03,0.5630968668091343,120.0,False
T4_c1_100,2330,S10,20221014,13128.12,0.3556876029024052,250.0,False
T4_c1_100,2330,S10,20250410,19000.03,1.428446083290003,250.0,False
T4_c1_100,2330,S15,20221014,13128.12,0.3556876029024052,250.0,False
T4_c1_100,2330,S15,20250410,19000.03,1.428446083290003,250.0,False
T4_c1_100,2330,S20,20221014,13128.12,0.3556876029024052,250.0,False
T4_c1_100,2330,S20,20250410,19000.03,1.428446083290003,250.0,False
T4_c1_100,2330,TP10,20221014,13128.12,0.1161901139736139,20.0,False
T4_c1_100,2330,TP10,20250410,19000.03,0.11853013517691302,15.0,False
T4_c1_100,2330,TP20,20221014,13128.12,0.21912764670673646,22.0,False
T4_c1_100,2330,TP20,20250410,19000.03,0.24606129075670768,41.0,False
T4_c1_100,2454,H20,20221014,13128.12,0.23147735579248496,20.0,False
T4_c1_100,2454,H20,20250410,19000.03,0.023174271142479608,20.0,False
T4_c1_100,2454,H60,20221014,13128.12,0.19479505157738974,60.0,False
T4_c1_100,2454,H60,20250410,19000.03,0.011707842036082772,60.0,False
T4_c1_100,2454,H120,20221014,13128.12,0.18082084044782976,120.0,False
T4_c1_100,2454,H120,20250410,19000.03,0.03146776082584979,120.0,False
T4_c1_100,2454,S10,20221014,13128.12,0.6632797947724991,250.0,False
T4_c1_100,2454,S10,20250410,19000.03,-0.08709175191275342,155.0,False
T4_c1_100,2454,S15,20221014,13128.12,0.6632797947724991,250.0,False
T4_c1_100,2454,S15,20250410,19000.03,0.7081234611582214,250.0,False
T4_c1_100,2454,S20,20221014,13128.12,0.6632797947724991,250.0,False
T4_c1_100,2454,S20,20250410,19000.03,0.7081234611582214,250.0,False
T4_c1_100,2454,TP10,20221014,13128.12,0.13191110149436924,18.0,False
T4_c1_100,2454,TP10,20250410,19000.03,0.11445941974287255,64.0,False
T4_c1_100,2454,TP20,20221014,13128.12,0.23147735579248496,20.0,False
T4_c1_100,2454,TP20,20250410,19000.03,0.40195038793174787,198.0,False
T4_c1_100,TOP10,H20,20221014,13128.12,0.1491454837552134,20.0,False
T4_c1_100,TOP10,H20,20250410,19000.03,0.2349805239761163,20.0,False
T4_c1_100,TOP10,H60,20221014,13128.12,0.17448086164378812,60.0,False
T4_c1_100,TOP10,H60,20250410,19000.03,0.34897500025675804,60.0,False
T4_c1_100,TOP10,H120,20221014,13128.12,0.3018335325102403,120.0,False
T4_c1_100,TOP10,H120,20250410,19000.03,0.6782230437408803,120.0,False
T4_c1_100,TOP10,S10,20221014,13128.12,0.3743093296620062,168.9,False
T4_c1_100,TOP10,S10,20250410,19000.03,2.054810849860261,240.5,False
T4_c1_100,TOP10,S15,20221014,13128.12,0.6981344882625,212.2,False
T4_c1_100,TOP10,S15,20250410,19000.03,2.1343323711673587,250.0,False
T4_c1_100,TOP10,S20,20221014,13128.12,0.683118814494969,216.8,False
T4_c1_100,TOP10,S20,20250410,19000.03,2.1343323711673587,250.0,False
T4_c1_100,TOP10,TP10,20221014,13128.12,0.12199998832952644,35.7,False
T4_c1_100,TOP10,TP10,20250410,19000.03,0.16389041831820284,9.3,False
T4_c1_100,TOP10,TP20,20221014,13128.12,0.15848779143235792,69.3,False
T4_c1_100,TOP10,TP20,20250410,19000.03,0.24165469329464004,30.5,False
